ts,open,high,low,close,volume,amount,ma20,ma60,ma240,macd,signal,hist
2025-03-07 09:10:00,22.0,22.0,22.0,22.0,6000,132000.0,,,,0.0,0.0,0.0
2025-03-07 09:20:00,21.7,21.7,21.7,21.7,3000,65100.0,,,,-0.0067307692307672085,-0.003739316239315116,-0.0029914529914520926
2025-03-07 09:55:00,22.35,22.35,22.35,22.35,3,67.05000000000001,,,,0.011580125137019337,0.002539143341149823,0.009040981795869514
2025-03-07 10:15:00,22.35,22.35,22.35,22.35,1000,22350.0,,,,0.019624479389097615,0.00832685880454677,0.011297620584550845
2025-03-07 10:16:00,22.35,22.35,22.3,22.3,3000,66950.0,,,,0.02159290140471981,0.012273206555669164,0.009319694849050647
2025-03-07 11:44:00,22.5,22.5,22.5,22.5,1,22.5,,,,0.03092243232881131,0.017328183617085522,0.01359424871172579
2025-03-07 11:46:00,22.5,22.5,22.5,22.5,1,22.5,,,,0.03637292326471453,0.02214789915447888,0.01422502411023565
2025-03-10 09:01:00,22.5,22.5,22.5,22.5,2,45.0,,,,0.03944281649193471,0.02630419302166213,0.013138623470272576
2025-03-10 09:37:00,22.5,22.5,22.5,22.5,50,1125.0,,,,0.040968520546169174,0.029691725429927256,0.011276795116241918
2025-03-10 10:25:00,22.5,22.5,22.5,22.5,2000,45000.0,,,,0.0414547685960045,0.03232732994284724,0.009127438653157259
2025-03-10 10:33:00,22.0,22.5,22.0,22.5,3001,66022.5,,,,0.041224770072226136,0.03427403900375121,0.006950731068474929
2025-03-10 11:01:00,21.9,21.9,21.9,21.9,2000,43800.0,,,,0.007536715387679749,0.02853198321107531,-0.02099526782339556
2025-03-10 12:22:00,22.5,22.5,22.5,22.5,1,22.5,,,,0.016345665879551774,0.02595293507400549,-0.009607269194453715
2025-03-10 12:48:00,22.5,22.5,22.5,22.5,1,22.5,,,,0.022726986598101462,0.02527806424591541,-0.002551077647813947
2025-03-11 09:01:00,22.5,22.5,22.5,22.5,1,22.5,,,,0.02724948629996149,0.0256867272063847,0.001562759093576789
2025-03-11 09:04:00,21.9,21.9,21.9,21.9,1000,21900.0,,,,-0.006051167093399812,0.01915530515957652,-0.02520647225297633
2025-03-11 09:06:00,21.9,21.9,21.9,21.9,2000,43800.0,,,,-0.03137246295288065,0.008816952531876412,-0.04018941548475707
2025-03-11 09:32:00,22.3,22.3,22.3,22.3,3,66.9,,,,-0.02515940188260757,0.0018970232858849072,-0.027056425168492475
2025-03-11 09:37:00,21.4,21.4,21.4,21.4,2000,42800.0,,,,-0.07781251620600216,-0.01427799113706177,-0.06353452506894039
2025-03-11 09:41:00,21.4,21.4,21.4,21.4,1000,21400.0,22.2,,,-0.11745577486602343,-0.03515423458289519,-0.08230154028312825
2025-03-11 09:45:00,21.6,21.6,21.6,21.6,3000,64800.0,22.18,,,-0.1334456225816112,-0.05499551570006991,-0.07845010688154128
2025-03-11 09:55:00,21.2,21.2,21.2,21.2,3000,63600.0,22.155,,,-0.17106559183926606,-0.07838209341344456,-0.0926834984258215
2025-03-11 09:59:00,21.8,21.8,21.8,21.8,3000,65400.0,22.1275,,,-0.15745086622752424,-0.09428975020784408,-0.06316111601968016
2025-03-11 10:00:00,22.05,22.05,22.05,22.05,50,1102.5,22.1125,,,-0.1278314571185284,-0.10102992114731431,-0.026801535971214083
2025-03-11 10:02:00,22.05,22.05,22.05,22.05,1,22.05,22.1,,,-0.10329526276009915,-0.10148470760452921,-0.0018105551555699373
2025-03-11 11:14:00,22.05,22.05,22.05,22.05,2,44.1,22.0775,,,-0.08298453842279585,-0.09777345720209615,0.014788918779300303
2025-03-11 11:15:00,22.05,22.05,22.05,22.05,1,22.05,22.055,,,-0.06618993006993179,-0.09144144190209053,0.025251511832158735
2025-03-11 12:07:00,22.0,22.0,21.6,21.6,5000,109200.0,22.009999999999998,,,-0.08450029281176796,-0.09005052165298254,0.0055502288412145745
2025-03-11 13:04:00,22.05,22.05,22.05,22.05,603,13296.15,21.9875,,,-0.06536500266154022,-0.0851057662162696,0.019740763554729382
2025-03-11 13:05:00,22.05,22.05,22.05,22.05,2000,44100.0,21.965,,,-0.04966815684734982,-0.07800945954032044,0.028341302692970624
2025-03-11 13:06:00,21.5,21.5,21.5,21.5,3000,64500.0,21.915,,,-0.07705847982307645,-0.07781907504920411,0.0007605952261276611
2025-03-11 13:07:00,22.1,22.1,22.1,22.1,1,22.1,21.925,,,-0.05340215203850107,-0.07293181836339398,0.019529666324892905
2025-03-11 13:10:00,21.4,21.4,21.4,21.4,3000,64200.0,21.869999999999997,,,-0.08613096711084722,-0.07557332236495116,-0.010557644745896058
2025-03-11 13:11:00,21.65,21.65,21.65,21.65,1000,21650.0,21.827499999999997,,,-0.0921106286806328,-0.07888246156100273,-0.013228167119630069
2025-03-11 14:10:00,22.0,22.0,22.0,22.0,1,22.0,21.8025,,,-0.06952985724740657,-0.07701118161695734,0.007481324369550776
2025-03-12 09:37:00,22.0,22.0,22.0,22.0,2,44.0,21.807499999999997,,,-0.051066147244146265,-0.07182049026674568,0.020754343022599417
2025-03-12 10:48:00,22.0,22.0,22.0,22.0,50,1100.0,21.8125,,,-0.036033239880868706,-0.0646611815267563,0.028627941645887597
2025-03-12 13:33:00,22.0,22.0,22.0,22.0,1000,22000.0,21.7975,,,-0.023855810094065788,-0.05649841189929446,0.03264260180522867
2025-03-13 09:46:00,22.1,22.1,22.1,22.1,3,66.30000000000001,21.8325,,,-0.006439081886686182,-0.046484882113756856,0.040045800227070674
2025-03-14 11:39:00,21.35,21.35,21.35,21.35,1000,21350.0,21.830000000000002,,,-0.05002609018839621,-0.047193217882658164,-0.002832872305738046
2025-03-17 09:24:00,22.1,22.1,22.1,22.1,4,88.4,21.854999999999997,,,-0.02609358347031332,-0.04297284221286976,0.01687925874255644
2025-03-17 09:25:00,22.1,22.1,22.1,22.1,1,22.1,21.9,,,-0.0070583841641749245,-0.03578933949830417,0.028730955334129248
2025-03-17 10:26:00,21.35,21.35,21.35,21.35,3000,64050.0,21.8775,,,-0.049883871932784984,-0.0386084378430918,-0.011275434089693184
2025-03-17 10:36:00,21.8,21.8,21.8,21.8,1,21.8,21.865000000000002,,,-0.04806976647363115,-0.04050080659955479,-0.00756895987407636
2025-03-17 10:37:00,21.8,21.8,21.8,21.8,2,43.6,21.8525,,,-0.046098820916604666,-0.04162045823067129,-0.004478362685933379
2025-03-17 11:50:00,21.5,21.5,21.35,21.35,5000,107200.0,21.817500000000003,,,-0.07896123596425397,-0.049088874013696285,-0.029872361950557688
2025-03-17 12:08:00,21.5,21.5,21.35,21.35,3000,64350.0,21.7825,,,-0.10379307590595133,-0.06003001938676623,-0.0437630565191851
2025-03-17 12:20:00,21.8,21.8,21.8,21.8,2,43.6,21.7925,,,-0.08698294154428154,-0.06542072403500009,-0.02156221750928146
2025-03-17 15:00:00,21.8,21.8,21.8,21.8,30,654.0,21.78,,,-0.07282272738790496,-0.06690115111728279,-0.005921576270622175
2025-03-18 09:47:00,21.8,21.8,21.8,21.8,1,21.8,21.767500000000002,,,-0.060899666379537365,-0.0657008370382787,0.004801170658741333
2025-03-18 12:19:00,21.0,21.0,21.0,21.0,1498,31458.0,21.7425,,,-0.11351374218926935,-0.07526352725509722,-0.03825021493417213
2025-03-18 13:55:00,21.8,21.8,21.8,21.8,1,21.8,21.7275,,,-0.0906921700044272,-0.07834928399145398,-0.012342886012973217
2025-03-19 10:04:00,21.8,21.8,21.8,21.8,2,43.6,21.747500000000002,,,-0.07178030553307835,-0.07703547869913592,0.005255173166057572
2025-03-19 13:10:00,21.8,21.8,21.8,21.8,2000,43600.0,21.755000000000003,,,-0.056146736089406346,-0.072857705753902,0.01671096966449566
2025-03-19 14:44:00,21.95,21.95,21.95,21.95,1,21.95,21.752500000000005,,,-0.031454931683249754,-0.0645771122130483,0.03312218052979854
2025-03-20 09:03:00,21.95,21.95,21.95,21.95,2,43.9,21.750000000000004,,,-0.011753955773876612,-0.054012441398087696,0.042258485624211084
2025-03-20 09:26:00,21.0,21.0,21.0,21.0,1000,21000.0,21.700000000000003,,,-0.07109486198245563,-0.057428935741059624,-0.013665926241396002
2025-03-20 09:28:00,21.95,21.95,21.95,21.95,1,21.95,21.6975,,,-0.04179565503013549,-0.054302272112002815,0.012506617081867323
2025-03-20 09:51:00,21.95,21.95,21.95,21.95,1000,21950.0,21.69,,,-0.018366677482447358,-0.04711513941828072,0.028748461935833365
2025-03-20 10:49:00,22.1,22.1,22.1,22.1,2,44.2,21.7275,21.91916666666667,,0.01205256227346041,-0.0352815809450569,0.04733414321851731
2025-03-20 11:49:00,21.0,21.0,21.0,21.0,500,10500.0,21.672500000000003,21.9025,,-0.051258794662629725,-0.038477027606177674,-0.01278176705645205
2025-03-20 12:10:00,22.1,22.1,22.1,22.1,2,44.2,21.6725,21.909166666666668,,-0.013212441835765532,-0.03342410549620366,0.020211663660438126
2025-03-21 10:06:00,21.0,21.0,21.0,21.0,1000,21000.0,21.654999999999998,21.886666666666667,,-0.07036633623233612,-0.04081255744068821,-0.029553778791647917
2025-03-21 10:27:00,22.1,22.1,22.1,22.1,1,22.1,21.67,21.882499999999997,,-0.02718072601695809,-0.03808618944457326,0.01090546342761517
2025-03-21 10:28:00,22.1,22.1,22.1,22.1,1,22.1,21.685000000000002,21.879166666666666,,0.006961293317363726,-0.029076688367901476,0.0360379816852652
2025-03-24 09:01:00,22.1,22.1,22.1,22.1,4,88.4,21.7225,21.8725,,0.033629206301235115,-0.016535504395847753,0.050164710697082865
2025-03-24 09:12:00,22.1,22.1,22.1,22.1,1000,22100.0,21.76,21.865833333333335,,0.05413777070364034,-0.0024008448332456978,0.05653861553688604
2025-03-25 09:01:00,22.1,22.1,22.1,22.1,1,22.1,21.775,21.859166666666667,,0.06958720259623163,0.011996768354421348,0.05759043424181029
2025-03-25 11:51:00,22.1,22.1,22.1,22.1,1,22.1,21.79,21.852500000000003,,0.08089710233144842,0.025776837984222686,0.055120264347225736
2025-03-25 11:52:00,22.1,22.1,22.1,22.1,1,22.1,21.805,21.845833333333335,,0.08883509078182428,0.0383884906189962,0.05044660016282808
2025-03-26 09:38:00,22.1,22.1,22.1,22.1,2,44.2,21.86,21.839166666666664,,0.09404097539199441,0.04951898903881871,0.044521986353175697
2025-03-26 10:14:00,21.0,21.0,21.0,21.0,4000,84000.0,21.82,21.824166666666667,,0.009617655327019747,0.041538721456038645,-0.0319210661290189
2025-03-26 10:36:00,21.0,21.0,21.0,21.0,2000,42000.0,21.78,21.799166666666668,,-0.0566326487272697,0.021904445765192522,-0.07853709449246221
2025-03-26 10:47:00,21.5,21.5,21.5,21.5,1,21.5,21.765,21.782500000000002,,-0.06812886489232994,0.003897782420041325,-0.07202664731237127
2025-03-26 10:48:00,21.5,21.5,21.5,21.5,1,21.5,21.7425,21.765833333333333,,-0.07635876521544915,-0.012153527972541708,-0.06420523724290744
2025-03-26 13:40:00,21.5,21.5,21.5,21.5,10,215.0,21.72,21.759166666666665,,-0.08193590169085851,-0.026110003318230393,-0.05582589837262812
2025-03-27 09:06:00,21.5,21.5,21.5,21.5,1,21.5,21.744999999999997,21.752499999999998,,-0.08537119281674066,-0.037962241626938155,-0.047408951189802505
2025-03-27 09:07:00,21.5,21.5,21.5,21.5,1,21.5,21.7225,21.739166666666666,,-0.08708932626577948,-0.047787658825956564,-0.03930166743982291
2025-03-27 11:10:00,20.45,21.2,20.45,21.0,7000,145000.0,21.675,21.7325,,-0.12724382660540812,-0.06367889273281412,-0.063564933872594
2025-03-27 12:48:00,20.95,20.95,20.95,20.95,3,62.85,21.6175,21.725,,-0.161233306037051,-0.08318977573838895,-0.07804353029866204
2025-03-27 14:50:00,21.25,21.25,21.25,21.25,3000,63750.0,21.630000000000003,21.71916666666667,,-0.16213663998160754,-0.09897914881021191,-0.06315749117139563
2025-03-27 14:53:00,21.4,21.4,21.4,21.4,1000,21400.0,21.595000000000002,21.722500000000004,,-0.1490505316215831,-0.1089934254857258,-0.04005710613585731
2025-03-28 09:40:00,20.75,20.75,20.75,20.75,2000,41500.0,21.582500000000003,21.705000000000002,,-0.18886990677314586,-0.12496872188772645,-0.0639011848854194
2025-03-28 13:44:00,20.7,20.7,20.7,20.7,1000,20700.0,21.5125,21.6825,,-0.2218967947609478,-0.1443543366026645,-0.07754245815828331
2025-03-31 10:46:00,20.7,20.7,20.7,20.7,1000,20700.0,21.4425,21.66,,-0.24524281924761837,-0.16453203324847615,-0.08071078599914222
2025-03-31 12:05:00,20.7,20.7,20.7,20.7,2000,41400.0,21.3725,21.6375,,-0.2607382144908179,-0.1837732695860638,-0.07696494490475411
2025-03-31 13:09:00,20.7,20.7,20.7,20.7,101,2090.7,21.302500000000002,21.615000000000002,,-0.2699063695500783,-0.20099988964269727,-0.06890647990738102
2025-03-31 13:41:00,20.05,20.05,20.05,20.05,1,20.05,21.2,21.589166666666664,,-0.32580962277248204,-0.22596183634264838,-0.09984778642983366
2025-04-01 13:24:00,20.05,20.05,20.05,20.05,1000,20050.0,21.0975,21.555833333333332,,-0.3658943798158347,-0.25394834510365344,-0.11194603471218129
2025-04-01 13:32:00,21.0,21.0,20.7,20.9,5000,104600.0,21.0375,21.53666666666667,,-0.3253846363709201,-0.26823560338421165,-0.057149032986708426
2025-04-02 10:42:00,20.5,20.5,20.5,20.5,1000,20500.0,20.957500000000003,21.52,,-0.3218198859206929,-0.278952459907773,-0.042867426012919874
2025-04-02 10:57:00,20.5,20.5,20.5,20.5,1000,20500.0,20.9325,21.493333333333336,,-0.31535909022707287,-0.2862337859804738,-0.029125304246599093
2025-04-02 13:36:00,21.1,21.1,21.1,21.1,1,21.1,20.9375,21.488333333333333,,-0.2588743919864527,-0.2807619071763545,0.02188751518990184
2025-04-07 09:01:00,19.3,19.3,19.3,19.3,2000,38600.0,20.8275,21.449166666666667,,-0.3551634610852865,-0.2956422179697039,-0.0595212431155826
2025-04-07 09:07:00,19.3,19.3,19.3,19.3,5000,96500.0,20.7175,21.404166666666665,,-0.42655514846162745,-0.32182480408436515,-0.10473034437726231
2025-04-07 09:10:00,19.3,19.3,19.3,19.3,200,3860.0,20.6075,21.359166666666667,,-0.4776269057095881,-0.35298522442490654,-0.12464168128468156
2025-04-07 09:12:00,19.3,19.3,19.3,19.3,2100,40530.0,20.497500000000002,21.314166666666665,,-0.5121966004388732,-0.3848274996403686,-0.12736910079850455
2025-04-07 09:15:00,18.8,19.0,18.8,19.0,6000,113000.0,20.372500000000002,21.264166666666664,,-0.5573633173656525,-0.4193346631964086,-0.13802865416924387
2025-04-07 09:30:00,18.75,18.75,18.75,18.75,3000,56250.0,20.26,21.208333333333332,,-0.6063318719636612,-0.45673410495938216,-0.14959776700427907
2025-04-07 09:44:00,18.75,18.75,18.05,18.05,7000,127750.0,20.115,21.153333333333332,,-0.693603977238002,-0.5041080794247563,-0.18949589781324572
2025-04-07 09:45:00,18.05,18.05,18.05,18.05,3000,54150.0,19.955,21.085833333333333,,-0.7540743878474707,-0.5541013411174462,-0.19997304673002447
2025-04-07 10:02:00,17.6,17.6,17.6,17.6,2000,35200.0,19.765,21.010833333333334,,-0.8287417621110791,-0.6090294253233338,-0.21971233678774527
2025-04-07 10:20:00,17.6,17.65,17.6,17.65,4000,70450.0,19.61,20.949166666666667,,-0.8738094529222984,-0.6619854308486498,-0.2118240220736486
2025-04-07 11:07:00,17.65,17.65,17.5,17.5,8000,140450.0,19.45,20.8775,,-0.9111224075860136,-0.7118128262002801,-0.19930958138573351
2025-04-07 11:08:00,17.65,17.65,17.5,17.5,8000,140450.0,19.29,20.805833333333336,,-0.9299724474023563,-0.7554447504436078,-0.17452769695874848
2025-04-07 11:09:00,17.6,17.6,17.5,17.5,4000,70200.0,19.130000000000003,20.74166666666667,,-0.9341425102346008,-0.7911843024037148,-0.14295820783088597
2025-04-07 11:54:00,17.4,17.4,17.4,17.4,2000,34800.0,18.964999999999996,20.675833333333333,,-0.934738960225836,-0.8198952339693656,-0.11484372625647044
2025-04-08 09:57:00,17.8,17.8,17.8,17.8,1,17.8,18.8525,20.609166666666667,,-0.892652017616328,-0.8344465906992553,-0.058205426917072645
2025-04-08 10:04:00,17.8,17.8,17.8,17.8,2000,35600.0,18.740000000000002,20.542500000000004,,-0.849504985715356,-0.8374582697025578,-0.012046716012798275
2025-04-09 09:11:00,17.1,17.1,17.1,17.1,3000,51300.0,18.55,20.464166666666667,,-0.8618486769901317,-0.8423363511601791,-0.019512325829952548
2025-04-09 09:24:00,17.1,17.1,17.1,17.1,1000,17100.0,18.38,20.399166666666666,,-0.8616977103573866,-0.8462086229996882,-0.015489087357698383
2025-04-09 09:36:00,17.1,17.15,16.95,17.05,4000,68250.0,18.2075,20.32,,-0.8557471821431619,-0.8481163348284098,-0.007630847314752165
2025-04-09 10:03:00,17.4,17.4,17.4,17.4,1,17.4,18.0225,20.246666666666666,,-0.8134168516676787,-0.8411764381961858,0.027759586528507074
2025-04-09 10:29:00,16.95,16.95,16.95,16.95,1000,16950.0,17.905,20.165833333333335,,-0.8068744766633245,-0.8343160458895521,0.027441569226227647
2025-04-09 10:32:00,16.95,16.95,16.95,16.95,2000,33900.0,17.7875,20.0825,,-0.7925533430813587,-0.8259635053278535,0.033410162246494735
2025-04-09 10:54:00,17.4,17.4,17.4,17.4,1,17.4,17.6925,20.006666666666664,,-0.7364079589871757,-0.8080523960596152,0.0716444370724395
2025-04-09 11:37:00,16.95,16.95,16.95,16.95,1000,16950.0,17.575,19.939166666666665,,-0.7199205463456657,-0.7904260261167445,0.0705054797710788
2025-04-09 11:42:00,16.55,16.55,16.55,16.55,1,16.55,17.452499999999997,19.84916666666667,,-0.7307041725994488,-0.7784816554132417,0.047777482813792904
2025-04-09 12:02:00,16.55,16.55,16.55,16.55,1000,16550.0,17.342499999999998,19.75916666666667,,-0.7308256260347221,-0.7689504495375098,0.038124823502787675
2025-04-09 12:11:00,17.05,17.05,17.05,17.05,1,17.05,17.2925,19.675,,-0.6827097342863233,-0.7517023064872319,0.0689925722009086
2025-04-09 12:12:00,17.05,17.05,17.05,17.05,1,17.05,17.2425,19.609166666666667,,-0.6372318652935327,-0.7288082182484491,0.0915763529549164
2025-04-09 13:14:00,17.05,17.05,17.05,17.05,1000,17050.0,17.215,19.525,,-0.5943390988426707,-0.701914394367253,0.10757529552458234
2025-04-10 09:13:00,17.75,18.4,17.75,18.4,2001,36817.75,17.2525,19.48166666666667,,-0.44627594714976127,-0.6507867049236932,0.2045107577739319
2025-04-10 09:14:00,18.4,18.4,17.75,18.4,5001,90717.75,17.2975,19.42,,-0.3251863331443303,-0.5856666305677579,0.2604802974234276
2025-04-10 09:15:00,17.75,17.75,17.75,17.75,2000,35500.0,17.31,19.3475,,-0.2784584205297911,-0.5242249885601172,0.24576656803032615
2025-04-10 09:35:00,18.4,18.4,18.4,18.4,1,18.4,17.355,19.285833333333336,,-0.18682602252410874,-0.456745195352874,0.26991917282876526
2025-04-10 13:28:00,18.4,18.4,18.4,18.4,1,18.4,17.405,19.22416666666667,,-0.11290521737158343,-0.387977199756582,0.2750719823849986
2025-04-11 09:01:00,18.3,18.3,18.3,18.3,1,18.3,17.43,19.160833333333336,,-0.06168023183912652,-0.32271780617306517,0.26103757433393865
2025-04-11 09:43:00,18.3,18.3,18.3,18.3,1,18.3,17.455000000000002,19.0975,,-0.020843806068064907,-0.2623430061520461,0.24149920008398118
2025-04-11 10:45:00,17.5,17.5,17.5,17.5,5000,87500.0,17.475,19.020833333333332,,-0.05242692164614127,-0.2203597892508546,0.16793286760471332
2025-04-11 10:46:00,17.4,17.55,17.4,17.55,6000,104550.0,17.497500000000002,18.945,,-0.07258560469196595,-0.1908049523390709,0.11821934764710496
2025-04-11 10:48:00,17.1,17.1,17.1,17.1,5000,85500.0,17.5,18.880000000000003,,-0.12344839086276238,-0.17733364004380706,0.053885249181044675
2025-04-11 11:13:00,16.65,17.1,16.55,16.55,11000,183100.0,17.4575,18.805833333333336,,-0.20576449066610536,-0.18301981016826746,-0.0227446804978379
2025-04-11 11:16:00,16.35,16.35,16.35,16.35,1000,16350.0,17.427500000000002,18.720000000000002,,-0.2838661532454836,-0.20318907878371276,-0.08067707446177083
2025-04-11 11:17:00,16.7,16.7,16.7,16.7,1,16.7,17.415,18.64,,-0.31390250398258246,-0.22533176382348852,-0.08857074015909394
2025-04-11 11:25:00,16.05,16.05,16.05,16.05,5000,80250.0,17.347500000000004,18.549166666666668,,-0.3857084784690272,-0.25740710675259837,-0.12830137171642886
2025-04-11 11:38:00,16.3,16.3,16.3,16.3,1,16.3,17.314999999999998,18.4625,,-0.4176286150797317,-0.2894514084180267,-0.128177206661705
2025-04-11 11:58:00,16.3,16.3,16.3,16.3,3000,48900.0,17.302500000000002,18.375833333333336,,-0.43787794368159894,-0.31913671547074235,-0.11874122821085659
2025-04-11 12:19:00,15.9,16.1,15.9,16.1,9000,143900.0,17.28,18.29416666666667,,-0.464706799961899,-0.34825073236897464,-0.11645606759292437
2025-04-11 14:06:00,16.1,16.1,16.1,16.1,125,2012.5,17.232499999999998,18.21333333333333,,-0.4804307330613682,-0.37468673250745405,-0.10574400055391414
2025-04-11 14:58:00,16.1,16.1,16.1,16.1,10,161.0,17.185,18.1275,,-0.4872750408041959,-0.3972043941668029,-0.090070646637393
2025-04-14 09:01:00,15.5,15.5,15.5,15.5,1,15.5,17.107499999999998,18.029166666666665,,-0.5349468325208306,-0.4247528818376089,-0.11019395068322174
2025-04-14 09:06:00,15.5,15.5,15.5,15.5,4000,62000.0,16.9625,17.941666666666666,,-0.5662002438377272,-0.45304235423763295,-0.11315788960009421
2025-04-14 09:20:00,15.8,15.8,15.8,15.8,5,79.0,16.832500000000003,17.86,,-0.5603028086033213,-0.47449444511077077,-0.0858083634925505
2025-04-14 09:22:00,15.3,15.35,15.3,15.35,6000,91850.0,16.7125,17.770833333333332,,-0.5851940419253374,-0.49663436447368425,-0.08855967745165316
2025-04-14 09:23:00,15.05,15.1,15.05,15.05,7000,105400.0,16.544999999999998,17.67666666666667,,-0.6219581569470947,-0.5216991229683665,-0.10025903397872815
2025-04-14 09:24:00,14.65,14.65,14.65,14.65,1000,14650.0,16.3575,17.575833333333332,,-0.6755825612937496,-0.5524758106334433,-0.1231067506603063
2025-04-14 09:38:00,14.65,14.65,14.65,14.65,1000,14650.0,16.175,17.485833333333336,,-0.7098970180023816,-0.583960052107231,-0.12593696589515058
2025-04-14 09:41:00,15.4,15.4,15.4,15.4,1,15.4,16.03,17.408333333333335,,-0.6688630748441078,-0.6009406566546064,-0.0679224181895014
2025-04-14 10:37:00,15.4,15.4,15.4,15.4,3000,46200.0,15.925,17.316666666666666,,-0.6290915954438194,-0.606570844412449,-0.022520751031370412
2025-04-14 10:38:00,15.4,15.4,15.4,15.4,500,7700.0,15.8175,17.23166666666667,,-0.5907624631152739,-0.6034091681530139,0.012646705037740014
2025-04-14 10:39:00,15.4,15.4,15.4,15.4,1000,15400.0,15.732500000000002,17.146666666666665,,-0.554000174924143,-0.5935273695072398,0.039527194583096836
2025-04-14 10:53:00,15.4,15.4,15.4,15.4,500,7700.0,15.675,17.051666666666666,,-0.5188844154035337,-0.5785987786864987,0.05971436328296498
2025-04-14 10:57:00,15.0,15.0,15.0,15.0,1,15.0,15.607499999999998,16.98,,-0.517367472302718,-0.5663525174097425,0.048985045107024505
2025-04-14 11:57:00,15.35,15.35,15.35,15.35,1,15.35,15.540000000000001,16.914166666666667,,-0.48236299581649256,-0.5495546130910924,0.06719161727459988
2025-04-14 14:05:00,15.35,15.35,15.3,15.3,804,12307.65,15.502500000000001,16.8475,,-0.45342940029068046,-0.53032957053101,0.07690017024032958
2025-04-15 09:21:00,15.35,15.35,15.35,15.35,1001,15365.35,15.455000000000002,16.78166666666667,,-0.42160475634004335,-0.5085846076928167,0.08697985135277331
2025-04-15 12:48:00,14.65,14.65,14.65,14.65,3000,43950.0,15.372500000000002,16.70916666666667,,-0.4477064879648047,-0.49640898374721426,0.04870249578240954
2025-04-15 12:50:00,14.65,14.65,14.65,14.65,1000,14650.0,15.3,16.640833333333333,,-0.46305448941357064,-0.4897380848804856,0.026683595466914956
2025-04-15 12:51:00,14.65,14.75,14.65,14.75,2200,32430.0,15.232500000000002,16.585833333333333,,-0.46182512367229833,-0.48415549263884816,0.02233036896654983
2025-04-16 11:20:00,14.5,14.5,14.5,14.5,2000,29000.0,15.1525,16.526666666666667,,-0.47554192071044277,-0.48243277825316716,0.0068908575427243934
2025-04-17 13:44:00,14.5,14.5,14.5,14.5,1,14.5,15.102500000000001,16.475,,-0.4808694142093426,-0.48212010544440226,0.0012506912350596644
2025-04-18 11:38:00,14.45,14.5,14.45,14.5,3000,43450.0,15.0525,16.4225,,-0.47956337989047526,-0.4816087603336169,0.00204538044314162
2025-04-18 12:47:00,15.0,15.0,15.0,15.0,1000,15000.0,15.0125,16.380833333333335,,-0.43318910353067963,-0.4719248289730295,0.03873572544234988
2025-04-21 09:01:00,14.35,14.35,14.35,14.35,1,14.35,14.962500000000002,16.328333333333333,,-0.4437710568623956,-0.46629407455090277,0.022523017688507174
2025-04-21 12:01:00,14.35,14.35,14.35,14.35,2000,28700.0,14.9275,16.275833333333335,,-0.447004538567759,-0.4624361673542741,0.015431628786515106
2025-04-24 09:52:00,14.35,14.35,14.35,14.35,1000,14350.0,14.9125,16.225,,-0.4444438222635707,-0.45883769833613347,0.014393876072562761
2025-04-24 13:42:00,15.0,15.0,15.0,15.0,1,15.0,14.930000000000001,16.17833333333333,,-0.385520939319953,-0.4441743465328974,0.058653407212944375
2025-04-24 14:55:00,15.0,15.0,15.0,15.0,1000,15000.0,14.910000000000002,16.131666666666668,,-0.334962886185032,-0.42233205446332434,0.08736916827829233
2025-04-25 14:51:00,15.0,15.0,15.0,15.0,1,15.0,14.89,16.096666666666668,,-0.291534634821776,-0.3961725705350147,0.1046379357132387
2025-04-28 11:14:00,14.35,14.35,14.35,14.35,1000,14350.0,14.8375,16.050833333333333,,-0.30603907850784573,-0.37814587212958095,0.07210679362173522
2025-04-28 12:02:00,14.35,14.35,14.35,14.35,1000,14350.0,14.785,16.005833333333335,,-0.3139153328753821,-0.3652997642787412,0.05138443140335913
2025-04-28 13:39:00,15.0,15.0,15.0,15.0,2,30.0,14.765,15.965833333333334,,-0.26465703133881213,-0.3451712176907554,0.0805141863519433
2025-04-28 13:49:00,14.85,14.85,14.85,14.85,500,7425.0,14.757499999999999,15.930833333333334,,-0.23501410540353085,-0.32313979523331054,0.0881256898297797
2025-04-28 14:54:00,15.0,15.0,15.0,15.0,2,30.0,14.739999999999998,15.898333333333335,,-0.19714557094223295,-0.29794095037509505,0.1007953794328621
2025-04-28 14:57:00,15.0,15.0,15.0,15.0,10,150.0,14.725,15.858333333333333,,-0.16522981808813064,-0.2713987239177022,0.10616890582957156
2025-04-29 09:01:00,14.35,14.35,14.35,14.35,2,28.7,14.675,15.815000000000001,,-0.19019343117723686,-0.25515766536960915,0.0649642341923723
2025-04-29 09:53:00,14.35,14.35,14.35,14.35,4000,57400.0,14.66,15.778333333333332,,-0.2075843703565301,-0.24564300636699335,0.03805863601046325
2025-04-29 10:39:00,14.8,14.8,14.8,14.8,300,4440.0,14.6675,15.749166666666667,,-0.18294671443923072,-0.23310374798144085,0.05015703354221013
2025-04-29 10:46:00,14.8,14.8,14.8,14.8,200,2960.0,14.669999999999998,15.711666666666668,,-0.16155884474495252,-0.21879476733414321,0.05723592258919069
2025-04-29 10:49:00,14.4,14.4,14.3,14.3,4000,57400.0,14.66,15.665833333333333,,-0.18284684712979704,-0.21160518329327402,0.028758336163476977
2025-04-29 10:51:00,14.7,14.7,14.7,14.7,58,852.6,14.669999999999998,15.626666666666667,,-0.1655329488552848,-0.20239073640567617,0.036857787550391374
2025-04-29 10:54:00,14.7,14.7,14.7,14.7,102,1499.4,14.680000000000001,15.565000000000001,,-0.1500815133753015,-0.19192889179960126,0.04184737842429975
2025-04-29 10:55:00,14.7,14.7,14.7,14.7,200,2940.0,14.665000000000001,15.503333333333332,,-0.13626535714050547,-0.18079618486778212,0.04453082772727665
2025-04-29 14:46:00,14.1,14.1,14.1,14.1,1,14.1,14.652499999999998,15.442499999999999,,-0.17175107040649706,-0.17898716197552514,0.007236091569028075
2025-04-29 14:53:00,14.1,14.1,14.1,14.1,1,14.1,14.64,15.370833333333334,,-0.19759598986979654,-0.18270892755437945,-0.014887062315417088
2025-04-30 10:18:00,14.1,14.1,14.1,14.1,1,14.1,14.627499999999998,15.299166666666668,,-0.2155930519133058,-0.18928575242616474,-0.026307299487141056
2025-04-30 10:24:00,14.7,14.7,14.7,14.7,100,1470.0,14.6125,15.239166666666668,,-0.17937318830457372,-0.18730323960184656,0.007930051297272839
2025-05-02 12:15:00,14.7,14.7,14.7,14.7,100,1470.0,14.5975,15.179166666666667,,-0.14895166340477317,-0.1796329243624319,0.030681260957658718
2025-05-06 09:10:00,14.1,14.1,14.1,14.1,4000,56400.0,14.552499999999998,15.1225,,-0.17128290854399708,-0.17796292119874493,0.006680012654747852
2025-05-06 09:12:00,14.1,14.1,14.1,14.1,1000,14100.0,14.540000000000001,15.065000000000001,,-0.18682695613806466,-0.1797357281866089,-0.007091227951455753
2025-05-06 09:17:00,14.0,14.0,14.0,14.0,1000,14000.0,14.522499999999999,15.013333333333334,,-0.20485346384805325,-0.1847592753188978,-0.020094188529155455
2025-05-06 11:57:00,14.15,14.15,14.05,14.05,2006,28184.9,14.475,14.971666666666668,,-0.21265368082828928,-0.19033815642077612,-0.022315524407513165
2025-05-06 12:19:00,14.45,14.45,14.4,14.4,7000,101050.0,14.452499999999997,14.939166666666667,,-0.18842133860528243,-0.1899547928576774,0.0015334542523949835
2025-05-06 12:23:00,14.5,14.5,14.5,14.5,5000,72500.0,14.427499999999998,14.9025,,-0.15931142781779073,-0.1838261198497001,0.02451469203190937
2025-05-06 12:25:00,14.6,14.6,14.6,14.6,5000,73000.0,14.407499999999999,14.878333333333334,,-0.12671179691552048,-0.17240325526286418,0.0456914583473437
2025-05-06 12:46:00,14.7,14.7,14.7,14.7,300,4410.0,14.425,14.851666666666667,,-0.09174956044645377,-0.1562725162995821,0.06452295585312834
2025-05-06 12:47:00,14.7,14.7,14.7,14.7,300,4410.0,14.442499999999999,14.825,,-0.06331191584217954,-0.1376803962081016,0.07436848036592206
2025-05-06 13:12:00,14.5,14.5,14.5,14.5,1000,14500.0,14.427499999999998,14.798333333333334,,-0.056264619324968734,-0.12139724083147503,0.0651326215065063
2025-05-06 14:37:00,14.65,14.65,14.65,14.65,1,14.65,14.420000000000002,14.774166666666666,,-0.038136231245871954,-0.10474503891435442,0.06660880766848247
2025-05-07 11:43:00,14.65,14.65,14.65,14.65,1,14.65,14.4375,14.75,,-0.023498477286898023,-0.08849572658886314,0.06499724930196511
2025-05-08 09:39:00,14.05,14.1,14.05,14.1,7000,98450.0,14.407500000000002,14.726666666666665,,-0.05563699929446564,-0.08192398112998364,0.026286981835518003
2025-05-08 09:41:00,14.0,14.0,14.0,14.0,1000,14000.0,14.372500000000002,14.701666666666664,,-0.08815991982232596,-0.08317116886845212,-0.004988750953873841
2025-05-08 09:43:00,14.0,14.0,14.0,14.0,4000,56000.0,14.3375,14.671666666666665,,-0.11263616894284745,-0.0890641688833312,-0.02357200005951625
2025-05-08 09:55:00,14.4,14.4,14.4,14.4,500,7200.0,14.352500000000001,14.655833333333334,,-0.09862028653269128,-0.09097539241320322,-0.007644894119488058
2025-05-08 10:28:00,13.75,13.75,13.75,13.75,1,13.75,14.334999999999999,14.634166666666667,,-0.13836714974783249,-0.10045374388012908,-0.037913405867703406
2025-05-08 11:14:00,13.75,13.75,13.75,13.75,1,13.75,14.3175,14.619166666666668,,-0.16793102085637912,-0.1139491992753791,-0.053981821581000025
2025-05-08 12:48:00,14.35,14.35,14.35,14.35,100,1435.0,14.3,14.614166666666666,,-0.1413166111435924,-0.11942268164902177,-0.021893929494570627
2025-05-09 11:34:00,14.35,14.35,14.35,14.35,2,28.7,14.282499999999999,14.596666666666666,,-0.11885441993198853,-0.11930902930561513,0.0004546093736265966
2025-05-09 11:35:00,14.35,14.35,14.35,14.35,3,43.05,14.295000000000002,14.579166666666667,,-0.09990137075065775,-0.11542749759462367,0.015526126843965926
2025-05-09 12:39:00,14.35,14.35,14.35,14.35,1000,14350.0,14.3075,14.561666666666667,,-0.08391363853517042,-0.10912472578273304,0.025211087247562616
2025-05-09 12:51:00,14.35,14.35,14.35,14.35,400,5740.0,14.325,14.544166666666667,,-0.0704313567311825,-0.10138605197242294,0.030954695241240435
2025-05-12 12:41:00,14.35,14.35,14.35,14.35,1000,14350.0,14.34,14.526666666666666,,-0.05906567888830416,-0.09292197735559919,0.03385629846729503
2025-05-12 12:45:00,14.35,14.35,14.35,14.35,8,114.8,14.3375,14.515833333333331,,-0.04948783238631549,-0.08423514836174247,0.034747315975426976
2025-05-13 09:01:00,14.35,14.35,14.35,14.35,1,14.35,14.330000000000002,14.499166666666667,,-0.04141985769268075,-0.07567209022793013,0.03425223253524938
2025-05-13 09:08:00,14.35,14.35,14.35,14.35,1000,14350.0,14.317499999999999,14.483333333333333,,-0.03462677372854195,-0.06746302692805249,0.03283625319951054
2025-05-13 09:10:00,14.35,14.35,14.35,14.35,2000,28700.0,14.3,14.466666666666665,,-0.028909949839768245,-0.05975241151039564,0.030842461670627395
2025-05-13 09:19:00,14.35,14.35,14.35,14.35,1000,14350.0,14.282500000000002,14.461666666666666,,-0.024101498646910358,-0.052622228937698586,0.028520730290788228
2025-05-13 10:24:00,14.0,14.0,14.0,14.0,500,7000.0,14.257500000000002,14.450833333333332,,-0.0479797593070046,-0.05169373501155979,0.0037139757045551933
2025-05-13 10:38:00,14.4,14.4,14.4,14.4,100,1440.0,14.245,14.444999999999999,,-0.03423218979303222,-0.04820142596785428,0.013969236174822063
2025-05-14 09:18:00,14.4,14.4,14.4,14.4,1000,14400.0,14.232499999999998,14.443333333333333,,-0.023071191575123606,-0.04317537908930815,0.020104187514184545
2025-05-14 09:23:00,14.4,14.4,14.4,14.4,1000,14400.0,14.247499999999999,14.441666666666666,,-0.014063900192377687,-0.03735308330992206,0.023289183117544375
2025-05-14 09:25:00,14.4,14.4,14.4,14.4,1000,14400.0,14.267499999999998,14.44,,-0.00684663315457712,-0.03125179327885307,0.024405160124275953
2025-05-14 09:40:00,14.4,14.4,14.4,14.4,1000,14400.0,14.2875,14.43,,-0.0011140548999772903,-0.025224245603077913,0.024110190703100623
2025-05-14 10:13:00,14.4,14.4,14.4,14.4,1000,14400.0,14.2875,14.430833333333332,,0.0033899771201344464,-0.019501401058435442,0.02289137817856989
2025-05-14 13:12:00,14.7,14.7,14.7,14.7,3,44.099999999999994,14.334999999999999,14.436666666666666,,0.030811768227366088,-0.009438767201275134,0.040250535428641224
2025-05-14 13:13:00,14.7,14.7,14.7,14.7,1,14.7,14.382499999999999,14.4425,,0.051944946229456335,0.0028379754848711627,0.04910697074458517
2025-05-15 12:02:00,14.0,14.0,14.0,14.0,1,14.0,14.364999999999998,14.425833333333335,,0.012069859617447776,0.004684352311386486,0.0073855073060612895
2025-05-15 12:22:00,14.7,14.7,14.7,14.7,1,14.7,14.382500000000002,14.420833333333333,,0.0365316013335093,0.011053802115811051,0.02547779921769825
2025-05-15 13:39:00,14.7,14.7,14.7,14.7,1,14.7,14.4,14.415833333333333,,0.055280469038510915,0.019899135500351026,0.03538133353815989
2025-05-15 15:00:00,14.7,14.7,14.7,14.7,1000,14700.0,14.4175,14.421666666666665,,0.06933977599263308,0.029787263598807446,0.03955251239382564
2025-05-16 13:45:00,14.7,14.7,14.7,14.7,600,8820.0,14.434999999999999,14.4275,,0.07956470564177387,0.03974275200740074,0.03982195363437313
2025-05-19 09:24:00,14.6,14.6,14.6,14.6,2,29.2,14.4475,14.420833333333333,,0.07869176225714014,0.047532554057348624,0.031159208199791517
2025-05-19 09:25:00,14.6,14.6,14.6,14.6,1,14.6,14.459999999999999,14.416666666666666,,0.07711106003355361,0.05344825525258962,0.02366280478096399
2025-05-20 09:16:00,14.6,14.6,14.55,14.55,7000,102100.0,14.469999999999999,14.409166666666666,,0.07100525566309912,0.05695965533469153,0.014045600328407591
2025-05-20 09:18:00,14.0,14.0,14.0,14.0,500,7000.0,14.4525,14.3925,,0.02153768574927284,0.04987526141760779,-0.028337575668334954
2025-05-20 09:41:00,14.0,14.0,14.0,14.0,19,266.0,14.434999999999999,14.386666666666665,,-0.017464401052665224,0.03640732892355319,-0.05387172997621841
2025-05-20 09:53:00,14.6,14.6,14.6,14.6,2,29.2,14.4475,14.390833333333335,,4.068032097137575e-05,0.029133999203036824,-0.02909331888206545
2025-05-20 10:02:00,14.6,14.6,14.6,14.6,3,43.8,14.477499999999997,14.3875,,0.013755024069881827,0.02605820417640583,-0.012303180106524002
2025-05-20 10:50:00,14.6,14.6,14.6,14.6,300,4380.0,14.4875,14.384166666666665,17.9225,0.024343127870896097,0.025715188915303885,-0.0013720610444077873
2025-05-20 12:58:00,14.6,14.6,14.6,14.6,1000,14600.0,14.497500000000002,14.389166666666664,17.891666666666666,0.03236123622803433,0.027044398377849974,0.005316837850184355
2025-05-21 09:32:00,14.6,14.6,14.6,14.6,10,146.0,14.507499999999999,14.3875,17.862083333333334,0.038274440937215104,0.029290406889723,0.008984034047492102
2025-05-21 09:44:00,14.6,14.6,14.6,14.6,10,146.0,14.517500000000002,14.385833333333332,17.829791666666665,0.04247111766357392,0.03192654904449319,0.010544568619080728
2025-05-21 09:49:00,14.6,14.6,14.6,14.6,10,146.0,14.527499999999998,14.384166666666667,17.797500000000003,0.04527511090806868,0.03459626141720829,0.010678849490860391
2025-05-21 10:21:00,14.6,14.6,14.6,14.6,1,14.6,14.5375,14.3925,17.765416666666667,0.046956016031618475,0.03706821234009033,0.009887803691528148
2025-05-21 11:02:00,14.6,14.6,14.6,14.6,10,146.0,14.532499999999999,14.400833333333333,17.7325,0.04773785319584789,0.039202140511241844,0.008535712684606046
2025-05-21 11:14:00,14.6,14.6,14.6,14.6,1,14.6,14.5275,14.409166666666666,17.699583333333337,0.04780638256110592,0.04092298892121466,0.00688339363989126
2025-05-21 13:26:00,14.0,14.0,14.0,14.0,5,70.0,14.5275,14.3975,17.66416666666667,-0.0005479760564846003,0.03262879592567481,-0.03317677198215941
2025-05-21 13:50:00,14.6,14.6,14.6,14.6,1,14.6,14.522499999999999,14.395833333333334,17.63125,0.009437047336451343,0.027990446207830116,-0.018553398871378773
2025-05-21 13:57:00,14.1,14.1,14.1,14.1,1000,14100.0,14.492499999999998,14.395833333333334,17.59625,-0.02273351306007143,0.017845654354249806,-0.040579167414321236
2025-05-21 14:15:00,14.1,14.1,14.05,14.05,135,1898.5,14.459999999999999,14.395,17.561041666666668,-0.051667900669775335,0.003942943349444774,-0.05561084401922011
2025-05-21 14:18:00,14.0,14.0,14.0,14.0,4995,69930.0,14.425,14.395,17.528125,-0.07773708866007922,-0.01239306305246003,-0.06534402560761919
2025-05-22 10:04:00,14.25,14.25,14.25,14.25,100,1425.0,14.407499999999999,14.398333333333333,17.49375,-0.07733275351751523,-0.025381001145471076,-0.05195175237204415
2025-05-22 11:55:00,14.25,14.25,14.25,14.25,2000,28500.0,14.39,14.395833333333334,17.459375,-0.07613468178411864,-0.035531737273200595,-0.040602944510918046
2025-05-22 12:43:00,14.05,14.05,14.0,14.0,1546,21694.0,14.3625,14.3875,17.423958333333335,-0.0942714097800188,-0.04727967177456424,-0.04699173800545456
2025-05-22 13:04:00,14.25,14.25,14.25,14.25,1,14.25,14.375,14.381666666666666,17.392083333333336,-0.08746375900359205,-0.05531648922036981,-0.032147269783222236
2025-05-23 09:15:00,14.25,14.25,14.25,14.25,1,14.25,14.3875,14.374166666666666,17.360208333333336,-0.08113339148333765,-0.06047986967296338,-0.02065352181037427
2025-05-27 09:35:00,14.25,14.25,14.25,14.25,2000,28500.0,14.37,14.366666666666667,17.326666666666668,-0.07524910477658331,-0.06343371669368737,-0.011815388082895936
2025-05-27 09:45:00,14.25,14.25,14.25,14.25,140,1995.0,14.352500000000001,14.3625,17.296875,-0.06978136898307596,-0.06470324715156509,-0.005078121831510879
2025-05-27 09:46:00,14.25,14.25,14.25,14.25,500,7125.0,14.334999999999999,14.355833333333333,17.267083333333336,-0.06470230112211972,-0.06470305794567602,7.56823556297137e-07
2025-05-27 12:38:00,14.2,14.2,14.15,14.15,2000,28350.0,14.3125,14.347499999999998,17.236041666666665,-0.0679628342525831,-0.06535501320705743,-0.002607821045525663
2025-05-27 13:34:00,14.25,14.25,14.25,14.25,32,456.0,14.294999999999998,14.35,17.207083333333333,-0.06176566980336773,-0.0646371445263195,0.0028714747229517668
2025-05-27 13:36:00,14.25,14.25,14.25,14.25,500,7125.0,14.277499999999998,14.354166666666666,17.175625,-0.05620645925415424,-0.06295100747188645,0.00674454821773221
2025-05-27 14:57:00,14.25,14.25,14.25,14.25,200,2850.0,14.26,14.358333333333333,17.143125,-0.05121042296334366,-0.06060289057017789,0.00939246760683423
2025-05-28 09:02:00,14.25,14.25,14.25,14.25,50,712.5,14.242499999999998,14.355833333333331,17.110625000000002,-0.04671255495238569,-0.057824823446619454,0.011112268494233767
2025-05-28 09:12:00,14.25,14.25,14.25,14.25,1,14.25,14.225,14.364166666666666,17.078125,-0.04265624747990593,-0.05479110825327675,0.012134860773370823
2025-05-29 09:01:00,13.6,13.6,13.6,13.6,5,68.0,14.175,14.361666666666666,17.042916666666667,-0.0908439695169676,-0.062001680506014935,-0.02884228901095267
2025-05-29 09:05:00,14.25,14.25,14.25,14.25,5,71.25,14.1875,14.360000000000001,17.012291666666666,-0.07571077208255517,-0.06474349882132299,-0.010967273261232174
2025-05-29 09:23:00,14.25,14.25,14.25,14.25,5,71.25,14.169999999999998,14.358333333333333,16.979791666666667,-0.06299147754469558,-0.06439309456599751,0.0014016170213019263
2025-05-29 13:29:00,14.0,14.0,13.95,13.95,2000,27950.0,14.1625,14.351666666666667,16.946041666666666,-0.07623999060606224,-0.06676247377401046,-0.00947751683205178
2025-05-29 14:39:00,14.25,14.25,14.25,14.25,10,142.5,14.1725,14.35,16.915833333333335,-0.06181942404253071,-0.06577386382771451,0.003954439785183797
2025-06-02 09:47:00,14.25,14.25,14.25,14.25,50,712.5,14.184999999999999,14.348333333333334,16.883125,-0.04981676449514261,-0.06258244396120013,0.012765679466057528
2025-06-03 10:49:00,14.25,14.25,14.25,14.25,50,712.5,14.184999999999999,14.346666666666668,16.853333333333335,-0.0398452589865812,-0.058035006966276344,0.018189747979695144
2025-06-03 12:34:00,14.25,14.25,14.25,14.25,45,641.25,14.184999999999999,14.345,16.8225,-0.03157874887035916,-0.05274375534709291,0.02116500647673375
2025-06-04 09:02:00,14.25,14.25,14.25,14.25,1,14.25,14.1975,14.343333333333334,16.790208333333332,-0.024742266598456908,-0.04714345759736571,0.022401190998908804
2025-06-04 09:07:00,14.25,14.25,14.25,14.25,450,6412.5,14.1975,14.341666666666667,16.757916666666667,-0.01910408514215689,-0.04153558310632395,0.02243149796416706
2025-06-04 09:13:00,14.25,14.25,14.25,14.25,50,712.5,14.1975,14.340000000000002,16.725625,-0.01446899613632091,-0.03612226571232335,0.021653269576002436
2025-06-04 09:33:00,14.25,14.25,14.25,14.25,1,14.25,14.1975,14.338333333333335,16.693333333333335,-0.01067262730114571,-0.03103233803008782,0.02035971072894211
2025-06-04 10:05:00,14.25,14.25,14.25,14.25,1000,14250.0,14.1975,14.342500000000001,16.660625,-0.007576638871304553,-0.02634119819833117,0.018764559327026618
2025-06-04 10:25:00,14.25,14.25,14.25,14.25,1000,14250.0,14.1975,14.340000000000002,16.63104166666667,-0.005064663447688744,-0.022085891248202684,0.01702122780051394
2025-06-04 10:48:00,14.3,14.3,14.3,14.3,1000,14300.0,14.205000000000002,14.338333333333333,16.598541666666666,0.0009497294148630431,-0.01747876711558954,0.018428496530452584
2025-06-05 09:11:00,14.25,14.25,14.25,14.25,500,7125.0,14.205000000000002,14.335833333333333,16.565833333333334,0.0016624334605115365,-0.013650527000369325,0.015312960460880862
2025-06-05 10:44:00,14.25,14.25,14.25,14.25,4000,57000.0,14.205000000000002,14.333333333333334,16.53625,0.002201874710399565,-0.010480046658215546,0.012681921368615111
2025-06-05 11:47:00,14.35,14.35,14.35,14.35,1000,14350.0,14.210000000000003,14.332500000000001,16.505208333333332,0.01057662925182079,-0.006268711476208278,0.016845340728029068
2025-06-05 11:51:00,14.35,14.7,14.35,14.7,15000,217850.0,14.232500000000002,14.337499999999999,16.475625,0.044937743152566156,0.003972579449546611,0.040965163703019544
2025-06-05 13:32:00,14.7,14.7,14.7,14.7,1000,14700.0,14.255,14.3375,16.447916666666668,0.07134673275386483,0.017447410110410257,0.05389932264345457
2025-06-06 09:19:00,15.05,15.05,15.05,15.05,50,752.5,14.3275,14.343333333333332,16.421666666666667,0.11914469630652569,0.03778686734963335,0.08135782895689234
2025-06-06 09:43:00,15.05,15.05,15.05,15.05,5,75.25,14.367500000000001,14.360833333333334,16.393541666666668,0.15523546893245133,0.06127658766619696,0.09395888126625437
2025-06-06 10:17:00,15.05,15.05,14.95,15.0,7000,105100.0,14.405000000000001,14.365833333333335,16.36520833333333,0.17775404613084866,0.08457207935912732,0.09318196677172134
2025-06-06 10:41:00,15.1,15.1,15.1,15.1,1,15.1,14.4625,14.3725,16.33729166666667,0.20134832688433058,0.10792732886416798,0.0934209980201626
2025-06-09 09:01:00,15.05,15.05,15.05,15.05,2500,37625.0,14.502500000000001,14.378333333333334,16.3125,0.21355070266745457,0.12905200362482533,0.08449869904262924
2025-06-09 09:02:00,15.05,15.05,15.05,15.05,3000,45150.0,14.5425,14.384166666666665,16.284375,0.22067734235309366,0.147377071370479,0.07330027098261466
2025-06-09 09:03:00,15.1,15.1,15.1,15.1,2000,30200.0,14.584999999999999,14.3925,16.256458333333335,0.22773465444398688,0.16344858798518058,0.0642860664588063
2025-06-09 09:04:00,15.1,15.1,15.1,15.1,1000,15100.0,14.627500000000001,14.400833333333333,16.228541666666665,0.23066862084625583,0.17689259455739564,0.05377602628886019
2025-06-09 09:06:00,15.1,15.1,15.1,15.1,1000,15100.0,14.670000000000002,14.41,16.2,0.23033861024003777,0.18758179769392408,0.04275681254611369
2025-06-09 09:12:00,15.1,15.1,15.1,15.1,1000,15100.0,14.7125,14.428333333333335,16.171458333333334,0.2274551134944911,0.19555646085403752,0.03189865264045358
2025-06-09 10:06:00,15.35,15.35,15.1,15.1,1001,15115.35,14.755,14.446666666666665,16.146875,0.22260388255711483,0.200965945194653,0.021637937362461834
2025-06-09 11:05:00,15.3,15.3,15.3,15.3,1,15.3,14.807500000000001,14.458333333333334,16.119166666666665,0.23222068016796982,0.20721689218931638,0.025003787978653436
2025-06-09 11:09:00,15.3,15.3,15.3,15.3,1000,15300.0,14.86,14.469999999999999,16.091458333333332,0.23710881869302902,0.21319527749005895,0.023913541202970068
2025-06-09 11:10:00,15.3,15.3,15.3,15.3,500,7650.0,14.9125,14.481666666666667,16.063125,0.23823646205372562,0.21820351440279231,0.020032947650933303
2025-06-10 09:28:00,15.3,15.3,15.3,15.3,100,1530.0,14.9625,14.493333333333334,16.039375,0.23640499788268166,0.2218438110987702,0.014561186783911467
2025-06-10 10:11:00,15.3,15.3,15.3,15.3,100,1530.0,15.015,14.504999999999999,16.011041666666667,0.2322760160063897,0.2239302520802941,0.008345763926095595
2025-06-10 13:51:00,14.6,14.65,14.6,14.65,3000,43900.0,15.035,14.505833333333333,15.984583333333335,0.1745421867221868,0.21405263900867266,-0.039510452286485864
2025-06-10 13:54:00,14.6,14.6,14.6,14.6,1000,14600.0,15.0475,14.505833333333332,15.953333333333335,0.12333144085338432,0.195908399377615,-0.07257695852423068
2025-06-10 13:56:00,14.6,14.6,14.6,14.6,800,11680.0,15.0425,14.505833333333333,15.922083333333335,0.08180357510601333,0.1730874345232947,-0.09128385941728137
2025-06-11 09:19:00,14.6,14.6,14.6,14.6,5000,73000.0,15.0375,14.505833333333333,15.890833333333331,0.048335263479387436,0.14813700031451324,-0.0998017368351258
2025-06-11 09:23:00,14.65,14.65,14.6,14.6,3000,43900.0,15.015,14.505833333333333,15.859583333333331,0.021562822592677833,0.12282216477014615,-0.10125934217746832
2025-06-11 11:53:00,14.9,14.9,14.9,14.9,100,1490.0,15.007499999999999,14.520833333333334,15.829583333333334,0.024273157251913702,0.10311236326649968,-0.07883920601458598
2025-06-12 09:06:00,14.9,14.9,14.9,14.9,2000,29800.0,15.002499999999998,14.525833333333333,15.799583333333334,0.02612002164587679,0.08771389494237511,-0.06159387329649832
2025-06-12 14:57:00,14.25,14.4,14.25,14.4,2000,28650.0,14.967500000000001,14.530833333333332,15.767500000000002,-0.012616708774860541,0.06764777419892798,-0.08026448297378852
2025-06-13 11:50:00,14.2,14.2,14.2,14.2,500,7100.0,14.925,14.533333333333333,15.734583333333331,-0.058776634787363946,0.04236289240166959,-0.10113952718903355
2025-06-13 13:05:00,14.2,14.2,14.2,14.2,4000,56800.0,14.882499999999999,14.536666666666667,15.70625,-0.09427199978531853,0.015035913964271962,-0.1093079137495905
2025-06-16 09:09:00,14.5,14.5,14.5,14.5,1,14.5,14.852500000000001,14.540833333333333,15.679166666666667,-0.09707580997209675,-0.007386430823001787,-0.08968937914909496
2025-06-17 09:05:00,14.45,14.45,14.45,14.45,1,14.45,14.819999999999999,14.544166666666666,15.649791666666665,-0.10215485430666149,-0.026340115519733736,-0.07581473878692775
2025-06-17 13:20:00,14.45,14.45,14.45,14.45,200,2890.0,14.7875,14.551666666666668,15.620416666666666,-0.10497000466214779,-0.04206609334821655,-0.06290391131393124
2025-06-19 10:00:00,14.45,14.45,14.45,14.45,1,14.45,14.755,14.555,15.591041666666666,-0.10597936742313863,-0.054848748163200976,-0.05113061925993765
2025-06-19 10:29:00,14.45,14.45,14.45,14.45,4000,57800.0,14.7225,14.558333333333334,15.561666666666666,-0.10556243662421849,-0.06499148585540448,-0.04057095076881401
2025-06-19 12:35:00,14.0,14.0,14.0,14.0,5000,70000.0,14.657499999999999,14.554166666666667,15.530416666666666,-0.1399302266057667,-0.07997923400547693,-0.05995099260028977
2025-06-19 13:24:00,13.8,13.8,13.8,13.8,400,5520.0,14.582500000000001,14.546666666666665,15.500416666666666,-0.1812163272849272,-0.100226652661367,-0.0809896746235602
2025-06-23 09:04:00,14.3,14.3,14.3,14.3,1000,14300.0,14.532500000000002,14.547500000000001,15.472708333333333,-0.17161180414500343,-0.1145036829580943,-0.05710812118690914
2025-06-24 09:16:00,14.3,14.3,14.3,14.3,1,14.3,14.482499999999998,14.55,15.44375,-0.16213120277731008,-0.12402918692193747,-0.03810201585537261
2025-06-24 10:34:00,14.3,14.3,14.3,14.3,4000,57200.0,14.4325,14.550833333333335,15.414166666666667,-0.15285573215842874,-0.12979449596923573,-0.023061236189193007
2025-06-24 12:00:00,14.0,14.3,14.0,14.3,5500,77150.0,14.415000000000001,14.551666666666668,15.387291666666666,-0.1438466798825715,-0.13260493275190288,-0.011241747130668611
2025-06-24 12:10:00,14.3,14.3,14.3,14.3,1,14.3,14.4,14.5525,15.360625,-0.13514902718914712,-0.13311375163935174,-0.002035275549795379
2025-06-24 12:12:00,13.8,13.8,13.8,13.8,1000,13800.0,14.36,14.545,15.331874999999998,-0.16668050696228676,-0.13982710270393875,-0.026853404258348007
2025-06-24 12:31:00,14.3,14.3,14.3,14.3,1,14.3,14.345000000000002,14.545833333333333,15.305208333333333,-0.14959912493928762,-0.14178150715100854,-0.00781761778827908
2025-06-25 09:54:00,14.3,14.3,14.3,14.3,1,14.3,14.329999999999998,14.557500000000001,15.278541666666667,-0.13451144244332802,-0.14032749420947244,0.0058160517661444144
2025-06-25 11:58:00,14.3,14.3,14.0,14.0,6000,85200.0,14.285,14.553333333333335,15.253333333333334,-0.14508933857937478,-0.14127986308345292,-0.0038094754959218657
2025-06-25 11:59:00,14.3,14.3,14.3,14.3,1000,14300.0,14.254999999999999,14.554166666666667,15.229375,-0.12779180035479598,-0.13858225053772152,0.010790450182925543
2025-06-26 09:16:00,14.5,14.5,14.5,14.5,1000,14500.0,14.26,14.563333333333333,15.202708333333334,-0.09682886527465406,-0.13023157348510803,0.03340270821045396
2025-06-26 09:32:00,14.0,14.0,14.0,14.0,500,7000.0,14.25,14.559166666666666,15.175625,-0.11135273248761735,-0.1264558052856099,0.015103072797992556
2025-06-26 09:53:00,14.5,14.5,14.5,14.5,4000,58000.0,14.265,14.563333333333333,15.150625,-0.08157681383723947,-0.11748000699593582,0.03590319315869635
2025-06-26 09:59:00,14.5,14.5,14.4,14.4,2000,28900.0,14.260000000000002,14.565833333333332,15.122708333333332,-0.06529566032093825,-0.10704313766093632,0.04174747733999806
2025-06-26 10:48:00,14.7,14.7,14.7,14.7,1000,14700.0,14.272500000000003,14.573333333333332,15.103541666666667,-0.027864036793266322,-0.09120731748740232,0.063343280694136
2025-06-26 11:18:00,14.7,14.7,14.7,14.7,1000,14700.0,14.285,14.580833333333333,15.084375,0.0017802726576796601,-0.07260979945838593,0.07439007211606559
2025-06-26 12:18:00,14.7,14.7,14.7,14.7,8,117.6,14.2975,14.588333333333333,15.065208333333334,0.024985583222862928,-0.05309072292213615,0.07807630614499908
2025-06-27 09:01:00,14.7,14.7,14.7,14.7,4100,60270.0,14.309999999999999,14.595833333333333,15.046041666666667,0.042881646107570504,-0.033896249116194814,0.07677789522376532
2025-06-27 09:03:00,14.85,14.85,14.85,14.85,1,14.85,14.352500000000001,14.605833333333331,15.02875,0.0683799102353344,-0.013441017245888967,0.08182092748122337
2025-06-27 09:14:00,14.85,14.85,14.85,14.85,1000,14850.0,14.405000000000001,14.615833333333333,15.0125,0.08757792446380641,0.006762771096050116,0.0808151533677563
2025-06-27 11:33:00,14.85,14.85,14.85,14.85,1,14.85,14.4325,14.625833333333333,14.999166666666666,0.10162106467740806,0.02573442981232171,0.07588663486508634
2025-06-27 13:13:00,14.85,14.85,14.85,14.85,1000,14850.0,14.460000000000003,14.635,14.985833333333334,0.11146545014757692,0.042880633879372757,0.06858481626820416
2025-06-30 09:23:00,14.85,14.85,14.85,14.85,1,14.85,14.4875,14.645000000000001,14.974375000000002,0.11790802622651242,0.0578861123488007,0.06002191387771172
2025-06-30 09:35:00,14.85,14.85,14.5,14.5,6000,88750.0,14.497499999999999,14.649166666666668,14.961250000000001,0.09369171943686005,0.06504723376641258,0.028644485670447473
2025-06-30 10:42:00,14.5,14.5,14.5,14.5,1000,14500.0,14.507499999999999,14.651666666666667,14.94875,0.0736511175995318,0.06676801053303642,0.006883107066495378
2025-06-30 10:43:00,15.0,15.0,15.0,15.0,1,15.0,14.567499999999999,14.656666666666668,14.938333333333334,0.09699650228414392,0.07281370888325793,0.024182793400885985
2025-06-30 11:30:00,15.0,15.0,15.0,15.0,3000,45000.0,14.602499999999997,14.661666666666667,14.927916666666668,0.11418167259505907,0.08108730162561817,0.0330943709694409
2025-06-30 11:31:00,15.0,15.0,14.7,14.9,5000,74200.0,14.632500000000002,14.659166666666668,14.917499999999999,0.11836741374926696,0.08854332405034794,0.029824089698919018
2025-06-30 12:06:00,15.2,15.2,14.95,14.95,7000,105900.0,14.680000000000001,14.657499999999999,14.905624999999999,0.12428652817207997,0.09569196487469436,0.028594563297385606
2025-06-30 12:07:00,15.25,15.25,15.25,15.25,5000,76250.0,14.727500000000001,14.661666666666665,14.895000000000001,0.15143926422213383,0.10684142474418228,0.044597839477951554
2025-06-30 12:09:00,15.6,15.65,15.6,15.65,10000,156250.0,14.785,14.670833333333333,14.888958333333335,0.20289580370035054,0.12605230053541594,0.0768435031649346
2025-06-30 12:10:00,15.9,15.9,15.9,15.9,5000,79500.0,14.88,14.685,14.883958333333332,0.2608415733348135,0.15301015509529547,0.10783141823951803
2025-06-30 12:11:00,16.3,16.5,16.3,16.5,10000,164000.0,14.98,14.709166666666668,14.881666666666666,0.35113137491917357,0.19263439906007113,0.15849697585910244
2025-06-30 12:12:00,16.3,16.3,16.3,16.3,200,3260.0,15.075,14.729166666666666,14.877083333333333,0.40191533485088193,0.23449058621823332,0.1674247486326486
2025-06-30 12:14:00,16.3,16.3,16.3,16.3,1000,16300.0,15.154999999999998,14.749166666666667,14.874375000000002,0.437123105910187,0.2750170901566241,0.16210601575356287
2025-06-30 12:18:00,16.3,16.3,16.3,16.3,200,3260.0,15.235,14.769166666666667,14.871666666666666,0.4597260820288991,0.3119588885310791,0.14776719349781997
2025-06-30 12:25:00,16.3,17.1,16.3,17.1,2000,33400.0,15.355,14.8025,14.870416666666666,0.5360135866001343,0.35676982814489017,0.17924375845524415
2025-06-30 12:26:00,17.1,17.1,16.9,17.0,5330,90910.0,15.470000000000002,14.834166666666668,14.870624999999999,0.5816973740949791,0.401755337334908,0.17994203676007114
2025-06-30 12:27:00,17.15,17.15,17.0,17.0,5100,87450.0,15.5775,14.8625,14.872499999999999,0.6108604853904254,0.44357636694601155,0.16728411844441382
2025-06-30 12:28:00,17.35,17.35,17.35,17.35,5000,86750.0,15.7025,14.896666666666668,14.875833333333334,0.6546679317285378,0.4857946799025169,0.16887325182602086
2025-06-30 12:29:00,17.0,17.0,17.0,17.0,1000,17000.0,15.809999999999999,14.925,14.875625000000001,0.6536091739395768,0.5193575787099289,0.1342515952296479
2025-06-30 12:30:00,17.0,17.0,17.0,17.0,500,8500.0,15.917499999999999,14.953333333333335,14.875416666666668,0.6453311252566056,0.5445522880192643,0.10077883723734138
2025-06-30 12:31:00,17.0,17.85,17.0,17.85,3000,51850.0,16.067500000000003,14.995833333333334,14.87875,0.6992975415276561,0.5755013387209427,0.12379620280671344
2025-06-30 12:32:00,17.85,17.85,17.85,17.85,1000,17850.0,16.235000000000003,15.049166666666666,14.876458333333334,0.7336097190445443,0.607123014785663,0.1264867042588813
2025-06-30 12:36:00,17.85,17.85,17.85,17.85,1000,17850.0,16.4025,15.103333333333333,14.874166666666666,0.7521322544888918,0.6361248627263087,0.11600739176258301
2025-06-30 12:37:00,17.85,17.85,17.5,17.7,4300,76150.0,16.5375,15.155000000000001,14.873958333333333,0.74610709274884,0.6581213087308151,0.08798578401802493
2025-06-30 12:38:00,17.05,17.05,17.0,17.0,10000,170250.0,16.6375,15.195,14.868125000000001,0.6770434236619458,0.6619057317170413,0.015137691944904552
2025-06-30 12:39:00,17.8,17.8,17.8,17.8,1000,17800.0,16.7825,15.248333333333333,14.865625,0.6790357806603673,0.6653317415057065,0.013704039154660785
2025-06-30 12:40:00,17.8,17.8,17.8,17.8,33,587.4,16.925,15.296666666666669,14.863541666666666,0.6728584446259624,0.6668370821297578,0.006021362496204663
2025-06-30 12:46:00,17.7,17.7,17.7,17.7,608,10761.6,17.0475,15.343333333333334,14.861041666666667,0.6523735409565496,0.6639443738951162,-0.011570832938566533
2025-06-30 13:02:00,17.7,17.8,17.5,17.5,11200,197700.0,17.14,15.395000000000001,14.861041666666667,0.6129352427431236,0.6537425476647177,-0.04080730492159412
2025-06-30 13:04:00,17.1,17.1,17.1,17.1,8,136.8,17.2,15.443333333333333,14.859166666666665,0.5431424422312681,0.6316225265780279,-0.0884800843467598
2025-06-30 13:06:00,17.1,17.5,17.0,17.0,11000,188000.0,17.225,15.49,14.858749999999999,0.47429460773074084,0.6001569428085705,-0.12586233507782962
2025-06-30 13:15:00,16.8,17.1,16.8,17.05,9000,152250.0,17.262500000000003,15.532499999999999,14.860833333333334,0.41893753388866983,0.5639130610245904,-0.14497552713592055
2025-06-30 13:16:00,16.75,16.75,16.75,16.75,5000,83750.0,17.285000000000004,15.570833333333333,14.8625,0.3468607662472962,0.5205026020691316,-0.17364183582183534
2025-06-30 13:30:00,17.0,17.0,17.0,17.0,5000,85000.0,17.32,15.613333333333333,14.863750000000001,0.3063805549471006,0.4776781926447254,-0.1712976376976248
2025-06-30 13:31:00,17.1,17.1,17.1,17.1,1710,29241.0,17.32,15.6575,14.868125,0.2791509813649249,0.4379727503887653,-0.15882176902384043
2025-06-30 13:35:00,17.1,17.1,17.1,17.1,65,1111.5,17.325,15.701666666666666,14.871458333333331,0.2546360621040762,0.4013054127318275,-0.14666935062775133
2025-06-30 13:44:00,16.5,16.5,16.5,16.5,1000,16500.0,17.3,15.743333333333334,14.872291666666666,0.18466413320052766,0.3579771568255676,-0.17331302362503992
2025-06-30 13:51:00,17.1,17.1,17.1,17.1,1000,17100.0,17.2875,15.798333333333336,14.876458333333336,0.1756016346783582,0.3215020523961257,-0.14590041771776752
2025-06-30 13:56:00,17.1,17.1,17.1,17.1,1000,17100.0,17.2925,15.845,14.880625,0.1665002283185011,0.2905016875806008,-0.12400145926209971
2025-06-30 14:59:00,16.5,17.1,16.5,17.1,5000,83100.0,17.297500000000003,15.891666666666667,14.884791666666667,0.15747205834062328,0.2638957617326053,-0.10642370339198204
2025-06-30 15:00:00,16.8,17.25,16.8,17.25,13000,221000.0,17.267500000000002,15.940833333333332,14.892083333333334,0.16056996438826232,0.24323060226373672,-0.0826606378754744
2025-07-01 09:01:00,16.4,16.4,16.4,16.4,500,8200.0,17.195,15.975833333333334,14.895833333333334,0.09336097380578323,0.21325667657214606,-0.11989570276636283
2025-07-01 09:04:00,16.4,16.4,16.4,16.4,500,8200.0,17.122500000000002,16.010833333333334,14.898333333333335,0.03964041453112799,0.17853342416394244,-0.13889300963281445
2025-07-01 09:19:00,17.2,17.2,17.2,17.2,1,17.2,17.097500000000004,16.0675,14.906041666666665,0.06091757846657586,0.15501025502446913,-0.09409267655789327
2025-07-01 09:31:00,17.2,17.2,17.2,17.2,1,17.2,17.1075,16.115833333333335,14.915,0.07689350373262016,0.13938690476609936,-0.062493401033479196
2025-07-01 10:34:00,17.2,17.2,17.2,17.2,1,17.2,17.0775,16.164166666666667,14.925625,0.08853397505236771,0.12921631882335302,-0.04068234377098531
2025-07-01 10:49:00,17.2,17.2,17.2,17.2,2,34.4,17.0475,16.217499999999998,14.93625,0.09664506825100361,0.12270206870888314,-0.026057000457879537
2025-07-01 10:58:00,17.2,17.2,17.2,17.2,1584,27244.8,17.0225,16.265833333333333,14.94375,0.10189854505049567,0.11854136397720567,-0.016642818926710004
2025-07-01 11:13:00,17.2,17.2,17.2,17.2,1,17.2,17.0075,16.31083333333333,14.95125,0.10485327992131488,0.11580374716602752,-0.010950467244712644
2025-07-01 12:03:00,17.2,17.2,17.2,17.2,1,17.2,17.0125,16.364166666666666,14.95875,0.10597333396630049,0.11383766452608213,-0.00786433055978164
2025-07-01 12:34:00,16.4,16.4,16.4,16.4,2000,32800.0,16.982499999999998,16.395833333333332,14.962916666666667,0.04182553204752182,0.09943523803037006,-0.057609705982848244
2025-07-01 12:38:00,16.4,16.4,16.4,16.4,500,8200.0,16.95,16.429166666666667,14.967083333333333,-0.008909361558906426,0.07776631811251478,-0.0866756796714212
2025-07-01 12:39:00,16.4,16.4,16.4,16.4,1000,16400.0,16.932499999999997,16.4575,14.972916666666666,-0.04855739089090605,0.052501576311830604,-0.10105896720273666
2025-07-01 14:14:00,16.35,16.45,16.35,16.45,6000,98200.0,16.904999999999998,16.486666666666668,14.9775,-0.07507869716650362,0.026985521616163754,-0.10206421878266737
2025-07-01 14:39:00,16.75,16.75,16.75,16.75,1,16.75,16.8875,16.520833333333332,14.983541666666666,-0.07107027675945332,0.0073743619410403345,-0.07844463870049366
2025-07-01 14:40:00,16.75,16.75,16.75,16.75,1,16.75,16.869999999999997,16.555,14.989374999999999,-0.06711985875666926,-0.007524482198501589,-0.05959537655816767
2025-07-02 09:28:00,16.75,16.75,16.75,16.75,1,16.75,16.8825,16.586666666666666,14.998124999999998,-0.06325990324159392,-0.01867156640712006,-0.04458833683447386
2025-07-02 09:41:00,16.0,16.0,16.0,16.0,5000,80000.0,16.827499999999997,16.605833333333333,15.00375,-0.11934387082104436,-0.038806027289904926,-0.08053784353113944
2025-07-02 09:42:00,15.95,15.95,15.95,15.95,2000,31900.0,16.77,16.624166666666667,15.008750000000001,-0.16591286113746406,-0.06422739405941677,-0.10168546707804729
2025-07-02 09:44:00,16.3,16.3,16.3,16.3,1,16.3,16.729999999999997,16.648333333333333,15.016250000000001,-0.17258756453480117,-0.08589942815449365,-0.08668813638030752
2025-07-02 09:50:00,16.3,16.3,16.3,16.3,3000,48900.0,16.682499999999997,16.6725,15.023750000000001,-0.1758502231562531,-0.10388958715484554,-0.07196063600140755
2025-07-02 09:52:00,16.3,16.3,16.3,16.3,1,16.3,16.677500000000002,16.7025,15.03125,-0.1764024460288276,-0.11839215892964196,-0.05801028709918564
2025-07-02 10:01:00,15.95,16.05,15.95,16.0,4000,63950.0,16.6575,16.7275,15.035416666666666,-0.1987564389229668,-0.13446501492830695,-0.06429142399465984
2025-07-02 10:05:00,16.2,16.2,16.2,16.2,1,16.2,16.607499999999998,16.7475,15.043125,-0.19805080442210254,-0.14718217282706608,-0.05086863159503646
2025-07-02 10:21:00,16.2,16.2,16.2,16.2,4000,64800.0,16.557499999999997,16.7675,15.050833333333333,-0.19524096765450594,-0.15679393179255408,-0.03844703586195186
2025-07-02 10:34:00,15.8,15.8,15.8,15.8,100,1580.0,16.4875,16.782500000000002,15.056875,-0.22272339220804582,-0.16997982387565244,-0.05274356833239338
2025-07-02 10:48:00,16.3,16.3,16.3,16.3,1000,16300.0,16.442500000000003,16.805,15.062291666666665,-0.20183100811514265,-0.1763500607235505,-0.02548094739159215
2025-07-02 12:11:00,16.6,16.6,16.6,16.6,1000,16600.0,16.412499999999998,16.8275,15.068958333333335,-0.1592306387191087,-0.17292617632266216,0.013695537603553465
2025-07-02 12:12:00,16.6,16.6,16.6,16.6,310,5146.0,16.3825,16.843333333333334,15.075625,-0.12403968675675259,-0.16314887840948025,0.039109191652727665
2025-07-02 12:37:00,16.6,16.6,16.6,16.6,1,16.6,16.3525,16.855,15.085,-0.09505487041295169,-0.14953007681017455,0.054475206397222864
2025-07-02 12:52:00,16.3,16.3,16.3,16.3,122,1988.6,16.347500000000004,16.851666666666667,15.093125000000002,-0.09519434626423973,-0.1386629307009876,0.043468584436747865
2025-07-02 12:55:00,16.6,16.6,16.6,16.6,1,16.6,16.357499999999998,16.85666666666667,15.099791666666668,-0.07028716242961863,-0.1249877770467138,0.05470061461709516
2025-07-02 14:53:00,15.85,15.85,15.85,15.85,500,7925.0,16.330000000000002,16.849166666666665,15.103958333333333,-0.10980105358563108,-0.12195043235449728,0.012149378768866195
2025-07-02 14:56:00,15.85,15.85,15.85,15.85,500,7925.0,16.3,16.841666666666665,15.107499999999998,-0.13950793635930836,-0.1254619331554595,-0.014046003203848856
2025-07-03 09:01:00,15.85,15.85,15.85,15.85,200,3170.0,16.255000000000003,16.820833333333333,15.111041666666665,-0.16119272558245612,-0.13260809164085882,-0.0285846339415973
2025-07-03 09:07:00,16.6,16.6,16.6,16.6,500,8300.0,16.247500000000002,16.81416666666667,15.120416666666667,-0.11651621884181651,-0.12938971708105035,0.012873498239233838
2025-07-03 09:21:00,16.6,16.6,16.6,16.6,1000,16600.0,16.240000000000002,16.8075,15.129791666666668,-0.0801854375624913,-0.11954886117733854,0.03936342361484724
2025-07-03 09:30:00,16.6,16.6,16.6,16.6,190,3154.0,16.270000000000003,16.794999999999998,15.137291666666666,-0.050807356075129206,-0.10580056015689669,0.054993204081767486
2025-07-03 09:31:00,16.6,16.6,16.45,16.45,4000,66250.0,16.295,16.785833333333333,15.144166666666667,-0.03917715142178224,-0.0924758784098738,0.05329872698809156
2025-07-03 09:45:00,16.6,16.6,16.6,16.6,500,8300.0,16.310000000000002,16.779166666666665,15.15375,-0.017652892489138594,-0.07751128122572676,0.059858388736588164
2025-07-03 10:08:00,16.45,16.45,16.45,16.45,150,2467.5,16.317500000000003,16.755833333333335,15.161041666666668,-0.012553796259982875,-0.06451978423257798,0.05196598797259511
2025-07-03 10:13:00,16.45,16.45,16.45,16.45,20,329.0,16.325,16.7325,15.168333333333331,-0.008415714641586192,-0.05329897031437962,0.04488325567279343
2025-07-03 10:14:00,16.6,16.6,16.6,16.6,1,16.6,16.355,16.711666666666666,15.176250000000001,0.006888089642249184,-0.04126155832305386,0.04814964796530304
2025-07-03 10:27:00,16.6,16.6,16.6,16.6,200,3320.0,16.375,16.693333333333335,15.186666666666667,0.018799752945625414,-0.029249296069318004,0.04804904901494342
2025-07-03 10:34:00,16.6,16.6,16.6,16.6,1000,16600.0,16.395000000000003,16.686666666666664,15.197083333333333,0.02791801048593001,-0.0178158347582684,0.04573384524419841
2025-07-03 10:36:00,16.45,16.45,16.45,16.45,200,3290.0,16.427500000000002,16.664166666666667,15.206874999999998,0.022777978524786135,-0.00969707210165749,0.032475050626443625
2025-07-03 10:45:00,16.6,16.6,16.6,16.6,1,16.6,16.442500000000003,16.644166666666667,15.214791666666667,0.030457121819910782,-0.0016662333173438344,0.03212335513725462
2025-07-03 10:55:00,16.45,16.45,16.45,16.45,15,246.75,16.435000000000002,16.62333333333333,15.222083333333334,0.0241606429563177,0.0034991419373884745,0.02066150101892923
2025-07-03 11:05:00,16.55,16.55,16.45,16.45,2000,33000.0,16.427500000000002,16.605833333333333,15.231874999999999,0.018952169283060982,0.006589747406522978,0.012362421876538004
2025-07-03 11:32:00,16.6,16.6,16.6,16.6,1,16.6,16.427500000000002,16.5975,15.242291666666667,0.026621289119876934,0.010596055749193771,0.016025233370683165
2025-07-03 13:32:00,16.6,16.6,16.6,16.6,1,16.6,16.4425,16.590833333333332,15.253125,0.03232648227840684,0.014942141055036386,0.01738434122337046
2025-07-03 13:34:00,16.4,16.4,16.4,16.4,300,4920.0,16.4325,16.580000000000002,15.262916666666667,0.020473554043313413,0.016048423652691792,0.004425130390621621
2025-07-03 14:16:00,16.4,16.5,16.4,16.5,1261,20780.4,16.465,16.575833333333335,15.271666666666668,0.01893096292985419,0.01662493150812427,0.0023060314217299184
2025-07-04 09:17:00,16.6,16.6,16.6,16.6,1,16.6,16.5025,16.569166666666668,15.280416666666667,0.025483850656577545,0.018396715337814926,0.007087135318762618
2025-07-04 09:54:00,16.6,16.6,16.6,16.6,1,16.6,16.54,16.56083333333333,15.28875,0.030327465249804675,0.020782865320212878,0.009544599929591797
2025-07-04 10:44:00,16.6,16.6,16.6,16.6,1,16.6,16.540000000000003,16.5525,15.296666666666665,0.03377670784848874,0.023381633825868053,0.010395074022620687
2025-07-04 14:19:00,16.0,16.0,16.0,16.0,500,8000.0,16.51,16.544166666666666,15.302083333333334,-0.01176906171491865,0.01635149471771071,-0.02812055643262936
2025-07-04 14:21:00,16.0,16.0,16.0,16.0,200,3200.0,16.48,16.52583333333333,15.308333333333334,-0.047318948846193365,0.0036174060049298934,-0.05093635485112326
2025-07-04 14:52:00,16.0,16.0,16.0,16.0,300,4800.0,16.4575,16.5075,15.313958333333334,-0.07463217723854498,-0.012032510643765088,-0.06259966659477989
2025-07-04 14:56:00,16.0,16.0,16.0,16.0,2000,32000.0,16.4275,16.489166666666666,15.319583333333332,-0.09518092111017751,-0.028662192737047582,-0.06651872837312993
2025-07-04 14:58:00,16.0,16.0,16.0,16.0,200,3200.0,16.405,16.468333333333334,15.327499999999999,-0.11019568145279024,-0.04496889048019612,-0.06522679097259412
2025-07-07 09:01:00,16.6,16.6,16.6,16.6,100,1660.0,16.4125,16.471666666666668,15.338333333333335,-0.07284034347104651,-0.0505431810783662,-0.022297162392680307
2025-07-07 09:56:00,16.6,16.6,16.6,16.6,1,16.6,16.4125,16.475,15.349166666666667,-0.04274325139451207,-0.04898319514159538,0.00623994374708331
2025-07-07 10:00:00,16.0,16.0,16.0,16.0,200,3200.0,16.3825,16.455000000000002,15.355833333333333,-0.06653905388276016,-0.052494366889828344,-0.014044686992931814
2025-07-07 10:33:00,16.6,16.6,16.6,16.6,1,16.6,16.3825,16.445,15.367708333333333,-0.036560961201097086,-0.049307685752082095,0.012746724550985009
2025-07-07 13:04:00,16.6,16.6,16.6,16.6,5,83.0,16.39,16.435,15.379583333333333,-0.012657202419724456,-0.04197758908561057,0.029320386665886114
2025-07-08 09:19:00,16.6,16.6,16.6,16.6,1,16.6,16.39,16.425,15.388958333333333,0.00621505534254041,-0.032339060199980375,0.038554115542520785
2025-07-08 09:58:00,16.0,16.0,16.0,16.0,200,3200.0,16.3675,16.404999999999998,15.395833333333334,-0.026933062425968046,-0.03125786064517791,0.004324798219209863
2025-07-08 10:08:00,16.6,16.6,16.6,16.6,1,16.6,16.375,16.395,15.405208333333336,-0.004733632615817385,-0.0259530150393058,0.021219382423488416
2025-07-08 10:14:00,16.0,16.0,16.0,16.0,200,3200.0,16.345,16.375,15.412083333333333,-0.03515022028460635,-0.027792456088365912,-0.007357764196240436
2025-07-08 11:50:00,16.0,16.0,16.0,16.0,700,11200.0,16.315,16.368333333333332,15.418958333333334,-0.058580307828130174,-0.033950026436318774,-0.0246302813918114
2025-07-08 12:17:00,16.55,16.55,16.55,16.55,1,16.55,16.322499999999998,16.370833333333334,15.428125,-0.0323949882929675,-0.03363901880764852,0.0012440305146810202
2025-07-09 09:16:00,16.45,16.45,16.45,16.45,1,16.45,16.32,16.371666666666666,15.436875000000002,-0.0194874588760392,-0.030808706821326654,0.011321247945287456
2025-07-09 10:30:00,16.45,16.45,16.45,16.45,1000,16450.0,16.3125,16.371666666666666,15.445625000000001,-0.009152642849940662,-0.026477494027049457,0.017324851177108795
2025-07-09 11:54:00,16.45,16.45,16.45,16.45,500,8225.0,16.305,16.366666666666667,15.454374999999999,-0.0009512611445998687,-0.021372247450559538,0.02042098630595967
2025-07-10 09:41:00,16.45,16.45,16.45,16.45,4,65.8,16.2975,16.361666666666668,15.463125,0.005485163395423598,-0.016000765281362912,0.02148592867678651
2025-07-10 09:42:00,16.45,16.45,16.45,16.45,4,65.8,16.32,16.35666666666667,15.471875,0.010465437170140035,-0.010707524791062323,0.021172961961202358
2025-07-10 10:53:00,15.85,16.0,15.85,16.0,3100,49150.0,16.32,16.35666666666667,15.480208333333334,-0.02164933907098643,-0.012895887647047145,-0.008753451423939284
2025-07-10 10:56:00,15.8,15.8,15.8,15.8,500,7900.0,16.31,16.354166666666668,15.486041666666667,-0.06251818838729406,-0.02282034779509653,-0.039697840592197525
2025-07-10 11:01:00,15.8,15.8,15.8,15.8,4000,63200.0,16.300000000000004,16.345833333333335,15.491874999999999,-0.09382548413782388,-0.037021375063642004,-0.056804109074181874
2025-07-10 11:40:00,15.95,15.95,15.95,15.95,2000,31900.0,16.2975,16.34,15.498333333333335,-0.10531894395219865,-0.05068088884135334,-0.05463805511084531
2025-07-10 12:05:00,15.95,15.95,15.95,15.95,500,7975.0,16.265,16.334166666666665,15.504791666666668,-0.1131235754996176,-0.06316942617300621,-0.049954149326611394
2025-07-10 12:56:00,15.95,15.95,15.95,15.95,1,15.95,16.232499999999998,16.333333333333332,15.51125,-0.11794915776041748,-0.07412537249048846,-0.043823785269929014
2025-07-10 13:11:00,15.95,15.95,15.95,15.95,502,8006.9,16.229999999999997,16.329166666666666,15.517708333333333,-0.12038573465693858,-0.0833774449237785,-0.03700828973316009
2025-07-10 15:00:00,16.0,16.0,16.0,16.0,1000,16000.0,16.2,16.325833333333335,15.523125,-0.11693421245726654,-0.09008879843047611,-0.02684541402679043
2025-07-11 09:01:00,15.25,15.25,15.25,15.25,1000,15250.0,16.1325,16.316666666666666,15.525416666666667,-0.17272650460900962,-0.10661633966618282,-0.0661101649428268
2025-07-11 09:05:00,15.25,15.25,15.25,15.25,2000,30500.0,16.064999999999998,16.299166666666668,15.530624999999999,-0.21447002119958825,-0.1281870759728639,-0.08628294522672433
2025-07-11 09:13:00,15.25,15.25,15.25,15.25,2000,30500.0,16.027499999999996,16.276666666666667,15.532916666666667,-0.244730952759733,-0.15149585133023774,-0.09323510142949526
2025-07-11 10:14:00,15.85,15.85,15.85,15.85,1,15.85,15.99,16.264166666666664,15.537708333333335,-0.21778745523267062,-0.16475417211072432,-0.0530332831219463
2025-07-11 10:15:00,15.85,15.85,15.85,15.85,500,7925.0,15.982500000000002,16.25166666666667,15.542499999999999,-0.19419596907633618,-0.1706425315038467,-0.023553437572489483
2025-07-11 11:15:00,15.85,15.85,15.85,15.85,1,15.85,15.975,16.244166666666665,15.547291666666668,-0.1734995514999884,-0.17121393550307507,-0.0022856159969133483
2025-07-11 12:59:00,15.85,15.85,15.85,15.85,1000,15850.0,15.940000000000001,16.231666666666666,15.552500000000002,-0.15530720665812225,-0.16803258973408453,0.012725383075962271
2025-07-14 09:09:00,15.2,15.2,15.2,15.2,4000,60800.0,15.877500000000001,16.220833333333335,15.555,-0.19113591418477327,-0.1726532546242223,-0.01848265956055098
2025-07-14 09:16:00,15.2,15.25,15.15,15.25,6000,91050.0,15.8175,16.210833333333333,15.557916666666667,-0.21304004784030006,-0.18073061326743786,-0.0323094345728622
2025-07-14 09:21:00,15.15,15.15,15.15,15.15,1000,15150.0,15.752499999999998,16.199166666666667,15.562708333333335,-0.23575080728163478,-0.19173465207027726,-0.044016155211357516
2025-07-14 09:29:00,15.4,15.4,15.4,15.4,1,15.4,15.7,16.179166666666667,15.568541666666668,-0.23091449849884604,-0.19957062135599105,-0.031343877142855
2025-07-14 10:43:00,15.35,15.35,15.1,15.1,1500,22900.0,15.632499999999999,16.154166666666665,15.570625000000001,-0.24842548736134518,-0.2093415945570619,-0.03908389280428329
2025-07-14 13:22:00,15.4,15.4,15.4,15.4,1,15.4,15.602500000000001,16.13416666666667,15.573958333333334,-0.23538223946317238,-0.214549723538284,-0.020832515924888384
2025-07-14 13:51:00,15.4,15.4,15.4,15.4,200,3080.0,15.5825,16.116666666666667,15.577291666666667,-0.22248075191374284,-0.2161359292133758,-0.006344822700367042
2025-07-15 09:22:00,15.4,15.4,15.4,15.4,1,15.4,15.5625,16.096666666666668,15.580625,-0.2098373556637494,-0.2148762145034505,0.005038858839701121
2025-07-15 09:53:00,15.4,15.4,15.4,15.4,1,15.4,15.535,16.079166666666666,15.583958333333333,-0.19754025198453817,-0.21140902199966807,0.0138687700151299
2025-07-15 10:39:00,15.4,15.4,15.4,15.4,1000,15400.0,15.507499999999999,16.061666666666667,15.587291666666667,-0.18565459808219842,-0.20625813721617414,0.020603539133975723
2025-07-15 10:54:00,15.4,15.4,15.4,15.4,1,15.4,15.48,16.041666666666668,15.590625,-0.1742267541634721,-0.19985186060563376,0.02562510644216165
2025-07-16 09:01:00,15.4,15.4,15.4,15.4,3000,46200.0,15.4525,16.021666666666665,15.593958333333335,-0.16328782511987328,-0.1925390535084817,0.029251228388608413
2025-07-16 10:24:00,15.4,15.5,15.4,15.5,2,30.9,15.4275,16.003333333333334,15.597708333333335,-0.1448794012239496,-0.1830071230515753,0.038127721827625694
2025-07-17 09:03:00,15.5,15.5,15.5,15.5,1,15.5,15.440000000000001,15.9875,15.601458333333335,-0.12880579958214255,-0.17216685835768877,0.04336105877554622
2025-07-17 11:36:00,15.5,15.5,15.5,15.5,1,15.5,15.4525,15.969166666666666,15.607708333333335,-0.1147446495826383,-0.16068241660267868,0.045937767020040376
2025-07-18 14:58:00,15.5,15.5,15.5,15.5,1,15.5,15.465,15.953333333333335,15.611458333333335,-0.10242044773593229,-0.14903002282932942,0.04660957509339714
2025-07-21 09:20:00,15.5,15.5,15.5,15.5,1,15.5,15.4475,15.9375,15.617291666666667,-0.09159754944878706,-0.13754352815322096,0.0459459787044339
2025-07-21 09:23:00,15.5,15.9,15.45,15.9,16999,265984.5,15.45,15.925833333333333,15.625,-0.05016539210758886,-0.12006790094409454,0.06990250883650569
2025-07-21 09:30:00,16.0,16.0,16.0,16.0,1,16.0,15.457500000000001,15.915833333333332,15.633333333333333,-0.009155406816249823,-0.0978854021185256,0.08872999530227578
2025-07-21 09:33:00,16.0,16.0,16.0,16.0,500,8000.0,15.465,15.909166666666666,15.640625,0.023079258660624546,-0.07369246996269557,0.09677172862332012
2025-07-21 09:34:00,16.0,16.0,16.0,16.0,4000,64000.0,15.505,15.900833333333333,15.647916666666667,0.04807132695548866,-0.04933971057905872,0.09741103753454738
2025-07-21 09:36:00,16.3,16.3,16.3,16.3,3,48.9,15.5575,15.895833333333334,15.6575,0.09103580978530701,-0.021264606506185568,0.11230041629149258
2025-07-21 09:59:00,16.3,16.3,16.3,16.3,9,146.7,15.615,15.890833333333335,15.666041666666668,0.12365999650627302,0.007720314096306158,0.11593968240996685
2025-07-21 10:14:00,15.75,15.75,15.75,15.75,33,519.75,15.632499999999999,15.876666666666667,15.672291666666668,0.10393638215368206,0.02696352770778135,0.07697285444590071
2025-07-21 10:17:00,16.3,16.3,16.3,16.3,1,16.3,15.6925,15.881666666666668,15.680833333333334,0.13117359162497166,0.04780554049121942,0.08336805113375224
2025-07-21 10:53:00,16.3,16.3,16.3,16.3,7,114.1,15.7375,15.886666666666667,15.689375000000002,0.15101842991017023,0.0684481183750096,0.08257031153516063
2025-07-21 11:07:00,16.3,16.3,16.3,16.3,2000,32600.0,15.782500000000002,15.891666666666667,15.697916666666666,0.16484537238535246,0.08772756917707818,0.07711780320827429
2025-07-21 11:14:00,16.3,16.3,16.3,16.3,9,146.7,15.827499999999997,15.896666666666668,15.706875,0.17379986723188878,0.1049420287880403,0.06885783844384848
2025-07-21 11:54:00,16.3,16.3,16.3,16.3,1,16.3,15.872499999999999,15.901666666666667,15.715416666666668,0.17883487182980673,0.1197205973963936,0.05911427443341313
2025-07-21 12:12:00,16.3,16.3,16.3,16.3,60,978.0,15.9175,15.896666666666668,15.723958333333334,0.18074167176458644,0.1319248122700322,0.04881685949455425
2025-07-21 12:34:00,16.3,16.3,16.3,16.3,8,130.4,15.9625,15.891666666666667,15.7325,0.18017586918625916,0.1415750236532776,0.03860084553298157
2025-07-21 12:59:00,16.3,16.3,16.3,16.3,2,32.6,16.0075,15.896666666666667,15.741041666666666,0.1776792903093778,0.14879587698449764,0.028883413324880147
2025-07-21 13:38:00,16.3,16.3,16.3,16.3,100,1630.0,16.047500000000003,15.891666666666667,15.749583333333334,0.17369844600060347,0.15377639078771882,0.01992205521288465
2025-07-22 09:02:00,15.5,15.5,15.5,15.5,1,15.5,16.047500000000003,15.873333333333335,15.7575,0.10478241759913409,0.14397759615000189,-0.03919517855086779
2025-07-22 09:03:00,16.3,16.3,16.3,16.3,10,163.0,16.0875,15.868333333333334,15.766041666666668,0.11341194044585734,0.137864465009173,-0.024452524563315647
2025-07-22 09:21:00,16.3,16.3,16.3,16.3,6,97.8,16.1275,15.873333333333335,15.774583333333334,0.11888051885345163,0.13406767577802872,-0.015187156924577089
2025-07-22 09:48:00,16.3,16.3,16.3,16.3,1,16.3,16.1675,15.868333333333334,15.784375,0.12181025385822153,0.13161619139406727,-0.009805937535845743
2025-07-22 10:17:00,15.5,15.5,15.5,15.5,2000,31000.0,16.1475,15.860000000000001,15.789583333333333,0.058899815427679414,0.1170729162007897,-0.05817310077311029
2025-07-22 10:22:00,15.5,16.0,15.2,15.2,13499,207984.5,16.107499999999998,15.846666666666668,15.793541666666666,-0.014991836509956613,0.09065996565864044,-0.10565180216859706
2025-07-22 10:24:00,15.15,15.15,15.15,15.15,2000,30300.0,16.065,15.823333333333332,15.797291666666666,-0.07670191325300735,0.05718758987631088,-0.13388950312931824
2025-07-22 10:26:00,15.15,15.15,15.15,15.15,1000,15150.0,16.0225,15.801666666666668,15.801041666666666,-0.12417616810009235,0.02091483828103023,-0.14509100638112257
2025-07-22 10:32:00,15.15,15.15,15.15,15.15,1000,15150.0,15.965,15.78,15.804791666666667,-0.1599559840845579,-0.01525932619208741,-0.1446966578924705
2025-07-22 10:51:00,15.0,15.0,14.85,14.85,6001,89265.0,15.892500000000002,15.753333333333334,15.807291666666666,-0.21009736715974192,-0.054226934385618326,-0.1558704327741236
2025-07-22 11:31:00,15.15,15.15,15.15,15.15,500,7575.0,15.8625,15.731666666666666,15.811041666666666,-0.22305603062708457,-0.08799275363391158,-0.135063276993173
2025-07-22 11:55:00,15.15,15.15,15.15,15.15,2,30.3,15.805000000000001,15.71,15.814791666666666,-0.23066688057298457,-0.11652757902172618,-0.11413930155125838
2025-07-22 13:00:00,14.55,14.55,14.55,14.55,1000,14550.0,15.717500000000001,15.685833333333333,15.816041666666667,-0.28186436266082104,-0.1495949357495452,-0.13226942691127586
2025-07-22 14:06:00,14.8,14.9,14.8,14.9,284000,4217400.0,15.647499999999999,15.670833333333333,15.81875,-0.2908439926423352,-0.1778447471281032,-0.11299924551423199
2025-07-23 09:10:00,15.25,15.25,15.25,15.25,1,15.25,15.595000000000002,15.661666666666667,15.822708333333335,-0.26664462590258076,-0.19560472288299874,-0.07103990301958202
2025-07-23 09:18:00,15.25,15.25,15.25,15.25,1,15.25,15.5425,15.65,15.826875000000001,-0.24464632289106625,-0.20541304288461226,-0.039233280006453986
2025-07-23 09:57:00,15.25,15.25,15.25,15.25,1,15.25,15.49,15.638333333333332,15.831041666666668,-0.22462319292032085,-0.20925507289175402,-0.015368120028566828
2025-07-23 10:10:00,15.25,15.25,15.25,15.25,2,30.5,15.4375,15.626666666666667,15.834791666666668,-0.20637574701252603,-0.20867920771590842,0.0023034607033823873
2025-07-23 10:53:00,15.25,15.25,15.25,15.25,1,15.25,15.385,15.615,15.837083333333334,-0.18972745466867202,-0.20488885710646118,0.015161402437789157
2025-07-23 11:31:00,15.25,15.25,15.25,15.25,200,3050.0,15.3325,15.6025,15.839375,-0.17452178454549383,-0.19881544259426773,0.024293658048773897
2025-07-24 09:15:00,15.25,15.25,15.25,15.25,1,15.25,15.319999999999999,15.6025,15.840208333333333,-0.16061965798693123,-0.19117628567280046,0.030556627685869225
2025-07-24 09:23:00,15.25,15.25,15.25,15.25,1,15.25,15.267500000000002,15.6025,15.841041666666667,-0.14789725503663753,-0.18252047954556788,0.03462322450893035
2025-07-24 13:34:00,14.6,14.6,14.6,14.6,1000,14600.0,15.182500000000001,15.591666666666667,15.839375,-0.18809597346547946,-0.18363557832955021,-0.004460395135929246
2025-07-24 13:36:00,15.25,15.25,15.25,15.25,1,15.25,15.13,15.581666666666669,15.84,-0.1655953001722299,-0.18002752269808617,0.01443222252585627
2025-07-24 13:53:00,14.6,14.6,14.6,14.6,200,2920.0,15.084999999999999,15.560833333333335,15.838125,-0.1979312934590336,-0.18360827685027567,-0.014323016608757927
2025-07-25 09:20:00,14.6,14.6,14.6,14.6,48,700.8,15.055000000000001,15.54,15.83625,-0.22101013385799284,-0.19108864825181912,-0.02992148560617372
2025-07-25 10:07:00,15.25,15.25,15.25,15.25,1,15.25,15.059999999999999,15.53,15.836875,-0.18472136056534794,-0.1898151907145249,0.00509383014917697
2025-07-25 10:11:00,15.25,15.25,15.25,15.25,2000,30500.0,15.065000000000001,15.530833333333334,15.8375,-0.15418489874842756,-0.18268913232130546,0.0285042335728779
2025-07-25 10:16:00,15.25,15.25,15.25,15.25,200,3050.0,15.070000000000002,15.530833333333334,15.838125,-0.12850322753860866,-0.1718519513647661,0.043348723826157454
2025-07-25 10:24:00,15.25,15.25,15.25,15.25,1,15.25,15.09,15.532499999999999,15.83875,-0.10691783582107206,-0.1588651282560273,0.051947292434955245
2025-07-28 09:14:00,15.25,15.25,15.25,15.25,1,15.25,15.095000000000002,15.53,15.839374999999999,-0.08878776725809168,-0.14484965605644018,0.0560618887983485
2025-07-28 09:23:00,14.6,14.6,14.6,14.6,1000,14600.0,15.067499999999999,15.521666666666667,15.836458333333335,-0.12542332303059212,-0.14096438945127057,0.015541066420678457
2025-07-28 09:42:00,15.25,15.25,15.25,15.25,1,15.25,15.102499999999997,15.519166666666667,15.836250000000001,-0.10084521632208876,-0.1329405548254342,0.03209533850334545
2025-07-28 10:14:00,15.25,15.25,15.25,15.25,1,15.25,15.12,15.516666666666667,15.836041666666667,-0.08043963167785506,-0.12244037019591839,0.042000738518063324
2025-07-28 11:21:00,15.25,15.25,15.25,15.25,1,15.25,15.12,15.514166666666666,15.835833333333335,-0.06353565930213811,-0.11065942801716235,0.04712376871502423
2025-07-30 09:27:00,15.2,15.2,15.2,15.2,1,15.2,15.117500000000001,15.510833333333334,15.835416666666667,-0.053556357192364956,-0.09923881385220287,0.04568245665983792
2025-07-30 09:33:00,15.25,15.25,15.0,15.0,10000,151250.0,15.105,15.504166666666666,15.836875,-0.06108190275089065,-0.09160743163194043,0.030525528881049785
2025-07-30 09:35:00,15.3,15.3,15.3,15.3,1,15.3,15.107499999999998,15.5025,15.839791666666667,-0.04235027146197723,-0.0817559995979478,0.03940572813597057
2025-07-30 09:49:00,15.3,15.3,15.3,15.3,2000,30600.0,15.11,15.500833333333334,15.842708333333333,-0.027191867785909096,-0.07084317323554006,0.04365130544963096
2025-07-30 09:50:00,15.3,15.3,15.3,15.3,2000,30600.0,15.1125,15.4975,15.845625000000002,-0.015005746754395588,-0.05967568793931116,0.044669941184915574
2025-07-30 09:56:00,15.45,15.45,15.45,15.45,2000,30900.0,15.122499999999999,15.496666666666668,15.849166666666667,0.0066786015951318944,-0.04640483003242255,0.053083431627554446
2025-07-30 09:57:00,15.45,15.45,15.45,15.45,207,3198.15,15.132499999999999,15.495833333333334,15.851458333333335,0.02359165398755181,-0.03240553322842768,0.05599718721597949
2025-07-30 11:25:00,15.45,15.45,15.3,15.4,5000,76900.0,15.1725,15.494166666666667,15.853541666666667,0.03258516621537488,-0.019407393339667164,0.05199255955504205
2025-07-30 11:43:00,15.55,15.55,15.55,15.55,1,15.55,15.1875,15.495000000000001,15.858333333333333,0.05122583629454702,-0.005280747412824324,0.05650658370737135
2025-07-30 12:55:00,15.55,15.55,15.55,15.55,1000,15550.0,15.235,15.489166666666668,15.863958333333334,0.06524657967515779,0.008824718004772103,0.05642186167038569
2025-07-30 13:07:00,15.55,15.55,15.55,15.55,1,15.55,15.282499999999999,15.481666666666667,15.869583333333333,0.07548794181466434,0.022157362766750555,0.05333057904791379
2025-07-30 13:18:00,15.55,15.55,15.55,15.55,1000,15550.0,15.2975,15.474166666666667,15.873958333333333,0.08265153959559157,0.03425619813251876,0.04839534146307281
2025-07-30 13:27:00,15.55,15.55,15.55,15.55,1,15.55,15.3125,15.466666666666667,15.878541666666667,0.08732214709238129,0.04486938792449127,0.042452759167890014
2025-07-30 14:51:00,15.2,15.2,15.2,15.2,300,4560.0,15.309999999999999,15.448333333333332,15.881666666666668,0.06206610285662073,0.04830873091091717,0.013757371945703561
2025-07-31 09:10:00,15.55,15.55,15.55,15.55,1,15.55,15.325,15.435833333333333,15.886249999999999,0.06949152571627693,0.05254528987198913,0.016946235844287796
2025-07-31 09:18:00,15.55,15.55,15.55,15.55,1000,15550.0,15.34,15.432500000000001,15.890833333333335,0.07451723848989644,0.0569396795955706,0.017577558894325843
2025-07-31 09:43:00,15.55,15.55,15.5,15.5,4000,62150.0,15.385000000000002,15.419166666666666,15.897083333333335,0.07361695945509794,0.06027513556747608,0.01334182388762186
2025-07-31 09:48:00,15.5,15.5,15.5,15.5,1000,15500.0,15.397500000000003,15.405833333333334,15.904166666666667,0.0720726729240706,0.06263464303879498,0.009438029885275617
2025-07-31 09:55:00,15.65,15.65,15.65,15.65,2000,31300.0,15.4175,15.395000000000001,15.909791666666669,0.08200723278809008,0.066509160988654,0.015498071799436075
2025-07-31 10:22:00,15.65,15.65,15.65,15.65,1000,15650.0,15.4375,15.384166666666665,15.915416666666667,0.08885616450163525,0.07097856169125026,0.017877602810384988
2025-07-31 10:29:00,15.65,15.65,15.6,15.6,3000,46900.0,15.4575,15.3725,15.920833333333333,0.08922092679000393,0.074627034711001,0.014593892079002926
2025-07-31 10:31:00,15.55,15.6,15.55,15.6,10000,155750.0,15.4875,15.360833333333334,15.926250000000001,0.08848994651120634,0.07739961707104208,0.011090329440164262
2025-07-31 13:48:00,15.95,15.95,15.95,15.95,1,15.95,15.520000000000001,15.354999999999999,15.933124999999999,0.11482903664592392,0.08488550098601845,0.02994353565990547
2025-08-14 13:45:00,17.3,17.3,17.3,17.3,2000,34600.0,15.620000000000001,15.371666666666668,15.947708333333335,0.2418487906073583,0.11627815891028644,0.1255706316970719
2025-08-04 09:03:00,16.3,16.3,16.3,16.3,1,16.3,15.669999999999998,15.371666666666666,15.956041666666668,0.2588375005132413,0.14479002723087742,0.11404747328236386
2025-08-04 09:47:00,16.3,16.3,16.3,16.3,3000,48900.0,15.7125,15.385,15.964374999999999,0.2691980282114308,0.1696716274269881,0.09952640078444269
2025-08-04 10:01:00,16.3,16.3,16.3,16.3,3000,48900.0,15.755,15.385,15.973958333333334,0.2742474669697117,0.19058679533553285,0.08366067163417884
2025-08-04 10:24:00,15.85,16.05,15.85,16.05,5001,79266.05,15.7875,15.380833333333332,15.98125,0.255135232755034,0.2034964828194331,0.051638749935600914
2025-08-04 10:42:00,16.25,16.25,16.0,16.0,8000,129500.0,15.809999999999999,15.375833333333333,15.9875,0.23326513207111255,0.20945021266976901,0.02381491940134353
2025-08-04 10:44:00,16.3,16.3,16.3,16.3,5000,81500.0,15.847500000000002,15.389166666666666,15.997083333333334,0.23740376963133336,0.2150409240620819,0.02236284556925147
2025-08-04 10:54:00,16.45,16.45,16.45,16.45,1,16.45,15.892500000000002,15.409999999999998,16.005208333333332,0.24990664783798522,0.22201406881726257,0.027892579020722646
2025-08-04 10:59:00,16.05,16.05,16.05,16.05,2000,32100.0,15.9175,15.425,16.012083333333333,0.2249455792211137,0.2226003708980328,0.002345208323080883
2025-08-04 11:19:00,16.45,16.45,16.45,16.45,1,16.45,15.9625,15.446666666666665,16.019375,0.23473453595466154,0.2250272039093586,0.009707332045302941
2025-08-04 12:10:00,16.05,16.05,16.05,16.05,1000,16050.0,16.005000000000003,15.461666666666668,16.025,0.20782007714527673,0.22158577855654227,-0.01376570141126554
2025-08-04 12:30:00,16.05,16.05,16.05,16.05,100,1605.0,16.03,15.481666666666666,16.030625,0.18436493047530256,0.21414160894029435,-0.029776678464991796
2025-08-04 12:31:00,16.05,16.05,16.05,16.05,200,3210.0,16.055,15.496666666666668,16.03625,0.16388736621278532,0.20409076039479254,-0.04020339418200722
2025-08-04 13:47:00,16.05,16.05,16.0,16.0,4000,64050.0,16.08,15.510833333333334,16.041041666666665,0.1419874242269028,0.1916700931612146,-0.04968266893431181
2025-08-04 14:37:00,16.2,16.2,16.2,16.2,5000,81000.0,16.115,15.538333333333332,16.046666666666667,0.1391656756712738,0.18116920966322647,-0.04200353399195267
2025-08-29 09:01:00,18.1,18.1,18.1,18.1,22,398.2,16.2375,15.591666666666667,16.060208333333335,0.28693592195195095,0.2023225521209714,0.08461336983097956
2025-08-29 09:03:00,18.1,18.1,18.1,18.1,4000,72400.0,16.360000000000003,15.639166666666666,16.07375,0.3994404063946284,0.24174612297570283,0.15769428341892558
2025-08-29 09:19:00,18.2,18.2,18.2,18.2,1,18.2,16.490000000000002,15.688333333333333,16.08770833333333,0.4910101260417967,0.29159892358892164,0.19941120245287508
2025-08-29 09:20:00,18.2,18.2,18.2,18.2,1,18.2,16.619999999999997,15.7375,16.103125,0.5571572268930929,0.3447105842497559,0.21244664264333696
2025-08-29 09:42:00,18.2,18.2,18.2,18.2,1000,18200.0,16.732499999999998,15.786666666666667,16.118541666666665,0.6026325084501671,0.39629496908983824,0.2063375393603289
2025-08-29 11:33:00,18.2,18.2,18.2,18.2,1,18.2,16.777499999999996,15.835833333333333,16.131875,0.6313936833629761,0.4433147119444658,0.18807897141851027
2025-08-29 11:37:00,17.9,18.0,17.9,18.0,4100,73790.0,16.8625,15.881666666666666,16.144375,0.6307775818460826,0.4808072859247892,0.14997029592129335
2025-08-29 11:59:00,18.15,18.15,18.15,18.15,1,18.15,16.955000000000002,15.93,16.15791666666667,0.6350723446821789,0.5116602976762672,0.12341204700591168
2025-08-29 13:09:00,18.15,18.15,18.15,18.15,2000,36300.0,17.0475,15.978333333333333,16.17125,0.6311998956827445,0.5355682172775627,0.09563167840518183
2025-08-29 13:27:00,18.15,18.15,18.15,18.15,2000,36300.0,17.1525,16.0375,16.183333333333334,0.6209727644645788,0.5526491267149659,0.06832363774961292
2025-08-29 13:29:00,17.9,17.9,17.9,17.9,2000,35800.0,17.2475,16.081666666666667,16.192708333333332,0.5859404221772451,0.5593073858074218,0.026633036369823282
2025-08-29 13:32:00,17.9,17.9,17.9,17.9,750,13425.0,17.327499999999997,16.136666666666667,16.20104166666667,0.5518160466281685,0.5578091179715712,-0.005993071343402656
2025-08-29 13:34:00,18.2,18.2,18.2,18.2,1,18.2,17.415,16.19666666666667,16.208125000000003,0.5427235467349831,0.5547920037242536,-0.012068456989270504
2025-08-11 09:01:00,19.55,19.8,19.55,19.8,10000,196750.0,17.6025,16.2725,16.222708333333333,0.6570502371692655,0.575243650413256,0.08180658675600949
2025-08-11 09:16:00,19.5,19.5,19.5,19.5,10000,195000.0,17.755,16.343333333333334,16.23604166666667,0.7152030546073043,0.6032355312520656,0.11196752335523863
2025-08-11 09:17:00,19.5,19.5,19.5,19.5,1000,19500.0,17.9275,16.414166666666667,16.249375,0.7526139166501267,0.6331112083316779,0.11950270831844878
2025-08-11 09:25:00,19.9,19.9,19.9,19.9,1,19.9,18.12,16.491666666666667,16.261041666666667,0.8052564562375224,0.6675402579128469,0.13771619832467552
2025-08-11 09:40:00,19.9,19.9,19.9,19.9,1,19.9,18.3125,16.569166666666668,16.273125,0.8373238994329135,0.7014969862168603,0.13582691321605322
2025-08-11 09:57:00,19.9,19.9,19.9,19.9,1,19.9,18.5075,16.657500000000002,16.285208333333333,0.852905811914404,0.7317787513563692,0.1211270605580348
2025-08-11 10:00:00,19.8,19.8,19.4,19.5,10000,196200.0,18.672499999999996,16.728333333333335,16.294166666666666,0.8234853067427537,0.7501200624336462,0.07336524430910751
2025-08-11 10:38:00,20.0,20.0,20.0,20.0,2,40.0,18.767500000000002,16.8075,16.306666666666665,0.8309366453490945,0.7662833790167359,0.06465326633235857
2025-08-11 10:51:00,20.0,20.0,20.0,20.0,1000,20000.0,18.8625,16.886666666666667,16.319166666666668,0.8273052252218811,0.778487748257765,0.04881747696411609
2025-08-11 10:55:00,20.0,20.0,20.0,20.0,1,20.0,18.952499999999997,16.966666666666665,16.328125,0.8150321157179725,0.7857966217498066,0.029235493968165938
2025-08-11 10:56:00,20.0,20.0,20.0,20.0,1,20.0,19.0425,17.05,16.337083333333332,0.7961283163548742,0.7878629606708202,0.008265355684054065
2025-08-11 11:26:00,20.0,20.0,20.0,20.0,1,20.0,19.1325,17.128333333333334,16.346041666666668,0.7722449599723369,0.7847393605311236,-0.0124944005587867
2025-08-11 11:56:00,19.3,19.3,19.3,19.3,2000,38600.0,19.187499999999996,17.195,16.352708333333332,0.6888919604136845,0.7655698805076359,-0.07667792009395136
2025-08-11 11:58:00,19.3,19.3,19.3,19.3,1000,19300.0,19.2525,17.261666666666667,16.362291666666668,0.6157362831479141,0.7356031610356916,-0.1198668778877775
2025-08-11 12:52:00,20.0,20.0,20.0,20.0,1,20.0,19.345,17.3375,16.371458333333333,0.6072440997271791,0.7099313487739891,-0.10268724904681004
2025-08-11 14:29:00,20.0,20.0,20.0,20.0,1,20.0,19.4375,17.413333333333334,16.380625,0.5936705189875511,0.6866791828167016,-0.09300866382915052
2025-08-18 09:30:00,17.25,17.25,17.25,17.25,2,34.5,19.3925,17.444166666666668,16.37875,0.35689725180991516,0.6207227966153444,-0.2638255448054292
2025-08-18 09:48:00,17.25,17.25,17.25,17.25,1,17.25,19.36,17.472500000000004,16.377708333333334,0.16732392565296905,0.5300430224228693,-0.3627190967699002
2025-08-18 10:46:00,16.85,16.85,16.85,16.85,1000,16850.0,19.3075,17.494166666666665,16.37666666666667,-0.015017841856352021,0.42103084956702497,-0.436048691423377
2025-08-18 10:53:00,17.25,17.25,17.25,17.25,1,17.25,19.259999999999998,17.522499999999997,16.377708333333334,-0.12579822561030696,0.3116650345315586,-0.43746326014186554
2025-08-18 12:11:00,16.85,16.85,16.85,16.85,500,8425.0,19.1125,17.54416666666667,16.376875000000002,-0.24306720746186272,0.2007185861328743,-0.443785793594737
2025-08-18 12:29:00,16.85,16.85,16.85,16.85,5000,84250.0,18.98,17.565833333333334,16.377291666666668,-0.33217461822918537,0.09413994526046235,-0.4263145634896477
2025-08-18 12:30:00,17.2,17.2,17.2,17.2,1000,17200.0,18.865000000000002,17.59916666666667,16.378125,-0.3702824230385815,0.0012554716006535546,-0.37153789463923503
2025-08-27 09:19:00,17.95,17.95,17.95,17.95,1,17.95,18.7675,17.639166666666668,16.381666666666668,-0.3360901627264141,-0.06621365526476,-0.26987650746165415
2025-08-27 09:20:00,17.35,17.35,17.35,17.35,1000,17350.0,18.64,17.66916666666667,16.382708333333333,-0.3533345153282603,-0.12363782727746009,-0.22969668805080024
2025-08-27 09:26:00,17.95,17.95,17.95,17.95,6,107.7,18.542499999999997,17.71,16.38875,-0.31495519596699495,-0.1619013010153671,-0.15305389495162786
2025-08-27 11:54:00,17.35,17.35,17.35,17.35,200,3470.0,18.435000000000002,17.740833333333335,16.389791666666664,-0.32915994352193323,-0.19535302951668035,-0.13380691400525288
2025-08-27 12:36:00,17.35,17.35,17.35,17.35,498,8640.3,18.302500000000002,17.769166666666667,16.390833333333333,-0.33653790877412604,-0.2235900053681695,-0.11294790340595653
2025-08-27 13:14:00,17.3,17.95,17.3,17.95,1001,17317.95,18.2,17.807499999999997,16.394375,-0.29061992817371873,-0.23699598992927937,-0.05362393824443937
2025-08-20 09:21:00,18.2,18.2,18.2,18.2,2,36.4,18.11,17.850833333333334,16.398333333333333,-0.23138937439079044,-0.2358746668215816,0.004485292430791155
2025-08-20 10:12:00,18.2,18.2,18.2,18.2,500,9100.0,18.020000000000003,17.894166666666667,16.405833333333334,-0.18234675391253674,-0.22516908423977267,0.042822330327235925
2025-08-20 10:57:00,17.35,17.35,17.35,17.35,2000,34700.0,17.8875,17.9175,16.409791666666667,-0.2096512905302852,-0.2220655254978752,0.012414234967590004
2025-08-20 11:08:00,18.2,18.2,18.2,18.2,250,4550.0,17.832500000000003,17.9325,16.413958333333333,-0.16084827744697705,-0.20982207588769558,0.04897379844071853
2025-08-20 11:23:00,18.2,18.2,18.2,18.2,1,18.2,17.7775,17.964166666666664,16.418125,-0.12077926973273989,-0.19201351465670444,0.07123424492396455
2025-08-20 12:24:00,17.35,17.35,17.35,17.35,3000,52050.0,17.645000000000003,17.981666666666666,16.41875,-0.15581603839272162,-0.1847740194039079,0.028957981011186268
2025-08-20 12:25:00,17.3,17.4,17.3,17.35,8000,138850.0,17.5125,17.999166666666667,16.419375,-0.1814908168198599,-0.1841173788870983,0.0026265620672384082
2025-08-20 12:28:00,17.75,17.75,17.75,17.75,1,17.75,17.5375,18.0275,16.421666666666667,-0.1676292806380424,-0.18081975923728716,0.01319047859924477
2025-08-20 13:05:00,17.75,17.75,17.75,17.75,1,17.75,17.5625,18.05666666666667,16.423958333333335,-0.15485879752536036,-0.1756275668949018,0.020768769369541445
2025-08-20 14:40:00,17.35,17.35,17.35,17.35,2000,34700.0,17.5875,18.074166666666667,16.424583333333334,-0.17499749255074804,-0.17550155202607107,0.0005040594753230321
2025-08-20 14:41:00,17.85,17.85,17.85,17.85,1,17.85,17.6175,18.097500000000004,16.430625000000003,-0.14889535910852203,-0.17018031344256127,0.021284954334039236
2025-08-20 14:42:00,17.85,17.85,17.85,17.85,1,17.85,17.6675,18.1275,16.436666666666667,-0.12674815645026882,-0.16149388204410278,0.03474572559383396
2025-08-08 09:07:00,19.0,19.0,19.0,19.0,1,19.0,17.775,18.17,16.4475,-0.016214044322573784,-0.13243791449979697,0.11622387017722319
2025-08-08 09:30:00,19.0,19.0,19.0,19.0,1000,19000.0,17.865000000000002,18.21916666666667,16.458125000000003,0.07057153121134618,-0.09183602535756834,0.16240755656891454
2025-08-08 09:41:00,19.0,19.0,19.0,19.0,3000,57000.0,17.9175,18.26833333333333,16.4675,0.13776169402326488,-0.04591648148140169,0.18367817550466659
2025-08-08 09:42:00,19.2,19.2,19.2,19.2,5000,96000.0,18.009999999999998,18.320833333333333,16.477708333333332,0.20478804159358788,0.004224423133596236,0.20056361845999165
2025-08-08 09:57:00,19.55,19.55,19.55,19.55,1000,19550.0,18.09,18.38,16.489375000000003,0.2828880228342321,0.05995714307372343,0.22293087976050865
2025-08-08 11:04:00,19.55,19.55,19.55,19.55,1,19.55,18.2,18.43583333333333,16.504166666666666,0.34085367169417324,0.11613644879781342,0.22471722289635981
2025-08-08 12:29:00,19.55,19.55,19.55,19.55,1000,19550.0,18.310000000000002,18.459999999999997,16.519166666666667,0.38238398152239483,0.16938595534272974,0.2129980261796651
2025-08-08 13:54:00,19.55,19.55,19.55,19.55,1000,19550.0,18.39,18.48416666666667,16.532708333333336,0.4105643213419725,0.2176216285425783,0.19294269279939422
2025-08-22 09:08:00,17.95,17.95,17.95,17.95,2,35.9,18.3775,18.48,16.539583333333333,0.3003288118405969,0.23416306520218202,0.06616574663841487
2025-08-22 09:28:00,17.95,17.95,17.95,17.95,500,8975.0,18.365000000000002,18.475833333333334,16.546458333333334,0.210539409104868,0.22943833398271923,-0.01889892487785122
2025-08-22 12:53:00,17.35,17.35,17.35,17.35,800,13880.0,18.365000000000002,18.461666666666666,16.552083333333336,0.08992902907995415,0.20153647300216623,-0.11160744392221209
2025-08-22 13:16:00,17.95,17.95,17.95,17.95,1,17.95,18.3525,18.457499999999996,16.559375,0.0422721327176383,0.16968360494526066,-0.12741147222762236
2025-08-22 14:55:00,17.35,17.35,17.35,17.35,1000,17350.0,18.31,18.446666666666665,16.56416666666667,-0.04341087306728042,0.12706470934275244,-0.17047558241003286
2025-08-12 09:12:00,19.3,19.3,19.3,19.3,5000,96500.0,18.4075,18.465833333333332,16.57875,0.04550883320456123,0.11075353411511418,-0.06524470091055296
2025-08-12 09:15:00,19.0,19.0,18.85,18.85,8000,151550.0,18.4825,18.4775,16.589375,0.0787592146630729,0.10435467022470594,-0.02559545556163305
2025-08-12 09:18:00,19.5,19.5,19.5,19.5,3,58.5,18.57,18.5,16.601458333333333,0.1557643942711593,0.11463661503399662,0.04112777923716267
2025-08-12 09:19:00,19.5,19.5,18.55,18.55,11000,208450.0,18.610000000000003,18.510833333333334,16.609583333333333,0.13853751910061618,0.11941679584732054,0.01912072325329564
2025-08-12 09:20:00,19.4,19.4,19.4,19.4,5000,97000.0,18.7125,18.535833333333333,16.62125,0.19126817223935788,0.13378707112572805,0.057481101113629834
2025-08-12 09:21:00,19.1,19.1,19.0,19.0,10000,190500.0,18.77,18.549166666666668,16.6325,0.19849283584105848,0.14672822406879413,0.05176461177226435
2025-08-12 09:22:00,18.65,18.65,18.55,18.55,10000,186000.0,18.805,18.52833333333333,16.640625,0.16599372230004406,0.15058132371504412,0.015412398584999931
2025-08-12 09:24:00,17.9,18.2,17.8,18.0,14000,250700.0,18.755000000000003,18.50333333333333,16.649583333333332,0.09476514363058541,0.1394180876981524,-0.04465294406756698
2025-08-12 09:25:00,17.2,17.2,17.2,17.2,10000,172000.0,18.665,18.464999999999996,16.655208333333334,-0.025938331322755914,0.10634680389397072,-0.13228513521672663
2025-08-12 09:26:00,16.65,16.8,15.9,15.9,21000,341800.0,18.509999999999998,18.398333333333333,16.655416666666667,-0.22391469111443385,0.04029450489228979,-0.26420919600672366
2025-08-12 09:27:00,15.6,15.9,15.4,15.9,11000,170900.0,18.345000000000002,18.331666666666663,16.6525,-0.37647264034022854,-0.0430589241542139,-0.3334137161860146
2025-08-12 09:28:00,15.2,15.2,15.2,15.2,3000,45600.0,18.1275,18.253333333333334,16.646666666666665,-0.5475482684762127,-0.14395679301861372,-0.403591475457599
2025-08-12 09:30:00,15.6,15.6,15.6,15.6,2000,31200.0,17.93,18.188333333333336,16.642500000000002,-0.6434331820474171,-0.24385207082437446,-0.39958111122304263
2025-08-12 09:33:00,16.0,16.0,16.0,16.0,500,8000.0,17.7525,18.12166666666667,16.640625000000004,-0.6793152860471068,-0.330944713868921,-0.3483705721781858
2025-08-12 09:38:00,16.0,16.0,16.0,16.0,6802,108832.0,17.575,18.055000000000003,16.638125,-0.6996865608497451,-0.40469308326508585,-0.29499347758465927
2025-08-12 09:41:00,15.95,15.95,15.95,15.95,200,3190.0,17.475,17.9875,16.636041666666667,-0.7116619293036663,-0.46608685247280196,-0.24557507683086438
2025-08-12 09:42:00,15.95,15.95,15.95,15.95,2000,31900.0,17.375,17.92,16.633958333333332,-0.7129342330290598,-0.5154563285840535,-0.19747790444500624
2025-08-12 09:43:00,15.95,15.95,15.95,15.95,500,7975.0,17.305,17.852500000000003,16.63125,-0.7058064455429296,-0.5535263519758288,-0.15228009356710082
2025-08-12 09:44:00,15.95,15.95,15.95,15.95,1000,15950.0,17.205,17.796666666666667,16.628541666666667,-0.6921786183609981,-0.5812568052528627,-0.11092181310813543
2025-08-12 09:48:00,15.8,15.8,15.8,15.8,6000,94800.0,17.1275,17.738333333333333,16.625208333333333,-0.6855792823254596,-0.6021213006673821,-0.0834579816580775
2025-08-12 09:52:00,15.45,15.95,15.4,15.5,10600,164385.0,16.9375,17.663333333333334,16.62125,-0.6965276169719665,-0.621002563928299,-0.07552505304366752
2025-08-12 09:58:00,16.0,16.2,16.0,16.2,10000,161000.0,16.805,17.6,16.61958333333333,-0.6413272795357869,-0.6250675070497966,-0.01625977248599031
2025-08-12 10:09:00,16.55,16.55,16.55,16.55,1,16.55,16.6575,17.58833333333333,16.62,-0.5628503510084606,-0.6126240758415294,0.049773724833068855
2025-08-12 10:10:00,16.55,16.55,16.55,16.55,1,16.55,16.557499999999997,17.576666666666664,16.620416666666667,-0.49495132893139626,-0.5890895264595029,0.09413819752810659
2025-08-12 10:12:00,16.55,16.55,16.55,16.55,1000,16550.0,16.415,17.571666666666665,16.620208333333334,-0.4361136184273562,-0.5584943448530736,0.1223807264257174
2025-08-12 10:16:00,16.55,16.55,16.55,16.55,3000,49650.0,16.2925,17.560000000000002,16.62,-0.38504574132672786,-0.5238046241478045,0.13875888282107662
2025-08-12 10:17:00,16.6,17.05,16.6,17.05,5001,83017.05,16.217499999999998,17.563333333333333,16.622708333333332,-0.3007612707626848,-0.47919595347078053,0.17843468270809576
2025-08-12 10:18:00,17.05,17.05,17.05,17.05,1,17.05,16.169999999999998,17.566666666666666,16.625,-0.2312989502835876,-0.429616552833342,0.1983176025497544
2025-08-12 10:19:00,17.05,17.05,17.05,17.05,4000,68200.0,16.1625,17.564166666666665,16.626875,-0.1742410188508643,-0.3785414460368465,0.20430042718598218
2025-08-12 10:24:00,17.4,17.4,17.4,17.4,2,34.8,16.2375,17.555,16.630208333333332,-0.09963163076139736,-0.32275948298175666,0.2231278522203593
2025-08-12 10:25:00,17.4,17.4,17.4,17.4,1,17.4,16.3125,17.555833333333332,16.633541666666666,-0.0400415787737991,-0.26621590214016516,0.22617432336636606
2025-08-12 10:27:00,17.4,17.7,17.4,17.7,9000,158100.0,16.4375,17.551666666666666,16.640625,0.031033722114198525,-0.2067659772892924,0.23779969940349094
2025-08-12 10:28:00,17.7,17.7,17.7,17.7,1000,17700.0,16.542499999999997,17.5575,16.647708333333334,0.0863658385123216,-0.14813961412896962,0.23450545264129122
2025-08-12 10:29:00,17.8,17.8,17.8,17.8,5000,89000.0,16.6325,17.564999999999998,16.655208333333334,0.13671019365601111,-0.09116965257197346,0.22787984622798457
2025-08-12 10:34:00,18.1,18.1,18.1,18.1,3,54.300000000000004,16.7375,17.567500000000003,16.663958333333333,0.19852744975256442,-0.033230232107065875,0.2317576818596303
2025-08-12 10:36:00,18.1,18.1,18.1,18.1,1500,27150.0,16.845,17.565833333333334,16.672708333333336,0.2446973518253337,0.022355284679414056,0.22234206714591964
2025-08-12 10:37:00,18.1,18.1,18.1,18.1,500,9050.0,16.9525,17.564166666666665,16.678958333333334,0.27808177821481905,0.07350058338649507,0.204581194828324
2025-08-12 10:38:00,18.1,18.1,18.1,18.1,1000,18100.0,17.060000000000002,17.576666666666668,16.685208333333332,0.3010686447226547,0.11901419565372702,0.1820544490689277
2025-08-12 10:40:00,18.1,18.1,18.1,18.1,2,36.2,17.1675,17.575,16.69395833333333,0.3156473162632949,0.15834081977564063,0.15730649648765427
2025-08-12 10:47:00,18.1,18.1,18.1,18.1,2,36.2,17.282500000000002,17.573333333333334,16.700208333333332,0.3234722319573713,0.19136710221198677,0.13210512974538452
2025-08-12 11:23:00,17.6,17.6,17.6,17.6,5000,88000.0,17.3875,17.5775,16.704375000000002,0.2860305307837052,0.2102997879263305,0.07573074285737472
2025-08-12 11:24:00,18.0,18.0,18.0,18.0,2,36.0,17.4775,17.58833333333333,16.710208333333334,0.28534508934241387,0.2253088482095472,0.06003624113286668
2025-08-12 11:25:00,18.0,18.0,18.0,18.0,1,18.0,17.55,17.592499999999998,16.718541666666667,0.2815562666822302,0.23655833190408382,0.0449979347781464
2025-08-12 11:26:00,17.2,17.2,17.2,17.2,1000,17200.0,17.582500000000003,17.583333333333332,16.721041666666665,0.2115615336387009,0.23155897225100727,-0.01999743861230638
2025-08-12 11:29:00,18.0,18.0,18.0,18.0,1,18.0,17.655,17.59416666666667,16.729374999999997,0.21812906149759925,0.2288729901003257,-0.010743928602726438
2025-08-12 11:30:00,18.0,18.0,18.0,18.0,1,18.0,17.7275,17.596666666666668,16.737708333333334,0.2207887592617226,0.2272561439326051,-0.006467384670882509
2025-08-12 11:35:00,18.0,18.0,17.8,17.8,5000,89800.0,17.765,17.595833333333335,16.742916666666666,0.20440204088020053,0.2226853233221242,-0.018283282441923676
2025-08-12 11:46:00,18.1,18.1,18.1,18.1,1,18.1,17.817500000000003,17.58083333333333,16.749791666666667,0.21316569980203326,0.22078139861810606,-0.007615698816072797
2025-08-12 11:47:00,18.1,18.1,18.1,18.1,2,36.2,17.87,17.565833333333334,16.756666666666668,0.21760257559774487,0.22014563401403384,-0.0025430584162889625
2025-08-12 13:00:00,17.3,17.3,17.2,17.2,7000,120900.0,17.860000000000003,17.535833333333336,16.75979166666667,0.14680408711178927,0.20547732463358492,-0.05867323752179565
2025-08-12 13:03:00,17.2,17.2,17.2,17.2,2000,34400.0,17.85,17.5025,16.762916666666666,0.08966220482664511,0.18231430067219698,-0.09265209584555187
2025-08-12 13:12:00,17.5,17.5,17.5,17.5,3,52.5,17.84,17.46833333333333,16.76729166666667,0.06780275625764176,0.15941199178928595,-0.09160923553164418
2025-08-12 13:21:00,17.5,17.5,17.5,17.5,1000,17500.0,17.830000000000002,17.43416666666667,16.773541666666667,0.049903726680696536,0.13751033876756807,-0.08760661208687154
2025-08-12 13:24:00,17.5,17.5,17.5,17.5,1000,17500.0,17.815,17.4,16.780625,0.035311567021491186,0.11707058441835269,-0.0817590173968615
2025-08-12 13:25:00,17.5,17.5,17.5,17.5,2,35.0,17.785,17.36583333333333,16.787708333333335,0.023476552279699803,0.09835177799062211,-0.07487522571092231
2025-08-12 13:34:00,17.5,17.5,17.5,17.5,1000,17500.0,17.755000000000003,17.358333333333334,16.794166666666666,0.013936565775107823,0.08146873554751927,-0.06753216977241144
2025-08-12 13:50:00,17.5,17.5,17.5,17.5,1530,26775.0,17.725,17.350833333333334,16.800625,0.006303396111682957,0.06643566766035201,-0.060132271548669056
2025-08-12 14:17:00,18.05,18.05,18.05,18.05,3,54.150000000000006,17.7225,17.3625,16.809375,0.04412580282994938,0.06197369469427148,-0.017847891864322105
2025-08-15 11:07:00,16.9,16.9,16.9,16.9,100,1690.0,17.6625,17.345000000000002,16.813333333333333,-0.018482007323317617,0.04588255429075366,-0.06436456161407128
2025-08-15 11:09:00,16.9,16.9,16.9,16.9,1000,16900.0,17.6025,17.3375,16.817083333333333,-0.0673230892687755,0.023241425578847827,-0.09056451484762333
2025-08-15 11:19:00,16.9,16.9,16.9,16.9,2000,33800.0,17.567500000000003,17.2975,16.823958333333334,-0.10482167951927579,-0.0023711954407769037,-0.10245048407849888
2025-08-15 11:38:00,17.7,17.7,17.7,17.7,2,35.4,17.552500000000002,17.278333333333332,16.834166666666665,-0.06918870402300925,-0.01573469715722338,-0.05345400686578587
2025-08-15 12:26:00,16.9,17.0,16.9,17.0,4000,67800.0,17.5025,17.236666666666668,16.841458333333332,-0.09632311120943271,-0.031852379967665254,-0.06447073124176746
2025-08-15 12:27:00,16.9,16.9,16.9,16.9,1000,16900.0,17.4875,17.209166666666665,16.845833333333335,-0.12446177084313348,-0.05037425814275891,-0.07408751270037457
2025-08-15 13:06:00,16.9,16.9,16.9,16.9,3000,50700.0,17.432499999999997,17.1675,16.850208333333335,-0.1450893614867077,-0.06931727881154869,-0.07577208267515902
2025-08-15 14:45:00,17.2,17.2,17.2,17.2,2,34.4,17.3925,17.1375,16.855833333333333,-0.1356655152788342,-0.0825869261050058,-0.05307858917382839
2025-08-01 10:50:00,15.95,15.95,15.95,15.95,1,15.95,17.3,17.09416666666667,16.85625,-0.2264512139447028,-0.11135978367294523,-0.11509143027175757
2025-08-01 11:08:00,15.95,15.95,15.95,15.95,1000,15950.0,17.1925,17.06,16.859375,-0.29499896972058437,-0.14808762088247307,-0.1469113488381113
2025-08-01 11:19:00,15.95,15.95,15.95,15.95,1,15.95,17.085,17.039166666666667,16.862291666666668,-0.34534266476185493,-0.18753862965834947,-0.15780403510350546
2025-08-01 12:33:00,15.95,15.95,15.95,15.95,3000,47850.0,17.0225,17.04,16.865625,-0.38085020173422635,-0.22620094407352487,-0.15464925766070148
2025-08-01 12:34:00,15.75,15.9,15.75,15.9,1050,16687.5,16.9575,17.04,16.867708333333333,-0.40831792783241383,-0.2626243408253027,-0.1456935870071111
2025-08-01 12:43:00,16.0,16.0,16.0,16.0,3593,57488.0,16.8825,17.05333333333333,16.871458333333333,-0.41720782232151166,-0.29354103712454455,-0.12366678519696711
2025-08-01 13:13:00,16.3,16.3,16.3,16.3,1,16.3,16.822499999999998,17.065,16.875208333333333,-0.39548671034206606,-0.3139301717680489,-0.08155653857401718
2025-08-01 13:15:00,16.3,16.3,16.3,16.3,3000,48900.0,16.7625,17.07,16.878958333333333,-0.37396177405797815,-0.32593649222603477,-0.04802528183194338
2025-08-01 14:41:00,15.6,15.6,15.6,15.6,20,312.0,16.667499999999997,17.063333333333336,16.879791666666666,-0.4086762909401571,-0.3424844519688593,-0.06619183897129782
2025-08-19 09:32:00,17.2,17.2,17.2,17.2,2,34.4,16.6525,17.084166666666665,16.887291666666666,-0.3035816669482436,-0.3347038949647362,0.03112222801649256
2025-08-19 10:01:00,17.2,17.2,17.2,17.2,4000,68800.0,16.6375,17.105,16.894791666666666,-0.2177829539409224,-0.31131970675997345,0.09353675281905105
2025-08-19 10:11:00,17.5,17.5,17.2,17.2,6000,104700.0,16.595,17.125833333333333,16.902291666666667,-0.14807988302132813,-0.27867174201224437,0.13059185899091624
2025-08-19 10:26:00,17.75,17.75,17.75,17.75,2,35.5,16.6375,17.15583333333333,16.91208333333333,-0.047907051012852975,-0.2325188038123661,0.1846117527995131
2025-08-19 10:41:00,17.75,17.75,17.75,17.75,3000,53250.0,16.68,17.188333333333333,16.92145833333333,0.031121886327266424,-0.17979066578443959,0.210912552111706
2025-08-19 13:38:00,18.2,18.2,18.2,18.2,2,36.4,16.744999999999997,17.233333333333334,16.932708333333334,0.12858191545326036,-0.1181161495368996,0.24669806499015995
2025-08-21 09:18:00,17.85,17.85,17.85,17.85,2,35.7,16.7525,17.26083333333333,16.9425,0.1755539392362664,-0.05938213178226639,0.23493607101853278
2025-08-21 09:58:00,17.95,17.95,17.95,17.95,1,17.95,16.8,17.284166666666668,16.95270833333333,0.21833197565615237,-0.003839310294582623,0.222171285950735
2025-08-21 09:59:00,17.95,17.95,17.95,17.95,1,17.95,16.8525,17.3075,16.962916666666665,0.2493594175730891,0.04680043527895174,0.20255898229413738
2025-08-21 10:27:00,17.95,17.95,17.95,17.95,1,17.95,16.904999999999998,17.33083333333333,16.971458333333334,0.2708269641738461,0.09160574105793064,0.17922122311591548
2025-08-21 11:04:00,17.35,17.35,17.35,17.35,2000,34700.0,16.9125,17.34416666666667,16.977083333333333,0.23669667203285627,0.12062392725291578,0.11607274477994049
2025-08-21 11:16:00,17.95,17.95,17.95,17.95,1,17.95,17.0125,17.359166666666667,16.985208333333336,0.25512226454879894,0.14752359471209242,0.10759866983670652
2025-08-21 11:17:00,17.95,17.95,17.95,17.95,1,17.95,17.1125,17.374166666666667,16.993333333333332,0.2666508938470571,0.17134905453908536,0.09530183930797173
2025-08-21 13:08:00,17.95,17.95,17.95,17.95,1000,17950.0,17.2125,17.389166666666668,17.000208333333333,0.27264453909387854,0.191608151450044,0.08103638764383453
2025-08-21 13:22:00,17.95,17.95,17.95,17.95,1,17.95,17.3125,17.39833333333333,17.007083333333334,0.27423335472493093,0.20813319210502143,0.0661001626199095
2025-08-25 09:50:00,17.95,17.95,17.95,17.95,1,17.95,17.415,17.407500000000002,17.01625,0.27235298686065335,0.22097715105614782,0.051375835804505526
2025-08-25 12:01:00,17.95,17.95,17.95,17.95,200,3590.0,17.5125,17.41166666666667,17.023125,0.26777602643296916,0.2303369261315121,0.03743910030145706
2025-08-25 12:41:00,17.35,17.35,17.35,17.35,1000,17350.0,17.565,17.40583333333333,17.0275,0.21327526226389537,0.22692459335798879,-0.013649331094093414
2025-08-25 13:35:00,17.35,17.35,17.35,17.35,800,13880.0,17.6175,17.398333333333333,17.031875,0.16814474603725316,0.21516862389384167,-0.047023877856588514
2025-08-25 15:00:00,17.95,17.95,17.95,17.95,1,17.95,17.735000000000003,17.395833333333332,17.03875,0.1787331478991483,0.20788152869490303,-0.02914838079575474
2025-08-13 09:01:00,18.05,18.05,17.6,17.6,1610,28385.5,17.755,17.3875,17.044166666666666,0.1570718314331181,0.19771958924254607,-0.040647757809427976
2025-08-13 09:02:00,17.6,17.6,17.25,17.25,9200,160070.0,17.7575,17.373333333333335,17.048125000000002,0.11039049424254799,0.18025377024254646,-0.06986327599999848
2025-08-13 09:03:00,18.05,18.05,17.25,17.8,3303,56978.65000000001,17.7875,17.368333333333332,17.054375,0.11643342955771274,0.16748970210557973,-0.05105627254786699
2025-08-13 09:04:00,17.8,17.8,17.8,17.8,1,17.8,17.79,17.363333333333333,17.060625,0.1198410463481423,0.15795997095409225,-0.038118924605949955
2025-08-13 09:05:00,17.6,17.6,17.6,17.6,1,17.6,17.7825,17.355,17.066041666666667,0.10519070569849731,0.14740611790297328,-0.04221541220447597
2025-08-13 09:06:00,17.6,17.6,17.6,17.6,3000,52800.0,17.7525,17.355,17.074791666666666,0.09251376409893552,0.13642764714216574,-0.04391388304323021
2025-08-13 09:24:00,17.6,17.6,17.6,17.6,2,35.2,17.740000000000002,17.348333333333336,17.080208333333335,0.08152739943718146,0.1254475976011689,-0.04392019816398743
2025-08-13 09:40:00,17.6,17.75,17.6,17.75,2000,35350.0,17.73,17.34416666666667,17.08625,0.08395657356900088,0.11714939279473528,-0.0331928192257344
2025-08-13 09:44:00,17.75,17.75,17.75,17.75,1,17.75,17.720000000000002,17.353333333333335,17.092291666666664,0.08490300260596584,0.1107001147569814,-0.025797112151015558
2025-08-13 09:45:00,17.75,17.75,17.75,17.75,1,17.75,17.71,17.34916666666667,17.101666666666667,0.08467695125195362,0.10549548205597585,-0.020818530804022226
2025-08-13 11:53:00,17.0,17.0,17.0,17.0,200,3400.0,17.692500000000003,17.3325,17.109166666666667,0.02370580615975726,0.08913754687673213,-0.06543174071697487
2025-08-13 12:01:00,17.0,17.0,17.0,17.0,50,850.0,17.645000000000003,17.319166666666668,17.116875,-0.02433376114791841,0.06644328527180203,-0.09077704641972044
2025-08-13 12:05:00,17.0,17.1,17.0,17.1,4300,73130.0,17.6025,17.302500000000002,17.125,-0.0537170829855782,0.04241121162032598,-0.09612829460590419
2025-08-13 12:22:00,16.95,16.95,16.95,16.95,300,5085.0,17.5525,17.283333333333335,17.1325,-0.08809185555940857,0.016310598184379067,-0.10440245374378763
2025-08-13 12:29:00,16.95,16.95,16.95,16.95,2000,33900.0,17.5025,17.279166666666665,17.141250000000003,-0.11401976164363958,-0.00975547378122467,-0.10426428786241491
2025-08-13 12:52:00,16.95,16.95,16.95,16.95,2000,33900.0,17.4525,17.275,17.14875,-0.13303427767380782,-0.034411234559741315,-0.0986230431140665
2025-08-13 12:56:00,17.2,17.2,17.2,17.2,5000,86000.0,17.415,17.27,17.157291666666666,-0.12647261043050406,-0.05282350973389388,-0.07364910069661018
2025-08-13 13:01:00,17.7,17.7,17.7,17.7,2,35.4,17.432499999999997,17.273333333333333,17.170416666666664,-0.08000437985036513,-0.05825968375718814,-0.021744696093176988
2025-08-13 13:38:00,17.65,17.65,17.65,17.65,400,7060.0,17.4475,17.27583333333333,17.181875,-0.04667451965395131,-0.05594265093654078,0.009268131282589472
2025-08-13 14:27:00,16.9,17.2,16.9,17.2,1470,24984.0,17.41,17.270833333333332,17.19,-0.05592691386298654,-0.055939503521829935,1.2589658843396856e-05
2025-08-13 14:47:00,17.7,17.7,17.7,17.7,2,35.4,17.415,17.274166666666666,17.200208333333332,-0.022652557031172194,-0.04928211422369839,0.026629557192526195
2025-08-06 09:01:00,19.75,19.75,18.95,18.95,18000,349000.0,17.5,17.298333333333336,17.215625,0.10339034427046556,-0.01874762252486559,0.12213796679533115
2025-08-06 09:05:00,19.35,19.35,19.15,19.35,10001,192519.35,17.5775,17.32,17.232708333333335,0.2328724994866107,0.03157640187742968,0.20129609760918102
2025-08-06 09:06:00,19.35,19.4,19.0,19.4,15000,289150.0,17.6575,17.361666666666668,17.25,0.3356534188213516,0.09239180526621409,0.24326161355513748
2025-08-06 09:07:00,19.45,19.45,19.45,19.45,1000,19450.0,17.75,17.404166666666665,17.267500000000002,0.41634327392610615,0.15718209899819252,0.25916117492791363
2025-08-06 09:08:00,19.15,19.15,19.15,19.15,421,8062.15,17.8275,17.441666666666666,17.28375,0.4508855447469102,0.21592278814793608,0.23496275659897414
2025-08-06 09:11:00,19.75,19.75,19.75,19.75,1,19.75,17.935,17.475833333333334,17.302500000000002,0.5206735284982891,0.27687293621800674,0.24380059228028234
2025-08-06 09:12:00,19.75,19.75,19.75,19.75,1,19.75,18.035,17.521666666666665,17.323958333333334,0.5694171222807327,0.335381773430552,0.23403534885018074
2025-08-06 09:14:00,19.75,19.75,19.75,19.75,1,19.75,18.134999999999998,17.569166666666668,17.342708333333334,0.6011174635942567,0.38852891146329294,0.21258855213096373
2025-08-06 09:18:00,19.7,19.7,19.7,19.7,77,1516.9,18.232499999999998,17.615833333333335,17.363958333333333,0.615114967887255,0.4338461227480854,0.18126884513916952
2025-08-06 09:22:00,19.7,19.7,19.7,19.7,1001,19719.7,18.3675,17.657500000000002,17.38520833333333,0.6190718163460183,0.4708912614676721,0.1481805548783462
2025-08-06 09:23:00,19.7,19.7,19.7,19.7,1,19.7,18.502499999999998,17.719999999999995,17.403750000000002,0.6151169618183161,0.4997364015378009,0.11538056028051519
2025-08-06 09:24:00,19.7,19.7,19.7,19.7,1000,19700.0,18.6325,17.782500000000002,17.42229166666667,0.6050085491619264,0.520790831062626,0.08421771809930034
2025-08-06 09:40:00,18.85,18.85,18.85,18.85,1000,18850.0,18.7275,17.830833333333334,17.437291666666667,0.5223879005090666,0.5211102449519142,0.001277655557152424
2025-08-06 09:46:00,19.7,19.7,19.7,19.7,2,39.4,18.865,17.89333333333333,17.455833333333334,0.5195097524134162,0.5207901464442146,-0.0012803940307983819
2025-08-06 09:52:00,19.7,19.7,19.7,19.7,100,1970.0,19.002499999999998,17.956666666666663,17.474375000000002,0.5113344540203748,0.5188990079594467,-0.00756455393907185
2025-08-06 09:54:00,19.7,19.7,19.7,19.7,100,1970.0,19.1275,18.01833333333333,17.495625,0.4991021324415499,0.5149396328558673,-0.015837500414317418
2025-08-06 10:07:00,19.7,19.7,19.7,19.7,1000,19700.0,19.2275,18.075,17.514166666666664,0.48383063111977265,0.5087178325086483,-0.02488720138887568
2025-08-06 10:16:00,19.7,19.7,19.7,19.7,2,39.4,19.33,18.131666666666668,17.532708333333332,0.46635204027086274,0.5002446740610912,-0.033892633790228444
2025-08-06 10:30:00,19.7,19.7,19.7,19.7,1000,19700.0,19.455,18.2,17.55125,0.44734343444598323,0.4896644261380696,-0.04232099169208636
2025-08-06 10:31:00,19.7,19.7,19.7,19.7,2,39.4,19.555,18.241666666666667,17.57,0.427352721227674,0.47720208515599055,-0.04984936392831657
2025-08-06 11:01:00,19.7,19.7,19.7,19.7,2,39.4,19.5925,18.283333333333335,17.589583333333334,0.406820365045494,0.46312574113389127,-0.05630537608839725
2025-08-06 12:34:00,19.7,19.7,19.7,19.7,1000,19700.0,19.61,18.325,17.607916666666664,0.38609763168286904,0.4477201192436869,-0.06162248756081784
2025-08-06 13:05:00,18.85,19.15,18.85,19.05,19000,361950.0,19.5925,18.346666666666668,17.623541666666664,0.3136100470633423,0.42089810480761797,-0.10728805774427569
2025-08-06 13:06:00,18.8,18.8,18.8,18.8,554,10415.199999999999,19.56,18.364166666666666,17.638125000000002,0.23330085629803676,0.38337865510570174,-0.15007779880766497
2025-08-06 13:10:00,18.85,18.85,18.85,18.85,3000,56550.0,19.544999999999998,18.375,17.652291666666663,0.1717104549144146,0.34104501506744433,-0.16933456015302972
2025-08-06 13:14:00,18.8,18.8,18.8,18.8,3000,56400.0,19.4975,18.390833333333333,17.666249999999998,0.11751044864616844,0.29633810178318915,-0.1788276531370207
2025-08-06 13:15:00,18.8,19.0,18.8,19.0,3000,56800.0,19.46,18.408333333333335,17.68125,0.08966132181325293,0.2550027457892019,-0.16534142397594898
2025-08-06 13:21:00,19.3,19.3,19.3,19.3,1000,19300.0,19.4375,18.430833333333332,17.696875,0.09075204783517776,0.22215260619839705,-0.1314005583632193
2025-08-06 13:25:00,19.3,19.3,19.15,19.2,6000,115675.0,19.4125,18.451666666666668,17.712083333333332,0.08259518591122017,0.19424112214096168,-0.1116459362297415
2025-08-06 13:31:00,19.35,19.35,19.35,19.35,1000,19350.0,19.395,18.485,17.727916666666665,0.0872290384105554,0.17283870539488044,-0.08560966698432504
2025-08-06 13:34:00,19.35,19.35,19.35,19.35,2,38.7,19.3775,18.508333333333333,17.74375,0.08986548651219195,0.15624406161834276,-0.0663785751061508
2025-08-06 14:37:00,19.35,19.35,19.35,19.35,200,3870.0,19.360000000000003,18.53166666666667,17.759583333333335,0.0909069716458113,0.14317664362383647,-0.05226967197802518
2025-08-05 09:07:00,16.45,16.45,16.45,16.45,5000,82250.0,19.240000000000002,18.506666666666668,17.764791666666667,-0.14065205819703053,0.08641090325966307,-0.22706296145669358
2025-08-05 09:09:00,16.8,16.8,16.8,16.8,2000,33600.0,19.095000000000002,18.4875,17.77,-0.2925498501457291,0.010618752578584615,-0.30316860272431373
2025-08-05 09:17:00,16.8,16.8,16.8,16.8,3000,50400.0,18.950000000000003,18.46833333333333,17.775208333333335,-0.40822419027481516,-0.07314983599209537,-0.3350743542827198
2025-08-05 09:23:00,16.3,16.3,16.3,16.3,100,1630.0,18.779999999999998,18.44083333333333,17.77854166666667,-0.5340861468970353,-0.1653370981730834,-0.36874904872395187
2025-08-05 09:26:00,17.1,17.1,17.1,17.1,1,17.1,18.65,18.436666666666667,17.785208333333333,-0.5627918263372713,-0.24482804380592102,-0.31796378253135027
2025-08-05 09:34:00,17.1,17.1,17.1,17.1,1,17.1,18.520000000000003,18.4325,17.79125,-0.5788684489603924,-0.31163612483681535,-0.267232324123577
2025-08-05 09:35:00,17.1,17.1,16.5,16.8,5500,93450.0,18.375,18.413333333333334,17.796041666666667,-0.6087989259561688,-0.3710686850606861,-0.23773024089548273
2025-08-05 09:36:00,17.15,17.15,17.15,17.15,1,17.15,18.247500000000002,18.40583333333333,17.802500000000002,-0.5973906224519325,-0.41633307253893537,-0.18105754991299716
2025-08-05 09:37:00,17.15,17.15,17.15,17.15,1,17.15,18.119999999999997,18.404166666666665,17.808958333333333,-0.5816446225844913,-0.4493953825480466,-0.13224924003644473
2025-08-05 09:38:00,17.15,17.15,17.05,17.15,12000,205600.0,17.9925,18.39333333333333,17.813958333333336,-0.5626795842543331,-0.47205222288930393,-0.09062736136502914
2025-08-05 09:39:00,17.0,17.0,17.0,17.0,2000,34000.0,17.89,18.38,17.812708333333333,-0.5533744450013138,-0.488316667311706,-0.06505777768960785
2025-08-05 09:42:00,17.0,17.0,17.0,17.0,900,15300.0,17.800000000000004,18.37,17.815625,-0.5397778322532076,-0.4986089003000064,-0.04116893195320126
2025-08-05 09:44:00,17.55,17.55,17.0,17.55,1002,17035.1,17.735,18.369166666666665,17.820833333333333,-0.47909925722544955,-0.4947069716850951,0.015607714459645539
2025-08-05 09:52:00,17.55,17.55,17.55,17.55,1000,17550.0,17.6725,18.368333333333336,17.826041666666665,-0.42609924252022324,-0.48098542585212073,0.05488618333189749
2025-08-05 09:54:00,17.55,17.55,17.55,17.55,3000,52650.0,17.6,18.365000000000002,17.832291666666666,-0.37971918265122895,-0.46073217721194243,0.08101299456071348
2025-08-05 09:55:00,17.2,17.85,17.2,17.5,12162,216316.4,17.509999999999998,18.360833333333336,17.838541666666668,-0.3430428487635382,-0.4371943115222616,0.09415146275872344
2025-08-05 09:57:00,17.6,17.6,17.6,17.6,300,5280.0,17.43,18.358333333333334,17.843958333333333,-0.3024213011448218,-0.41023970944677374,0.10781840830195194
2025-08-05 09:59:00,17.6,17.6,17.6,17.6,200,3520.0,17.342499999999998,18.368333333333336,17.84875,-0.2671489057040084,-0.38162154869822074,0.11447264299421234
2025-08-05 10:00:00,17.6,17.6,17.6,17.6,150,2640.0,17.255000000000003,18.378333333333334,17.855208333333334,-0.23646940607711642,-0.3525911201739999,0.11612171409688349
2025-08-05 10:05:00,18.4,18.4,17.8,18.4,5102,93416.79999999999,17.2075,18.4,17.863333333333333,-0.1459202892061633,-0.3112569539804326,0.16533666477426934
2025-08-05 10:06:00,18.5,18.9,18.5,18.6,8001,148618.9,17.315,18.427500000000002,17.873958333333334,-0.05735992368953191,-0.2604775479222525,0.20311762423272056
2025-08-05 10:07:00,18.9,18.9,18.9,18.9,2,37.8,17.419999999999998,18.46,17.88583333333333,0.0366102763441738,-0.2010599830689672,0.237670259413141
2025-08-05 10:11:00,18.3,18.3,18.3,18.3,300,5490.0,17.494999999999997,18.4825,17.895208333333333,0.06195319344928407,-0.14845734776531694,0.210410541214601
2025-08-05 10:12:00,18.9,18.9,18.9,18.9,2,37.8,17.625,18.51083333333333,17.907291666666666,0.12896598384844893,-0.09297268144256375,0.2219386652910127
2025-08-05 10:16:00,18.3,18.3,18.3,18.3,400,7320.0,17.685,18.520833333333332,17.916041666666665,0.13213593662445078,-0.04795095782916084,0.18008689445361162
2025-08-05 10:18:00,18.3,18.3,18.3,18.3,150,2745.0,17.744999999999997,18.53166666666667,17.916875,0.1331136952196168,-0.011738027219405303,0.1448517224390221
2025-08-05 10:20:00,18.9,18.9,18.9,18.9,5,94.5,17.85,18.56,17.920208333333335,0.1802260280765715,0.026654783839790072,0.15357124423678142
2025-08-05 10:22:00,18.4,18.9,18.3,18.9,3188,58653.2,17.9375,18.58,17.923125000000002,0.21508354210323333,0.06434053549247873,0.1507430066107546
2025-08-05 10:26:00,18.9,18.9,18.9,18.9,1,18.9,18.025,18.579166666666666,17.926041666666666,0.23994246571838573,0.09946092153766015,0.1404815441807256
2025-08-05 10:42:00,18.0,18.0,18.0,18.0,2000,36000.0,18.0675,18.55666666666667,17.92520833333333,0.18488957150554697,0.11654665153123753,0.06834291997430944
2025-08-05 10:53:00,18.8,18.8,18.8,18.8,2,37.6,18.1575,18.546666666666667,17.92770833333333,0.20346762223331538,0.13393084567165311,0.06953677656166227
2025-08-05 11:00:00,18.8,18.9,18.3,18.8,13051,244763.9,18.2475,18.535833333333336,17.931041666666665,0.21570435574101765,0.15028554768552604,0.0654188080554916
2025-08-05 11:01:00,19.05,19.05,18.9,18.9,3100,58740.0,18.315,18.53166666666667,17.934166666666666,0.23081057879416278,0.1663905539072534,0.06442002488690937
2025-08-05 11:02:00,19.1,19.8,18.85,19.8,6260,119920.5,18.427500000000002,18.532500000000002,17.941041666666663,0.31181049054469767,0.19547454123474228,0.11633594930995539
2025-08-05 11:03:00,19.2,19.8,19.2,19.8,2610,50118.0,18.54,18.533333333333335,17.947916666666668,0.3717185639612737,0.2307233457800486,0.14099521818122507
2025-08-05 11:04:00,19.2,19.2,19.2,19.2,150,2880.0,18.625,18.524166666666666,17.953333333333333,0.36655573186358836,0.2578898229967566,0.10866590886683175
2025-08-05 11:06:00,19.8,19.8,19.8,19.8,2,39.6,18.735,18.52583333333333,17.96125,0.40619675250655973,0.28755120889871727,0.11864554360784246
2025-08-05 11:07:00,19.8,19.8,19.8,19.8,300,5940.0,18.845000000000002,18.527499999999996,17.967916666666667,0.43262550939200395,0.3165660689973746,0.11605944039462934
2025-08-05 11:08:00,19.8,19.8,19.5,19.5,6000,118500.0,18.94,18.524166666666666,17.966666666666665,0.42446997123225927,0.3381468494443516,0.08632312178790769
2025-08-05 11:09:00,20.2,20.2,20.2,20.2,10,202.0,19.03,18.532500000000002,17.969583333333333,0.46908349579391384,0.3643341787142641,0.10474931707964974
2025-08-05 11:13:00,20.25,20.25,20.25,20.25,1,20.25,19.1125,18.555833333333332,17.972708333333333,0.5026800350283267,0.3920033499770767,0.11067668505125
2025-08-05 11:14:00,20.25,20.25,20.25,20.25,1,20.25,19.18,18.565,17.97416666666667,0.5232735625193534,0.41825739248553206,0.10501617003382135
2025-08-05 11:19:00,19.35,19.35,19.35,19.35,100,1935.0,19.232499999999998,18.559166666666666,17.971875,0.4616499893283432,0.42693591185409435,0.03471407747424887
2025-08-05 11:20:00,19.35,19.35,19.35,19.35,249,4818.15,19.255000000000003,18.553333333333335,17.969583333333333,0.4081084435025879,0.4231704181837931,-0.015061974681205181
2025-08-05 11:23:00,19.5,20.25,19.5,20.25,1109,21782.25,19.3525,18.5625,17.972708333333333,0.4333040022601544,0.4251971349990654,0.008106867261089001
2025-08-05 11:25:00,20.25,20.25,20.25,20.25,2,40.5,19.45,18.571666666666665,17.97375,0.44810617505015315,0.42977894300928304,0.01832723204087011
2025-08-05 11:27:00,19.5,19.5,19.5,19.5,1000,19500.0,19.48,18.568333333333335,17.971666666666668,0.39476763606738885,0.4227766816209042,-0.028009045553515355
2025-08-05 11:29:00,20.25,20.25,20.25,20.25,3,60.75,19.5475,18.5775,17.972708333333333,0.40830846579807556,0.4198830384563385,-0.01157457265826295
2025-08-05 11:30:00,20.25,20.25,20.25,20.25,1,20.25,19.615000000000002,18.586666666666666,17.97375,0.41426429005091236,0.4187592887752533,-0.004494998724340948
2025-08-05 11:36:00,20.25,20.25,19.65,19.85,9000,180300.0,19.707500000000003,18.589166666666664,17.973125,0.3823007416444355,0.4114675793490898,-0.02916683770465428
2025-08-05 11:37:00,20.3,20.3,20.2,20.2,5500,111550.0,19.7775,18.608333333333334,17.976875,0.3808215998257509,0.405338383444422,-0.0245167836186711
2025-08-05 11:38:00,20.0,20.0,20.0,20.0,2000,40000.0,19.8375,18.628333333333334,17.979791666666664,0.3593684647846054,0.39614439971245874,-0.03677593492785336
2025-08-05 11:39:00,19.9,19.9,19.9,19.9,1000,19900.0,19.8875,18.645833333333332,17.979374999999997,0.3304878779029714,0.38301309535056133,-0.05252521744758992
2025-08-05 11:40:00,19.9,19.9,19.9,19.9,1000,19900.0,19.892500000000002,18.664166666666667,17.97895833333333,0.3040943938458156,0.36722935504961224,-0.06313496120379664
2025-08-05 11:42:00,19.9,19.9,19.9,19.9,3000,59700.0,19.8975,18.679166666666667,17.99,0.27995027506775116,0.34977353905324005,-0.06982326398548888
2025-08-05 11:44:00,20.5,20.5,20.5,20.5,2,41.0,19.9625,18.699166666666667,18.003541666666663,0.30570687403003305,0.34096020604859867,-0.03525333201856562
2025-08-05 11:45:00,19.9,19.9,19.9,19.9,3000,59700.0,19.967499999999998,18.71083333333333,18.016250000000003,0.27453945869814333,0.3276760565785076,-0.05313659788036429
2025-08-05 11:46:00,20.5,20.5,20.5,20.5,2,41.0,20.002499999999998,18.73,18.029791666666668,0.29485513661535023,0.32111187258587615,-0.026256735970525913
2025-08-05 11:58:00,20.5,20.5,20.5,20.5,1000,20500.0,20.0525,18.749166666666664,18.045,0.3074118057913289,0.3183718592269667,-0.010960053435637829
2025-08-05 12:01:00,20.5,20.5,20.5,20.5,1,20.5,20.0675,18.76833333333333,18.060208333333335,0.31374638356975737,0.31744676409552486,-0.003700380525767488
2025-08-05 12:02:00,20.5,20.5,20.5,20.5,1,20.5,20.08,18.83583333333333,18.073958333333334,0.3151339144950889,0.31698419417543766,-0.0018502796803487875
2025-08-05 12:08:00,20.5,20.5,20.25,20.3,4000,81550.0,20.0825,18.894166666666667,18.08375,0.296675325738633,0.3129224204880767,-0.016247094749443747
2025-08-05 12:11:00,20.8,20.8,20.8,20.8,3,62.4,20.155,18.960833333333333,18.098125,0.3187185929438243,0.31408165497922624,0.004636937964598076
2025-08-05 12:13:00,19.9,19.9,19.9,19.9,2000,39800.0,20.182499999999997,19.020833333333332,18.10625,0.26056196647559204,0.30337771727849944,-0.04281575080290739
2025-08-05 12:20:00,20.8,20.8,20.8,20.8,7,145.6,20.21,19.0825,18.120625,0.28382316264463725,0.299466806351727,-0.01564364370708976
2025-08-05 12:21:00,20.8,20.8,20.8,20.8,2,41.6,20.2375,19.144166666666667,18.134999999999998,0.2988132945418158,0.2993361039897448,-0.0005228094479289846
2025-08-05 12:22:00,20.8,20.8,20.8,20.8,6,124.80000000000001,20.302500000000002,19.210833333333333,18.146875,0.3071524201644813,0.3008993672246921,0.006253052939789172
2025-08-05 12:35:00,19.9,20.8,19.9,20.8,1001,19920.8,20.330000000000002,19.271666666666665,18.157708333333336,0.3101856106646963,0.302756615912693,0.007428994752003315
2025-08-05 12:36:00,20.8,20.8,20.8,20.8,1,20.8,20.357499999999998,19.332499999999996,18.16854166666667,0.30902716321427093,0.3040107253730086,0.005016437841262322
2025-08-05 12:39:00,20.8,20.8,20.8,20.8,8,166.4,20.404999999999998,19.393333333333334,18.182916666666664,0.3045978706167638,0.30412815442175967,0.00046971619500413286
2025-08-05 12:41:00,20.8,20.8,20.8,20.8,1000,20800.0,20.435,19.456666666666667,18.19375,0.2976564263239432,0.3028338088021964,-0.005177382478253223
2025-08-05 13:00:00,20.75,20.75,20.75,20.75,200,4150.0,20.4725,19.519166666666667,18.204375000000002,0.2848372728030846,0.2992345016023741,-0.014397228799289508
2025-08-05 13:02:00,20.75,20.75,20.75,20.75,24,498.0,20.515,19.5725,18.218541666666667,0.2715477676479594,0.29369715481149117,-0.022149387163531764
2025-08-05 13:06:00,20.75,20.75,20.75,20.75,100,2075.0,20.557499999999997,19.625833333333333,18.23270833333333,0.2580412007298598,0.28656596399516493,-0.02852476326530512
2025-08-05 13:09:00,20.75,20.75,20.75,20.75,10,207.5,20.6,19.679166666666667,18.24520833333333,0.24451849216747945,0.27815646962962787,-0.033637977462148416
2025-08-05 13:13:00,20.75,20.75,20.75,20.75,1,20.75,20.6125,19.733333333333334,18.25770833333333,0.23113724195857444,0.26875262409541717,-0.037615382136842734
2025-08-05 13:14:00,20.45,20.45,20.45,20.45,2000,40900.0,20.64,19.780833333333337,18.270625,0.19408768989224257,0.25381963725478224,-0.05973194736253967
2025-08-05 13:18:00,20.75,20.75,20.75,20.75,2,41.5,20.6525,19.833333333333332,18.282708333333332,0.18678006146543424,0.24041172209691264,-0.053631660631478395
2025-08-05 13:41:00,20.75,20.75,20.75,20.75,9,186.75,20.665,19.885833333333334,18.294791666666665,0.17892616384938265,0.2281146104474067,-0.049188446598024044
2025-08-05 14:04:00,20.75,20.75,20.75,20.75,3,62.25,20.677500000000002,19.925,18.302083333333332,0.170733780659031,0.21663844448973157,-0.045904663830700576
2025-08-05 14:29:00,19.8,19.8,19.8,19.8,450,8910.0,20.642500000000002,19.945,18.305416666666666,0.08658608692689285,0.19062797297716383,-0.10404188605027098
2025-08-05 14:36:00,20.7,20.7,20.7,20.7,1,20.7,20.6625,19.975,18.3125,0.09146654241394003,0.1707956868645191,-0.07932914445057906
2025-08-05 14:47:00,20.65,20.65,20.65,20.65,500,10325.0,20.655,20.014166666666664,18.318541666666665,0.09025930335206311,0.15468841016202792,-0.0644291068099648
2025-08-05 14:51:00,19.75,19.75,19.75,19.75,150,2962.5,20.6475,20.028333333333332,18.319375,0.016489992937749776,0.1270487267171723,-0.11055873377942252
2025-08-05 14:52:00,20.7,20.7,20.7,20.7,3,62.1,20.642500000000002,20.06833333333333,18.324166666666667,0.034289080300467845,0.1084967974338314,-0.07420771713336355
2025-08-05 14:54:00,20.7,20.7,20.7,20.7,1,20.7,20.6375,20.108333333333334,18.328958333333333,0.04784347546726053,0.09636613304051722,-0.04852265757325669
2025-08-05 14:56:00,19.75,19.75,19.75,19.75,150,2962.5,20.585,20.122500000000002,18.329791666666665,-0.017865684735021148,0.07351976948540954,-0.09138545422043069
2025-08-05 15:00:00,20.7,20.7,20.7,20.7,5,103.5,20.58,20.1525,18.34125,0.006639852824271486,0.06014378615318193,-0.053503933328910444
2025-08-26 09:18:00,17.95,17.95,17.95,17.95,1,17.95,20.4375,20.136666666666663,18.341250000000002,-0.19360953914863543,0.009393121092818445,-0.20300266024145389
2025-08-26 09:30:00,17.95,17.95,17.95,17.95,1000,17950.0,20.295,20.13583333333333,18.34375,-0.3482937119006415,-0.06214424550587357,-0.28614946639476796
2025-08-26 13:19:00,17.95,17.95,17.95,17.95,300,5385.0,20.1525,20.121666666666666,18.34375,-0.46551585622884417,-0.14281856765046771,-0.32269728857837643
2025-08-28 09:17:00,17.95,17.95,17.95,17.95,3001,53867.95,20.0125,20.1075,18.346249999999998,-0.5520515435944873,-0.22466516283927168,-0.3273863807552156
2025-08-28 10:08:00,17.95,17.95,17.95,17.95,1000,17950.0,19.8725,20.091666666666665,18.340625,-0.6135589733699156,-0.3024439249454005,-0.3111150484245151
2025-08-28 10:09:00,17.8,17.9,17.8,17.9,2000,35700.0,19.73,20.06,18.336666666666666,-0.658745034038752,-0.3737041467640708,-0.28504088727468113
2025-08-28 10:15:00,18.1,18.1,18.1,18.1,1,18.1,19.5975,20.03166666666667,18.33083333333333,-0.6706857364540646,-0.43310046470206964,-0.23758527175199495
2025-08-28 10:51:00,17.8,17.95,17.8,17.95,2200,39475.0,19.4575,20.01083333333333,18.328333333333333,-0.6843636573041927,-0.4833531032224943,-0.20101055408169838
2025-08-28 11:37:00,18.1,18.1,18.1,18.1,1,18.1,19.34,19.9825,18.322916666666668,-0.6753151490550984,-0.5217455123890151,-0.15356963666608325
2025-08-07 09:03:00,19.35,19.35,19.35,19.35,2,38.7,19.270000000000003,19.975,18.324375,-0.5608148631157235,-0.5295593825343567,-0.031255480581366735
2025-08-07 09:04:00,19.35,19.35,19.35,19.35,1,19.35,19.2,19.972500000000004,18.32770833333333,-0.4647156093100513,-0.5165906278894956,0.05187501857944432
2025-08-07 09:15:00,19.35,19.35,19.35,19.35,4000,77400.0,19.130000000000003,19.958333333333332,18.333333333333332,-0.3841282667636108,-0.49009815566431864,0.10596988890070785
2025-08-07 09:26:00,19.6,19.6,19.6,19.6,1,19.6,19.119999999999997,19.947499999999998,18.343333333333337,-0.2966694853752223,-0.4514124216064994,0.1547429362312771
2025-08-07 09:27:00,19.6,19.6,19.6,19.6,1,19.6,19.065,19.936666666666667,18.358749999999997,-0.2247667992689344,-0.40608329713898644,0.18131649787005205
2025-08-07 09:28:00,19.6,19.6,19.6,19.6,1,19.6,19.0125,19.940833333333334,18.374166666666667,-0.16587134093187572,-0.3580409058975643,0.1921695649656886
2025-08-07 09:29:00,19.6,19.6,19.6,19.6,1,19.6,19.005,19.945,18.3925,-0.11783790387655557,-0.3100003054933626,0.19216240161680703
2025-08-07 09:39:00,19.6,19.6,19.6,19.6,1,19.6,18.95,19.934166666666666,18.409166666666668,-0.07886198705114467,-0.263772641804919,0.18491065475377433
2025-08-07 09:51:00,19.6,19.6,19.6,19.6,4000,78400.0,18.895000000000003,19.923333333333332,18.424166666666668,-0.047426587976524104,-0.22050343103924,0.1730768430627159
2025-08-07 09:56:00,20.0,20.0,20.0,20.0,4,80.0,18.907500000000002,19.931666666666665,18.440833333333334,0.009651591788227165,-0.17447242647374656,0.18412401826197372
2025-08-07 10:11:00,20.0,20.0,20.0,20.0,1000,20000.0,18.872500000000002,19.9275,18.457708333333336,0.054260973748778696,-0.1287257464292415,0.1829867201780202
2025-08-07 10:18:00,20.0,20.0,20.0,20.0,3,60.0,18.975,19.923333333333332,18.474583333333335,0.08859298555548989,-0.08526200003229523,0.17385498558778512
2025-08-07 10:30:00,20.0,20.0,20.0,20.0,1,20.0,19.0775,19.925833333333333,18.491458333333338,0.11448167873105675,-0.04531326427962483,0.1597949430106816
2025-08-07 10:56:00,19.1,19.1,19.1,19.1,100,1910.0,19.134999999999998,19.907500000000002,18.504583333333333,0.06166533658961981,-0.023917544105775897,0.08558288069539571
2025-08-07 10:58:00,19.1,19.1,19.0,19.1,11000,209500.0,19.192500000000003,19.8925,18.518333333333334,0.01958227267151713,-0.015217580750317292,0.03479985342183442
2025-08-07 11:01:00,19.6,19.6,19.6,19.6,2,39.2,19.275,19.8875,18.535416666666666,0.026274091280736656,-0.006919246344106501,0.03319333762484315
2025-08-07 11:02:00,19.6,19.6,19.6,19.6,1,19.6,19.360000000000003,19.8825,18.54958333333333,0.03121754926481657,0.0007081127776781153,0.030509436487138452
2025-08-07 11:08:00,19.35,19.35,19.35,19.35,100,1935.0,19.422500000000003,19.87333333333333,18.561250000000005,0.014791853391777465,0.0035248609004979864,0.011266992491279479
2025-08-07 11:09:00,19.0,19.0,19.0,19.0,10,190.0,19.475,19.848333333333333,18.571458333333336,-0.026166077601534,-0.0024133267999084124,-0.02375275080162559
2025-08-07 11:11:00,18.95,18.95,18.95,18.95,1000,18950.0,19.517500000000002,19.8325,18.581458333333334,-0.061946039746135995,-0.014319869389153932,-0.047626170356982064
2025-08-07 11:12:00,18.7,18.95,18.65,18.95,11000,205700.0,19.4975,19.80666666666667,18.591458333333332,-0.08927283584522527,-0.02931046268036821,-0.059962373164857065
2025-08-07 11:22:00,19.0,19.0,19.0,19.0,1,19.0,19.48,19.78166666666667,18.59958333333333,-0.10567676058559172,-0.04458372226141292,-0.061093038324178804
2025-08-07 11:56:00,19.0,19.0,19.0,19.0,1,19.0,19.4625,19.756666666666668,18.607708333333335,-0.11732454480570453,-0.059131886770271244,-0.05819265803543329
2025-08-07 13:02:00,18.25,18.25,18.25,18.25,100,1825.0,19.395000000000003,19.71916666666667,18.612708333333334,-0.18494232965273483,-0.08429397534676399,-0.10064835430597084
2025-08-07 13:17:00,19.0,19.0,19.0,19.0,1,19.0,19.365000000000002,19.697499999999998,18.619374999999998,-0.17598256188727035,-0.10263169265486526,-0.0733508692324051
2025-09-01 09:14:00,17.9,17.9,17.9,17.9,1000,17900.0,19.279999999999998,19.649166666666666,18.621458333333333,-0.2547065892859841,-0.13304667198108905,-0.12165991730489506
2025-09-01 09:20:00,18.2,18.2,18.2,18.2,1,18.2,19.21,19.620833333333334,18.623541666666668,-0.28955069520479526,-0.1643474766258303,-0.12520321857896496
2025-09-01 10:15:00,17.9,17.9,17.9,17.9,1000,17900.0,19.125,19.572499999999998,18.624375,-0.3374821092983957,-0.1989744031603434,-0.13850770613805233
2025-09-01 10:19:00,17.9,17.9,17.9,17.9,1000,17900.0,19.04,19.524166666666666,18.624791666666667,-0.37118926154496634,-0.23341737483726802,-0.13777188670769833
2025-09-01 10:54:00,17.9,17.9,17.9,17.9,2000,35800.0,18.935,19.475833333333334,18.623958333333334,-0.39336792200544224,-0.2654074842709029,-0.12796043773453936
2025-09-01 10:58:00,18.2,18.2,18.2,18.2,1,18.2,18.845,19.4325,18.624375,-0.38232991613253375,-0.2887919706432291,-0.09353794548930466
2025-09-02 09:04:00,18.2,18.2,18.2,18.2,1,18.2,18.755,19.389166666666668,18.624791666666667,-0.36932486975196355,-0.304898550464976,-0.06442631928698755
2025-09-02 13:23:00,18.2,18.2,18.2,18.2,200,3640.0,18.665,19.345833333333335,18.62520833333333,-0.3549269004252871,-0.31490422045703825,-0.04002267996824882
2025-09-02 14:32:00,18.2,18.2,18.2,18.2,1000,18200.0,18.619999999999997,19.3025,18.625625000000003,-0.3396016891246063,-0.3198437141905519,-0.0197579749340544
2025-09-03 09:12:00,18.2,18.2,18.2,18.2,1,18.2,18.575,19.259999999999998,18.626041666666666,-0.3237246524745103,-0.3206199018473436,-0.003104750627166697
2025-09-03 09:40:00,18.2,18.2,18.2,18.2,250,4550.0,18.505000000000003,19.217499999999998,18.628541666666667,-0.3075962089170332,-0.31801516326128154,0.010418954344248332
2025-09-03 11:30:00,18.2,18.2,18.2,18.2,200,3640.0,18.435,19.175,18.629375,-0.2914545940624045,-0.3127030494215062,0.021248455359101692
2025-09-04 09:28:00,17.6,17.6,17.6,17.6,3000,52800.0,18.3475,19.1225,18.627708333333334,-0.3233498577055016,-0.3148324110783053,-0.008517446627196334
2025-09-04 09:54:00,18.2,18.2,18.2,18.2,1,18.2,18.307499999999997,19.08,18.631874999999997,-0.296790877850885,-0.3112241044328212,0.014433226581936243
2025-09-04 10:12:00,18.1,18.1,18.1,18.1,1000,18100.0,18.264999999999997,19.04083333333333,18.632291666666667,-0.2805775360519611,-0.30509479075664925,0.02451725470468813
2025-09-04 10:25:00,17.6,17.6,17.6,17.6,300,5280.0,18.197499999999998,18.988333333333333,18.630625,-0.3045633504710139,-0.3049885026995222,0.0004251522285083076
2025-09-04 11:41:00,18.2,18.2,18.2,18.2,1,18.2,18.1575,18.945833333333333,18.632291666666667,-0.27202159993926145,-0.2983951221474701,0.026373522208208655
2025-09-05 09:26:00,18.2,18.2,18.2,18.2,1,18.2,18.1175,18.90333333333333,18.632708333333333,-0.24342596519285564,-0.28740129075654725,0.0439753255636916
2025-09-05 10:06:00,17.65,17.65,17.65,17.65,3000,52950.0,18.0875,18.8675,18.63083333333333,-0.26212253665714513,-0.28234553993666683,0.0202230032795217
2025-09-05 11:43:00,17.65,17.65,17.65,17.65,1000,17650.0,18.02,18.816666666666666,18.63270833333333,-0.27378369621854404,-0.28063317119304226,0.006849474974498226
2025-09-05 12:47:00,17.65,17.8,17.65,17.8,6000,106650.0,18.015,18.769166666666667,18.63520833333333,-0.2678340782541895,-0.2780733526052717,0.01023927435108224
2025-09-05 14:27:00,18.0,18.0,18.0,18.0,1,18.0,18.005,18.740000000000002,18.637291666666666,-0.2441660404957453,-0.27129189018336647,0.027125849687621162
2025-09-08 09:01:00,18.0,18.5,18.0,18.4,15000,274500.0,18.029999999999998,18.701666666666664,18.64104166666667,-0.19093135518077275,-0.2552197831828477,0.06428842800207496
2025-09-08 09:02:00,18.9,18.9,18.9,18.9,5000,94500.0,18.080000000000002,18.671666666666667,18.646875,-0.10716137261000469,-0.2256081010682791,0.11844672845827442
2025-09-08 09:03:00,19.35,19.45,19.35,19.45,10000,194000.0,18.1575,18.666666666666668,18.654999999999998,0.003566236214503249,-0.17977323361172265,0.1833394698262259
2025-09-08 09:04:00,19.75,19.75,19.75,19.75,5000,98750.0,18.235,18.65083333333333,18.664375,0.11420961935376894,-0.12097666301862432,0.23518628237239325
2025-09-08 09:05:00,20.15,20.15,20.15,20.15,2000,40300.0,18.3325,18.6875,18.675416666666667,0.2315033284303567,-0.050480664728828104,0.2819839931591848
2025-09-08 09:06:00,20.15,20.15,20.15,20.15,1000,20150.0,18.43,18.72416666666667,18.684166666666666,0.3207618944769095,0.02376784711231944,0.29699404736459006
2025-09-08 09:07:00,20.5,20.5,20.5,20.5,1000,20500.0,18.544999999999998,18.766666666666666,18.699166666666667,0.4149586411575221,0.10200600592136001,0.3129526352361621
2025-09-08 09:09:00,19.85,19.85,19.85,19.85,5000,99250.0,18.627499999999998,18.798333333333332,18.711458333333333,0.43217878580862745,0.16804056189881353,0.2641382239098139
2025-09-08 09:10:00,20.5,20.5,20.5,20.5,3,61.5,18.7425,18.84083333333333,18.726458333333333,0.49259708961438164,0.23295186744192717,0.25964522217245445
2025-09-08 09:18:00,20.1,20.1,20.0,20.0,2000,40100.0,18.8325,18.875833333333333,18.73604166666667,0.49443368559194667,0.2852482310719311,0.20918545452001558
2025-09-08 09:19:00,20.5,20.5,20.5,20.5,1,20.5,18.9775,18.91583333333333,18.750625000000003,0.5301240820348561,0.3342234012645161,0.19590068077033995
2025-09-08 09:36:00,20.5,20.5,20.5,20.5,9,184.5,19.092499999999998,18.958333333333332,18.765625,0.5520453432703576,0.37778778966568444,0.17425755360467315
2025-09-08 09:43:00,20.5,21.0,20.2,21.0,6591,135111.0,19.2375,19.006666666666664,18.782708333333336,0.602815045454637,0.42279324082347497,0.18002180463116207
2025-09-08 09:44:00,21.0,21.0,21.0,21.0,1000,21000.0,19.4075,19.034166666666668,18.79854166666667,0.6357221905226105,0.4653790307633021,0.17034315975930836
2025-09-08 09:49:00,20.0,21.0,20.0,21.0,1009,20189.0,19.5475,19.061666666666664,18.819583333333338,0.6542594444587948,0.5031551135024007,0.15110433095639408
2025-09-08 09:50:00,21.0,21.0,20.5,20.5,3403,69963.0,19.6625,19.08083333333333,18.838541666666668,0.6214409460388985,0.5268122800097003,0.09462866602919828
2025-09-08 09:51:00,21.0,21.0,21.0,21.0,3,63.0,19.83,19.104166666666668,18.859583333333333,0.6285325390599041,0.5471563318197411,0.08137620724016303
2025-09-08 09:55:00,20.0,20.0,20.0,20.0,1000,20000.0,19.947499999999998,19.110833333333332,18.876458333333336,0.547153786708158,0.5471558227974245,-2.0360892665216568e-06
2025-09-08 09:58:00,21.0,21.0,21.0,21.0,7,147.0,20.107499999999998,19.134166666666665,18.897708333333338,0.5569322139344735,0.5491111010248343,0.00782111290963916
2025-09-08 10:05:00,21.0,21.0,21.0,21.0,500,10500.0,20.2575,19.157499999999995,18.91854166666667,0.5582465690099703,0.5509381946218616,0.007308374388108718
2025-09-08 10:23:00,20.0,20.0,20.0,20.0,2000,40000.0,20.3375,19.164166666666667,18.933958333333337,0.4731424703482041,0.5353790497671301,-0.06223657941892602
2025-09-08 10:26:00,20.5,20.5,20.5,20.5,1,20.5,20.417499999999997,19.179166666666667,18.951458333333335,0.44095957287419196,0.5164951543885425,-0.07553558151435058
2025-09-08 10:36:00,20.0,20.0,20.0,20.0,200,4000.0,20.445,19.179166666666667,18.969791666666666,0.37083383185752794,0.4873628898823396,-0.11652905802481167
2025-09-08 10:38:00,20.5,20.5,20.5,20.5,9,184.5,20.482499999999998,19.1875,18.983541666666667,0.3515520252848461,0.46020071696284093,-0.10864869167799485
2025-09-08 10:42:00,20.5,20.5,20.5,20.5,100,2050.0,20.5,19.195833333333333,18.99729166666667,0.33243890588704517,0.4346483547476818,-0.10220944886063665
2025-09-08 10:44:00,20.0,20.0,20.0,20.0,2000,40000.0,20.4925,19.195833333333333,19.008958333333336,0.27378972224617826,0.4024766282473812,-0.12868690600120292
2025-09-08 10:47:00,20.45,20.45,20.45,20.45,1,20.45,20.490000000000002,19.21833333333333,19.020208333333336,0.260616832245546,0.37410466904701417,-0.11348783680146818
2025-09-08 10:56:00,20.45,20.45,20.45,20.45,2000,40900.0,20.520000000000003,19.240833333333335,19.031458333333333,0.24732619954139778,0.3487489751458909,-0.10142277560449314
2025-09-08 10:59:00,20.5,20.5,20.5,20.5,100,2050.0,20.520000000000003,19.25583333333333,19.04104166666667,0.2380833824707267,0.3266158566108581,-0.08853247414013143
2025-09-08 11:01:00,20.5,20.5,20.5,20.5,80,1640.0,20.545,19.270833333333332,19.052083333333332,0.228128658184918,0.3069184169256701,-0.07878975874075211
2025-09-08 11:09:00,20.5,20.5,20.5,20.5,2000,41000.0,20.545,19.290000000000003,19.062708333333333,0.21772961598737695,0.2890806567380115,-0.07135104075063453
2025-09-08 11:10:00,21.0,21.0,21.0,21.0,1,21.0,20.57,19.323333333333334,19.07541666666667,0.24698700895525505,0.2806619271814602,-0.033674918226205164
2025-09-08 11:47:00,21.0,21.05,20.5,20.5,7000,146150.0,20.545,19.34916666666667,19.086041666666667,0.22720876117846345,0.2699712939808609,-0.042762532802397446
2025-09-08 11:50:00,21.6,21.6,21.6,21.6,1,21.6,20.575,19.39333333333333,19.10375,0.296872997123387,0.2753516346093661,0.02152136251402087
2025-09-08 12:06:00,21.4,21.4,21.4,21.4,1000,21400.0,20.595000000000002,19.433333333333334,19.118125000000003,0.3321156549477813,0.28670443867704914,0.045411216270732135
2025-09-08 12:08:00,21.6,21.6,21.6,21.6,3,64.8,20.65,19.476666666666667,19.133333333333333,0.37189704606435114,0.3037429601545096,0.06815408590984157
2025-09-08 12:13:00,20.65,20.7,20.65,20.7,200,4135.0,20.635,19.5175,19.144791666666666,0.3270317878671989,0.30840072569704746,0.018631062170151425
2025-09-08 12:15:00,21.6,21.6,21.6,21.6,9,194.4,20.715,19.560833333333335,19.16,0.3599489583638231,0.3187103722304026,0.04123858613342052
2025-09-08 12:38:00,20.65,20.65,20.6,20.6,6000,123750.0,20.695,19.605833333333333,19.171041666666667,0.30186470210489347,0.3153412382053008,-0.013476536100407333
2025-09-08 12:40:00,20.0,21.0,20.0,20.9,7010,145609.0,20.69,19.650833333333335,19.183333333333334,0.2768486642712027,0.3076427234184812,-0.030794059147278507
2025-09-08 12:41:00,21.0,21.0,21.0,21.0,500,10500.0,20.740000000000002,19.7025,19.198541666666664,0.26207144187419473,0.29852846710962394,-0.03645702523542921
2025-09-08 13:41:00,21.0,21.0,21.0,21.0,100,2100.0,20.765,19.754166666666666,19.213749999999997,0.24750727684093476,0.2883242290558861,-0.04081695221495135
2025-09-08 13:43:00,21.0,21.0,20.8,20.8,4000,83800.0,20.805,19.802500000000002,19.225624999999997,0.21732159452893995,0.2741237021504969,-0.05680210762155696
2025-09-08 13:44:00,21.05,21.05,21.05,21.05,1,21.05,20.832500000000003,19.85,19.240000000000002,0.2111382640049655,0.26152661452139064,-0.05038835051642515
2025-09-08 13:50:00,21.05,21.05,21.05,21.05,9,189.45,20.860000000000003,19.897499999999997,19.255833333333335,0.2038876402154699,0.24999881966020648,-0.04611117944473658
2025-09-08 14:29:00,21.05,21.05,21.05,21.05,3,63.15,20.9125,19.944999999999997,19.269375000000004,0.1958834461899066,0.23917574496614655,-0.04329229877623994
2025-09-09 09:01:00,20.5,21.05,20.0,21.05,8000,163600.0,20.9425,19.992500000000003,19.282916666666665,0.18738006401956397,0.22881660877683005,-0.041436544757266075
2025-09-09 09:02:00,21.0,21.0,21.0,21.0,2000,42000.0,20.97,20.03916666666667,19.29708333333333,0.17459388067790726,0.2179720631570455,-0.043378182479138244
2025-09-09 09:03:00,19.95,20.0,19.95,20.0,4000,79950.0,20.945,20.069166666666668,19.30708333333333,0.08281446204068033,0.19094054293377247,-0.10812608089309214
2025-09-09 09:05:00,19.95,19.95,19.95,19.95,9000,179550.0,20.917499999999997,20.098333333333333,19.316875,0.005975151575150051,0.153947464662048,-0.14797231308689796
2025-09-09 09:08:00,19.55,19.55,19.55,19.55,1000,19550.0,20.869999999999997,20.130833333333335,19.324374999999996,-0.08620351219784084,0.10591726929007023,-0.19212078148791106
2025-09-09 09:09:00,19.55,19.55,19.55,19.55,2000,39100.0,20.7975,20.153333333333332,19.331875,-0.1574408868097521,0.053245638070105746,-0.21068652487985784
2025-09-09 09:10:00,19.55,19.55,19.55,19.55,1000,19550.0,20.75,20.177500000000002,19.339375,-0.21145944655629378,0.0003046211448258255,-0.2117640677011196
2025-09-09 09:11:00,20.45,20.45,20.45,20.45,1,20.45,20.692500000000003,20.225,19.353749999999998,-0.1795770139183297,-0.03567170586780529,-0.1439053080505244
2025-09-09 09:12:00,19.55,19.55,19.45,19.45,7000,136500.0,20.595,20.245833333333334,19.363958333333333,-0.23232351810319685,-0.07500206831488362,-0.15732144978831322
2025-09-09 09:13:00,18.85,18.85,18.85,18.85,2000,37700.0,20.457500000000003,20.256666666666668,19.37125,-0.3188648131984202,-0.12377461729159096,-0.19509019590682924
2025-09-09 09:14:00,18.85,18.85,18.1,18.1,3086,58106.6,20.327499999999997,20.264166666666664,19.376041666666666,-0.44286309496022724,-0.18759231282531824,-0.255270782134909
2025-09-09 09:16:00,18.95,18.95,18.95,18.95,1,18.95,20.195,20.285833333333333,19.384375,-0.4671596052299023,-0.2435057713062351,-0.2236538339236672
2025-09-09 09:19:00,18.95,18.95,18.95,18.95,100,1895.0,20.1125,20.305,19.392708333333335,-0.4808715764642102,-0.2909789323378302,-0.18989264412638002
2025-09-09 09:20:00,18.95,18.95,18.5,18.8,8000,150700.0,20.0075,20.31833333333333,19.399375000000003,-0.49810036787041057,-0.3324032194443463,-0.16569714842606426
2025-09-09 09:36:00,18.8,18.8,18.8,18.8,2000,37600.0,19.8975,20.325,19.403958333333335,-0.5059223512471185,-0.3671070458049008,-0.1388153054422177
2025-09-09 09:59:00,19.0,19.0,19.0,19.0,1,19.0,19.797500000000003,20.326666666666664,19.409583333333334,-0.49033077296679295,-0.39175179123727927,-0.09857898172951368
2025-09-09 10:46:00,19.0,19.0,19.0,19.0,2000,38000.0,19.7075,20.319166666666664,19.417083333333334,-0.47252733388144463,-0.40790689976611233,-0.0646204341153323
2025-09-09 10:55:00,19.0,19.0,19.0,19.0,400,7600.0,19.605,20.306666666666665,19.422500000000003,-0.45319384361365067,-0.41696428853562,-0.03622955507803066
2025-09-09 11:00:00,19.0,19.0,19.0,19.0,1000,19000.0,19.502499999999998,20.2875,19.422708333333336,-0.43288191997234193,-0.4201478148229644,-0.012734105149377506
2025-09-09 11:01:00,19.0,19.0,19.0,19.0,200,3800.0,19.4,20.26833333333333,19.42125,-0.4120348923904338,-0.41852523033645833,0.006490337946024549
2025-09-09 11:50:00,19.0,19.0,18.9,18.9,7000,132900.0,19.2925,20.241666666666667,19.41916666666667,-0.3989834047705294,-0.41461686522327257,0.015633460452743164
2025-09-09 12:12:00,18.55,18.55,18.55,18.55,300,5565.0,19.17,20.220000000000002,19.415416666666665,-0.41213128877464555,-0.4141197499335472,0.0019884611589016665
2025-09-09 12:25:00,18.55,18.55,18.55,18.55,280,5194.0,19.097500000000004,20.1875,19.412916666666668,-0.4177356846322944,-0.41484293687329665,-0.002892747758997727
2025-09-09 12:40:00,19.4,19.4,19.4,19.4,1,19.4,19.07,20.177500000000002,19.411458333333332,-0.3495598046389148,-0.4017863104264203,0.05222650578750554
2025-09-09 13:29:00,18.55,18.55,18.55,18.55,1000,18550.0,19.020000000000003,20.145,19.406458333333333,-0.3599683339359636,-0.39342271512832905,0.033454381192365434
2025-09-09 13:40:00,19.4,19.4,19.4,19.4,1,19.4,19.0125,20.12666666666667,19.404999999999998,-0.2962146935397989,-0.3739811108106231,0.07776641727082417
2025-09-10 09:25:00,19.45,19.45,19.45,19.45,1,19.45,19.0075,20.100833333333338,19.403958333333332,-0.23890099016912814,-0.3469650866823241,0.10806409651319598
2025-09-10 09:36:00,19.45,19.45,19.45,19.45,1,19.45,18.9575,20.075,19.40291666666667,-0.1912745731104053,-0.3158269839679404,0.1245524108575351
2025-09-10 09:54:00,18.6,18.65,18.5,18.65,11000,204750.0,18.9175,20.035833333333336,19.398541666666667,-0.21559832529390732,-0.2957812522331338,0.08018292693922646
2025-09-10 09:55:00,18.5,18.5,18.5,18.5,500,9250.0,18.9,20.0025,19.393541666666668,-0.24416424708675066,-0.2854578512038572,0.04129360411710653
2025-09-10 09:58:00,18.5,18.5,18.5,18.5,200,3700.0,18.919999999999998,19.960833333333333,19.392083333333336,-0.26376245650180863,-0.2811187722634475,0.017356315761638874
2025-09-10 10:00:00,18.5,18.5,18.5,18.5,3100,57350.0,18.8975,19.935833333333335,19.387083333333333,-0.27611133901785934,-0.28011728561432986,0.004005946596470522
2025-09-10 10:14:00,18.8,18.8,18.8,18.8,1,18.8,18.89,19.899166666666666,19.383333333333333,-0.25870819752453045,-0.27583546799637,0.01712727047183954
2025-09-10 10:20:00,18.8,18.8,18.8,18.8,100,1880.0,18.889999999999997,19.8625,19.379583333333336,-0.24212501604087677,-0.26909337760527136,0.026968361564394583
2025-09-10 10:23:00,18.8,18.8,18.8,18.8,213,4004.4,18.89,19.842500000000005,19.375833333333333,-0.22637323549338717,-0.2605493491828945,0.03417611368950735
2025-09-10 11:07:00,18.8,18.8,18.8,18.8,1000,18800.0,18.88,19.81416666666667,19.372083333333332,-0.211452344916367,-0.250729948329589,0.039277603413222006
2025-09-10 11:55:00,18.5,18.5,18.4,18.4,2000,36900.0,18.85,19.7875,19.366666666666667,-0.2292613070578291,-0.24643622007523702,0.017174913017407922
2025-09-10 12:52:00,18.8,18.8,18.8,18.8,1,18.8,18.84,19.75916666666667,19.362916666666663,-0.20869270124777728,-0.2388875163097451,0.030194815061967833
2025-09-10 13:07:00,18.5,18.5,18.4,18.4,3000,55300.0,18.81,19.72416666666667,19.3575,-0.22210826420288754,-0.23553166588837363,0.013423401685486086
2025-09-10 13:43:00,18.8,18.8,18.8,18.8,1,18.8,18.8,19.704166666666666,19.35375,-0.19817905268107694,-0.22806114324691432,0.029882090565837377
2025-09-10 13:47:00,18.8,18.8,18.8,18.8,1000,18800.0,18.794999999999998,19.67666666666667,19.352708333333332,-0.1771726441932664,-0.21788344343618474,0.040710799242918344
2025-09-10 13:57:00,18.8,18.8,18.8,18.8,1000,18800.0,18.807499999999997,19.649166666666666,19.352708333333332,-0.1586955703729771,-0.20604586882354323,0.047350298450566125
2025-09-10 14:26:00,18.8,18.8,18.8,18.8,26,488.8,18.82,19.620833333333334,19.352500000000003,-0.14241073395682236,-0.19331884185019907,0.050908107893376714
2025-09-11 09:04:00,18.8,18.8,18.8,18.8,3000,56400.0,18.79,19.592499999999998,19.352500000000003,-0.1280290446398098,-0.18026088240812124,0.052231837768311445
2025-09-11 09:09:00,18.8,18.8,18.8,18.8,2000,37600.0,18.8025,19.564166666666665,19.35166666666667,-0.11530231888272269,-0.16726916970304154,0.05196685082031885
2025-09-11 09:10:00,19.0,19.0,19.0,19.0,1000,19000.0,18.7825,19.53083333333333,19.350416666666668,-0.08806283495471945,-0.15142790275337714,0.06336506779865769
2025-09-11 09:11:00,18.6,18.6,18.6,18.6,2000,37200.0,18.740000000000002,19.499166666666667,19.347916666666666,-0.09762662578087244,-0.1406676473588762,0.04304102157800377
2025-09-11 09:12:00,18.6,18.6,18.6,18.6,2000,37200.0,18.6975,19.449166666666667,19.344791666666666,-0.1040070701514395,-0.13333553191738887,0.02932846176594936
2025-09-11 09:15:00,18.6,18.6,18.6,18.6,1000,18600.0,18.695,19.4025,19.341666666666665,-0.10782072804687814,-0.12823257114328673,0.02041184309640859
2025-09-11 09:16:00,19.0,19.0,19.0,19.0,1,19.0,18.72,19.35916666666667,19.340208333333333,-0.07767107850003896,-0.11812027261463717,0.040449194114598214
2025-09-11 09:18:00,19.0,19.0,19.0,19.0,1000,19000.0,18.744999999999997,19.330833333333334,19.350833333333334,-0.053164417704078204,-0.1051291016325254,0.05196468392844719
2025-09-11 09:23:00,19.0,19.0,19.0,19.0,1000,19000.0,18.77,19.2875,19.36,-0.03335818012657299,-0.09077491733133491,0.057416737204761925
2025-09-11 09:24:00,19.0,19.0,19.0,19.0,1000,19000.0,18.779999999999998,19.260833333333334,19.369166666666665,-0.017460322421957386,-0.07611199834945942,0.058651675927502034
2025-09-11 09:26:00,18.5,18.5,18.5,18.5,3000,55500.0,18.765,19.220833333333335,19.37833333333333,-0.04469179775398757,-0.06982795823036506,0.025136160476377484
2025-09-11 09:30:00,18.5,18.5,18.5,18.5,1000,18500.0,18.75,19.179166666666667,19.384166666666665,-0.06551769098843963,-0.06896590478197998,0.00344821379354035
2025-09-11 09:32:00,19.0,19.0,19.0,19.0,1,19.0,18.759999999999998,19.145833333333332,19.392083333333332,-0.041201593767702605,-0.0634130425791245,0.022211448811421897
2025-09-11 10:38:00,19.0,19.0,19.0,19.0,1000,19000.0,18.79,19.115833333333335,19.401249999999997,-0.021680986614498465,-0.05506663138619929,0.03338564477170083
2025-09-11 10:40:00,19.0,19.0,19.0,19.0,1000,19000.0,18.8,19.081666666666667,19.40895833333333,-0.006139986860684843,-0.0452813024810964,0.03914131562041156
2025-09-11 10:43:00,19.0,19.0,19.0,19.0,100,1900.0,18.83,19.047500000000003,19.416666666666668,0.006105981457668719,-0.03500384569334338,0.0411098271510121
2025-09-11 11:22:00,19.0,19.0,18.9,18.9,1508,28552.0,18.835,19.011666666666667,19.423958333333335,0.007653609268828632,-0.026472354700908977,0.034125963969737605
2025-09-11 11:26:00,19.4,19.4,19.4,19.4,1,19.4,18.865000000000002,18.984166666666667,19.433958333333333,0.0486649574482918,-0.011444892271068818,0.06010984971936062
2025-09-11 12:46:00,18.55,18.55,18.55,18.55,100,1855.0,18.8525,18.94333333333333,19.440416666666668,0.012435501378664782,-0.006668813541122098,0.01910431491978688
2025-09-11 12:56:00,19.35,19.35,19.35,19.35,1,19.35,18.880000000000003,18.932499999999997,19.447916666666668,0.04772654860184744,0.004210258887471814,0.04351628971437563
2025-09-11 13:28:00,18.55,18.55,18.55,18.55,89,1650.95,18.8675,18.90916666666667,19.452083333333334,0.011014673365288274,0.005571141783035106,0.005443531582253168
2025-09-11 13:33:00,19.35,19.35,19.35,19.35,1,19.35,18.895,18.90583333333333,19.459583333333335,0.04594394862593276,0.01364570315161464,0.03229824547431812
2025-09-12 09:08:00,19.35,19.35,19.35,19.35,1,19.35,18.9125,18.902499999999996,19.467291666666668,0.07278661216489013,0.025473884954269742,0.04731272721062039
2025-09-12 09:37:00,18.55,18.55,18.55,18.55,4000,74200.0,18.91,18.885833333333334,19.471249999999998,0.02917004813227564,0.026213117589870924,0.002956930542404715
2025-09-12 09:39:00,19.35,19.35,19.35,19.35,1,19.35,18.947499999999998,18.8675,19.47854166666667,0.058482768071026925,0.03266704768610213,0.025815720384924794
2025-09-12 11:10:00,19.35,19.35,19.35,19.35,6,116.1,18.985000000000003,18.86583333333333,19.485833333333336,0.08078210399943941,0.04229005894876959,0.038492045050669825
2025-09-12 14:42:00,19.35,19.35,19.35,19.35,1000,19350.0,19.0025,18.874166666666667,19.48979166666667,0.09733249990917159,0.05329854714084999,0.044033952768321595
2025-09-15 09:01:00,19.35,19.35,19.35,19.35,1000,19350.0,19.020000000000003,18.895,19.492916666666666,0.10919013203321626,0.06447686411932325,0.044713267913893004
2025-09-15 09:51:00,19.35,19.35,19.35,19.35,1000,19350.0,19.0375,18.901666666666667,19.494791666666668,0.11723596766278988,0.07502868482801658,0.04220728283477329
2025-09-15 10:29:00,19.35,19.35,19.35,19.35,6,116.1,19.055,18.908333333333335,19.499166666666667,0.12220366261287907,0.0844636803849891,0.037739982227889976
2025-09-15 11:44:00,19.35,19.35,19.35,19.35,1000,19350.0,19.097500000000004,18.9175,19.501041666666666,0.12470309697419779,0.09251156370283084,0.03219153327136695
2025-09-15 12:15:00,19.35,19.35,19.0,19.0,2000,38350.0,19.122500000000002,18.920833333333334,19.503958333333337,0.09731999743420872,0.09347325044910643,0.0038467469851022895
2025-09-15 12:21:00,19.4,19.4,19.4,19.4,5,97.0,19.142500000000002,18.927500000000002,19.508541666666666,0.10666577417713796,0.09611175519471274,0.010554018982425223
2025-09-15 12:41:00,19.0,19.0,19.0,19.0,300,5700.0,19.142500000000002,18.927500000000002,19.508958333333332,0.08086356764607672,0.09306211768498554,-0.012198550038908823
2025-09-15 12:42:00,19.4,19.4,19.4,19.4,2,38.8,19.1625,18.93416666666667,19.511041666666664,0.09163547343916179,0.0927767888358208,-0.001141315396659015
2025-09-15 12:46:00,19.0,19.0,19.0,19.0,1000,19000.0,19.1625,18.93416666666667,19.511458333333334,0.06712188996150203,0.08764580906095705,-0.020523919099455015
2025-09-15 12:48:00,19.0,19.0,19.0,19.0,213,4047.0,19.1675,18.93416666666667,19.515625,0.047151169117622516,0.07954688107229015,-0.03239571195466763
2025-09-15 12:52:00,19.4,19.4,19.4,19.4,2,38.8,19.1675,18.9425,19.518125,0.0628760896061209,0.0762127227790563,-0.013336633172935403
2025-09-15 13:03:00,19.8,19.8,19.8,19.8,1,19.8,19.23,18.96333333333333,19.522291666666668,0.10638847928108675,0.0822478740794624,0.02414060520162435
2025-09-15 13:04:00,19.8,19.8,19.8,19.8,1,19.8,19.2525,18.98416666666667,19.526041666666668,0.13926697855029246,0.09365169497362842,0.04561528357666404
2025-09-16 09:10:00,19.0,19.0,19.0,19.0,1000,19000.0,19.275000000000002,18.977500000000003,19.522708333333334,0.09962173463242507,0.09484570290538777,0.004776031727037305
2025-09-16 09:12:00,19.75,19.75,19.75,19.75,1000,19750.0,19.295,18.997500000000002,19.522499999999997,0.12725441549868677,0.10132744542404758,0.02592697007463919
2025-09-16 09:46:00,19.75,19.75,19.75,19.75,1,19.75,19.315,19.003333333333334,19.524791666666665,0.14745375902069924,0.11055270814337792,0.03690105087732132
2025-09-16 10:07:00,19.75,19.75,19.75,19.75,1000,19750.0,19.375000000000004,19.008333333333333,19.524583333333332,0.16159907079411795,0.12076198067352595,0.040837090120592
2025-09-16 10:12:00,19.75,19.75,19.75,19.75,1,19.75,19.395000000000003,19.013333333333335,19.524375,0.17083999516595227,0.13077758357201125,0.04006241159394103
2025-09-16 11:09:00,19.75,19.75,19.75,19.75,1000,19750.0,19.415,19.03166666666667,19.525416666666665,0.17613314109641465,0.13984869507689193,0.036284446019522715
2025-09-16 11:28:00,19.75,19.75,19.75,19.75,9,177.75,19.435000000000002,19.052500000000002,19.523541666666667,0.1782729774681826,0.14753355155515008,0.030739425913032525
2025-09-17 09:03:00,19.75,19.75,19.75,19.75,4,79.0,19.455000000000002,19.073333333333334,19.52145833333333,0.17791788656323604,0.15361041855676727,0.02430746800646877
2025-09-17 10:00:00,19.0,19.0,19.0,19.0,5000,95000.0,19.4375,19.081666666666667,19.51625,0.11578306734638844,0.1460449483146915,-0.030261880968303068
2025-09-17 10:01:00,19.3,19.3,19.3,19.3,1000,19300.0,19.435,19.09,19.516041666666663,0.08971409995602642,0.13477877864295848,-0.045064678686932064
2025-09-17 10:02:00,19.3,19.3,19.3,19.3,600,11580.0,19.432499999999997,19.098333333333336,19.515833333333333,0.06826731239996775,0.12147648539436033,-0.05320917299439258
2025-09-17 11:08:00,18.85,18.85,18.85,18.85,1000,18850.0,19.425,19.099166666666665,19.51,0.014788862748929432,0.10013896086527416,-0.08535009811634472
2025-09-17 11:09:00,19.3,19.3,19.3,19.3,5,96.5,19.42,19.1075,19.506041666666665,0.008618694358524692,0.08183490756392427,-0.07321621320539957
2025-09-17 12:25:00,18.85,18.85,18.85,18.85,2000,37700.0,19.4125,19.115000000000002,19.503333333333334,-0.03221113779188656,0.0590256984927621,-0.09123683628464865
2025-09-17 13:02:00,19.3,19.3,19.3,19.3,3,57.9,19.4075,19.12333333333333,19.499375,-0.027935808134326834,0.041633397167344315,-0.06956920530167116
2025-09-17 13:13:00,18.85,18.85,18.85,18.85,1000,18850.0,19.4,19.130833333333335,19.493541666666665,-0.060165269990832826,0.021273663735708884,-0.0814389337265417
2025-09-17 13:15:00,19.3,19.3,19.3,19.3,2,38.6,19.415,19.139166666666668,19.491249999999997,-0.048833192869967235,0.007252292414573658,-0.056085485284540895
2025-09-17 14:50:00,19.6,19.6,19.6,19.6,1,19.6,19.425,19.152499999999996,19.48875,-0.015466657315212018,0.0027085024686165217,-0.01817515978382854
2025-09-18 09:05:00,19.6,19.6,19.6,19.6,2,39.2,19.415,19.165833333333335,19.48708333333333,0.010851473473447726,0.004337096669582763,0.006514376803864963
2025-09-18 14:50:00,19.6,19.6,19.6,19.6,1000,19600.0,19.404999999999998,19.179166666666667,19.485833333333336,0.031347428097340924,0.009739162955134398,0.021608265142206526
2025-09-19 09:01:00,19.6,19.6,19.6,19.6,3,58.8,19.435,19.192500000000003,19.484583333333333,0.04704827655654498,0.017200985675416516,0.02984729088112846
2025-09-19 09:33:00,19.6,19.6,19.6,19.6,1,19.6,19.427500000000002,19.205833333333334,19.483333333333334,0.05881334840855601,0.02552345822204442,0.033289890186511586
2025-09-19 09:42:00,18.85,18.85,18.85,18.85,1000,18850.0,19.3825,19.203333333333333,19.476458333333333,0.00753169987769553,0.021925106553174645,-0.014393406675479115
2025-09-19 09:44:00,19.6,19.6,19.6,19.6,2,39.2,19.375,19.220000000000002,19.47520833333333,0.027096998608470813,0.022959484964233882,0.00413751364423693
2025-09-19 10:18:00,18.85,18.85,18.85,18.85,100,1885.0,19.330000000000002,19.22416666666667,19.46833333333333,-0.017711921173493295,0.014825203736688447,-0.03253712491018174
2025-09-19 10:21:00,19.6,19.6,19.6,19.6,2,39.2,19.322499999999998,19.240833333333335,19.464583333333334,0.00721228037822641,0.01330261906499604,-0.00609033868676963
2025-09-19 10:39:00,18.85,19.55,18.85,19.55,3201,60519.55,19.3125,19.25,19.460624999999997,0.02266899349847762,0.015175893951692356,0.0074930995467852625
2025-09-19 13:24:00,19.55,19.55,19.55,19.55,6,117.3,19.302500000000002,19.259166666666665,19.456666666666663,0.03452061781208826,0.01904483872377154,0.01547577908831672
2025-09-22 09:06:00,19.55,19.55,19.55,19.55,3,58.65,19.330000000000002,19.26833333333333,19.45354166666667,0.043412681102672934,0.023918407199551822,0.019494273903121112
2025-09-22 10:42:00,19.5,19.5,19.3,19.4,5000,97200.0,19.335,19.275,19.44770833333333,0.03791885398159067,0.026718496555959596,0.011200357425631077
2025-09-22 10:44:00,19.55,19.55,19.55,19.55,3,58.65,19.347500000000004,19.2925,19.44625,0.04514826174733244,0.03040444959423417,0.014743812153098272
2025-09-23 09:01:00,19.55,19.55,19.55,19.55,3,58.65,19.3825,19.31,19.441041666666667,0.05029781755527907,0.034383123186443154,0.015914694368835913
2025-09-23 10:00:00,18.75,18.75,18.75,18.75,2000,37500.0,19.355,19.305833333333332,19.4325,-0.010058488493253748,0.025494800850503773,-0.035553289343757524
2025-09-23 10:34:00,19.55,19.55,19.55,19.55,3,58.65,19.39,19.314999999999998,19.42729166666667,0.00658609780482422,0.021713060241367866,-0.015126962436543646
2025-09-24 09:02:00,19.55,19.55,19.55,19.55,3,58.65,19.4025,19.324166666666667,19.422083333333333,0.019551672849704715,0.021280782763035237,-0.0017291099133305218
2025-09-24 11:13:00,19.55,19.55,19.55,19.55,1,19.55,19.4375,19.333333333333332,19.416874999999997,0.029487075829599974,0.022922041376348186,0.006565034453251788
2025-09-25 09:02:00,19.3,19.3,19.3,19.3,5,96.5,19.437500000000004,19.34,19.410625,0.016992168468210167,0.021736066794720583,-0.004743898326510416
2025-09-25 12:17:00,18.75,18.75,18.75,18.75,4000,75000.0,19.395000000000003,19.329166666666666,19.402083333333334,-0.03686557568635962,0.01001573829850454,-0.046881313984864156
2025-09-25 12:29:00,19.3,19.3,19.3,19.3,1000,19300.0,19.380000000000003,19.341666666666665,19.39604166666667,-0.03476704958881527,0.0010591807210405763,-0.03582623030985584
2025-09-26 10:03:00,19.3,19.3,19.3,19.3,5,96.5,19.365000000000002,19.340833333333332,19.39,-0.032726699517073854,-0.005697995326582312,-0.02702870419049154
2025-09-26 10:38:00,19.3,19.3,19.3,19.3,1000,19300.0,19.35,19.353333333333335,19.383958333333336,-0.03075518080540718,-0.010709432422347289,-0.02004574838305989
2025-09-30 09:06:00,19.3,19.3,19.3,19.3,5,96.5,19.335,19.352500000000003,19.377916666666668,-0.02886005724719709,-0.01433955738731725,-0.01452049985987984
2025-09-30 09:11:00,18.75,18.75,18.75,18.75,1000,18750.0,19.330000000000002,19.342500000000005,19.36958333333333,-0.07092102816601198,-0.0256558515430562,-0.045265176622955774
2025-09-30 09:24:00,19.3,19.3,19.3,19.3,1,19.3,19.315,19.355,19.36479166666667,-0.059191919590539044,-0.03236306515255277,-0.02682885443798627
2025-09-30 10:36:00,18.75,18.75,18.75,18.75,1000,18750.0,19.310000000000002,19.345000000000002,19.356458333333332,-0.09320253914433962,-0.044530959950910144,-0.04867157919342948
2025-09-30 10:54:00,19.3,19.3,19.3,19.3,1,19.3,19.295,19.34416666666667,19.350416666666668,-0.07491225487288489,-0.05060721893530509,-0.024305035937579794
2025-10-01 09:02:00,19.3,19.3,19.3,19.3,5,96.5,19.2825,19.34333333333333,19.344375000000003,-0.05972855916307296,-0.05243148698085867,-0.007297072182214287
2025-10-01 09:08:00,18.75,18.75,18.75,18.75,100,1875.0,19.2425,19.333333333333332,19.34,-0.09102647780452244,-0.06015048514559144,-0.030875992658931005
2025-10-01 09:10:00,19.3,19.3,19.3,19.3,3,57.9,19.229999999999997,19.3325,19.33416666666667,-0.0706356564802526,-0.062247519412523676,-0.00838813706772893
2025-10-02 09:02:00,19.3,19.3,19.3,19.3,5,96.5,19.225,19.331666666666667,19.328541666666663,-0.05385497702129172,-0.06056901093427729,0.00671403391298557
2025-10-02 11:10:00,19.3,19.3,19.3,19.3,500,9650.0,19.2125,19.330833333333334,19.326666666666664,-0.04009398910305961,-0.05647400656803376,0.016380017464974146
2025-10-03 09:03:00,19.3,19.3,19.3,19.3,3,57.9,19.2,19.335833333333333,19.320833333333333,-0.028855676755689785,-0.05095034060556496,0.022094663849875178
2025-10-03 09:07:00,19.3,19.3,19.3,19.3,1000,19300.0,19.2275,19.334166666666665,19.315,-0.019721891563243332,-0.04470465079710064,0.02498275923385731
2025-10-03 09:31:00,19.3,19.3,19.3,19.3,5,96.5,19.215,19.339166666666667,19.313125000000003,-0.01234104115248158,-0.038231928868176834,0.025890887715695254
2025-10-03 10:37:00,19.3,19.3,19.3,19.3,1000,19300.0,19.2025,19.3375,19.307291666666668,-0.006417684948587521,-0.03186908008425897,0.025451395135671448
2025-10-03 10:42:00,19.3,19.3,19.3,19.3,5,96.5,19.19,19.342499999999998,19.312916666666663,-0.0017037427951223094,-0.025836012626431634,0.024132269831309325
2025-10-03 10:53:00,18.75,18.75,18.75,18.75,2000,37500.0,19.1625,19.33833333333333,19.31625,-0.04186571127551275,-0.029041952356247864,-0.012823758919264888
2025-10-03 11:09:00,19.3,19.3,19.3,19.3,5,96.5,19.19,19.336666666666666,19.321875,-0.028979894999171307,-0.029029540884832554,4.964588566124667e-05
2025-10-03 11:20:00,19.3,19.3,19.3,19.3,50,965.0,19.19,19.328333333333333,19.3275,-0.018553914782675207,-0.02693441566440109,0.008380500881725882
2025-10-03 14:13:00,19.2,19.2,19.0,19.0,1300,24760.0,19.175000000000004,19.314999999999998,19.331875000000004,-0.03410559507137023,-0.02836865154579492,-0.00573694352557531
2025-10-07 09:01:00,19.25,19.25,19.25,19.25,5,96.25,19.172500000000003,19.319166666666664,19.3375,-0.025958272276806582,-0.027886575691997255,0.0019283034151906728
2025-10-07 09:41:00,19.25,19.25,19.25,19.25,1,19.25,19.17,19.31083333333333,19.342291666666668,-0.019279221400417157,-0.02616510483368124,0.006885883433264083
2025-10-07 11:22:00,19.2,19.2,19.2,19.2,500,9600.0,19.192500000000003,19.301666666666666,19.3475,-0.017815244543978537,-0.0244951327757407,0.006679888231762163
2025-10-07 11:25:00,19.25,19.25,19.25,19.25,5,96.25,19.19,19.293333333333333,19.352291666666666,-0.012476627410940466,-0.022091431702780655,0.009614804291840189
2025-10-07 14:03:00,18.65,18.65,18.65,18.65,1000,18650.0,19.185,19.275,19.349375,-0.05601501424504818,-0.028876148211234163,-0.027138866033814015
2025-10-07 14:21:00,18.65,18.85,18.65,18.8,5400,100940.0,19.16,19.259166666666665,19.347083333333334,-0.07752212627466903,-0.03860534382392114,-0.038916782450747894
2025-10-07 14:55:00,18.4,18.5,18.4,18.5,6000,110500.0,19.119999999999997,19.238333333333333,19.343541666666667,-0.11742060861953618,-0.05436839678304416,-0.06305221183649203
2025-10-08 09:01:00,18.9,19.45,18.9,19.3,16400,313830.0,19.1475,19.230833333333333,19.342291666666664,-0.08352431292255957,-0.06019958001094725,-0.02332473291161232
2025-10-08 09:02:00,19.4,19.4,19.3,19.3,4000,77400.0,19.1475,19.235833333333332,19.34104166666667,-0.05601554207253301,-0.05936277242326441,0.003347230350731402
2025-10-08 09:05:00,20.0,20.0,19.3,19.3,4001,78620.0,19.1475,19.235833333333336,19.339791666666667,-0.03382473252253959,-0.05425516444311945,0.02043043192057986
2025-10-08 09:06:00,20.05,20.05,20.05,20.05,1,20.05,19.185,19.248333333333335,19.341666666666665,0.04377575624195629,-0.0346489803061043,0.07842473654806059
2025-10-08 09:07:00,20.05,20.05,20.05,20.05,1500,30075.0,19.2225,19.268333333333334,19.343541666666667,0.10407499095781958,-0.006904186053319515,0.1109791770111391
2025-10-08 09:09:00,20.05,20.05,20.05,20.05,1000,20050.0,19.259999999999998,19.28083333333333,19.345416666666665,0.15013194133682717,0.024503039424709834,0.12562890191211734
2025-10-08 09:11:00,20.35,20.35,20.35,20.35,500,10175.0,19.3125,19.305833333333336,19.346875,0.20843716523677358,0.0612898645871226,0.14714730064965098
2025-10-08 09:17:00,20.35,20.35,20.35,20.35,1000,20350.0,19.365000000000002,19.323333333333334,19.348333333333333,0.25174254390211814,0.09938040045012174,0.1523621434519964
2025-10-08 09:23:00,20.35,20.5,20.0,20.5,2250,45850.0,19.425,19.350833333333334,19.350416666666664,0.29476821044730883,0.13845796244955919,0.15631024799774965
2025-10-08 09:24:00,20.5,20.5,20.2,20.2,1250,25550.0,19.4975,19.365833333333335,19.351249999999997,0.30118697243630876,0.17100376444690912,0.13018320798939964
2025-10-08 09:26:00,20.35,20.35,20.2,20.2,18000,364950.0,19.5425,19.375833333333336,19.355833333333337,0.3027835868443667,0.19735972892640066,0.10542385791796602
2025-10-08 09:28:00,20.75,20.75,20.75,20.75,1,20.75,19.615,19.395,19.362708333333334,0.34445861423707314,0.22677950598853516,0.11767910824853797
2025-10-08 09:29:00,20.75,20.75,20.75,20.75,1,20.75,19.702499999999997,19.41416666666667,19.367500000000003,0.3731845346816449,0.25606051172715716,0.11712402295448776
2025-10-08 09:32:00,20.75,20.75,20.2,20.2,4000,81350.0,19.75,19.424166666666665,19.37,0.34756313862333243,0.2743610371063922,0.07320210151694023
2025-10-08 09:33:00,20.75,20.75,20.75,20.75,1000,20750.0,19.825,19.44333333333333,19.375833333333333,0.3674032056588601,0.2929694708168858,0.0744337348419743
2025-10-08 09:36:00,20.75,20.75,20.5,20.5,3250,67125.0,19.89,19.470833333333335,19.382083333333334,0.3588174666620887,0.3061390699859264,0.05267839667616231
2025-10-08 09:40:00,20.8,20.8,20.8,20.8,1,20.8,19.9675,19.490833333333335,19.389791666666667,0.3719332840673353,0.3192979128022082,0.05263537126512707
2025-10-08 09:41:00,20.6,20.8,20.6,20.8,2101,43680.8,20.075,19.523333333333333,19.397499999999997,0.3779706534410465,0.3310324609299759,0.04693819251107062
2025-10-08 09:43:00,21.45,21.45,21.45,21.45,86,1844.7,20.2075,19.554166666666667,19.407708333333336,0.43024528011913077,0.3508750247678069,0.07937025535132386
2025-10-08 09:44:00,21.45,21.45,20.75,21.45,5751,120134.65,20.355,19.58583333333333,19.417916666666667,0.46629810409632455,0.3739596406335105,0.09233846346281405
2025-10-08 09:45:00,21.45,21.45,21.45,21.45,1,21.45,20.4625,19.6175,19.43125,0.48923068010015314,0.3970138485268391,0.09221683157331406
2025-10-08 09:53:00,21.45,21.45,21.45,21.45,200,4290.0,20.57,19.649166666666666,19.441458333333333,0.5016225196461654,0.4179355827507044,0.08368693689546103
2025-10-08 10:05:00,20.65,20.65,20.65,20.65,35,722.75,20.6375,19.67,19.45291666666667,0.44179706607513936,0.42270787941559146,0.019089186659547897
2025-10-08 10:15:00,20.5,20.8,20.5,20.8,5000,103400.0,20.675,19.690833333333334,19.463749999999997,0.4018563595328821,0.4185375754390496,-0.0166812159061675
2025-10-08 10:25:00,21.0,21.0,21.0,21.0,1000,21000.0,20.7225,19.715,19.476666666666667,0.3819386394837281,0.4112177882479853,-0.029279148764257246
2025-10-08 10:45:00,21.0,21.0,21.0,21.0,1,21.0,20.77,19.7525,19.489583333333332,0.36198101107503433,0.40137043281339513,-0.0393894217383608
2025-10-08 10:46:00,21.0,21.0,21.0,21.0,1,21.0,20.8025,19.776666666666667,19.502499999999998,0.3422195527938605,0.38954025680948823,-0.04732070401562771
2025-10-08 12:31:00,21.0,21.0,21.0,21.0,1,21.0,20.835,19.800833333333333,19.514166666666664,0.3228369908608215,0.3761996036197549,-0.05336261275893339
2025-10-08 13:42:00,21.0,21.0,21.0,21.0,50,1050.0,20.86,19.825,19.52583333333333,0.30397216893765844,0.3617541166833357,-0.05778194774567724
2025-10-08 13:43:00,21.0,21.0,21.0,21.0,50,1050.0,20.9,19.853333333333335,19.5375,0.28572796749999085,0.34654888684666674,-0.060820919346675884
2025-10-08 13:51:00,20.0,20.0,20.0,20.0,1000,20000.0,20.889999999999997,19.874166666666667,19.544999999999998,0.18840583853885917,0.31492027718510524,-0.12651443864624606
2025-10-08 14:30:00,20.0,20.0,20.0,20.0,1000,20000.0,20.8525,19.885833333333334,19.5525,0.11000923221843806,0.2739380681917718,-0.16392883597333374
2025-10-09 09:02:00,20.0,20.0,20.0,20.0,2000,40000.0,20.814999999999998,19.8975,19.56,0.047333723195677635,0.22861719919255297,-0.18128347599687533
2025-10-09 09:05:00,21.0,21.0,21.0,21.0,2,42.0,20.854999999999997,19.925833333333333,19.571666666666665,0.07746164378245624,0.19838608811053363,-0.12092444432807739
2025-10-09 09:06:00,20.0,20.0,20.0,20.0,4000,80000.0,20.8175,19.9375,19.581666666666663,0.020411306421301845,0.16279113177268728,-0.14237982535138544
2025-10-09 09:07:00,20.45,20.45,20.45,20.45,1,20.45,20.814999999999998,19.965833333333332,19.59104166666667,0.01137857707656309,0.13250862083346243,-0.12113004375689934
2025-10-09 09:10:00,20.45,20.45,20.45,20.45,49,1002.05,20.797500000000003,19.985,19.600833333333334,0.004171981982235451,0.10684129306321703,-0.10266931108098158
2025-10-09 09:34:00,19.55,19.55,19.55,19.55,1000,19550.0,20.735,19.998333333333335,19.608958333333337,-0.0733166265045746,0.0708097091496587,-0.1441263356542333
2025-10-09 09:35:00,20.45,20.5,20.0,20.45,9111,185119.94999999998,20.685000000000002,20.0175,19.618333333333336,-0.06139668584318869,0.04436843015108922,-0.1057651159942779
2025-10-09 09:36:00,19.85,19.85,19.85,19.85,1000,19850.0,20.604999999999997,20.026666666666667,19.62520833333333,-0.09922127152622195,0.01565048981562698,-0.11487176134184893
2025-10-09 09:39:00,19.85,19.85,19.85,19.85,2000,39700.0,20.525,20.045,19.634375,-0.12772519168785124,-0.013024646485068674,-0.11470054520278256
2025-10-09 09:40:00,20.75,20.75,20.75,20.75,1,20.75,20.490000000000002,20.069166666666664,19.647291666666668,-0.07680689333371049,-0.02578109585479704,-0.05102579747891345
2025-10-09 09:46:00,20.0,20.0,20.0,20.0,1000,20000.0,20.457500000000003,20.08083333333333,19.656458333333333,-0.09586740723478115,-0.03979835813079387,-0.05606904910398729
2025-10-09 09:48:00,19.85,20.15,19.85,20.15,30000,600000.0,20.425,20.095000000000002,19.665416666666665,-0.09774254026570617,-0.051387194557776336,-0.04635534570792983
2025-10-09 09:59:00,20.2,20.2,20.1,20.1,3000,60500.0,20.380000000000003,20.108333333333334,19.6725,-0.10208639047209189,-0.06152703374063946,-0.04055935673145243
2025-10-09 10:27:00,20.75,20.75,20.75,20.75,2,41.5,20.3675,20.1325,19.680208333333333,-0.052474462394794585,-0.0597165194714705,0.007242057076675912
2025-10-09 10:51:00,19.85,19.85,19.85,19.85,4000,79400.0,20.310000000000002,20.141666666666666,19.681875,-0.08480159039810786,-0.06473353365679799,-0.020068056741309875
2025-10-09 10:53:00,20.75,20.75,20.75,20.75,2,41.5,20.297500000000003,20.165833333333335,19.686041666666668,-0.03736784065258192,-0.05926039505595477,0.02189255440337285
2025-10-09 12:34:00,19.85,20.15,19.85,19.85,14000,280600.0,20.240000000000002,20.175,19.684791666666666,-0.07157367386446012,-0.06172305081765585,-0.009850623046804272
2025-10-09 12:38:00,19.85,19.85,19.85,19.85,2000,39700.0,20.1825,20.19333333333333,19.683541666666667,-0.09755746143656552,-0.06888993294143779,-0.028667528495127728
2025-10-09 12:40:00,19.85,19.85,19.85,19.85,1000,19850.0,20.175,20.2025,19.680833333333332,-0.11680336381999012,-0.07847261911714826,-0.03833074470284187
2025-10-09 12:49:00,20.75,20.75,20.75,20.75,1,20.75,20.2125,20.22666666666667,19.68458333333333,-0.058756098008487356,-0.07452931489541609,0.01577321688692873
2025-10-09 12:57:00,20.15,20.15,20.0,20.0,10001,200770.15,20.2125,20.243333333333336,19.682499999999997,-0.07243694561476488,-0.07411084103928585,0.0016738954245209686
2025-10-09 13:07:00,20.75,20.75,20.75,20.75,1,20.75,20.2,20.268333333333334,19.685624999999998,-0.022501006324922912,-0.06378887409641326,0.04128786777149035
2025-10-13 09:21:00,20.2,20.2,20.2,20.2,2,40.4,20.21,20.28416666666667,19.684375,-0.026995629316360237,-0.056430225140402655,0.02943459582404242
2025-10-13 09:31:00,19.85,20.0,19.85,20.0,5000,99700.0,20.187500000000004,20.297500000000003,19.682291666666668,-0.046163831041091896,-0.054376946320540506,0.00821311527944861
2025-10-13 09:43:00,19.9,19.9,19.9,19.9,1000,19900.0,20.16,20.308333333333334,19.67770833333333,-0.06863277733777551,-0.05722811252398752,-0.01140466481378799
2025-10-13 09:45:00,20.15,20.15,20.15,20.15,1,20.15,20.19,20.333333333333332,19.674166666666665,-0.06551149278574186,-0.058884788576338394,-0.006626704209403471
2025-10-13 10:23:00,20.15,20.15,20.15,20.15,1000,20150.0,20.175,20.355833333333333,19.670624999999998,-0.062319472207530424,-0.0595717253025768,-0.0027477469049536213
2025-10-13 11:56:00,20.15,20.15,20.0,20.0,4000,80150.0,20.1825,20.38083333333333,19.668541666666666,-0.07107421993448426,-0.06187222422895831,-0.009201995705525955
2025-10-13 12:10:00,20.15,20.15,20.15,20.15,2,40.3,20.197499999999998,20.395,19.665,-0.06515757818284484,-0.06252929501973561,-0.0026282831631092296
2025-10-13 13:02:00,19.25,19.25,19.25,19.25,2000,38500.0,20.1225,20.394166666666667,19.661875,-0.13157436794229582,-0.07633830960424766,-0.05523605833804816
2025-10-13 13:18:00,20.15,20.15,20.15,20.15,1,20.15,20.13,20.408333333333335,19.658333333333335,-0.11031601954367076,-0.08313385159213228,-0.02718216795153848
2025-10-13 13:52:00,20.15,20.15,20.15,20.15,1000,20150.0,20.130000000000003,20.41,19.654791666666664,-0.09240345576077402,-0.08498777242586064,-0.007415683334913381
2025-10-13 13:53:00,20.15,20.15,20.15,20.15,1000,20150.0,20.1325,20.41166666666667,19.655416666666664,-0.07731636498202477,-0.08345349093709348,0.006137125955068712
2025-10-14 09:05:00,20.2,20.2,20.2,20.2,2,40.4,20.104999999999997,20.41416666666667,19.654166666666665,-0.060626292548736416,-0.07888805125942207,0.018261758710685652
2025-10-14 09:49:00,19.25,19.25,19.25,19.25,1000,19250.0,20.075,20.395833333333332,19.651041666666668,-0.12264260283548722,-0.0876389615746351,-0.03500364126085212
2025-10-14 09:54:00,20.2,20.2,20.2,20.2,1,20.2,20.047500000000003,20.39333333333333,19.649791666666665,-0.09404976784265529,-0.08892112282823915,-0.005128645014416136
2025-10-14 10:26:00,19.25,19.25,19.25,19.25,500,9625.0,20.017500000000002,20.3725,19.644583333333333,-0.1463596576022006,-0.10040882978303144,-0.04595082781916916
2025-10-14 10:31:00,19.25,19.25,19.25,19.25,1000,19250.0,19.9875,20.356666666666666,19.641458333333333,-0.18567527313913956,-0.11746211845425307,-0.06821315468488649
2025-10-14 10:38:00,20.2,20.2,20.2,20.2,2,40.4,20.005000000000003,20.356666666666666,19.640416666666667,-0.13857867251264722,-0.12168542926593191,-0.016893243246715303
2025-10-14 10:43:00,20.2,20.25,20.0,20.0,5611,113370.0,19.9675,20.344166666666663,19.638541666666665,-0.1160547982609792,-0.12055930306494138,0.004504504803962181
2025-10-14 10:49:00,20.2,20.45,20.2,20.45,2,40.65,19.990000000000002,20.339166666666664,19.638333333333332,-0.061187890533766165,-0.10868502055870634,0.04749713002494017
2025-10-14 11:39:00,20.0,20.0,19.9,19.9,2000,39900.0,19.947499999999998,20.33416666666667,19.635833333333334,-0.0613783429921142,-0.09922368504538791,0.03784534205327371
2025-10-14 11:40:00,20.45,20.45,20.45,20.45,1,20.45,19.959999999999997,20.329166666666666,19.635625,-0.016953445710285564,-0.08276963717836745,0.06581619146808189
2025-10-14 13:21:00,19.55,19.55,19.55,19.55,1000,19550.0,19.937499999999996,20.313333333333336,19.629583333333336,-0.053749284640925765,-0.07696556667087912,0.02321628202995335
2025-10-14 13:29:00,20.45,20.45,20.45,20.45,1,20.45,19.964999999999996,20.307499999999997,19.629375,-0.010170534120593544,-0.063606560160822,0.05343602604022846
2025-10-15 09:04:00,20.45,20.45,20.45,20.45,2,40.9,19.98,20.301666666666666,19.62458333333333,0.024088265108961338,-0.04606759510686533,0.07015586021582668
2025-10-15 09:49:00,20.0,20.0,19.9,19.9,2000,39900.0,19.967499999999998,20.27583333333333,19.618333333333332,0.006780050657940961,-0.035498065953904076,0.04227811661184504
2025-10-15 09:52:00,20.45,20.45,20.45,20.45,2,40.9,19.99,20.25916666666667,19.613541666666666,0.037016862120442084,-0.020995080339034845,0.058011942459476926
2025-10-15 10:41:00,20.45,20.45,20.45,20.45,1000,20450.0,20.005,20.2425,19.6125,0.06028482708826388,-0.004739098853575096,0.06502392594183898
2025-10-15 11:30:00,20.45,20.45,20.45,20.45,1,20.45,20.065,20.225833333333334,19.607708333333335,0.07782770759481039,0.011774262436102006,0.06605344515870838
2025-10-16 09:01:00,20.45,20.45,20.45,20.45,1,20.45,20.080000000000002,20.2225,19.607083333333332,0.09068520420142434,0.02755645078916648,0.06312875341225786
2025-10-16 09:24:00,19.55,19.55,19.55,19.55,2000,39100.0,20.05,20.201666666666664,19.601458333333333,0.02793042001342627,0.02763124463401844,0.0002991753794078303
2025-10-16 09:32:00,20.45,20.45,20.45,20.45,1,20.45,20.065,20.1925,19.59916666666667,0.050240142714987,0.03215302425021216,0.018087118464774843
2025-10-16 10:54:00,20.45,20.45,20.45,20.45,1,20.45,20.0775,20.183333333333334,19.596875,0.06714673294879958,0.03915176598992964,0.027994966958869938
2025-10-16 12:15:00,20.45,20.45,20.45,20.45,1,20.45,20.1375,20.174166666666668,19.59541666666667,0.07962743204425138,0.047246899200793994,0.032380532843457384
2025-10-16 13:32:00,19.55,19.55,19.55,19.55,1000,19550.0,20.104999999999997,20.15,19.589166666666664,0.016703450628504868,0.041138209486336175,-0.024434758857831307
2025-10-16 13:33:00,20.45,20.45,20.45,20.45,1,20.45,20.165,20.140833333333333,19.586666666666666,0.03900855407054493,0.040712278403177926,-0.0017037243326329943
2025-10-17 09:03:00,20.45,20.45,20.45,20.45,2,40.9,20.224999999999998,20.131666666666664,19.584166666666665,0.05603952053857597,0.04377772683025754,0.012261793708318432
2025-10-17 10:13:00,20.45,20.45,20.45,20.45,1,20.45,20.2375,20.139166666666664,19.581666666666667,0.06874424332077922,0.048771030128361884,0.019973213192417336
2025-10-17 11:10:00,20.45,20.45,20.45,20.45,1,20.45,20.259999999999998,20.146666666666665,19.579375000000002,0.07791467577611755,0.05459975925791302,0.023314916518204526
2025-10-17 13:16:00,20.0,20.0,19.9,19.9,2000,39900.0,20.232499999999998,20.145,19.578958333333336,0.04033692712116732,0.051747192830563886,-0.011410265709396565
2025-10-17 13:36:00,20.45,20.45,20.45,20.45,1,20.45,20.259999999999998,20.13583333333333,19.581041666666668,0.054310634845968764,0.05225988123364486,0.0020507536123239023
2025-10-20 09:06:00,20.45,20.45,20.45,20.45,2,40.9,20.26,20.14333333333333,19.584791666666668,0.06463977184008485,0.054735859354932866,0.009903912485151982
2025-10-20 09:48:00,20.45,20.45,20.45,20.45,1,20.45,20.305,20.14333333333333,19.588541666666668,0.07199576496265436,0.05818784047647717,0.013807924486177195
2025-10-20 10:04:00,19.55,19.55,19.55,19.55,1000,19550.0,20.259999999999998,20.128333333333334,19.588541666666668,0.005143671084749002,0.04757900659813154,-0.042435335513382536
2025-10-20 10:18:00,20.45,20.45,20.45,20.45,3,61.349999999999994,20.259999999999998,20.14333333333333,19.588541666666668,0.024502928917335964,0.04296379106197243,-0.018460862144636464
2025-10-20 10:33:00,19.55,19.55,19.55,19.55,2000,39100.0,20.2425,20.128333333333334,19.588958333333334,-0.032403668836821,0.027890299082213743,-0.06029396791903474
2025-10-20 10:38:00,20.45,20.45,20.45,20.45,2,40.9,20.2425,20.138333333333332,19.595625,-0.004824465722990112,0.02134734612117297,-0.026171811844163083
2025-10-21 09:05:00,20.45,20.45,20.45,20.45,2,40.9,20.2425,20.148333333333333,19.605416666666663,0.016838151710619087,0.020445507239062195,-0.0036073555284431083
2025-10-21 09:45:00,20.45,20.45,20.45,20.45,1,20.45,20.2425,20.143333333333334,19.611666666666668,0.03361840010776973,0.023080085812803706,0.010538314294966024
2025-10-21 09:58:00,19.55,19.55,19.55,19.55,1000,19550.0,20.197499999999998,20.135833333333334,19.614166666666666,-0.025412669097974572,0.01338153483064805,-0.03879420392862262
2025-10-21 10:03:00,20.45,20.45,20.45,20.45,1,20.45,20.2425,20.140833333333333,19.621041666666667,0.000422392568161456,0.01078970637815073,-0.010367313809989275
2025-10-21 12:16:00,20.45,20.45,20.45,20.45,1,20.45,20.2425,20.146666666666665,19.627916666666668,0.02065872415766279,0.012763509934053143,0.007895214223609646
2025-10-21 13:10:00,20.45,20.45,20.45,20.45,1,20.45,20.2425,20.141666666666666,19.633958333333332,0.03627797284849521,0.01746640251694156,0.01881157033155365
2025-10-22 09:07:00,20.45,20.45,20.45,20.45,2,40.9,20.2425,20.151666666666664,19.639999999999997,0.04810185176184234,0.02359349236592172,0.02450835939592062
2025-10-22 09:18:00,20.45,20.45,20.45,20.45,1,20.45,20.2875,20.146666666666665,19.646041666666665,0.056817405306354374,0.030238274954008253,0.02657913035234612
2025-10-22 11:48:00,20.45,20.45,20.45,20.45,1,20.45,20.2875,20.15666666666667,19.652083333333334,0.06299833864970239,0.036790287693147086,0.026208050956555304
2025-10-22 12:27:00,20.45,20.45,20.45,20.45,100,2045.0,20.2875,20.166666666666668,19.658125,0.06712302045831109,0.04285683424617989,0.024266186212131197
2025-10-23 09:09:00,20.45,20.45,20.45,20.45,2,40.9,20.287499999999998,20.176666666666666,19.664583333333333,0.06958967406382399,0.048203402209708715,0.021386271854115277
2025-10-23 11:10:00,19.55,19.55,19.55,19.55,2000,39100.0,20.2425,20.156666666666663,19.66875,-0.0010656790835845698,0.038349585951050064,-0.03941526503463463
2025-10-23 11:33:00,20.45,20.45,20.45,20.45,2,40.9,20.27,20.164166666666667,19.676666666666666,0.015384579038340007,0.03375658456850805,-0.018372005530168045
2025-10-23 13:39:00,20.45,20.45,20.45,20.45,1,20.45,20.270000000000003,20.159166666666668,19.681041666666665,0.028097635070754023,0.03262479466895725,-0.004527159598203226
2025-10-23 14:43:00,20.45,20.45,20.45,20.45,5000,102250.0,20.270000000000003,20.163333333333334,19.688958333333332,0.03773780563665241,0.033647396862496286,0.004090408774156125
2025-10-27 09:03:00,20.45,20.45,20.45,20.45,2,40.9,20.27,20.17083333333333,19.693333333333335,0.04486058536051729,0.035890034562100485,0.008970550798416806
2025-10-27 09:20:00,20.45,20.45,20.45,20.45,1,20.45,20.315,20.18,19.6975,0.04992987904319435,0.03869800345831926,0.011231875584875088
2025-10-28 09:08:00,20.45,20.45,20.45,20.45,2,40.9,20.314999999999998,20.185,19.701666666666664,0.05333254641232088,0.04162491204911959,0.01170763436320129
2025-10-28 09:24:00,19.55,19.55,19.55,19.55,1000,19550.0,20.315,20.175,19.705416666666668,-0.016404196206305954,0.030019090398034482,-0.04642328660434043
2025-10-28 09:26:00,20.45,20.45,20.45,20.45,2,40.9,20.314999999999998,20.1825,19.713541666666668,0.0009405689352988134,0.02420338610548735,-0.023262817170188535
2025-10-28 13:38:00,20.45,20.45,20.45,20.45,1,20.45,20.314999999999998,20.1875,19.721666666666668,0.014519053659508785,0.022266519616291638,-0.007747465956782853
2025-10-29 09:01:00,20.45,20.45,20.45,20.45,2,40.9,20.315,20.2075,19.729791666666664,0.024992008316264247,0.022811617356286163,0.002180390959978084
2025-10-29 09:04:00,20.45,20.45,20.45,20.45,1,20.45,20.36,20.212499999999995,19.736666666666668,0.032912505459687935,0.024831794976966522,0.008080710482721413
2025-10-29 09:44:00,19.55,19.55,19.55,19.55,100,1955.0,20.315,20.2025,19.739791666666665,-0.03305191991750789,0.01325505199807164,-0.04630697191557953
2025-10-29 09:46:00,20.45,20.45,20.45,20.45,2,40.9,20.315,20.207499999999996,19.74666666666667,-0.012561917920528742,0.008091658014351561,-0.020653575934880306
2025-10-29 10:07:00,19.55,19.55,19.55,19.55,1000,19550.0,20.270000000000003,20.196666666666665,19.749791666666667,-0.06816021358761404,-0.0071587163060415635,-0.061001497281572475
2025-10-29 10:12:00,20.45,20.45,20.45,20.45,2,40.9,20.27,20.21666666666666,19.758333333333333,-0.03914850547963411,-0.013556674140760077,-0.025591831338874035
2025-10-29 10:52:00,20.45,20.5,20.45,20.5,5000,102400.0,20.2725,20.221666666666668,19.76541666666667,-0.011983793936575893,-0.01324209809992324,0.0012583041633473478
2025-10-29 10:55:00,21.0,21.0,21.0,21.0,2,42.0,20.3,20.250833333333333,19.77625,0.04932170706081962,-0.0007293370677746653,0.050051044128594284
2025-10-29 12:19:00,21.0,21.0,21.0,21.0,9,189.0,20.3275,20.279999999999998,19.785416666666666,0.09679101175039762,0.0187747326958598,0.07801627905453781
2025-10-29 14:56:00,21.0,21.0,21.0,21.0,1000,21000.0,20.355,20.293333333333333,19.794583333333335,0.13287903096017573,0.041595592348722996,0.09128343861145273
2025-10-30 09:13:00,20.0,20.0,20.0,20.0,1000,20000.0,20.3775,20.293333333333333,19.799583333333334,0.07986674936145732,0.04924982375126987,0.030616925610187452
2025-10-30 09:17:00,21.0,21.05,21.0,21.05,6000,126150.0,20.407500000000002,20.303333333333335,19.808958333333333,0.12118343187685454,0.06363654537638681,0.05754688650046773
2025-10-30 09:20:00,21.45,21.45,21.45,21.45,2,42.9,20.4575,20.329166666666662,19.82,0.1840818762193841,0.08772561154498627,0.09635626467439783
2025-10-30 09:46:00,21.45,21.45,21.45,21.45,1005,21557.25,20.5075,20.345833333333335,19.831041666666668,0.23126348502086103,0.11643318624016123,0.1148302987806998
2025-10-30 09:49:00,21.45,21.45,21.45,21.45,2,42.9,20.557499999999997,20.377499999999998,19.84125,0.2655936516314661,0.14626527931842223,0.11932837231304386
2025-10-30 10:00:00,21.45,21.45,21.45,21.45,1,21.45,20.607499999999998,20.394166666666667,19.853125,0.2894637975328642,0.17490498296131066,0.11455881457155356
2025-10-30 10:25:00,20.5,20.8,20.4,20.8,14000,288050.0,20.625,20.4,19.862291666666668,0.2530148942073751,0.19052696521052356,0.062487928996851544
2025-10-30 10:26:00,20.2,20.95,20.2,20.95,1002,20241.9,20.695,20.4175,19.872083333333332,0.23354051246566954,0.1991296746615528,0.034410837804116745
2025-10-30 11:00:00,20.2,20.2,20.2,20.2,1000,20200.0,20.6825,20.413333333333334,19.877083333333335,0.15579231580233,0.19046220288970825,-0.034669887087378254
2025-10-30 11:10:00,20.95,20.95,20.95,20.95,3,62.849999999999994,20.707500000000003,20.421666666666667,19.885208333333335,0.15293213533045602,0.18295618937785782,-0.0300240540474018
2025-10-30 11:17:00,20.95,20.95,20.95,20.95,1,20.95,20.732499999999998,20.43,19.893333333333334,0.14894843683732972,0.17615463886975222,-0.027206202032422494
2025-10-30 12:49:00,20.2,20.5,20.2,20.5,4000,81700.0,20.735,20.430833333333332,19.899583333333336,0.10823245155824424,0.16257020140745063,-0.05433774984920639
2025-10-30 13:14:00,20.2,20.2,20.2,20.2,200,4040.0,20.7675,20.441666666666666,19.90666666666667,0.051167420908722505,0.14028964530770502,-0.08912222439898251
2025-10-30 13:30:00,20.2,20.2,20.2,20.2,200,4040.0,20.755,20.4375,19.91375,0.005875246799735834,0.11340676560611118,-0.10753151880637535
2025-10-30 13:47:00,20.95,20.95,20.95,20.95,2,41.9,20.825,20.445833333333333,19.921875,0.03015203065395511,0.09675581861567997,-0.06660378796172486
2025-10-31 09:06:00,20.95,20.95,20.95,20.95,2,41.9,20.85,20.454166666666662,19.930000000000003,0.048828690019469434,0.08717039289643787,-0.038341702876968434
2025-10-31 09:21:00,20.95,20.95,20.95,20.95,1,20.95,20.8725,20.4775,19.938125000000003,0.06290494804065716,0.08231730392528173,-0.019412355884624574
2025-10-31 09:38:00,20.95,20.95,20.95,20.95,1,20.95,20.869999999999997,20.485833333333332,19.946250000000003,0.07321648981747941,0.08049714110372128,-0.007280651286241863
2025-10-31 09:58:00,20.95,20.95,20.95,20.95,1,20.95,20.8675,20.49416666666667,19.954791666666665,0.08046095713758206,0.08048990431049344,-2.8947172911381047e-05
2025-10-31 13:12:00,20.2,20.2,20.2,20.2,2000,40400.0,20.827499999999997,20.490000000000002,19.958125,0.025390828033529544,0.06947008905510066,-0.044079261021571114
2025-10-31 13:13:00,20.2,20.5,20.2,20.5,3203,65600.6,20.8525,20.490833333333335,19.96625,0.005886985253621191,0.056753468294804765,-0.050866483041183574
2025-10-31 13:30:00,20.95,20.95,20.95,20.95,1,20.95,20.8475,20.50833333333333,19.972916666666666,0.02643654449723698,0.05069008353529122,-0.024253539038054238
2025-11-03 09:03:00,20.95,20.95,20.95,20.95,2,41.9,20.822499999999998,20.516666666666666,19.982916666666668,0.04223535536335632,0.048999137900904245,-0.006763782537547926
2025-11-03 09:06:00,20.95,20.95,20.95,20.95,1,20.95,20.7975,20.525,19.989583333333332,0.05413202649364024,0.05002571561945145,0.004106310874188793
2025-11-03 09:48:00,20.2,20.2,20.2,20.2,1000,20200.0,20.735,20.520833333333332,19.993125,0.0030068312083209037,0.04062193873722534,-0.037615107528904436
2025-11-03 09:49:00,20.95,20.95,20.95,20.95,2,41.9,20.71,20.54416666666667,20.003125,0.022746272723146888,0.03704680553440965,-0.014300532811262763
2025-11-03 09:52:00,20.95,20.95,20.95,20.95,5,104.75,20.7175,20.5525,20.00979166666667,0.037952430346177124,0.03722793049676315,0.0007244998494139732
2025-11-03 09:55:00,20.95,20.95,20.95,20.95,1,20.95,20.7175,20.575833333333332,20.016458333333333,0.04943358027480471,0.039669060452371466,0.009764519822433246
2025-11-03 10:47:00,20.2,20.2,20.2,20.2,1000,20200.0,20.717499999999998,20.571666666666665,20.02,-0.0019636222628776068,0.03134252390932165,-0.03330614617219926
2025-11-03 10:57:00,20.2,20.5,20.2,20.5,4000,81700.0,20.695,20.572499999999998,20.024791666666665,-0.01827808439623979,0.021418402248209362,-0.03969648664444915
2025-11-03 11:07:00,20.4,20.4,20.4,20.4,400,8160.0,20.667499999999997,20.571666666666665,20.029166666666665,-0.0388289811172946,0.009368925575108567,-0.04819790669240317
2025-11-03 11:10:00,20.95,20.95,20.95,20.95,1,20.95,20.69,20.594999999999995,20.035833333333336,-0.010612971640998836,0.005372546131887085,-0.01598551777288592
2025-11-03 11:30:00,20.4,20.4,20.4,20.4,1000,20400.0,20.7,20.594166666666663,20.040208333333332,-0.03226010983887306,-0.002153985062264947,-0.030106124776608116
2025-11-03 11:38:00,20.95,20.95,20.95,20.95,1,20.95,20.7375,20.602500000000003,20.048333333333332,-0.004977837944462493,-0.0027187556387044563,-0.002259082305758037
2025-11-03 13:17:00,20.95,20.95,20.95,20.95,1,20.95,20.737499999999997,20.610833333333336,20.054791666666667,0.016453888900954894,0.001115773269227415,0.015338115631727479
2025-11-03 13:27:00,20.5,20.5,20.5,20.5,150,3075.0,20.714999999999996,20.611666666666668,20.061041666666664,-0.0028398167204564118,0.00032465527129064937,-0.003164471991747061
2025-11-03 13:33:00,20.95,20.95,20.95,20.95,2,41.9,20.714999999999996,20.619999999999997,20.067500000000003,0.017973830632804777,0.003854490343593476,0.014119340289211302
2025-11-04 09:03:00,20.95,20.95,20.95,20.95,3,62.85,20.715,20.628333333333334,20.075625000000002,0.0340759893211704,0.009898790139108863,0.024177199182061536
2025-11-04 09:10:00,20.95,20.95,20.95,20.95,1,20.95,20.715,20.636666666666667,20.083750000000002,0.046303310352548976,0.01717969418179689,0.029123616170752088
2025-11-04 09:17:00,20.95,21.0,20.95,21.0,5000,104900.0,20.755000000000003,20.645833333333332,20.090416666666666,0.05934405121357145,0.025612565588151805,0.03373148562541964
2025-11-04 09:20:00,21.5,21.5,21.5,21.5,2,43.0,20.805,20.678333333333335,20.0975,0.10877091027889207,0.04224423452629986,0.06652667575259222
2025-11-04 09:22:00,21.5,21.5,21.5,21.5,1,21.5,20.8325,20.695833333333333,20.104583333333334,0.14625610287675173,0.06304660819639024,0.08320949468036148
2025-11-04 09:24:00,20.55,20.55,20.55,20.55,150,3082.5,20.8125,20.697499999999998,20.11104166666667,0.09817463151750516,0.07007221286061323,0.028102418656891934
2025-11-04 09:26:00,21.5,21.5,21.5,21.5,1,21.5,20.84,20.714999999999996,20.118333333333336,0.135168639637552,0.083091498216001,0.052077141421550996
2025-11-04 11:34:00,21.5,21.5,21.5,21.5,1,21.5,20.905,20.7325,20.125625000000003,0.1626121657756201,0.09899563172792483,0.06361653404769527
2025-11-04 12:08:00,20.55,20.55,20.55,20.55,1000,20550.0,20.885,20.734166666666667,20.128958333333337,0.10647689804019578,0.10049188499037903,0.005985013049816745
2025-11-04 12:13:00,21.5,21.5,21.5,21.5,1,21.5,20.9125,20.751666666666665,20.136250000000004,0.13706633901056264,0.10780677579441578,0.029259563216146867
2025-11-04 13:36:00,21.5,21.5,21.5,21.5,1,21.5,20.939999999999998,20.784166666666668,20.14354166666667,0.1594704156795359,0.11813950377143982,0.04133091190809608
2025-11-04 14:57:00,20.55,20.55,20.55,20.55,17,349.35,20.9575,20.785833333333336,20.146875,0.09942266474292438,0.11439613596573674,-0.014973471222812354
2025-11-05 09:14:00,20.55,20.55,20.55,20.55,56,1150.8,20.96,20.7875,20.150208333333335,0.05124368421147096,0.10176564561488359,-0.05052196140341263
2025-11-05 09:18:00,21.5,21.5,21.5,21.5,2,43.0,21.015,20.805,20.160625,0.08869612186675724,0.09915174086525834,-0.010455618998501101
2025-11-05 09:20:00,21.5,21.5,21.5,21.5,50,1075.0,21.042499999999997,20.8225,20.169791666666665,0.11702841778622997,0.10272707624945267,0.014301341536777298
2025-11-05 10:07:00,21.5,21.5,21.5,21.5,1,21.5,21.0975,20.855,20.178958333333334,0.13789242834665671,0.10976014666889349,0.02813228167776323
2025-11-05 10:39:00,20.55,20.8,20.55,20.8,5000,103500.0,21.09,20.860833333333336,20.18708333333333,0.09682699584161725,0.10717351650343825,-0.010346520661820999
2025-11-05 10:40:00,21.5,21.5,21.5,21.5,2,43.0,21.1175,20.89333333333333,20.196250000000003,0.11939023822836248,0.10961686084842309,0.009773377379939385
2025-11-05 12:47:00,20.55,20.55,20.55,20.55,1000,20550.0,21.12,20.895,20.203333333333333,0.05992394393617673,0.09967827746597382,-0.0397543335297971
2025-11-05 12:49:00,21.5,21.5,21.5,21.5,2,43.0,21.1475,20.91166666666667,20.2125,0.08843412426068653,0.09742944682491637,-0.008995322564229843
2025-11-05 13:00:00,21.35,21.35,21.35,21.35,300,6405.0,21.167499999999997,20.917500000000004,20.222916666666666,0.09779755187378569,0.09750306783469025,0.00029448403909544674
2025-11-05 13:02:00,21.5,21.5,21.5,21.5,1,21.5,21.195,20.925833333333337,20.232083333333332,0.11598488060913326,0.10119943038957885,0.014785450219554408
2025-11-05 14:39:00,21.5,21.5,21.5,21.5,30,645.0,21.22,20.93416666666667,20.24,0.12891244721820527,0.10674203375530415,0.02217041346290112
2025-11-05 14:47:00,20.55,20.55,20.55,20.55,200,4110.0,21.1725,20.943333333333335,20.243958333333335,0.061788319094624455,0.09775129082316822,-0.03596297172854376
2025-11-05 14:56:00,20.55,20.55,20.55,20.55,1000,20550.0,21.125,20.935,20.247916666666665,0.008494049834329331,0.07989984262540045,-0.07140579279107112
2025-11-06 09:01:00,21.5,21.5,21.5,21.5,2,43.0,21.1725,20.935833333333335,20.25583333333333,0.04242595796561588,0.07240506569344354,-0.029979107727827664
2025-11-06 10:00:00,21.5,21.5,21.5,21.5,2,43.0,21.1725,20.936666666666667,20.26375,0.06852729957313741,0.07162951246938232,-0.0031022128962449047
2025-11-06 10:25:00,21.5,21.5,21.5,21.5,1,21.5,21.1725,20.9375,20.274791666666665,0.08819613075198518,0.0749428361259029,0.013253294626082282
2025-11-06 10:48:00,21.5,21.5,21.5,21.5,1000,21500.0,21.22,20.938333333333333,20.282708333333336,0.10260109955875762,0.08047448881247385,0.022126610746283776
2025-11-06 11:03:00,21.5,21.5,21.5,21.5,1,21.5,21.22,20.95,20.29375,0.11271780048076963,0.08692315114613301,0.025794649334636613
2025-11-06 12:35:00,21.5,21.5,21.5,21.5,10,215.0,21.22,20.959166666666665,20.301666666666666,0.11935945732301789,0.09341041238151,0.02594904494150789
2025-11-06 12:50:00,21.5,21.5,21.2,21.2,1250,26800.0,21.2525,20.975833333333334,20.308541666666667,0.09927118895357623,0.09458256769592326,0.004688621257652972
2025-11-06 13:13:00,21.5,21.5,21.5,21.5,1,21.5,21.3,20.985000000000003,20.316666666666666,0.10633284548517352,0.09693262325377332,0.009400222231400204
2025-11-07 09:05:00,21.5,21.5,21.5,21.5,2,43.0,21.3,20.99416666666667,20.324791666666666,0.11065371204998442,0.09967684101301555,0.010976871036968872
2025-11-07 09:32:00,21.5,21.5,21.5,21.5,1,21.5,21.3,21.010833333333334,20.33354166666667,0.11277799540361144,0.10229707189113474,0.010480923512476703
2025-11-07 10:04:00,21.5,21.5,21.5,21.5,1000,21500.0,21.3,21.032500000000002,20.341666666666665,0.11315710064757667,0.10446907764242314,0.008688023005153533
2025-11-07 10:11:00,21.5,21.5,21.5,21.5,1,21.5,21.335,21.054166666666667,20.349791666666665,0.11216458081709746,0.10600817827735802,0.006156402539739439
2025-11-07 12:57:00,20.55,20.55,20.55,20.55,1000,20550.0,21.2875,21.0475,20.357291666666665,0.03432526094060151,0.09167159481000672,-0.057346333869405214
2025-11-07 12:59:00,21.5,21.5,21.5,21.5,3,64.5,21.335,21.05666666666667,20.365416666666665,0.04873234353376432,0.08308374455475825,-0.03435140102099393
2025-11-07 13:20:00,21.5,21.5,21.5,21.5,1,21.5,21.335,21.065833333333334,20.373541666666664,0.0594645895137802,0.07835991354656265,-0.01889532403278245
2025-11-10 09:06:00,21.5,21.5,21.5,21.5,2000,43000.0,21.3425,21.075,20.381666666666668,0.06719538520166424,0.07612700787758298,-0.008931622675918738
2025-11-10 09:07:00,21.55,21.55,21.55,21.55,2,43.1,21.345000000000002,21.084999999999997,20.39104166666667,0.0764751210232113,0.07619663050670865,0.00027849051650265244
2025-11-10 09:09:00,21.0,21.0,21.0,21.0,1000,21000.0,21.32,21.098333333333333,20.40041666666667,0.03899941409110852,0.06875718722358863,-0.02975777313248011
2025-11-10 09:10:00,21.55,21.55,21.55,21.55,2,43.1,21.37,21.11583333333333,20.409791666666667,0.05306831134839385,0.06561941204854968,-0.012551100700155832
2025-11-10 09:12:00,21.55,21.55,21.55,21.55,2,43.1,21.419999999999998,21.125833333333336,20.419166666666666,0.06348618456879507,0.06519276655259876,-0.00170658198380369
2025-11-10 09:17:00,21.55,21.55,21.55,21.55,80,1724.0,21.4225,21.135833333333334,20.428541666666664,0.07092484666946319,0.06633918257597164,0.004585664093491551
2025-11-10 09:18:00,21.55,21.55,21.55,21.55,1000,21550.0,21.425,21.145833333333332,20.43791666666667,0.07594459792588637,0.0682602656459546,0.007684332279931774
2025-11-10 09:21:00,21.55,21.55,21.55,21.55,3,64.65,21.427500000000002,21.168333333333333,20.449583333333337,0.07901198597093995,0.07041060971095167,0.008601376259988275
2025-11-10 09:26:00,21.0,21.0,21.0,21.0,1000,21000.0,21.4025,21.169166666666666,20.456666666666667,0.036640144855574874,0.06365651673987631,-0.027016371884301435
2025-11-10 09:27:00,21.5,21.5,21.5,21.5,2,43.0,21.4025,21.178333333333335,20.468125,0.04291132181811719,0.059507477755524486,-0.0165961559374073
2025-11-10 10:00:00,21.5,21.5,21.5,21.5,2,43.0,21.4025,21.1875,20.477291666666666,0.04733561918970253,0.0570731060423601,-0.009737486852657573
2025-11-10 10:07:00,21.5,21.55,21.5,21.55,3000,64550.0,21.42,21.209999999999997,20.486666666666668,0.05425111577211794,0.056508707988311674,-0.0022575922161937323
2025-11-10 10:08:00,21.6,21.6,21.6,21.6,1,21.6,21.425,21.228333333333335,20.498541666666664,0.06303959753016741,0.05781488589668283,0.005224711633484584
2025-11-10 10:10:00,21.0,21.0,21.0,21.0,89,1869.0,21.4,21.238333333333333,20.505625,0.021343512326016167,0.050520611182549496,-0.02917709885653333
2025-11-10 10:11:00,21.6,21.6,21.6,21.6,1,21.6,21.405,21.249166666666667,20.515208333333337,0.03629565625636744,0.04767562019731309,-0.011379963940945655
2025-11-10 10:14:00,21.0,21.0,21.0,21.0,1000,21000.0,21.380000000000003,21.259166666666665,20.522291666666668,-0.00026657463872226117,0.03808718123010602,-0.03835375586882828
2025-11-10 10:15:00,21.6,21.6,21.6,21.6,1,21.6,21.385,21.27,20.531875,0.01895408861598824,0.03426056270728247,-0.01530647409129423
2025-11-10 10:16:00,21.6,21.6,21.35,21.35,252,5380.7,21.425,21.276666666666664,20.540416666666665,0.013853991865506288,0.03017924853892723,-0.016325256673420944
2025-11-10 10:19:00,22.05,22.05,22.05,22.05,3,66.15,21.4525,21.3025,20.551875,0.0655407651594011,0.03725155186302201,0.028289213296379095
2025-11-10 10:39:00,21.7,21.7,21.7,21.7,250,5425.0,21.4625,21.315,20.561875,0.07736896913428382,0.04527503531727438,0.03209393381700944
2025-11-10 10:41:00,22.05,22.05,21.5,21.5,2001,43322.05,21.4625,21.324166666666667,20.571041666666666,0.06979996690224155,0.05018002163426782,0.019619945267973733
2025-11-10 10:42:00,22.05,22.05,22.05,22.05,1,22.05,21.4875,21.342499999999998,20.584791666666668,0.10694903960474988,0.06153382522836424,0.04541521437638565
2025-11-10 11:27:00,22.05,22.05,22.05,22.05,1,22.05,21.54,21.36,20.59625,0.1348356459716129,0.07619418937701398,0.05864145659459892
2025-11-10 11:39:00,22.05,22.05,22.05,22.05,1,22.05,21.565,21.36916666666667,20.60770833333333,0.15514753818529314,0.09198485913866983,0.06316267904662332
2025-11-10 12:03:00,22.05,22.05,22.05,22.05,1,22.05,21.59,21.378333333333334,20.620416666666664,0.16929335073805873,0.10744655745854763,0.061846793279511106
2025-11-10 14:07:00,21.1,21.1,21.1,21.1,137,2890.7,21.567500000000003,21.3875,20.628125,0.10266350757298781,0.10648994748143567,-0.0038264399084478595
2025-11-10 14:49:00,22.05,22.05,22.05,22.05,1,22.05,21.5925,21.396666666666665,20.639791666666667,0.12507416027758111,0.11020679004066478,0.014867370236916339
2025-11-10 14:50:00,22.05,22.05,22.05,22.05,1,22.05,21.6175,21.405833333333337,20.651666666666664,0.1412070174076483,0.1164068355140615,0.024800181893586792
2025-11-11 09:03:00,22.05,22.05,22.05,22.05,1,22.05,21.669999999999998,21.430833333333336,20.663333333333334,0.152237523507754,0.12357297311280002,0.02866455039495397
2025-11-11 09:20:00,22.05,22.05,22.05,22.05,1,22.05,21.697499999999998,21.44,20.677500000000002,0.159144757363876,0.13068732996301524,0.02845742740086077
2025-11-11 09:21:00,22.05,22.05,22.05,22.05,2,44.1,21.725,21.449166666666667,20.691041666666667,0.16274279235241806,0.13709842244089582,0.025644369911522247
2025-11-11 09:31:00,21.1,21.1,21.1,21.1,3000,63300.0,21.7025,21.458333333333332,20.701874999999998,0.08792367113429833,0.12726347217957631,-0.03933980104527798
2025-11-11 09:34:00,21.5,21.5,21.5,21.5,1002,21543.0,21.6975,21.47416666666667,20.711041666666667,0.06021155426956781,0.1138530885975746,-0.05364153432800679
2025-11-11 09:49:00,21.5,21.5,21.5,21.5,1,21.5,21.722500000000004,21.47416666666667,20.720208333333332,0.03781361023857599,0.09864519292577488,-0.06083158268719889
2025-11-11 09:59:00,21.05,21.05,21.05,21.05,3000,63150.0,21.695,21.466666666666665,20.7275,-0.01606299673999345,0.07570355499262121,-0.09176655173261467
2025-11-11 10:03:00,21.45,21.45,21.45,21.45,2,42.9,21.7175,21.465833333333332,20.733333333333334,-0.026182127600812066,0.055326418473934554,-0.08150854607474661
2025-11-11 10:23:00,20.5,20.5,20.5,20.5,2000,41000.0,21.6625,21.460833333333333,20.735208333333333,-0.10959532553905049,0.022342069671337537,-0.13193739521038803
2025-11-11 10:25:00,21.45,21.45,21.45,21.45,1,21.45,21.6675,21.459999999999997,20.741041666666668,-0.09791512078366438,-0.0017093684196628526,-0.09620575236400153
2025-11-11 10:40:00,21.45,21.45,21.45,21.45,1,21.45,21.6375,21.475,20.745625,-0.08764812137948752,-0.018897119011627793,-0.06875100236785972
2025-11-11 10:55:00,21.45,21.5,21.0,21.0,6000,127400.0,21.6025,21.466666666666665,20.748333333333335,-0.114502772884709,-0.038018249786244046,-0.07648452309846496
2025-11-11 10:56:00,21.55,21.55,21.55,21.55,3000,64650.0,21.605,21.469999999999995,20.752708333333334,-0.0903632232334175,-0.048487244475678745,-0.041875978757738755
2025-11-11 10:57:00,21.75,21.75,21.75,21.75,1,21.75,21.59,21.474166666666665,20.75916666666667,-0.05446627438145768,-0.04968305045683454,-0.004783223924623138
2025-11-11 11:27:00,21.0,21.2,21.0,21.2,6000,126600.0,21.5475,21.469166666666663,20.763333333333332,-0.0695958298463708,-0.053665606334741794,-0.01593022351162901
2025-11-11 11:40:00,21.7,21.7,21.7,21.7,2,43.4,21.529999999999998,21.488333333333333,20.767291666666665,-0.04077031541180176,-0.051086548150153795,0.010316232738352034
2025-11-11 11:43:00,21.7,21.7,21.7,21.7,1,21.7,21.5125,21.5075,20.77125,-0.017721603927032703,-0.04441355930552958,0.026691955378496876
2025-11-11 12:16:00,21.7,21.7,21.7,21.7,1,21.7,21.5425,21.510833333333334,20.777499999999996,0.0005384589619090718,-0.03542315565204185,0.03596161461395092
2025-11-12 09:15:00,21.7,21.7,21.7,21.7,2,43.4,21.525,21.514166666666664,20.781458333333333,0.014838639755677008,-0.025370796570498077,0.04020943632617509
2025-11-12 09:33:00,20.75,20.75,20.75,20.75,2000,41500.0,21.46,21.501666666666665,20.782500000000002,-0.04991009198431229,-0.030278655653260923,-0.019631436331051366
2025-11-12 09:38:00,21.7,21.7,21.7,21.7,2,43.4,21.4425,21.505,20.78625,-0.02428690355285923,-0.029080305233180587,0.0047934016803213575
2025-11-12 09:50:00,21.7,21.7,21.7,21.7,1,21.7,21.425,21.508333333333333,20.790000000000003,-0.003934982091717387,-0.024051240604887947,0.02011625851317056
2025-11-12 10:22:00,20.75,21.2,20.75,21.2,4000,84350.0,21.3825,21.503333333333334,20.78895833333333,-0.027830941264994635,-0.02480718073690929,-0.0030237605280853466
2025-11-12 10:39:00,21.7,21.7,21.7,21.7,1,21.7,21.4125,21.511666666666667,20.79,-0.006349644990322645,-0.021115673587591963,0.014766028597269318
2025-11-12 10:40:00,21.7,21.7,21.7,21.7,1,21.7,21.4225,21.514999999999997,20.79104166666667,0.010552791065215672,-0.014781980657030435,0.02533477172224611
2025-11-12 10:45:00,21.7,21.7,21.7,21.7,10,217.0,21.432499999999997,21.51833333333333,20.792083333333334,0.0236751806692439,-0.007090548391775566,0.030765729061019466
2025-11-12 11:41:00,21.7,21.7,21.7,21.7,150,3255.0,21.464999999999996,21.521666666666665,20.79645833333333,0.03368645251662272,0.0010648517899040936,0.03262160072671863
2025-11-12 12:26:00,21.7,21.7,21.7,21.7,2000,43400.0,21.4775,21.525,20.800208333333334,0.04114615037406466,0.00908111150673621,0.03206503886732845
2025-11-12 12:27:00,21.75,21.75,21.75,21.75,3000,65250.0,21.54,21.529166666666665,20.803333333333335,0.050510344987461764,0.017366958202881325,0.03314338678458044
2025-11-12 12:43:00,21.95,21.95,21.95,21.95,1,21.95,21.565,21.552500000000002,20.807291666666668,0.07322576418613025,0.028538719399531114,0.044687044786599135
2025-11-12 14:36:00,21.95,21.95,21.95,21.95,2000,43900.0,21.59,21.56,20.811250000000005,0.09018826339664088,0.04086862819895307,0.049319635197687804
2025-11-12 15:00:00,21.95,21.95,21.7,21.75,7250,158225.0,21.6275,21.564166666666665,20.814375000000002,0.08649576832344152,0.04999405622385077,0.03650171209959075
2025-11-13 09:03:00,22.1,22.1,22.1,22.1,1,22.1,21.654999999999998,21.574166666666667,20.818958333333335,0.11053730901168635,0.062102706781417896,0.04843460223026845
2025-11-13 09:16:00,22.1,22.1,22.1,22.1,1,22.1,21.6725,21.583333333333332,20.823541666666667,0.12811358950519391,0.07530488332617312,0.052808706179020795
2025-11-13 09:27:00,22.1,22.1,22.1,22.1,50,1105.0,21.7175,21.60166666666667,20.832291666666666,0.1404241957094463,0.08832874580282776,0.052095449906618546
2025-11-13 09:37:00,22.1,22.2,22.1,22.1,8000,177200.0,21.7375,21.610833333333336,20.84104166666667,0.14846898181581025,0.10035679300542427,0.04811218881038598
2025-11-13 09:38:00,22.9,22.9,22.9,22.9,3,68.7,21.7975,21.633333333333333,20.853125,0.21689758652232172,0.12366495170880379,0.09323263481351793
2025-11-13 09:40:00,22.0,22.9,22.0,22.9,501,11022.9,21.857499999999998,21.65583333333333,20.86104166666667,0.26803797383913164,0.1525395561348694,0.11549841770426225
2025-11-13 09:43:00,22.9,22.9,22.9,22.9,1,22.9,21.917499999999997,21.678333333333335,20.873125,0.305050665054992,0.18304177791889392,0.12200888713609809
2025-11-13 09:44:00,22.9,22.9,22.9,22.9,1,22.9,22.025,21.700833333333332,20.883333333333333,0.33057285144855797,0.21254799262482676,0.1180248588237312
2025-11-13 09:45:00,22.9,22.9,22.9,22.9,2000,45800.0,22.085,21.7325,20.893541666666668,0.3468016544469563,0.23939872498925271,0.1074029294577036
2025-11-13 09:48:00,23.15,23.15,23.15,23.15,1,23.15,22.1575,21.76,20.908541666666665,0.37550739292778346,0.2666204585769589,0.10888693435082458
2025-11-13 09:51:00,23.15,23.15,23.15,23.15,50,1157.5,22.255000000000003,21.7875,20.919791666666665,0.39371835734520744,0.2920400383306086,0.10167831901459884
2025-11-13 10:07:00,23.15,23.15,23.15,23.15,1000,23150.0,22.327499999999997,21.81416666666667,20.933541666666667,0.40349938807287344,0.3143319082790616,0.08916747979381184
2025-11-13 10:08:00,22.7,23.35,22.7,23.35,2005,45616.75,22.41,21.84333333333333,20.948125,0.42251872111508604,0.33596927084626654,0.0865494502688195
2025-11-13 10:18:00,23.35,23.35,22.9,22.9,4201,97103.35,22.47,21.875,20.957083333333333,0.39670744391323254,0.3481169054596598,0.04859053845357275
2025-11-13 10:19:00,23.15,24.2,23.15,24.2,4002,93398.4,22.595,21.918333333333337,20.97458333333333,0.47566775443698006,0.3736270752551239,0.10204067918185616
2025-11-13 10:24:00,24.2,24.2,24.2,24.2,1000,24200.0,22.720000000000002,21.971666666666668,20.991458333333338,0.5321105304377873,0.4053237662916566,0.12678676414613071
2025-11-13 10:35:00,24.2,24.2,24.2,24.2,178,4307.6,22.8425,22.014999999999997,21.008541666666666,0.5702681409177615,0.43831264121687763,0.13195549970088383
2025-11-13 10:38:00,24.2,24.2,24.2,24.2,20,484.0,22.955,22.0625,21.022916666666667,0.5936649224514454,0.46938309746379125,0.12428182498765417
2025-11-13 11:18:00,24.2,24.2,24.2,24.2,9,217.8,23.0675,22.098333333333336,21.041041666666665,0.6052303219726873,0.49655254236557056,0.10867777960711678
2025-11-13 11:40:00,24.2,24.2,24.2,24.2,1,24.2,23.189999999999998,22.14,21.055416666666662,0.6073943207773915,0.5187208980479349,0.08867342272945666
2025-11-13 11:49:00,24.2,24.2,24.2,24.2,1,24.2,23.295,22.185,21.073541666666667,0.6021678888348951,0.535410296205327,0.06675759262956815
2025-11-13 12:17:00,24.2,24.2,24.2,24.2,1,24.2,23.4,22.220833333333335,21.091666666666665,0.5912107938504896,0.5465703957343595,0.044640398116130076
2025-11-13 12:27:00,23.9,23.9,23.9,23.9,300,7170.0,23.49,22.25166666666667,21.108541666666667,0.5519571063971824,0.5476477378669241,0.004309368530258317
2025-11-13 12:30:00,24.2,24.2,24.2,24.2,1,24.2,23.595,22.2875,21.122916666666665,0.5388443073223961,0.5458870517580185,-0.007042744435622472
2025-11-13 12:44:00,23.0,23.0,23.0,23.0,1000,23000.0,23.599999999999998,22.303333333333335,21.135416666666668,0.4267035752003032,0.5220503564464755,-0.09534678124617224
2025-11-13 12:46:00,24.2,24.2,24.2,24.2,1,24.2,23.665,22.355,21.14979166666667,0.429707804162188,0.503581845989618,-0.07387404182742996
2025-11-13 12:47:00,24.2,24.2,24.2,24.2,2,48.4,23.73,22.390833333333333,21.16645833333333,0.4271645897686547,0.4882983947454253,-0.06113380497677062
2025-11-13 12:55:00,24.2,24.2,24.0,24.0,2100,50800.0,23.785,22.423333333333332,21.183125,0.4043496543917442,0.4715086466746891,-0.06715899228294492
2025-11-13 12:56:00,24.1,24.2,24.1,24.2,1009,24317.8,23.85,22.459166666666665,21.201041666666665,0.397821147707365,0.45677114688122433,-0.058949999173859347
2025-11-13 12:58:00,23.65,24.2,23.65,24.2,201,4754.2,23.9025,22.495,21.217916666666667,0.3881726464850459,0.4430514468019887,-0.05487880031694281
2025-11-13 13:05:00,24.2,24.2,24.2,24.2,2,48.4,23.955,22.530833333333337,21.234791666666663,0.376189659527558,0.42967908934710264,-0.05348942981954463
2025-11-13 13:24:00,24.2,24.2,24.2,24.2,1,24.2,24.0075,22.582499999999996,21.252291666666668,0.36251421778561976,0.41624611503480613,-0.05373189724918637
2025-11-13 13:30:00,24.2,24.2,24.2,24.2,1000,24200.0,24.05,22.627499999999998,21.269166666666667,0.3476686241953786,0.40253061686692065,-0.05486199267154207
2025-11-13 13:37:00,24.2,24.2,24.0,24.0,1100,26600.0,24.105,22.669166666666666,21.288958333333333,0.3161210095683167,0.3852486954071999,-0.06912768583888323
2025-11-13 13:38:00,24.5,24.5,24.5,24.5,10,245.0,24.12,22.726666666666667,21.30708333333333,0.3276877387400674,0.37373650407377346,-0.046048765333706054
2025-11-13 13:39:00,24.5,24.5,24.5,24.5,1,24.5,24.134999999999998,22.777499999999996,21.325208333333332,0.3330156577351424,0.3655923348060473,-0.03257667707090489
2025-11-13 13:56:00,24.0,24.0,24.0,24.0,100,2400.0,24.125,22.83583333333333,21.341250000000002,0.2935088631274638,0.3511756404703306,-0.05766677734286679
2025-11-13 14:00:00,24.0,24.0,24.0,24.0,29,696.0,24.115000000000002,22.878333333333334,21.357083333333332,0.25921141592056784,0.3327827955603781,-0.07357137963981025
2025-11-13 14:01:00,24.5,24.5,24.5,24.5,1,24.5,24.130000000000003,22.929166666666667,21.378958333333333,0.2692722602351587,0.3200806884953342,-0.05080842826017551
2025-11-13 14:10:00,24.5,24.5,24.5,24.5,10,245.0,24.145000000000003,22.9875,21.396875,0.27408605837068833,0.31088176247040505,-0.03679570409971672
2025-11-13 14:12:00,24.0,24.0,24.0,24.0,110,2640.0,24.134999999999998,23.028333333333332,21.416666666666668,0.2348480249057019,0.29567501495746445,-0.060826990051762564
2025-11-13 14:13:00,24.5,24.5,24.5,24.5,2,49.0,24.15,23.074166666666667,21.438541666666666,0.24131568501255174,0.2848031489684819,-0.04348746395593017
2025-11-13 14:17:00,24.0,24.0,24.0,24.0,41,984.0,24.155,23.120833333333334,21.454375000000002,0.20374686389954277,0.2685918919546941,-0.0648450280551513
2025-11-13 14:18:00,24.5,24.5,24.5,24.5,2161,52944.5,24.17,23.1675,21.473125,0.21187674064690754,0.25724886169313677,-0.04537212104622923
2025-11-13 14:21:00,25.25,25.25,25.25,25.25,5,126.25,24.282500000000002,23.226666666666667,21.493125000000003,0.2756608122792059,0.2609312518103506,0.014729560468855318
2025-11-13 14:30:00,25.25,25.25,25.25,25.25,2,50.5,24.335,23.285833333333333,21.515416666666667,0.32249265401642546,0.27324353225156556,0.049249121764859904
2025-11-13 14:52:00,24.0,24.0,24.0,24.0,130,3120.0,24.325,23.324166666666667,21.530208333333334,0.25579403823770974,0.2697536334487944,-0.013959595211084641
2025-11-13 14:55:00,25.25,25.25,25.25,25.25,3,75.75,24.3875,23.399166666666666,21.553958333333334,0.300337355924043,0.2758703779438441,0.024466977980198867
2025-11-13 14:59:00,24.0,24.0,24.0,24.0,30,720.0,24.3775,23.4375,21.56875,0.23209821900109162,0.2671159461552936,-0.03501772715420198
2025-11-13 15:00:00,25.25,25.25,25.25,25.25,1,25.25,24.43,23.496666666666666,21.58875,0.27570461350304143,0.26883367962484317,0.00687093387819826
2025-11-14 09:03:00,25.25,25.25,25.25,25.25,1,25.25,24.4825,23.564166666666665,21.61104166666667,0.3067272346826009,0.2764123906363947,0.030314844046206157
2025-11-14 09:04:00,25.25,25.25,25.25,25.25,4,101.0,24.535000000000004,23.62333333333333,21.631041666666665,0.32753724005481644,0.2866373605200791,0.04089987953473734
2025-11-14 09:09:00,25.25,25.25,25.25,25.25,1,25.25,24.5875,23.6825,21.651041666666668,0.34010875719766887,0.2973316398555971,0.04277711734207179
2025-11-14 09:11:00,24.0,24.3,23.3,23.3,16000,383400.0,24.5525,23.709166666666665,21.662916666666668,0.1905267976121756,0.2759706714069128,-0.08544387379473717
2025-11-14 09:12:00,22.8,22.8,22.8,22.8,2000,45600.0,24.467499999999998,23.727500000000003,21.672708333333333,0.03127566918922042,0.22703167096337432,-0.1957560017741539
2025-11-14 09:13:00,22.8,22.8,22.8,22.8,230,5244.0,24.3825,23.745833333333334,21.686249999999998,-0.0938501513038581,0.16285530650992783,-0.25670545781378595
2025-11-14 09:14:00,23.0,23.0,23.0,23.0,3000,69000.0,24.3325,23.766666666666666,21.696875,-0.17485926819953335,0.09531239156803559,-0.27017165976756896
2025-11-14 09:29:00,23.8,23.8,23.8,23.8,4,95.2,24.322499999999998,23.7975,21.710833333333333,-0.17251758749728907,0.04174639575497064,-0.2142639832522597
2025-11-14 09:31:00,23.8,23.8,23.8,23.8,2000,47600.0,24.2875,23.828333333333333,21.724791666666665,-0.16871692498131452,-0.00034626839228640307,-0.1683706565890281
2025-11-14 09:37:00,24.0,24.0,24.0,24.0,2,48.0,24.2625,23.865833333333335,21.743333333333336,-0.14786208198468387,-0.029849431110765906,-0.11801265087391796
2025-11-14 09:38:00,24.15,24.15,24.15,24.15,1,24.15,24.27,23.9,21.75875,-0.11787196759148344,-0.047453938406909424,-0.07041802918457402
2025-11-14 09:39:00,24.15,24.15,24.15,24.15,2,48.3,24.252499999999998,23.934166666666666,21.774166666666666,-0.09303216893479771,-0.05656958451248709,-0.03646258442231062
2025-11-14 09:41:00,23.05,23.05,23.05,23.05,10,230.5,24.205,23.95,21.785,-0.1602598803127826,-0.07730764367254621,-0.08295223664023639
2025-11-14 09:45:00,24.15,24.15,24.15,24.15,2,48.3,24.1875,23.984166666666667,21.800416666666667,-0.12335555298427892,-0.08651722553489276,-0.03683832744938616
2025-11-14 09:52:00,24.1,24.1,24.1,24.1,4,96.4,24.13,24.004166666666666,21.817916666666665,-0.09702474891796697,-0.08861873021150761,-0.008406018706459364
2025-11-14 10:50:00,24.15,24.2,23.85,23.85,6150,148627.5,24.06,24.02,21.832083333333333,-0.0952325263712197,-0.08994148944345004,-0.005291036927769666
2025-11-14 10:53:00,24.0,24.5,24.0,24.5,201,4824.5,24.085,24.046666666666667,21.848958333333332,-0.040891240599599143,-0.08013143967467987,0.03924019907508072
2025-11-14 10:55:00,24.0,24.0,24.0,24.0,24,576.0,24.0225,24.065,21.86375,-0.03773620199676486,-0.07165239213909687,0.033916190142332006
2025-11-14 10:56:00,24.45,24.45,24.45,24.45,1,24.45,24.044999999999998,24.090833333333332,21.884166666666665,0.00106317242991949,-0.057109279225293595,0.058172451655213085
2025-11-14 10:57:00,24.45,24.45,24.45,24.45,20,489.0,24.005,24.1125,21.90083333333333,0.031449426782106826,-0.03939753802381351,0.07084696480592034
2025-11-14 12:07:00,23.35,23.35,23.35,23.35,1000,23350.0,23.91,24.115833333333335,21.916666666666668,-0.032851364557714646,-0.03808830333059374,0.005236938772879091
2025-11-14 12:14:00,24.4,24.4,24.4,24.4,1,24.4,23.8675,24.136666666666667,21.933125,0.0009055808547664412,-0.0302895264935217,0.03119510734828814
2025-11-14 12:44:00,24.4,24.4,24.4,24.4,6,146.4,23.825,24.154166666666665,21.949583333333337,0.027343010099819764,-0.018763019174853405,0.046106029274673166
2025-11-14 12:57:00,24.4,24.4,24.4,24.4,2000,48800.0,23.880000000000003,24.179166666666667,21.966041666666666,0.047744494435974616,-0.005461516452687797,0.05320601088866241
2025-11-14 13:38:00,24.4,24.4,24.4,24.4,2,48.8,23.96,24.182499999999997,21.986250000000002,0.063184466557626,0.008267680149374967,0.054916786408251025
2025-11-14 14:54:00,24.1,24.1,24.1,24.1,1000,24100.0,24.025,24.180833333333336,22.001458333333332,0.05062963597990944,0.016740071315481865,0.03388956466442757
2025-11-17 09:03:00,24.45,24.45,24.45,24.45,1,24.45,24.0975,24.185000000000002,22.018124999999998,0.06813648226825464,0.027019353506036424,0.041117128762218215
2025-11-17 09:24:00,24.45,24.45,24.45,24.45,2,48.9,24.13,24.189166666666665,22.034791666666667,0.08107618825179586,0.037830720455188316,0.04324546779660754
2025-11-17 09:25:00,24.45,24.45,24.45,24.45,2000,48900.0,24.1625,24.19333333333333,22.051458333333336,0.09029018936993083,0.04832261423813682,0.041967575131794006
2025-11-17 09:53:00,24.45,24.45,24.45,24.45,3000,73350.0,24.185,24.197499999999998,22.068125000000002,0.09648018808789871,0.0579541290080892,0.03852605907980951
2025-11-17 10:03:00,25.0,25.0,25.0,25.0,2,50.0,24.2275,24.210833333333333,22.087083333333332,0.1441050567348796,0.0751843145534473,0.0689207421814323
2025-11-17 10:18:00,24.2,24.2,24.2,24.2,1000,24200.0,24.23,24.210833333333333,22.102708333333332,0.11595810132456563,0.08333907190767098,0.03261902941689465
2025-11-17 10:30:00,25.0,25.0,25.0,25.0,2,50.0,24.3275,24.229166666666668,22.121666666666666,0.15640184735552154,0.09795162699724111,0.05845022035828043
2025-11-17 10:31:00,25.0,25.0,25.0,25.0,1000,25000.0,24.369999999999997,24.2425,22.144375,0.18630618572899849,0.1156225387435926,0.07068364698540588
2025-11-17 10:37:00,25.0,25.0,25.0,25.0,2,50.0,24.415,24.27583333333333,22.163333333333334,0.20761236324976906,0.13402050364482793,0.07359185960494113
2025-11-17 10:48:00,24.2,24.2,24.2,24.2,2000,48400.0,24.432499999999997,24.275833333333335,22.178958333333334,0.15812162070051627,0.1388407270559656,0.019280893644550684
2025-11-17 10:57:00,24.9,24.9,24.9,24.9,2,49.8,24.452499999999997,24.2875,22.1975,0.17338532245594251,0.14574964613596098,0.02763567631998154
2025-11-17 11:20:00,24.0,24.0,24.0,24.0,1000,24000.0,24.452499999999997,24.2875,22.212291666666665,0.11157329024203477,0.13891437495717573,-0.027341084715140962
2025-11-17 11:23:00,24.9,24.9,24.9,24.9,2,49.8,24.475,24.299166666666668,22.230833333333333,0.13366844118279175,0.13786518820229895,-0.004196747019507202
2025-11-17 12:15:00,24.0,24.0,24.0,24.0,120,2880.0,24.4525,24.295833333333334,22.245625,0.07766129800324251,0.12582441016248766,-0.04816311215924515
2025-11-17 12:16:00,24.9,24.9,24.9,24.9,2,49.8,24.529999999999998,24.307499999999997,22.267916666666668,0.1046909003782055,0.12159770820563123,-0.016906807827425735
2025-11-17 13:03:00,24.0,24.0,24.0,24.0,1160,27840.0,24.509999999999998,24.304166666666667,22.282708333333336,0.05288000878732646,0.1078541683219703,-0.05497415953464384
2025-11-17 13:07:00,24.85,24.85,24.85,24.85,1,24.85,24.5325,24.315,22.301041666666666,0.07949107652908793,0.10218154996339383,-0.0226904734343059
2025-11-17 13:17:00,24.85,24.85,24.85,24.85,7,173.95,24.555,24.329166666666666,22.319375,0.09943432246318906,0.10163210446335288,-0.0021977820001638226
2025-11-17 13:42:00,24.85,24.85,24.85,24.85,2,49.7,24.5775,24.335,22.33770833333333,0.11392621802450975,0.10409092717558427,0.009835290848925482
2025-11-18 09:17:00,24.85,24.85,24.85,24.85,4,99.4,24.615000000000002,24.340833333333332,22.35979166666667,0.12398196277455042,0.10806913429537751,0.015912828479172914
2025-11-18 09:29:00,24.85,24.85,24.85,24.85,2,49.7,24.634999999999998,24.355,22.378125,0.1304474954103476,0.11254480651837155,0.017902688891976062
2025-11-18 09:37:00,23.9,23.9,23.9,23.9,2000,47800.0,24.6075,24.353333333333335,22.396250000000002,0.05824302673001469,0.10168445056070018,-0.043441423830685486
2025-11-18 09:43:00,24.85,24.85,24.85,24.85,2,49.7,24.627499999999998,24.359166666666667,22.414583333333333,0.07679231164735967,0.09670602277803209,-0.019913711130672418
2025-11-18 11:24:00,24.85,24.85,24.85,24.85,1,24.85,24.6475,24.365000000000002,22.43270833333333,0.09045010112223295,0.09545483844687228,-0.0050047373246393245
2025-11-18 11:48:00,24.85,24.85,24.85,24.85,1,24.85,24.64,24.379166666666666,22.44875,0.10011987804844935,0.0963878463671877,0.003732031681261655
2025-11-18 12:29:00,23.9,23.9,23.9,23.9,1000,23900.0,24.625,24.36916666666667,22.46083333333333,0.030771471047067678,0.0832645713031637,-0.05249310025609602
2025-11-18 12:32:00,23.7,24.5,23.7,23.7,1301,30834.5,24.56,24.36416666666667,22.47208333333333,-0.039866414450280274,0.0586383741524749,-0.09850478860275518
2025-11-18 12:36:00,24.5,24.5,24.5,24.5,1,24.5,24.535,24.36416666666667,22.49083333333333,-0.030937505202327742,0.04072319828151437,-0.07166070348384211
2025-11-18 13:13:00,24.5,24.5,24.5,24.5,3,73.5,24.509999999999998,24.35166666666667,22.505208333333332,-0.023589356871852374,0.02786068725084102,-0.0514500441226934
2025-11-18 13:25:00,23.7,23.7,23.7,23.7,1000,23700.0,24.485,24.325833333333332,22.514583333333334,-0.08138109983946862,0.006012329832779087,-0.08739342967224771
2025-11-18 13:26:00,23.7,23.7,23.7,23.7,1000,23700.0,24.425,24.320833333333333,22.523958333333333,-0.1257321109982641,-0.020336558333429556,-0.10539555266483454
2025-11-18 13:42:00,24.2,24.2,24.2,24.2,1,24.2,24.435,24.303333333333335,22.535416666666666,-0.11916116975801927,-0.04010148061834751,-0.07905968913967176
2025-11-18 13:45:00,24.2,24.2,24.2,24.2,2,48.4,24.4,24.30666666666667,22.546875,-0.11265503437312319,-0.05461219136930265,-0.05804284300382054
2025-11-19 09:04:00,24.2,24.2,24.2,24.2,3,72.6,24.41,24.28916666666667,22.561041666666664,-0.10627381679950787,-0.0649445164553437,-0.04132930034416417
2025-11-19 09:21:00,24.2,24.2,24.2,24.2,2,48.4,24.375,24.271666666666665,22.574583333333337,-0.10006318973414707,-0.07196825111110437,-0.0280949386230427
2025-11-19 09:31:00,24.2,24.2,24.2,24.2,1,24.2,24.385,24.254166666666666,22.591250000000002,-0.09405699257770195,-0.0763859994044239,-0.017670993173278055
2025-11-19 09:46:00,23.3,23.3,23.3,23.3,200,4660.0,24.307499999999997,24.221666666666668,22.601041666666667,-0.16007427979042888,-0.0931236554816249,-0.06695062430880397
2025-11-19 10:00:00,24.2,24.2,24.2,24.2,1000,24200.0,24.275,24.236666666666668,22.614583333333332,-0.13817814550079532,-0.10213455348545901,-0.036043592015336315
2025-11-19 13:26:00,23.3,23.3,23.3,23.3,100,2330.0,24.197499999999998,24.244999999999997,22.626250000000002,-0.19124324660719694,-0.1199562921098066,-0.07128695449739034
2025-11-19 13:32:00,24.2,24.2,24.2,24.2,1,24.2,24.165,24.26833333333333,22.642916666666668,-0.15884418625914165,-0.12773387093967364,-0.031110315319468007
2025-11-20 09:20:00,24.45,24.45,24.45,24.45,3,73.35,24.145000000000003,24.2925,22.660625,-0.1117070969692513,-0.12452851614558917,0.012821419176337875
2025-11-20 10:41:00,24.45,24.45,24.45,24.45,1,24.45,24.1725,24.303333333333335,22.675208333333334,-0.07350331365701024,-0.11432347564787339,0.04082016199086315
2025-11-20 10:48:00,24.45,24.45,24.45,24.45,1,24.45,24.1525,24.31416666666667,22.689791666666665,-0.042733929994628994,-0.10000556651722452,0.05727163652259552
2025-11-20 11:03:00,23.35,23.6,23.3,23.3,7000,164150.0,24.075,24.302500000000002,22.699583333333333,-0.10987775840735736,-0.1019800048952511,-0.007897753512106268
2025-11-20 11:17:00,24.45,24.45,24.45,24.45,2,48.9,24.055,24.3075,22.714166666666664,-0.0694932620537152,-0.09548265632694393,0.02598939427322873
2025-11-20 12:19:00,24.45,24.45,24.45,24.45,2,48.9,24.0825,24.3125,22.72875,-0.03706104112645647,-0.08379833328684645,0.04673729216038998
2025-11-20 12:58:00,23.35,23.35,23.35,23.35,1000,23350.0,24.065,24.3175,22.741875,-0.09897812112787463,-0.0868342908550521,-0.012143830272822537
2025-11-20 13:02:00,24.45,24.45,24.45,24.45,2,48.9,24.0625,24.3225,22.758333333333333,-0.058611410346902204,-0.08118971475342213,0.022578304406519922
2025-11-20 13:03:00,24.45,24.45,24.45,24.45,1,24.45,24.06,24.32833333333333,22.772916666666667,-0.02631713369118671,-0.07021519854097505,0.04389806484978834
2025-11-20 13:52:00,24.4,24.4,24.4,24.4,2,48.8,24.095000000000002,24.3375,22.787291666666665,-0.004704043619721432,-0.05711296755672433,0.052408923937002895
2025-11-21 09:10:00,24.4,24.4,24.4,24.4,3,73.19999999999999,24.13,24.335833333333333,22.801666666666666,0.01228289639205471,-0.043233794766968515,0.055516691159023225
2025-11-21 09:18:00,24.4,24.4,24.4,24.4,1,24.4,24.139999999999997,24.342499999999998,22.819166666666668,0.025451776499377132,-0.029496680513699386,0.05494845701307652
2025-11-21 11:24:00,24.4,24.4,24.4,24.4,1,24.4,24.15,24.341666666666665,22.83354166666667,0.03547922642392365,-0.016501499126174775,0.051980725550098424
2025-11-24 09:20:00,24.4,24.4,24.4,24.4,3,73.19999999999999,24.16,24.34083333333333,22.847916666666666,0.04293116894116977,-0.0046149655127058625,0.047546134453875635
2025-11-24 09:21:00,24.4,24.45,24.4,24.45,5000,122150.0,24.1725,24.359166666666667,22.8625,0.052268945341396034,0.006761816658114521,0.045507128683281516
2025-11-24 09:53:00,25.25,25.25,25.25,25.25,1,25.25,24.225,24.37333333333333,22.883541666666666,0.1228068733433787,0.029970827995167364,0.09283604534821133
2025-11-24 09:54:00,25.25,25.25,25.25,25.25,3,75.75,24.322499999999998,24.3875,22.903333333333332,0.1766721232213584,0.05931108704040559,0.11736103618095281
2025-11-24 11:09:00,24.0,24.0,24.0,24.0,58,1392.0,24.3125,24.38083333333333,22.918333333333337,0.11714578482694193,0.07087802659771286,0.04626775822922907
2025-11-24 11:12:00,25.25,25.25,25.25,25.25,2,50.5,24.41,24.395,22.936249999999998,0.16888844523214885,0.09048011032460007,0.07840833490754878
2025-11-24 11:59:00,25.25,25.25,25.25,25.25,1,25.25,24.4625,24.414166666666667,22.956458333333334,0.20750291198572057,0.11388467065682419,0.09361824132889639
2025-11-24 13:40:00,25.25,25.25,25.25,25.25,1,25.25,24.502499999999998,24.4275,22.974375000000002,0.2353917060292794,0.13818607773131525,0.09720562829796414
2025-11-25 09:01:00,25.25,25.25,25.25,25.25,8,202.0,24.542499999999997,24.440833333333334,22.99229166666667,0.25455937422831454,0.16146073703071512,0.09309863719759942
2025-11-25 09:04:00,25.25,25.25,25.25,25.25,2,50.5,24.5825,24.454166666666666,23.012083333333337,0.266675816558287,0.1825037529362295,0.08417206362205748
2025-11-25 09:24:00,25.25,25.25,25.25,25.25,1,25.25,24.68,24.467499999999998,23.029999999999998,0.2731297150611631,0.20062894536121625,0.07250076969994687
2025-11-25 11:58:00,25.25,25.25,24.8,25.0,5000,125300.0,24.7075,24.467499999999998,23.046875,0.2551305789587346,0.21152927208071992,0.04360130687801467
2025-11-25 14:36:00,25.25,25.25,25.25,25.25,2,50.5,24.7475,24.485,23.064791666666668,0.25806424065673284,0.22083626579592253,0.03722797486081031
2025-11-26 09:21:00,25.25,25.25,25.25,25.25,1,25.25,24.842499999999998,24.489166666666666,23.0825,0.25742179052659253,0.22815337074205658,0.029268419784535954
2025-11-26 09:22:00,25.25,25.25,25.25,25.25,2,50.5,24.8825,24.493333333333332,23.098125,0.25398486474911763,0.2333196695434688,0.02066519520564883
2025-11-26 13:45:00,25.25,25.25,25.25,25.25,30,757.5,24.9225,24.4975,23.11375,0.24839770221976565,0.2363352760787282,0.012062426141037447
2025-11-27 09:13:00,24.05,24.05,24.05,24.05,2000,48100.0,24.904999999999998,24.494999999999997,23.128333333333334,0.14546305690793915,0.2181608322445704,-0.07269777533663124
2025-11-27 09:39:00,24.05,24.25,24.05,24.25,4000,96800.0,24.8975,24.484166666666667,23.139791666666667,0.07911297232564962,0.19035126026078625,-0.11123828793513663
2025-11-27 10:02:00,24.05,24.05,24.05,24.05,1000,24050.0,24.880000000000003,24.485,23.150416666666665,0.010273299535246139,0.15433566811567823,-0.1440623685804321
2025-11-27 10:13:00,25.2,25.2,25.2,25.2,1,25.2,24.919999999999998,24.49,23.169791666666665,0.047959900060881466,0.13306051450471887,-0.0851006144438374
2025-11-27 10:14:00,25.2,25.2,25.2,25.2,3,75.6,24.96,24.509999999999998,23.185208333333332,0.07693988736659563,0.12183638907709422,-0.044896501710498596
2025-11-27 10:24:00,25.2,25.2,25.2,25.2,1,25.2,24.997500000000002,24.515,23.200625,0.09876819779282187,0.11722275082023977,-0.0184545530274179
2025-11-27 10:25:00,25.2,25.2,25.2,25.2,1,25.2,24.995,24.535000000000004,23.220000000000002,0.11474458689835387,0.1167271180358626,-0.0019825311375087223
2025-11-27 10:39:00,25.2,25.2,25.2,25.2,1,25.2,24.9925,24.54083333333333,23.239375,0.12595407024999616,0.11857250847868932,0.0073815617713068465
2025-11-27 12:36:00,24.05,24.05,24.05,24.05,1000,24050.0,24.995,24.5275,23.25,0.041563163243449,0.10317063943164126,-0.06160747618819226
2025-11-27 12:37:00,24.05,24.25,24.0,24.0,6000,144550.0,24.9325,24.513333333333332,23.260416666666668,-0.029017327012319072,0.0767330461428492,-0.10575037315516828
2025-11-27 12:53:00,23.95,23.95,23.95,23.95,50,1197.5,24.8675,24.49833333333333,23.270625,-0.0879733541128509,0.04379176609170918,-0.13176512020456008
2025-11-27 13:00:00,23.95,23.95,23.95,23.95,1000,23950.0,24.802500000000002,24.483333333333334,23.28375,-0.13316142829004463,0.00840112721535841,-0.14156255550540303
2025-11-27 14:26:00,24.95,24.95,24.95,24.95,1,24.95,24.7875,24.500833333333333,23.298125000000002,-0.08727560118339994,-0.010734218464393267,-0.07654138271900668
2025-11-27 14:27:00,24.95,24.95,24.95,24.95,1,24.95,24.7725,24.5025,23.316458333333333,-0.050330573094907294,-0.018653489390496075,-0.03167708370441122
2025-11-28 09:01:00,24.95,24.95,24.95,24.95,1000,24950.0,24.7575,24.504166666666666,23.33083333333333,-0.02081147048318499,-0.01908508560903386,-0.001726384874151131
2025-11-28 09:09:00,24.95,24.95,24.95,24.95,2,49.9,24.755000000000003,24.50583333333333,23.345833333333335,0.002553199317834043,-0.01475742862366028,0.017310627941494322
2025-11-28 09:28:00,23.95,23.95,23.95,23.95,2000,47900.0,24.69,24.506666666666664,23.35604166666667,-0.05894232376476083,-0.023594407651880395,-0.035347916112880434
2025-11-28 09:32:00,23.95,24.15,23.95,24.15,10000,240700.0,24.634999999999998,24.514166666666664,23.367083333333333,-0.09049645354440372,-0.03697481683038507,-0.053521636714018654
2025-11-28 09:34:00,24.1,24.1,23.95,23.95,5000,120200.0,24.57,24.505,23.38125,-0.1301414674339334,-0.05560814695109475,-0.07453332048283864
2025-11-28 09:40:00,23.95,23.95,23.95,23.95,2000,47900.0,24.505000000000003,24.49583333333333,23.395416666666666,-0.15971928210597142,-0.07643037398207009,-0.08328890812390133
2025-11-28 10:24:00,23.95,24.1,23.95,24.1,4000,96250.0,24.5075,24.5025,23.40625,-0.16910680890478957,-0.09496566096661399,-0.07414114793817558
2025-11-28 10:30:00,23.9,23.9,23.9,23.9,3000,71700.0,24.490000000000002,24.50583333333333,23.416249999999998,-0.19048898165138795,-0.1140703251035688,-0.07641865654781914
2025-11-28 10:59:00,23.3,23.9,23.3,23.7,4000,94200.0,24.4725,24.4975,23.425416666666667,-0.22102499754514682,-0.13546125959188443,-0.08556373795326239
2025-11-28 14:15:00,24.3,24.3,24.3,24.3,2,48.6,24.427500000000002,24.499166666666664,23.43708333333333,-0.19456717526766454,-0.14728244272704047,-0.04728473254062407
2025-11-28 14:16:00,24.3,24.3,24.3,24.3,1,24.3,24.3825,24.500833333333333,23.44875,-0.1716208224831135,-0.1521501186782551,-0.019470703804858408
2025-12-01 10:37:00,24.3,24.3,24.3,24.3,3,72.9,24.3375,24.5025,23.460416666666667,-0.15168711790851575,-0.15205751852430724,0.0003704006157914941
2025-12-01 13:03:00,23.3,23.3,23.3,23.3,1000,23300.0,24.2425,24.4875,23.46916666666667,-0.21411299474712564,-0.16446861376887092,-0.049644380978254715
2025-12-01 13:12:00,24.3,24.3,24.3,24.3,2,48.6,24.197499999999998,24.504166666666666,23.480833333333337,-0.18081004361216202,-0.16773689973752917,-0.013073143874632848
2025-12-01 13:23:00,23.3,23.5,23.3,23.5,5000,117100.0,24.169999999999998,24.4925,23.48916666666667,-0.2164751383797885,-0.17748454746598105,-0.03899059091380744
2025-12-01 14:06:00,24.0,24.0,24.0,24.0,1,24.0,24.169999999999998,24.504166666666666,23.499583333333337,-0.2020648834156198,-0.18240061465590882,-0.019664268759710973
2025-12-01 14:07:00,24.0,24.0,24.0,24.0,1,24.0,24.1725,24.500833333333333,23.51,-0.18847206390334392,-0.18361490450539586,-0.004857159397948063
2025-12-01 14:14:00,23.15,23.15,23.15,23.15,1000,23150.0,24.1325,24.479166666666668,23.516875000000002,-0.24348085700451705,-0.19558809500522012,-0.04789276199929693
2025-12-02 09:21:00,24.25,24.25,24.25,24.25,1,24.25,24.0975,24.475833333333334,23.532291666666666,-0.19605491590709434,-0.19568145918559499,-0.0003734567214993545
2025-12-02 09:22:00,24.25,24.25,24.25,24.25,2,48.5,24.0625,24.4725,23.54375,-0.15666359549279107,-0.18787788644703424,0.031214290954243162
2025-12-02 09:44:00,24.25,24.25,24.25,24.25,1,24.25,24.027499999999996,24.488333333333333,23.555208333333333,-0.12401610974947275,-0.17510553110752194,0.0510894213580492
2025-12-02 10:17:00,24.25,24.25,24.25,24.25,1,24.25,23.9925,24.485,23.566666666666666,-0.09702430627821812,-0.1594892861416612,0.06246497986344307
2025-12-03 09:12:00,24.25,24.25,24.25,24.25,1,24.25,24.0075,24.48166666666667,23.577916666666667,-0.0747711918061178,-0.1425456672745525,0.06777447546843471
2025-12-03 09:13:00,24.25,24.25,24.25,24.25,1,24.25,24.0125,24.496666666666666,23.591458333333332,-0.056484322156400424,-0.1253333982509221,0.06884907609452168
2025-12-03 09:18:00,23.15,23.15,23.15,23.15,3000,69450.0,23.9725,24.474999999999998,23.598124999999996,-0.12926259440056498,-0.1261192374808507,-0.0031433569197142908
2025-12-03 09:34:00,23.1,23.1,23.1,23.1,1000,23100.0,23.93,24.4525,23.604583333333334,-0.18879813425681036,-0.13865501683604262,-0.05014311742076774
2025-12-03 09:51:00,23.1,23.3,23.1,23.3,8000,186000.0,23.89,24.434166666666666,23.611875,-0.21733682634638285,-0.15439137873811068,-0.06294544760827217
2025-12-03 10:51:00,23.95,23.95,23.95,23.95,2,47.9,23.8925,24.42666666666667,23.621875,-0.1853675756889679,-0.16058661812828212,-0.024780957560685768
2025-12-03 12:11:00,22.95,22.95,22.95,22.95,1000,22950.0,23.855,24.4025,23.62770833333333,-0.23798007075009053,-0.17606530865264383,-0.0619147620974467
2025-12-03 13:52:00,23.85,23.85,23.85,23.85,1,23.85,23.8325,24.39333333333333,23.639583333333334,-0.20469379114555863,-0.18179100515122681,-0.02290278599433182
2025-12-03 14:16:00,23.85,23.85,23.85,23.85,1,23.85,23.81,24.384166666666665,23.649375,-0.17628210437681702,-0.18068922499634488,0.00440712061952786
2025-12-04 09:09:00,23.85,23.85,23.85,23.85,2,47.7,23.7875,24.374166666666667,23.659166666666668,-0.15201332295541548,-0.17495404458815902,0.02294072163274355
2025-12-04 11:28:00,23.85,23.85,23.85,23.85,1,23.85,23.815,24.350833333333334,23.66875,-0.13126697485653693,-0.16621663064183462,0.034949655785297684
2025-12-04 14:11:00,22.85,22.85,22.85,22.85,1000,22850.0,23.7425,24.310833333333335,23.673958333333335,-0.19328887335620237,-0.17163107918470819,-0.021657794171494188
2025-12-05 09:12:00,23.85,23.85,23.85,23.85,2,47.7,23.759999999999998,24.308333333333334,23.685833333333335,-0.15990672690031005,-0.16928620872782857,0.009379481827518521
2025-12-08 09:18:00,23.85,23.85,23.85,23.85,2,47.7,23.7525,24.285,23.69520833333333,-0.1319303246696215,-0.16181503191618718,0.029884707246565667
2025-12-08 10:05:00,23.85,23.85,23.85,23.85,1,23.85,23.745,24.261666666666667,23.707083333333333,-0.10850801152968614,-0.15115362783888697,0.04264561630920083
2025-12-08 10:36:00,22.85,22.85,22.85,22.85,1000,22850.0,23.73,24.221666666666668,23.71229166666667,-0.1686927176276889,-0.15466144579664737,-0.014031271831041525
2025-12-08 11:09:00,23.85,23.85,23.85,23.85,1,23.85,23.71,24.198333333333334,23.722708333333333,-0.13415147348649015,-0.15055945133461593,0.016407977848125782
2025-12-08 11:10:00,23.85,23.85,23.85,23.85,1,23.85,23.69,24.175,23.730208333333334,-0.10556045345009579,-0.1415596517577119,0.03599919830761611
2025-12-08 12:29:00,23.85,23.85,23.85,23.85,1000,23850.0,23.67,24.151666666666667,23.739166666666666,-0.08195711349621959,-0.12963914410541344,0.04768203060919385
2025-12-09 09:19:00,23.8,23.8,23.8,23.8,2,47.6,23.6475,24.131666666666668,23.748749999999998,-0.06651908802243156,-0.11701513288881706,0.050496044866385495
2025-12-09 12:49:00,23.8,23.8,23.8,23.8,2000,47600.0,23.625000000000004,24.1075,23.756041666666665,-0.05366571663387987,-0.10434524963782962,0.050679533003949756
2025-12-09 12:51:00,23.8,23.8,23.8,23.8,3000,71400.0,23.602500000000003,24.083333333333332,23.763333333333332,-0.04298383629659597,-0.09207296696958289,0.049089130672986925
2025-12-10 09:27:00,23.8,23.8,23.8,23.8,1,23.8,23.634999999999998,24.059166666666666,23.770625000000003,-0.03412499744206343,-0.080483373064079,0.04635837562201557
2025-12-10 10:46:00,23.8,23.8,23.8,23.8,1,23.8,23.67,24.035000000000004,23.777916666666666,-0.02679542287008374,-0.06974578302527995,0.04295036015519621
2025-12-10 13:08:00,22.85,22.85,22.85,22.85,1000,22850.0,23.6475,24.015,23.785208333333333,-0.09653099352884809,-0.07510282512599359,-0.021428168402854497
2025-12-10 13:14:00,23.8,23.8,23.8,23.8,1,23.8,23.640000000000004,24.0075,23.7925,-0.07428358030105642,-0.07493897616100616,0.0006553958599497395
2025-12-10 14:29:00,23.8,23.8,23.8,23.8,1000,23800.0,23.682499999999997,24.003333333333334,23.79979166666667,-0.05600673426445013,-0.07115252778169495,0.015145793517244821
2025-12-11 09:11:00,22.85,22.85,22.85,22.85,2000,45700.0,23.6325,23.964166666666667,23.803125,-0.11683249039800359,-0.08028852030495669,-0.0365439700930469
2025-12-11 09:31:00,22.85,23.2,22.85,23.2,2000,46050.0,23.6,23.930833333333336,23.807916666666664,-0.1352363450280123,-0.09127808524956782,-0.043958259778444475
2025-12-11 09:39:00,23.2,23.2,23.2,23.2,2000,46400.0,23.567500000000003,23.897499999999997,23.812708333333333,-0.1481141645241415,-0.10264530110448257,-0.04546886341965893
2025-12-11 11:09:00,22.9,22.9,22.9,22.9,2000,45800.0,23.520000000000003,23.859166666666667,23.820208333333333,-0.18044733746812724,-0.11820570837721152,-0.062241629090915726
2025-12-11 11:55:00,22.9,22.9,22.9,22.9,3000,68700.0,23.5225,23.820833333333336,23.826041666666665,-0.20372321555851158,-0.13530920981347155,-0.06841400574504003
2025-12-12 09:34:00,23.5,23.5,23.5,23.5,100,2350.0,23.505000000000003,23.811666666666667,23.834375,-0.17177442243207253,-0.14260225233719176,-0.029172170094880767
2025-12-12 10:45:00,22.8,22.8,22.8,22.8,3000,68400.0,23.4525,23.791666666666668,23.841666666666665,-0.2006262292711085,-0.15420704772397512,-0.0464191815471334
2025-12-12 14:05:00,23.0,23.0,23.0,23.0,1000,23000.0,23.41,23.775833333333335,23.848125,-0.20499016648948398,-0.1643636714770769,-0.04062649501240709
2025-12-12 14:51:00,22.5,22.5,22.5,22.5,21,472.5,23.392500000000002,23.75166666666667,23.856458333333332,-0.2459591752333452,-0.18068277222833057,-0.06527640300501464
2025-12-15 09:19:00,22.5,22.5,22.5,22.5,1000,22500.0,23.325,23.710833333333333,23.860833333333332,-0.2752544478932606,-0.1995971073613166,-0.07565734053194398
2025-12-15 09:21:00,22.5,22.5,22.5,22.5,2000,45000.0,23.2575,23.67,23.86520833333333,-0.29506978176762644,-0.2186916422425786,-0.07637813952504785
2025-12-15 09:44:00,23.0,23.0,23.0,23.0,2,46.0,23.215,23.6375,23.873541666666664,-0.2673459575179997,-0.22842250529766286,-0.03892345222033686
2025-12-15 12:17:00,23.0,23.0,23.0,23.0,1000,23000.0,23.175,23.605000000000004,23.879583333333333,-0.24257833501452453,-0.2312536712410352,-0.011324663773489313
2025-12-15 13:22:00,23.0,23.0,23.0,23.0,1,23.0,23.134999999999998,23.589166666666667,23.884791666666665,-0.22040907709852675,-0.22908475241253354,0.008675675314006787
2025-12-16 09:40:00,21.85,21.85,21.85,21.85,5000,109250.0,23.0375,23.550833333333333,23.8875,-0.29226610776721174,-0.2417210234834692,-0.05054508428374255
2025-12-16 10:05:00,21.85,21.85,21.85,21.85,1000,21850.0,22.94,23.515833333333333,23.888125,-0.3452336832738183,-0.26242355544153906,-0.08281012783227926
2025-12-16 10:10:00,22.5,22.5,22.5,22.5,2,45.0,22.875,23.49166666666667,23.891458333333333,-0.3309463571519373,-0.27612811578361873,-0.05481824136831859
2025-12-17 09:24:00,21.4,21.4,21.4,21.4,5000,107000.0,22.802500000000002,23.446666666666665,23.890208333333337,-0.40373040241654223,-0.30164857311020343,-0.1020818293063388
2025-12-17 09:30:00,21.4,21.4,21.4,21.4,1000,21400.0,22.682499999999997,23.405000000000005,23.88895833333333,-0.4561540230379073,-0.33254966309574424,-0.12360435994216307
2025-12-17 09:31:00,21.7,21.7,21.7,21.7,3000,65100.0,22.5775,23.37166666666667,23.892916666666665,-0.4680966999003715,-0.3596590704566697,-0.10843762944370178
2025-12-17 09:35:00,21.0,21.0,21.0,21.0,3000,63000.0,22.485,23.31666666666667,23.889999999999997,-0.5279595185259431,-0.3933191600705245,-0.13464035845541866
2025-12-17 09:39:00,21.4,21.4,21.4,21.4,2000,42800.0,22.395,23.26833333333333,23.88875,-0.5369351226510943,-0.4220423525866385,-0.11489277006445581
2025-12-17 09:57:00,20.9,20.9,20.9,20.9,1000,20900.0,22.28,23.211666666666666,23.8875,-0.5777344122346051,-0.45318076451623185,-0.12455364771837324
2025-12-17 10:08:00,20.9,20.9,20.9,20.9,1000,20900.0,22.18,23.171666666666667,23.88416666666667,-0.6031157996606105,-0.4831677715451076,-0.11994802811550287
2025-12-17 10:15:00,20.9,20.9,20.9,20.9,1000,20900.0,22.080000000000002,23.115000000000002,23.88083333333333,-0.6161283875338555,-0.5097598947428572,-0.10636849279099825
2025-12-17 11:29:00,20.45,20.45,20.45,20.45,1000,20450.0,21.927500000000002,23.06416666666667,23.875625,-0.6551994647845873,-0.5388478087512033,-0.11635165603338404
2025-12-17 12:13:00,20.45,20.45,20.45,20.45,1000,20450.0,21.81,23.005000000000003,23.870416666666664,-0.6783440470775055,-0.5667470564164637,-0.11159699066104178
2025-12-17 13:00:00,20.45,20.45,20.45,20.45,1000,20450.0,21.682499999999997,22.945833333333333,23.865208333333335,-0.68874685033175,-0.591147015199521,-0.09759983513222903
2025-12-17 14:08:00,20.6,20.6,20.6,20.6,98,2018.8,21.5875,22.903333333333332,23.860416666666666,-0.6770824158405588,-0.6083340953277285,-0.06874832051283031
2025-12-17 14:45:00,21.0,21.0,21.0,21.0,3,63.0,21.5125,22.84916666666667,23.856458333333332,-0.6283187430529793,-0.6123310248727787,-0.015987718180200616
2025-12-17 14:46:00,21.0,21.0,21.0,21.0,2,42.0,21.4375,22.795,23.8525,-0.5829532587544151,-0.606455471649106,0.0235022128946909
2025-12-17 14:59:00,21.0,21.0,21.0,21.0,1000,21000.0,21.3375,22.740833333333335,23.849375,-0.5407671584207314,-0.5933178090034311,0.0525506505826997
2025-12-18 09:01:00,20.35,20.35,20.35,20.35,5,101.75,21.205,22.675833333333333,23.842083333333335,-0.5534046335619109,-0.5853351739151271,0.031930540353216186
2025-12-18 11:56:00,20.35,20.35,20.35,20.35,4000,81400.0,21.072499999999998,22.610833333333336,23.834791666666664,-0.5569991837886263,-0.579667975889827,0.022668792101200652
2025-12-18 12:09:00,20.6,20.6,20.6,20.6,3,61.800000000000004,21.009999999999998,22.55,23.82854166666667,-0.5335248378547028,-0.5704393482828022,0.036914510428099345
2025-12-18 12:10:00,20.6,20.6,20.6,20.6,1,20.6,20.947499999999998,22.5075,23.82229166666667,-0.5090532011502873,-0.5581621188562992,0.04910891770601189
2025-12-18 12:57:00,20.6,20.6,20.6,20.6,2000,41200.0,20.8525,22.465833333333332,23.812708333333333,-0.48407909032887986,-0.5433455131508154,0.059266422821935505
2025-12-18 13:00:00,20.3,20.3,20.3,20.3,2000,40600.0,20.7975,22.415833333333335,23.801875,-0.4829275323881319,-0.5312619169982787,0.04833438461014683
2025-12-19 09:32:00,20.9,20.9,20.9,20.9,2,41.8,20.7725,22.365000000000002,23.793541666666666,-0.42865861910249237,-0.5107412574191215,0.0820826383166291
2025-12-19 12:08:00,20.9,20.9,20.9,20.9,1000,20900.0,20.732499999999998,22.33083333333333,23.785208333333333,-0.3812552412393586,-0.4848440541831689,0.10358881294381028
2025-12-19 13:20:00,20.9,20.9,20.9,20.9,2,41.8,20.7275,22.28166666666667,23.776875,-0.3397710535546885,-0.4558294540574729,0.11605840050278438
2025-12-19 14:24:00,20.9,20.9,20.9,20.9,100,2090.0,20.702499999999997,22.2325,23.767500000000002,-0.30339716230824365,-0.4253429957076271,0.12194583339938347
2025-12-22 11:07:00,20.9,20.9,20.9,20.9,2,41.8,20.7025,22.183333333333334,23.758125,-0.27144158184668754,-0.3945627129354392,0.12312113108875167
2025-12-23 10:38:00,20.9,20.9,20.9,20.9,2,41.8,20.7025,22.13416666666667,23.748749999999998,-0.24331180704806954,-0.3643125317579653,0.12100072470989576
2025-12-23 12:57:00,20.0,20.0,20.0,20.0,1000,20000.0,20.6575,22.086666666666662,23.734791666666663,-0.2902948973676942,-0.3495090048799111,0.059214107512216896
2025-12-23 14:55:00,20.9,20.9,20.9,20.9,8,167.2,20.68,22.0375,23.726458333333333,-0.2520019351124958,-0.33000759092642806,0.07800565581393226
2025-12-24 10:20:00,20.0,20.0,20.0,20.0,1000,20000.0,20.6575,21.973333333333336,23.708958333333335,-0.29092338137850504,-0.32219074901684347,0.03126736763833843
2025-12-24 11:12:00,20.0,20.0,20.0,20.0,2000,40000.0,20.634999999999998,21.909166666666668,23.691458333333333,-0.3181020258162235,-0.3213730043767195,0.0032709785604960184
2025-12-24 12:27:00,19.9,19.9,19.9,19.9,2000,39800.0,20.6,21.860000000000003,23.673541666666665,-0.3437479492267883,-0.3258479933467333,-0.017899955880054996
2025-12-24 12:58:00,19.9,19.9,19.9,19.9,2000,39800.0,20.544999999999998,21.794166666666666,23.655625,-0.35992355361709727,-0.3326631054008061,-0.027260448216291144
2025-12-26 13:37:00,20.5,20.5,20.5,20.5,1,20.5,20.52,21.738333333333333,23.640208333333337,-0.32063180715802275,-0.3302568457522495,0.009625038594226754
2025-12-26 13:38:00,20.5,20.5,20.5,20.5,2,41.0,20.494999999999997,21.682499999999997,23.62479166666667,-0.28619375158857707,-0.321444226919515,0.03525047533093795
2025-12-29 10:57:00,20.5,20.5,20.5,20.5,2,41.0,20.5025,21.627499999999998,23.609375,-0.2559509017653525,-0.30834556188868256,0.05239466012333005
2025-12-29 11:02:00,19.9,19.9,19.9,19.9,1000,19900.0,20.48,21.5625,23.591458333333332,-0.27720278977546897,-0.30211700746603987,0.024914217690570895
2025-12-29 14:50:00,20.5,20.5,20.5,20.5,1,20.5,20.475,21.5075,23.577291666666667,-0.24283087537000014,-0.2902597810468319,0.04742890567683178
2025-12-30 10:48:00,20.5,20.5,20.5,20.5,2,41.0,20.47,21.4525,23.561875,-0.21313400937859228,-0.274834626713184,0.0617006173345917
2025-12-30 12:19:00,20.5,20.5,20.5,20.5,1000,20500.0,20.464999999999996,21.397499999999997,23.551458333333336,-0.18743835642944262,-0.2573553726564357,0.06991701622699309
2025-12-30 12:42:00,20.35,20.35,20.0,20.0,8000,161400.0,20.45,21.35,23.53395833333333,-0.20505642484330622,-0.24689558309380982,0.041839158250503605
2025-12-30 13:08:00,19.9,19.9,19.9,19.9,1000,19900.0,20.4,21.285,23.516041666666663,-0.2245001374200548,-0.24241649395905887,0.017916356539004058
2025-12-30 13:28:00,20.5,20.5,20.5,20.5,1,20.5,20.380000000000003,21.23,23.501458333333332,-0.18931216137711004,-0.23179562744266913,0.04248346606555908
2025-12-31 09:18:00,19.9,19.9,19.9,19.9,1000,19900.0,20.33,21.180833333333332,23.483541666666667,-0.20744907859273098,-0.22692631767268154,0.019477239079950553
2025-12-31 09:19:00,19.9,19.9,19.9,19.9,1000,19900.0,20.28,21.125833333333333,23.465625,-0.21929482195433891,-0.22540001852901304,0.006105196574674121
2025-12-31 10:01:00,19.9,19.9,19.9,19.9,2000,39800.0,20.229999999999997,21.070833333333333,23.447708333333335,-0.22607658872534486,-0.22553533256827943,-0.000541256157065434
2025-12-31 10:12:00,20.5,20.5,20.5,20.5,3,61.5,20.21,21.03083333333333,23.432291666666668,-0.18095031951487428,-0.21661832995759842,0.035668010442724135
2025-12-31 11:03:00,20.5,20.5,20.3,20.3,5000,101900.0,20.225,20.987499999999997,23.416041666666665,-0.15948728444097782,-0.2051921208542743,0.04570483641329648
2025-12-31 11:34:00,20.85,20.85,20.85,20.85,2,41.7,20.2225,20.94333333333333,23.402916666666666,-0.09697935343503872,-0.1835495673704272,0.0865702139353885
2025-12-31 12:57:00,20.0,20.0,20.0,20.0,500,10000.0,20.2225,20.896666666666665,23.384166666666665,-0.11470699320605249,-0.1697810525375523,0.05507405933149981
2025-12-31 12:59:00,20.6,20.6,20.6,20.6,5,103.0,20.2525,20.856666666666666,23.367916666666666,-0.07942571959979361,-0.15170998595000057,0.07228426635020696
2026-01-02 09:06:00,20.55,20.55,20.55,20.55,4,82.2,20.285,20.824166666666663,23.353541666666665,-0.0548671637020135,-0.13234142150040315,0.07747425779838965
2026-01-02 09:34:00,19.85,20.0,19.85,20.0,5200,103250.0,20.29,20.782499999999995,23.336875,-0.07887550693080314,-0.12164823858648315,0.042772731655680005
2026-01-02 09:37:00,20.0,20.0,20.0,20.0,10,200.0,20.265,20.74083333333333,23.318125,-0.09678659627608255,-0.11667591012440304,0.01988931384832049
2026-01-02 09:40:00,20.0,20.0,20.0,20.0,350,7000.0,20.240000000000002,20.69083333333333,23.299374999999998,-0.10971651987964037,-0.11528403207545053,0.0055675121958101564
2026-01-02 10:15:00,20.0,20.0,20.0,20.0,1000,20000.0,20.215,20.64083333333333,23.282708333333332,-0.11859647119433703,-0.11594651989922784,-0.0026499512951091847
2026-01-02 10:22:00,20.0,20.0,20.0,20.0,300,6000.0,20.22,20.59083333333333,23.26395833333333,-0.12420217127058919,-0.11759765017350012,-0.006604521097089075
2026-01-02 11:34:00,19.8,19.8,19.8,19.8,2000,39600.0,20.185,20.55666666666667,23.246458333333333,-0.14313310812496738,-0.12270474176379358,-0.020428366361173803
2026-01-02 11:44:00,20.0,20.0,20.0,20.0,20,400.0,20.160000000000004,20.52583333333333,23.227708333333332,-0.1403794762231243,-0.12623968865565974,-0.014139787567464562
2026-01-05 09:01:00,19.8,19.8,19.8,19.8,4,79.2,20.125,20.480833333333333,23.205,-0.15257672215503604,-0.131507095355535,-0.02106962679950103
2026-01-05 09:07:00,20.0,20.0,20.0,20.0,30,600.0,20.125,20.4575,23.183125,-0.14443978694892934,-0.13409363367421387,-0.01034615327471547
2026-01-05 10:40:00,19.8,19.8,19.8,19.8,2000,39600.0,20.119999999999997,20.430833333333332,23.165625,-0.1523730737595379,-0.1377495216912787,-0.014623552068259216
2026-01-05 10:44:00,20.0,20.0,20.0,20.0,12,240.0,20.095,20.402499999999996,23.14375,-0.14089775061959386,-0.13837916747694173,-0.002518583142652131
2026-01-05 12:08:00,19.8,19.8,19.8,19.8,2000,39600.0,20.09,20.382499999999997,23.126250000000002,-0.14625585641457306,-0.139954505264468,-0.00630135115010505
2026-01-05 12:09:00,19.95,19.95,19.95,19.95,10,199.5,20.092499999999998,20.358333333333334,23.104166666666668,-0.13682125717799565,-0.13932785564717354,0.0025065984691778898
2026-01-06 09:19:00,19.95,19.95,19.95,19.95,2,39.9,20.095,20.342499999999998,23.082083333333333,-0.12787026054332173,-0.1370363366264032,0.009166076083081454
2026-01-06 09:23:00,19.0,19.1,19.0,19.1,9250,175775.0,20.025,20.3125,23.056458333333335,-0.18720642830198386,-0.14707035496151932,-0.04013607334046454
2026-01-06 09:24:00,19.3,19.3,19.3,19.3,50,965.0,19.975,20.285833333333333,23.031666666666663,-0.2156070562804011,-0.1607776952252957,-0.05482936105510541
2026-01-06 09:56:00,19.0,19.0,19.0,19.0,1000,19000.0,19.8825,20.261666666666663,23.013749999999998,-0.2593328239981858,-0.18048872097987373,-0.07884410301831207
2026-01-06 10:04:00,19.3,19.3,19.3,19.3,10,193.0,19.847500000000004,20.242500000000003,22.999166666666667,-0.2667039203696895,-0.19773176085783692,-0.06897215951185257
2026-01-06 10:24:00,18.55,18.55,18.55,18.55,1000,18550.0,19.745,20.210833333333333,22.981458333333332,-0.3292686947875971,-0.22403914764378896,-0.10522954714380817
2026-01-06 10:25:00,19.3,19.3,19.3,19.3,10,193.0,19.682499999999997,20.189166666666665,22.96604166666667,-0.31470527081544475,-0.24217237227812016,-0.07253289853732459
2026-01-06 10:41:00,19.3,19.3,19.3,19.3,2,38.6,19.6475,20.160833333333333,22.94729166666667,-0.2997087959561746,-0.2536796570137311,-0.04602913894244354
2026-01-06 10:47:00,19.3,19.3,19.3,19.3,4000,77200.0,19.6125,20.132499999999997,22.928541666666664,-0.28454393621223417,-0.2598525128534317,-0.024691423358802478
2026-01-06 10:48:00,19.5,19.5,19.5,19.5,1000,19500.0,19.5875,20.107499999999998,22.909791666666663,-0.25346555394889236,-0.25857512107252384,0.0051095671236314755
2026-01-06 10:54:00,19.5,19.5,19.5,19.5,5,97.5,19.5625,20.09333333333333,22.890416666666667,-0.226227897714665,-0.25210567640095205,0.025877778686287045
2026-01-06 11:59:00,19.0,19.0,19.0,19.0,2000,38000.0,19.5125,20.070833333333333,22.86895833333333,-0.24219579784209344,-0.25012370068918033,0.007927902847086887
2026-01-06 12:00:00,19.5,19.5,19.5,19.5,10,195.0,19.4975,20.052500000000002,22.854166666666668,-0.21206015494658104,-0.24251099154066047,0.030450836594079433
2026-01-06 12:22:00,19.5,19.5,19.5,19.5,3000,58500.0,19.4725,20.03416666666667,22.834791666666664,-0.1860329685760611,-0.23121538694774063,0.04518241837167952
2026-01-06 12:24:00,20.0,20.0,20.0,20.0,5,100.0,19.482499999999998,20.024166666666662,22.817708333333332,-0.12363522462678134,-0.2096993544835488,0.08606412985676745
2026-01-06 12:41:00,19.2,19.2,19.2,19.2,3000,57600.0,19.4425,20.00583333333333,22.798333333333336,-0.13715681868787044,-0.1951908473244131,0.05803402863654267
2026-01-06 12:45:00,20.0,20.0,20.0,20.0,5,100.0,19.4525,19.99083333333333,22.779583333333335,-0.08236995570224792,-0.17262666899998008,0.09025671329773216
2026-01-07 09:14:00,20.0,20.0,20.0,20.0,5,100.0,19.4525,19.975833333333334,22.76291666666667,-0.03850708634653799,-0.14580275246929167,0.10729566612275368
2026-01-07 11:06:00,19.3,19.3,19.3,19.3,4000,77200.0,19.427500000000002,19.949166666666663,22.741458333333334,-0.05954321905820237,-0.12855084578707382,0.06900762672887145
2026-01-07 11:11:00,20.0,20.0,20.0,20.0,5,100.0,19.43,19.93416666666667,22.722916666666666,-0.01950550857237232,-0.10674177834413351,0.08723626977176119
2026-01-08 09:10:00,19.15,19.15,19.15,19.15,5000,95750.0,19.389999999999997,19.904999999999998,22.705416666666668,-0.055720914789201714,-0.09653760563314714,0.04081669084394543
2026-01-08 09:11:00,19.0,19.0,19.0,19.0,5000,95000.0,19.384999999999998,19.873333333333335,22.682916666666667,-0.09542562433470181,-0.09631520937345808,0.0008895850387562743
2026-01-08 09:24:00,18.85,18.85,18.85,18.85,2000,37700.0,19.3625,19.854166666666668,22.659791666666663,-0.1374116432169643,-0.10453449614215934,-0.03287714707480496
2026-01-08 09:37:00,18.85,18.85,18.85,18.85,1000,18850.0,19.355,19.82,22.636666666666667,-0.16874072760372627,-0.11737574243447275,-0.051364985169253516
2026-01-08 09:48:00,19.2,19.2,19.2,19.2,1,19.2,19.35,19.80666666666667,22.615,-0.16344310736425172,-0.12658921542042856,-0.03685389194382316
2026-01-08 11:18:00,18.85,18.85,18.85,18.85,1000,18850.0,19.365,19.7875,22.593125,-0.18535017860268255,-0.13834140805687936,-0.047008770545803186
2026-01-08 12:15:00,19.15,19.15,19.15,19.15,1,19.15,19.3575,19.775,22.571041666666666,-0.17646996172564045,-0.1459671187906316,-0.03050284293500885
2026-01-08 12:17:00,18.25,18.25,18.25,18.25,2000,36500.0,19.305,19.747500000000002,22.54520833333333,-0.2392963449504535,-0.164632964022596,-0.07466338092785749
2026-01-08 12:23:00,19.15,19.15,19.15,19.15,2,38.3,19.2975,19.725,22.523125,-0.21399739910151538,-0.1745058510383799,-0.039491548063135484
2026-01-08 14:56:00,19.15,19.15,19.15,19.15,1000,19150.0,19.28,19.7025,22.501041666666666,-0.1917375708825304,-0.17795219500721002,-0.013785375875320388
2026-01-09 11:09:00,19.15,19.15,19.15,19.15,1000,19150.0,19.2625,19.68,22.476666666666667,-0.1721124909858034,-0.1767842542029287,0.004671763217125313
2026-01-12 09:27:00,19.15,19.15,19.15,19.15,2,38.0,19.27,19.6675,22.455625,-0.15477532022926965,-0.1723824674081969,0.01760714717892725
2026-01-12 11:25:00,19.15,19.15,19.15,19.15,1,19.0,19.2525,19.645,22.43125,-0.13942824547438804,-0.16579162302143516,0.026363377547047123
2026-01-13 14:36:00,19.15,19.15,19.15,19.15,1,19.0,19.235,19.6225,22.406875000000003,-0.1258152581823957,-0.15779635005362727,0.031981091871231576
2026-01-14 09:19:00,18.25,18.25,18.25,18.25,2000,36500.0,19.1475,19.584999999999997,22.378750000000004,-0.18551089197718795,-0.1633392584383394,-0.022171633538848545
2026-01-14 09:20:00,19.15,19.15,19.15,19.15,2,38.0,19.145,19.570833333333333,22.357708333333335,-0.1583720194007192,-0.16234581063081538,0.003973791230096169
2026-01-14 10:00:00,18.25,18.25,18.25,18.25,1000,18250.0,19.057499999999997,19.543333333333337,22.33,-0.20709943240319006,-0.17129653498529032,-0.03580289741789974
2026-01-14 10:03:00,18.5,18.5,18.5,18.5,5,92.0,18.982499999999998,19.51,22.30708333333333,-0.22297305304725157,-0.1816318385976826,-0.04134121444956898
2026-01-14 10:04:00,18.5,18.5,18.5,18.5,1000,18500.0,18.9425,19.486666666666668,22.280416666666667,-0.23286864696442677,-0.19187920027103145,-0.040989446693395326
2026-01-14 10:15:00,18.5,18.5,18.5,18.5,3000,55500.0,18.8675,19.46333333333333,22.2575,-0.23796783140706523,-0.20109692649823824,-0.036870904908826996
2026-01-14 10:19:00,19.15,19.15,19.15,19.15,2,38.0,18.8675,19.450833333333332,22.233541666666664,-0.18739918296289915,-0.19835737779117044,0.01095819482827129
2026-01-14 10:42:00,19.15,19.15,19.15,19.15,2000,38300.0,18.875,19.428333333333335,22.21333333333333,-0.14564426827914545,-0.18781475588876545,0.04217048760962
2026-01-15 09:50:00,19.2,19.2,19.2,19.2,1,19.0,18.8925,19.410000000000004,22.189791666666668,-0.10728193605364922,-0.17170819192174222,0.064426255868093
2026-01-15 14:33:00,18.5,18.5,18.5,18.5,1000,18500.0,18.874999999999996,19.370833333333334,22.163333333333334,-0.13184384743192368,-0.16373532302377852,0.031891475591854845
2026-01-15 14:57:00,19.2,19.2,19.2,19.2,1000,19200.0,18.875,19.3575,22.139791666666667,-0.09374456036439582,-0.149737170491902,0.05599261012750617
2026-01-16 09:32:00,19.2,19.2,19.2,19.2,2,38.0,18.892500000000002,19.334166666666665,22.116249999999997,-0.06282637750106801,-0.1323550118937352,0.06952863439266718
2026-01-16 11:08:00,19.2,19.2,19.2,19.2,1,19.0,18.895,19.311666666666667,22.092708333333334,-0.037886759844603546,-0.11346136148390885,0.07557460163930531
2026-01-16 12:56:00,19.1,19.1,19.1,19.1,1000,19100.0,18.9375,19.29666666666667,22.07270833333333,-0.025892623391879255,-0.09594761386550293,0.07005499047362368
2026-01-16 14:04:00,19.25,19.25,19.25,19.25,4,77.0,18.942500000000003,19.28416666666667,22.049374999999998,-0.0042346233404053635,-0.07760501576048343,0.07337039242007806
2026-01-19 10:06:00,18.35,18.35,18.35,18.35,2000,36700.0,18.902499999999996,19.256666666666668,22.022291666666668,-0.05901271876058445,-0.07388655636050363,0.014873837599919185
2026-01-19 10:10:00,19.25,19.25,19.25,19.25,4,77.0,18.9075,19.24416666666667,21.998958333333334,-0.029462648576846107,-0.06500177480377213,0.035539126226926024
2026-01-19 10:42:00,18.7,18.7,18.4,18.5,4000,74000.0,18.875,19.21916666666667,21.976458333333333,-0.06580418733799576,-0.06516225731061685,-0.0006419300273789036
2026-01-19 10:47:00,19.25,19.25,19.25,19.25,4,77.0,18.88,19.209999999999997,21.95791666666667,-0.03369793779373964,-0.058869393407241406,0.025171455613501766
2026-01-20 09:16:00,19.25,19.25,19.25,19.25,2,38.0,18.884999999999998,19.197499999999998,21.936041666666668,-0.008159446694460115,-0.04872740406468515,0.04056795737022503
2026-01-20 09:24:00,19.25,19.25,19.25,19.25,1000,19250.0,18.935,19.188333333333333,21.91416666666667,0.011942327775852135,-0.036593457696577694,0.04853578547242983
2026-01-20 09:59:00,19.25,19.25,19.25,19.25,1,19.0,18.94,19.175833333333333,21.895625,0.02755548637480487,-0.023763668882301178,0.05131915525710605
2026-01-20 10:01:00,18.3,18.3,18.3,18.3,1000,18300.0,18.942500000000003,19.15083333333333,21.873125,-0.03630948037957893,-0.02627283118175673,-0.010036649197822198
2026-01-20 10:04:00,19.25,19.25,18.3,18.3,5002,91538.0,18.9325,19.1225,21.848541666666666,-0.08593235199193217,-0.038204735343791825,-0.04772761664814034
2026-01-20 10:06:00,18.7,18.7,18.7,18.7,2,37.0,18.942500000000003,19.104166666666668,21.825625000000002,-0.09192255223532086,-0.04894829872209764,-0.042974253513223225
2026-01-20 10:12:00,18.7,18.7,18.7,18.7,4000,74800.0,18.9525,19.083333333333332,21.802708333333335,-0.0955681786113658,-0.058272274699951276,-0.03729590391141452
2026-01-20 10:14:00,19.25,19.25,19.25,19.25,2,38.0,18.9575,19.071666666666665,21.782083333333333,-0.053460698665400486,-0.05730995949304113,0.0038492608276406437
2026-01-20 10:19:00,19.25,19.25,19.25,19.25,1,19.0,18.9625,19.074166666666667,21.761458333333334,-0.019861269093315315,-0.049820221413095965,0.02995895231978065
2026-01-20 13:11:00,18.4,18.4,18.4,18.4,5000,92000.0,18.922500000000003,19.05916666666667,21.741041666666664,-0.06111685824232538,-0.05207954877894185,-0.009037309463383526
2026-01-20 13:23:00,19.0,19.0,19.0,19.0,2,38.0,18.9475,19.05916666666667,21.719375,-0.04487987699733864,-0.05063961442262121,0.005759737425282567
2026-01-21 09:55:00,18.2,18.2,18.2,18.2,5000,91000.0,18.8975,19.04083333333333,21.698124999999997,-0.09546480762308818,-0.059604653062714605,-0.03586015456037357
2026-01-21 10:28:00,18.05,18.05,18.05,18.05,3000,54150.0,18.84,19.032500000000002,21.6725,-0.14597476970738654,-0.07687867639164901,-0.06909609331573753
2026-01-21 10:41:00,18.05,18.05,18.05,18.05,1000,18050.0,18.7825,19.011666666666667,21.645833333333332,-0.18388457168559924,-0.09827985545043907,-0.08560471623516017
2026-01-21 11:01:00,18.05,18.2,17.6,18.2,3000,53850.0,18.7375,18.993333333333336,21.619791666666668,-0.1995246208516015,-0.11852880853067158,-0.08099581232092992
2026-01-21 11:02:00,18.1,18.1,18.1,18.1,3000,54300.0,18.68,18.973333333333336,21.593333333333337,-0.217481643749732,-0.13831937557448368,-0.07916226817524832
2026-01-21 11:04:00,17.6,17.6,17.6,17.6,1000,17600.0,18.642500000000002,18.941666666666666,21.569583333333334,-0.26895815292918357,-0.16444713104542366,-0.10451102188375991
2026-01-21 11:25:00,17.6,17.6,17.6,17.6,2000,35200.0,18.56,18.910000000000004,21.54104166666667,-0.3062237011133213,-0.1928024450590032,-0.1134212560543181
2026-01-21 11:26:00,18.3,18.3,18.3,18.3,2000,36600.0,18.55,18.89833333333333,21.515416666666667,-0.2760901710454675,-0.20945999025629608,-0.06663018078917143
2026-01-21 11:44:00,18.3,18.3,18.3,18.3,20,366.0,18.5025,18.878333333333334,21.494375,-0.24933495323110577,-0.21743498285125806,-0.03189997037984771
2026-01-21 13:00:00,18.3,18.3,18.3,18.3,1000,18300.0,18.455000000000002,18.85833333333333,21.46875,-0.22553146402349,-0.2190542790857045,-0.006477184937785513
2026-01-22 09:20:00,18.3,18.3,18.3,18.3,3,54.0,18.407500000000002,18.830000000000002,21.443125,-0.20431184753292442,-0.2161057927751485,0.011793945242224074
2026-01-22 11:41:00,17.5,17.5,17.5,17.5,9000,157500.0,18.32,18.80166666666667,21.414375,-0.24917611555275698,-0.2227198573306702,-0.026456258222086776
2026-01-22 11:42:00,17.7,17.7,17.7,17.7,5000,88500.0,18.29,18.763333333333332,21.386458333333334,-0.2655321532827948,-0.23128231652109513,-0.034249836761699654
2026-01-22 11:46:00,18.1,18.1,18.1,18.1,3005,54390.0,18.28,18.73166666666667,21.360208333333333,-0.24341187340424497,-0.2337082278977251,-0.009703645506519865
2026-01-22 12:01:00,18.05,18.05,18.05,18.05,10,180.0,18.2475,18.71083333333333,21.333750000000002,-0.22729584930106128,-0.23242575217839237,0.005129902877331088
2026-01-22 14:50:00,17.7,17.7,17.7,17.7,1000,17700.0,18.1975,18.672500000000003,21.305833333333332,-0.23999929652163132,-0.23394046104704017,-0.006058835474591157
2026-01-23 09:17:00,18.05,18.05,18.05,18.05,10,180.0,18.1375,18.654166666666665,21.279166666666665,-0.21929687714718682,-0.23101174426706952,0.011714867119882705
2026-01-23 11:32:00,17.7,17.7,17.7,17.7,749,13257.0,18.060000000000002,18.6325,21.247708333333332,-0.22849815111710114,-0.23050902563707587,0.0020108745199747258
2026-01-23 12:17:00,18.05,18.05,18.05,18.05,10,180.0,18.042499999999997,18.619166666666665,21.217708333333334,-0.20518293099533125,-0.225443806708727,0.020260875713395743
2026-01-23 13:21:00,17.3,17.3,17.3,17.3,1000,17300.0,17.9575,18.59333333333333,21.189791666666668,-0.24440681345268445,-0.22923640805751852,-0.015170405395165926
2026-01-23 14:19:00,18.05,18.05,18.05,18.05,1000,18050.0,17.95,18.574166666666663,21.159791666666663,-0.2125234528314941,-0.22589381701231365,0.01337036418081955
2026-01-26 09:17:00,18.05,18.05,18.05,18.05,10,180.0,17.95,18.560833333333335,21.129791666666666,-0.18512169219857455,-0.21773939204956586,0.032617699850991305
2026-01-26 10:54:00,18.05,18.05,18.05,18.05,10,180.0,17.950000000000003,18.5425,21.099791666666665,-0.16154342740414407,-0.2065001991204815,0.04495677171633744
2026-01-27 09:34:00,18.05,18.05,18.05,18.05,1,18.0,17.9425,18.539166666666667,21.069791666666667,-0.14122947718167467,-0.19344605473272017,0.0522165775510455
2026-01-27 10:25:00,18.05,18.05,18.05,18.05,1,18.0,17.94,18.520833333333332,21.039791666666666,-0.12370453638422418,-0.179497751063021,0.055793214678796804
2026-01-27 12:11:00,17.3,17.7,17.2,17.2,12200,210900.0,17.919999999999998,18.488333333333333,21.00625,-0.17637069916246872,-0.17887234068291055,0.0025016415204418274
2026-01-27 12:17:00,17.5,17.5,17.5,17.5,2000,35000.0,17.915,18.460833333333333,20.975,-0.19169181587861317,-0.1814362357220511,-0.010255580156562083
2026-01-27 13:06:00,17.5,17.5,17.5,17.5,50,875.0,17.875,18.433333333333334,20.942708333333332,-0.20151101768324509,-0.1854511921142899,-0.01605982556895519
2026-01-27 13:16:00,17.5,17.5,17.2,17.2,3000,52200.0,17.82,18.40083333333333,20.909166666666668,-0.23083932658791895,-0.19452881900901572,-0.03631050757890322
2026-01-27 13:22:00,17.5,17.5,17.5,17.5,2,34.0,17.78,18.373333333333335,20.876875,-0.22725507485696284,-0.20107407017860515,-0.026181004678357683
2026-01-27 13:29:00,17.5,17.5,17.5,17.5,1000,17500.0,17.740000000000002,18.360833333333336,20.844583333333333,-0.22185709900100292,-0.20523067594308472,-0.0166264230579182
2026-01-28 09:01:00,17.5,17.5,17.5,17.5,28,490.0,17.740000000000002,18.333333333333332,20.817291666666666,-0.21509962960957196,-0.20720446667638218,-0.007895162933189787
2026-01-28 09:13:00,17.5,17.5,17.5,17.5,10,175.0,17.73,18.320833333333333,20.789166666666667,-0.20735403815349684,-0.2072343809718051,-0.00011965718169174022
2026-01-28 10:24:00,16.8,16.8,16.8,16.8,1000,16800.0,17.665,18.2925,20.758958333333336,-0.2547630016776168,-0.21674010511296746,-0.03802289656464933
2026-01-28 10:28:00,17.5,17.5,17.5,17.5,10,175.0,17.6375,18.27583333333333,20.726875,-0.2331630386075929,-0.22002469181189255,-0.013138346795700362
2026-01-29 09:49:00,17.5,17.5,17.5,17.5,5000,87500.0,17.627499999999998,18.259166666666665,20.694791666666667,-0.21358286197315834,-0.21873632584414573,0.00515346387098739
2026-01-29 09:50:00,17.65,17.65,17.65,17.65,4300,75895.0,17.6075,18.23416666666667,20.663333333333334,-0.18384246304905005,-0.2117575532851266,0.02791509023607655
2026-01-29 09:52:00,17.85,17.85,17.85,17.85,10,178.0,17.615000000000002,18.2125,20.632708333333333,-0.1424920939427068,-0.19790446141664264,0.05541236747393585
2026-01-29 09:53:00,17.85,17.85,17.85,17.85,2000,35700.0,17.605,18.19,20.602083333333333,-0.10847123958368954,-0.18001781705005204,0.0715465774663625
2026-01-29 09:54:00,17.85,17.85,17.85,17.85,2000,35700.0,17.6325,18.179166666666667,20.57625,-0.08058058457780959,-0.16013037055560356,0.07954978597779397
2026-01-29 09:55:00,18.0,18.0,18.0,18.0,5000,90000.0,17.630000000000003,18.159166666666668,20.55125,-0.045844822569467425,-0.13727326095837633,0.0914284383889089
2026-01-29 09:56:00,18.5,18.5,18.5,18.5,4,74.0,17.6525,18.1475,20.52854166666667,0.021778293791136605,-0.10546295000847374,0.12724124379961033
2026-01-29 10:00:00,18.5,18.5,18.5,18.5,2000,37000.0,17.675,18.135833333333334,20.50583333333333,0.07451118217860397,-0.06946812357105818,0.14397930574966217
2026-01-29 10:04:00,18.5,18.5,18.5,18.5,1000,18500.0,17.6975,18.125833333333333,20.47895833333333,0.11497699294168129,-0.03257910026851028,0.14755609321019159
2026-01-29 10:42:00,18.5,18.5,18.5,18.5,1000,18500.0,17.720000000000002,18.113333333333333,20.452083333333334,0.14537069661142255,0.003010859107476292,0.14235983750394626
2026-01-29 10:47:00,18.5,18.5,18.5,18.5,4,74.0,17.785000000000004,18.115833333333335,20.425208333333334,0.16752678129157417,0.03591404354429588,0.13161273774727827
2026-01-29 12:55:00,18.5,18.5,18.5,18.5,50,925.0,17.835,18.103333333333335,20.398333333333333,0.18297639998637294,0.0653265148327113,0.11764988515366163
2026-01-30 09:08:00,18.5,18.5,18.5,18.5,10,185.0,17.885,18.103333333333335,20.375625,0.1929956009582412,0.0908603320578173,0.1021352689004239
2026-01-30 10:36:00,18.1,18.1,18.1,18.1,1000,18100.0,17.93,18.084166666666665,20.350416666666668,0.1667371903127446,0.10603570370880278,0.06070148660394181
2026-01-30 10:40:00,18.5,18.5,18.5,18.5,10,185.0,17.979999999999997,18.071666666666665,20.327708333333337,0.17617305444732168,0.12006317385650657,0.056109880590815106
2026-01-30 10:54:00,18.1,18.1,18.1,18.1,300,5430.0,18.009999999999998,18.052500000000002,20.303333333333335,0.1496493234479459,0.12598040377479444,0.02366891967315146
2026-01-30 10:58:00,18.1,18.1,18.1,18.1,2000,36200.0,18.04,18.033333333333335,20.278333333333332,0.12716321712709444,0.12621696644525443,0.0009462506818400107
2026-01-30 11:13:00,18.3,18.3,18.3,18.3,10,183.0,18.08,18.033333333333335,20.255000000000003,0.12405115984292436,0.12578380512478843,-0.0017326452818640647
2026-01-30 11:39:00,18.3,18.3,18.3,18.3,1000,18300.0,18.155,18.03333333333334,20.232499999999998,0.12019924989273179,0.1246668940783771,-0.004467644185645311
2026-01-30 11:55:00,17.6,17.6,17.6,17.6,1000,17600.0,18.160000000000004,18.015,20.204583333333336,0.05997112386459946,0.11172774003562158,-0.05175661617102212
2026-01-30 11:57:00,18.3,18.3,18.3,18.3,10,183.0,18.200000000000003,18.008333333333333,20.179583333333333,0.06794086986689152,0.10297036600187558,-0.03502949613498406
2026-02-03 10:39:00,18.3,18.3,18.3,18.3,10,183.0,18.232499999999998,17.9925,20.154583333333335,0.07341071793288378,0.09705843638807723,-0.02364771845519345
2026-02-03 10:41:00,18.3,18.3,18.3,18.3,1,18.0,18.255000000000003,17.97666666666667,20.13375,0.07685962205372832,0.09301867352120746,-0.016159051467479146
2026-02-04 09:53:00,17.6,17.6,17.6,17.6,1000,17600.0,18.2425,17.96333333333333,20.105833333333333,0.0228454059426646,0.0789840200054989,-0.0561386140628343
2026-02-04 09:57:00,18.3,18.3,18.3,18.3,10,183.0,18.265,17.951666666666664,20.084166666666665,0.03610668499020875,0.07040855300244087,-0.03430186801223212
2026-02-04 12:17:00,18.3,18.3,18.3,18.3,1,18.0,18.279999999999998,17.953333333333333,20.060416666666665,0.046085103788254145,0.06554386315960352,-0.019458759371349374
2026-02-04 14:39:00,18.3,18.3,18.1,18.1,11000,200100.0,18.259999999999998,17.954166666666666,20.035833333333333,0.03742335095152782,0.05991976071798838,-0.022496409766460557
2026-02-04 14:56:00,18.5,18.5,18.5,18.5,10,185.0,18.259999999999998,17.961666666666666,20.016458333333333,0.062119432336409375,0.06035969504167259,0.0017597372947367879
2026-02-05 09:17:00,18.6,18.6,18.6,18.6,10,186.0,18.265,17.96833333333333,19.992916666666666,0.08873750826660043,0.06603525768665816,0.022702250579942268
2026-02-05 09:32:00,18.0,18.0,18.0,18.0,1000,18000.0,18.240000000000002,17.966666666666665,19.966875,0.06071762464191721,0.06497173107770997,-0.004254106435792757
2026-02-05 10:06:00,18.0,18.0,18.0,18.0,1000,18000.0,18.215,17.973333333333336,19.940833333333334,0.038072785623811,0.05959194198693017,-0.02151915636311917
2026-02-05 10:49:00,18.6,18.6,18.6,18.6,5000,93000.0,18.22,17.990000000000002,19.917291666666664,0.06776047259682016,0.06122564810890818,0.006534824487911983
2026-02-05 11:27:00,18.0,18.0,18.0,18.0,1000,18000.0,18.195,17.985000000000003,19.89125,0.04238460942642064,0.057457440372410684,-0.015072830945990046
2026-02-05 12:17:00,18.8,18.8,18.8,18.8,10,188.0,18.23,17.993333333333336,19.868541666666665,0.08583788347324273,0.0631335289925771,0.02270435448066563
2026-02-05 13:27:00,18.0,18.1,18.0,18.1,5000,90300.0,18.21,17.990000000000002,19.847500000000004,0.06306380606293516,0.06311958440664871,-5.577834371355006e-05
2026-02-06 09:14:00,18.75,18.75,18.75,18.75,1,18.0,18.2425,17.9975,19.829375000000002,0.09635404392023972,0.06976647630936691,0.026587567610872803
2026-02-09 09:06:00,18.75,18.75,18.75,18.75,1,18.0,18.275,18.01833333333333,19.810416666666665,0.1213380873250216,0.08008079851249786,0.041257288812523746
2026-02-09 11:51:00,18.75,18.75,18.75,18.75,900,16875.0,18.297500000000003,18.035833333333336,19.78875,0.13952971008004766,0.09197058082600783,0.047559129254039836
2026-02-09 12:33:00,18.75,18.75,18.55,18.55,9099,169606.0,18.310000000000002,18.043333333333333,19.77041666666667,0.13623790785016965,0.1008240462308402,0.035413861619329454
2026-02-09 12:34:00,18.8,18.9,18.8,18.9,6000,112900.0,18.375,18.0575,19.749791666666667,0.1600265196888664,0.11266454092244543,0.047361978766420954
2026-02-09 12:38:00,18.95,18.95,18.75,18.75,9000,169750.0,18.3975,18.075,19.72854166666667,0.16487484497914195,0.12310660173378477,0.04176824324535719
2026-02-09 12:39:00,19.0,19.0,19.0,19.0,4000,76000.0,18.4325,18.090833333333332,19.708333333333332,0.1867374947652074,0.13583278034006932,0.05090471442513808
2026-02-09 12:53:00,19.1,19.1,19.1,19.1,1,19.0,18.472500000000004,18.114166666666666,19.688541666666666,0.2097154967940007,0.1506093236308556,0.05910617316314509
2026-02-09 14:49:00,19.1,19.1,19.1,19.1,1000,19100.0,18.5475,18.131666666666668,19.672916666666666,0.22532828474483324,0.16555311585365115,0.05977516889118209
2026-02-09 14:52:00,18.55,18.55,18.55,18.55,50,927.0,18.56,18.1525,19.65083333333333,0.19111803844141306,0.17066610037120356,0.020451938070209508
2026-02-10 09:45:00,18.55,18.55,18.55,18.55,5000,92750.0,18.5725,18.160833333333336,19.628750000000004,0.16213715557188024,0.1689603114113389,-0.006823155839458667
2026-02-10 09:53:00,19.0,19.0,19.0,19.0,5,95.0,18.6175,18.176666666666666,19.608541666666667,0.17348105468467878,0.1698644600660069,0.0036165946186718922
2026-02-10 10:28:00,19.0,19.0,18.55,18.55,15000,282750.0,18.62,18.185,19.590625,0.14449429695613247,0.16479042744403202,-0.02029613048789955
2026-02-10 10:38:00,18.4,18.4,18.4,18.4,1000,18400.0,18.61,18.190833333333334,19.56791666666667,0.10817140361375266,0.15346662267797617,-0.04529521906422351
2026-02-10 10:41:00,18.4,18.5,18.4,18.4,6000,110500.0,18.63,18.19666666666667,19.54520833333333,0.07848057374591733,0.13846941289156442,-0.059988839145647094
2026-02-10 10:55:00,19.0,19.0,19.0,19.0,1,19.0,18.68,18.22666666666667,19.525,0.10218740990364239,0.13121301229398002,-0.029025602390337635
2026-02-10 14:54:00,18.85,18.85,18.85,18.85,1000,18850.0,18.692500000000003,18.249166666666667,19.504375,0.10763080108244694,0.12649657005167342,-0.018865768969226482
2026-02-10 14:55:00,19.0,19.0,19.0,19.0,5,95.0,18.7425,18.274166666666666,19.484375,0.1226348163811366,0.12572421931756605,-0.003089402936429453
2026-02-10 14:57:00,18.85,18.85,18.85,18.85,30,565.0,18.745,18.301666666666666,19.46375,0.12102673929172525,0.1247847233123979,-0.00375798402067265
2026-02-11 09:31:00,18.85,18.85,18.85,18.85,1,18.0,18.7825,18.324166666666667,19.443125,0.11838762773401967,0.12350530419672227,-0.0051176764627026
2026-02-11 11:29:00,18.15,18.15,18.15,18.15,4000,72600.0,18.7525,18.334999999999997,19.419583333333335,0.059130345143405094,0.11063031238605885,-0.05149996724265375
2026-02-11 12:13:00,18.85,18.85,18.85,18.85,1,18.0,18.7575,18.3575,19.402916666666666,0.06787030499242874,0.10207831090733283,-0.03420800591490408
2026-02-11 13:46:00,18.85,18.85,18.85,18.85,700,13195.0,18.7625,18.38,19.382291666666667,0.07394440111354683,0.09645152894857564,-0.022507127835028812
2026-02-11 14:51:00,18.85,18.85,18.85,18.85,2000,37700.0,18.777499999999996,18.41416666666667,19.361666666666665,0.07786063709318469,0.09273335057749746,-0.014872713484312766
2026-02-11 14:58:00,18.85,18.85,18.85,18.85,1000,18850.0,18.775,18.436666666666667,19.345000000000002,0.08004161243799146,0.09019500294959627,-0.010153390511604812
2026-02-11 15:00:00,18.85,18.85,18.85,18.85,1000,18850.0,18.78,18.459166666666665,19.326875000000005,0.08083819867750819,0.08832364209517866,-0.007485443417670476
2026-02-23 09:10:00,18.2,18.2,18.2,18.2,5000,91000.0,18.740000000000002,18.46833333333333,19.306041666666665,0.028689219820407175,0.07639675764022437,-0.047707537819817195
2026-02-23 09:58:00,18.8,18.8,18.8,18.8,3,54.0,18.725,18.484166666666667,19.288958333333333,0.0353680629401083,0.06819101870020115,-0.03282295576009285
2026-02-23 10:27:00,18.15,18.3,18.15,18.3,7000,127350.0,18.685000000000002,18.491666666666667,19.269791666666666,0.00031168005166648527,0.054615150970494214,-0.05430347091882773
2026-02-23 10:43:00,18.6,18.6,18.6,18.6,1,18.0,18.6875,18.504166666666666,19.249375,-0.003226074975476223,0.043046905781300125,-0.04627298075677635
2026-02-23 10:44:00,18.6,18.6,18.6,18.6,1,18.0,18.69,18.514166666666664,19.231875000000002,-0.005961055979927465,0.03324531342905461,-0.039206369408982075
2026-02-23 11:16:00,18.6,18.6,18.6,18.6,600,11160.0,18.669999999999998,18.515833333333333,19.213541666666668,-0.008035915103302926,0.024989067722583105,-0.033024982825886035
2026-02-23 13:28:00,18.05,18.05,18.05,18.05,104,1877.0,18.645,18.508333333333333,19.195,-0.05344458347514092,0.009302337483038298,-0.06274692095817921
2026-02-23 13:41:00,18.6,18.6,18.6,18.6,1,18.0,18.655,18.509999999999998,19.17875,-0.04453747654737583,-0.0014656253230445311,-0.0430718512243313
2026-02-24 09:13:00,18.6,18.6,18.6,18.6,1000,18600.0,18.665000000000003,18.511666666666667,19.1625,-0.03705142437835818,-0.008582785134107263,-0.028468639244250915
2026-02-24 10:59:00,18.6,18.6,18.6,18.6,1,18.0,18.645000000000003,18.513333333333332,19.144166666666667,-0.03076404533564414,-0.01301903717441464,-0.0177450081612295
2026-02-25 09:23:00,18.6,18.6,18.6,18.6,1,18.0,18.6325,18.515,19.125833333333333,-0.02548744870291131,-0.015512719480113976,-0.009974729222797333
2026-02-25 09:59:00,18.05,18.05,18.05,18.05,2000,36100.0,18.585,18.5075,19.105208333333334,-0.06493755164076376,-0.025397685912243936,-0.03953986572851982
2026-02-25 10:05:00,18.05,18.05,18.05,18.05,2000,36100.0,18.544999999999998,18.506666666666668,19.089375,-0.0951057228696719,-0.03933929330372954,-0.055766429565942355
2026-02-25 10:08:00,18.6,18.6,18.6,18.6,1,18.0,18.532500000000002,18.508333333333333,19.075833333333335,-0.07378328468297823,-0.046228091579579286,-0.027555193103398948
2026-02-25 11:55:00,18.6,18.6,18.6,18.6,5000,93000.0,18.555,18.516666666666666,19.059583333333332,-0.05623683556596504,-0.048229840376856445,-0.008006995189108593
2026-02-25 12:01:00,18.75,18.75,18.75,18.75,10,187.0,18.550000000000004,18.5275,19.048541666666665,-0.029882930011996933,-0.04456045830388455,0.014677528291887613
2026-02-25 12:39:00,18.75,18.75,18.75,18.75,1,18.0,18.545,18.535000000000004,19.0375,-0.008894736999490505,-0.03742731404300574,0.028532577043515236
2026-02-25 13:11:00,18.05,18.05,18.05,18.05,1000,18050.0,18.505000000000003,18.53083333333333,19.022291666666668,-0.04819008735152153,-0.0395798687047089,-0.008610218646812627
2026-02-25 13:33:00,18.75,18.75,18.75,18.75,10,187.0,18.5,18.55,19.01291666666667,-0.022587412130445017,-0.03618137738985613,0.01359396525941111
2026-02-26 09:14:00,18.75,18.75,18.75,18.75,10,187.0,18.494999999999997,18.5575,19.001875,-0.0022709296964897874,-0.02939928785118286,0.027128358154693073
2026-02-26 09:21:00,18.05,18.2,18.0,18.2,10100,182070.0,18.495,18.555833333333336,18.990625,-0.030202222038017368,-0.029559874688549762,-0.0006423473494676056
2026-02-26 09:23:00,17.6,17.6,17.3,17.3,7000,122600.0,18.419999999999998,18.539166666666667,18.975624999999997,-0.12353640011713196,-0.04835517977426621,-0.07518122034286576
2026-02-26 09:34:00,17.3,17.3,17.3,17.3,1000,17300.0,18.369999999999997,18.534166666666668,18.960625,-0.19525364618917607,-0.07773487305724819,-0.11751877313192788
2026-02-26 09:36:00,18.0,18.0,18.0,18.0,1,18.0,18.34,18.529166666666665,18.95041666666667,-0.1933768031266574,-0.10086325907113004,-0.09251354405552735
2026-02-26 09:44:00,18.0,18.0,17.9,17.9,5000,89900.0,18.305,18.5225,18.939791666666668,-0.19767982576284027,-0.1202265724094721,-0.07745325335336817
2026-02-26 09:45:00,18.0,18.0,18.0,18.0,6000,108000.0,18.275000000000002,18.520833333333332,18.92958333333333,-0.19082117026967538,-0.13434549198151277,-0.056475678288162606
2026-02-26 09:46:00,18.0,18.0,18.0,18.0,3000,54000.0,18.2725,18.5125,18.91875,-0.1832729795525836,-0.14413098949572695,-0.039141990056856646
2026-02-26 09:48:00,18.0,18.0,18.0,18.0,600,10800.0,18.2425,18.5025,18.90625,-0.1752705739531244,-0.15035890638720645,-0.02491166756591795
2026-02-26 09:52:00,18.0,18.0,18.0,18.0,1000,18000.0,18.2125,18.5025,18.89375,-0.16700349749823928,-0.15368782460941302,-0.013315672888826263
2026-02-26 09:53:00,18.35,18.35,18.35,18.35,2,36.0,18.2,18.508333333333333,18.882708333333333,-0.1307030416148045,-0.14909086801049132,0.018387826395686813
2026-02-26 10:18:00,18.4,18.4,18.4,18.4,100,1840.0,18.19,18.505,18.87458333333333,-0.0967844161606628,-0.1386295776405256,0.04184516147986281
2026-02-26 10:32:00,18.4,18.4,18.4,18.4,1,18.0,18.2075,18.511666666666663,18.866458333333338,-0.06910703819903574,-0.12472506975222764,0.05561803155319189
2026-02-26 10:47:00,18.4,18.4,18.4,18.4,3000,55200.0,18.225,18.505,18.857291666666665,-0.04663493822113196,-0.10910704344600852,0.06247210522487656
2026-02-26 11:26:00,18.4,18.4,18.4,18.4,2,36.0,18.215,18.51,18.848124999999996,-0.02849713979717805,-0.09298506271624243,0.06448792291906438
2026-02-26 12:38:00,18.1,18.1,18.1,18.1,1000,18100.0,18.189999999999998,18.499166666666667,18.837708333333335,-0.03789348416818683,-0.08196674700663131,0.04407326283844448
2026-02-26 12:44:00,18.05,18.05,18.05,18.05,163,2942.0,18.154999999999998,18.4875,18.828333333333333,-0.04881206184725784,-0.07533580997475663,0.02652374812749879
2026-02-26 12:49:00,18.2,18.2,18.2,18.2,5,91.0,18.127499999999998,18.478333333333335,18.817083333333336,-0.04484442826992563,-0.06923753363379043,0.024393105363864798
2026-02-26 13:03:00,18.2,18.2,18.2,18.2,1,18.0,18.135,18.472500000000004,18.805833333333332,-0.04122483582876768,-0.06363499407278587,0.022410158244018194
2026-02-26 13:42:00,18.2,18.2,18.2,18.2,1,18.0,18.1075,18.460833333333333,18.794583333333332,-0.03791917410616463,-0.058491830079461626,0.020572655973296994
2026-02-26 14:38:00,18.2,18.2,18.2,18.2,50,910.0,18.080000000000002,18.451666666666664,18.783333333333335,-0.03489714085790396,-0.0537728922351501,0.01887575137724614
2026-03-02 09:04:00,17.55,17.8,17.5,17.5,9000,158650.0,18.044999999999998,18.426666666666666,18.769166666666667,-0.087972218616585,-0.06061275751143709,-0.027359461105147906
2026-03-02 09:05:00,17.5,17.5,17.5,17.5,4000,70000.0,18.055,18.4,18.755000000000003,-0.12855272434071452,-0.0742007508772926,-0.054351973463421924
2026-03-02 09:08:00,17.9,17.9,17.9,17.9,10,179.0,18.085,18.38,18.74625,-0.12697274763636557,-0.08475515022910719,-0.042217597407258375
2026-03-02 09:10:00,17.1,17.1,17.1,17.1,5000,85500.0,18.04,18.355833333333333,18.730416666666667,-0.18810555508866855,-0.10542523120101947,-0.08268032388764908
2026-03-02 09:13:00,17.05,17.3,17.05,17.3,8000,137150.0,18.009999999999998,18.335,18.719166666666663,-0.21790356029957536,-0.12792089702073067,-0.08998266327884469
2026-03-02 09:14:00,17.6,17.6,17.6,17.6,20,352.0,17.99,18.311666666666667,18.709166666666665,-0.21483472039017926,-0.1453036616946204,-0.06953105869555887
2026-03-02 09:21:00,16.8,17.1,16.8,17.1,4530,76134.0,17.945,18.2875,18.6975,-0.24986813960201815,-0.16621655727609996,-0.08365158232591818
2026-03-02 09:22:00,17.6,17.6,17.6,17.6,10,176.0,17.925,18.274166666666666,18.687916666666663,-0.23458243511440457,-0.17988973284376092,-0.054692702270643656
2026-03-02 09:23:00,17.5,17.5,17.5,17.5,350,6125.0,17.9,18.259166666666665,18.675416666666663,-0.22791035968833384,-0.18949385821267553,-0.03841650147565831
2026-03-02 09:42:00,16.75,16.75,16.75,16.75,1000,16750.0,17.82,18.221666666666668,18.659791666666663,-0.27991474093926527,-0.2075780347579935,-0.07233670618127178
2026-03-02 09:53:00,17.5,17.5,17.5,17.5,2,34.0,17.775,18.199166666666667,18.647291666666664,-0.2576399428772973,-0.21759041638185428,-0.04004952649544302
2026-03-02 09:59:00,17.5,17.5,17.5,17.5,1000,17500.0,17.73,18.174166666666668,18.637291666666666,-0.23725211028883209,-0.22152275516324987,-0.01572935512558221
2026-03-02 10:39:00,17.5,17.5,17.5,17.5,2000,35000.0,17.685000000000002,18.151666666666667,18.624791666666667,-0.21857500942563135,-0.2209332060157262,0.002358196590094841
2026-03-02 10:58:00,16.85,16.85,16.85,16.85,240,4044.0,17.607499999999998,18.118333333333332,18.609583333333333,-0.25330292174733415,-0.22740714916204782,-0.02589577258528633
2026-03-02 11:05:00,17.5,17.5,17.5,17.5,10,175.0,17.5775,18.1075,18.597083333333334,-0.2257729052273305,-0.22708030037510438,0.0013073951477738655
2026-03-02 11:16:00,17.5,17.5,17.5,17.5,1,17.0,17.55,18.084999999999997,18.586666666666666,-0.2016308933643387,-0.22199041897295124,0.02035952560861254
2026-03-02 11:30:00,16.75,16.75,16.75,16.75,1000,16750.0,17.4775,18.05,18.573541666666667,-0.24024748357579284,-0.2256418318935196,-0.014605651682273235
2026-03-02 11:32:00,17.5,17.5,17.5,17.5,10,175.0,17.4425,18.027499999999996,18.561041666666668,-0.2079357239571209,-0.2221006103062399,0.014164886349118999
2026-03-02 11:43:00,17.5,17.5,17.5,17.5,1000,17500.0,17.4075,18.005,18.551041666666666,-0.18025060489454958,-0.21373060922390186,0.033480004329352275
2026-03-03 09:01:00,17.5,17.6,17.5,17.6,10000,175500.0,17.3775,17.98416666666667,18.54145833333333,-0.14852863862165577,-0.20069021510345267,0.052161576481796895
2026-03-03 09:06:00,18.05,18.05,18.05,18.05,10,180.0,17.405,17.98166666666667,18.533749999999998,-0.08608517628680445,-0.17776920734012305,0.0916840310533186
2026-03-03 09:17:00,18.05,18.05,18.05,18.05,10,180.0,17.432499999999997,17.96916666666667,18.523541666666667,-0.03618120806107683,-0.14945160748431383,0.113270399423237
2026-03-03 10:00:00,18.05,18.05,18.05,18.05,450,8122.0,17.44,17.964999999999996,18.514166666666668,0.003329664002514221,-0.11889535318694822,0.12222501718946244
2026-03-03 11:24:00,18.05,18.05,18.05,18.05,1,18.0,17.4875,17.955833333333334,18.5025,0.03424753055942986,-0.0882667764376726,0.12251430699710246
2026-03-03 11:25:00,18.05,18.05,18.05,18.05,1,18.0,17.525,17.94666666666667,18.494374999999998,0.05808064503496624,-0.05899729214314483,0.11707793717811107
2026-03-04 09:09:00,17.2,17.2,17.2,17.2,5000,86000.0,17.505000000000003,17.923333333333336,18.480208333333334,0.00828515757238435,-0.04554080220003899,0.05382595977242334
2026-03-04 09:10:00,17.15,17.15,17.15,17.15,5000,85750.0,17.5075,17.908333333333335,18.46604166666667,-0.03481142271963478,-0.04339492630395815,0.008583503584323374
2026-03-04 09:20:00,16.95,16.95,16.95,16.95,1000,16950.0,17.475,17.880833333333335,18.453333333333333,-0.08413425431344734,-0.051542791905856,-0.032591462407591344
2026-03-04 09:23:00,16.95,16.95,16.95,16.95,1000,16950.0,17.447499999999998,17.853333333333335,18.440625,-0.12181870351870572,-0.06559797422842595,-0.05622072929027977
2026-03-04 09:24:00,17.75,17.75,17.75,17.75,1,17.0,17.4975,17.839166666666667,18.43125,-0.08613764573343374,-0.06970590852942751,-0.01643173720400623
2026-03-04 09:44:00,17.75,17.75,17.75,17.75,1,17.0,17.509999999999998,17.825,18.421875,-0.05720077543747237,-0.06720488191103649,0.010004106473564117
2026-03-04 12:10:00,17.75,17.75,17.75,17.75,1,17.0,17.5225,17.82,18.4125,-0.03387757762225618,-0.060539421053280425,0.02666184343102424
2026-03-04 12:50:00,16.95,16.95,16.95,16.95,1000,16950.0,17.494999999999997,17.80166666666667,18.400625,-0.07903601149783057,-0.06423873914219046,-0.014797272355640115
2026-03-04 12:51:00,16.95,16.95,16.95,16.95,2000,33900.0,17.5,17.774166666666662,18.38791666666667,-0.11351585557131472,-0.07409416242801531,-0.03942169314329941
2026-03-04 12:53:00,16.9,16.9,16.9,16.9,2000,33800.0,17.470000000000002,17.745833333333334,18.375833333333333,-0.14322495442579708,-0.08792032082757167,-0.055304633598225406
2026-03-04 12:56:00,17.45,17.45,17.45,17.45,2,34.0,17.4675,17.72416666666667,18.36520833333333,-0.120994476839698,-0.09453515202999695,-0.02645932480970105
2026-03-04 14:11:00,17.45,17.45,17.45,17.45,1,17.0,17.5025,17.7025,18.355416666666667,-0.10219858155896588,-0.09606783793579074,-0.006130743623175144
2026-03-05 09:07:00,17.75,17.75,17.75,17.75,10,177.0,17.515,17.697499999999998,18.346041666666668,-0.06237617264604012,-0.08932950487784062,0.026953332231800506
2026-03-05 09:14:00,17.0,17.0,17.0,17.0,1000,17000.0,17.490000000000002,17.668333333333333,18.334375,-0.09029449987783877,-0.08952250387784026,-0.0007719959999985121
2026-03-05 09:16:00,17.75,17.75,17.75,17.75,10,177.0,17.4975,17.651666666666664,18.325208333333332,-0.05130977620044064,-0.08187995834236034,0.0305701821419197
2026-03-05 10:30:00,17.0,17.0,17.0,17.0,1000,17000.0,17.445,17.631666666666668,18.31291666666667,-0.08001052230845573,-0.08150607113557942,0.0014955488271236883
2026-03-05 10:39:00,17.75,17.75,17.75,17.75,10,177.0,17.43,17.639166666666664,18.307291666666668,-0.041756001198685055,-0.07355605714820056,0.0318000559495155
2026-03-06 09:30:00,17.75,17.75,17.75,17.75,10,177.0,17.415,17.64666666666667,18.300833333333337,-0.011308658435204677,-0.06110657740560138,0.049797918970396704
2026-03-06 10:29:00,17.75,17.75,17.75,17.75,1,17.0,17.4,17.642500000000002,18.295625000000005,0.012674970891570325,-0.04635026774616704,0.059025238637737364
2026-03-06 11:47:00,17.75,17.75,17.75,17.75,60,1065.0,17.384999999999998,17.64,18.28916666666667,0.031321119556231736,-0.030815990285687284,0.06213710984191902
