ts,open,high,low,close,volume,amount,ma20,ma60,ma240,macd,signal,hist
2025-03-07 10:20:00,16.0,16.0,16.0,16.0,1,16000.0,,,,0.0,0.0,0.0
2025-03-07 12:15:00,15.95,15.95,15.95,15.95,1,15950.0,,,,-0.0011217948717945347,-0.000623219373219186,-0.0004985754985753488
2025-03-07 12:30:00,16.0,16.0,16.0,16.0,2,32000.0,,,,0.00012110767998052552,-0.00031816730223569763,0.00043927498221622315
2025-03-10 12:36:00,15.95,15.95,15.95,15.95,1,15950.0,,,,-0.001121794871796311,-0.0005903988637399704,-0.0005313960080563407
2025-03-11 09:27:00,15.9,15.9,15.9,15.9,1,15900.0,,,,-0.0037631679929379658,-0.0015342259488179079,-0.0022289420441200577
2025-03-11 09:33:00,15.75,15.75,15.75,15.75,1,15750.0,,,,-0.011694344231585774,-0.00428818289509682,-0.0074061613364889535
2025-03-11 11:16:00,15.9,15.9,15.9,15.9,1,15900.0,,,,-0.00978400103995547,-0.00567902785247387,-0.0041049731874816
2025-03-11 13:30:00,16.0,16.0,16.0,16.0,3,48000.0,,,,-0.0035897626919094705,-0.005176938145750192,0.0015871754538407216
2025-03-12 09:56:00,16.0,16.0,16.0,16.0,1,16000.0,,,,0.0007542506601989629,-0.003806804106796538,0.004561054766995501
2025-03-12 10:03:00,16.0,16.0,16.0,16.0,1,16000.0,,,,0.0038248036921384454,-0.002096880945610352,0.005921684637748797
2025-03-12 10:07:00,15.85,15.85,15.85,15.85,3,47550.0,,,,-0.002001341415255098,-0.0020759774422753913,7.463602702029344e-05
2025-03-12 10:10:00,15.8,15.8,15.75,15.75,2,31550.0,,,,-0.011738647305321592,-0.004151113692130585,-0.007587533613191007
2025-03-12 12:48:00,15.85,15.85,15.85,15.85,4,63400.0,,,,-0.013155562131235143,-0.006056767823764013,-0.0070987943074711304
2025-03-12 12:58:00,15.85,15.85,15.85,15.85,4,63400.0,,,,-0.014045278462100796,-0.007727970209657651,-0.006317308252443145
2025-03-13 09:40:00,16.0,16.0,16.0,16.0,3,48000.0,,,,-0.005635811549183245,-0.007294279336510428,0.0016584677873271829
2025-03-13 09:43:00,16.0,16.0,16.0,16.0,1,16000.0,,,,0.000816076036768365,-0.00562522866187755,0.006441304698645915
2025-03-13 12:38:00,15.95,15.95,15.95,15.95,10,159500.0,,,,0.002632184706044427,-0.003935701212332129,0.006567885918376556
2025-03-13 12:52:00,15.9,15.9,15.9,15.9,8,127200.0,,,,0.0008382239518329726,-0.002963400771894114,0.0038016247237270865
2025-03-13 13:03:00,15.9,15.9,15.9,15.9,1,15900.0,,,,-0.0005506474039247422,-0.0024737941228695024,0.0019231467189447602
2025-03-13 13:21:00,15.9,15.9,15.9,15.9,2,31800.0,15.919999999999998,,,-0.0016144713555839019,-0.002299924994845521,0.0006854536392616193
2025-03-13 13:30:00,15.9,15.9,15.9,15.9,1,15900.0,15.915000000000001,,,-0.002417060586621389,-0.0023235702017407782,-9.349038488061078e-05
2025-03-14 11:26:00,15.9,15.9,15.9,15.9,1,15900.0,15.9125,,,-0.0030096335593707835,-0.002461802850182151,-0.0005478307091886323
2025-03-14 11:44:00,15.9,15.9,15.9,15.9,2,31800.0,15.907500000000002,,,-0.0034335222466577164,-0.002657300745361849,-0.0007762215012958673
2025-03-14 13:09:00,15.85,15.85,15.85,15.85,1,15850.0,15.9025,,,-0.007159565799963019,-0.0035620262014521226,-0.0035975395985108965
2025-03-14 13:15:00,15.85,15.85,15.85,15.85,9,142650.0,15.9,,,-0.009972887363375094,-0.004849060712747467,-0.005123826650627627
2025-03-14 13:25:00,15.9,15.9,15.9,15.9,1,15900.0,15.907499999999999,,,-0.008535215547585295,-0.00558852657815858,-0.0029466889694267154
2025-03-17 09:56:00,15.8,15.8,15.8,15.8,2,31600.0,15.9025,,,-0.014403539140991128,-0.007355802100744342,-0.007047737040246786
2025-03-17 10:14:00,15.8,15.8,15.8,15.8,1,15800.0,15.892500000000002,,,-0.01881136858889576,-0.009651355644693965,-0.009160012944201795
2025-03-17 11:26:00,15.8,15.8,15.8,15.8,5,79000.0,15.882500000000002,,,-0.022031737701235343,-0.012131269536878634,-0.00990046816435671
2025-03-17 12:02:00,15.8,15.8,15.8,15.8,4,63200.0,15.872499999999999,,,-0.024290049435633065,-0.014566039615996913,-0.009724009819636153
2025-03-17 12:04:00,15.75,15.75,15.75,15.75,1,15750.0,15.867499999999998,,,-0.029429292962884546,-0.017541637174461177,-0.011887655788423369
2025-03-17 13:24:00,15.95,15.95,15.95,15.95,4,63800.0,15.877500000000001,,,-0.018382309491840942,-0.01770990495340649,-0.0006724045384344512
2025-03-18 10:39:00,15.85,15.85,15.85,15.85,1,15850.0,15.877500000000001,,,-0.016940590073307504,-0.01755594439328847,0.0006153543199809673
2025-03-18 10:42:00,15.85,15.85,15.85,15.85,1,15850.0,15.877500000000001,,,-0.01561792459144229,-0.017168143794654585,0.0015502192032122962
2025-03-18 12:34:00,15.9,16.0,15.9,16.0,3,47850.0,15.877500000000001,,,-0.0031768729108847538,-0.014368754050512002,0.011191881139627248
2025-03-18 13:22:00,15.95,16.0,15.95,16.0,5,79800.0,15.877500000000001,,,0.006591351830550707,-0.010175372044035782,0.01676672387458649
2025-03-18 13:30:00,16.0,16.0,16.0,16.0,2,32000.0,15.88,,,0.014157891835752778,-0.005307455484685135,0.019465347320437913
2025-03-19 09:25:00,15.9,15.9,15.85,15.85,4,63450.0,15.877499999999998,,,0.00854010188514387,-0.002537368686200069,0.011077470571343938
2025-03-19 10:26:00,15.95,15.95,15.95,15.95,1,15950.0,15.88,,,0.011657971801394496,0.0003021712108096253,0.01135580059058487
2025-03-19 10:32:00,16.0,16.0,16.0,16.0,10,160000.0,15.885000000000002,,,0.01778408112894958,0.00379901800510321,0.01398506312384637
2025-03-19 10:37:00,16.1,16.1,16.1,16.1,1,16100.0,15.895,,,0.030039314129702177,0.009047635358753055,0.020991678770949124
2025-03-19 10:45:00,16.2,16.2,16.2,16.2,1,16200.0,15.91,,,0.04697580979208915,0.016633915614770685,0.030341894177318467
2025-03-19 11:22:00,16.2,16.2,16.15,16.2,20,323900.0,15.925,,,0.05969760532990165,0.025247239750261653,0.03445036557964
2025-03-19 11:41:00,16.0,16.0,16.0,16.0,1,16000.0,15.932500000000001,,,0.05351940973356406,0.030901981620353795,0.022617428113210266
2025-03-19 12:21:00,15.9,15.9,15.9,15.9,1,15900.0,15.934999999999999,,,0.040322790369176076,0.03278622544051147,0.007536564928664606
2025-03-19 13:17:00,15.9,15.9,15.9,15.9,2,31800.0,15.934999999999999,,,0.029527167127085363,0.03213439106471323,-0.00260722393762787
2025-03-19 13:25:00,16.15,16.15,16.15,16.15,1,16150.0,15.9525,,,0.04018187639392856,0.03374393299803698,0.006437943395891585
2025-03-20 09:13:00,16.0,16.0,16.0,16.0,4,64000.0,15.9625,,,0.03637652571808303,0.03427046328406393,0.0021060624340190973
2025-03-20 09:14:00,16.0,16.0,16.0,16.0,1,16000.0,15.9725,,,0.03298023013841167,0.03401241205114565,-0.0010321819127339787
2025-03-20 09:25:00,16.2,16.2,16.2,16.2,1,16200.0,15.992500000000001,,,0.04558206790045283,0.03632637624700767,0.009255691653445156
2025-03-20 13:30:00,16.2,16.2,16.2,16.2,1,16200.0,16.015,,,0.054931345528206776,0.04004741258997178,0.014883932938235
2025-03-21 09:39:00,16.15,16.15,16.15,16.15,1,16150.0,16.025,,,0.057705628115272134,0.04357908795471515,0.014126540160556984
2025-03-21 09:40:00,16.1,16.1,16.1,16.1,1,16100.0,16.0375,,,0.05529345595389046,0.04592197867524333,0.00937147727864713
2025-03-21 10:02:00,16.1,16.1,16.1,16.1,1,16100.0,16.05,,,0.052772402585258504,0.0472920714668178,0.005480331118440707
2025-03-21 11:47:00,16.05,16.05,16.05,16.05,1,16050.0,16.052500000000002,,,0.046260070682933474,0.047085670344743084,-0.0008255996618096104
2025-03-21 12:33:00,16.0,16.0,16.0,16.0,1,16000.0,16.052500000000002,,,0.03669170803037858,0.04500687010415509,-0.008315162073776514
2025-03-21 13:16:00,16.0,16.0,16.0,16.0,3,48000.0,16.052500000000002,,,0.028777499402472984,0.041760986248384036,-0.012983486845911052
2025-03-21 13:30:00,16.15,16.15,16.15,16.15,2,32300.0,16.067500000000003,,,0.03408712955291193,0.040226211234233575,-0.0061390816813216426
2025-03-24 12:25:00,16.05,16.05,15.85,15.85,13,206750.0,16.0625,,,0.014162954354542734,0.03501354987282004,-0.02085059551827731
2025-03-24 13:01:00,16.0,16.0,16.0,16.0,2,32000.0,16.0625,15.955833333333334,,0.010249275218892961,0.030060687351794894,-0.019811412132901933
2025-03-25 09:15:00,16.1,16.1,16.1,16.1,1,16100.0,16.0625,15.957500000000001,,0.014975837978674633,0.02704371377837201,-0.012067875799697377
2025-03-25 12:52:00,16.0,16.0,16.0,16.0,1,16000.0,16.052500000000002,15.958333333333334,,0.010593250587195513,0.023753617913220074,-0.01316036732602456
2025-03-25 13:05:00,15.95,15.95,15.95,15.95,1,15950.0,16.04,15.9575,,0.0030795429979519895,0.019618799685832123,-0.016539256687880134
2025-03-25 13:19:00,15.9,15.9,15.85,15.85,6,95250.0,16.0325,15.955833333333334,,-0.010765238603410054,0.013541988213507305,-0.02430722681691736
2025-03-25 13:24:00,16.0,16.05,16.0,16.05,3,48050.0,16.04,15.958333333333334,,-0.005633789873677131,0.009706830670176492,-0.015340620543853623
2025-03-26 13:30:00,16.15,16.15,16.15,16.15,1,16150.0,16.052500000000002,15.965000000000002,,0.006381588612796918,0.009041781991527572,-0.0026601933787306544
2025-03-27 09:01:00,16.15,16.15,16.15,16.15,1,16150.0,16.052500000000002,15.969166666666666,,0.015721869716646353,0.010377799965930952,0.005344069750715401
2025-03-27 09:11:00,16.1,16.1,16.1,16.1,1,16100.0,16.057499999999997,15.970833333333333,,0.018891124063774356,0.012080465223272045,0.006810658840502311
2025-03-27 10:41:00,16.05,16.05,16.0,16.0,2,32050.0,16.057499999999997,15.970833333333333,,0.013217978408697206,0.012307967907151664,0.0009100105015455422
2025-03-27 11:58:00,15.95,15.95,15.9,15.9,8,127300.0,16.0425,15.969166666666666,,0.0006794300081018889,0.009982259944645406,-0.009302829936543517
2025-03-27 12:41:00,15.9,15.9,15.9,15.9,1,15900.0,16.0275,15.97,,-0.009151446391822304,0.006155518173598182,-0.015306964565420488
2025-03-27 13:30:00,15.9,15.9,15.9,15.9,1,15900.0,16.014999999999997,15.9725,,-0.016748972192990763,0.0015746196178554686,-0.01832359181084623
2025-03-28 10:20:00,15.9,15.9,15.9,15.9,5,79500.0,16.005000000000003,15.973333333333333,,-0.02251020566975548,-0.0032423458454952573,-0.01926785982426022
2025-03-28 11:15:00,15.75,15.75,15.75,15.75,1,15750.0,15.9875,15.971666666666666,,-0.038695573851377674,-0.010332991924580337,-0.028362581926797338
2025-03-28 11:18:00,15.75,15.75,15.75,15.75,3,47250.0,15.9725,15.9675,,-0.05093474851893731,-0.01845334368130023,-0.03248140483763708
2025-03-28 11:22:00,15.75,15.75,15.75,15.75,1,15750.0,15.959999999999999,15.963333333333333,,-0.059942800316452605,-0.026751235366267848,-0.03319156495018476
2025-03-28 13:24:00,15.75,15.75,15.75,15.75,1,15750.0,15.9475,15.959999999999999,,-0.06631677620042176,-0.034664343806169964,-0.03165243239425179
2025-03-28 13:30:00,15.9,15.9,15.9,15.9,1,15900.0,15.934999999999999,15.96,,-0.05861611868742855,-0.03945469891466894,-0.019161419772759612
2025-03-31 09:09:00,15.7,15.7,15.65,15.65,13,203600.0,15.925,15.955833333333334,,-0.07181540706533518,-0.04592684068774325,-0.02588856637759193
2025-03-31 09:11:00,15.85,15.85,15.85,15.85,2,31700.0,15.917499999999999,15.955000000000002,,-0.06541478415476654,-0.049824429450012336,-0.0155903547047542
2025-03-31 10:29:00,15.6,15.6,15.6,15.6,1,15600.0,15.892500000000002,15.95,,-0.07956115226451921,-0.05577177409697809,-0.02378937816754112
2025-03-31 10:53:00,15.55,15.55,15.55,15.55,1,15550.0,15.870000000000001,15.944166666666666,,-0.09371918772746568,-0.0633612569088961,-0.03035793081856958
2025-03-31 12:42:00,15.6,15.6,15.6,15.6,1,15600.0,15.852500000000001,15.939166666666667,,-0.09976077136397876,-0.07064115986576851,-0.029119611498210254
2025-03-31 12:44:00,15.55,15.55,15.55,15.55,1,15550.0,15.8375,15.934166666666666,,-0.1073398074613543,-0.07798088943800333,-0.02935891802335097
2025-03-31 12:45:00,15.55,15.55,15.55,15.55,6,93300.0,15.8125,15.929166666666667,,-0.11205418303124404,-0.08479554819610564,-0.027258634835138393
2025-03-31 13:15:00,15.75,15.8,15.75,15.8,4,63050.0,15.795000000000002,15.9275,,-0.09455221197553954,-0.08674688096103038,-0.0078053310145091565
2025-03-31 13:24:00,15.75,15.8,15.75,15.8,3,47350.0,15.7775,15.9275,,-0.07976232914926129,-0.08534997059350052,0.005587641444239233
2025-04-01 09:29:00,15.7,15.7,15.7,15.7,1,15700.0,15.757500000000002,15.925833333333335,,-0.07523457132613132,-0.08332689073402973,0.00809231940789841
2025-04-01 09:35:00,15.65,15.65,15.65,15.65,1,15650.0,15.74,15.923333333333334,,-0.07481439419960978,-0.08162439142310839,0.006809997223498607
2025-04-01 09:46:00,15.65,15.65,15.65,15.65,1,15650.0,15.727500000000001,15.920833333333333,,-0.07363248767251562,-0.08002601066995749,0.006393522997441864
2025-04-01 09:50:00,15.6,15.6,15.6,15.6,2,31200.0,15.7125,15.918333333333333,,-0.07585250824440415,-0.07919131018357999,0.0033388019391758367
2025-04-01 11:20:00,15.6,15.6,15.6,15.6,5,78000.0,15.697500000000002,15.9125,,-0.07672729705699233,-0.07869850755766412,0.0019712105006717967
2025-04-01 11:25:00,15.6,15.6,15.6,15.6,2,31200.0,15.6825,15.908333333333333,,-0.07653817848620648,-0.07826644174295291,0.0017282632567464373
2025-04-01 11:29:00,15.6,15.6,15.55,15.55,5,77850.0,15.6725,15.903333333333334,,-0.07950361648121351,-0.0785138766907973,-0.000989739790416208
2025-04-01 12:09:00,15.7,15.75,15.7,15.75,2,31450.0,15.6725,15.899166666666668,,-0.06497631329202136,-0.07580636400935897,0.010830050717337614
2025-04-01 12:14:00,15.6,15.6,15.6,15.6,1,15600.0,15.665000000000001,15.892500000000002,,-0.06481300682139235,-0.07360769257067219,0.008794685749279843
2025-04-01 12:25:00,15.75,15.9,15.75,15.9,5,78950.0,15.6725,15.890833333333335,,-0.0400274922823467,-0.06689165251033506,0.026864160227988362
2025-04-01 12:59:00,15.85,15.85,15.85,15.85,1,15850.0,15.670000000000002,15.890833333333335,,-0.024139216149734466,-0.05834116523549344,0.03420194908575897
2025-04-07 09:01:00,14.3,14.3,14.3,14.3,14,200200.0,15.602500000000001,15.863333333333333,,-0.1350064413546601,-0.07367422046323102,-0.06133222089142909
2025-04-07 09:04:00,14.3,14.3,14.3,14.3,2,28600.0,15.525,15.835,,-0.22032910811433482,-0.1030051979994266,-0.11732391011490821
2025-04-07 09:37:00,14.3,14.3,14.3,14.3,2,28600.0,15.459999999999999,15.805,,-0.28466597747061684,-0.13933735389958543,-0.1453286235710314
2025-04-07 09:38:00,14.3,14.3,14.3,14.3,1,14300.0,15.397499999999999,15.773333333333333,,-0.33182787067570985,-0.1778354572598293,-0.15399241341588055
2025-04-07 09:43:00,14.3,14.3,14.3,14.3,2,28600.0,15.332500000000001,15.741666666666667,,-0.3649961898471261,-0.2152676037811927,-0.14972858606593342
2025-04-07 09:57:00,14.3,14.3,14.3,14.3,1,14300.0,15.270000000000001,15.713333333333333,,-0.3868229486418784,-0.24957867275619264,-0.13724427588568575
2025-04-07 10:01:00,14.3,14.3,14.3,14.3,1,14300.0,15.2075,15.686666666666667,,-0.399515176566835,-0.27956597352032275,-0.11994920304651224
2025-04-07 10:14:00,14.3,14.3,14.3,14.3,1,14300.0,15.132499999999999,15.66,,-0.40490611857166847,-0.3046340025319305,-0.10027211603973796
2025-04-07 10:23:00,14.3,14.3,14.3,14.3,1,14300.0,15.0575,15.629166666666668,,-0.4045152777016643,-0.3246102575667307,-0.07990502013493361
2025-04-07 10:31:00,14.3,14.3,14.3,14.3,1,14300.0,14.9875,15.600833333333334,,-0.3995990323346419,-0.33960801252082545,-0.05999101981381644
2025-04-07 11:37:00,14.3,14.3,14.3,14.3,1,14300.0,14.920000000000002,15.5725,,-0.39119329201784403,-0.3499250684205113,-0.04126822359733273
2025-04-07 11:41:00,14.3,14.3,14.3,14.3,1,14300.0,14.852499999999997,15.540833333333333,,-0.3801494296510075,-0.35596994066674276,-0.024179488984264752
2025-04-07 11:51:00,14.3,14.3,14.3,14.3,1,14300.0,14.7875,15.509166666666665,,-0.3671645363801268,-0.3582088598094587,-0.008955676570668092
2025-04-07 11:53:00,14.3,14.3,14.3,14.3,1,14300.0,14.7225,15.478333333333333,,-0.3528068836994809,-0.357128464587448,0.004321580887967136
2025-04-07 12:51:00,14.3,14.3,14.3,14.3,3,42900.0,14.657500000000002,15.448333333333332,,-0.33753734036130645,-0.35321023974217586,0.01567289938086941
2025-04-07 13:25:00,14.3,14.3,14.3,14.3,1,14300.0,14.595000000000002,15.418333333333333,,-0.32172737591662504,-0.3469136669770093,0.02518629106038428
2025-04-08 09:01:00,12.9,12.9,12.9,12.9,44,567600.0,14.4525,15.365833333333335,,-0.4173402338399512,-0.36099898034969863,-0.056341253490252596
2025-04-08 09:03:00,14.1,14.1,14.1,14.1,1,14100.0,14.377500000000001,15.334166666666667,,-0.3917796626217438,-0.367155116804143,-0.024624545817600818
2025-04-08 09:05:00,13.75,13.75,13.75,13.75,1,13750.0,14.270000000000001,15.296666666666665,,-0.39520583773318485,-0.3727652609899771,-0.022440576743207763
2025-04-08 09:09:00,13.65,13.65,13.65,13.65,2,27300.0,14.16,15.255,,-0.4013626767463059,-0.3784847441412639,-0.022877932605042006
2025-04-08 09:15:00,13.65,13.65,13.65,13.65,2,27300.0,14.127500000000001,15.218333333333334,,-0.4016123983142297,-0.38311027497587063,-0.018502123338359044
2025-04-08 09:18:00,13.65,13.65,13.65,13.65,2,27300.0,14.095000000000002,15.179166666666667,,-0.39723120186315874,-0.38593446035333484,-0.011296741509823904
2025-04-08 09:26:00,13.5,13.5,13.5,13.5,1,13500.0,14.055000000000001,15.135833333333332,,-0.4012365396162316,-0.38899487620591994,-0.012241663410311687
2025-04-08 09:32:00,13.45,13.45,13.45,13.45,1,13450.0,14.0125,15.093333333333334,,-0.40379036180346795,-0.39195397332543397,-0.011836388478033977
2025-04-08 09:40:00,13.75,13.75,13.75,13.75,1,13750.0,13.985,15.056666666666668,,-0.37725966096809493,-0.3890151108539626,0.011755449885867686
2025-04-08 10:23:00,13.7,13.7,13.7,13.7,1,13700.0,13.954999999999998,15.020833333333334,,-0.3561625538111297,-0.3824445994453897,0.02628204563426001
2025-04-08 10:57:00,13.6,13.6,13.6,13.6,1,13600.0,13.920000000000002,14.98,,-0.3435513375019674,-0.3746659470566993,0.031114609554731887
2025-04-08 11:29:00,13.5,13.5,13.5,13.5,1,13500.0,13.88,14.935833333333333,,-0.33773236358511305,-0.3672792303623775,0.029546866777264424
2025-04-08 11:54:00,13.6,13.6,13.6,13.6,1,13600.0,13.844999999999999,14.893333333333334,,-0.32134772014770796,-0.35809292831943906,0.0367452081717311
2025-04-08 12:43:00,13.75,13.75,13.75,13.75,1,13750.0,13.8175,14.854166666666666,,-0.292883419035336,-0.34505102646261326,0.052167607427277274
2025-04-08 12:58:00,13.65,13.65,13.65,13.65,1,13650.0,13.785,14.815,,-0.27522146072257136,-0.3310851133146005,0.055863652592029134
2025-04-08 13:25:00,13.65,13.65,13.65,13.65,1,13650.0,13.752500000000001,14.7775,,-0.2582473033157271,-0.3165175513148222,0.05827024799909508
2025-04-08 13:30:00,13.7,13.7,13.7,13.7,2,27400.0,13.722500000000002,14.740833333333335,,-0.23801701187464452,-0.30081744342678346,0.06280043155213894
2025-04-09 09:12:00,13.85,13.85,13.85,13.85,1,13850.0,13.7,14.706666666666669,,-0.20748923378470252,-0.2821518014983643,0.07466256771366175
2025-04-09 09:13:00,13.85,13.9,13.85,13.9,2,27750.0,13.680000000000001,14.673333333333336,,-0.1772184356460702,-0.2611651283279028,0.08394669268183258
2025-04-09 09:33:00,13.85,13.85,13.85,13.85,1,13850.0,13.657499999999999,14.64166666666667,,-0.15547089543326287,-0.24002628174897261,0.08455538631570975
2025-04-09 09:34:00,13.45,13.45,13.45,13.45,5,67250.0,13.684999999999999,14.603333333333333,,-0.1685683952178092,-0.22573470444273877,0.05716630922492957
2025-04-09 10:19:00,13.6,13.6,13.6,13.6,1,13600.0,13.66,14.5675,,-0.16494345431184065,-0.21357645441655837,0.048633000104717716
2025-04-09 10:20:00,13.55,13.55,13.55,13.55,1,13550.0,13.65,14.530833333333334,,-0.16421220317289453,-0.20370360416782507,0.03949140099493054
2025-04-09 10:22:00,13.55,13.55,13.55,13.55,1,13550.0,13.645,14.491666666666667,,-0.16176791472926588,-0.19531646628011287,0.03354855155084699
2025-04-09 10:40:00,13.5,13.5,13.5,13.5,1,13500.0,13.6375,14.455833333333334,,-0.16199787942818666,-0.18865274890972739,0.02665486948154072
2025-04-09 11:00:00,13.55,13.55,13.55,13.55,1,13550.0,13.632499999999999,14.417499999999999,,-0.15634338914019352,-0.18219087695582045,0.02584748781562693
2025-04-09 11:08:00,13.7,13.7,13.7,13.7,1,13700.0,13.642500000000002,14.385833333333334,,-0.13816594101951019,-0.1733858897685582,0.03521994874904802
2025-04-09 11:26:00,13.5,13.5,13.5,13.5,5,67500.0,13.645,14.351666666666667,,-0.13830395896201075,-0.1663695036072486,0.028065544645237833
2025-04-09 12:21:00,13.4,13.4,13.4,13.4,1,13400.0,13.627500000000001,14.315,,-0.14481306012867634,-0.16205821491153405,0.017245154782857708
2025-04-09 12:24:00,13.3,13.3,13.3,13.3,2,26600.0,13.607500000000002,14.2775,,-0.15623958123211423,-0.16089448817565008,0.004654906943535847
2025-04-09 12:35:00,13.15,13.15,13.15,13.15,3,39450.0,13.584999999999999,14.237500000000002,,-0.17537712409946238,-0.16379101536041257,-0.011586108739049805
2025-04-09 12:37:00,13.1,13.1,13.1,13.1,2,26200.0,13.565000000000001,14.192499999999999,,-0.1923608745499248,-0.16950498719831505,-0.022855887351609733
2025-04-09 12:47:00,13.0,13.0,13.0,13.0,2,26000.0,13.535000000000002,14.145833333333334,,-0.21145219653475245,-0.17789442906560257,-0.033557767469149874
2025-04-09 13:20:00,13.0,13.0,13.0,13.0,1,13000.0,13.497500000000002,14.100833333333332,,-0.22400006716958565,-0.18711555668639923,-0.03688451048318642
2025-04-09 13:30:00,12.95,12.95,12.95,12.95,1,12950.0,13.4625,14.055833333333334,,-0.2352668725535345,-0.19674581985982634,-0.038521052693708174
2025-04-10 09:01:00,14.2,14.2,14.2,14.2,11,156200.0,13.49,14.031666666666668,,-0.14169883054358046,-0.1857364219965771,0.044037591452996655
2025-04-10 09:18:00,14.2,14.2,14.2,14.2,13,184600.0,13.515,14.008333333333333,,-0.06677573980928919,-0.16194428555911947,0.09516854574983027
2025-04-10 09:26:00,14.2,14.2,14.2,14.2,1,14200.0,13.532499999999999,13.985000000000001,,-0.007314340455449653,-0.13101829653838548,0.12370395608293583
2025-04-10 09:32:00,14.2,14.2,14.2,14.2,1,14200.0,13.5475,13.961666666666666,,0.039355576051969265,-0.09694352202031448,0.13629909807228374
2025-04-10 09:38:00,14.2,14.2,14.2,14.2,3,42600.0,13.564999999999998,13.939166666666667,,0.07547182521971862,-0.062460452572307826,0.13793227779202644
2025-04-10 09:43:00,14.2,14.2,14.2,14.2,3,42600.0,13.602500000000001,13.913333333333334,,0.10290795093209582,-0.02938677187142707,0.1322947228035229
2025-04-10 09:52:00,14.0,14.0,14.0,14.0,1,14000.0,13.622500000000002,13.886666666666667,,0.10727642269732662,-0.0020541329576763156,0.10933055565500294
2025-04-10 10:01:00,14.15,14.2,14.15,14.2,2,28350.0,13.655000000000001,13.858333333333333,,0.12543082208819456,0.02344285805149787,0.10198796403669669
2025-04-10 10:46:00,14.2,14.2,14.2,14.2,1,14200.0,13.6875,13.830833333333334,,0.1382249412608516,0.046399274693368624,0.09182566656748298
2025-04-10 11:00:00,14.2,14.2,14.2,14.2,2,28400.0,13.7225,13.829166666666667,,0.14667360905242077,0.06645414156517906,0.08021946748724171
2025-04-10 12:16:00,14.15,14.15,14.15,14.15,1,14150.0,13.752499999999998,13.826666666666664,,0.14763285269245863,0.08268988379063498,0.06494296890182365
2025-04-10 12:18:00,14.1,14.1,14.1,14.1,1,14100.0,13.772499999999999,13.823333333333332,,0.14271338149388235,0.09469458333128447,0.04801879816259788
2025-04-10 12:19:00,14.0,14.0,14.0,14.0,1,14000.0,13.7975,13.818333333333333,,0.12925555138646594,0.10160677694232077,0.027648774444145166
2025-04-10 12:20:00,14.0,14.05,14.0,14.05,3,42050.0,13.830000000000002,13.814166666666667,,0.12122726011173768,0.10553087357620416,0.015696386535533513
2025-04-10 12:34:00,14.0,14.0,14.0,14.0,2,28000.0,13.865,13.809166666666668,,0.10956718887204708,0.10633813663537277,0.003229052236674315
2025-04-10 12:36:00,14.0,14.0,14.0,14.0,1,14000.0,13.907499999999999,13.804166666666667,,0.09918317624956252,0.10490714455821072,-0.0057239683086482
2025-04-10 12:39:00,14.0,14.0,14.0,14.0,1,14000.0,13.9525,13.799166666666668,,0.08991726101231556,0.10190916784903169,-0.011991906836716124
2025-04-10 12:44:00,14.0,14.0,14.0,14.0,1,14000.0,14.002500000000001,13.794166666666666,,0.08163294250490516,0.0978539227802064,-0.016220980275301236
2025-04-10 12:49:00,14.0,14.0,14.0,14.0,1,14000.0,14.0525,13.789166666666667,,0.07421208947770275,0.09312555611970567,-0.018913466642002927
2025-04-10 12:50:00,14.0,14.0,14.0,14.0,1,14000.0,14.105,13.784166666666668,,0.06755230889131525,0.0880109066740276,-0.02045859778271235
2025-04-10 12:53:00,14.0,14.0,14.0,14.0,2,28000.0,14.094999999999999,13.779166666666667,,0.06156470508569534,0.08272166635636115,-0.02115696127066581
2025-04-10 12:55:00,14.0,14.0,14.0,14.0,1,14000.0,14.084999999999999,13.774166666666668,,0.0561719703270569,0.0774117271505003,-0.02123975682344341
2025-04-10 13:07:00,14.0,14.0,14.0,14.0,1,14000.0,14.075,13.769166666666667,,0.05130675674140939,0.07219073306868212,-0.020883976327272735
2025-04-10 13:08:00,14.0,14.0,14.0,14.0,2,28000.0,14.065000000000001,13.764166666666666,,0.04691028726116819,0.06713464390717934,-0.020224356646011146
2025-04-10 13:13:00,14.0,14.0,14.0,14.0,1,14000.0,14.055000000000001,13.759166666666667,,0.042931169662436375,0.06229394905823075,-0.019362779395794373
2025-04-10 13:20:00,14.0,14.05,14.0,14.05,2,28050.0,14.0475,13.778333333333332,,0.043312981980927034,0.05849775564277001,-0.015184773661842975
2025-04-10 13:21:00,14.0,14.2,14.0,14.0,8,112550.0,14.0475,13.776666666666667,,0.03912992821225103,0.05462419015666622,-0.015494261944415187
2025-04-10 13:22:00,14.0,14.05,14.0,14.05,3,42050.0,14.040000000000001,13.781666666666668,,0.039395281236542345,0.051578408372641445,-0.0121831271360991
2025-04-10 13:23:00,14.0,14.0,14.0,14.0,2,28000.0,14.030000000000001,13.7875,,0.03516562992451533,0.04829585268301623,-0.013130222758500898
2025-04-10 13:30:00,14.0,14.0,14.0,14.0,5,70000.0,14.020000000000001,13.793333333333333,,0.031451052608259644,0.04492689266806492,-0.013475840059805275
2025-04-11 09:03:00,13.9,13.9,13.9,13.9,1,13900.0,14.007499999999999,13.797500000000001,,0.020205153820601396,0.03998254489857222,-0.019777391077970823
2025-04-11 09:49:00,14.2,14.2,14.2,14.2,2,28400.0,14.0125,13.809166666666666,,0.03509561047028775,0.03900515801291533,-0.003909547542627574
2025-04-11 09:51:00,13.9,13.9,13.75,13.75,5,69300.0,14.0,13.814166666666665,,0.010464564145975075,0.03329703923952728,-0.022832475093552206
2025-04-11 10:13:00,13.75,13.75,13.5,13.5,5,68400.0,13.9725,13.809999999999999,,-0.028895524081260504,0.020858526575369723,-0.04975405065663023
2025-04-11 10:32:00,13.95,13.95,13.95,13.95,1,13950.0,13.969999999999999,13.814166666666667,,-0.023506493723601807,0.011985522515575416,-0.03549201623917722
2025-04-11 12:01:00,13.95,13.95,13.95,13.95,1,13950.0,13.967500000000001,13.82,,-0.019016438678541192,0.005785130276752093,-0.024801568955293285
2025-04-11 12:07:00,13.95,13.95,13.95,13.95,2,27900.0,13.965,13.827499999999999,,-0.015281877738321015,0.0015717286737374706,-0.016853606412058485
2025-04-11 12:16:00,13.95,13.95,13.95,13.95,1,13950.0,13.9625,13.833333333333334,,-0.01218178723198271,-0.0011789745074065664,-0.011002812724576145
2025-04-11 13:04:00,13.95,13.95,13.95,13.95,1,13950.0,13.959999999999999,13.836666666666666,,-0.009614117611940642,-0.0028660031283133823,-0.00674811448362726
2025-04-11 13:23:00,13.95,13.95,13.95,13.95,1,13950.0,13.9575,13.841666666666667,,-0.007492848054550194,-0.0037913721135607453,-0.0037014759409894488
2025-04-11 13:30:00,13.9,13.9,13.9,13.9,2,27800.0,13.9525,13.845833333333333,,-0.009734098483681564,-0.00497991738758491,-0.004754181096096654
2025-04-14 09:01:00,14.3,14.3,14.3,14.3,1,14300.0,13.967499999999998,13.855833333333331,,0.0205296856619821,0.00012200322232849348,0.020407682439653605
2025-04-14 09:29:00,14.0,14.0,14.0,14.0,1,14000.0,13.967499999999998,13.85833333333333,,0.02007505556979261,0.004112613691821318,0.015962441877971294
2025-04-14 09:31:00,14.15,14.15,14.15,14.15,1,14150.0,13.975,13.8625,,0.03145589635988877,0.00958127022543481,0.021874626134453956
2025-04-14 09:36:00,14.15,14.15,14.15,14.15,1,14150.0,13.982499999999998,13.8675,,0.040014037707907235,0.0156678237219293,0.024346213985977937
2025-04-14 09:42:00,14.0,14.0,14.0,14.0,1,14000.0,13.979999999999999,13.876666666666667,,0.03429732513832917,0.019393724005209275,0.014903601133119896
2025-04-14 09:48:00,14.0,14.0,14.0,14.0,1,14000.0,13.979999999999999,13.883333333333333,,0.029427566569458108,0.021400492518059044,0.008027074051399064
2025-04-14 09:53:00,14.0,14.0,14.0,14.0,1,14000.0,13.977499999999997,13.890833333333335,,0.025276871774202903,0.022175768369287818,0.003101103404915085
2025-04-14 10:10:00,13.95,13.95,13.95,13.95,2,27900.0,13.974999999999998,13.897499999999999,,0.017748244301859728,0.021290263555802203,-0.003542019253942475
2025-04-14 10:13:00,14.0,14.0,14.0,14.0,1,14000.0,13.974999999999998,13.905833333333332,,0.015636090971236527,0.02015942903888907,-0.004523338067652542
2025-04-14 10:17:00,14.0,14.0,14.0,14.0,1,14000.0,13.979999999999999,13.913333333333332,,0.013803080913374899,0.018888159413786236,-0.005085078500411337
2025-04-14 10:51:00,13.95,13.95,13.95,13.95,2,27900.0,13.967500000000001,13.917499999999999,,0.008221058573647966,0.01675473924575858,-0.008533680672110616
2025-04-14 11:52:00,13.95,13.95,13.95,13.95,1,13950.0,13.977500000000001,13.925,,0.003753991977333726,0.01415458979207361,-0.010400597814739884
2025-04-14 13:24:00,13.95,13.95,13.95,13.95,1,13950.0,14.0,13.934166666666666,,0.0002113729464863212,0.011365946422956153,-0.011154573476469832
2025-04-15 09:18:00,14.0,14.0,14.0,14.0,1,14000.0,14.002500000000001,13.945833333333333,,0.001422011348296337,0.00937715940802419,-0.007955148059727853
2025-04-15 09:39:00,14.0,14.0,14.0,14.0,3,42000.0,14.005,13.959999999999999,,0.0023543119591717954,0.007972589918253711,-0.005618277959081916
2025-04-15 09:56:00,14.0,14.0,14.0,14.0,1,14000.0,14.007499999999999,13.975,,0.003057917143113542,0.006989655363225677,-0.003931738220112135
2025-04-15 10:20:00,14.0,14.0,14.0,14.0,2,28000.0,14.01,13.991666666666667,,0.0035743267058077066,0.006306589631742083,-0.002732262925934376
2025-04-15 10:27:00,14.0,14.0,14.0,14.0,3,42000.0,14.0125,14.008333333333333,,0.003938188023424161,0.005832909310078499,-0.0018947212866543385
2025-04-15 10:47:00,14.0,14.0,14.0,14.0,1,14000.0,14.015,14.025833333333333,,0.004178384917665312,0.005502004431595862,-0.0013236195139305499
2025-04-15 10:49:00,14.0,14.0,14.0,14.0,1,14000.0,14.02,14.022499999999999,,0.004318956444524957,0.005265394834181682,-0.0009464383896567244
2025-04-15 11:01:00,14.0,14.0,14.0,14.0,1,14000.0,14.005,14.019166666666667,,0.00437987195402556,0.005088290258150458,-0.0007084183041248977
2025-04-15 11:08:00,14.0,14.0,14.0,14.0,1,14000.0,14.005,14.015833333333331,,0.004377684709188756,0.004946169148358118,-0.0005684844391693616
2025-04-15 11:18:00,14.0,14.0,14.0,14.0,2,28000.0,13.997499999999999,14.0125,,0.004326082910418805,0.0048221519007702555,-0.0004960689903514507
2025-04-15 11:20:00,14.0,14.0,14.0,14.0,1,14000.0,13.99,14.009166666666665,,0.004236354060061842,0.004704992332628573,-0.00046863827256673086
2025-04-15 11:22:00,14.0,14.0,14.0,14.0,1,14000.0,13.99,14.005833333333332,,0.004117776139159091,0.004587549093934677,-0.0004697729547755861
2025-04-15 11:31:00,14.0,14.0,14.0,14.0,1,14000.0,13.99,14.005833333333332,,0.0039779469855076854,0.004465628672249279,-0.0004876816867415935
2025-04-15 11:39:00,14.0,14.0,14.0,14.0,1,14000.0,13.99,14.0025,,0.003823061500311198,0.0043371152378616626,-0.0005140537375504647
2025-04-15 11:40:00,14.0,14.0,14.0,14.0,3,42000.0,13.992500000000001,13.999166666666666,,0.0036581448207577694,0.004201321154440884,-0.0005431763336831144
2025-04-15 11:41:00,14.0,14.0,14.0,14.0,1,14000.0,13.992500000000001,13.995833333333334,,0.0034872483357446526,0.004058506590701638,-0.000571258254956985
2025-04-15 11:42:00,14.0,14.0,14.0,14.0,1,14000.0,13.992500000000001,13.993333333333332,,0.003313614356283523,0.003909528143818015,-0.0005959137875344916
2025-04-15 11:48:00,14.0,14.0,14.0,14.0,1,14000.0,13.995,13.991666666666667,,0.003139814351051484,0.0037555853852647082,-0.000615771034213224
2025-04-15 11:58:00,14.0,14.0,14.0,14.0,3,42000.0,13.997499999999999,13.991666666666667,,0.002967864895516925,0.003598041287315152,-0.0006301763917982268
2025-04-15 12:01:00,14.0,14.0,14.0,14.0,1,14000.0,14.0,13.990833333333333,,0.002799324838830941,0.00343829799761831,-0.0006389731587873688
2025-04-15 12:08:00,14.0,14.0,14.0,14.0,5,70000.0,14.0,13.990833333333333,,0.0026353766480031737,0.003277713727695283,-0.0006423370796921095
2025-04-15 12:15:00,14.0,14.0,14.0,14.0,1,14000.0,14.0,13.990833333333333,,0.00247689442834087,0.0031175498678244007,-0.0006406554394835307
2025-04-15 12:55:00,14.0,14.0,14.0,14.0,1,14000.0,14.0,13.990833333333333,,0.002324500729915968,0.0029589400402427147,-0.0006344393103267466
2025-04-15 12:57:00,14.0,14.0,14.0,14.0,1,14000.0,14.0,13.990833333333333,,0.0021786139207691235,0.002802874816347997,-0.0006242608955788734
2025-04-15 13:08:00,14.0,14.0,14.0,14.0,2,28000.0,14.0,13.990833333333333,,0.002039487629549086,0.002650197378988215,-0.0006107097494391289
2025-04-15 13:10:00,14.0,14.0,14.0,14.0,6,84000.0,14.0,13.990833333333333,,0.0019072435252152076,0.0025016066082336136,-0.000594363083018406
2025-04-15 13:16:00,14.0,14.0,14.0,14.0,1,14000.0,14.0,13.990833333333333,,0.001781898502972723,0.0023576649871814358,-0.0005757664842087127
2025-04-15 13:17:00,14.0,14.0,14.0,14.0,2,28000.0,14.0,13.990833333333333,,0.0016633871777838038,0.0022188094253019095,-0.0005554222475181057
2025-04-15 13:30:00,14.25,14.25,14.25,14.25,7,99750.0,14.0125,13.995,,0.02149460006212678,0.006073967552666885,0.015420632509459894
2025-04-16 09:54:00,14.0,14.0,14.0,14.0,2,28000.0,14.0125,13.995,,0.016843902761916496,0.008227954594516808,0.008615948167399688
2025-04-16 10:48:00,14.0,14.0,14.0,14.0,3,42000.0,14.0125,13.995,,0.013008240743324961,0.00918401182427844,0.003824228919046522
2025-04-16 11:16:00,13.95,13.95,13.85,13.85,3,41750.0,14.005,13.991666666666667,,-0.0021109614319083647,0.006925017173041078,-0.009035978604949443
2025-04-16 11:21:00,13.9,13.9,13.9,13.9,1,13900.0,14.0,13.99,,-0.00994382971856922,0.003551247794719018,-0.013495077513288238
2025-04-16 11:30:00,13.9,13.9,13.9,13.9,1,13900.0,13.995,13.987499999999999,,-0.015967372338433705,-0.0003524762319115277,-0.015614896106522178
2025-04-16 11:32:00,14.0,14.0,14.0,14.0,1,14000.0,13.995,13.987499999999999,,-0.012527499858737912,-0.0027874809572768053,-0.009740018901461107
2025-04-16 11:51:00,14.0,14.0,14.0,14.0,1,14000.0,13.995,13.987499999999999,,-0.009689679541613927,-0.00416792067414423,-0.005521758867469697
2025-04-16 11:55:00,14.0,14.0,14.0,14.0,1,14000.0,13.995,13.989166666666666,14.730416666666667,-0.0073558923469061455,-0.0048055150086966135,-0.002550377338209532
2025-04-16 12:47:00,13.95,13.95,13.95,13.95,1,13950.0,13.992500000000001,13.985000000000001,14.721875,-0.009432202719121818,-0.005730852550781655,-0.003701350168340163
2025-04-16 12:57:00,14.0,14.0,14.0,14.0,4,56000.0,13.992500000000001,13.989166666666668,14.713750000000001,-0.006962848166361724,-0.00597725167389767,-0.000985596492464054
2025-04-17 09:01:00,13.65,13.75,13.65,13.75,6,82000.0,13.98,13.993333333333334,14.704375,-0.024891839779673575,-0.009760169295052853,-0.015131670484620722
2025-04-17 10:14:00,13.75,13.75,13.75,13.75,3,41250.0,13.967500000000001,13.99,14.695208333333333,-0.038655102839555866,-0.015539156003953458,-0.02311594683560241
2025-04-17 12:32:00,13.8,13.8,13.8,13.8,2,27600.0,13.9575,13.9875,14.686458333333333,-0.0450091681902034,-0.02143315844120345,-0.023576009748999947
2025-04-17 13:30:00,13.8,13.8,13.8,13.8,2,27600.0,13.9475,13.985000000000001,14.678333333333333,-0.049474499524611915,-0.027041426657885146,-0.02243307286672677
2025-04-18 09:10:00,13.8,13.8,13.8,13.8,1,13800.0,13.9375,13.982499999999998,14.669583333333334,-0.05240916652921079,-0.03211497463215028,-0.020294191897060512
2025-04-18 13:23:00,13.8,13.8,13.8,13.8,1,13800.0,13.9275,13.98,14.660416666666666,-0.05411115160025126,-0.03651421002577048,-0.01759694157448078
2025-04-21 09:02:00,14.05,14.05,14.05,14.05,2,28100.0,13.930000000000001,13.981666666666666,14.652291666666667,-0.034884944531540896,-0.03618835692692456,0.001303412395383667
2025-04-21 09:03:00,14.05,14.05,14.05,14.05,4,56200.0,13.9325,13.984166666666665,14.644166666666669,-0.019424127660222723,-0.03283551107358419,0.013411383413361469
2025-04-21 09:04:00,14.1,14.2,14.1,14.2,4,56700.0,13.9425,13.9825,14.637291666666666,0.004876217451400322,-0.02529316536858729,0.03016938281998761
2025-04-21 09:25:00,14.15,14.15,14.15,14.15,1,14150.0,13.9375,13.985000000000001,14.630625,0.019870775971298826,-0.016260377100610065,0.036131153071908895
2025-04-21 10:31:00,13.95,13.95,13.95,13.95,1,13950.0,13.934999999999999,13.981666666666666,14.622708333333332,0.015437785962918227,-0.009920744487904407,0.025358530450822633
2025-04-21 12:07:00,13.95,13.95,13.95,13.95,1,13950.0,13.9325,13.978333333333332,14.614791666666667,0.011788716458248416,-0.005578852298673841,0.017367568756922257
2025-04-21 12:09:00,13.95,13.95,13.95,13.95,1,13950.0,13.9375,13.9775,14.60625,0.008795414522062117,-0.002703998934526649,0.011499413456588767
2025-04-21 12:38:00,14.0,14.0,14.0,14.0,1,14000.0,13.9425,13.9775,14.597916666666666,0.010338606276658169,-9.547789228968492e-05,0.010434084168947854
2025-04-21 13:05:00,14.05,14.05,14.05,14.05,1,14050.0,13.95,13.978333333333332,14.590000000000002,0.015418444749695226,0.0030073066361072983,0.012411138113587928
2025-04-22 09:01:00,13.8,13.8,13.8,13.8,4,55200.0,13.940000000000001,13.975833333333334,14.58125,-0.0007203534939019818,0.0022617746101054425,-0.0029821281040074243
2025-04-22 09:20:00,13.95,13.95,13.95,13.95,1,13950.0,13.9375,13.975,14.573125000000001,-0.0013906899938742612,0.0015312816893095018,-0.002921971683183763
2025-04-22 10:15:00,13.95,13.95,13.95,13.95,1,13950.0,13.935000000000002,13.974166666666667,14.565,-0.0019000340893473577,0.0008450185335781299,-0.0027450526229254877
2025-04-22 10:41:00,13.95,13.95,13.95,13.95,2,27900.0,13.934999999999999,13.974166666666667,14.556874999999998,-0.0022774400434570907,0.00022052681817108565,-0.0024979668616281763
2025-04-22 11:27:00,13.85,13.85,13.85,13.85,1,13850.0,13.927499999999998,13.972499999999998,14.548333333333336,-0.010524382700586088,-0.0019284550855803498,-0.008595927615005739
2025-04-22 11:28:00,13.8,13.8,13.8,13.8,1,13800.0,13.929999999999998,13.97,14.539583333333333,-0.020854330557414258,-0.005713630179947133,-0.015140700377467125
2025-04-22 11:41:00,13.8,13.8,13.8,13.8,1,13800.0,13.9325,13.966666666666667,14.531041666666669,-0.028709938358918663,-0.01031289181574144,-0.018397046543177222
2025-04-22 13:16:00,13.85,13.85,13.85,13.85,1,13850.0,13.935000000000002,13.964166666666667,14.522708333333332,-0.030548834067532837,-0.014360080266099723,-0.016188753801433114
2025-04-23 09:16:00,14.0,14.0,14.0,14.0,1,14000.0,13.945000000000002,13.964166666666667,14.514791666666667,-0.019675617510786836,-0.015423187715037149,-0.004252429795749687
2025-04-23 13:30:00,13.9,13.9,13.9,13.9,2,27800.0,13.95,13.9625,14.506875,-0.018909700057182732,-0.016120490183466268,-0.0027892098737164646
2025-04-24 09:01:00,13.9,13.9,13.9,13.9,3,41700.0,13.954999999999998,13.960833333333333,14.498958333333333,-0.018094127122767034,-0.016515217571326422,-0.0015789095514406118
2025-04-24 09:08:00,14.2,14.2,14.2,14.2,1,14200.0,13.9625,13.964166666666667,14.492291666666667,0.006682679308857686,-0.011875638195289601,0.018558317504147288
2025-04-24 10:10:00,14.15,14.15,14.15,14.15,1,14150.0,13.967500000000001,13.966666666666667,14.485416666666667,0.02202994726500762,-0.005094521103230155,0.027124468368237776
2025-04-24 10:54:00,14.0,14.0,13.95,13.95,2,27950.0,13.954999999999998,13.965833333333334,14.477916666666665,0.017848690579469917,-0.0005058787666901392,0.018354569346160057
2025-04-24 10:55:00,14.15,14.2,14.15,14.2,8,113500.0,13.9575,13.969166666666666,14.470625000000002,0.034312393268624675,0.006457775640372826,0.027854617628251848
2025-04-24 11:18:00,14.1,14.1,14.1,14.1,1,14100.0,13.965,13.970833333333333,14.463333333333335,0.03884307323539815,0.012934835159377893,0.02590823807602026
2025-04-24 11:50:00,13.9,13.9,13.9,13.9,5,69500.0,13.9625,13.969166666666666,14.455208333333333,0.02599567922260171,0.015547003972022657,0.010448675250579052
2025-04-24 12:18:00,13.9,13.9,13.9,13.9,1,13900.0,13.959999999999999,13.967500000000001,14.446458333333332,0.015633810076183252,0.01556436519285478,6.944488332847297e-05
2025-04-24 12:25:00,13.9,13.9,13.9,13.9,1,13900.0,13.954999999999998,13.965833333333334,14.437708333333331,0.007337373450670981,0.01391896684441802,-0.006581593393747039
2025-04-24 13:30:00,13.85,13.85,13.85,13.85,3,41550.0,13.945000000000002,13.963333333333335,14.428749999999999,-0.0032349045125439346,0.010488192573025629,-0.013723097085569564
2025-04-25 09:09:00,13.9,13.9,13.9,13.9,3,41700.0,13.95,13.961666666666668,14.420625,-0.0074925592774395255,0.006892042202932598,-0.014384601480372124
2025-04-25 10:52:00,13.9,13.9,13.9,13.9,1,13900.0,13.947500000000002,13.96,14.412083333333333,-0.010742943389201898,0.003365045084505698,-0.014107988473707596
2025-04-25 11:57:00,14.1,14.1,14.1,14.1,1,14100.0,13.954999999999998,13.961666666666668,14.404166666666667,0.0027873020254780556,0.00324949647270017,-0.00046219444722211435
2025-04-28 09:18:00,14.0,14.0,13.9,13.9,5,69650.0,13.9525,13.96,14.395000000000001,-0.0025982584217452143,0.0020799454938110933,-0.0046782039155563076
2025-04-28 09:40:00,13.95,13.95,13.9,13.9,5,69600.0,13.955000000000002,13.958333333333334,14.385416666666666,-0.006788104829984931,0.00030633542905188796,-0.007094440259036819
2025-04-28 12:23:00,14.05,14.05,14.05,14.05,1,14050.0,13.967500000000001,13.959166666666668,14.376458333333334,0.001972421254643919,0.0006395525941702944,0.0013328686604736247
2025-04-29 09:11:00,14.05,14.05,14.05,14.05,1,14050.0,13.98,13.96,14.368333333333334,0.008813603557333849,0.0022743627868030063,0.006539240770530842
2025-04-29 09:29:00,14.15,14.15,14.15,14.15,1,14150.0,13.995,13.9625,14.361041666666667,0.02205027227023315,0.006229544683489037,0.015820727586744115
2025-04-29 09:33:00,14.1,14.1,14.1,14.1,1,14100.0,14.0,13.964166666666667,14.353541666666667,0.02818099251897621,0.010619834250586473,0.017561158268389738
2025-04-29 09:56:00,14.1,14.1,14.1,14.1,3,42300.0,14.01,13.965833333333334,14.344999999999999,0.03266311245720743,0.015028489891910668,0.017634622565296763
2025-04-29 11:38:00,14.1,14.1,14.1,14.1,1,14100.0,14.020000000000001,13.967500000000001,14.337083333333332,0.03580251568563142,0.01918329505065482,0.0166192206349766
2025-04-29 11:59:00,14.1,14.1,14.1,14.1,10,141000.0,14.014999999999997,13.969166666666666,14.329166666666667,0.03785415621288912,0.022917467283101685,0.014936688929787438
2025-04-29 12:37:00,14.15,14.15,14.15,14.15,2,28300.0,14.015,13.971666666666668,14.320625,0.043018784474639915,0.026937730721409335,0.01608105375323058
2025-04-29 12:46:00,14.15,14.15,14.15,14.15,1,14150.0,14.025,13.974166666666667,14.312083333333334,0.04657490309023693,0.03086516519517486,0.01570973789506207
2025-04-29 13:30:00,14.1,14.1,14.1,14.1,1,14100.0,14.020000000000001,13.971666666666668,14.303541666666666,0.04484166379435983,0.03366046491501186,0.011181198879347973
2025-04-30 09:27:00,14.15,14.15,14.15,14.15,1,14150.0,14.022499999999999,13.974166666666667,14.295416666666666,0.0469613006554539,0.03632063206310027,0.01064066859235363
2025-04-30 11:25:00,14.1,14.1,14.1,14.1,1,14100.0,14.032500000000002,13.975833333333334,14.287083333333332,0.044098209300374336,0.03787614751055508,0.006222061789819253
2025-04-30 11:28:00,14.1,14.1,14.1,14.1,1,14100.0,14.042499999999999,13.979999999999999,14.278958333333334,0.041352502862052276,0.03857141858085453,0.0027810842811977488
2025-04-30 12:01:00,14.1,14.1,14.1,14.1,1,14100.0,14.0525,13.983333333333333,14.271041666666667,0.0387300547652174,0.03860314581772711,0.00012690894749029652
2025-04-30 12:25:00,14.1,14.1,14.1,14.1,1,14100.0,14.065000000000001,13.986666666666668,14.263125,0.036234062042447945,0.038129329062671274,-0.001895267020223329
2025-04-30 13:05:00,14.15,14.15,14.15,14.15,4,56600.0,14.0775,13.989166666666668,14.254791666666668,0.03785419239266119,0.03807430172866926,-0.00022010933600807164
2025-05-02 09:32:00,14.15,14.15,14.15,14.15,1,14150.0,14.089999999999998,13.991666666666667,14.247708333333334,0.038692138480227456,0.0381978690789809,0.0004942694012465554
2025-05-02 10:56:00,14.15,14.15,14.15,14.15,2,28300.0,14.092500000000001,13.994166666666668,14.24,0.038907712896628865,0.038339837842510494,0.0005678750541183719
2025-05-02 11:46:00,14.15,14.15,14.1,14.1,17,239850.0,14.102499999999997,13.996666666666666,14.231666666666667,0.03464461350356629,0.03760079297472166,-0.002956179471155368
2025-05-02 12:06:00,14.1,14.1,14.05,14.05,3,42200.0,14.11,13.9975,14.223541666666668,0.02692116396794475,0.03546486717336628,-0.008543703205421527
2025-05-02 12:12:00,14.05,14.05,14.05,14.05,1,14050.0,14.11,14.0025,14.215625,0.020563234400519548,0.03248454061879693,-0.011921306218277382
2025-05-02 12:18:00,14.0,14.0,14.0,14.0,3,42000.0,14.107499999999998,14.006666666666666,14.207916666666668,0.01135900770948517,0.028259434036934577,-0.016900426327449408
2025-05-02 12:58:00,14.05,14.05,14.0,14.0,17,238150.0,14.1,14.01,14.199375,0.004018271610137347,0.023411201551575132,-0.019392929941437785
2025-05-02 13:06:00,14.0,14.0,14.0,14.0,2,28000.0,14.094999999999999,14.013333333333332,14.190416666666668,-0.0017788096256463604,0.018373199316130833,-0.020152008941777193
2025-05-02 13:07:00,14.0,14.0,14.0,14.0,1,14000.0,14.09,14.016666666666667,14.181458333333333,-0.006300411053958399,0.013438477242112987,-0.019738888296071386
2025-05-02 13:18:00,14.0,14.0,14.0,14.0,4,56000.0,14.084999999999999,14.02,14.172708333333334,-0.009771176719395314,0.008796546449811326,-0.01856772316920664
2025-05-02 13:25:00,14.0,14.0,14.0,14.0,1,14000.0,14.080000000000002,14.019166666666667,14.164375000000001,-0.012379085127134815,0.004561420134422098,-0.016940505261556913
2025-05-02 13:30:00,14.1,14.1,14.1,14.1,1,14100.0,14.0775,14.02,14.156875000000001,-0.006304038038056348,0.002388328499926408,-0.008692366537982756
2025-05-05 09:01:00,14.1,14.1,14.1,14.1,2,28200.0,14.075,14.018333333333334,14.149375,-0.0014725448709640432,0.0016161538257483175,-0.0030886986967123605
2025-05-05 09:05:00,14.2,14.2,14.2,14.2,2,28400.0,14.079999999999998,14.019166666666667,14.142291666666667,0.010306802138542182,0.0033542834883070914,0.00695251865023509
2025-05-05 09:34:00,14.2,14.2,14.2,14.2,2,28400.0,14.082500000000001,14.023333333333333,14.135208333333333,0.01941817883101571,0.0065670625568488164,0.012851116274166893
2025-05-05 09:42:00,14.2,14.2,14.2,14.2,1,14200.0,14.0875,14.027500000000002,14.128749999999998,0.026335432036443507,0.010520736452767757,0.01581469558367575
2025-05-05 09:59:00,14.25,14.3,14.25,14.3,6,85700.0,14.097500000000002,14.033333333333333,14.122708333333332,0.03943202150444414,0.016302993463103037,0.0231290280413411
2025-05-05 10:05:00,14.3,14.3,14.3,14.3,1,14300.0,14.107499999999998,14.038333333333332,14.116666666666667,0.0492435144323089,0.022891097656944213,0.026352416775364686
2025-05-05 10:11:00,14.3,14.3,14.3,14.3,3,42900.0,14.117499999999998,14.0425,14.110624999999999,0.056369401889380555,0.029586758503431485,0.02678264338594907
2025-05-05 10:13:00,14.3,14.3,14.3,14.3,1,14300.0,14.125,14.050833333333333,14.103958333333335,0.06130997580144815,0.03593140196303482,0.025378573838413326
2025-05-05 10:17:00,14.3,14.3,14.3,14.3,7,100100.0,14.132500000000002,14.056666666666668,14.098333333333333,0.0644821066350989,0.04164154289744764,0.02284056373765126
2025-05-05 10:27:00,14.3,14.3,14.3,14.3,3,42900.0,14.14,14.0625,14.091875,0.06623255550322504,0.046559745418603124,0.01967281008462192
2025-05-05 10:28:00,14.3,14.3,14.3,14.3,4,57200.0,14.150000000000002,14.068333333333333,14.086458333333333,0.06684920284431328,0.05061763690374516,0.01623156594056812
2025-05-05 10:29:00,14.3,14.3,14.3,14.3,8,114400.0,14.1625,14.075833333333334,14.08125,0.06657051682556947,0.053808212888110024,0.012762303937459446
2025-05-05 13:01:00,14.25,14.25,14.25,14.25,1,14250.0,14.1725,14.083333333333334,14.075625,0.0616049307217601,0.055367556454840046,0.006237374266920052
2025-05-05 13:11:00,14.1,14.1,14.1,14.1,1,14100.0,14.1775,14.088333333333335,14.069583333333332,0.04504665180045819,0.05330337552396368,-0.008256723723505485
2025-05-06 09:15:00,14.1,14.1,14.1,14.1,1,14100.0,14.182500000000001,14.092500000000001,14.063541666666667,0.03156028909231168,0.04895475823763328,-0.017394469145321605
2025-05-06 09:16:00,14.1,14.1,14.1,14.1,2,28200.0,14.1875,14.094166666666666,14.056458333333333,0.020634389089151384,0.04329068440793691,-0.022656295318785526
2025-05-06 09:25:00,14.0,14.0,14.0,14.0,1,14000.0,14.1875,14.095833333333333,14.048958333333333,0.003861853313667396,0.03540491818908301,-0.03154306487541561
2025-05-06 09:40:00,14.0,14.0,14.0,14.0,1,14000.0,14.1875,14.0975,14.041875000000001,-0.009323032018274446,0.026459328147611514,-0.03578236016588596
2025-05-06 10:09:00,14.1,14.1,14.1,14.1,1,14100.0,14.1925,14.095833333333333,14.035416666666666,-0.011569617027497259,0.01885353911258976,-0.030423156140087018
2025-05-06 10:22:00,14.15,14.15,14.15,14.15,1,14150.0,14.194999999999999,14.095833333333333,14.029166666666667,-0.009209310501679724,0.013240969189735862,-0.022450279691415588
2025-05-06 10:44:00,14.2,14.2,14.2,14.2,3,42600.0,14.2,14.1,14.023333333333333,-0.003266514101122553,0.00993947253156418,-0.013205986632686732
2025-05-06 12:35:00,14.2,14.2,14.2,14.2,1,14200.0,14.2,14.1,14.017500000000002,0.0014267481967600304,0.00823692766460335,-0.006810179467843319
2025-05-06 13:30:00,14.3,14.3,14.3,14.3,3,42900.0,14.204999999999998,14.103333333333333,14.012083333333333,0.013064754291097103,0.009202492989902101,0.0038622613011950017
2025-05-07 09:19:00,14.3,14.3,14.3,14.3,1,14300.0,14.209999999999999,14.110000000000001,14.006875,0.022033964145162344,0.01176878722095415,0.010265176924208193
2025-05-07 09:26:00,14.3,14.3,14.3,14.3,1,14300.0,14.209999999999999,14.116666666666667,14.000833333333333,0.02881002355623785,0.015177034488010893,0.013632989068226959
2025-05-07 09:34:00,14.3,14.3,14.3,14.3,1,14300.0,14.210000000000003,14.123333333333333,13.995416666666667,0.033790582655440105,0.01889974412149674,0.014890838533943365
2025-05-07 09:45:00,14.4,14.4,14.4,14.4,1,14400.0,14.215,14.132499999999999,13.989166666666668,0.04528486020998379,0.024176767339194154,0.021108092870789637
2025-05-07 09:55:00,14.5,14.5,14.5,14.5,1,14500.0,14.225,14.1425,13.983541666666667,0.0617514895166682,0.03169171177468897,0.03005977774197923
2025-05-07 10:48:00,14.25,14.25,14.2,14.2,2,28450.0,14.219999999999999,14.1475,13.983125,0.05001735020415232,0.03535683946058164,0.014660510743570679
2025-05-07 10:49:00,14.2,14.2,14.2,14.2,1,14200.0,14.215,14.149166666666668,13.982708333333335,0.0402539379199407,0.036336259152453455,0.003917678767487241
2025-05-07 11:08:00,14.2,14.2,14.2,14.2,1,14200.0,14.209999999999999,14.154166666666667,13.982291666666667,0.03214580649590282,0.03549816862114333,-0.00335236212524051
2025-05-07 12:29:00,14.25,14.25,14.25,14.25,1,14250.0,14.207500000000001,14.16,13.982083333333332,0.029415551887359115,0.034281645274386485,-0.00486609338702737
2025-05-07 12:36:00,14.45,14.6,14.45,14.6,4,58000.0,14.225,14.169166666666666,13.983333333333333,0.05486147147445131,0.03839761051439945,0.016463860960051854
2025-05-07 12:38:00,14.8,14.8,14.8,14.8,2,29600.0,14.26,14.181666666666667,13.985416666666667,0.09012694725945458,0.04874347786341048,0.0413834693960441
2025-05-07 12:41:00,14.75,14.8,14.75,14.8,2,29550.0,14.294999999999998,14.1925,13.9875,0.11672950581169772,0.06234068345306794,0.05438882235862978
2025-05-07 12:43:00,14.9,14.95,14.9,14.95,2,29850.0,14.3375,14.206666666666667,13.990208333333333,0.14820752740317467,0.0795140522430893,0.06869347516008537
2025-05-07 12:45:00,14.9,14.95,14.9,14.95,3,44800.0,14.385,14.220833333333333,13.992916666666666,0.17118082036056492,0.09784740586658444,0.07333341449398048
2025-05-07 12:47:00,15.6,15.6,15.6,15.6,7,109200.0,14.465,14.245833333333334,13.998333333333333,0.23908091233150408,0.1260941071595684,0.11298680517193568
2025-05-07 12:49:00,15.45,15.65,15.45,15.45,4,62000.0,14.532499999999999,14.268333333333334,14.003125,0.2775886093192259,0.1563930075914999,0.121195601727726
2025-05-07 12:50:00,15.45,15.45,15.45,15.45,1,15450.0,14.5975,14.29,14.007916666666667,0.3045950544313225,0.18603341695946446,0.11856163747185805
2025-05-07 12:52:00,15.45,15.45,15.45,15.45,1,15450.0,14.66,14.311666666666666,14.012708333333334,0.322282781462949,0.2132832898601614,0.10899949160278757
2025-05-07 12:54:00,15.4,15.45,15.4,15.45,3,46300.0,14.722500000000002,14.334166666666667,14.0175,0.33246794900666465,0.23712022168946206,0.09534772731720259
2025-05-07 13:01:00,15.2,15.2,15.2,15.2,1,15200.0,14.767500000000002,14.351666666666667,14.02125,0.31671595264913144,0.25303936788139597,0.06367658476773547
2025-05-07 13:03:00,15.0,15.0,15.0,15.0,1,15000.0,14.8025,14.366666666666667,14.024166666666666,0.28481093040152317,0.25939368038542143,0.025417250016101733
2025-05-07 13:11:00,15.05,15.05,15.05,15.05,2,30100.0,14.84,14.3825,14.033125,0.26055701347929805,0.25962634700419673,0.0009306664751013161
2025-05-07 13:12:00,15.05,15.05,15.0,15.0,2,30050.0,14.875,14.3975,14.036875,0.23459674223277993,0.25462042604991336,-0.02002368381713343
2025-05-07 13:21:00,15.0,15.0,15.0,15.0,2,30000.0,14.905000000000001,14.4125,14.042083333333332,0.21158403123071956,0.2460131470860746,-0.03442911585535505
2025-05-07 13:30:00,15.0,15.0,15.0,15.0,1,15000.0,14.930000000000001,14.426666666666668,14.047708333333333,0.19114291541736073,0.23503910075233184,-0.04389618533497111
2025-05-08 09:24:00,15.35,15.35,15.35,15.35,1,15350.0,14.9875,14.446666666666667,14.054791666666667,0.2008697572682081,0.2282052320555071,-0.027335474787299002
2025-05-08 09:35:00,15.1,15.1,15.1,15.1,1,15100.0,15.032499999999999,14.4625,14.060833333333333,0.18625836832209863,0.2198158593088254,-0.03355749098672678
2025-05-08 09:36:00,15.05,15.05,15.0,15.0,4,60100.0,15.0725,14.477500000000001,14.067083333333333,0.16471088845467463,0.20879486513799528,-0.04408397668332065
2025-05-08 09:38:00,15.0,15.0,15.0,15.0,1,15000.0,15.11,14.493333333333334,14.073541666666666,0.14595191262174012,0.19622627463474426,-0.05027436201300414
2025-05-08 09:39:00,15.0,15.0,15.0,15.0,1,15000.0,15.13,14.509166666666667,14.078749999999998,0.12959143967431963,0.18289930764265935,-0.05330786796833972
2025-05-08 09:57:00,15.2,15.2,15.2,15.2,1,15200.0,15.15,14.529166666666667,14.085,0.13125099574485688,0.17256964526309887,-0.04131864951824199
2025-05-08 10:16:00,15.4,15.4,15.4,15.4,2,30800.0,15.179999999999998,14.5525,14.092500000000001,0.14700989584860302,0.16745769538019972,-0.0204477995315967
2025-05-08 10:20:00,15.45,15.45,15.45,15.45,1,15450.0,15.205000000000002,14.576666666666666,14.100625,0.16166988999428789,0.16630013430301738,-0.004630244308729492
2025-05-08 10:21:00,15.5,15.5,15.5,15.5,3,46500.0,15.232500000000002,14.601666666666667,14.108541666666667,0.17530185247316332,0.16810047793704658,0.007201374536116745
2025-05-08 10:22:00,15.5,15.5,15.5,15.5,1,15500.0,15.227500000000001,14.626666666666667,14.115833333333335,0.18398442304808782,0.17127726695925485,0.012707156088832966
2025-05-08 10:27:00,15.45,15.45,15.45,15.45,9,139050.0,15.227500000000001,14.650833333333335,14.123333333333333,0.18470171426151083,0.17396215641970605,0.010739557841804775
2025-05-08 10:37:00,15.45,15.45,15.45,15.45,2,30900.0,15.227500000000001,14.673333333333334,14.130833333333333,0.18315883171634084,0.17580149147903304,0.007357340237307802
2025-05-08 10:38:00,15.45,15.45,15.45,15.45,3,46350.0,15.227500000000001,14.695833333333333,14.138125,0.1798627404719344,0.17661374127761334,0.0032489991943210617
2025-05-08 11:07:00,15.2,15.2,15.2,15.2,1,15200.0,15.214999999999998,14.7125,14.14375,0.15528759501866674,0.17234851202582405,-0.01706091700715731
2025-05-08 12:09:00,15.15,15.15,15.15,15.15,1,15150.0,15.2125,14.728333333333333,14.148958333333333,0.13027530048954006,0.16393386971856727,-0.03365856922902721
2025-05-08 12:39:00,15.1,15.1,15.1,15.1,1,15100.0,15.217499999999998,14.743333333333332,14.154166666666667,0.10520555063920511,0.15218820590269486,-0.04698265526348974
2025-05-08 12:40:00,15.1,15.1,15.1,15.1,3,45300.0,15.219999999999999,14.756666666666666,14.161041666666668,0.084365085079666,0.13862358173808909,-0.05425849665842308
2025-05-08 12:41:00,15.05,15.05,15.05,15.05,1,15050.0,15.2225,14.769166666666669,14.167083333333332,0.06308705553781024,0.12351627649803332,-0.06042922096022307
2025-05-08 12:42:00,15.1,15.1,15.1,15.1,4,60400.0,15.227499999999997,14.782499999999999,14.173541666666667,0.04968589785643651,0.10875020076971398,-0.05906430291327747
2025-05-08 13:17:00,15.1,15.1,15.1,15.1,3,45300.0,15.232499999999998,14.795833333333333,14.180000000000001,0.03862019428434493,0.09472419947264017,-0.05610400518829524
2025-05-08 13:30:00,15.1,15.1,15.1,15.1,1,15100.0,15.220000000000002,14.809166666666666,14.186666666666667,0.029510367334310672,0.08168143304497427,-0.0521710657106636
2025-05-09 09:31:00,15.1,15.1,14.95,14.95,5,75050.0,15.2125,14.82,14.192499999999999,0.01007092607905058,0.06735933165178953,-0.057288405572738954
2025-05-09 10:33:00,14.9,14.9,14.9,14.9,1,14900.0,15.2075,14.83,14.1975,-0.009262777765712826,0.052034909768289055,-0.06129768753400188
2025-05-09 12:58:00,15.0,15.0,15.0,15.0,2,30000.0,15.2075,14.841666666666667,14.203750000000001,-0.0163274998347962,0.03836242784767201,-0.054689927682468206
2025-05-09 13:30:00,15.1,15.1,15.1,15.1,1,15100.0,15.2125,14.855833333333333,14.210833333333333,-0.0136992621415164,0.027950089849834325,-0.041649351991350725
2025-05-12 13:24:00,15.1,15.1,15.1,15.1,1,15100.0,15.2075,14.872499999999999,14.218333333333334,-0.011483984608132047,0.020063274958241048,-0.031547259566373095
2025-05-13 10:21:00,15.1,15.1,15.0,15.0,10,150850.0,15.1875,14.887499999999998,14.226041666666667,-0.017594704664789518,0.012531679033634934,-0.03012638369842445
2025-05-13 10:25:00,15.0,15.0,15.0,15.0,2,30000.0,15.164999999999997,14.9025,14.233958333333334,-0.022181796393910602,0.005588983948125825,-0.02777078034203643
2025-05-13 10:29:00,15.0,15.0,15.0,15.0,1,15000.0,15.139999999999997,14.919166666666666,14.242291666666667,-0.025522887675768047,-0.0006333903766529512,-0.024889497299115097
2025-05-13 11:42:00,15.0,15.0,15.0,15.0,1,15000.0,15.114999999999998,14.935833333333333,14.250625000000001,-0.02784969266667403,-0.006076650834657169,-0.02177304183201686
2025-05-14 11:08:00,15.0,15.0,15.0,15.0,5,75000.0,15.092499999999998,14.950833333333332,14.259166666666667,-0.029355312614915974,-0.010732383190708933,-0.01862292942420704
2025-05-14 13:30:00,15.05,15.05,15.05,15.05,1,15050.0,15.0725,14.965833333333334,14.262708333333332,-0.02621179191778289,-0.013828264936123727,-0.012383526981659163
2025-05-15 13:05:00,14.9,14.9,14.85,14.85,5,74300.0,15.0425,14.976666666666667,14.265416666666665,-0.03940462565173597,-0.01894353707924618,-0.02046108857248979
2025-05-15 13:08:00,14.85,14.85,14.85,14.85,1,14850.0,15.025,14.9875,14.268125000000001,-0.049291835834729625,-0.025013196830342876,-0.02427863900438675
2025-05-15 13:25:00,14.8,14.8,14.8,14.8,1,14800.0,15.007499999999999,14.995833333333334,14.270624999999999,-0.06046509924493648,-0.0321035773132616,-0.028361521931674884
2025-05-16 09:01:00,14.85,14.85,14.85,14.85,2,29700.0,14.995000000000001,15.005,14.273333333333333,-0.06454141560057103,-0.03859114497072349,-0.02595027062984754
2025-05-16 09:15:00,15.0,15.0,15.0,15.0,1,15000.0,14.99,15.016666666666667,14.276666666666666,-0.05503378407748549,-0.04187967279207589,-0.013154111285409602
2025-05-16 09:17:00,15.0,15.0,15.0,15.0,1,15000.0,14.9875,15.028333333333334,14.280833333333332,-0.046957619390425975,-0.042895262111745915,-0.004062357278680061
2025-05-16 09:56:00,15.0,15.0,15.0,15.0,3,45000.0,14.982500000000002,15.038333333333334,14.284166666666666,-0.04009501036904872,-0.04233521176320648,0.002240201394157759
2025-05-16 11:13:00,15.0,15.0,15.0,15.0,2,30000.0,14.977500000000001,15.046666666666669,14.2875,-0.03426139919425175,-0.040720449249415536,0.006459050055163784
2025-05-16 13:11:00,15.05,15.05,15.05,15.05,1,15050.0,14.975,15.060833333333333,14.291041666666667,-0.025311858824318634,-0.03763873116439616,0.012326872340077524
2025-05-19 12:07:00,14.9,14.9,14.9,14.9,1,14900.0,14.9725,15.072499999999998,14.294166666666666,-0.02997746840543236,-0.0361064786126034,0.0061290102071710414
2025-05-19 12:23:00,14.9,14.9,14.9,14.9,1,14900.0,14.9725,15.084166666666667,14.297500000000001,-0.033291236955813375,-0.035543430281245396,0.002252193325432021
2025-05-19 12:47:00,14.85,14.85,14.85,14.85,1,14850.0,14.965,15.094166666666666,14.301041666666666,-0.03949671103995023,-0.036334086432986364,-0.003162624606963864
2025-05-19 12:50:00,14.85,14.85,14.85,14.85,2,29700.0,14.9525,15.098333333333333,14.304375,-0.04390844474074029,-0.03784895809453715,-0.006059486646203142
2025-05-19 12:51:00,14.85,14.85,14.85,14.85,2,29700.0,14.940000000000001,15.099166666666667,14.307916666666667,-0.04686455012180879,-0.03965207649999148,-0.00721247362181731
2025-05-19 13:19:00,14.95,14.95,14.95,14.95,1,14950.0,14.9375,15.101666666666665,14.311875000000002,-0.04066931017681341,-0.03985552323535587,-0.0008137869414575408
2025-05-20 10:18:00,14.95,14.95,14.95,14.95,3,44850.0,14.935000000000002,15.101666666666667,14.315833333333334,-0.03535202178484376,-0.03895482294525345,0.003602801160409695
2025-05-20 10:19:00,14.95,14.95,14.95,14.95,1,14950.0,14.932500000000001,15.101666666666667,14.319791666666667,-0.030783183052847107,-0.037320494966772186,0.0065373119139250785
2025-05-20 10:28:00,15.0,15.0,15.0,15.0,10,150000.0,14.932500000000001,15.091666666666667,14.323958333333334,-0.02286419905424175,-0.0344292357842661,0.011565036730024347
2025-05-20 10:33:00,15.0,15.05,15.0,15.05,2,30050.0,14.935000000000002,15.085,14.328333333333335,-0.012410702200016388,-0.030025529067416155,0.017614826867399767
2025-05-20 11:26:00,14.8,14.8,14.8,14.8,5,74000.0,14.9225,15.074166666666665,14.331666666666669,-0.024022228001404855,-0.028824868854213898,0.0048026408528090425
2025-05-20 12:16:00,14.85,14.85,14.85,14.85,1,14850.0,14.9225,15.064166666666667,14.335208333333334,-0.028857215703331107,-0.028831338224037346,-2.587747929376147e-05
2025-05-20 12:23:00,14.95,15.05,14.95,15.05,16,240200.0,14.932500000000001,15.057500000000001,14.339583333333334,-0.01636203836776673,-0.026337478252783222,0.009975439885016493
2025-05-20 12:33:00,15.05,15.05,15.0,15.0,5,75200.0,14.9425,15.054166666666667,14.34375,-0.010374511528018715,-0.023144884907830322,0.012770373379811607
2025-05-21 09:24:00,14.9,14.9,14.9,14.9,3,44700.0,14.944999999999999,15.0525,14.3475,-0.013542409171771297,-0.02122438976061852,0.007681980588847222
2025-05-21 09:26:00,14.9,14.9,14.9,14.9,1,14900.0,14.940000000000001,15.05,14.351041666666667,-0.01587005081093018,-0.020153521970680852,0.0042834711597506715
2025-05-21 09:28:00,14.85,14.85,14.85,14.85,10,148500.0,14.9325,15.047500000000001,14.354583333333332,-0.02150145037652962,-0.020423107651850608,-0.0010783427246790107
2025-05-21 13:30:00,14.85,14.85,14.85,14.85,2,29700.0,14.925,15.045,14.357916666666664,-0.025668484789729717,-0.021472183079426433,-0.0041963017103032844
2025-05-22 11:37:00,15.1,15.1,15.1,15.1,4,60400.0,14.929999999999998,15.046666666666665,14.3625,-0.008697717053182785,-0.018917289874177706,0.010219572820994921
2025-05-22 11:41:00,15.1,15.1,15.1,15.1,1,15100.0,14.9325,15.042499999999999,14.367083333333333,0.004697587778052181,-0.014194314343731728,0.01889190212178391
2025-05-22 11:44:00,15.1,15.1,15.1,15.1,10,151000.0,14.9425,15.042499999999999,14.372083333333334,0.015138950961750552,-0.008327661282635271,0.023466612244385822
2025-05-22 12:26:00,15.1,15.1,15.1,15.1,3,45300.0,14.9525,15.044166666666666,14.375833333333333,0.023146982504968605,-0.0020327325251144946,0.0251797150300831
2025-05-22 12:27:00,15.15,15.15,15.15,15.15,1,15150.0,14.967500000000001,15.046666666666665,14.381666666666666,0.03314590200458234,0.005002994380824874,0.028142907623757464
2025-05-22 12:47:00,15.1,15.1,15.1,15.1,1,15100.0,14.979999999999999,15.048333333333334,14.388333333333332,0.03661347822787597,0.011325091150235098,0.025288387077640875
2025-05-23 09:55:00,15.2,15.2,15.2,15.2,1,15200.0,14.997499999999999,15.048333333333334,14.393541666666668,0.0468902005882601,0.0184381130378401,0.02845208755042
2025-05-23 10:17:00,15.05,15.05,15.0,15.0,2,30050.0,15.0,15.041666666666666,14.397916666666667,0.03845298647644313,0.02244108772556071,0.01601189875088242
2025-05-23 10:18:00,14.9,14.9,14.9,14.9,2,29800.0,14.997499999999999,15.0325,14.401874999999999,0.023427214890530124,0.022638313158554597,0.0007889017319755269
2025-05-23 10:34:00,15.15,15.2,15.15,15.2,2,30350.0,15.01,15.0275,14.407083333333334,0.035319533848683804,0.025174557296580437,0.010144976552103366
2025-05-23 13:30:00,15.05,15.05,15.05,15.05,1,15050.0,15.0125,15.020000000000001,14.411666666666665,0.03226856398571343,0.02659335863440704,0.005675205351306389
2025-05-26 09:19:00,14.85,14.85,14.85,14.85,1,14850.0,15.002499999999998,15.009999999999998,14.415416666666667,0.013556054104631343,0.0239858977284519,-0.010429843623820555
2025-05-26 09:22:00,14.8,14.8,14.8,14.8,1,14800.0,15.002500000000001,14.999166666666667,14.419166666666666,-0.005247833170914262,0.018139151548578668,-0.02338698471949293
2025-05-26 09:59:00,14.9,14.9,14.9,14.9,1,14900.0,15.005,14.99,14.421666666666665,-0.011943211142682486,0.012122679010326437,-0.024065890153008924
2025-05-26 12:28:00,15.1,15.15,15.1,15.15,2,30250.0,15.01,14.989166666666668,14.426458333333333,0.002890247268524604,0.01027619266196607,-0.007385945393441467
2025-05-26 12:31:00,15.5,15.6,15.5,15.6,3,46650.0,15.040000000000001,14.996666666666666,14.432500000000001,0.05037640132552923,0.018296234394678708,0.03208016693085052
2025-05-26 12:33:00,15.9,15.9,15.9,15.9,1,15900.0,15.09,15.01,14.439791666666668,0.11093818696761915,0.0368246249092668,0.07411356205835234
2025-05-26 12:34:00,15.45,15.45,15.45,15.45,1,15450.0,15.117499999999998,15.015833333333335,14.445833333333333,0.1212251906818782,0.05370473806378909,0.06752045261808912
2025-05-26 12:39:00,15.4,15.4,15.4,15.4,1,15400.0,15.145000000000001,15.021666666666667,14.451666666666666,0.12391472133342774,0.06774673471771683,0.0561679866157109
2025-05-26 13:03:00,15.3,15.45,15.3,15.45,5,76900.0,15.175,15.027500000000002,14.457708333333333,0.12859837387998674,0.07991706255017082,0.048681311329815916
2025-05-26 13:05:00,15.45,15.45,15.45,15.45,7,108150.0,15.1925,15.033333333333333,14.463958333333332,0.13080239369418578,0.09009412877897383,0.040708264915211956
2025-05-26 13:16:00,15.25,15.25,15.25,15.25,1,15250.0,15.2,15.035833333333333,14.469166666666666,0.11508414832133163,0.0950921326874454,0.019992015633886223
2025-05-26 13:18:00,15.25,15.25,15.25,15.25,1,15250.0,15.2075,15.040833333333332,14.474375,0.1014577834471968,0.0963652628393957,0.005092520607801104
2025-05-27 13:11:00,15.2,15.2,15.2,15.2,2,30400.0,15.2125,15.045833333333333,14.479583333333332,0.08563703850652615,0.0942196179728218,-0.008582579466295648
2025-05-28 10:43:00,15.2,15.2,15.2,15.2,2,30400.0,15.214999999999998,15.049166666666666,14.484791666666668,0.07226594730222224,0.0898288838387019,-0.017562936536479654
2025-05-28 11:41:00,15.2,15.2,15.2,15.2,3,45600.0,15.219999999999999,15.050833333333333,14.49,0.060966477586003265,0.08405640258816217,-0.02308992500215891
2025-05-28 12:09:00,15.15,15.15,15.15,15.15,1,15150.0,15.217500000000001,15.051666666666668,14.494791666666666,0.04743023803528068,0.07673116967758588,-0.029300931642305197
2025-05-28 12:42:00,15.2,15.2,15.2,15.2,1,15200.0,15.227500000000001,15.055000000000001,14.499791666666665,0.04027301060339994,0.06943953786274869,-0.02916652725934875
2025-05-28 13:30:00,15.15,15.15,15.15,15.15,1,15150.0,15.239999999999998,15.057500000000001,14.504583333333333,0.030217940557299983,0.06159521840165895,-0.03137727784435897
2025-06-02 13:24:00,15.05,15.25,15.05,15.25,4,60500.0,15.242499999999998,15.061666666666667,14.509791666666667,0.029972880657282985,0.05527075085278377,-0.025297870195500782
2025-06-03 12:11:00,15.25,15.3,15.25,15.3,4,61050.0,15.254999999999999,15.066666666666666,14.515208333333334,0.03342791485918006,0.050902183654063037,-0.017474268794882973
2025-06-03 12:45:00,15.3,15.3,15.3,15.3,1,15300.0,15.2775,15.071666666666667,14.520624999999999,0.03575390558876812,0.04787252804100406,-0.012118622452235939
2025-06-03 13:12:00,15.2,15.2,15.2,15.2,1,15200.0,15.2975,15.074166666666665,14.525625,0.029191603105237718,0.04413634305385079,-0.014944739948613076
2025-06-03 13:15:00,15.2,15.2,15.2,15.2,1,15200.0,15.312499999999996,15.08,14.530624999999999,0.023717530183894553,0.040052580479859545,-0.016335050295964992
2025-06-03 13:19:00,15.2,15.2,15.2,15.2,1,15200.0,15.315000000000001,15.085833333333335,14.535625,0.019158441368780643,0.03587375265764377,-0.016715311288863124
2025-06-03 13:20:00,15.3,15.3,15.3,15.3,2,30600.0,15.299999999999997,15.094166666666666,14.541041666666667,0.023345383848463186,0.03336807889580765,-0.010022695047344467
2025-06-03 13:30:00,15.2,15.2,15.2,15.2,1,15200.0,15.265,15.1,14.546041666666666,0.018382499650511974,0.030370963046748516,-0.011988463396236541
2025-06-04 10:47:00,15.15,15.15,15.15,15.15,1,15150.0,15.25,15.1025,14.550833333333333,0.01029610890111421,0.02635599221762166,-0.01605988331650745
2025-06-04 10:55:00,15.1,15.1,15.05,15.05,2,30150.0,15.232499999999998,15.103333333333332,14.555208333333333,-0.004133924978342307,0.020258008778428864,-0.02439193375677117
2025-06-04 11:49:00,15.25,15.3,15.25,15.3,2,30550.0,15.225,15.108333333333333,14.560624999999998,0.004550623121554409,0.017116531647053974,-0.012565908525499565
2025-06-05 13:20:00,15.1,15.1,15.0,15.0,10,150200.0,15.2025,15.108333333333333,14.564791666666666,-0.012628726636323861,0.011167479990378407,-0.023796206626702267
2025-06-05 13:24:00,15.2,15.2,15.2,15.2,1,15200.0,15.2,15.110833333333334,14.569791666666667,-0.009989998080401463,0.006935984376222433,-0.016925982456623898
2025-06-06 11:15:00,15.1,15.1,15.1,15.1,1,15100.0,15.192499999999999,15.114166666666668,14.574375,-0.015785980002908317,0.002391591500396282,-0.0181775715033046
2025-06-06 11:21:00,15.0,15.0,15.0,15.0,1,15000.0,15.1825,15.115833333333335,14.578541666666666,-0.028124302249853628,-0.003711587249653702,-0.024412715000199925
2025-06-06 12:08:00,15.0,15.0,15.0,15.0,3,45000.0,15.1725,15.118333333333334,14.582708333333333,-0.037470574070113116,-0.010463384613745588,-0.027007189456367528
2025-06-06 13:25:00,15.15,15.2,15.15,15.2,2,30350.0,15.172500000000003,15.124166666666667,14.587708333333332,-0.02841172066353259,-0.014053051823702992,-0.0143586688398296
2025-06-06 13:30:00,15.1,15.1,15.1,15.1,10,151000.0,15.169999999999998,15.128333333333332,14.592291666666666,-0.02896775607816693,-0.017035992674595782,-0.011931763403571147
2025-06-09 10:03:00,15.2,15.2,15.2,15.2,1,15200.0,15.169999999999998,15.1325,14.597291666666667,-0.0210960715046955,-0.017848008440615726,-0.003248063064079775
2025-06-09 12:05:00,15.1,15.1,15.1,15.1,1,15100.0,15.1675,15.135,14.601875,-0.022665594172151415,-0.018811525586922867,-0.0038540685852285483
2025-06-09 12:50:00,15.05,15.05,15.05,15.05,5,75250.0,15.157500000000002,15.136666666666665,14.60625,-0.027625583792838526,-0.020574337228106,-0.007051246564732525
2025-06-09 13:30:00,15.05,15.05,15.05,15.05,1,15050.0,15.145000000000001,15.1375,14.610624999999999,-0.03119679407921261,-0.022698828598327326,-0.008497965480885283
2025-06-10 09:45:00,15.0,15.0,15.0,15.0,2,30000.0,15.13,15.136666666666667,14.614791666666665,-0.03762783582404694,-0.02568463004347125,-0.01194320578057569
2025-06-10 10:45:00,15.1,15.1,15.1,15.1,8,120800.0,15.125,15.141666666666667,14.619375,-0.03426038607057791,-0.027399781248892585,-0.006860604821685323
2025-06-10 10:49:00,15.2,15.2,15.2,15.2,1,15200.0,15.125,15.1475,14.624374999999999,-0.02325443100936475,-0.026570711200987022,0.0033162801916222714
2025-06-10 10:50:00,15.2,15.2,15.2,15.2,4,60800.0,15.125,15.15,14.628333333333332,-0.014366523984090662,-0.02412987375760775,0.009763349773517088
2025-06-10 12:27:00,15.15,15.15,15.15,15.15,1,15150.0,15.117500000000001,15.1525,14.633125,-0.01122794698156504,-0.02154948840239921,0.01032154142083417
2025-06-10 13:05:00,15.05,15.05,15.05,15.05,1,15050.0,15.11,15.155,14.6375,-0.01661820207096376,-0.020563231136112123,0.003945029065148362
2025-06-10 13:16:00,15.05,15.05,15.05,15.05,1,15050.0,15.105,15.1575,14.6425,-0.02065195518008167,-0.020580975944906033,-7.097923517563817e-05
2025-06-10 13:30:00,15.05,15.05,15.05,15.05,1,15050.0,15.104999999999999,15.160833333333333,14.647291666666666,-0.02357695314101349,-0.021180171384127526,-0.0023967817568859642
2025-06-11 09:16:00,15.0,15.0,15.0,15.0,2,30000.0,15.089999999999998,15.163333333333332,14.651874999999999,-0.029588538972046052,-0.022861844901711233,-0.00672669407033482
2025-06-11 10:06:00,15.0,15.0,15.0,15.0,5,75000.0,15.089999999999998,15.161666666666667,14.656041666666665,-0.0339612795636306,-0.02508173183409511,-0.008879547729535489
2025-06-11 10:07:00,14.95,14.95,14.9,14.9,4,59650.0,15.075,15.158333333333333,14.659791666666667,-0.04497740077283474,-0.02906086562184304,-0.0159165351509917
2025-06-11 10:08:00,14.9,14.9,14.9,14.9,4,59600.0,15.065000000000001,15.155,14.663541666666667,-0.05309570199631075,-0.03386783289673659,-0.019227869099574163
2025-06-11 13:30:00,15.05,15.05,15.05,15.05,2,30100.0,15.0675,15.154166666666667,14.668125,-0.04688530321702267,-0.036471326960793804,-0.010413976256228863
2025-06-12 13:00:00,15.05,15.1,15.05,15.1,3,45250.0,15.072500000000002,15.153333333333334,14.672708333333333,-0.03749669672935241,-0.036676400914505525,-0.0008202958148468831
2025-06-12 13:03:00,15.1,15.1,15.1,15.1,1,15100.0,15.067499999999999,15.153333333333332,14.678333333333335,-0.029713638122439434,-0.03528384835609231,0.005570210233652874
2025-06-12 13:30:00,14.95,14.95,14.95,14.95,1,14950.0,15.059999999999999,15.149166666666668,14.683333333333334,-0.03524299518970153,-0.035275677722814154,3.268253311262265e-05
2025-06-13 09:14:00,14.95,14.95,14.95,14.95,2,29900.0,15.047500000000003,15.148333333333335,14.688124999999998,-0.039173482975281004,-0.036055238773307526,-0.003118244201973479
2025-06-13 11:22:00,15.0,15.0,15.0,15.0,1,15000.0,15.0425,15.15,14.693125,-0.037817899525519394,-0.0364077709237499,-0.001410128601769492
2025-06-13 11:24:00,15.0,15.0,14.85,14.85,6,89550.0,15.032499999999999,15.144166666666667,14.6975,-0.04829067147199595,-0.03878435103339911,-0.009506320438596838
2025-06-13 12:24:00,14.9,14.9,14.85,14.85,5,74300.0,15.022499999999999,15.140833333333331,14.701875000000001,-0.055945513635508703,-0.04221658355382103,-0.01372893008168767
2025-06-13 13:30:00,15.0,15.0,15.0,15.0,3,45000.0,15.022499999999999,15.143333333333334,14.705833333333334,-0.04933952942019282,-0.0436411727270954,-0.005698356693097421
2025-06-16 09:24:00,15.05,15.05,15.05,15.05,1,15050.0,15.020000000000001,15.1475,14.709999999999999,-0.03961302293332025,-0.042835542768340375,0.0032225198350201226
2025-06-16 09:54:00,15.1,15.1,15.1,15.1,1,15100.0,15.015,15.150833333333333,14.713750000000001,-0.027552506193650572,-0.039778935453402414,0.012226429259751842
2025-06-16 10:52:00,15.0,15.0,15.0,15.0,10,150000.0,15.004999999999999,15.148333333333333,14.717291666666666,-0.025766602694554663,-0.036976468901632864,0.0112098662070782
2025-06-16 10:54:00,15.0,15.0,15.0,15.0,2,30000.0,14.997499999999999,15.138333333333332,14.721666666666668,-0.024073754053443253,-0.03439592593199494,0.010322171878551688
2025-06-16 11:27:00,15.0,15.0,15.0,15.0,3,45000.0,14.995,15.123333333333333,14.726041666666667,-0.022473103362505853,-0.03201136141809712,0.009538258055591269
2025-06-16 11:33:00,15.0,15.0,15.0,15.0,3,45000.0,14.992499999999998,15.115833333333333,14.730416666666667,-0.020962928566328642,-0.029801674847743424,0.008838746281414782
2025-06-16 13:12:00,15.1,15.1,15.1,15.1,1,15100.0,14.995000000000001,15.110833333333334,14.735000000000001,-0.011563641434666039,-0.026154068165127952,0.014590426730461913
2025-06-16 13:15:00,15.1,15.1,15.1,15.1,1,15100.0,15.0,15.104999999999999,14.739374999999999,-0.004067748195502929,-0.021736804171202946,0.017669055975700017
2025-06-16 13:30:00,15.15,15.15,15.15,15.15,8,121200.0,15.007500000000002,15.1,14.745000000000001,0.005840062726298001,-0.016221430791702757,0.02206149351800076
2025-06-17 09:01:00,14.5,14.5,14.5,14.5,2,29000.0,14.9875,15.0875,14.747291666666666,-0.038315812622450096,-0.020640307157852228,-0.017675505464597868
2025-06-17 09:28:00,14.5,14.5,14.5,14.5,3,43500.0,14.967500000000001,15.075,14.749583333333334,-0.07247422421907501,-0.03100709057009679,-0.04146713364897822
2025-06-17 09:53:00,14.55,14.55,14.55,14.55,1,14550.0,14.9425,15.064166666666667,14.752083333333333,-0.09442199143330932,-0.043690070742739305,-0.05073192069057001
2025-06-17 12:20:00,14.55,14.55,14.55,14.55,1,14550.0,14.914999999999997,15.053333333333335,14.754999999999999,-0.11054150145661801,-0.05706035688551505,-0.05348114457110296
2025-06-17 13:30:00,14.55,14.55,14.55,14.55,1,14550.0,14.8875,15.042499999999999,14.758125000000001,-0.12191101499104029,-0.07003048850662011,-0.05188052648442018
2025-06-18 09:03:00,14.35,14.35,14.35,14.35,1,14350.0,14.857500000000002,15.029166666666667,14.760416666666666,-0.14538387015344156,-0.08510116483598441,-0.06028270531745715
2025-06-18 11:02:00,14.45,14.45,14.45,14.45,1,14450.0,14.8325,15.016666666666667,14.762916666666666,-0.15414027952394527,-0.0989089877735766,-0.05523129175036867
2025-06-18 11:08:00,14.45,14.45,14.45,14.45,1,14450.0,14.804999999999998,15.004999999999999,14.764791666666667,-0.1592441298338958,-0.11097601618564046,-0.04826811364825534
2025-06-18 11:34:00,14.65,14.65,14.65,14.65,1,14650.0,14.795000000000002,14.995000000000001,14.767916666666666,-0.14547370908147705,-0.1178755547648078,-0.02759815431666926
2025-06-19 10:01:00,14.45,14.45,14.35,14.35,4,57550.0,14.77,14.979166666666666,14.769791666666666,-0.15695872177879622,-0.1256921881676055,-0.03126653361119072
2025-06-19 11:33:00,14.4,14.4,14.35,14.35,2,28750.0,14.7375,14.963333333333333,14.770416666666668,-0.16416824771796357,-0.1333874000776771,-0.030780847640286463
2025-06-20 09:21:00,14.3,14.3,14.3,14.3,1,14300.0,14.7,14.948333333333334,14.771041666666665,-0.17193447746838686,-0.14109681555581907,-0.030837661912567788
2025-06-20 12:27:00,14.4,14.4,14.4,14.4,1,14400.0,14.665000000000001,14.935,14.772916666666667,-0.16808255516494697,-0.14649396347764465,-0.021588591687302316
2025-06-20 12:34:00,14.45,14.45,14.45,14.45,1,14450.0,14.6375,14.922499999999998,14.773958333333333,-0.15916059261763849,-0.14902728930564343,-0.010133303311995051
2025-06-20 13:21:00,14.4,14.4,14.4,14.4,1,14400.0,14.607500000000002,14.9075,14.775208333333332,-0.1543452590820813,-0.150090883260931,-0.004254375821150291
2025-06-20 13:22:00,14.45,14.45,14.45,14.45,2,28900.0,14.580000000000002,14.895,14.7775,-0.1448250375475908,-0.14903771411826297,0.004212676570672175
2025-06-20 13:23:00,14.5,14.5,14.5,14.5,1,14500.0,14.555000000000001,14.884166666666665,14.780000000000001,-0.13172714275506614,-0.1455755998456236,0.013848457090557459
2025-06-20 13:30:00,14.55,14.55,14.55,14.55,1,14550.0,14.5275,14.875833333333334,14.782708333333334,-0.11597549136200413,-0.1396555781488997,0.023680086786895566
2025-06-23 09:06:00,14.4,14.4,14.4,14.4,1,14400.0,14.492500000000001,14.860833333333334,14.785,-0.11427860789038213,-0.1345801840971962,0.020301576206814054
2025-06-23 09:07:00,14.35,14.35,14.35,14.35,1,14350.0,14.4525,14.85,14.786875,-0.11563542445375141,-0.13079123216850724,0.015155807714755831
2025-06-23 09:08:00,14.25,14.25,14.1,14.1,4,56700.0,14.4325,14.831666666666667,14.787708333333335,-0.13532369470193117,-0.13169772467519203,-0.003625970026739145
2025-06-23 09:47:00,14.1,14.1,14.05,14.05,3,42200.0,14.41,14.814166666666667,14.7875,-0.15319543128153867,-0.13599726599646136,-0.01719816528507731
2025-06-23 09:48:00,14.1,14.1,14.1,14.1,1,14100.0,14.3875,14.799166666666668,14.788333333333332,-0.16146308323101088,-0.14109042944337127,-0.02037265378763961
2025-06-23 10:32:00,14.2,14.2,14.2,14.2,2,28400.0,14.370000000000001,14.785833333333333,14.789583333333333,-0.15812334520588855,-0.14449701259587475,-0.013626332610013808
2025-06-23 11:51:00,14.15,14.15,14.15,14.15,1,14150.0,14.35,14.768333333333333,14.790000000000001,-0.15769336988471316,-0.14713628405364243,-0.010557085831070734
2025-06-23 11:53:00,14.15,14.15,14.15,14.15,1,14150.0,14.34,14.752500000000001,14.790416666666665,-0.15555941919279803,-0.14882091108147355,-0.006738508111324482
2025-06-23 12:04:00,14.35,14.45,14.35,14.45,4,57600.0,14.34,14.74,14.791666666666666,-0.12818313965704853,-0.14469335679658854,0.016510217139540012
2025-06-23 12:05:00,14.45,14.45,14.45,14.45,1,14450.0,14.34,14.729166666666666,14.793125,-0.10527371107881756,-0.13680942765303436,0.031535716574216804
2025-06-23 13:30:00,14.25,14.25,14.25,14.25,1,14250.0,14.319999999999999,14.715833333333334,14.79375,-0.10207944411776815,-0.12986343094598113,0.02778398682821298
2025-06-24 10:49:00,14.45,14.5,14.45,14.5,3,43400.0,14.3275,14.706666666666667,14.795416666666666,-0.07847049485634372,-0.11958484372805364,0.04111434887170992
2025-06-25 09:33:00,14.3,14.3,14.3,14.3,1,14300.0,14.325,14.694999999999999,14.796249999999999,-0.07503362013749104,-0.11067459900994114,0.0356409788724501
2025-06-25 09:36:00,14.3,14.3,14.3,14.3,1,14300.0,14.325,14.681666666666668,14.796875,-0.07148582803425896,-0.10283684481480472,0.03135101678054576
2025-06-25 10:04:00,14.3,14.3,14.3,14.3,1,14300.0,14.319999999999999,14.666666666666666,14.797500000000001,-0.06789156552563824,-0.09584778895697144,0.027956223431333194
2025-06-25 11:02:00,14.45,14.5,14.45,14.5,3,43450.0,14.3225,14.655,14.799166666666668,-0.048347438881842564,-0.08634771894194566,0.0380002800601031
2025-06-25 13:23:00,14.55,14.65,14.55,14.65,2,29200.0,14.334999999999999,14.646666666666667,14.801250000000001,-0.02051830901696583,-0.0731818369569497,0.05266352793998387
2025-06-25 13:30:00,14.65,14.65,14.65,14.65,1,14650.0,14.344999999999999,14.639999999999999,14.803541666666668,0.0015189671907496205,-0.05824167612740983,0.05976064331815945
2025-06-27 09:20:00,14.45,14.45,14.45,14.45,1,14450.0,14.342499999999998,14.629999999999999,14.805,0.002812913311432297,-0.04603075823964141,0.048843671551073706
2025-06-27 09:49:00,14.45,14.45,14.45,14.45,1,14450.0,14.3375,14.620000000000001,14.806458333333332,0.003794632769954731,-0.03606568003772218,0.03986031280767691
2025-06-27 10:48:00,14.45,14.45,14.45,14.45,1,14450.0,14.34,14.610833333333334,14.807916666666667,0.004520542513585468,-0.027948435527460652,0.03246897804104612
2025-06-27 10:49:00,14.45,14.45,14.45,14.45,1,14450.0,14.344999999999999,14.601666666666667,14.809166666666666,0.0050377590647094905,-0.021351196609026624,0.026388955673736114
2025-06-27 11:43:00,14.5,14.5,14.5,14.5,1,14500.0,14.365,14.595,14.810624999999998,0.009374179336219868,-0.015206121419977325,0.024580300756197195
2025-06-27 11:59:00,14.4,14.4,14.4,14.4,1,14400.0,14.382499999999999,14.586666666666668,14.811666666666667,0.004687623374168837,-0.011227372461148093,0.015914995835316928
2025-06-27 13:10:00,14.5,14.5,14.5,14.5,2,29000.0,14.402499999999998,14.577499999999999,14.813333333333333,0.008939608037813684,-0.007193976361355737,0.016133584399169423
2025-06-27 13:30:00,14.75,14.75,14.75,14.75,3,44250.0,14.429999999999998,14.571666666666665,14.81625,0.03211207912143621,0.0006672347352026542,0.03144484438623356
2025-07-01 12:54:00,14.6,14.6,14.5,14.5,10,145150.0,14.4475,14.561666666666667,14.818125,0.02995817949610924,0.0065254236873839725,0.023432755808725267
2025-07-01 13:30:00,14.5,14.5,14.5,14.5,1,14500.0,14.464999999999998,14.554166666666667,14.820208333333333,0.02792924754468551,0.010806188458844282,0.017123059085841226
2025-07-02 09:34:00,14.5,14.5,14.5,14.5,1,14500.0,14.467499999999998,14.546666666666665,14.822291666666667,0.026021346471122087,0.013849220061299843,0.012172126409822244
2025-07-02 13:25:00,14.5,14.5,14.5,14.5,1,14500.0,14.469999999999999,14.538333333333332,14.824375,0.024230012621794472,0.01592537857339877,0.008304634048395702
2025-07-03 12:15:00,14.6,14.6,14.6,14.6,2,29200.0,14.4875,14.534166666666668,14.826875,0.030527628407970298,0.018845828540313077,0.01168179986765722
2025-07-03 12:17:00,14.55,14.55,14.55,14.55,2,29100.0,14.49,14.529166666666667,14.829166666666667,0.031125160680241848,0.021301694968298833,0.009823465711943015
2025-07-03 12:45:00,14.55,14.55,14.55,14.55,3,43650.0,14.502500000000001,14.521666666666668,14.831458333333332,0.031238610059594052,0.02328907798655788,0.007949532073036173
2025-07-03 13:14:00,14.6,14.6,14.6,14.6,1,14600.0,14.517499999999998,14.514166666666664,14.833541666666667,0.03496010333333821,0.025623283055913947,0.009336820277424263
2025-07-04 09:41:00,14.5,14.5,14.5,14.5,1,14500.0,14.5275,14.504166666666666,14.835208333333334,0.029500189478483207,0.0263986643404278,0.003101525138055408
2025-07-04 09:43:00,14.5,14.5,14.5,14.5,1,14500.0,14.5275,14.495833333333334,14.836458333333333,0.024886294697859412,0.026096190411914126,-0.0012098957140547137
2025-07-04 10:20:00,14.45,14.45,14.45,14.45,1,14450.0,14.517499999999998,14.486666666666668,14.8375,0.01699921138315119,0.02427679460616154,-0.007277583223010347
2025-07-04 10:22:00,14.45,14.45,14.45,14.45,1,14450.0,14.507500000000002,14.477500000000001,14.838541666666666,0.01062614939717399,0.02154666556436403,-0.010920516167190041
2025-07-04 13:30:00,14.45,14.45,14.45,14.45,20,289000.0,14.507500000000002,14.468333333333334,14.839166666666667,0.005511913944946656,0.018339715240480555,-0.0128278012955339
2025-07-07 11:03:00,14.35,14.35,14.35,14.35,1,14350.0,14.502499999999998,14.455833333333334,14.839374999999999,-0.006534987494207556,0.013364774693542933,-0.01989976218775049
2025-07-07 11:31:00,14.35,14.35,14.35,14.35,1,14350.0,14.497499999999999,14.443333333333333,14.839583333333334,-0.015898970245746824,0.0075120257056849795,-0.023410995951431805
2025-07-08 10:58:00,14.5,14.5,14.5,14.5,1,14500.0,14.5,14.432500000000001,14.840416666666666,-0.011088427156545677,0.0037919351332388477,-0.014880362289784524
2025-07-09 11:44:00,14.35,14.35,14.35,14.35,1,14350.0,14.492500000000001,14.430000000000001,14.840625,-0.019158931264360746,-0.0007982381462810724,-0.018360693118079672
2025-07-09 12:45:00,14.3,14.3,14.2,14.2,10,142450.0,14.482500000000002,14.425,14.840208333333333,-0.03722945236006403,-0.008084480989037666,-0.029144971371026365
2025-07-10 09:01:00,14.2,14.2,14.2,14.2,6,85200.0,14.467500000000001,14.419166666666666,14.839791666666665,-0.050963000769971956,-0.01666018494522453,-0.034302815824747424
2025-07-10 09:20:00,14.15,14.15,14.15,14.15,1,14150.0,14.4375,14.4125,14.839166666666667,-0.06513073242138212,-0.026354294440456054,-0.038776437980926066
2025-07-10 09:45:00,14.2,14.2,14.2,14.2,3,42600.0,14.422500000000003,14.406666666666668,14.838958333333332,-0.07149997251953799,-0.035383430056272445,-0.036116542463265545
2025-07-10 09:58:00,14.2,14.2,14.2,14.2,1,14200.0,14.407500000000002,14.404166666666667,14.839375,-0.07567530339393791,-0.043441804723805544,-0.032233498670132366
2025-07-10 10:45:00,14.25,14.25,14.25,14.25,1,14250.0,14.395000000000001,14.400833333333333,14.84,-0.07409557341355288,-0.04957255846175502,-0.024523014951797865
2025-07-10 11:31:00,14.2,14.2,14.2,14.2,1,14200.0,14.38,14.396666666666668,14.840416666666666,-0.07600210321907852,-0.05485846741321972,-0.021143635805858797
2025-07-10 12:04:00,14.25,14.25,14.25,14.25,5,71250.0,14.3625,14.389999999999999,14.841458333333332,-0.0726410983291732,-0.058414993596410426,-0.014226104732762777
2025-07-10 12:14:00,14.3,14.3,14.3,14.3,5,71500.0,14.35,14.389166666666666,14.842708333333333,-0.06519140961680492,-0.05977027680048933,-0.005421132816315587
2025-07-10 13:17:00,14.25,14.25,14.25,14.25,1,14250.0,14.334999999999999,14.3875,14.843333333333334,-0.0626004408579206,-0.06033630961197559,-0.00226413124594501
2025-07-10 13:25:00,14.25,14.25,14.25,14.25,3,42750.0,14.3175,14.386666666666665,14.84375,-0.05985708424218217,-0.06024046453801691,0.00038338029583474126
2025-07-11 11:10:00,14.2,14.2,14.2,14.2,1,14200.0,14.3025,14.383333333333333,14.84375,-0.06101420274275959,-0.06039521217896545,-0.0006189905637941431
2025-07-11 11:44:00,14.4,14.45,14.4,14.45,4,57700.0,14.3,14.383333333333333,14.844791666666667,-0.041282438573780667,-0.0565726574579285,0.015290218884147833
2025-07-11 11:45:00,14.45,14.45,14.45,14.45,2,28900.0,14.3,14.384166666666665,14.845416666666667,-0.025352624041687477,-0.0503286507746803,0.024976026732992825
2025-07-11 12:52:00,14.45,14.45,14.45,14.45,1,14450.0,14.3,14.384166666666665,14.846041666666666,-0.01258308132803343,-0.04277953688535093,0.0301964555573175
2025-07-11 12:53:00,14.45,14.45,14.45,14.45,1,14450.0,14.3,14.383333333333333,14.846666666666668,-0.002435056907616584,-0.034710640889804065,0.03227558398218748
2025-07-11 13:03:00,14.45,14.45,14.45,14.45,1,14450.0,14.305000000000001,14.381666666666666,14.847291666666667,0.005543424412172371,-0.026659827829408775,0.032203252241581146
2025-07-11 13:23:00,14.5,14.5,14.5,14.5,1,14500.0,14.3125,14.383333333333333,14.847708333333333,0.01571980237596904,-0.01818390178833321,0.033903704164302245
2025-07-11 13:30:00,14.45,14.45,14.45,14.45,1,14450.0,14.309999999999999,14.384999999999998,14.8475,0.019525001038475764,-0.010642121222971415,0.03016712226144718
2025-07-16 10:36:00,14.45,14.45,14.45,14.45,1,14450.0,14.314999999999998,14.390833333333335,14.848541666666668,0.02228377490752287,-0.004056941996872556,0.026340716904395427
2025-07-17 09:50:00,14.35,14.35,14.35,14.35,1,14350.0,14.3225,14.395833333333334,14.849166666666665,0.016214053296007336,-2.742938296576877e-06,0.01621679623430391
2025-07-17 09:51:00,14.35,14.35,14.35,14.35,5,71750.0,14.329999999999998,14.399999999999999,14.849791666666667,0.011273797864809865,0.0022525652223247122,0.009021232642485152
2025-07-17 11:41:00,14.4,14.4,14.4,14.4,1,14400.0,14.342500000000001,14.403333333333334,14.850416666666666,0.011263355029942801,0.00405472318384833,0.007208631846094471
2025-07-17 12:49:00,14.4,14.4,14.4,14.4,1,14400.0,14.352499999999997,14.4075,14.849583333333333,0.011126815999432438,0.005469141746965152,0.0056576742524672855
2025-07-17 13:30:00,14.45,14.45,14.45,14.45,2,28900.0,14.364999999999998,14.412499999999998,14.848125,0.01488164364220168,0.0073516421260124585,0.007530001516189222
2025-07-18 11:05:00,14.4,14.4,14.4,14.4,1,14400.0,14.372499999999999,14.411666666666667,14.846458333333334,0.01366526480229524,0.008614366661269015,0.005050898141026225
2025-07-18 11:32:00,14.4,14.4,14.4,14.4,5,72000.0,14.382499999999999,14.410833333333333,14.844166666666666,0.01255653192428241,0.009402799713871694,0.003153732210410716
2025-07-18 11:33:00,14.45,14.45,14.45,14.45,5,72250.0,14.392499999999998,14.414166666666665,14.842083333333333,0.015533376171713797,0.010628915005440116,0.004904461166273681
2025-07-18 12:30:00,14.45,14.45,14.45,14.45,1,14450.0,14.4,14.413333333333332,14.837291666666667,0.017688643018884065,0.012040860608128907,0.005647782410755158
2025-07-18 13:11:00,14.45,14.45,14.45,14.45,2,28900.0,14.41,14.415833333333333,14.833124999999999,0.019175662423148054,0.013467820971132737,0.0057078414520153175
2025-07-18 13:17:00,14.4,14.4,14.4,14.4,1,14400.0,14.417499999999999,14.417499999999999,14.828750000000001,0.016133576059843335,0.014000971988874858,0.0021326040709684774
2025-07-18 13:30:00,14.45,14.45,14.45,14.45,19,274550.0,14.429999999999998,14.419999999999998,14.824583333333331,0.017554920634918147,0.014711761718083518,0.002843158916834629
2025-07-21 09:01:00,14.45,14.45,14.45,14.45,3,43350.0,14.430000000000001,14.419166666666666,14.820416666666667,0.018468453613854408,0.015463100097237698,0.00300535351661671
2025-07-21 09:10:00,14.45,14.45,14.45,14.45,1,14450.0,14.430000000000001,14.415833333333333,14.817291666666668,0.018973717872407647,0.01616522365227169,0.0028084942201359563
2025-07-22 09:44:00,14.35,14.35,14.35,14.35,1,14350.0,14.424999999999997,14.410833333333333,14.814583333333333,0.011176147500933098,0.015167408422003972,-0.003991260921070874
2025-07-22 10:06:00,14.45,14.45,14.45,14.45,5,72250.0,14.425,14.410833333333333,14.812083333333334,0.012916784417859262,0.014717283621175031,-0.0018004992033157693
2025-07-22 12:23:00,14.35,14.35,14.35,14.35,2,28700.0,14.419999999999998,14.409166666666666,14.809375,0.006156123490459464,0.013005051595031918,-0.006848928104572454
2025-07-22 13:13:00,14.35,14.35,14.35,14.35,1,14350.0,14.4125,14.4075,14.806666666666667,0.0007891541200990559,0.010561872100045347,-0.009772717979946291
2025-07-23 12:26:00,14.35,14.35,14.35,14.35,4,57400.0,14.407499999999999,14.405833333333332,14.803958333333332,-0.0034247296215816903,0.0077645517557199395,-0.01118928137730163
2025-07-23 13:11:00,14.35,14.4,14.35,14.4,3,43100.0,14.405000000000001,14.404166666666667,14.8,-0.0026985732411688446,0.005671926756342182,-0.008370499997511027
2025-07-24 10:49:00,14.35,14.35,14.35,14.35,2,28700.0,14.404999999999998,14.403333333333332,14.796875,-0.006087498319294227,0.0033200417412149004,-0.009407540060509128
2025-07-24 13:30:00,14.35,14.35,14.35,14.35,1,14350.0,14.405000000000001,14.400833333333333,14.794166666666667,-0.008673265849798995,0.0009213802230121209,-0.009594646072811115
2025-07-25 09:49:00,14.35,14.35,14.35,14.35,1,14350.0,14.4025,14.394166666666667,14.791458333333335,-0.010600311455185363,-0.0013829581126273765,-0.009217353342557986
2025-07-25 10:43:00,14.4,14.4,14.4,14.4,2,28800.0,14.4025,14.3925,14.788958333333335,-0.008000699761907981,-0.0027065064424834978,-0.005294193319424483
2025-07-25 11:52:00,14.35,14.35,14.35,14.35,3,43050.0,14.397500000000003,14.389999999999999,14.785416666666666,-0.009861394876727658,-0.004137484129332331,-0.0057239107473953275
2025-07-25 12:24:00,14.35,14.35,14.35,14.35,2,28700.0,14.395,14.3875,14.781041666666665,-0.011206823871223293,-0.005551352077710524,-0.005655471793512769
2025-07-28 11:38:00,14.3,14.3,14.3,14.3,2,28600.0,14.39,14.384166666666665,14.776250000000001,-0.016121825802850154,-0.0076654468227384505,-0.008456378980111704
2025-07-28 12:06:00,14.35,14.35,14.35,14.35,2,28700.0,14.385000000000002,14.379999999999999,14.771458333333333,-0.01580028229284025,-0.009292413916758812,-0.0065078683760814385
2025-07-29 09:04:00,14.3,14.3,14.3,14.3,1,14300.0,14.377499999999998,14.375833333333333,14.766458333333333,-0.019356904530946295,-0.01130531203959631,-0.008051592491349985
2025-07-29 09:15:00,14.3,14.3,14.3,14.3,3,42900.0,14.37,14.371666666666666,14.761666666666667,-0.021922840420847578,-0.013428817715846565,-0.008494022705001013
2025-07-29 09:20:00,14.3,14.3,14.3,14.3,1,14300.0,14.365,14.366666666666667,14.756875,-0.023683356113268772,-0.015479725395331009,-0.008203630717937763
2025-07-29 10:00:00,14.3,14.3,14.3,14.3,1,14300.0,14.357500000000002,14.363333333333335,14.752083333333333,-0.024792781728548263,-0.01734233666197446,-0.007450445066573802
2025-07-29 13:21:00,14.3,14.3,14.25,14.25,3,42800.0,14.3475,14.359166666666669,14.748124999999998,-0.029368054997172877,-0.019747480329014147,-0.00962057466815873
2025-07-30 09:01:00,14.25,14.25,14.25,14.25,1,14250.0,14.3375,14.355833333333333,14.744375,-0.03261799211649574,-0.02232158268651047,-0.010296409429985273
2025-07-30 09:39:00,14.25,14.25,14.25,14.25,1,14250.0,14.332500000000001,14.3525,14.740833333333333,-0.03479252413743161,-0.0248157709766947,-0.009976753160736911
2025-07-30 10:14:00,14.25,14.25,14.25,14.25,1,14250.0,14.3225,14.349166666666667,14.737291666666666,-0.03609972131466144,-0.02707256104428805,-0.009027160270373386
2025-07-30 10:16:00,14.25,14.25,14.25,14.25,1,14250.0,14.3175,14.3475,14.733958333333334,-0.036712485811753126,-0.02900054599778107,-0.007711939813972057
2025-07-30 10:44:00,14.3,14.3,14.3,14.3,1,14300.0,14.315000000000001,14.346666666666666,14.730625,-0.03278559206090925,-0.02975755521040671,-0.0030280368505025412
2025-07-30 11:19:00,14.3,14.3,14.3,14.3,1,14300.0,14.3125,14.343333333333332,14.727291666666666,-0.02933534092208845,-0.029673112352743062,0.00033777143065461326
2025-07-30 11:31:00,14.3,14.3,14.3,14.3,1,14300.0,14.3075,14.3425,14.723958333333334,-0.02629784682845937,-0.028998059247886326,0.0027002124194269554
2025-07-31 09:27:00,14.25,14.25,14.1,14.1,12,169750.0,14.295000000000002,14.340833333333334,14.720416666666667,-0.03957276915591734,-0.03111300122949253,-0.008459767926424812
2025-07-31 13:30:00,14.3,14.3,14.3,14.3,3,42900.0,14.2925,14.3425,14.717916666666667,-0.03356796164431408,-0.03160399331245685,-0.0019639683318572326
2025-08-14 09:02:00,14.0,14.0,14.0,14.0,4,56000.0,14.275,14.34,14.713750000000001,-0.0524124234327239,-0.03576567933651026,-0.01664674409621364
2025-08-14 09:11:00,14.0,14.0,14.0,14.0,1,14000.0,14.255,14.336666666666666,14.709166666666668,-0.06657931032184905,-0.041928405533578024,-0.024650904788271026
2025-08-14 09:13:00,14.0,14.0,14.0,14.0,2,28000.0,14.2375,14.333333333333334,14.704583333333334,-0.07691998454755122,-0.04892672133637267,-0.02799326321117855
2025-08-14 09:32:00,14.0,14.0,14.0,14.0,1,14000.0,14.220000000000002,14.329166666666667,14.700416666666666,-0.08414507136771654,-0.05597039134264145,-0.02817468002507509
2025-08-14 09:38:00,14.0,14.0,14.0,14.0,2,28000.0,14.205000000000002,14.325833333333332,14.69625,-0.08884683373259783,-0.06254567982063274,-0.026301153911965094
2025-08-14 09:58:00,14.0,14.0,14.0,14.0,1,14000.0,14.1875,14.321666666666665,14.692083333333333,-0.09151805115542544,-0.06834015408759128,-0.023177897067834158
2025-08-14 10:05:00,14.0,14.0,14.0,14.0,1,14000.0,14.172500000000003,14.316666666666666,14.687916666666666,-0.09256794456470274,-0.07318571218301358,-0.019382232381689166
2025-08-14 10:20:00,14.0,14.0,14.0,14.0,1,14000.0,14.157500000000002,14.3125,14.68375,-0.09233560527493623,-0.07701569080139811,-0.015319914473538115
2025-08-14 10:25:00,14.0,14.0,14.0,14.0,2,28000.0,14.142500000000002,14.308333333333334,14.679375,-0.09110131545788214,-0.07983281573269492,-0.011268499725187217
2025-08-14 10:40:00,14.0,14.0,14.0,14.0,1,14000.0,14.127500000000001,14.305,14.675833333333335,-0.0890960876472846,-0.08168547011561286,-0.007410617531671743
2025-08-14 10:42:00,13.95,13.95,13.95,13.95,1,13950.0,14.1125,14.296666666666669,14.672083333333331,-0.0904983041757621,-0.08344803692764272,-0.007050267248119385
2025-08-14 11:02:00,14.05,14.05,14.05,14.05,1,14050.0,14.102500000000001,14.29,14.668958333333334,-0.08258837918610062,-0.0832761053793343,0.0006877261932336787
2025-08-14 11:04:00,14.0,14.0,14.0,14.0,1,14000.0,14.09,14.2825,14.665416666666667,-0.07943857038580937,-0.08250859838062932,0.0030700279948199516
2025-08-14 12:49:00,14.0,14.0,14.0,14.0,1,14000.0,14.0775,14.275,14.66125,-0.07606548861480533,-0.08121997642746454,0.005154487812659203
2025-08-14 12:53:00,14.0,14.0,13.9,13.9,8,111500.0,14.059999999999999,14.265833333333331,14.656666666666668,-0.08053312553364833,-0.0810826062487013,0.0005494807150529663
2025-08-14 13:06:00,14.05,14.05,14.05,14.05,1,14050.0,14.0475,14.258333333333333,14.652708333333333,-0.0711498424867738,-0.07909605349631581,0.007946211009542
2025-08-14 13:30:00,14.05,14.05,14.05,14.05,1,14050.0,14.035000000000002,14.251666666666667,14.648750000000001,-0.06298744303424542,-0.07587433140390173,0.012886888369656319
2025-08-04 10:21:00,14.3,14.3,14.3,14.3,1,14300.0,14.035,14.249166666666666,14.645624999999999,-0.03593157516648837,-0.06788578015641906,0.03195420498993069
2025-08-04 10:53:00,14.15,14.15,14.15,14.15,3,42450.0,14.0375,14.245833333333334,14.6425,-0.026290293216920446,-0.05956668276851934,0.033276389551598895
2025-08-04 13:30:00,14.25,14.25,14.25,14.25,1,14250.0,14.035,14.244166666666668,14.639791666666666,-0.010459769829457954,-0.04974530018070707,0.03928553035124911
2025-08-29 09:38:00,13.9,13.9,13.9,13.9,2,27800.0,14.029999999999998,14.235833333333334,14.635833333333332,-0.025857966379687625,-0.04496783342050319,0.019109867040815562
2025-08-29 09:40:00,13.85,13.85,13.8,13.8,3,41450.0,14.02,14.225833333333332,14.631458333333335,-0.04560461078365918,-0.045095188893134394,-0.0005094218905247888
2025-08-29 10:00:00,13.8,13.8,13.7,13.7,10,137350.0,14.004999999999999,14.213333333333335,14.626666666666667,-0.06853312579208648,-0.049782776272924815,-0.018750349519161665
2025-08-29 11:01:00,13.95,13.95,13.95,13.95,1,13950.0,14.002499999999998,14.205833333333333,14.622499999999999,-0.06577303782670008,-0.05298082858367987,-0.012792209243020207
2025-08-29 11:14:00,13.9,13.9,13.9,13.9,2,27800.0,13.997499999999999,14.1975,14.618125,-0.06684962944553519,-0.05575458875605094,-0.011095040689484248
2025-08-29 12:26:00,13.85,13.85,13.85,13.85,1,13850.0,13.989999999999998,14.1875,14.613541666666666,-0.07091989775721075,-0.05878765055628291,-0.012132247200927836
2025-08-29 13:22:00,13.85,13.85,13.85,13.85,1,13850.0,13.982499999999998,14.1775,14.608750000000002,-0.07330065044861023,-0.06169025053474838,-0.011610399913861848
2025-08-29 13:25:00,13.85,13.85,13.85,13.85,1,13850.0,13.975,14.167499999999999,14.60375,-0.07433057748091976,-0.06421831592398267,-0.010112261556937091
2025-08-29 13:30:00,13.7,13.7,13.7,13.7,10,137000.0,13.959999999999999,14.155833333333334,14.599166666666665,-0.0862562402272502,-0.06862590078463618,-0.017630339442614024
2025-08-11 09:01:00,14.2,14.2,14.2,14.2,1,14200.0,13.969999999999999,14.151666666666667,14.596458333333334,-0.054730691208250803,-0.0658468588693591,0.011116167661108303
2025-08-11 11:37:00,14.2,14.2,14.2,14.2,1,14200.0,13.982499999999998,14.1475,14.592916666666667,-0.029407475410366146,-0.05855898217756051,0.029151506767194364
2025-08-11 12:12:00,14.2,14.2,14.2,14.2,2,28400.0,13.989999999999998,14.143333333333333,14.589583333333334,-0.009232221148087305,-0.04869362997166587,0.03946140882357856
2025-08-11 13:30:00,14.2,14.2,14.2,14.2,1,14200.0,14.0,14.140833333333335,14.586666666666668,0.006679812489290171,-0.037618941479474664,0.044298753968764835
2025-08-18 09:21:00,14.0,14.0,14.0,14.0,1,14000.0,14.0,14.133333333333333,14.582916666666668,0.003115966336359577,-0.029471959916307817,0.03258792625266739
2025-08-18 09:44:00,14.0,14.0,14.0,14.0,10,140000.0,14.005,14.1275,14.579375,0.00028826959162664423,-0.023519914014720925,0.02380818360634757
2025-08-18 12:24:00,14.05,14.05,14.05,14.05,1,14050.0,14.004999999999999,14.122499999999999,14.576041666666667,0.002058156534166855,-0.01840429990494337,0.020462456439110224
2025-08-18 12:47:00,14.0,14.0,14.0,14.0,5,70000.0,14.002499999999998,14.116666666666667,14.571458333333332,-0.0005672386707864518,-0.014836887658111985,0.014269648987325533
2025-08-18 13:21:00,14.0,14.0,14.0,14.0,5,70000.0,13.9875,14.109999999999998,14.566875,-0.0026177079775617784,-0.012393051722001945,0.009775343744440166
2025-08-18 13:30:00,14.2,14.2,14.2,14.2,1,14200.0,13.99,14.1075,14.563125000000001,0.011760046360176801,-0.0075624321055661956,0.019322478465742997
2025-08-27 09:01:00,14.05,14.05,14.05,14.05,1,14050.0,13.979999999999999,14.1025,14.55875,0.010924839116411178,-0.00386497786117072,0.014789816977581898
2025-08-27 09:39:00,14.1,14.1,14.1,14.1,1,14100.0,13.99,14.098333333333333,14.554375,0.014134578864268832,-0.0002650665160828088,0.01439964538035164
2025-08-27 09:45:00,14.05,14.05,14.05,14.05,2,28100.0,14.002500000000001,14.092500000000001,14.55,0.012499650417556296,0.002287876870645013,0.010211773546911284
2025-08-27 09:55:00,14.05,14.05,14.05,14.05,2,28100.0,14.020000000000001,14.0875,14.545208333333333,0.011076277413236468,0.004045556979163305,0.0070307204340731635
2025-08-27 10:04:00,14.05,14.05,14.05,14.05,2,28100.0,14.025,14.0825,14.541249999999998,0.00983487374987213,0.0052034203333050704,0.00463145341656706
2025-08-27 10:13:00,14.05,14.05,14.05,14.05,2,28100.0,14.032499999999999,14.078333333333335,14.537708333333335,0.008750185708775504,0.005912773408399158,0.0028374123003763463
2025-08-27 10:20:00,14.05,14.05,14.05,14.05,2,28100.0,14.0425,14.073333333333332,14.532916666666667,0.0078006416798963585,0.006290347062698599,0.0015102946171977596
2025-08-27 10:24:00,14.05,14.05,14.0,14.0,10,140100.0,14.05,14.068333333333333,14.528541666666667,0.002979196737843637,0.005628116997727607,-0.00264892025988397
2025-08-27 10:32:00,14.0,14.0,14.0,14.0,2,28000.0,14.0575,14.063333333333333,14.525,-0.0008322395755921974,0.004336045683063647,-0.005168285258655844
2025-08-27 12:26:00,14.0,14.0,14.0,14.0,1,14000.0,14.0725,14.058333333333334,14.521666666666668,-0.0038089234157432372,0.0027070518633022698,-0.006515975279045507
2025-08-27 13:08:00,14.0,14.0,14.0,14.0,3,42000.0,14.0625,14.053333333333333,14.517916666666668,-0.006097676584911227,0.0009461061736595701,-0.007043782758570797
2025-08-27 13:30:00,14.0,14.0,14.0,14.0,1,14000.0,14.0525,14.049166666666666,14.513125,-0.007821370075456358,-0.000807389076163616,-0.007013980999292742
2025-08-20 09:55:00,14.0,14.0,14.0,14.0,2,28000.0,14.0425,14.044999999999998,14.506458333333335,-0.009082709760924956,-0.0024624532131158846,-0.006620256547809072
2025-08-20 13:30:00,14.0,14.0,14.0,14.0,1,14000.0,14.032499999999999,14.040833333333332,14.498541666666666,-0.009967432195285397,-0.003963449009549788,-0.006003983185735609
2025-08-08 09:44:00,14.2,14.2,14.2,14.2,1,14200.0,14.042499999999999,14.04,14.493333333333334,0.005407414127601484,-0.0020892763821195332,0.007496690509721017
2025-08-08 10:11:00,14.2,14.2,14.2,14.2,1,14200.0,14.052499999999998,14.039166666666665,14.488333333333333,0.017391610943223057,0.001806901082948986,0.015584709860274071
2025-08-08 12:32:00,14.2,14.2,14.2,14.2,2,28400.0,14.060000000000002,14.0375,14.483125000000001,0.02658274393616722,0.006762069653592635,0.019820674282574585
2025-08-22 12:26:00,14.1,14.1,14.0,14.0,24,336650.0,14.060000000000002,14.0325,14.477083333333333,0.017526420851593727,0.008914939893192855,0.008611480958400872
2025-08-22 12:28:00,14.0,14.0,13.95,13.95,11,153500.0,14.057500000000001,14.026666666666667,14.471666666666666,0.0062426757471385486,0.008380487063981994,-0.0021378113168434455
2025-08-22 12:29:00,13.95,13.95,13.95,13.95,5,69750.0,14.044999999999998,14.024166666666666,14.46625,-0.0026690068930719235,0.006170588272571211,-0.008839595165643133
2025-08-22 12:38:00,13.95,13.95,13.95,13.95,2,27900.0,14.040000000000001,14.018333333333334,14.461041666666667,-0.00962067839873093,0.0030123349383107817,-0.012633013337041712
2025-08-22 13:00:00,13.95,13.95,13.95,13.95,1,13950.0,14.032499999999999,14.0175,14.455833333333333,-0.014957507317422625,-0.0005816335128359006,-0.014375873804586724
2025-08-22 13:30:00,13.95,13.95,13.95,13.95,1,13950.0,14.0275,14.016666666666667,14.450625,-0.018968327611926128,-0.0042589723326539475,-0.01470935527927218
2025-08-12 10:48:00,14.15,14.15,14.15,14.15,3,42450.0,14.032499999999999,14.019166666666667,14.446458333333334,-0.005940128952495627,-0.004595203656622283,-0.0013449252958733435
2025-08-12 10:49:00,14.1,14.1,14.1,14.1,2,28200.0,14.035000000000002,14.020833333333334,14.441875000000001,0.0003462389881097039,-0.003606915127675886,0.00395315411578559
2025-08-12 11:13:00,14.1,14.1,14.1,14.1,3,42300.0,14.0375,14.0225,14.4375,0.0052675102921391215,-0.0018320300437128841,0.007099540335852006
2025-08-12 11:15:00,14.05,14.05,14.0,14.0,24,336250.0,14.035,14.0225,14.432291666666666,0.0010859705982344536,-0.0012484299153234166,0.00233440051355787
2025-08-12 11:26:00,14.0,14.0,14.0,14.0,2,28000.0,14.035,14.0225,14.426874999999999,-0.002202540222896232,-0.0014392519768379798,-0.0007632882460582523
2025-08-12 11:45:00,14.0,14.0,14.0,14.0,3,42000.0,14.035,14.0225,14.421458333333334,-0.00475390864146874,-0.0021021833097641324,-0.002651725331704608
2025-08-12 12:00:00,14.0,14.0,14.0,14.0,1,14000.0,14.035,14.0225,14.416458333333333,-0.006698668415092257,-0.0030214803308297577,-0.0036771880842624994
2025-08-12 12:17:00,14.0,14.0,14.0,14.0,12,168000.0,14.035,14.0225,14.411458333333334,-0.00814600250080666,-0.004046384764825139,-0.00409961773598152
2025-08-12 12:19:00,14.0,14.0,14.0,14.0,3,42000.0,14.035,14.023333333333333,14.406458333333335,-0.00918712177023373,-0.005074532165906857,-0.004112589604326873
2025-08-12 12:41:00,14.0,14.0,14.0,14.0,8,112000.0,14.035,14.0225,14.401041666666666,-0.009898116961149839,-0.006039249124955454,-0.0038588678361943848
2025-08-15 09:22:00,14.05,14.05,13.95,13.95,2,28000.0,14.032499999999999,14.021666666666667,14.395833333333334,-0.014330969410314864,-0.007697593182027338,-0.006633376228287527
2025-08-15 12:19:00,14.0,14.0,14.0,14.0,2,28000.0,14.022499999999999,14.021666666666667,14.391041666666666,-0.013652082076637484,-0.008888490960949368,-0.004763591115688116
2025-08-15 12:33:00,14.0,14.0,14.0,14.0,1,14000.0,14.0125,14.023333333333333,14.386666666666665,-0.01296461100806745,-0.009703714970372986,-0.003260896037694465
2025-08-15 12:56:00,14.0,14.0,14.0,14.0,1,14000.0,14.002499999999998,14.022499999999999,14.38125,-0.012278249219212611,-0.01021862182014091,-0.0020596273990717007
2025-08-15 12:58:00,14.0,14.0,14.0,14.0,1,14000.0,14.002499999999998,14.021666666666667,14.377083333333333,-0.01160057831091521,-0.010495013118295772,-0.0011055651926194388
2025-08-15 13:30:00,14.0,14.0,14.0,14.0,5,70000.0,14.004999999999999,14.016666666666667,14.372083333333332,-0.010937439242466596,-0.010583498343129938,-0.00035394089933665773
2025-08-19 10:05:00,14.05,14.05,14.0,14.0,2,28050.0,14.007499999999999,14.014166666666664,14.3675,-0.010293242659008328,-0.010525447206305617,0.00023220454729728883
2025-08-19 10:48:00,14.1,14.1,14.1,14.1,1,14100.0,14.015,14.011666666666665,14.363750000000001,-0.001694020348219638,-0.008759161834688422,0.007065141486468784
2025-08-19 10:49:00,14.1,14.1,14.1,14.1,1,14100.0,14.022500000000003,14.014999999999999,14.360000000000001,0.005062567164200615,-0.005994816034910614,0.01105738319911123
2025-08-19 11:39:00,14.1,14.1,14.1,14.1,2,28200.0,14.029999999999998,14.020000000000001,14.355416666666667,0.010298496786019129,-0.002736153470724665,0.013034650256743795
2025-08-19 12:46:00,14.2,14.2,14.2,14.2,1,14200.0,14.032499999999999,14.028333333333332,14.351666666666665,0.02226056703917223,0.0022631906312547156,0.019997376407917513
2025-08-19 13:30:00,14.1,14.1,14.1,14.1,1,14100.0,14.032499999999999,14.030833333333334,14.347083333333334,0.023401669749885556,0.006490886454980886,0.01691078329490467
2025-08-21 09:57:00,14.0,14.0,14.0,14.0,7,98000.0,14.0275,14.032499999999999,14.342500000000001,0.01605180241782378,0.008403069647549466,0.007648732770274313
2025-08-21 11:15:00,14.0,14.0,14.0,14.0,3,42000.0,14.0275,14.035,14.338125,0.010110432828115634,0.0087445422836627,0.001365890544452934
2025-08-21 13:03:00,14.0,14.0,14.0,14.0,2,28000.0,14.0275,14.0375,14.333750000000002,0.005340295026170949,0.00806369283216435,-0.002723397805993401
2025-08-21 13:30:00,14.2,14.2,14.2,14.2,3,42600.0,14.0375,14.043333333333333,14.330416666666668,0.01749656546594558,0.009950267358920597,0.0075462981070249825
2025-08-25 09:03:00,14.05,14.1,14.05,14.1,2,28150.0,14.0425,14.05,14.326249999999998,0.018844109936241082,0.011729035874384695,0.007115074061856387
2025-08-25 09:18:00,14.15,14.15,14.15,14.15,1,14150.0,14.05,14.049166666666668,14.321875,0.02367373469289724,0.014117975638087206,0.009555759054810035
2025-08-25 09:40:00,14.0,14.0,14.0,14.0,2,28000.0,14.05,14.045833333333333,14.316875000000001,0.01522203061685623,0.014338786633841014,0.0008832439830152167
2025-08-25 09:59:00,14.0,14.0,14.0,14.0,6,84000.0,14.05,14.0425,14.312083333333334,0.008426854709792764,0.013156400249031365,-0.004729545539238602
2025-08-25 10:24:00,14.2,14.2,14.2,14.2,6,85200.0,14.0625,14.042499999999999,14.308541666666665,0.01896138236426026,0.014317396672077145,0.004643985692183114
2025-08-13 12:02:00,14.0,14.0,14.0,14.0,1,14000.0,14.0625,14.042499999999999,14.304166666666667,0.011044429587968807,0.013662803255255478,-0.0026183736672866706
2025-08-06 09:15:00,14.25,14.25,14.2,14.2,2,28450.0,14.0725,14.045833333333333,14.300625,0.020670242317791576,0.0150642910677627,0.005605951250028876
2025-08-06 09:16:00,14.15,14.15,14.15,14.15,6,84900.0,14.080000000000002,14.047500000000001,14.297083333333335,0.023987671182265302,0.016848967090663223,0.007138704091602079
2025-08-06 09:18:00,14.15,14.15,14.15,14.15,2,28300.0,14.0875,14.05,14.293541666666666,0.026313432586826835,0.018741860189895945,0.00757157239693089
2025-08-06 09:20:00,14.15,14.15,14.15,14.15,1,14150.0,14.095000000000002,14.052500000000002,14.290416666666665,0.02783574214781659,0.020560636581480076,0.007275105566336513
2025-08-06 09:32:00,14.15,14.15,14.15,14.15,1,14150.0,14.102500000000001,14.051666666666668,14.287291666666667,0.028711218389071647,0.022190752942998392,0.006520465446073254
2025-08-06 09:42:00,14.1,14.1,14.1,14.1,3,42300.0,14.102500000000001,14.052500000000002,14.283333333333333,0.025081335462544985,0.022768869446907713,0.002312466015637272
2025-08-06 09:43:00,14.15,14.2,14.15,14.2,10,141650.0,14.107499999999998,14.054166666666667,14.279583333333335,0.029928790885207945,0.024200853734567762,0.005727937150640183
2025-08-06 09:54:00,14.2,14.2,14.2,14.2,1,14200.0,14.1125,14.056666666666667,14.275833333333333,0.033385585978345844,0.02603780018332338,0.007347785795022464
2025-08-06 09:59:00,14.2,14.2,14.2,14.2,1,14200.0,14.1125,14.059166666666666,14.272708333333332,0.035713438703986355,0.02797292788745598,0.007740510816530377
2025-08-06 10:00:00,14.2,14.2,14.2,14.2,3,42600.0,14.117499999999998,14.061666666666667,14.269583333333335,0.03713026418756371,0.02980439514747753,0.00732586904008618
2025-08-06 11:01:00,14.2,14.2,14.2,14.2,1,14200.0,14.127500000000001,14.064166666666667,14.266250000000001,0.037817175729536245,0.031406951263889274,0.0064102244656469715
2025-08-06 11:07:00,14.2,14.2,14.2,14.2,1,14200.0,14.1375,14.066666666666666,14.263541666666667,0.037924389322483876,0.03271043887560819,0.005213950446875684
2025-08-06 13:30:00,14.2,14.2,14.2,14.2,2,28400.0,14.147499999999999,14.07,14.260833333333332,0.03757620180331145,0.03368359146114885,0.0038926103421626015
2025-08-05 09:02:00,14.25,14.25,14.25,14.25,1,14250.0,14.15,14.074166666666667,14.257708333333333,0.04086379047856781,0.03511963126463264,0.005744159213935167
2025-08-05 09:10:00,14.25,14.25,14.25,14.25,2,28500.0,14.157499999999999,14.078333333333335,14.254375000000001,0.042973852369684096,0.036690475485642936,0.00628337688404116
2025-08-05 10:28:00,14.25,14.25,14.25,14.25,1,14250.0,14.1625,14.082500000000001,14.250833333333333,0.04413730425167195,0.03817984123884874,0.005957463012823211
2025-08-05 10:32:00,14.25,14.25,14.25,14.25,5,71250.0,14.175,14.086666666666668,14.247708333333332,0.04454585140420697,0.03945304327192039,0.005092808132286582
2025-08-05 12:04:00,14.25,14.25,14.25,14.25,1,14250.0,14.1875,14.090833333333334,14.244583333333333,0.044358293174378005,0.040434093252411915,0.00392419992196609
2025-08-05 12:27:00,14.25,14.25,14.25,14.25,3,42750.0,14.190000000000001,14.095,14.241458333333332,0.043705838228794036,0.041088442247688345,0.0026173959811056913
2025-08-26 09:52:00,14.1,14.1,14.1,14.1,1,14100.0,14.195000000000002,14.093333333333334,14.237708333333332,0.030730771382781796,0.039016908074707035,-0.008286136691925239
2025-08-26 10:31:00,14.15,14.15,14.15,14.15,1,14150.0,14.1925,14.092500000000001,14.233749999999999,0.024203516487666832,0.036054229757298994,-0.011850713269632163
2025-08-26 12:06:00,14.05,14.05,14.05,14.05,1,14050.0,14.1875,14.09,14.229375000000001,0.01083653881784663,0.03101069156940852,-0.02017415275156189
2025-08-26 13:05:00,14.2,14.2,14.2,14.2,1,14200.0,14.190000000000001,14.093333333333334,14.225416666666666,0.012206154161230387,0.0272497840877729,-0.015043629926542512
2025-08-28 09:17:00,14.0,14.0,14.0,14.0,1,14000.0,14.1825,14.094166666666666,14.223333333333333,-0.0028143028108900126,0.021236966708040317,-0.02405126951893033
2025-08-28 09:21:00,14.0,14.0,14.0,14.0,1,14000.0,14.175,14.095,14.22125,-0.014550395278382311,0.01407949431075579,-0.0286298895891381
2025-08-28 09:23:00,14.0,14.0,13.55,13.55,41,565450.0,14.147499999999999,14.088333333333333,14.217083333333335,-0.05947695894632332,-0.0006317963406600358,-0.05884516260566328
2025-08-28 09:24:00,13.65,13.65,13.55,13.55,9,122400.0,14.115,14.081666666666669,14.212916666666667,-0.0939980335129853,-0.019305043775125097,-0.0746929897378602
2025-08-28 09:49:00,13.8,13.8,13.8,13.8,1,13800.0,14.094999999999999,14.079166666666667,14.209791666666666,-0.10003023685138857,-0.0354500823903778,-0.06458015446101076
2025-08-28 09:52:00,13.8,13.8,13.8,13.8,2,27600.0,14.075,14.073333333333332,14.2075,-0.10361637636892596,-0.04908334118608744,-0.054533035182838516
2025-08-28 09:53:00,13.8,13.8,13.8,13.8,1,13800.0,14.055000000000001,14.068333333333333,14.204791666666667,-0.10524521643116636,-0.060315716235103234,-0.04492950019606312
2025-08-28 10:43:00,13.8,13.8,13.8,13.8,1,13800.0,14.035,14.063333333333333,14.202083333333333,-0.10532199748926452,-0.0693169724859355,-0.036005025003329014
2025-08-28 11:04:00,13.85,13.85,13.85,13.85,4,55400.0,14.017499999999998,14.060833333333333,14.19875,-0.10019329891667006,-0.07549223777208242,-0.024701061144587644
2025-08-28 11:16:00,13.9,13.9,13.9,13.9,1,13900.0,14.002500000000001,14.059166666666666,14.196875,-0.09104467981943287,-0.0786027261815525,-0.012441953637880365
2025-08-28 11:19:00,13.9,13.9,13.9,13.9,1,13900.0,13.985,14.0575,14.194999999999999,-0.08283941209573342,-0.0794500633643887,-0.0033893487313447213
2025-08-28 11:20:00,13.9,13.9,13.9,13.9,1,13900.0,13.967500000000001,14.055833333333334,14.193333333333333,-0.07546674465299752,-0.07865339962211047,0.0031866549691129537
2025-08-28 11:30:00,13.9,13.9,13.9,13.9,1,13900.0,13.95,14.054166666666667,14.19125,-0.06883041836990955,-0.07668880337167029,0.00785838500176074
2025-08-28 11:35:00,13.9,13.9,13.9,13.9,1,13900.0,13.9325,14.0525,14.188958333333334,-0.06284662520372919,-0.07392036773808207,0.011073742534352879
2025-08-28 13:30:00,13.9,13.9,13.9,13.9,5,69500.0,13.915000000000001,14.050833333333333,14.186875000000002,-0.05744226730767821,-0.0706247476520013,0.013182480344323094
2025-08-07 10:12:00,14.2,14.2,14.2,14.2,2,28400.0,13.9125,14.055000000000001,14.185833333333333,-0.028621847106411025,-0.06222416754288325,0.033602320436472224
2025-08-07 10:39:00,14.2,14.2,14.2,14.2,1,14200.0,13.917499999999999,14.058333333333334,14.184583333333332,-0.005715570913324086,-0.05092244821697142,0.045206877303647336
2025-08-07 10:40:00,14.2,14.2,14.2,14.2,3,42600.0,13.919999999999998,14.061666666666667,14.183125,0.012296076484831886,-0.038278743276610766,0.05057481976144265
2025-08-07 10:45:00,14.15,14.15,14.15,14.15,2,28300.0,13.925,14.064166666666667,14.182083333333335,0.02227903582544144,-0.026167187456200322,0.04844622328164176
2025-08-07 12:24:00,14.2,14.2,14.2,14.2,1,14200.0,13.925,14.0675,14.181458333333333,0.033835154558676805,-0.014166719053224893,0.048001873611901696
2025-08-07 13:08:00,14.2,14.2,14.2,14.2,2,28400.0,13.934999999999999,14.070833333333333,14.181874999999998,0.04250350793020097,-0.002832673656539718,0.04533618158674069
2025-08-07 13:09:00,14.2,14.2,14.2,14.2,1,14200.0,13.944999999999999,14.074166666666667,14.182500000000001,0.04881058241865688,0.007495977558499604,0.04131460486015728
2025-08-07 13:15:00,14.15,14.15,14.15,14.15,2,28300.0,13.975,14.075,14.182708333333334,0.04920717260284668,0.015838216567369022,0.03336895603547766
2025-08-07 13:22:00,14.15,14.15,14.15,14.15,5,70750.0,14.004999999999999,14.075833333333332,14.1825,0.04895712590837498,0.022461998435570216,0.02649512747280476
2025-08-07 13:24:00,14.15,14.15,14.15,14.15,4,56600.0,14.022500000000003,14.076666666666666,14.1825,0.04820330441375198,0.02761025963120657,0.02059304478254541
2025-08-07 13:30:00,14.15,14.15,14.15,14.15,3,42450.0,14.040000000000001,14.075833333333334,14.182500000000001,0.04706337812122641,0.03150088332921054,0.015562494792015866
2025-09-01 09:01:00,13.85,13.85,13.85,13.85,1,13850.0,14.0425,14.071666666666667,14.18,0.02170231475105666,0.029541169613579766,-0.007838854862523104
2025-09-01 09:21:00,13.85,13.85,13.85,13.85,5,69250.0,14.044999999999998,14.069166666666666,14.1775,0.0015852159311133818,0.02394997887708649,-0.02236476294597311
2025-09-01 09:33:00,13.85,13.85,13.85,13.85,2,27700.0,14.045000000000002,14.066666666666666,14.175833333333335,-0.014194108966917085,0.016321161308285776,-0.03051527027520286
2025-09-01 09:52:00,13.9,13.9,13.9,13.9,12,166800.0,14.044999999999998,14.065,14.173333333333334,-0.022406467687975606,0.0085756355090335,-0.030982103197009107
2025-09-01 10:20:00,13.9,13.9,13.9,13.9,1,13900.0,14.045000000000002,14.06,14.171666666666665,-0.028585307510024194,0.0011434469052219588,-0.029728754415246153
2025-09-01 10:39:00,13.9,13.9,13.9,13.9,1,13900.0,14.044999999999998,14.056666666666667,14.17,-0.03310052039043221,-0.005705346553908877,-0.02739517383652333
2025-09-01 11:21:00,13.9,13.9,13.9,13.9,1,13900.0,14.044999999999998,14.0525,14.168333333333333,-0.03626086643188842,-0.011816450529504788,-0.02444441590238363
2025-09-01 11:29:00,13.9,13.9,13.9,13.9,1,13900.0,14.045000000000002,14.050833333333333,14.165833333333333,-0.03832369177568573,-0.017117898778740977,-0.021205792996944754
2025-09-01 12:03:00,13.9,13.9,13.9,13.9,1,13900.0,14.044999999999998,14.049166666666666,14.162708333333333,-0.03950312824987634,-0.02159494467296805,-0.01790818357690829
2025-09-01 12:28:00,13.95,13.95,13.95,13.95,2,27900.0,14.032499999999999,14.045,14.159791666666667,-0.03598840607723375,-0.024473636953821192,-0.011514769123412556
2025-09-02 09:01:00,13.9,13.9,13.9,13.9,2,27800.0,14.017500000000002,14.043333333333333,14.1575,-0.03681318607214834,-0.026941546777486624,-0.009871639294661717
2025-09-02 10:36:00,14.05,14.05,14.05,14.05,1,14050.0,14.010000000000002,14.040833333333333,14.155833333333334,-0.02507404577104566,-0.026568046576198434,0.0014940008051527731
2025-09-02 11:00:00,14.0,14.0,14.0,14.0,3,42000.0,14.002500000000001,14.038333333333334,14.153958333333332,-0.019579573503559544,-0.02517035196167066,0.005590778458111116
2025-09-02 11:11:00,13.9,13.9,13.9,13.9,1,13900.0,13.9875,14.034166666666668,14.151666666666667,-0.023028866473435272,-0.024742054864023585,0.0017131883905883126
2025-09-02 13:24:00,13.9,13.9,13.9,13.9,1,13900.0,13.972500000000002,14.03,14.149166666666668,-0.0254688667606775,-0.02488741724335437,-0.00058144951732313
2025-09-03 11:03:00,14.05,14.05,14.05,14.05,8,112400.0,13.965,14.028333333333332,14.147708333333332,-0.015124492435749204,-0.02293483228183334,0.007810339846084136
2025-09-03 13:06:00,13.9,13.9,13.85,13.85,6,83300.0,13.95,14.024166666666666,14.145000000000001,-0.022801982723217762,-0.022908262370110226,0.000106279646892464
2025-09-04 09:07:00,14.0,14.0,14.0,14.0,4,56000.0,13.9425,14.020833333333334,14.141875,-0.016591446820543254,-0.021644899260196835,0.005053452439653581
2025-09-04 09:09:00,13.9,13.9,13.85,13.85,2,27750.0,13.927499999999998,14.014999999999999,14.139166666666666,-0.023502377987158596,-0.02201639500558919,-0.001485982981569406
2025-09-04 10:27:00,13.9,13.9,13.9,13.9,1,13900.0,13.915000000000001,14.01,14.136666666666667,-0.024660487841488887,-0.022545213572769132,-0.002115274268719755
2025-09-04 11:23:00,14.0,14.0,14.0,14.0,1,14000.0,13.9225,14.006666666666666,14.134583333333333,-0.017309599689284028,-0.021498090796072112,0.004188491106788084
2025-09-04 13:21:00,14.05,14.05,14.0,14.0,2,28050.0,13.930000000000001,14.003333333333332,14.1325,-0.011353096439670196,-0.01946909192479173,0.008115995485121534
2025-09-04 13:23:00,14.1,14.1,14.1,14.1,1,14100.0,13.9425,14.001666666666667,14.130416666666667,0.0014202676042103235,-0.01529122001899132,0.016711487623201644
2025-09-05 12:18:00,14.15,14.15,14.1,14.1,2,28250.0,13.9525,14.0,14.128541666666667,0.011411703620307634,-0.009950635291131528,0.021362338911439162
2025-09-05 12:20:00,14.1,14.1,14.1,14.1,2,28200.0,13.9625,13.9975,14.126666666666667,0.019109703876562634,-0.004138567457592694,0.02324827133415533
2025-09-05 13:21:00,14.05,14.05,14.05,14.05,1,14050.0,13.969999999999999,13.994166666666667,14.124374999999999,0.02093452226677428,0.0008760504872807023,0.02005847177949358
2025-09-05 13:24:00,14.1,14.1,14.1,14.1,3,42300.0,13.98,13.991666666666667,14.122708333333332,0.026114257219028048,0.005923691833630173,0.020190565385397874
2025-09-05 13:30:00,14.1,14.1,14.1,14.1,1,14100.0,13.99,13.989166666666668,14.121041666666665,0.02987485574607618,0.010713924616119376,0.0191609311299568
2025-09-08 10:54:00,14.15,14.15,14.15,14.15,1,14150.0,14.002500000000001,13.9875,14.119791666666666,0.036469343415458155,0.015865008375987134,0.02060433503947102
2025-09-08 11:37:00,14.25,14.3,14.25,14.3,18,257200.0,14.020000000000001,13.988333333333333,14.119166666666668,0.05318617172149409,0.023329241045088527,0.029856930676405564
2025-09-08 12:47:00,14.25,14.25,14.25,14.25,1,14250.0,14.0375,13.990833333333333,14.118333333333334,0.06168868766814306,0.031001130369699436,0.030687557298443625
2025-09-08 13:25:00,14.25,14.25,14.25,14.25,3,42750.0,14.0475,13.9925,14.117916666666668,0.06764719802328756,0.03833034390041706,0.029316854122870495
2025-09-08 13:30:00,14.25,14.25,14.25,14.25,2,28500.0,14.059999999999999,13.995833333333334,14.117500000000001,0.07154463835255243,0.044973202790844144,0.02657143556170828
2025-09-09 09:28:00,14.25,14.25,14.25,14.25,2,28500.0,14.0775,13.996666666666666,14.116458333333334,0.07378286495408481,0.05073513522349229,0.023047729730592527
2025-09-09 10:07:00,14.2,14.2,14.2,14.2,2,28400.0,14.092499999999998,14.0,14.115833333333335,0.07070702693586561,0.054729513565966954,0.01597751336989866
2025-09-09 10:11:00,14.25,14.25,14.25,14.25,7,99750.0,14.102500000000001,14.004166666666666,14.116041666666666,0.07148000823856115,0.0580796125004858,0.013400395738075353
2025-09-09 11:44:00,14.25,14.25,14.25,14.25,1,14250.0,14.122499999999999,14.015833333333335,14.11625,0.07127103338182827,0.0607178966767543,0.010553136705073976
2025-09-09 12:28:00,14.25,14.25,14.25,14.25,1,14250.0,14.135,14.0275,14.116666666666667,0.07029510113359905,0.06263333756812325,0.007661763565475793
2025-09-09 13:30:00,14.25,14.25,14.25,14.25,2,28500.0,14.155000000000001,14.035,14.116875,0.06872939807719547,0.0638525496699377,0.004876848407257772
2025-09-10 09:28:00,14.15,14.15,14.15,14.15,1,14150.0,14.1675,14.040833333333333,14.116666666666667,0.05874225866745242,0.06283049146944064,-0.004088232801988223
2025-09-10 09:51:00,14.1,14.1,14.1,14.1,3,42300.0,14.1725,14.045833333333333,14.116041666666666,0.04625954535591603,0.059516302246735715,-0.013256756890819683
2025-09-10 09:57:00,14.15,14.15,14.15,14.15,7,99050.0,14.180000000000001,14.051666666666668,14.115833333333335,0.039941071446811804,0.055601256086750935,-0.01566018463993913
2025-09-10 09:58:00,14.15,14.15,14.15,14.15,5,70750.0,14.1825,14.056666666666667,14.115416666666668,0.03453553124512965,0.05138811111842668,-0.01685257987329703
2025-09-10 10:06:00,14.15,14.15,14.15,14.15,4,56600.0,14.184999999999999,14.060833333333333,14.114791666666665,0.029906854092867974,0.04709185971331494,-0.017185005620446968
2025-09-10 10:09:00,14.05,14.05,14.05,14.05,1,14050.0,14.1825,14.063333333333334,14.113958333333333,0.017962370807273587,0.04126596193210667,-0.023303591124833087
2025-09-10 10:22:00,14.05,14.05,14.05,14.05,1,14050.0,14.182500000000001,14.065833333333332,14.113125,0.00839945802445996,0.034692661150577335,-0.026293203126117375
2025-09-10 13:04:00,14.15,14.15,14.15,14.15,5,70750.0,14.184999999999999,14.069999999999999,14.112916666666667,0.00878863509747596,0.02951185593995706,-0.0207232208424811
2025-09-10 13:30:00,14.35,14.35,14.35,14.35,5,71750.0,14.1975,14.077499999999999,14.1125,0.024947806478357037,0.02859904604763706,-0.003651239569280023
2025-09-11 09:01:00,15.25,15.75,15.25,15.75,97,1516350.0,14.2775,14.108333333333333,14.117916666666668,0.1490047321302903,0.05268018326416772,0.09632454886612259
2025-09-11 09:02:00,15.75,15.75,15.75,15.75,133,2094750.0,14.35,14.134166666666665,14.123333333333335,0.24450226952562026,0.09104460051645825,0.15345766900916202
2025-09-11 09:03:00,15.7,15.7,15.65,15.65,4,62750.0,14.419999999999998,14.158333333333333,14.128333333333332,0.3085587188293637,0.13454742417903937,0.17401129465032433
2025-09-11 09:04:00,15.65,15.65,15.65,15.65,1,15650.0,14.49,14.182500000000001,14.133333333333333,0.3552290569581693,0.17868375073486537,0.17654530622330394
2025-09-11 09:05:00,15.65,15.7,15.65,15.7,10,156800.0,14.5625,14.208333333333334,14.138333333333334,0.391734546296032,0.22129390984709874,0.17044063644893326
2025-09-11 09:06:00,15.75,15.75,15.75,15.75,29,456750.0,14.6375,14.234166666666665,14.14375,0.41986010579098476,0.26100714903587596,0.1588529567551088
2025-09-11 09:07:00,15.75,15.75,15.75,15.75,1,15750.0,14.715,14.26,14.149166666666668,0.43711107000166294,0.29622793322903335,0.1408831367726296
2025-09-11 09:08:00,15.75,15.75,15.75,15.75,1,15750.0,14.790000000000001,14.285833333333333,14.155000000000001,0.4456454599672739,0.32611143857668146,0.11953402139059244
2025-09-11 09:09:00,15.75,15.75,15.75,15.75,6,94500.0,14.865,14.3125,14.160833333333334,0.44725336709170094,0.3503398242796854,0.09691354281201553
2025-09-11 09:10:00,15.75,15.75,15.75,15.75,3,47250.0,14.940000000000001,14.339166666666667,14.166458333333335,0.44341621891748595,0.36895510320724556,0.07446111571024039
2025-09-11 09:11:00,15.75,15.75,15.75,15.75,3,47250.0,15.015,14.365833333333333,14.172083333333335,0.43535672996141805,0.3822354285580801,0.05312130140333793
2025-09-11 09:12:00,15.75,15.75,15.75,15.75,42,661500.0,15.094999999999999,14.3925,14.177500000000002,0.4240809852811793,0.3906045399027,0.033476445378479325
2025-09-11 09:13:00,15.75,15.75,15.75,15.75,10,157500.0,15.1775,14.424166666666666,14.183125,0.4104138806424622,0.3945664080506525,0.015847472591809686
2025-09-11 09:14:00,15.75,15.75,15.75,15.75,111,1748250.0,15.257499999999999,14.455833333333334,14.18875,0.3950289538669125,0.39465891721390456,0.00037003665300794353
2025-09-11 09:15:00,15.75,15.75,15.75,15.75,11,173250.0,15.3375,14.4875,14.194166666666668,0.3784734818477009,0.3914218301406639,-0.012948348292962986
2025-09-11 09:16:00,15.75,15.75,15.75,15.75,5,78750.0,15.4175,14.518333333333334,14.199583333333333,0.36118958232441223,0.3853753805774136,-0.024185798253001378
2025-09-11 09:17:00,15.7,15.75,15.7,15.75,17,267300.0,15.502500000000001,14.549166666666666,14.205000000000002,0.34353194500759976,0.3770066934634509,-0.03347474845585113
2025-09-11 09:18:00,15.75,15.75,15.5,15.5,20,313250.0,15.575,14.575833333333332,14.209583333333335,0.3058396998732569,0.36277329474541214,-0.05693359487215527
2025-09-11 09:19:00,15.5,15.6,15.5,15.6,2,31100.0,15.647500000000003,14.604166666666666,14.214375,0.2808005938577658,0.3463787545678829,-0.06557816071011713
2025-09-11 09:20:00,15.6,15.6,15.6,15.6,2,31200.0,15.709999999999999,14.6325,14.219166666666666,0.25798305388713594,0.32869961443173357,-0.07071656054459763
2025-09-11 09:21:00,15.55,15.75,15.55,15.75,12,188200.0,15.709999999999999,14.663333333333334,14.224583333333333,0.24913189802539293,0.3127860711504655,-0.06365417312507254
2025-09-11 09:22:00,15.7,15.75,15.7,15.75,9,141700.0,15.709999999999999,14.693333333333333,14.230416666666667,0.23935812180294036,0.29810048128096045,-0.05874235947802009
2025-09-11 09:24:00,15.7,15.7,15.7,15.7,1,15700.0,15.7125,14.723333333333333,14.235624999999999,0.22498427294713785,0.28347723961419596,-0.05849296666705811
2025-09-11 09:25:00,15.75,15.75,15.65,15.65,4,62700.0,15.7125,14.75,14.241041666666666,0.2071701831262427,0.26821582831660534,-0.06104564519036265
2025-09-11 09:26:00,15.75,15.75,15.6,15.6,9,141450.0,15.7075,14.776666666666666,14.24625,0.186863757390487,0.25194541413138166,-0.06508165674089467
2025-09-11 09:27:00,15.6,15.6,15.5,15.5,10,155500.0,15.694999999999999,14.803333333333333,14.251041666666667,0.16084745509163767,0.23372582232343286,-0.0728783672317952
2025-09-11 09:28:00,15.6,15.6,15.5,15.5,11,170800.0,15.6825,14.83,14.255625,0.13863129283366327,0.21470691642547898,-0.07607562359181572
2025-09-11 09:29:00,15.6,15.6,15.6,15.6,1,15600.0,15.675,14.855833333333333,14.260833333333334,0.12762283188700252,0.1972900995177837,-0.06966726763078118
2025-09-11 09:30:00,15.6,15.65,15.6,15.65,6,93850.0,15.669999999999998,14.885833333333332,14.266249999999998,0.12153218206398364,0.18213851602702372,-0.06060633396304008
2025-09-11 09:31:00,15.65,15.65,15.55,15.55,3,46750.0,15.66,14.911666666666667,14.27125,0.10739811531302479,0.16719043588422394,-0.05979232057119915
2025-09-11 09:32:00,15.5,15.5,15.2,15.2,21,322250.0,15.632499999999999,14.934166666666666,14.274583333333332,0.06718027822537387,0.14718840435245392,-0.08000812612708005
2025-09-11 09:33:00,15.2,15.2,15.2,15.2,10,152000.0,15.605,14.955833333333334,14.278125,0.03490498958717936,0.124731721399399,-0.08982673181221965
2025-09-11 09:34:00,15.1,15.15,15.05,15.15,12,181150.0,15.575,14.975,14.281458333333335,0.005231700886746182,0.10083171729686845,-0.09560001641012227
2025-09-11 09:36:00,15.25,15.25,15.25,15.25,2,30500.0,15.55,14.995833333333334,14.285416666666666,-0.01009901477184627,0.07864557088312552,-0.08874458565497179
2025-09-11 09:37:00,15.3,15.35,15.3,15.35,3,45950.0,15.530000000000001,15.016666666666667,14.289583333333333,-0.014017962769068859,0.060112864152686636,-0.07413082692175549
2025-09-11 09:38:00,15.35,15.4,15.35,15.4,5,76950.0,15.5125,15.038333333333332,14.294166666666667,-0.012940010769526111,0.04550228916824409,-0.0584422999377702
2025-09-11 09:39:00,15.4,15.4,15.4,15.4,2,30800.0,15.495,15.059999999999999,14.29875,-0.011947996971938935,0.034012231940207485,-0.04596022891214642
2025-09-11 09:43:00,15.4,15.4,15.4,15.4,1,15400.0,15.49,15.082500000000001,14.303333333333333,-0.011034618675004992,0.025002861817164986,-0.03603748049216998
2025-09-11 09:45:00,15.25,15.25,15.25,15.25,6,91500.0,15.4725,15.101666666666667,14.307291666666666,-0.02215907022384478,0.015570475408963034,-0.03772954563280781
2025-09-11 09:47:00,15.25,15.25,15.25,15.25,1,15250.0,15.455000000000002,15.120833333333334,14.311458333333333,-0.030622283600017397,0.006331923607166946,-0.03695420720718434
2025-09-11 09:51:00,15.25,15.25,15.25,15.25,4,61000.0,15.430000000000001,15.139166666666666,14.315625,-0.036904034437755584,-0.0023152680018175627,-0.03458876643593802
2025-09-11 09:52:00,15.2,15.2,15.2,15.2,1,15200.0,15.4025,15.154166666666667,14.319583333333334,-0.045393679288546096,-0.010930950259163272,-0.03446272902938283
2025-09-11 09:53:00,15.2,15.2,15.2,15.2,1,15200.0,15.377500000000001,15.17,14.323541666666667,-0.051527803552973594,-0.019050320917925342,-0.03247748263504825
2025-09-11 09:57:00,15.2,15.2,15.1,15.1,4,60600.0,15.35,15.184166666666668,14.327083333333333,-0.06372373790768826,-0.02798500431587793,-0.03573873359181033
2025-09-11 09:59:00,15.15,15.15,15.15,15.15,2,30300.0,15.3275,15.199166666666667,14.330625,-0.06856415669947324,-0.036100834792597,-0.032463321906876244
2025-09-11 10:00:00,15.1,15.1,15.1,15.1,2,30200.0,15.307500000000001,15.213333333333335,14.333958333333333,-0.07556375368221602,-0.04399341857052081,-0.03157033511169521
2025-09-11 10:01:00,15.1,15.1,15.05,15.05,3,45250.0,15.285000000000002,15.2275,14.337083333333334,-0.08417524700280055,-0.05202978425697676,-0.032145462745823784
2025-09-11 10:02:00,15.05,15.05,15.05,15.05,1,15050.0,15.257499999999999,15.240833333333333,14.341041666666666,-0.08996288140493647,-0.05961640368656871,-0.030346477718367758
2025-09-11 10:05:00,15.25,15.25,15.25,15.25,1,15250.0,15.2375,15.257499999999999,14.344999999999999,-0.0775177188264955,-0.06319666671455407,-0.014321052111941429
2025-09-11 10:11:00,15.15,15.15,15.15,15.15,3,45450.0,15.217500000000001,15.2725,14.349791666666667,-0.0748610504949383,-0.06552954347063092,-0.009331507024307378
2025-09-11 10:12:00,15.3,15.3,15.3,15.3,2,30600.0,15.222500000000002,15.29,14.355208333333334,-0.05996068584206604,-0.06441577194491795,0.0044550861028519045
2025-09-11 10:13:00,15.35,15.35,15.35,15.35,2,30700.0,15.229999999999999,15.31,14.360833333333334,-0.04361469432380716,-0.060255556420695786,0.01664086209688863
2025-09-11 10:14:00,15.4,15.4,15.3,15.3,10,153800.0,15.2375,15.33,14.36625,-0.034299576247406094,-0.055064360386037854,0.02076478413863176
2025-09-11 10:15:00,15.2,15.2,15.2,15.2,2,30400.0,15.235,15.3475,14.37125,-0.034587736429744,-0.05096903559477908,0.016381299165035085
2025-09-11 10:20:00,15.4,15.4,15.4,15.4,1,15400.0,15.237500000000002,15.368333333333334,14.377083333333333,-0.018464924761437018,-0.04446821342811067,0.026003288666673653
2025-09-11 10:22:00,15.25,15.25,15.25,15.25,2,30500.0,15.23,15.386666666666667,14.382291666666667,-0.01758847773058214,-0.03909226628860497,0.021503788558022825
2025-09-11 10:34:00,15.3,15.3,15.25,15.25,2,30550.0,15.222500000000002,15.406666666666666,14.3875,-0.016701364213750125,-0.034614085873634,0.017912721659883876
2025-09-11 10:36:00,15.25,15.25,15.25,15.25,2,30500.0,15.215,15.426666666666668,14.392708333333333,-0.015816003319212513,-0.030854469362749704,0.015038466043537192
2025-09-11 10:39:00,15.25,15.25,15.25,15.25,2,30500.0,15.215,15.445,14.397916666666667,-0.014942105144639228,-0.02767199651912761,0.012729891374488381
2025-09-11 10:59:00,15.25,15.25,15.25,15.25,1,15250.0,15.215,15.46,14.403333333333334,-0.014087146687128183,-0.024955026552727726,0.010867879865599544
2025-09-11 11:00:00,15.25,15.25,15.25,15.25,1,15250.0,15.215,15.451666666666666,14.408333333333333,-0.013256770155605224,-0.022615375273303227,0.009358605117698003
2025-09-11 11:03:00,15.25,15.25,15.25,15.25,1,15250.0,15.217500000000001,15.443333333333333,14.413541666666667,-0.01245511594822446,-0.020583323408287477,0.008128207460063017
2025-09-11 11:04:00,15.25,15.25,15.25,15.25,1,15250.0,15.220000000000002,15.436666666666667,14.41875,-0.01168510064673356,-0.018803678855976697,0.007118578209243137
2025-09-11 11:06:00,15.25,15.25,15.25,15.25,2,30500.0,15.227500000000001,15.43,14.424375,-0.010948648764978586,-0.017232672837777074,0.006284024072798489
2025-09-11 11:08:00,15.25,15.25,15.25,15.25,2,30500.0,15.232500000000002,15.422500000000001,14.429375,-0.010246885623830693,-0.015835515394987797,0.005588629771157105
2025-09-11 11:17:00,15.25,15.25,15.25,15.25,3,45750.0,15.24,15.414166666666667,14.434375,-0.00958029757166301,-0.01458447183032284,0.00500417425865983
2025-09-11 11:18:00,15.25,15.25,15.25,15.25,1,15250.0,15.25,15.405833333333334,14.438333333333334,-0.008948864794930955,-0.013457350423244465,0.00450848562831351
2025-09-11 11:29:00,15.25,15.25,15.25,15.25,1,15250.0,15.260000000000002,15.3975,14.442916666666667,-0.008352171140284526,-0.012436314566652477,0.0040841434263679515
2025-09-11 11:34:00,15.25,15.25,15.25,15.25,1,15250.0,15.260000000000002,15.389166666666666,14.447083333333333,-0.007789494674220521,-0.011506950588166087,0.0037174559139455665
2025-09-11 11:37:00,15.25,15.25,15.25,15.25,1,15250.0,15.265,15.380833333333333,14.452708333333334,-0.007259882119047489,-0.010657536894342368,0.0033976547752948786
2025-09-11 11:38:00,15.25,15.25,15.25,15.25,1,15250.0,15.2625,15.3725,14.45875,-0.0067622098080857285,-0.00987847147709104,0.0031162616690053116
2025-09-11 11:42:00,15.2,15.2,15.2,15.2,1,15200.0,15.255,15.363333333333335,14.465,-0.010283837372908167,-0.009959544656254466,-0.00032429271665370026
2025-09-11 11:43:00,15.2,15.2,15.2,15.2,14,212800.0,15.25,15.354166666666666,14.470208333333336,-0.012925752560470016,-0.010552786237097577,-0.002372966323372439
2025-09-11 11:44:00,15.15,15.15,15.15,15.15,2,30300.0,15.247499999999999,15.344166666666666,14.475416666666666,-0.018836931097045095,-0.012209615209087083,-0.006627315887958013
2025-09-11 11:49:00,15.15,15.15,15.15,15.15,1,15150.0,15.235,15.334166666666668,14.480833333333333,-0.02325353045080547,-0.014418398257430761,-0.00883513219337471
2025-09-11 12:03:00,15.15,15.15,15.15,15.15,1,15150.0,15.229999999999999,15.324166666666667,14.48625,-0.026448831591777022,-0.016824484924300016,-0.009624346667477007
2025-09-11 12:12:00,15.15,15.15,15.15,15.15,1,15150.0,15.225,15.314166666666667,14.491666666666667,-0.02865086147040863,-0.01918976023352174,-0.009461101236886888
2025-09-11 12:25:00,15.1,15.1,15.1,15.1,1,15100.0,15.217499999999998,15.307500000000001,14.4975,-0.03403819699958888,-0.02215944758673517,-0.011878749412853707
2025-09-11 12:27:00,15.1,15.1,15.1,15.1,1,15100.0,15.209999999999999,15.299166666666668,14.501249999999999,-0.03787114424325466,-0.025301786918039068,-0.012569357325215594
2025-09-11 12:28:00,15.15,15.15,15.1,15.1,5,75550.0,15.202499999999997,15.290833333333332,14.504999999999999,-0.040442585596631275,-0.028329946653757515,-0.01211263894287376
2025-09-11 12:39:00,15.1,15.1,15.1,15.1,1,15100.0,15.194999999999999,15.28,14.508750000000001,-0.04199636345928681,-0.03106323001486338,-0.010933133444423433
2025-09-11 12:44:00,15.1,15.1,15.1,15.1,1,15100.0,15.1875,15.269166666666667,14.5125,-0.04273511975100597,-0.0333976079620919,-0.009337511788914066
2025-09-11 12:53:00,15.1,15.1,15.1,15.1,1,15100.0,15.179999999999998,15.259166666666667,14.517083333333334,-0.04282690750376439,-0.035283467870426403,-0.007543439633337985
2025-09-11 12:56:00,15.1,15.1,15.1,15.1,1,15100.0,15.1725,15.25,14.521666666666667,-0.0424107650593033,-0.036708927308201786,-0.005701837751101516
2025-09-11 12:57:00,15.15,15.15,15.15,15.15,1,15150.0,15.167499999999999,15.242500000000001,14.526250000000001,-0.03761280998105754,-0.03688970384277294,-0.0007231061382846002
2025-09-11 12:58:00,15.15,15.15,15.15,15.15,2,30300.0,15.1625,15.236666666666668,14.531041666666669,-0.03342509235586455,-0.036196781545391264,0.0027716891895267146
2025-09-11 13:06:00,15.15,15.15,15.15,15.15,1,15150.0,15.157499999999999,15.230833333333333,14.535833333333334,-0.029763204275093713,-0.03491006609133176,0.005146861816238045
2025-09-11 13:07:00,15.1,15.1,15.1,15.1,5,75500.0,15.15,15.2225,14.539583333333333,-0.030543625815512954,-0.034036778036167996,0.0034931522206550422
2025-09-11 13:09:00,15.05,15.05,15.05,15.05,5,75250.0,15.139999999999997,15.2125,14.54375,-0.03479559567406909,-0.03418854156374822,-0.0006070541103208732
2025-09-11 13:10:00,15.05,15.05,15.05,15.05,1,15050.0,15.129999999999999,15.204166666666667,14.547708333333333,-0.03773038008548468,-0.034896909268095515,-0.002833470817389168
2025-09-11 13:12:00,15.0,15.0,15.0,15.0,4,60000.0,15.117499999999998,15.200833333333334,14.551666666666668,-0.043588340748724974,-0.03663519556422141,-0.006953145184503566
2025-09-11 13:15:00,15.0,15.0,15.0,15.0,1,15000.0,15.107499999999998,15.1975,14.555625,-0.047681177841024436,-0.038844392019582015,-0.00883678582144242
2025-09-11 13:18:00,15.2,15.35,15.2,15.35,11,168350.0,15.115,15.200833333333334,14.561041666666666,-0.022424213422270967,-0.035560356300119805,0.013136142877848839
2025-09-11 13:19:00,15.35,15.55,15.35,15.55,14,215900.0,15.135000000000002,15.205833333333334,14.567291666666668,0.013573969110055373,-0.025733491218084766,0.03930746032814014
2025-09-11 13:20:00,15.6,15.6,15.5,15.55,14,217850.0,15.154999999999998,15.209166666666667,14.573541666666666,0.04162298426660449,-0.012262196121146913,0.053885180387751405
2025-09-11 13:21:00,15.5,15.5,15.5,15.5,5,77500.0,15.1725,15.210833333333333,14.579791666666665,0.059135768400466304,0.002017396783175734,0.05711837161729057
2025-09-11 13:25:00,15.4,15.4,15.35,15.4,5,76950.0,15.184999999999999,15.210833333333335,14.585624999999999,0.06420549080277205,0.014455015587095001,0.04975047521567705
2025-09-11 13:30:00,15.1,15.1,15.1,15.1,15,226500.0,15.184999999999999,15.205833333333333,14.590208333333331,0.043514185097427216,0.020266849489161447,0.02324733560826577
2025-09-12 09:01:00,14.8,15.1,14.8,15.1,25,371550.0,15.184999999999999,15.203333333333331,14.594791666666667,0.0268071599995352,0.0215749115912362,0.005232248408299001
2025-09-12 09:02:00,15.1,15.1,15.1,15.1,4,60400.0,15.185000000000002,15.200833333333332,14.599375,0.01341211572056622,0.019942352417102207,-0.006530236696535987
2025-09-12 09:03:00,15.25,15.25,15.25,15.25,2,30500.0,15.1925,15.200833333333332,14.604583333333332,0.014730390251624925,0.018899959984006752,-0.004169569732381827
2025-09-12 09:06:00,15.3,15.3,15.3,15.3,3,45900.0,15.202499999999997,15.202499999999999,14.609999999999998,0.019583962716110292,0.019036760530427462,0.0005472021856828303
2025-09-12 09:09:00,15.3,15.3,15.3,15.3,1,15300.0,15.2125,15.204166666666667,14.614583333333334,0.023163440143088465,0.019862096452959666,0.0033013436901287996
2025-09-12 09:10:00,15.2,15.2,15.2,15.2,4,60800.0,15.217499999999998,15.205833333333333,14.61875,0.017726695219572264,0.019435016206282185,-0.0017083209867099214
2025-09-12 09:11:00,15.25,15.35,15.25,15.35,4,61150.0,15.227500000000001,15.209166666666667,14.623541666666666,0.025230935576139757,0.020594200080253703,0.004636735495886054
2025-09-12 09:13:00,15.2,15.35,15.2,15.35,7,106650.0,15.2375,15.213333333333333,14.629166666666666,0.03082279413953337,0.022639918892109638,0.008182875247423733
2025-09-12 09:14:00,15.35,15.6,15.35,15.6,28,433150.0,15.26,15.2225,14.636041666666667,0.05479564293832162,0.02907106370135204,0.02572457923696958
2025-09-12 09:25:00,15.5,15.55,15.5,15.55,2,31050.0,15.282500000000002,15.230833333333333,14.642708333333333,0.06896473367311984,0.03704979769570561,0.03191493597741423
2025-09-12 09:33:00,15.3,15.3,15.3,15.3,1,15300.0,15.295000000000002,15.231666666666667,14.648333333333333,0.059336930303823365,0.041507224217329164,0.0178297060864942
2025-09-12 09:37:00,15.2,15.2,15.15,15.15,9,136450.0,15.3,15.231666666666666,14.653333333333334,0.03915176321615732,0.0410361320170948,-0.0018843688009374804
2025-09-12 09:38:00,15.3,15.3,15.3,15.3,1,15300.0,15.315000000000001,15.231666666666666,14.658958333333334,0.03485681164358212,0.03980026794239227,-0.004943456298810149
2025-09-12 09:40:00,15.05,15.05,15.05,15.05,1,15050.0,15.3175,15.226666666666667,14.662708333333333,0.011151572529529474,0.03407052885981971,-0.022918956330290237
2025-09-12 09:43:00,15.15,15.15,15.15,15.15,8,121200.0,15.3075,15.224166666666667,14.667083333333332,0.0004292162717458581,0.02734226634220494,-0.02691305007045908
2025-09-12 09:44:00,15.45,15.45,15.45,15.45,1,15450.0,15.302499999999998,15.228333333333332,14.672708333333333,0.01595524238007151,0.025064861549778255,-0.009109619169706745
2025-09-12 09:45:00,15.45,15.55,15.45,15.55,2,31000.0,15.3025,15.230833333333333,14.679166666666667,0.035914889702775454,0.027234867180377695,0.00868002252239776
2025-09-12 09:58:00,15.45,15.55,15.45,15.55,10,155200.0,15.305000000000001,15.235833333333334,14.685625,0.05114350353449204,0.03201659445120057,0.01912690908329147
2025-09-12 09:59:00,15.6,15.6,15.6,15.6,1,15600.0,15.315000000000001,15.241666666666667,14.692291666666668,0.06648052572703911,0.038909380706368284,0.027571145020670824
2025-09-12 10:06:00,15.55,15.55,15.55,15.55,2,31100.0,15.3375,15.246666666666666,14.698749999999999,0.07375049438812908,0.04587760344272045,0.027872890945408638
2025-09-12 10:37:00,15.3,15.3,15.3,15.3,1,15300.0,15.3475,15.2475,14.704166666666667,0.058662857363193766,0.048434654226815116,0.01022820313637865
2025-09-12 10:38:00,15.2,15.2,15.2,15.2,1,15200.0,15.352499999999997,15.246666666666666,14.709166666666667,0.03819632855604027,0.046386989092660154,-0.008190660536619883
2025-09-12 10:42:00,15.2,15.2,15.1,15.1,5,75750.0,15.344999999999999,15.244166666666667,14.713750000000001,0.01374880509110632,0.03985935229234939,-0.02611054720124307
2025-09-12 10:47:00,15.1,15.1,15.1,15.1,1,15100.0,15.335000000000003,15.241666666666667,14.718541666666669,-0.005561919049123176,0.030775098024054877,-0.03633701707317805
2025-09-12 10:49:00,15.1,15.1,15.1,15.1,1,15100.0,15.325,15.239166666666668,14.723125000000001,-0.02062802008150655,0.02049447440294259,-0.04112249448444914
2025-09-12 10:51:00,15.1,15.1,15.1,15.1,3,45300.0,15.320000000000002,15.236666666666668,14.727708333333334,-0.03219686823985057,0.009956205874383957,-0.04215307411423453
2025-09-12 10:53:00,15.1,15.1,15.05,15.05,11,166000.0,15.305000000000001,15.233333333333333,14.732083333333334,-0.044882468725850444,-0.0010115290456629263,-0.043870939680187515
2025-09-12 10:55:00,15.05,15.05,15.05,15.05,1,15050.0,15.289999999999997,15.229999999999999,14.736458333333333,-0.054309848380396986,-0.011671192912609742,-0.042638655467787244
2025-09-12 10:57:00,15.05,15.05,15.05,15.05,1,15050.0,15.2625,15.226666666666667,14.740833333333335,-0.06107705639030847,-0.021552365608149493,-0.03952469078215898
2025-09-12 10:59:00,15.1,15.1,15.1,15.1,2,30200.0,15.24,15.224166666666667,14.745416666666667,-0.06169436116855387,-0.029580764720230374,-0.0321135964483235
2025-09-12 11:01:00,15.1,15.1,15.1,15.1,1,15100.0,15.229999999999999,15.221666666666666,14.749583333333332,-0.0614749348703878,-0.03595959875026186,-0.025515336120125937
2025-09-12 11:03:00,15.05,15.05,15.05,15.05,1,15050.0,15.225,15.218333333333334,14.753541666666667,-0.06459105460976922,-0.041685889922163336,-0.02290516468760588
2025-09-12 11:05:00,15.05,15.05,15.05,15.05,1,15050.0,15.2125,15.215,14.7575,-0.06629637856957338,-0.04660798765164535,-0.019688390917928025
2025-09-12 11:07:00,15.05,15.05,15.05,15.05,1,15050.0,15.2125,15.2125,14.761041666666667,-0.06687694430936553,-0.050661778983189396,-0.01621516532617613
2025-09-12 11:09:00,15.05,15.05,15.05,15.05,1,15050.0,15.207500000000001,15.21,14.764999999999999,-0.06656967308772899,-0.053843357804097325,-0.012726315283631662
2025-09-12 11:11:00,15.1,15.1,15.1,15.1,1,15100.0,15.190000000000001,15.209166666666668,14.769583333333333,-0.061581700784879345,-0.055391026400253736,-0.006190674384625609
2025-09-12 11:13:00,15.05,15.05,15.05,15.05,1,15050.0,15.165000000000001,15.2075,14.773958333333333,-0.06096056350162016,-0.05650493382052702,-0.004455629681093136
2025-09-12 11:15:00,15.0,15.0,15.0,15.0,2,30000.0,15.1375,15.205,14.778125,-0.06376781419420574,-0.05795750989526277,-0.00581030429894297
2025-09-12 11:17:00,15.0,15.0,15.0,15.0,1,15000.0,15.107499999999998,15.202499999999999,14.781458333333335,-0.06524052839273864,-0.059414113594757956,-0.0058264147979806835
2025-09-12 11:19:00,15.0,15.0,15.0,15.0,2,30000.0,15.080000000000002,15.200833333333332,14.785208333333335,-0.06565088249822182,-0.06066146737545074,-0.004989415122771082
2025-09-12 11:21:00,15.05,15.05,15.0,15.0,2,30050.0,15.065000000000001,15.199166666666665,14.78875,-0.06522422679740991,-0.061574019259842586,-0.0036502075375673265
2025-09-12 11:23:00,15.0,15.0,15.0,15.0,1,15000.0,15.055000000000001,15.1975,14.792916666666667,-0.06414665635606376,-0.06208854667908683,-0.0020581096769769283
2025-09-12 11:24:00,15.0,15.0,15.0,15.0,1,15000.0,15.05,15.195833333333333,14.797083333333335,-0.06257138998342882,-0.06218511533995523,-0.00038627464347358587
2025-09-12 11:25:00,15.0,15.0,15.0,15.0,1,15000.0,15.044999999999998,15.194166666666666,14.800416666666669,-0.060624142654631896,-0.06187292080289057,0.0012487781482586752
2025-09-12 11:27:00,15.0,15.0,15.0,15.0,1,15000.0,15.040000000000001,15.192499999999999,14.804583333333335,-0.05840764810751509,-0.06117986626381548,0.002772218156300396
2025-09-12 11:29:00,15.0,15.0,15.0,15.0,1,15000.0,15.035,15.190833333333332,14.807916666666667,-0.05600546408219387,-0.06014498582749117,0.004139521745297303
2025-09-12 11:31:00,15.0,15.0,15.0,15.0,1,15000.0,15.032499999999999,15.188333333333333,14.811458333333333,-0.05348517216398285,-0.058813023094789516,0.005327850930806663
2025-09-12 11:33:00,15.0,15.0,15.0,15.0,1,15000.0,15.030000000000001,15.185833333333333,14.815000000000001,-0.050901066847277576,-0.057230631845287136,0.00632956499800956
2025-09-12 11:35:00,14.9,14.9,14.9,14.9,1,14900.0,15.022499999999999,15.181666666666667,14.818125,-0.056273621749035385,-0.0570392298260368,0.0007656080770014131
2025-09-12 11:37:00,14.9,14.9,14.9,14.9,1,14900.0,15.0125,15.178333333333335,14.82125,-0.059841593575210794,-0.0575997025758716,-0.002241890999339191
2025-09-12 11:38:00,14.9,14.9,14.9,14.9,2,29800.0,15.002500000000001,15.175833333333335,14.824583333333333,-0.06195505761480469,-0.05847077358365823,-0.0034842840311464576
2025-09-12 11:39:00,14.9,14.9,14.9,14.9,1,14900.0,14.995000000000001,15.173333333333334,14.827499999999999,-0.06290486496645364,-0.059357591860217315,-0.003547273106236329
2025-09-12 11:41:00,14.9,14.9,14.9,14.9,1,14900.0,14.9875,15.171666666666665,14.830416666666668,-0.06293215146741638,-0.060072503781657134,-0.002859647685759241
2025-09-12 11:43:00,14.9,14.9,14.9,14.9,1,14900.0,14.98,15.17,14.833333333333334,-0.06223635426484009,-0.06050527387829373,-0.0017310803865463603
2025-09-12 11:50:00,14.9,14.9,14.9,14.9,2,29800.0,14.9725,15.1625,14.83625,-0.06098196780396137,-0.06060061266342727,-0.00038135514053409814
2025-09-12 11:54:00,14.95,14.95,14.95,14.95,1,14950.0,14.965,15.1525,14.839375,-0.05531563120009331,-0.059543616370760485,0.004227985170667178
2025-09-12 11:55:00,14.95,14.95,14.95,14.95,1,14950.0,14.959999999999999,15.142500000000002,14.8425,-0.050245816126405884,-0.057684056321889575,0.0074382401954836905
2025-09-12 12:19:00,14.9,14.9,14.9,14.9,5,74500.0,14.955000000000002,15.1325,14.845416666666667,-0.049689740884897304,-0.056085193234491126,0.006395452349593822
2025-09-12 12:29:00,14.9,14.9,14.9,14.9,1,14900.0,14.95,15.124166666666666,14.848125000000001,-0.048687804545995306,-0.05460571549679197,0.005917910950796662
2025-09-12 12:35:00,14.9,14.95,14.9,14.95,2,29850.0,14.9475,15.121666666666668,14.851041666666667,-0.04335936092382475,-0.052356444582198534,0.008997083658373782
2025-09-12 13:08:00,14.95,14.95,14.95,14.95,1,14950.0,14.944999999999999,15.119166666666667,14.853958333333333,-0.038690530611027896,-0.04962326178796441,0.010932731176936515
2025-09-12 13:14:00,15.0,15.0,15.0,15.0,2,30000.0,14.944999999999999,15.1175,14.857083333333332,-0.03060309340742684,-0.0458192281118569,0.015216134704430062
2025-09-12 13:16:00,15.05,15.05,15.05,15.05,1,15050.0,14.9475,15.114166666666668,14.860416666666667,-0.019929425018196056,-0.04064126749312474,0.02071184247492868
2025-09-12 13:21:00,14.95,14.95,14.9,14.9,2,29850.0,14.9425,15.1075,14.863125,-0.023305560325573182,-0.037174126059614426,0.013868565734041244
2025-09-12 13:30:00,15.05,15.05,15.05,15.05,3,45150.0,14.944999999999999,15.103333333333333,14.867083333333333,-0.01371927818376939,-0.03248315648444542,0.01876387830067603
2025-09-15 09:05:00,14.9,14.9,14.9,14.9,1,14900.0,14.940000000000001,15.098333333333334,14.870208333333332,-0.01801812518738366,-0.029590150225033068,0.011572025037649408
2025-09-15 09:06:00,14.85,14.85,14.85,14.85,2,29700.0,14.9325,15.090000000000002,14.873541666666664,-0.025169436940217338,-0.028706007568069923,0.003536570627852585
2025-09-15 09:07:00,14.8,14.8,14.8,14.8,4,59200.0,14.9225,15.080833333333334,14.876041666666667,-0.03447408931704743,-0.029859623917865428,-0.004614465399182002
2025-09-15 09:08:00,14.8,14.8,14.8,14.8,2,29600.0,14.9175,15.067499999999999,14.879375000000001,-0.041371192013231806,-0.0321619375369387,-0.009209254476293102
2025-09-15 09:09:00,14.8,14.8,14.8,14.8,2,29600.0,14.9125,15.055000000000001,14.882708333333333,-0.04630343837618689,-0.03499023770478834,-0.01131320067139855
2025-09-15 09:10:00,14.8,14.8,14.75,14.75,6,88600.0,14.905000000000001,15.045833333333333,14.887708333333332,-0.053628663436892765,-0.03871792285120923,-0.014910740585683535
2025-09-15 09:12:00,14.8,14.8,14.8,14.8,2,29600.0,14.9,15.04,14.892916666666668,-0.0547680430321833,-0.04192794688740405,-0.012840096144779253
2025-09-15 09:18:00,15.0,15.0,15.0,15.0,8,120000.0,14.905000000000001,15.035,14.897916666666667,-0.039082166156331866,-0.041358790741189616,0.0022766245848577504
2025-09-15 09:19:00,15.2,15.25,15.2,15.25,9,136950.0,14.922500000000003,15.038333333333332,14.903958333333334,-0.006404260727601141,-0.034367884738471924,0.027963624010870783
2025-09-15 09:20:00,15.25,15.3,15.15,15.3,21,320550.0,14.9425,15.040833333333333,14.910208333333333,0.023259673847359608,-0.022842373021305616,0.046102046868665224
2025-09-15 09:40:00,15.2,15.2,15.0,15.0,3,45200.0,14.945000000000002,15.033333333333335,14.915208333333332,0.022303956789597734,-0.013813107059124946,0.03611706384872268
2025-09-15 09:41:00,14.95,14.95,14.95,14.95,1,14950.0,14.945000000000002,15.023333333333333,14.919791666666667,0.017312395484630372,-0.0075880065503738815,0.02490040203500425
2025-09-15 11:55:00,14.95,14.95,14.8,14.8,2,29750.0,14.940000000000001,15.010833333333334,14.923541666666665,0.0012385238584080582,-0.005822700468617494,0.007061224327025552
2025-09-15 12:02:00,14.8,14.8,14.8,14.8,7,103600.0,14.934999999999999,14.9975,14.927291666666667,-0.011369079539441884,-0.006931976282782373,-0.004437103256659511
2025-09-15 12:21:00,14.8,14.8,14.8,14.8,1,14800.0,14.9275,14.985000000000001,14.931041666666667,-0.021117269329332444,-0.009769034892092389,-0.011348234437240055
2025-09-15 12:31:00,14.8,14.8,14.8,14.8,1,14800.0,14.920000000000002,14.976666666666667,14.934791666666666,-0.02851408732050409,-0.013518045377774731,-0.014996041942729358
2025-09-15 12:57:00,14.8,14.8,14.8,14.8,3,44400.0,14.910000000000002,14.97,14.938541666666667,-0.03398436822731732,-0.017611309947683253,-0.016373058279634065
2025-09-15 12:58:00,14.8,14.8,14.8,14.8,1,14800.0,14.897500000000003,14.965000000000002,14.942291666666666,-0.03788291459900783,-0.02166563087794817,-0.016217283721059662
2025-09-15 13:02:00,14.8,14.8,14.8,14.8,1,14800.0,14.892499999999998,14.96,14.944791666666667,-0.040505617145500494,-0.02543362813145864,-0.015071989014041855
2025-09-15 13:06:00,14.75,14.75,14.75,14.75,1,14750.0,14.877499999999998,14.954166666666667,14.947083333333333,-0.046087442591950634,-0.02956439102355704,-0.016523051568393593
2025-09-15 13:16:00,14.75,14.75,14.75,14.75,1,14750.0,14.87,14.948333333333332,14.949375,-0.04993545463584148,-0.033638603746013934,-0.016296850889827547
2025-09-15 13:18:00,14.75,14.75,14.75,14.75,2,29500.0,14.864999999999998,14.943333333333333,14.951875,-0.052381213876657284,-0.03738712577214261,-0.014994088104514677
2025-09-15 13:23:00,14.8,14.8,14.8,14.8,2,29600.0,14.865,14.939166666666667,14.954375,-0.0497118661151692,-0.03985207384074793,-0.00985979227442127
2025-09-15 13:25:00,14.8,14.8,14.8,14.8,2,29600.0,14.865,14.935,14.956875,-0.04705397979360448,-0.041292455031319245,-0.005761524762285239
2025-09-16 11:44:00,14.6,14.6,14.6,14.6,2,29200.0,14.855,14.926666666666668,14.958541666666665,-0.06038977848988836,-0.04511191972303307,-0.015277858766855286
2025-09-16 11:55:00,14.6,14.6,14.6,14.6,1,14600.0,14.8475,14.918333333333333,14.960416666666667,-0.07014985121785955,-0.05011950602199837,-0.02003034519586118
2025-09-16 11:58:00,14.7,14.7,14.7,14.7,1,14700.0,14.842499999999998,14.9125,14.962708333333333,-0.06901999536407288,-0.05389960389041328,-0.015120391473659602
2025-09-16 12:06:00,14.7,14.7,14.7,14.7,1,14700.0,14.8275,14.906666666666668,14.965,-0.06734822801008988,-0.0565893287143486,-0.010758899295741281
2025-09-16 12:34:00,14.6,14.6,14.3,14.3,31,449250.0,14.779999999999998,14.894166666666667,14.965625,-0.09717976950756757,-0.0647074168729924,-0.032472352634575166
2025-09-16 12:36:00,14.45,14.45,14.45,14.45,3,43350.0,14.7375,14.884166666666667,14.968124999999999,-0.1074787861280111,-0.07326169072399615,-0.03421709540401495
2025-09-16 12:42:00,14.4,14.4,14.3,14.3,10,143650.0,14.702499999999997,14.870833333333334,14.97,-0.12628879873801324,-0.08386711232679957,-0.042421686411213674
2025-09-16 12:45:00,14.3,14.3,14.15,14.15,11,156300.0,14.6625,14.855833333333333,14.97125,-0.1515526114810264,-0.09740421215764494,-0.054148399323381446
2025-09-16 12:55:00,14.25,14.25,14.25,14.25,2,28500.0,14.635,14.843333333333334,14.972708333333335,-0.16164189369870385,-0.11025174846585674,-0.051390145232847115
2025-09-16 12:56:00,14.25,14.3,14.25,14.3,4,57050.0,14.610000000000003,14.831666666666669,14.974375,-0.16371592513763922,-0.12094458380021324,-0.04277134133742598
2025-09-16 13:00:00,14.3,14.3,14.3,14.3,2,28600.0,14.584999999999999,14.82,14.976041666666667,-0.16347516999563716,-0.12945070103929804,-0.03402446895633912
2025-09-16 13:07:00,14.25,14.25,14.05,14.05,20,282950.0,14.5475,14.804166666666667,14.976666666666667,-0.18136659921491471,-0.13983388067442137,-0.04153271854049334
2025-09-16 13:08:00,14.2,14.2,14.2,14.2,3,42600.0,14.517499999999998,14.790833333333333,14.977916666666665,-0.18135143294266953,-0.148137391128071,-0.03321404181459853
2025-09-16 13:12:00,14.1,14.1,14.1,14.1,1,14100.0,14.482499999999998,14.775833333333335,14.97875,-0.1872500755163511,-0.15595992800572703,-0.03129014751062406
2025-09-16 13:21:00,14.1,14.1,14.1,14.1,2,28200.0,14.447500000000002,14.760833333333334,14.979375,-0.1897376151337209,-0.1627154654313258,-0.027022149702395082
2025-09-16 13:30:00,14.25,14.25,14.25,14.25,5,71250.0,14.422500000000003,14.748333333333335,14.980833333333331,-0.17755847819423742,-0.16568406798390814,-0.011874410210329284
2025-09-17 09:24:00,14.25,14.25,14.25,14.25,1,14250.0,14.397500000000003,14.735833333333336,14.981666666666666,-0.16599296089755633,-0.1657458465666378,-0.0002471143309185353
2025-09-17 09:25:00,14.25,14.25,14.25,14.25,1,14250.0,14.372500000000002,14.723333333333334,14.982708333333333,-0.1550400004981931,-0.16360467735294887,0.00856467685475576
2025-09-17 09:58:00,14.25,14.25,14.25,14.25,2,28500.0,14.345000000000002,14.710833333333335,14.984166666666665,-0.1446917836554089,-0.15982209861344088,0.015130314958031965
2025-09-17 10:20:00,14.25,14.25,14.25,14.25,1,14250.0,14.3175,14.700000000000001,14.985624999999999,-0.13493529714148522,-0.15484473831904977,0.019909441177564546
2025-09-17 10:32:00,14.25,14.25,13.8,13.8,54,754750.0,14.277499999999998,14.681666666666667,14.984583333333335,-0.1616510379395013,-0.15620599824314008,-0.005445039696361231
2025-09-17 10:33:00,13.85,14.05,13.85,14.0,4,55900.0,14.247499999999999,14.666666666666666,14.985208333333333,-0.1647855808674148,-0.15792191476799503,-0.0068636660994197685
2025-09-17 10:42:00,13.95,13.95,13.9,13.9,6,83450.0,14.207500000000001,14.65,14.984791666666666,-0.1733407289634421,-0.16100567760708445,-0.012335051356357651
2025-09-17 10:43:00,14.0,14.0,14.0,14.0,1,14000.0,14.1725,14.635,14.985416666666667,-0.17009087942085976,-0.16282271796983952,-0.007268161451020244
2025-09-17 10:53:00,14.0,14.0,14.0,14.0,1,14000.0,14.157500000000002,14.620000000000001,14.985833333333334,-0.16560634340407177,-0.16337944305668597,-0.0022269003473857907
2025-09-17 11:05:00,14.05,14.05,14.05,14.05,2,28100.0,14.1375,14.605833333333333,14.986041666666665,-0.15621696226950554,-0.1619469468992499,0.005729984629744361
2025-09-17 11:22:00,14.05,14.05,14.05,14.05,2,28100.0,14.125,14.590833333333334,14.98625,-0.14708035924647334,-0.1589736293686946,0.011893270122221272
2025-09-17 12:16:00,14.05,14.05,14.05,14.05,1,14050.0,14.12,14.575833333333332,14.986041666666667,-0.13824592258459312,-0.1548280880118743,0.016582165427281192
2025-09-17 12:38:00,14.05,14.05,14.05,14.05,1,14050.0,14.11,14.561666666666667,14.985833333333334,-0.12974890329013178,-0.14981225106752583,0.020063347777394047
2025-09-17 12:44:00,14.1,14.1,14.1,14.1,1,14100.0,14.1,14.548333333333336,14.985833333333334,-0.11762447047207836,-0.14337469494843633,0.02575022447635797
2025-09-17 12:49:00,14.05,14.05,14.05,14.05,2,28100.0,14.087500000000002,14.533333333333333,14.985833333333334,-0.1107734251534076,-0.1368544409894306,0.026081015836022986
2025-09-17 12:53:00,14.05,14.05,14.05,14.05,2,28100.0,14.0875,14.518333333333334,14.985625,-0.10414342183931069,-0.1303122371594066,0.026168815320095906
2025-09-17 13:21:00,14.1,14.1,14.1,14.1,1,14100.0,14.082500000000001,14.503333333333334,14.985625,-0.09377355118764896,-0.12300449996505507,0.029230948777406104
2025-09-17 13:30:00,14.05,14.05,14.05,14.05,2,28100.0,14.080000000000002,14.486666666666668,14.985208333333333,-0.08856896818491933,-0.11611739360902792,0.027548425424108597
2025-09-18 09:34:00,14.2,14.2,14.2,14.2,2,28400.0,14.084999999999999,14.475,14.984791666666666,-0.07151615850261273,-0.1071971465877449,0.035680988085132176
2025-09-18 09:45:00,14.15,14.15,14.15,14.15,2,28300.0,14.079999999999998,14.46,14.984375,-0.06132930010761051,-0.09802357729171803,0.03669427718410752
2025-09-18 10:03:00,14.2,14.2,14.2,14.2,3,42600.0,14.0775,14.448333333333332,14.984166666666665,-0.048660629853891635,-0.08815098780415276,0.039490357950261123
2025-09-18 10:04:00,14.2,14.2,14.2,14.2,1,14200.0,14.075,14.4375,14.983958333333332,-0.03818049640890919,-0.07815688952510405,0.03997639311619486
2025-09-18 10:13:00,14.15,14.15,14.15,14.15,1,14150.0,14.069999999999999,14.426666666666668,14.983541666666666,-0.03352306426359419,-0.06923012447280208,0.035707060209207886
2025-09-18 10:24:00,14.1,14.1,14.1,14.1,1,14100.0,14.0625,14.415000000000001,14.983125,-0.0334806537307859,-0.06208023032439884,0.028599576593612938
2025-09-18 10:29:00,14.05,14.05,14.05,14.05,1,14050.0,14.075000000000003,14.4025,14.982291666666667,-0.037054484182508673,-0.057075081096020816,0.020020596913512143
2025-09-18 10:34:00,14.05,14.05,14.05,14.05,2,28100.0,14.0775,14.390833333333331,14.981458333333334,-0.039432220471663726,-0.053546508971149404,0.014114288499485678
2025-09-18 10:45:00,14.05,14.05,14.05,14.05,1,14050.0,14.084999999999999,14.378333333333334,14.980625,-0.04084574923984263,-0.05100635702488806,0.010160607785045427
2025-09-18 11:08:00,14.05,14.05,14.05,14.05,1,14050.0,14.0875,14.3625,14.979791666666667,-0.04148773617514223,-0.0491026328549389,0.007614896679796666
2025-09-18 11:14:00,14.05,14.05,14.05,14.05,1,14050.0,14.09,14.342500000000001,14.979375,-0.04151792267801113,-0.04758569081955335,0.006067768141542217
2025-09-18 11:56:00,14.0,14.0,14.0,14.0,1,14000.0,14.0875,14.320833333333333,14.978958333333333,-0.045057038340623023,-0.04707996032376729,0.0020229219831442644
2025-09-18 12:28:00,14.0,14.0,14.0,14.0,1,14000.0,14.085000000000003,14.304166666666667,14.978333333333332,-0.04731637923480214,-0.04712724410597426,-0.00018913512882787892
2025-09-18 13:30:00,14.05,14.05,14.05,14.05,6,84300.0,14.085000000000003,14.289166666666667,14.977916666666665,-0.04455869612642083,-0.04661353451006358,0.002054838383642753
2025-09-19 09:17:00,14.05,14.05,14.05,14.05,1,14050.0,14.084999999999999,14.276666666666666,14.977500000000001,-0.04189032678365656,-0.04566889296478218,0.0037785661811256185
2025-09-19 09:29:00,14.0,14.0,14.0,14.0,1,14000.0,14.079999999999998,14.263333333333332,14.977291666666668,-0.043310945369427145,-0.04519730344571118,0.0018863580762840323
2025-09-19 09:41:00,14.0,14.0,14.0,14.0,1,14000.0,14.077499999999997,14.25,14.977083333333333,-0.04393039360193285,-0.044943921476955515,0.0010135278750226656
2025-09-19 09:53:00,14.0,14.0,14.0,14.0,1,14000.0,14.075,14.236666666666666,14.976458333333335,-0.04391508502509822,-0.04473815418658406,0.0008230691614858412
2025-09-19 09:56:00,13.95,13.95,13.95,13.95,1,13950.0,14.0675,14.2225,14.974791666666667,-0.04739123830507097,-0.04526877101028145,-0.002122467294789522
2025-09-19 09:57:00,13.95,13.95,13.95,13.95,1,13950.0,14.0625,14.208333333333334,14.967291666666664,-0.0495746491277842,-0.046129946633782004,-0.003444702494002194
2025-09-19 09:58:00,13.95,13.95,13.95,13.95,2,27900.0,14.05,14.194166666666666,14.959791666666666,-0.05072034536634362,-0.04704802638029433,-0.0036723189860492916
2025-09-19 10:44:00,13.95,14.0,13.95,14.0,6,83750.0,14.0425,14.181666666666667,14.952916666666669,-0.04705135700206853,-0.04704869250464917,-2.6644974193551496e-06
2025-09-19 10:48:00,14.05,14.05,14.05,14.05,1,14050.0,14.035,14.17,14.94625,-0.03965199167960343,-0.04556935233964003,0.005917360660036605
2025-09-19 11:15:00,14.1,14.1,14.1,14.1,1,14100.0,14.029999999999998,14.159166666666666,14.939583333333333,-0.029414289598701515,-0.04233833979145233,0.012924050192750815
2025-09-19 11:18:00,14.1,14.1,14.1,14.1,1,14100.0,14.0275,14.1475,14.932708333333332,-0.021058092360405567,-0.03808229030524298,0.017024197944837414
2025-09-19 11:34:00,14.1,14.1,14.1,14.1,1,14100.0,14.0275,14.135833333333332,14.925833333333333,-0.014271235921736292,-0.03332007942854164,0.01904884350680535
2025-09-19 11:37:00,14.1,14.1,14.1,14.1,1,14100.0,14.029999999999998,14.1275,14.918958333333332,-0.00879126308891287,-0.028414316160615887,0.019623053071703016
2025-09-19 11:50:00,14.1,14.1,14.1,14.1,1,14100.0,14.032500000000002,14.119166666666668,14.912083333333332,-0.004397651745945197,-0.023610983277681748,0.01921333153173655
2025-09-19 12:23:00,14.1,14.1,14.05,14.05,5,70350.0,14.032500000000002,14.108333333333333,14.905,-0.004893851955916517,-0.019867557013328704,0.014973705057412186
2025-09-19 12:33:00,14.1,14.1,14.1,14.1,1,14100.0,14.035,14.098333333333333,14.898124999999999,-0.0012382384229212562,-0.016141693295247214,0.014903454872325958
2025-09-19 13:05:00,14.2,14.2,14.2,14.2,1,14200.0,14.042499999999999,14.096666666666666,14.891666666666667,0.009617165210315193,-0.010989921594134732,0.020607086804449927
2025-09-19 13:06:00,14.2,14.2,14.2,14.2,1,14200.0,14.0525,14.0925,14.885208333333333,0.018012513752477588,-0.005189434524812267,0.023201948277289854
2025-09-19 13:15:00,14.2,14.2,14.2,14.2,1,14200.0,14.0625,14.090833333333334,14.878749999999998,0.024384795217105903,0.0007254114235713687,0.023659383793534536
2025-09-19 13:23:00,14.1,14.1,14.1,14.1,4,56400.0,14.064999999999998,14.09,14.871875,0.021122226048742476,0.004804774348605592,0.016317451700136883
2025-09-19 13:25:00,14.2,14.2,14.2,14.2,1,14200.0,14.072500000000002,14.089166666666667,14.865416666666667,0.026302580961862887,0.009104335671257053,0.017198245290605832
2025-09-19 13:30:00,14.2,14.2,14.2,14.2,1,14200.0,14.082500000000001,14.0875,14.858958333333332,0.03006151907371546,0.013295772351748739,0.01676574672196672
2025-09-22 10:27:00,14.15,14.15,14.15,14.15,1,14150.0,14.09,14.085,14.853333333333332,0.028675370653386878,0.016371692012076368,0.01230367864131051
2025-09-22 11:33:00,14.1,14.1,14.1,14.1,2,28200.0,14.095000000000002,14.085833333333335,14.847083333333332,0.023273968094400743,0.017752147228541244,0.005521820865859499
2025-09-22 11:54:00,14.05,14.05,14.05,14.05,4,56200.0,14.1,14.083333333333334,14.840625,0.01478826559839419,0.017159370902511833,-0.0023711053041176426
2025-09-22 11:55:00,14.0,14.0,14.0,14.0,2,28000.0,14.102499999999997,14.081666666666667,14.833333333333334,0.003982791955101206,0.014524055113029706,-0.0105412631579285
2025-09-22 11:56:00,13.95,13.95,13.95,13.95,3,41850.0,14.102500000000001,14.079166666666667,14.825833333333332,-0.008517026904517166,0.009915838709520331,-0.018432865614037498
2025-09-22 13:05:00,14.15,14.15,14.15,14.15,1,14150.0,14.11,14.077499999999999,14.819375,-0.0022588561887815217,0.007480899729859961,-0.009739755918641482
2025-09-23 12:20:00,14.15,14.15,14.15,14.15,1,14150.0,14.114999999999998,14.075833333333332,14.813125000000001,0.0026700109667245897,0.0065187219772328865,-0.003848711010508297
2025-09-23 12:26:00,14.15,14.15,14.15,14.15,1,14150.0,14.117500000000001,14.074166666666665,14.807083333333335,0.006501231547627384,0.006515223891311787,-1.3992343684402983e-05
2025-09-24 10:32:00,14.0,14.0,14.0,14.0,2,28000.0,14.1125,14.069999999999999,14.800833333333335,-0.00253699998069834,0.0047047791169097615,-0.0072417790976081016
2025-09-24 10:43:00,14.0,14.0,14.0,14.0,5,70000.0,14.107499999999998,14.065833333333332,14.794583333333334,-0.009589323827896123,0.0018459585279485837,-0.011435282355844708
2025-09-24 11:39:00,14.0,14.0,14.0,14.0,1,14000.0,14.102500000000001,14.069166666666666,14.787916666666666,-0.015005368735780067,-0.0015243069247971475,-0.013481061810982919
2025-09-24 13:02:00,14.0,14.0,14.0,14.0,1,14000.0,14.0975,14.069166666666666,14.781041666666669,-0.019077707410213307,-0.005034987021880381,-0.014042720388332926
2025-09-24 13:15:00,14.0,14.0,14.0,14.0,8,112000.0,14.094999999999999,14.070833333333333,14.774583333333334,-0.022050876372686545,-0.008438164892041616,-0.01361271148064493
2025-09-24 13:30:00,14.1,14.1,14.1,14.1,1,14100.0,14.094999999999999,14.0725,14.770000000000001,-0.016151782239322898,-0.009980888361497874,-0.006170893877825025
2025-09-25 09:53:00,14.0,14.0,14.0,14.0,1,14000.0,14.085000000000003,14.0725,14.764999999999999,-0.019323126924133405,-0.01184933607402498,-0.007473790850108424
2025-09-25 10:06:00,14.05,14.05,14.05,14.05,1,14050.0,14.077499999999997,14.072499999999998,14.760416666666666,-0.017598988122495385,-0.012999266483719062,-0.004599721638776323
2025-09-25 11:15:00,14.0,14.0,14.0,14.0,4,56000.0,14.067499999999999,14.071666666666665,14.755208333333334,-0.02003621284346302,-0.014406655755667854,-0.0056295570877951655
2025-09-25 11:22:00,14.0,14.0,14.0,14.0,2,28000.0,14.0625,14.070833333333333,14.749583333333334,-0.021717386481331147,-0.015868801900800512,-0.005848584580530634
2025-09-25 12:08:00,14.0,14.0,14.0,14.0,1,14000.0,14.052499999999998,14.069999999999999,14.74375,-0.02278705373058898,-0.017252452266758207,-0.0055346014638307725
2025-09-25 13:11:00,14.0,14.0,14.0,14.0,4,56000.0,14.042499999999999,14.068333333333332,14.737916666666669,-0.023365430592761527,-0.018475047931958873,-0.004890382660802654
2025-09-25 13:22:00,14.0,14.0,14.0,14.0,1,14000.0,14.035,14.067499999999999,14.732083333333334,-0.02355230214469195,-0.01949049877450549,-0.004061803370186461
2025-09-26 10:05:00,14.0,14.0,14.0,14.0,1,14000.0,14.029999999999998,14.066666666666666,14.726875000000001,-0.02343030917660549,-0.02027846085492549,-0.003151848321680001
2025-09-26 11:00:00,14.0,14.0,14.0,14.0,3,42000.0,14.027499999999998,14.065,14.721666666666668,-0.023067718569967255,-0.020836312397933845,-0.00223140617203341
2025-09-26 12:36:00,13.95,13.95,13.95,13.95,5,69750.0,14.025,14.063333333333333,14.71625,-0.026509361615252303,-0.021970922241397538,-0.004538439373854765
2025-09-26 12:45:00,13.95,13.95,13.95,13.95,1,13950.0,14.025,14.059166666666668,14.711041666666665,-0.02890370460953129,-0.02335747871502429,-0.005546225894506998
2025-09-26 12:49:00,13.95,13.95,13.95,13.95,4,55800.0,14.015,14.055833333333334,14.705833333333334,-0.030450227415766307,-0.024776028455172697,-0.00567419896059361
2025-09-26 13:30:00,14.0,14.0,14.0,14.0,1,14000.0,14.007499999999999,14.0525,14.70125,-0.02732627545579902,-0.025286077855297965,-0.0020401976005010557
2025-09-30 09:08:00,14.0,14.0,14.0,14.0,1,14000.0,14.0,14.049166666666666,14.696458333333334,-0.024567324199917806,-0.025142327124221934,0.0005750029243041278
2025-09-30 09:42:00,14.0,14.0,14.0,14.0,2,28000.0,14.0,14.046666666666665,14.691875000000001,-0.022125783196592863,-0.024539018338696122,0.0024132351421032594
2025-09-30 11:17:00,14.0,14.0,14.0,14.0,12,168000.0,14.0,14.044999999999998,14.6875,-0.019960749268671307,-0.023623364524691163,0.0036626152560198556
2025-09-30 12:31:00,14.0,14.0,14.0,14.0,1,14000.0,14.0,14.044166666666666,14.683125,-0.018037024689602887,-0.02250609655767351,0.004469071868070624
2025-09-30 12:37:00,14.0,14.0,14.0,14.0,1,14000.0,14.0,14.043333333333333,14.677916666666668,-0.016324282928911416,-0.021269733831921094,0.004945450903009678
2025-09-30 13:22:00,13.95,13.95,13.95,13.95,1,13950.0,13.997499999999999,14.041666666666666,14.672916666666667,-0.01878496351037917,-0.02077277976761271,0.00198781625723354
2025-09-30 13:30:00,13.95,13.95,13.95,13.95,1,13950.0,13.99,14.04,14.667291666666667,-0.020498773498587752,-0.02071797851380772,0.00021920501521996774
2025-10-01 09:33:00,13.95,13.95,13.95,13.95,1,13950.0,13.987499999999997,14.038333333333332,14.661458333333334,-0.021607897865433046,-0.02089596238413279,-0.0007119354813002569
2025-10-01 10:08:00,13.95,13.95,13.95,13.95,1,13950.0,13.982500000000002,14.0375,14.655833333333332,-0.022230626097403672,-0.021162895126786967,-0.0010677309706167044
2025-10-01 13:18:00,14.0,14.0,14.0,14.0,1,14000.0,13.982500000000002,14.0375,14.650833333333333,-0.01847657412988646,-0.02062563092740687,0.0021490567975204107
2025-10-01 13:25:00,13.95,13.95,13.95,13.95,1,13950.0,13.98,14.035833333333333,14.644791666666666,-0.01931341006268994,-0.020363186754463483,0.0010497766917735435
2025-10-02 09:10:00,13.95,13.95,13.95,13.95,1,13950.0,13.977500000000001,14.034166666666668,14.639375,-0.01974895490961437,-0.02024034038549366,0.0004913854758792913
2025-10-02 09:57:00,13.95,13.95,13.95,13.95,1,13950.0,13.975,14.033333333333333,14.633958333333334,-0.01986513443458726,-0.020165299195312382,0.0003001647607251204
2025-10-02 10:04:00,13.95,13.95,13.95,13.95,2,27900.0,13.9725,14.0325,14.628541666666667,-0.019729774980538295,-0.020078194352357567,0.0003484193718192724
2025-10-02 11:10:00,13.9,13.9,13.9,13.9,5,69500.0,13.967500000000001,14.030833333333334,14.622916666666667,-0.023387487374311178,-0.02074005295674829,-0.0026474344175628876
2025-10-02 11:16:00,13.85,13.85,13.85,13.85,6,83100.0,13.959999999999999,14.029166666666667,14.617083333333333,-0.029975296373711657,-0.022587101640140966,-0.007388194733570691
2025-10-02 11:31:00,13.85,13.85,13.85,13.85,4,55400.0,13.955000000000002,14.0275,14.61125,-0.03479508637183493,-0.025028698586479763,-0.009766387785355164
2025-10-02 12:48:00,13.9,13.9,13.9,13.9,1,13900.0,13.952499999999997,14.026666666666667,14.605625,-0.03418614592738045,-0.026860188054659905,-0.007325957872720546
2025-10-02 13:23:00,13.9,13.9,13.9,13.9,1,13900.0,13.95,14.025,14.6,-0.03331947012699743,-0.02815204446912741,-0.005167425657870019
2025-10-03 09:26:00,13.9,13.9,13.9,13.9,1,13900.0,13.944999999999999,14.022499999999999,14.594375000000001,-0.03226074156399683,-0.0289737838881013,-0.0032869576758955306
2025-10-03 09:32:00,13.9,13.9,13.9,13.9,2,27800.0,13.940000000000001,14.019166666666669,14.58875,-0.03106360959510468,-0.02939174902950198,-0.0016718605656027008
2025-10-03 10:01:00,14.0,14.0,14.0,14.0,2,28000.0,13.940000000000001,14.017500000000002,14.583541666666665,-0.02179447646169841,-0.027872294515941268,0.006077818054242859
2025-10-03 10:29:00,14.05,14.15,14.05,14.15,3,42250.0,13.9475,14.018333333333334,14.578958333333333,-0.0023181530499218894,-0.022761466222737392,0.020443313172815503
2025-10-03 11:35:00,14.15,14.15,14.15,14.15,3,42450.0,13.954999999999998,14.019166666666667,14.574375,0.012967492392920832,-0.015615674499605747,0.02858316689252658
2025-10-03 12:04:00,14.05,14.05,14.05,14.05,1,14050.0,13.9575,14.018333333333333,14.569375,0.016818439763891746,-0.009128851646906248,0.025947291410797994
2025-10-03 12:18:00,14.05,14.05,14.05,14.05,2,28100.0,13.9625,14.018333333333334,14.564375,0.01964390064127386,-0.0033743011892702246,0.023018201830544083
2025-10-03 12:33:00,14.0,14.0,14.0,14.0,1,14000.0,13.965,14.016666666666667,14.559166666666666,0.017645114711685395,0.0008295819909209004,0.016815532720764494
2025-10-03 12:44:00,14.0,14.0,14.0,14.0,1,14000.0,13.967500000000001,14.013333333333334,14.554166666666667,0.01587803041116409,0.0038392716749695395,0.01203875873619455
2025-10-03 13:11:00,14.0,14.0,14.0,14.0,1,14000.0,13.969999999999999,14.01,14.549166666666666,0.014312616438834525,0.005933940627742538,0.008378675811091987
2025-10-07 09:35:00,14.0,14.0,14.0,14.0,2,28000.0,13.969999999999999,14.006666666666666,14.544375,0.012923045760356189,0.007331761654265269,0.00559128410609092
2025-10-07 10:16:00,14.0,14.0,14.0,14.0,3,42000.0,13.9725,14.005,14.539583333333333,0.011687079607581197,0.008202825244928455,0.003484254362652742
2025-10-07 10:51:00,13.95,13.95,13.95,13.95,1,13950.0,13.9725,14.000833333333333,14.534583333333334,0.006596939976690308,0.007881648191280826,-0.001284708214590518
2025-10-07 11:12:00,14.0,14.0,14.0,14.0,2,28000.0,13.975,13.997499999999999,14.529791666666666,0.006522364026828598,0.00760979135839038,-0.0010874273315617826
2025-10-07 12:07:00,13.95,13.95,13.95,13.95,4,55800.0,13.975,13.994166666666667,14.525,0.0024010026526983808,0.0065680336172519805,-0.0041670309645536
2025-10-07 12:24:00,13.95,13.95,13.9,13.9,2,27850.0,13.975,13.990833333333333,14.520000000000001,-0.0048439500210832875,0.004285636889584926,-0.009129586910668213
2025-10-07 12:51:00,13.9,13.9,13.9,13.9,1,13900.0,13.977500000000001,13.988333333333333,14.515000000000002,-0.010464993283775925,0.0013355108549127552,-0.01180050413868868
2025-10-07 12:52:00,13.9,13.9,13.9,13.9,1,13900.0,13.98,13.986666666666668,14.509999999999998,-0.014749685375244681,-0.0018815283911187333,-0.012868156984125948
2025-10-07 13:14:00,13.9,13.9,13.9,13.9,2,27800.0,13.98,13.985833333333334,14.504999999999999,-0.01793855028593505,-0.005092932770081998,-0.012845617515853053
2025-10-07 13:20:00,13.85,13.85,13.85,13.85,4,55400.0,13.977500000000001,13.980833333333333,14.499791666666665,-0.024221124785356096,-0.00891857117313682,-0.015302553612219277
2025-10-07 13:21:00,13.9,13.9,13.9,13.9,1,13900.0,13.977500000000001,13.976666666666667,14.494791666666666,-0.0248787415608529,-0.012110605250680037,-0.012768136310172864
2025-10-08 11:43:00,14.05,14.05,14.05,14.05,1,14050.0,13.985,13.975,14.490208333333333,-0.013144637991102215,-0.012317411798764475,-0.0008272261923377398
2025-10-09 10:13:00,13.95,13.95,13.9,13.9,3,41750.0,13.979999999999999,13.973333333333333,14.485000000000001,-0.01576726752487545,-0.013007382943986671,-0.0027598845808887787
2025-10-09 10:25:00,13.9,13.9,13.9,13.9,2,27800.0,13.967500000000001,13.971666666666668,14.479791666666666,-0.01764235029321881,-0.013934376413833102,-0.00370797387938571
2025-10-09 10:54:00,13.9,13.9,13.9,13.9,1,13900.0,13.955000000000002,13.97,14.474791666666667,-0.018910379809234712,-0.014929577092913426,-0.003980802716321286
2025-10-09 11:27:00,13.9,13.9,13.9,13.9,3,41700.0,13.9475,13.968333333333334,14.47,-0.019688347323954858,-0.015881331139121716,-0.0038070161848331417
2025-10-09 11:33:00,14.05,14.05,14.05,14.05,1,14050.0,13.9475,13.969166666666666,14.465833333333334,-0.008107685435785328,-0.014326601998454438,0.006218916562669111
2025-10-09 12:44:00,13.9,13.9,13.9,13.9,1,13900.0,13.9425,13.965833333333334,14.46125,-0.010907933979973805,-0.013642868394758314,0.0027349344147845085
2025-10-09 13:24:00,13.95,13.95,13.95,13.95,1,13950.0,13.940000000000001,13.965,14.456875,-0.008988949973513627,-0.012712084710509377,0.0037231347369957504
2025-10-09 13:30:00,13.95,13.95,13.95,13.95,7,97650.0,13.9375,13.963333333333335,14.451041666666667,-0.007383034299236257,-0.011646274628254755,0.004263240329018498
2025-10-13 09:03:00,13.85,13.85,13.85,13.85,1,13850.0,13.930000000000001,13.960833333333335,14.443958333333333,-0.014017909092332914,-0.012120601521070388,-0.001897307571262526
2025-10-13 09:17:00,13.8,13.8,13.8,13.8,1,13800.0,13.919999999999998,13.957500000000001,14.436666666666667,-0.02304502855595736,-0.014305486928047784,-0.008739541627909575
2025-10-13 09:35:00,13.8,13.8,13.8,13.8,3,41400.0,13.9125,13.954166666666667,14.429583333333335,-0.029854936642205843,-0.0174153768708794,-0.012439559771326443
2025-10-13 09:46:00,13.8,13.8,13.75,13.75,3,41300.0,13.9,13.95,14.422708333333334,-0.038838711505878365,-0.021700043797879195,-0.01713866770799917
2025-10-13 10:17:00,13.8,13.8,13.8,13.8,1,13800.0,13.892500000000002,13.946666666666667,14.417291666666667,-0.041446071168232734,-0.025649249271949906,-0.01579682189628283
2025-10-13 10:37:00,13.95,13.95,13.95,13.95,4,55800.0,13.895,13.945833333333333,14.4125,-0.03105074245733519,-0.026729547909026968,-0.004321194548308222
2025-10-13 10:40:00,13.9,13.9,13.9,13.9,1,13900.0,13.895000000000001,13.944166666666668,14.407499999999999,-0.02654100352478217,-0.02669183903217801,0.0001508355073958391
2025-10-13 11:54:00,13.9,13.9,13.9,13.9,1,13900.0,13.895,13.943333333333333,14.401874999999999,-0.02270527070269779,-0.025894525366281965,0.003189254663584176
2025-10-13 13:03:00,13.9,13.9,13.9,13.9,1,13900.0,13.895,13.942499999999999,14.396041666666667,-0.019441317401035718,-0.024603883773232717,0.005162566372196999
2025-10-13 13:30:00,13.9,13.9,13.9,13.9,3,41700.0,13.897499999999999,13.941666666666666,14.390208333333334,-0.016662535556131175,-0.02301561412981241,0.006353078573681236
2025-10-14 09:01:00,13.9,13.9,13.9,13.9,1,13900.0,13.897499999999999,13.94,14.384791666666668,-0.014295540828001663,-0.021271599469450262,0.006976058641448599
2025-10-14 10:07:00,13.95,13.95,13.95,13.95,1,13950.0,13.892500000000002,13.939166666666667,14.378958333333333,-0.00828954164410689,-0.01867518790438159,0.0103856462602747
2025-10-14 13:00:00,13.95,13.95,13.95,13.95,1,13950.0,13.895000000000001,13.938333333333334,14.373124999999998,-0.003489519016905973,-0.015638054126886465,0.012148535109980492
2025-10-14 13:02:00,13.95,13.95,13.85,13.85,10,139150.0,13.892499999999998,13.935833333333333,14.365833333333335,-0.007666258907084611,-0.014043695082926093,0.006377436175841482
2025-10-14 13:07:00,13.8,13.8,13.8,13.8,2,27600.0,13.8875,13.932500000000001,14.358541666666666,-0.014839872679649702,-0.014202930602270816,-0.000636942077378886
2025-10-14 13:13:00,13.8,13.8,13.75,13.75,2,27550.0,13.88,13.928333333333335,14.352083333333333,-0.024279713980893902,-0.016218287277995437,-0.008061426702898465
2025-10-14 13:22:00,13.75,13.75,13.75,13.75,1,13750.0,13.865,13.925,14.34625,-0.03139890914305532,-0.019254411651007414,-0.012144497492047907
2025-10-14 13:30:00,13.75,13.75,13.75,13.75,1,13750.0,13.857499999999998,13.921666666666669,14.339791666666665,-0.03661880382402849,-0.022727290085611633,-0.013891513738416857
2025-10-15 12:59:00,13.75,13.75,13.75,13.75,3,41250.0,13.8475,13.918333333333333,14.334375,-0.04029115659317917,-0.026240063387125142,-0.014051093206054025
2025-10-15 13:03:00,13.85,13.85,13.85,13.85,2,27700.0,13.842500000000001,13.916666666666666,14.328958333333333,-0.03473198959928503,-0.02793844862955712,-0.00679354096972791
2025-10-15 13:04:00,13.9,13.9,13.9,13.9,2,27800.0,13.844999999999999,13.915,14.3225,-0.025992106745386323,-0.027549180252722964,0.0015570735073366405
2025-10-15 13:06:00,13.75,13.75,13.75,13.75,3,41250.0,13.842500000000001,13.911666666666667,14.315,-0.030814225800078532,-0.02820218936219408,-0.0026120364378844525
2025-10-15 13:08:00,13.7,13.7,13.7,13.7,1,13700.0,13.8375,13.907499999999999,14.307291666666666,-0.038229684024694066,-0.030207688294694078,-0.008021995729999988
2025-10-15 13:15:00,13.8,13.8,13.8,13.8,3,41400.0,13.84,13.905000000000001,14.299791666666666,-0.03562664207503907,-0.031291479050763085,-0.004335163024275987
2025-10-15 13:17:00,13.7,13.7,13.7,13.7,1,13700.0,13.834999999999999,13.900833333333333,14.292083333333334,-0.04115842810223036,-0.03326486886105654,-0.007893559241173818
2025-10-16 09:30:00,13.7,13.7,13.7,13.7,1,13700.0,13.8225,13.8975,14.285416666666666,-0.045023406578208025,-0.03561657640448684,-0.009406830173721188
2025-10-16 09:35:00,13.7,13.7,13.7,13.7,1,13700.0,13.8125,13.895000000000001,14.279166666666667,-0.04753843636334132,-0.038000948396257735,-0.009537487967083584
2025-10-16 10:43:00,13.7,13.7,13.7,13.7,1,13700.0,13.8025,13.8925,14.273333333333333,-0.04896715273216756,-0.040194189263439706,-0.008772963468727857
2025-10-16 12:49:00,13.7,13.7,13.7,13.7,2,27400.0,13.792499999999999,13.889166666666666,14.2675,-0.04952848717803171,-0.04206104884635811,-0.007467438331673598
2025-10-17 09:29:00,13.7,13.7,13.7,13.7,1,13700.0,13.782499999999999,13.885833333333332,14.261666666666667,-0.04940385191849117,-0.04352960946078473,-0.005874242457706444
2025-10-17 09:35:00,13.7,13.7,13.7,13.7,1,13700.0,13.772499999999999,13.8825,14.255833333333333,-0.04874319635140267,-0.04457232683890832,-0.004170869512494353
2025-10-17 09:48:00,13.7,13.7,13.7,13.7,1,13700.0,13.760000000000002,13.879166666666666,14.250208333333331,-0.04767011069227145,-0.04519188360958095,-0.0024782270826905
2025-10-20 10:14:00,13.8,13.8,13.75,13.75,5,68850.0,13.75,13.875,14.244791666666666,-0.0422975209514469,-0.044613011077954144,0.0023154901265072456
2025-10-20 10:18:00,13.9,14.0,13.9,14.0,4,55750.0,13.757500000000002,13.8725,14.240416666666667,-0.017663184021152745,-0.03922304566659387,0.021559861645441124
2025-10-20 10:19:00,14.0,14.0,14.0,14.0,2,28000.0,13.767500000000002,13.870000000000001,14.235833333333334,0.0018385122521120678,-0.03101073408285268,0.03284924633496475
2025-10-20 10:26:00,14.05,14.05,14.05,14.05,1,14050.0,13.782499999999999,13.870000000000001,14.231458333333334,0.021085271300941955,-0.020591533006093753,0.04167680430703571
2025-10-20 10:47:00,14.05,14.05,14.05,14.05,8,112400.0,13.7975,13.87,14.227291666666668,0.03592435293405849,-0.009288355818063303,0.04521270875212179
2025-10-20 11:24:00,14.05,14.05,14.05,14.05,1,14050.0,13.8125,13.870833333333334,14.223125,0.047141019707193976,0.001997519286988156,0.04514350042020582
2025-10-20 11:29:00,14.05,14.05,14.05,14.05,2,28100.0,13.8275,13.871666666666666,14.218958333333335,0.055391786897462936,0.012676372809083116,0.04271541408837982
2025-10-20 11:36:00,14.0,14.0,14.0,14.0,10,140000.0,13.834999999999999,13.871666666666666,14.214583333333334,0.05723621376280086,0.021588340999826667,0.035647872762974195
2025-10-20 11:47:00,14.0,14.0,14.0,14.0,1,14000.0,13.84,13.871666666666666,14.21,0.0580290130018799,0.028876475400237318,0.029152537601642586
2025-10-20 11:48:00,14.0,14.0,14.0,14.0,1,14000.0,13.852500000000001,13.871666666666666,14.205625,0.057988852713389605,0.034698950862867776,0.02328990185052183
2025-10-20 12:24:00,14.0,14.0,14.0,14.0,2,28000.0,13.867500000000001,13.8725,14.201458333333333,0.057296546473533994,0.039218469985001024,0.01807807648853297
2025-10-20 12:30:00,14.0,14.0,14.0,14.0,1,14000.0,13.877500000000001,13.8725,14.197291666666667,0.056101189203294766,0.042595013828659774,0.013506175374634992
2025-10-20 13:16:00,14.0,14.0,14.0,14.0,3,42000.0,13.892500000000002,13.873333333333333,14.193125,0.05452532593796988,0.0449810762505218,0.009544249687448082
2025-10-20 13:30:00,13.9,13.9,13.9,13.9,1,13900.0,13.9025,13.873333333333333,14.188541666666667,0.044692096018549066,0.04492328020412726,-0.00023118418557819403
2025-10-21 10:42:00,13.9,13.9,13.9,13.9,1,13900.0,13.9125,13.873333333333335,14.183958333333331,0.03647868686779532,0.043234361536860874,-0.006755674669065556
2025-10-21 11:16:00,13.9,13.9,13.9,13.9,1,13900.0,13.9225,13.873333333333333,14.179374999999999,0.02962796816714608,0.04051308286291792,-0.010885114695771837
2025-10-21 11:48:00,13.9,13.9,13.9,13.9,1,13900.0,13.9325,13.873333333333333,14.174791666666666,0.023922955302909443,0.03719505735091622,-0.01327210204800678
2025-10-21 13:21:00,13.9,13.9,13.9,13.9,2,27800.0,13.9425,13.874166666666666,14.170208333333333,0.019180589608103205,0.03359216380235362,-0.014411574194250418
2025-10-21 13:30:00,13.9,13.9,13.9,13.9,1,13900.0,13.9525,13.874166666666666,14.165625,0.015246478712079181,0.029923026784298732,-0.01467654807221955
2025-10-22 09:01:00,13.95,13.95,13.95,13.95,1,13950.0,13.964999999999998,13.8725,14.161249999999999,0.015979053038989832,0.027134232035236953,-0.011155178996247121
2025-10-22 09:12:00,13.95,13.95,13.95,13.95,3,41850.0,13.975,13.873333333333335,14.156874999999998,0.01637090981318856,0.024981567590827276,-0.008610657777638715
2025-10-22 09:14:00,13.9,13.9,13.9,13.9,3,41700.0,13.969999999999999,13.873333333333333,14.152708333333333,0.01250275304296622,0.022485804681255068,-0.009983051638288849
2025-10-22 09:15:00,13.9,13.9,13.9,13.9,6,83400.0,13.964999999999998,13.873333333333333,14.148541666666667,0.009329664370650192,0.019854576619134093,-0.010524912248483901
2025-10-22 09:20:00,13.9,13.9,13.9,13.9,1,13900.0,13.957500000000001,13.873333333333333,14.144375,0.006737305275581917,0.01723112235042366,-0.010493817074841743
2025-10-22 10:32:00,13.9,13.9,13.9,13.9,2,27800.0,13.95,13.870833333333334,14.140208333333334,0.004629476294821799,0.014710793139303287,-0.010081316844481488
2025-10-22 11:12:00,13.9,13.9,13.9,13.9,2,27800.0,13.9425,13.870833333333334,14.136041666666666,0.0029252857680734934,0.012353691665057329,-0.009428405896983835
2025-10-22 13:30:00,13.95,13.95,13.95,13.95,2,27900.0,13.9375,13.870833333333334,14.132083333333334,0.005545361158592499,0.010992025563764364,-0.005446664405171865
2025-10-23 09:32:00,13.9,13.9,13.9,13.9,1,13900.0,13.9325,13.87,14.127916666666668,0.00354632779038333,0.009502886009088158,-0.0059565582187048275
2025-10-23 10:17:00,14.0,14.0,14.0,14.0,1,14000.0,13.9325,13.872499999999999,14.123958333333333,0.009916927541326004,0.009585694315535728,0.0003312332257902756
2025-10-23 10:20:00,14.0,14.0,14.0,14.0,1,14000.0,13.9325,13.875833333333333,14.120000000000001,0.014795124753133493,0.010627580403055283,0.00416754435007821
2025-10-23 10:49:00,14.0,14.0,14.0,14.0,1,14000.0,13.9325,13.879166666666666,14.11625,0.018448468725310363,0.0121917580675063,0.006256710657804063
2025-10-23 11:01:00,13.9,13.9,13.9,13.9,3,41700.0,13.9275,13.881666666666668,14.112083333333333,0.013123328319178285,0.012378072117840698,0.0007452562013375869
2025-10-23 12:51:00,13.9,13.9,13.9,13.9,1,13900.0,13.9225,13.883333333333333,14.107708333333333,0.008801656168287764,0.011662788927930112,-0.002861132759642348
2025-10-23 13:22:00,14.05,14.05,14.05,14.05,1,14050.0,13.930000000000001,13.885,14.103958333333335,0.01728123888575439,0.012786478919494968,0.004494759966259422
2025-10-23 13:30:00,13.95,13.95,13.95,13.95,1,13950.0,13.9325,13.885833333333332,14.099583333333333,0.015750641426382828,0.013379311420872541,0.0023713300055102863
2025-10-27 09:35:00,13.9,13.9,13.9,13.9,3,41700.0,13.9325,13.885833333333332,14.094791666666667,0.010383356904922536,0.01278012051768254,-0.002396763612760004
2025-10-27 12:36:00,13.95,13.95,13.95,13.95,1,13950.0,13.935000000000002,13.886666666666667,14.090833333333332,0.010048494594322221,0.012233795333010477,-0.002185300738688256
2025-10-27 13:03:00,13.9,13.9,13.9,13.9,1,13900.0,13.934999999999999,13.886666666666667,14.086041666666667,0.005683021335652683,0.01092364053353892,-0.005240619197886237
2025-10-27 13:30:00,13.95,13.95,13.95,13.95,1,13950.0,13.9375,13.8875,14.082083333333335,0.006186618966774304,0.009976236220185997,-0.003789617253411693
2025-10-28 13:30:00,13.9,13.9,13.9,13.9,1,13900.0,13.935000000000002,13.886666666666667,14.078125,0.0025220687465203895,0.008485402725452876,-0.005963333978932487
2025-10-29 09:27:00,13.95,13.95,13.95,13.95,2,27900.0,13.934999999999999,13.886666666666665,14.074583333333333,0.0036108448560501216,0.007510491151572325,-0.0038996462955222036
2025-10-29 09:34:00,13.9,13.9,13.9,13.9,3,41700.0,13.934999999999999,13.8875,14.070833333333333,0.0004341213537610855,0.006095217192010077,-0.005661095838248992
2025-10-29 10:42:00,13.85,13.85,13.85,13.85,1,13850.0,13.932500000000001,13.888333333333332,14.066875000000001,-0.006048315821582051,0.0036665105892916515,-0.009714826410873702
2025-10-29 13:18:00,13.85,13.85,13.85,13.85,5,69250.0,13.929999999999998,13.889999999999999,14.063125000000001,-0.011058221690335657,0.0007215641333661891,-0.011779785823701846
2025-10-30 09:01:00,13.85,13.85,13.85,13.85,2,27700.0,13.9275,13.891666666666667,14.059166666666666,-0.014857341995593742,-0.0023942170924257985,-0.012463124903167944
2025-10-30 10:15:00,13.85,13.85,13.85,13.85,1,13850.0,13.925,13.893333333333334,14.054374999999999,-0.01766454631458103,-0.005448282936856846,-0.012216263377724185
2025-10-30 10:43:00,13.85,14.0,13.85,14.0,5,69500.0,13.9275,13.8975,14.049166666666666,-0.007696805580858168,-0.005897987465657111,-0.0017988181152010568
2025-10-30 12:41:00,13.85,13.85,13.85,13.85,1,13850.0,13.925,13.897499999999999,14.043125000000002,-0.01176542118172108,-0.007071474208869905,-0.0046939469728511755
2025-10-30 12:52:00,13.8,13.8,13.8,13.8,1,13800.0,13.915000000000001,13.895833333333334,14.038125,-0.01880760809200588,-0.009418700985497103,-0.009388907106508776
2025-10-31 09:39:00,13.95,13.95,13.95,13.95,1,13950.0,13.9125,13.899166666666666,14.033958333333334,-0.012144847316962526,-0.009963930251790189,-0.0021809170651723372
2025-10-31 09:45:00,13.95,13.95,13.95,13.95,1,13950.0,13.91,13.903333333333334,14.030416666666667,-0.006786332780198023,-0.009328410757471756,0.0025420779772737327
2025-10-31 10:07:00,13.95,13.95,13.95,13.95,2,27900.0,13.9125,13.905833333333334,14.026874999999999,-0.0025107292795389924,-0.007964874461885204,0.005454145182346212
2025-10-31 10:32:00,13.9,13.9,13.85,13.85,5,69300.0,13.91,13.908333333333333,14.022916666666667,-0.0071094931547524,-0.007793798200458643,0.0006843050457062431
2025-10-31 10:33:00,13.8,13.8,13.8,13.8,1,13800.0,13.897499999999999,13.91,14.01875,-0.014620097408499788,-0.009159058042066874,-0.005461039366432914
2025-10-31 11:48:00,13.85,13.85,13.85,13.85,1,13850.0,13.892500000000002,13.9125,14.014791666666666,-0.01634925917529806,-0.010597098268713112,-0.005752160906584947
2025-10-31 12:16:00,13.85,13.85,13.85,13.85,1,13850.0,13.89,13.915,14.010833333333334,-0.0175176992014201,-0.011981218455254511,-0.005536480746165589
2025-10-31 12:50:00,13.85,13.85,13.85,13.85,2,27700.0,13.885,13.917499999999999,14.006875,-0.018233511766597488,-0.013231677117523107,-0.005001834649074381
2025-10-31 13:30:00,13.85,13.85,13.85,13.85,1,13850.0,13.882499999999999,13.92,14.003125,-0.018586544269039607,-0.01430265054782641,-0.004283893721213197
2025-11-03 13:30:00,13.85,13.85,13.85,13.85,1,13850.0,13.877500000000001,13.922500000000001,13.999374999999999,-0.01865132421518112,-0.015172385281297354,-0.0034789389338837663
2025-11-04 09:21:00,13.85,13.85,13.85,13.85,1,13850.0,13.875,13.925,13.995624999999999,-0.01848952703093154,-0.015835813631224195,-0.0026537133997073456
2025-11-04 09:53:00,13.8,13.8,13.8,13.8,5,69000.0,13.867499999999998,13.925833333333333,13.991458333333332,-0.02214065998309067,-0.017096782901597492,-0.005043877081493179
2025-11-04 11:50:00,13.75,13.75,13.75,13.75,1,13750.0,13.86,13.921666666666665,13.987083333333334,-0.028737523008480537,-0.019424930922974103,-0.009312592085506433
2025-11-04 13:00:00,13.75,13.75,13.7,13.7,5,68600.0,13.852500000000001,13.916666666666666,13.983333333333333,-0.03756711628468423,-0.023053367995316133,-0.014513748289368099
2025-11-04 13:30:00,13.75,13.75,13.75,13.75,1,13750.0,13.847500000000002,13.911666666666667,13.979791666666666,-0.04006816952063019,-0.02645632830037895,-0.013611841220251244
2025-11-06 09:18:00,13.7,13.7,13.7,13.7,2,27400.0,13.84,13.905833333333334,13.975625,-0.04555967083630996,-0.030276996807565154,-0.015282674028744808
2025-11-06 09:19:00,13.7,13.7,13.7,13.7,8,109600.0,13.8325,13.9,13.971458333333334,-0.04934293060401984,-0.0340901835668561,-0.015252747037163741
2025-11-06 12:16:00,13.7,13.7,13.7,13.7,1,13700.0,13.817499999999999,13.894166666666667,13.968958333333335,-0.051744710415144723,-0.03762108893651383,-0.014123621478630895
2025-11-07 09:40:00,13.7,13.7,13.7,13.7,3,41100.0,13.809999999999999,13.889166666666666,13.965833333333334,-0.05303676342482788,-0.04070422383417664,-0.01233253959065124
2025-11-07 09:49:00,13.65,13.65,13.65,13.65,6,81900.0,13.8025,13.883333333333333,13.963125,-0.05743325209708772,-0.04405002948675886,-0.013383222610328857
2025-11-07 09:50:00,13.6,13.6,13.6,13.6,5,68000.0,13.785,13.876666666666667,13.960833333333333,-0.06421188849732395,-0.04808240128887188,-0.016129487208452073
2025-11-07 10:23:00,13.65,13.65,13.65,13.65,2,27300.0,13.770000000000001,13.870833333333334,13.958333333333334,-0.06480242256021818,-0.051426405543141145,-0.013376017017077031
2025-11-07 10:24:00,13.6,13.6,13.6,13.6,3,40800.0,13.752499999999998,13.864166666666668,13.955416666666668,-0.06851520654043064,-0.054844165742599045,-0.013671040797831595
2025-11-07 10:55:00,13.65,13.65,13.6,13.6,6,81700.0,13.74,13.8575,13.952499999999999,-0.07064328280367071,-0.05800398915481338,-0.012639293648857332
2025-11-07 11:34:00,13.6,13.6,13.55,13.55,5,67850.0,13.727500000000001,13.851666666666667,13.950416666666666,-0.07549413135402894,-0.0615020175946565,-0.01399211375937244
2025-11-07 12:07:00,13.55,13.55,13.55,13.55,3,40650.0,13.7125,13.845833333333333,13.947708333333333,-0.07843432174130349,-0.0648884784239859,-0.01354584331731759
2025-11-07 12:24:00,13.7,13.7,13.7,13.7,1,13700.0,13.705000000000002,13.8425,13.946041666666668,-0.06787823931832548,-0.06548643060285382,-0.0023918087154716633
2025-11-07 13:30:00,13.6,13.6,13.6,13.6,1,13600.0,13.692499999999999,13.8375,13.943958333333335,-0.06681147115994257,-0.06575143871427157,-0.0010600324456710025
2025-11-10 09:32:00,13.5,13.5,13.5,13.5,2,27000.0,13.675,13.830833333333334,13.940833333333334,-0.07319150783175132,-0.06723945253776752,-0.005952055293983807
2025-11-10 09:38:00,13.5,13.5,13.5,13.5,1,13500.0,13.657499999999999,13.824166666666667,13.937708333333335,-0.0773560208044568,-0.06926276619110537,-0.008093254613351433
2025-11-10 10:06:00,13.5,13.5,13.5,13.5,2,27000.0,13.639999999999997,13.816666666666666,13.934583333333334,-0.0797372657739075,-0.0713576661076658,-0.008379599666241702
2025-11-10 10:22:00,13.55,13.55,13.55,13.55,1,13550.0,13.627500000000001,13.809999999999999,13.931666666666668,-0.07670562276394577,-0.0724272574389218,-0.004278365325023972
2025-11-10 11:11:00,13.55,13.55,13.55,13.55,2,27100.0,13.617500000000001,13.804166666666667,13.92875,-0.07345626573034103,-0.07263305909720565,-0.0008232066331353843
2025-11-10 12:00:00,13.6,13.6,13.6,13.6,1,13600.0,13.6125,13.799166666666668,13.927916666666667,-0.066084760752668,-0.07132339942829811,0.005238638675630111
2025-11-10 12:23:00,13.55,13.55,13.55,13.55,1,13550.0,13.602499999999997,13.793333333333333,13.926041666666666,-0.06354486641685675,-0.06976769282600985,0.006222826409153101
2025-11-10 12:45:00,13.55,13.55,13.55,13.55,1,13550.0,13.594999999999999,13.7875,13.924583333333334,-0.06083076269031373,-0.06798030679887063,0.007149544108556893
2025-11-10 13:15:00,13.55,13.55,13.55,13.55,2,27100.0,13.5875,13.781666666666666,13.922708333333333,-0.05801110008187926,-0.06598646545547235,0.007975365373593085
2025-11-11 10:29:00,13.7,13.7,13.7,13.7,1,13700.0,13.5875,13.7775,13.921458333333334,-0.04317505558716128,-0.061424183481810134,0.018249127894648852
2025-11-11 10:42:00,13.5,13.5,13.5,13.5,1,13500.0,13.5775,13.770833333333334,13.919166666666667,-0.047013766531900814,-0.058542100091828274,0.01152833355992746
2025-11-11 10:50:00,13.5,13.5,13.5,13.5,1,13500.0,13.569999999999999,13.7625,13.916875000000001,-0.0494855341776983,-0.05673078690900228,0.007245252731303983
2025-11-11 12:21:00,13.55,13.55,13.55,13.55,1,13550.0,13.5675,13.755,13.914791666666666,-0.046869562570529766,-0.054758542041307784,0.007888979470778018
2025-11-11 12:27:00,13.5,13.5,13.5,13.5,2,27000.0,13.559999999999999,13.746666666666668,13.9125,-0.04827449008547724,-0.05346173165014168,0.005187241564664442
2025-11-12 13:07:00,13.6,13.6,13.6,13.6,1,13600.0,13.560000000000002,13.741666666666667,13.910416666666666,-0.040847872154619935,-0.050938959751037335,0.0100910875964174
2025-11-13 09:07:00,13.65,13.65,13.6,13.6,3,40850.0,13.559999999999999,13.736666666666666,13.908541666666668,-0.03456379403608878,-0.04766392660804763,0.013100132571958849
2025-11-13 11:55:00,13.75,13.75,13.75,13.75,1,13750.0,13.569999999999999,13.731666666666666,13.907291666666667,-0.01728066965221231,-0.04158727521688057,0.02430660556466826
2025-11-13 12:23:00,13.7,13.7,13.7,13.7,2,27400.0,13.577499999999997,13.7275,13.905624999999999,-0.007531433514962771,-0.03477610687649701,0.027244673361534237
2025-11-13 13:24:00,13.75,13.75,13.75,13.75,1,13750.0,13.579999999999998,13.725,13.904375,0.004181289196729665,-0.02698462766185167,0.031165916858581336
2025-11-14 09:01:00,13.75,13.75,13.75,13.75,4,55000.0,13.5875,13.721666666666666,13.9025,0.013310273780568593,-0.01892564737336762,0.03223592115393621
2025-11-14 09:54:00,13.75,13.75,13.75,13.75,2,27500.0,13.6,13.719166666666666,13.900833333333333,0.02031092809804491,-0.01107833227908511,0.031389260377130024
2025-11-14 10:48:00,13.75,13.75,13.75,13.75,1,13750.0,13.6125,13.715833333333334,13.898958333333333,0.025564307656203766,-0.003749804292027334,0.0293141119482311
2025-11-14 11:00:00,13.8,13.8,13.8,13.8,1,13800.0,13.627500000000001,13.714166666666666,13.897291666666668,0.03337747616864917,0.0036756518001079684,0.0297018243685412
2025-11-14 11:18:00,13.8,13.8,13.8,13.8,2,27600.0,13.64,13.711666666666668,13.895833333333334,0.039118534391580084,0.010764228318402395,0.02835430607317769
2025-11-14 12:02:00,13.75,13.75,13.75,13.75,10,137500.0,13.65,13.709166666666668,13.894375,0.039182115228445724,0.016447805700411065,0.02273430952803466
2025-11-14 12:04:00,13.75,13.75,13.75,13.75,10,137500.0,13.657499999999999,13.707500000000001,13.893125,0.03878540944275777,0.020915326448880407,0.01787008299387736
2025-11-14 13:30:00,13.7,13.7,13.7,13.7,2,27400.0,13.665000000000001,13.705,13.891666666666667,0.03404399710989381,0.02354106058108309,0.010502936528810718
2025-11-17 09:08:00,13.75,13.75,13.75,13.75,1,13750.0,13.675,13.703333333333331,13.890416666666669,0.03392985357719702,0.02561881918030588,0.008311034396891143
2025-11-17 09:47:00,13.7,13.7,13.65,13.65,5,68300.0,13.680000000000001,13.7,13.888749999999998,0.02547655190824827,0.02559036572589436,-0.00011381381764609053
2025-11-17 09:48:00,13.6,13.6,13.55,13.55,5,67950.0,13.6725,13.692499999999999,13.886666666666667,0.010586055707126008,0.02258950372214069,-0.012003448015014684
2025-11-17 13:24:00,13.65,13.65,13.65,13.65,1,13650.0,13.680000000000001,13.689166666666667,13.885208333333335,0.006776281695341169,0.019426859316780787,-0.012650577621439618
2025-11-18 09:01:00,13.75,13.75,13.75,13.75,1,13750.0,13.6925,13.688333333333333,13.884166666666667,0.011691401410377722,0.017879767735500176,-0.006188366325122454
2025-11-18 10:23:00,13.7,13.7,13.7,13.7,1,13700.0,13.7,13.684166666666668,13.882708333333333,0.01142043934768111,0.016587902057936362,-0.005167462710255252
2025-11-18 11:17:00,13.65,13.65,13.65,13.65,2,27300.0,13.7075,13.679166666666667,13.881041666666667,0.007089395687760458,0.01468820078390118,-0.007598805096140722
2025-11-18 11:24:00,13.65,13.65,13.65,13.65,1,13650.0,13.709999999999999,13.674166666666666,13.879583333333333,0.0036153370289859765,0.01247362803291814,-0.008858291003932163
2025-11-18 11:25:00,13.6,13.6,13.6,13.6,1,13600.0,13.709999999999999,13.67,13.877916666666666,-0.003136308211125538,0.009351640784109404,-0.012487948995234942
2025-11-18 11:36:00,13.6,13.6,13.6,13.6,1,13600.0,13.7025,13.666666666666666,13.876249999999999,-0.008390317351258503,0.005803249157035822,-0.014193566508294325
2025-11-18 13:30:00,13.6,13.6,13.6,13.6,1,13600.0,13.697500000000002,13.6625,13.874791666666665,-0.012411090126558832,0.00216038130031689,-0.014571471426875723
2025-11-19 13:30:00,13.55,13.55,13.55,13.55,2,27100.0,13.6875,13.6575,13.873125,-0.019408435290950266,-0.0021533820179365426,-0.017255053273013722
2025-11-20 09:28:00,13.55,13.55,13.55,13.55,1,13550.0,13.6775,13.6525,13.871458333333333,-0.024669507026118254,-0.006656607019572887,-0.018012900006545367
2025-11-20 10:01:00,13.55,13.55,13.55,13.55,1,13550.0,13.6675,13.6475,13.869583333333333,-0.02851029534254934,-0.01102734468416818,-0.01748295065838116
2025-11-20 10:56:00,13.5,13.5,13.5,13.5,1,13500.0,13.655000000000001,13.641666666666667,13.867291666666667,-0.035183160315904516,-0.015858507810515447,-0.01932465250538907
2025-11-20 13:19:00,13.55,13.55,13.55,13.55,1,13550.0,13.642500000000002,13.636666666666665,13.865,-0.036021636744420604,-0.01989113359729648,-0.016130503147124123
2025-11-20 13:30:00,13.5,13.5,13.5,13.5,1,13500.0,13.627500000000001,13.631666666666666,13.8625,-0.0402566637269377,-0.023964239623224727,-0.016292424103712976
2025-11-21 09:01:00,13.5,13.5,13.5,13.5,4,54000.0,13.615,13.6275,13.860000000000001,-0.043115939411510595,-0.027794579580881905,-0.01532135983062869
2025-11-21 09:14:00,13.5,13.5,13.5,13.5,1,13500.0,13.602500000000001,13.624166666666666,13.8575,-0.044864762931769775,-0.031208616251059484,-0.013656146680710291
2025-11-21 09:57:00,13.5,13.5,13.5,13.5,1,13500.0,13.592500000000001,13.62,13.855,-0.045723644459815915,-0.03411162189281077,-0.011612022567005144
2025-11-21 10:31:00,13.5,13.5,13.5,13.5,1,13500.0,13.580000000000002,13.616666666666667,13.852708333333334,-0.04587549016458503,-0.03646439554716562,-0.009411094617419409
2025-11-21 11:04:00,13.5,13.5,13.5,13.5,1,13500.0,13.5725,13.613333333333333,13.850208333333335,-0.04547165998838132,-0.03826584843540876,-0.007205811552972556
2025-11-21 12:09:00,13.45,13.45,13.45,13.45,1,13450.0,13.5675,13.609166666666669,13.847083333333332,-0.04862567725787237,-0.040337814199901484,-0.008287863057970885
2025-11-21 12:33:00,13.45,13.45,13.45,13.45,2,26900.0,13.5575,13.604999999999999,13.843958333333335,-0.05054263463701325,-0.042378778287323844,-0.008163856349689406
2025-11-21 12:39:00,13.45,13.45,13.4,13.4,6,80450.0,13.540000000000001,13.600833333333334,13.840625,-0.05545714386982148,-0.044994451403823375,-0.010462692465998104
2025-11-21 12:41:00,13.35,13.35,13.35,13.35,8,106800.0,13.522499999999999,13.596666666666666,13.8375,-0.06266415658646629,-0.04852839244035197,-0.014135764146114324
2025-11-21 12:54:00,13.35,13.35,13.35,13.35,1,13350.0,13.507500000000002,13.591666666666667,13.833958333333333,-0.06759655507857865,-0.05234202496799731,-0.015254530110581338
2025-11-21 13:30:00,13.4,13.4,13.4,13.4,1,13400.0,13.495,13.588333333333333,13.830625000000001,-0.06670203475099257,-0.05521402692459637,-0.011488007826396196
2025-11-24 10:40:00,13.4,13.4,13.4,13.4,2,26800.0,13.485000000000003,13.585,13.827499999999999,-0.06524106258834195,-0.057219434057345496,-0.008021628530996451
2025-11-24 12:03:00,13.4,13.4,13.4,13.4,1,13400.0,13.475,13.582500000000001,13.824583333333333,-0.06335293838582601,-0.058446134923041605,-0.004906803462784402
2025-11-24 12:35:00,13.4,13.4,13.4,13.4,3,40200.0,13.465,13.58,13.821875,-0.06115166798914551,-0.05898724153626239,-0.002164426452883117
2025-11-25 09:25:00,13.45,13.45,13.4,13.4,3,40250.0,13.4575,13.575,13.819375,-0.05873014083517525,-0.058935821396044974,0.00020568056086972542
2025-11-25 10:22:00,13.4,13.4,13.4,13.4,1,13400.0,13.45,13.571666666666665,13.817083333333334,-0.05616364359676318,-0.058381385836188626,0.0022177422394254465
2025-11-25 10:38:00,13.5,13.5,13.5,13.5,5,67500.0,13.4475,13.571666666666665,13.814375000000002,-0.0455356056624332,-0.055812229801437546,0.010276624139004348
2025-11-25 12:06:00,13.5,13.5,13.5,13.5,5,67500.0,13.4475,13.571666666666665,13.811666666666667,-0.03668987103396937,-0.051987758047943915,0.015297887013974547
2025-11-25 12:07:00,13.45,13.45,13.45,13.45,1,13450.0,13.442499999999999,13.570833333333333,13.80875,-0.033329937965698164,-0.04825619403149477,0.014926256065796603
2025-11-25 12:23:00,13.45,13.45,13.45,13.45,2,26900.0,13.440000000000001,13.569166666666668,13.806458333333332,-0.030317683419720964,-0.04466849190914001,0.014350808489419047
2025-11-25 13:30:00,13.4,13.4,13.4,13.4,1,13400.0,13.434999999999999,13.566666666666666,13.803958333333332,-0.03160075825213582,-0.042054945177739174,0.010454186925603355
2025-11-26 09:24:00,13.4,13.4,13.4,13.4,1,13400.0,13.429999999999998,13.563333333333333,13.801458333333333,-0.03224589371055764,-0.04009313488430287,0.007847241173745231
2025-11-26 09:43:00,13.4,13.4,13.4,13.4,1,13400.0,13.425,13.560833333333333,13.798958333333333,-0.03238386714709307,-0.038551281336860914,0.006167414189767843
2025-11-26 09:53:00,13.4,13.4,13.4,13.4,2,26800.0,13.419999999999998,13.558333333333334,13.796458333333334,-0.032122919074325296,-0.03726560888435379,0.005142689810028495
2025-11-26 10:06:00,13.4,13.4,13.4,13.4,7,93800.0,13.415000000000001,13.555833333333334,13.793541666666666,-0.03155239942672239,-0.036122966992827514,0.004570567566105126
2025-11-26 12:12:00,13.45,13.45,13.45,13.45,2,26900.0,13.415000000000001,13.551666666666668,13.79125,-0.02675723560678378,-0.034249820715618766,0.007492585108834986
2025-11-26 12:21:00,13.4,13.4,13.4,13.4,5,67000.0,13.4125,13.55,13.788541666666667,-0.02668401910276863,-0.03273666039304874,0.00605264129028011
2025-11-26 12:45:00,13.35,13.35,13.35,13.35,4,53400.0,13.41,13.547500000000001,13.785833333333333,-0.03031116834774039,-0.03225156198398707,0.001940393636246679
2025-11-26 12:48:00,13.35,13.35,13.35,13.35,2,26700.0,13.41,13.544166666666666,13.783125,-0.03280752552431032,-0.03236275469205172,-0.0004447708322585994
2025-11-26 13:10:00,13.35,13.35,13.35,13.35,2,26700.0,13.41,13.541666666666666,13.780416666666666,-0.03438948598430969,-0.032768100950503316,-0.0016213850338063704
2025-11-26 13:17:00,13.35,13.35,13.35,13.35,4,53400.0,13.407500000000002,13.5375,13.777708333333331,-0.03523701072095342,-0.03326188290459334,-0.001975127816360084
2025-11-26 13:22:00,13.35,13.35,13.35,13.35,1,13350.0,13.405000000000001,13.533333333333333,13.775,-0.0354994644522737,-0.03370939921412941,-0.0017900652381442894
2025-11-26 13:24:00,13.3,13.3,13.3,13.3,9,119700.0,13.4,13.525833333333335,13.772083333333333,-0.03928914228220037,-0.0348253478277436,-0.004463794454456771
2025-11-26 13:30:00,13.35,13.35,13.35,13.35,2,26700.0,13.397499999999999,13.520000000000001,13.769374999999998,-0.037821919587329944,-0.03542466217966087,-0.002397257407669072
2025-11-27 09:43:00,13.35,13.35,13.35,13.35,1,13350.0,13.395,13.513333333333332,13.766875,-0.03624136711029813,-0.03558800316578833,-0.0006533639445098008
2025-11-27 13:30:00,13.35,13.35,13.35,13.35,1,13350.0,13.392500000000002,13.506666666666666,13.764375000000001,-0.03459003548743311,-0.03538840963011729,0.0007983741426841745
2025-11-28 09:01:00,13.35,13.35,13.35,13.35,1,13350.0,13.385,13.5,13.761875,-0.0329020687118291,-0.034891141446459654,0.0019890727346305523
2025-11-28 09:26:00,13.45,13.45,13.45,13.45,1,13450.0,13.382500000000002,13.495000000000001,13.759583333333332,-0.02322742729263183,-0.03255839861569409,0.009330971323062258
2025-11-28 10:04:00,13.35,13.35,13.35,13.35,4,53400.0,13.377500000000001,13.4875,13.756875,-0.023360087977961186,-0.03071873648814751,0.007358648510186323
2025-11-28 10:07:00,13.35,13.35,13.35,13.35,2,26700.0,13.372499999999999,13.479999999999999,13.754166666666666,-0.02319781258352549,-0.029214551707223108,0.006016739123697618
2025-11-28 13:30:00,13.4,13.4,13.4,13.4,1,13400.0,13.372499999999999,13.474166666666665,13.751666666666667,-0.018817707216564727,-0.027135182809091433,0.008317475592526706
2025-12-01 09:18:00,13.5,13.5,13.5,13.5,1,13500.0,13.377500000000001,13.469999999999999,13.749583333333334,-0.007194345949383063,-0.02314701543714976,0.015952669487766698
2025-12-01 09:52:00,13.45,13.45,13.45,13.45,1,13450.0,13.379999999999999,13.465833333333334,13.747291666666666,-0.0019943410141340934,-0.01891648055254663,0.016922139538412536
2025-12-01 12:52:00,13.4,13.4,13.4,13.4,7,93800.0,13.38,13.46,13.745000000000001,-0.0018861395290894478,-0.015510412347855194,0.013624272818765746
2025-12-01 13:30:00,13.4,13.4,13.4,13.4,1,13400.0,13.38,13.455833333333333,13.742708333333333,-0.0017798718182522322,-0.012764304241934603,0.010984432423682371
2025-12-02 11:41:00,13.4,13.4,13.4,13.4,1,13400.0,13.377500000000001,13.453333333333335,13.740416666666667,-0.0016763302007234415,-0.010546709433692372,0.00887037923296893
2025-12-02 13:30:00,13.4,13.4,13.4,13.4,1,13400.0,13.377500000000001,13.449166666666667,13.738125,-0.0015761043727362534,-0.008752588421501149,0.007176484048764895
2025-12-03 09:11:00,13.4,13.4,13.35,13.35,8,107000.0,13.377500000000001,13.4425,13.735416666666667,-0.005468222548840274,-0.008095715246968973,0.0026274926981286993
2025-12-03 09:12:00,13.3,13.3,13.3,13.3,8,106400.0,13.375,13.435833333333333,13.732708333333333,-0.012443890948366843,-0.008965350387248548,-0.0034785405611182946
2025-12-03 09:33:00,13.4,13.4,13.35,13.35,5,66800.0,13.375,13.430833333333334,13.730208333333334,-0.01377874350128927,-0.009928029010056693,-0.003850714491232577
2025-12-03 09:40:00,13.35,13.35,13.35,13.35,3,40050.0,13.375,13.425833333333335,13.727708333333332,-0.014667545433052709,-0.010875932294655897,-0.0037916131383968123
2025-12-03 09:41:00,13.35,13.35,13.35,13.35,1,13350.0,13.375,13.421666666666665,13.725208333333335,-0.015196748707987595,-0.011740095577322238,-0.0034566531306653575
2025-12-03 09:46:00,13.35,13.35,13.35,13.35,1,13350.0,13.377500000000001,13.417499999999999,13.722916666666666,-0.0154381843369773,-0.012479713329253251,-0.0029584710077240495
2025-12-03 09:49:00,13.35,13.35,13.35,13.35,5,66750.0,13.377500000000001,13.413333333333332,13.720833333333333,-0.015451409580920838,-0.013074052579586768,-0.00237735700133407
2025-12-03 09:50:00,13.35,13.35,13.35,13.35,1,13350.0,13.377500000000001,13.41,13.71875,-0.015285686799611398,-0.013516379423591695,-0.0017693073760197027
2025-12-03 09:53:00,13.35,13.35,13.35,13.35,6,80100.0,13.377500000000001,13.406666666666668,13.716458333333332,-0.01498165115272343,-0.013809433769418044,-0.0011722173833053854
2025-12-03 09:54:00,13.35,13.35,13.35,13.35,3,40050.0,13.377500000000001,13.403333333333332,13.714166666666667,-0.014572715518804458,-0.013962090119295327,-0.0006106253995091307
2025-12-03 10:04:00,13.35,13.35,13.35,13.35,1,13350.0,13.372499999999999,13.400833333333333,13.711875,-0.01408625352050663,-0.01398692279953759,-9.933072096904132e-05
2025-12-03 11:57:00,13.4,13.4,13.4,13.4,1,13400.0,13.375,13.398333333333333,13.709791666666668,-0.009555991231007255,-0.013100736485831523,0.0035447452548242678
2025-12-03 12:19:00,13.45,13.45,13.45,13.45,1,13450.0,13.379999999999999,13.3975,13.707500000000001,-0.001909136260819011,-0.01086241644082902,0.00895328018001001
2025-12-03 12:36:00,13.45,13.45,13.45,13.45,2,26900.0,13.382500000000002,13.396666666666668,13.704583333333334,0.004103745966659744,-0.007869183959331267,0.011972929925991012
2025-12-04 09:58:00,13.4,13.4,13.4,13.4,2,26800.0,13.377500000000001,13.395000000000001,13.701458333333333,0.004779323256375534,-0.005339482516189907,0.01011880577256544
2025-12-04 10:36:00,13.35,13.35,13.35,13.35,3,40050.0,13.372499999999999,13.392500000000002,13.698541666666666,0.0012655524918354644,-0.004018475514584833,0.005284028006420297
2025-12-04 10:43:00,13.4,13.4,13.4,13.4,1,13400.0,13.372499999999999,13.390833333333335,13.695833333333333,0.0024867799271159896,-0.002717424426244668,0.005204204353360657
2025-12-04 13:07:00,13.45,13.45,13.45,13.45,1,13450.0,13.375,13.389999999999999,13.693541666666668,0.0074038466649888335,-0.0006931702079979673,0.008097016872986801
2025-12-04 13:15:00,13.45,13.45,13.45,13.45,1,13450.0,13.377500000000001,13.389999999999999,13.69125,0.011171875058881398,0.0016798388453779067,0.009492036213503491
2025-12-05 09:51:00,13.4,13.4,13.4,13.4,1,13400.0,13.377500000000001,13.389166666666666,13.68875,0.0100081152528535,0.003345494126873026,0.006662621125980474
2025-12-05 11:59:00,13.4,13.4,13.4,13.4,4,53600.0,13.38,13.389166666666664,13.686250000000001,0.008982285031573056,0.004472852307813033,0.004509432723760023
2025-12-05 13:15:00,13.45,13.45,13.45,13.45,1,13450.0,13.3875,13.390833333333335,13.683958333333333,0.012064813661265106,0.005991244578503448,0.006073569082761658
2025-12-05 13:30:00,13.4,13.4,13.4,13.4,1,13400.0,13.39,13.391666666666667,13.681666666666667,0.010353805451922327,0.006863756753187225,0.003490048698735102
2025-12-08 09:01:00,13.4,13.4,13.4,13.4,1,13400.0,13.392500000000002,13.391666666666667,13.679166666666667,0.008895279869651773,0.007270061376480136,0.0016252184931716375
2025-12-08 10:43:00,13.4,13.4,13.4,13.4,1,13400.0,13.395000000000001,13.391666666666667,13.676874999999999,0.007651189685596194,0.007346287038303347,0.0003049026472928462
2025-12-08 12:46:00,13.35,13.35,13.35,13.35,1,13350.0,13.395,13.390833333333331,13.674583333333334,0.0026006781204745977,0.006397165254737598,-0.0037964871342630003
2025-12-08 12:49:00,13.35,13.35,13.35,13.35,1,13350.0,13.395,13.389999999999999,13.672291666666666,-0.001385912742460249,0.004840549655298029,-0.006226462397758278
2025-12-08 13:30:00,13.4,13.4,13.4,13.4,1,13400.0,13.397499999999999,13.389999999999999,13.670208333333335,-0.0005049122761864311,0.0037714572690011367,-0.004276369545187567
2025-12-09 11:20:00,13.4,13.4,13.4,13.4,1,13400.0,13.4,13.390000000000002,13.668125,0.00019108424042357797,0.003055382663285625,-0.002864298422862047
2025-12-09 13:10:00,13.4,13.4,13.4,13.4,1,13400.0,13.4025,13.388333333333334,13.66625,0.0007342030583927794,0.002591146742307056,-0.0018569436839142766
2025-12-10 09:12:00,13.4,13.4,13.4,13.4,1,13400.0,13.404999999999998,13.386666666666667,13.664166666666667,0.0011513565133984827,0.0023031886965253416,-0.001151832183126859
2025-12-10 09:14:00,13.4,13.4,13.4,13.4,1,13400.0,13.405000000000001,13.385833333333332,13.661458333333334,0.0014650652714429668,0.0021355640115088667,-0.0006704987400658999
2025-12-10 09:58:00,13.4,13.4,13.35,13.35,7,93600.0,13.4,13.384166666666665,13.659166666666666,-0.002294451402699238,0.0012495609286672458,-0.0035440123313664838
2025-12-10 10:09:00,13.35,13.35,13.35,13.35,3,40050.0,13.395,13.383333333333333,13.656875000000001,-0.005213794080130896,-4.311007309238286e-05,-0.005170684007038513
2025-12-10 10:56:00,13.3,13.3,13.3,13.3,1,13300.0,13.39,13.381666666666666,13.654375,-0.011430215903414975,-0.002320531239156902,-0.009109684664258074
2025-12-10 12:53:00,13.4,13.4,13.4,13.4,1,13400.0,13.392500000000002,13.381666666666666,13.652291666666667,-0.008193165013924641,-0.003495057994110451,-0.00469810701981419
2025-12-11 09:45:00,13.5,13.5,13.5,13.5,1,13500.0,13.397499999999999,13.383333333333333,13.65,0.002413563346943093,-0.0023133337258997417,0.004726897072842835
2025-12-11 10:39:00,13.5,13.5,13.5,13.5,1,13500.0,13.4,13.384999999999998,13.648333333333335,0.01069617316418281,0.00028856765211676927,0.010407605512066041
2025-12-11 12:07:00,13.45,13.45,13.45,13.45,1,13450.0,13.4,13.385,13.64625,0.01307489968009179,0.002845834057711774,0.010229065622380015
2025-12-11 13:15:00,13.4,13.4,13.4,13.4,1,13400.0,13.4,13.385,13.643958333333334,0.010800968606458738,0.0044368609674611675,0.006364107638997571
2025-12-11 13:30:00,13.4,13.4,13.4,13.4,1,13400.0,13.4,13.385833333333332,13.642083333333336,0.008896310715647004,0.005328750917098336,0.0035675597985486687
2025-12-12 10:28:00,13.35,13.35,13.3,13.3,10,133200.0,13.392499999999998,13.385,13.639999999999999,-0.0006745330531163773,0.004128094123055393,-0.00480262717617177
2025-12-12 10:51:00,13.35,13.35,13.35,13.35,1,13350.0,13.39,13.385,13.638124999999999,-0.004176766398407139,0.002467122018762886,-0.006643888417170025
2025-12-12 11:26:00,13.35,13.35,13.35,13.35,1,13350.0,13.3875,13.384999999999998,13.636458333333334,-0.006873082935049624,0.0005990810280003837,-0.007472163963050007
2025-12-12 12:58:00,13.35,13.35,13.35,13.35,1,13350.0,13.385,13.385,13.634583333333333,-0.008907255914641254,-0.0013021863605279446,-0.00760506955411331
2025-12-12 13:30:00,13.35,13.35,13.35,13.35,1,13350.0,13.385,13.385833333333332,13.632083333333332,-0.010399473993642161,-0.0031216438871507885,-0.007277830106491372
2025-12-15 10:09:00,13.35,13.35,13.35,13.35,1,13350.0,13.385,13.385833333333332,13.629791666666668,-0.011450078198059543,-0.00478733074933254,-0.006662747448727004
2025-12-15 10:14:00,13.35,13.35,13.35,13.35,1,13350.0,13.382500000000002,13.385833333333334,13.6275,-0.012142715928609604,-0.006258407785187953,-0.005884308143421651
2025-12-15 11:41:00,13.4,13.4,13.4,13.4,1,13400.0,13.382499999999999,13.386666666666667,13.625416666666666,-0.008558398299511438,-0.006718405888052652,-0.0018399924114587867
2025-12-15 12:20:00,13.35,13.35,13.35,13.35,2,26700.0,13.38,13.386666666666667,13.623124999999998,-0.009641244620876677,-0.0073029736346174575,-0.002338270986259219
2025-12-15 13:30:00,13.35,13.35,13.35,13.35,1,13350.0,13.377500000000001,13.384999999999998,13.620833333333334,-0.010379756757322056,-0.007918330259158378,-0.002461426498163678
2025-12-16 09:21:00,13.45,13.45,13.45,13.45,1,13450.0,13.38,13.386666666666667,13.61875,-0.002862867328525809,-0.006907237673031864,0.004044370344506055
2025-12-16 09:31:00,13.45,13.45,13.45,13.45,1,13450.0,13.385,13.388333333333332,13.616666666666667,0.0030590587746974762,-0.004913978383485996,0.007973037158183472
2025-12-16 10:11:00,13.4,13.4,13.4,13.4,1,13400.0,13.3875,13.388333333333334,13.614791666666665,0.0036752794108458886,-0.0031961268246196188,0.006871406235465507
2025-12-16 10:17:00,13.45,13.45,13.45,13.45,8,107600.0,13.395,13.3875,13.613333333333335,0.008104793819100564,-0.0009359426958755816,0.009040736514976146
2025-12-16 12:42:00,13.4,13.4,13.4,13.4,1,13400.0,13.395,13.386666666666667,13.611875,0.007494244779195469,0.0007500947991386291,0.00674414998005684
2025-12-17 09:35:00,13.4,13.4,13.4,13.4,1,13400.0,13.39,13.386666666666667,13.610416666666667,0.0069304898928983505,0.0019861738178905738,0.004944316075007777
2025-12-17 09:44:00,13.35,13.6,12.95,13.6,50,662200.0,13.395,13.390000000000002,13.609791666666666,0.022364237604286075,0.006061786575169675,0.0163024510291164
2025-12-17 09:50:00,13.2,13.2,13.15,13.15,12,157900.0,13.379999999999999,13.385833333333332,13.607291666666667,-0.0016960938196053377,0.004510210496214673,-0.006206304315820011
2025-12-17 09:52:00,13.7,13.7,13.35,13.55,164,2244900.0,13.3875,13.388333333333332,13.606041666666668,0.011381379780702972,0.005884444353112334,0.005496935427590638
2025-12-17 09:53:00,13.6,13.75,13.6,13.75,5,68500.0,13.405000000000001,13.395,13.605416666666667,0.03745197727632288,0.012197950937754446,0.025254026338568433
2025-12-17 09:54:00,13.8,13.85,13.8,13.85,10,138350.0,13.4325,13.404166666666667,13.605833333333333,0.06542806389224687,0.022843973528652937,0.04258409036359393
2025-12-17 09:56:00,13.75,13.75,13.75,13.75,1,13750.0,13.4525,13.410833333333333,13.606041666666666,0.07862382333330231,0.033999943489582816,0.044623879843719495
2025-12-17 09:57:00,13.75,13.75,13.75,13.75,1,13750.0,13.4725,13.417499999999999,13.605833333333333,0.08806638331323846,0.04481323145431395,0.04325315185892451
2025-12-17 09:58:00,13.7,13.7,13.7,13.7,8,109600.0,13.489999999999998,13.423333333333336,13.605833333333331,0.09047219089508829,0.05394502334246882,0.03652716755261947
2025-12-17 10:17:00,13.5,13.5,13.5,13.5,1,13500.0,13.497500000000002,13.425833333333333,13.604999999999999,0.07537164480229208,0.05823034763443347,0.01714129716785861
2025-12-17 11:02:00,13.4,13.4,13.4,13.4,1,13400.0,13.5,13.426666666666668,13.60375,0.05470458852101601,0.05752519581174998,-0.0028206072907339744
2025-12-17 11:46:00,13.5,13.5,13.5,13.5,2,27000.0,13.507499999999999,13.429166666666667,13.602916666666665,0.04586624427191133,0.05519340550378225,-0.009327161231870926
2025-12-17 12:14:00,13.5,13.5,13.5,13.5,1,13500.0,13.5125,13.431666666666667,13.602083333333333,0.03841892334430064,0.05183850907188594,-0.013419585727585302
2025-12-17 12:21:00,13.5,13.5,13.5,13.5,1,13500.0,13.52,13.434166666666668,13.601249999999999,0.03214630525749129,0.04790006830900702,-0.015753763051515726
2025-12-17 12:32:00,13.45,13.45,13.45,13.45,1,13450.0,13.525,13.435833333333333,13.600208333333335,0.022876917237825367,0.04289543809477069,-0.020018520856945325
2025-12-17 12:35:00,13.45,13.45,13.45,13.45,1,13450.0,13.525,13.436666666666667,13.599166666666667,0.015353870587230034,0.037387124593262565,-0.02203325400603253
2025-12-17 13:04:00,13.45,13.45,13.45,13.45,1,13450.0,13.524999999999997,13.436666666666666,13.597916666666666,0.009284772834345034,0.03176665424147906,-0.022481881407134023
2025-12-17 13:30:00,13.55,13.55,13.55,13.55,4,54200.0,13.532499999999999,13.438333333333333,13.596041666666668,0.012401180317588967,0.027893559456701036,-0.01549237913911207
2025-12-18 09:01:00,13.35,13.35,13.35,13.35,1,13350.0,13.5275,13.4375,13.593333333333334,-0.001252929834485883,0.022064261598463652,-0.023317191432949535
2025-12-18 10:38:00,13.45,13.45,13.4,13.4,5,67050.0,13.527499999999998,13.438333333333333,13.590625,-0.007947712092269299,0.01606186686031706,-0.02400957895258636
2025-12-18 13:16:00,13.45,13.45,13.45,13.45,1,13450.0,13.529999999999998,13.439166666666665,13.588124999999998,-0.0091137356607085,0.01102674635611195,-0.02014048201682045
2025-12-18 13:17:00,13.5,13.5,13.5,13.5,1,13500.0,13.525,13.44,13.585833333333333,-0.005934822665489392,0.007634432551791681,-0.013569255217281074
2025-12-18 13:25:00,13.45,13.45,13.45,13.45,1,13450.0,13.540000000000001,13.44,13.583333333333334,-0.007365191997831033,0.004634507641867138,-0.011999699639698172
2025-12-18 13:30:00,13.5,13.5,13.5,13.5,1,13500.0,13.5375,13.441666666666666,13.58125,-0.004413313930601959,0.0028249433273733185,-0.007238257257975277
2025-12-19 09:01:00,13.65,13.65,13.65,13.65,7,95550.0,13.532499999999999,13.445833333333333,13.579791666666667,0.009915517192503387,0.004243058100399333,0.005672459092104054
2025-12-19 09:13:00,13.55,13.55,13.55,13.55,1,13550.0,13.517500000000002,13.4475,13.577916666666665,0.013051604058839317,0.00600476729208733,0.0070468367667519865
2025-12-19 09:32:00,13.55,13.55,13.55,13.55,2,27100.0,13.507500000000002,13.45,13.576041666666667,0.015359915944900493,0.007875797022649964,0.007484118922250529
2025-12-19 10:03:00,13.55,13.55,13.55,13.55,1,13550.0,13.497500000000002,13.452500000000002,13.574166666666665,0.01699338063118816,0.009699313744357604,0.007294066886830555
2025-12-19 10:35:00,13.55,13.55,13.55,13.55,1,13550.0,13.489999999999998,13.455,13.572291666666667,0.01807950389672719,0.011375351774831522,0.006704152121895667
2025-12-19 12:27:00,13.55,13.55,13.55,13.55,1,13550.0,13.492499999999998,13.458333333333334,13.570833333333333,0.01872442094070692,0.012845165608006602,0.005879255332700319
2025-12-19 12:38:00,13.45,13.45,13.45,13.45,4,53800.0,13.495,13.46,13.568958333333335,0.011039106135381616,0.012483953713481606,-0.0014448475780999906
2025-12-19 13:12:00,13.4,13.4,13.4,13.4,4,53600.0,13.49,13.46,13.566875000000001,0.0009034423290987803,0.010167851436605042,-0.009264409107506262
2025-12-22 10:11:00,13.4,13.4,13.4,13.4,2,26800.0,13.485,13.459999999999999,13.564791666666668,-0.0070479004516545984,0.006724701058953114,-0.013772601510607711
2025-12-22 10:25:00,13.4,13.4,13.4,13.4,1,13400.0,13.48,13.46,13.562708333333331,-0.01319726701262347,0.002740307444637796,-0.015937574457261267
2025-12-22 11:46:00,13.4,13.4,13.4,13.4,2,26800.0,13.477500000000001,13.46,13.560624999999998,-0.01786475059158832,-0.001380704162607428,-0.01648404642898089
2025-12-22 12:26:00,13.4,13.4,13.4,13.4,1,13400.0,13.475,13.46,13.558333333333334,-0.021318024044148842,-0.005368168138915713,-0.01594985590523313
2025-12-22 12:35:00,13.4,13.4,13.4,13.4,1,13400.0,13.472500000000002,13.460833333333333,13.556041666666667,-0.02378063972300204,-0.009050662455732978,-0.014729977267269061
2025-12-22 12:55:00,13.45,13.45,13.45,13.45,1,13450.0,13.467499999999998,13.4625,13.554166666666667,-0.02145043104149913,-0.01153061617288621,-0.00991981486861292
2025-12-22 13:30:00,13.45,13.45,13.45,13.45,1,13450.0,13.4725,13.465,13.552291666666667,-0.019380319612499974,-0.013100556860808963,-0.006279762751691011
2025-12-23 09:17:00,13.45,13.45,13.45,13.45,1,13450.0,13.475,13.465833333333334,13.550416666666667,-0.01753757909562026,-0.013987961307771224,-0.0035496177878490357
2025-12-23 09:27:00,13.4,13.4,13.4,13.4,2,26800.0,13.472500000000002,13.464166666666667,13.548333333333334,-0.01988258206278637,-0.015166885458774254,-0.004715696604012115
2025-12-23 09:40:00,13.4,13.4,13.4,13.4,1,13400.0,13.467500000000001,13.4625,13.546250000000002,-0.02149325296796789,-0.016432158960612984,-0.005061094007354907
2025-12-23 11:34:00,13.4,13.55,13.4,13.55,2,26950.0,13.4725,13.464166666666667,13.544583333333332,-0.010544425295757165,-0.01525461222764182,0.004710186931884654
2025-12-23 12:51:00,13.45,13.45,13.45,13.45,5,67250.0,13.470000000000002,13.465,13.542708333333334,-0.009823327543504234,-0.014168355290814305,0.004345027747310071
2025-12-23 13:09:00,13.45,13.45,13.45,13.45,1,13450.0,13.459999999999999,13.465833333333334,13.540416666666665,-0.009146418164462489,-0.013163967865543942,0.004017549701081454
2025-12-23 13:30:00,13.45,13.45,13.45,13.45,1,13450.0,13.455000000000002,13.468333333333332,13.538124999999999,-0.008511843372739136,-0.012233542966982982,0.0037216995942438453
2025-12-24 10:11:00,13.45,13.45,13.45,13.45,2,26900.0,13.45,13.469999999999999,13.535833333333333,-0.007917668326545169,-0.01137036803889542,0.0034526997123502517
2025-12-24 10:21:00,13.5,13.5,13.5,13.5,1,13500.0,13.4475,13.4725,13.534166666666668,-0.0033733127396224916,-0.009770956979040835,0.006397644239418344
2025-12-24 11:20:00,13.5,13.5,13.5,13.5,4,54000.0,13.444999999999999,13.475,13.5325,0.0002255221246567629,-0.007771661158301316,0.007997183282958079
2025-12-24 12:12:00,13.5,13.5,13.5,13.5,2,27000.0,13.4425,13.4775,13.530208333333333,0.0030425520368471126,-0.00560881851927163,0.008651370556118743
2025-12-24 12:37:00,13.5,13.5,13.5,13.5,2,27000.0,13.444999999999999,13.479999999999999,13.528333333333334,0.005214953796686572,-0.0034440640560799893,0.008659017852766562
2025-12-24 12:54:00,13.5,13.5,13.5,13.5,3,40500.0,13.45,13.482499999999998,13.526666666666667,0.006857548294606275,-0.0013837415859427361,0.008241289880549011
2025-12-24 12:55:00,13.5,13.5,13.5,13.5,2,27000.0,13.455000000000002,13.484166666666665,13.524791666666667,0.008066332607281623,0.0005062732527021362,0.007560059354579487
2025-12-24 13:30:00,13.5,13.5,13.5,13.5,1,13500.0,13.459999999999999,13.486666666666666,13.523125,0.008921461825392996,0.0021893109672403085,0.006732150858152687
2025-12-26 11:16:00,13.45,13.45,13.45,13.45,1,13450.0,13.4625,13.488333333333335,13.521041666666665,0.005501161790292031,0.0028516811318506532,0.0026494806584413774
2025-12-26 11:34:00,13.45,13.45,13.45,13.45,2,26900.0,13.465,13.488333333333333,13.519166666666669,0.0027587482381132844,0.00283309455310318,-7.434631498989559e-05
2025-12-26 11:38:00,13.5,13.5,13.5,13.5,2,27000.0,13.470000000000002,13.489166666666666,13.517291666666667,0.004567298893949356,0.003179935421272416,0.0013873634726769405
2025-12-26 11:42:00,13.5,13.5,13.5,13.5,3,40500.0,13.4725,13.490833333333333,13.515625,0.005932205545741809,0.0037303894461662946,0.002201816099575514
2025-12-26 12:04:00,13.55,13.55,13.55,13.55,3,40650.0,13.477500000000001,13.492500000000001,13.514375,0.010922577360727104,0.0051688270290784575,0.005753750331648646
2025-12-26 13:07:00,13.55,13.55,13.55,13.55,5,67750.0,13.482500000000002,13.495000000000001,13.513125,0.014707939012231108,0.007076649425708989,0.007631289586522119
2025-12-26 13:21:00,13.65,13.65,13.65,13.65,1,13650.0,13.495,13.499166666666666,13.512291666666668,0.02548327433449593,0.010757974407466378,0.014725299927029553
2025-12-26 13:30:00,13.5,13.5,13.5,13.5,1,13500.0,13.5,13.497499999999999,13.510833333333334,0.021669268967785982,0.012940233319530299,0.008729035648255683
2025-12-29 10:53:00,13.45,13.45,13.45,13.45,5,67250.0,13.495,13.5025,13.508541666666668,0.0144455409002191,0.01324129483566806,0.0012042460645510407
2025-12-29 10:54:00,13.45,13.45,13.45,13.45,1,13450.0,13.495,13.500833333333333,13.506874999999999,0.008621303344144238,0.012317296537363296,-0.0036959931932190587
2025-12-29 12:19:00,13.5,13.5,13.5,13.5,1,13500.0,13.497499999999999,13.496666666666666,13.505625,0.00794850977919559,0.011443539185729757,-0.0034950294065341676
2025-12-29 12:53:00,13.5,13.5,13.5,13.5,5,67500.0,13.5,13.490833333333333,13.503749999999998,0.007330811005756388,0.010620993549735084,-0.0032901825439786963
2025-12-29 13:30:00,13.5,13.5,13.5,13.5,1,13500.0,13.502499999999998,13.486666666666666,13.501875,0.006763316969520261,0.00984945823369212,-0.0030861412641718586
2025-12-30 09:20:00,13.5,13.5,13.5,13.5,1,13500.0,13.502499999999998,13.482499999999998,13.5,0.006241624297601334,0.009127891446473963,-0.002886267148872629
2025-12-30 10:19:00,13.5,13.5,13.5,13.5,6,81000.0,13.502499999999998,13.479166666666666,13.498541666666664,0.005761761101112484,0.008454665377401667,-0.0026929042762891837
2025-12-30 10:20:00,13.5,13.5,13.5,13.5,4,54000.0,13.502499999999998,13.479166666666666,13.497291666666666,0.005320138812113129,0.00782776006434396,-0.0025076212522308315
2025-12-30 13:03:00,13.5,13.5,13.5,13.5,1,13500.0,13.502499999999998,13.480833333333331,13.495833333333334,0.004913510080706729,0.007244910067616514,-0.0023313999869097853
2025-12-30 13:11:00,13.55,13.55,13.55,13.55,1,13550.0,13.504999999999999,13.481666666666666,13.494583333333333,0.008527535888516624,0.007501435231796537,0.0010261006567200874
2025-12-30 13:16:00,13.55,13.55,13.55,13.55,1,13550.0,13.507499999999999,13.482499999999998,13.493333333333334,0.011261857693625643,0.00825351972416236,0.0030083379694632838
2025-12-30 13:19:00,13.6,13.6,13.6,13.6,1,13600.0,13.5125,13.484166666666665,13.492291666666667,0.01726439634214394,0.010055695047758675,0.007208701294385264
2025-12-30 13:30:00,13.6,13.6,13.6,13.6,2,27200.0,13.52,13.486666666666668,13.49125,0.021770494755175562,0.012398654989242055,0.009371839765933507
2025-12-31 11:24:00,13.55,13.55,13.55,13.55,2,27100.0,13.525,13.488333333333333,13.490000000000002,0.021064212944814642,0.014131766580356574,0.006932446364458068
2025-12-31 11:41:00,13.6,13.6,13.6,13.6,2,27200.0,13.530000000000001,13.490833333333335,13.489166666666668,0.024259414227921994,0.01615729610986966,0.008102118118052334
2025-12-31 11:47:00,13.6,13.6,13.6,13.6,1,13600.0,13.535,13.491666666666667,13.488541666666666,0.026486316495565987,0.018223100187008925,0.008263216308557062
2025-12-31 11:48:00,13.6,13.6,13.6,13.6,1,13600.0,13.5375,13.495833333333334,13.488125,0.027929202129810093,0.02016432057556916,0.007764881554240932
2025-12-31 12:23:00,13.7,13.7,13.7,13.7,1,13700.0,13.544999999999998,13.500833333333333,13.487916666666669,0.03671859455402071,0.023475175371259475,0.013243419182761236
2025-12-31 12:35:00,13.7,13.7,13.7,13.7,1,13700.0,13.5475,13.505,13.487916666666667,0.04318642514787285,0.027417425326582156,0.015768999821290697
2025-12-31 12:58:00,13.7,13.7,13.7,13.7,1,13700.0,13.5575,13.508333333333333,13.487916666666667,0.04776166079664179,0.03148627242059408,0.01627538837604771
2025-12-31 13:16:00,13.7,13.7,13.7,13.7,1,13700.0,13.570000000000002,13.5125,13.487916666666667,0.050801954700416374,0.03534940887655854,0.015452545823857834
2026-01-02 09:01:00,13.75,13.75,13.75,13.75,2,27500.0,13.585000000000003,13.516666666666667,13.488125,0.05659361568257282,0.039598250237761395,0.016995365444811422
2026-01-02 09:04:00,13.75,13.75,13.75,13.75,1,13750.0,13.597500000000002,13.518333333333334,13.488541666666666,0.06048630031893154,0.04377586025399543,0.016710440064936112
2026-01-02 09:16:00,13.75,13.75,13.75,13.75,1,13750.0,13.610000000000003,13.521666666666667,13.489166666666668,0.06284682189649082,0.04759005258249451,0.015256769313996311
2026-01-02 09:17:00,13.75,13.75,13.75,13.75,1,13750.0,13.622500000000002,13.525,13.489583333333334,0.06398003029034527,0.05086804812406467,0.013111982166280602
2026-01-02 09:19:00,13.75,13.75,13.75,13.75,1,13750.0,13.635000000000002,13.528333333333334,13.490208333333333,0.06413875447025497,0.05352218939330273,0.010616565076952238
2026-01-02 09:26:00,13.75,13.75,13.75,13.75,1,13750.0,13.647500000000003,13.531666666666666,13.490833333333335,0.06353218504459868,0.05552418852356192,0.008007996521036759
2026-01-02 09:37:00,13.75,13.75,13.75,13.75,2,27500.0,13.660000000000002,13.535,13.491666666666667,0.06233293908381832,0.056885938635613205,0.005447000448205112
2026-01-02 10:09:00,13.75,13.75,13.75,13.75,1,13750.0,13.672500000000003,13.54,13.492500000000001,0.060683012030967376,0.057645353314684046,0.00303765871628333
2026-01-02 10:56:00,13.75,13.75,13.75,13.75,1,13750.0,13.682500000000001,13.545833333333333,13.492708333333333,0.058698789843907306,0.0578560406205287,0.0008427492233786041
2026-01-02 11:01:00,13.75,13.75,13.75,13.75,1,13750.0,13.6925,13.551666666666668,13.493333333333334,0.0564752677333189,0.057579886043086746,-0.001104618309767845
2026-01-02 11:08:00,13.75,13.75,13.75,13.75,1,13750.0,13.7,13.5575,13.494375,0.05408959921096823,0.05688182867666305,-0.0027922294656948163
2026-01-02 11:46:00,13.7,13.7,13.7,13.7,1,13700.0,13.705000000000002,13.5625,13.495208333333332,0.04761547601868621,0.055028558145067685,-0.007413082126381476
2026-01-02 11:55:00,13.7,13.7,13.7,13.7,1,13700.0,13.7125,13.567499999999999,13.496041666666667,0.04200053077095944,0.05242295267024604,-0.010422421899286598
2026-01-02 13:03:00,13.65,13.65,13.65,13.65,1,13650.0,13.714999999999998,13.571666666666665,13.496458333333331,0.03313411462791471,0.04856518506177977,-0.01543107043386506
2026-01-02 13:17:00,13.6,13.6,13.6,13.6,2,27200.0,13.715,13.574166666666665,13.496666666666668,0.02182129155712076,0.043216406360847975,-0.021395114803727217
2026-01-02 13:19:00,13.6,13.6,13.6,13.6,2,27200.0,13.715,13.576666666666666,13.496666666666668,0.012709292951145201,0.03711498367890742,-0.02440569072776222
2026-01-02 13:30:00,13.55,13.55,13.55,13.55,5,67750.0,13.7075,13.578333333333331,13.496666666666666,0.0014368234683885817,0.029979351636803653,-0.02854252816841507
2026-01-05 09:44:00,13.5,13.5,13.5,13.5,2,27000.0,13.6975,13.58,13.496458333333331,-0.011399861436546033,0.021703509022133714,-0.03310337045867975
2026-01-05 09:49:00,13.5,13.5,13.5,13.5,1,13500.0,13.6875,13.581666666666667,13.49625,-0.021327180248828626,0.013097371167941246,-0.03442455141676987
2026-01-05 11:21:00,13.5,13.5,13.5,13.5,3,40500.0,13.677499999999998,13.580833333333333,13.495416666666666,-0.028861949343934157,0.004705507065566164,-0.03356745640950032
2026-01-05 11:33:00,13.45,13.45,13.45,13.45,1,13450.0,13.6625,13.580833333333334,13.495208333333332,-0.038424951348998704,-0.003920584617346812,-0.03450436673165189
2026-01-05 11:41:00,13.45,13.45,13.45,13.45,1,13450.0,13.647499999999999,13.580833333333334,13.495,-0.045479440653831915,-0.012232355824643836,-0.033247084829188076
2026-01-05 12:03:00,13.45,13.45,13.45,13.45,1,13450.0,13.632499999999999,13.580833333333334,13.494583333333335,-0.050488177964984615,-0.019883520252711995,-0.03060465771227262
2026-01-05 12:28:00,13.45,13.45,13.45,13.45,6,80700.0,13.617499999999998,13.580833333333334,13.494375,-0.05383703850261057,-0.026674223902691717,-0.02716281459991885
2026-01-05 13:30:00,13.5,13.5,13.5,13.5,10,135000.0,13.604999999999999,13.580833333333334,13.493958333333333,-0.05185865814316948,-0.03171111075078727,-0.020147547392382205
2026-01-06 12:07:00,13.5,13.5,13.5,13.5,2,27000.0,13.592499999999998,13.580833333333334,13.493541666666665,-0.049717663181864324,-0.035312421237002685,-0.01440524194486164
2026-01-06 12:28:00,13.6,13.6,13.6,13.6,2,27200.0,13.584999999999999,13.582500000000001,13.492916666666666,-0.03949645444372507,-0.036149227878347165,-0.003347226565377906
2026-01-06 12:37:00,13.6,13.6,13.6,13.6,1,13600.0,13.577499999999997,13.584166666666667,13.4925,-0.031038282874600753,-0.03512703887759788,0.004088756002997129
2026-01-07 11:09:00,13.5,13.5,13.5,13.5,1,13500.0,13.564999999999998,13.584166666666667,13.491458333333332,-0.032035005629563074,-0.03450863222799092,0.0024736265984278485
2026-01-07 11:12:00,13.5,13.5,13.5,13.5,1,13500.0,13.552499999999998,13.584166666666667,13.490416666666667,-0.03245084248169228,-0.034097074278731196,0.001646231797038919
2026-01-07 11:26:00,13.5,13.5,13.5,13.5,1,13500.0,13.539999999999997,13.584166666666667,13.489374999999999,-0.032406830414480225,-0.033759025505881,0.0013521950914007763
2026-01-07 11:33:00,13.5,13.5,13.5,13.5,1,13500.0,13.529999999999998,13.584999999999999,13.488333333333333,-0.03200303941692617,-0.03340782828809004,0.0014047888711638673
2026-01-07 11:45:00,13.5,13.5,13.5,13.5,1,13500.0,13.52,13.585833333333333,13.487083333333333,-0.0313219719468556,-0.03299065701984315,0.0016686850729875496
2026-01-07 12:24:00,13.45,13.45,13.45,13.45,1,13450.0,13.510000000000002,13.585,13.485625,-0.03442003051649145,-0.03327653171917281,-0.0011434987973186414
2026-01-07 12:36:00,13.45,13.45,13.45,13.45,9,121050.0,13.502500000000001,13.584166666666668,13.484375,-0.03645503332157496,-0.03391223203965324,-0.0025428012819217194
2026-01-07 12:50:00,13.45,13.45,13.45,13.45,3,40350.0,13.495,13.5825,13.483125000000001,-0.0376339667634884,-0.034656578984420275,-0.0029773877790681275
2026-01-07 12:51:00,13.5,13.5,13.5,13.5,3,40500.0,13.492500000000001,13.581666666666667,13.482291666666667,-0.03414015146283944,-0.03455329348010411,0.00041314201726466715
2026-01-07 13:15:00,13.5,13.5,13.5,13.5,2,27000.0,13.492500000000001,13.579166666666667,13.48125,-0.031013770227712456,-0.03384538882962578,0.0028316186019133258
2026-01-07 13:30:00,13.45,13.45,13.45,13.45,1,13450.0,13.49,13.578333333333335,13.480416666666667,-0.03219949694973323,-0.03351621045364727,0.0013167135039140396
2026-01-08 09:35:00,13.5,13.5,13.5,13.5,9,121500.0,13.49,13.579166666666667,13.480208333333334,-0.028772935299468116,-0.03256755542281144,0.0037946201233433202
2026-01-08 09:45:00,13.5,13.5,13.5,13.5,2,27000.0,13.492499999999998,13.580000000000002,13.479583333333332,-0.025760410527325917,-0.031206126443714333,0.005445715916388417
2026-01-08 10:21:00,13.5,13.5,13.5,13.5,15,202500.0,13.495,13.580000000000002,13.478541666666667,-0.023106604389298013,-0.02958622203283107,0.006479617643533057
2026-01-08 10:24:00,13.5,13.5,13.5,13.5,10,135000.0,13.497499999999999,13.580000000000002,13.477708333333334,-0.020764088419168658,-0.02782179531009859,0.007057706890929931
2026-01-08 10:50:00,13.5,13.5,13.5,13.5,1,13500.0,13.5,13.580000000000002,13.477083333333333,-0.018692156095916346,-0.025995867467262145,0.007303711371345799
2026-01-08 11:22:00,13.5,13.5,13.5,13.5,10,135000.0,13.5,13.580000000000002,13.476458333333333,-0.016855831271762156,-0.024167860228162148,0.007312028956399992
2026-01-08 11:27:00,13.5,13.5,13.5,13.5,1,13500.0,13.5,13.580000000000002,13.476041666666667,-0.015225025996180364,-0.022379293381765794,0.0071542673855854305
2026-01-08 11:52:00,13.5,13.5,13.5,13.5,2,27000.0,13.495,13.580000000000002,13.475625,-0.013773824985438665,-0.02065819970250037,0.006884374717061704
2026-01-08 12:52:00,13.5,13.5,13.5,13.5,2,27000.0,13.49,13.580000000000002,13.475208333333335,-0.01247987747006718,-0.01902253525601373,0.006542657785946551
2026-01-08 13:10:00,13.45,13.45,13.15,13.15,50,667100.0,13.472500000000002,13.573333333333332,13.473541666666668,-0.039244108021042834,-0.023066849809019553,-0.01617725821202328
2026-01-08 13:11:00,13.35,13.35,13.35,13.35,1,13350.0,13.465,13.57,13.472708333333333,-0.04381159226444531,-0.027215798300104708,-0.0165957939643406
2026-01-08 13:20:00,13.35,13.35,13.15,13.15,5,66000.0,13.4475,13.5625,13.471041666666668,-0.06284524411025316,-0.0343416874621344,-0.02850355664811876
2026-01-08 13:30:00,13.3,13.3,13.3,13.3,3,39900.0,13.4375,13.5575,13.470208333333334,-0.06507565231867218,-0.04048848043344196,-0.02458717188523022
2026-01-09 09:01:00,13.3,13.5,13.3,13.5,4,53550.0,13.4375,13.556666666666667,13.469999999999999,-0.050127104307392756,-0.042416205208232124,-0.007710899099160631
2026-01-09 09:11:00,13.4,13.4,13.4,13.4,1,13400.0,13.434999999999999,13.553333333333335,13.469583333333333,-0.045821237867702536,-0.043097211740126214,-0.002724026127576322
2026-01-09 09:35:00,13.35,13.35,13.35,13.35,1,13350.0,13.430000000000001,13.549166666666666,13.468958333333331,-0.045914120425006644,-0.04366059347710231,-0.002253526947904337
2026-01-09 10:26:00,13.35,13.35,13.35,13.35,1,13350.0,13.425,13.544999999999998,13.468333333333334,-0.045463653819762584,-0.044021205545634365,-0.001442448274128219
2026-01-09 10:58:00,13.4,13.4,13.4,13.4,2,26800.0,13.419999999999998,13.54,13.467916666666666,-0.0406040158376495,-0.043337767604037396,0.002733751766387897
2026-01-09 11:21:00,13.4,13.4,13.4,13.4,1,13400.0,13.415000000000001,13.535,13.4675,-0.036333883334993544,-0.04193699075022863,0.005603107415235085
2026-01-09 12:22:00,13.35,13.35,13.35,13.35,1,13350.0,13.41,13.529166666666667,13.466874999999998,-0.0365628805669882,-0.040862168713580546,0.004299288146592348
2026-01-09 12:23:00,13.4,13.4,13.4,13.4,3,40200.0,13.405000000000001,13.524166666666668,13.466666666666667,-0.032337019360522135,-0.03915713884296887,0.006820119482446735
2026-01-09 12:34:00,13.4,13.4,13.4,13.4,5,67000.0,13.4,13.518333333333334,13.466458333333332,-0.02865764639978252,-0.037057240354331604,0.008399593954549082
2026-01-09 12:41:00,13.4,13.4,13.4,13.4,1,13400.0,13.395000000000001,13.5125,13.466458333333334,-0.025448363921713124,-0.03473546506780791,0.009287101146094788
2026-01-09 12:42:00,13.4,13.4,13.4,13.4,1,13400.0,13.39,13.506666666666666,13.466666666666667,-0.022643958972549783,-0.03231716384875628,0.009673204876206501
2026-01-09 12:48:00,13.4,13.4,13.4,13.4,1,13400.0,13.385,13.500833333333333,13.466874999999998,-0.020188724793317903,-0.029891476037668608,0.009702751244350705
2026-01-12 09:01:00,14.25,14.7,14.25,14.7,168,2443350.0,13.445000000000002,13.516666666666667,13.472291666666667,0.08566866637039183,-0.006779447556056514,0.09244811392644835
2026-01-12 09:02:00,14.7,14.7,14.65,14.65,27,396100.0,13.502500000000001,13.531666666666666,13.477500000000001,0.16364048376224005,0.02730453870760281,0.13633594505463725
2026-01-12 09:03:00,14.65,14.65,14.45,14.45,7,101550.0,13.55,13.543333333333333,13.481875,0.2069102497101305,0.06322568090810836,0.14368456880202213
2026-01-12 09:04:00,14.5,14.5,14.5,14.5,3,43500.0,13.6,13.555833333333334,13.486458333333333,0.24244171591192298,0.09906888790887129,0.14337282800305168
2026-01-12 09:05:00,14.45,14.45,14.0,14.0,12,168850.0,13.642500000000002,13.56,13.488958333333333,0.22763085078897305,0.12478128048489165,0.1028495703040814
2026-01-12 09:06:00,14.0,14.0,14.0,14.0,1,14000.0,13.675,13.564166666666667,13.491458333333332,0.21343281286314308,0.14251158696054197,0.07092122590260111
2026-01-12 09:08:00,14.0,14.0,14.0,14.0,2,28000.0,13.717500000000001,13.568333333333333,13.493541666666665,0.1998767112077129,0.15398461180997616,0.045892099397736724
2026-01-12 09:11:00,13.95,13.95,13.95,13.95,1,13950.0,13.75,13.572499999999998,13.495416666666666,0.1829894325750221,0.15978557596298537,0.023203856612036722
2026-01-12 09:12:00,13.95,13.95,13.95,13.95,3,41850.0,13.772500000000003,13.576666666666666,13.4975,0.16767330905852695,0.1613631225820937,0.006310186476433249
2026-01-12 09:13:00,13.9,13.9,13.8,13.8,4,55300.0,13.792499999999999,13.579166666666667,13.498958333333333,0.14179687827997967,0.1574498737216709,-0.015652995441691242
2026-01-12 09:15:00,13.75,13.75,13.75,13.75,1,13750.0,13.8125,13.581666666666667,13.500416666666666,0.11591879857279963,0.14914365869189666,-0.03322486011909703
2026-01-12 09:22:00,13.75,13.75,13.75,13.75,1,13750.0,13.8325,13.584166666666667,13.501875,0.09432293784981916,0.13817951452348118,-0.04385657667366202
2026-01-12 09:23:00,13.75,13.75,13.75,13.75,1,13750.0,13.85,13.5875,13.503333333333332,0.07632819867540519,0.12580925135386598,-0.049481052678460785
2026-01-12 09:24:00,13.75,13.75,13.75,13.75,1,13750.0,13.867499999999998,13.591666666666667,13.504791666666666,0.06135991928034734,0.11291938493916225,-0.051559465658814904
2026-01-12 09:25:00,13.8,13.8,13.75,13.75,2,27550.0,13.8875,13.595833333333333,13.50625,0.04893337651464158,0.10012218325425812,-0.05118880673961654
2026-01-12 09:30:00,13.8,13.8,13.8,13.8,1,13800.0,13.907499999999999,13.600833333333334,13.507708333333333,0.0426284398575838,0.08862343457492326,-0.04599499471733946
2026-01-12 09:31:00,13.85,13.85,13.85,13.85,1,13850.0,13.930000000000001,13.6075,13.509583333333332,0.04119148447262155,0.07913704455446292,-0.03794556008184137
2026-01-12 09:34:00,13.8,13.8,13.75,13.75,3,41300.0,13.9475,13.6125,13.511249999999999,0.03161903812289246,0.06963344326814884,-0.03801440514525638
2026-01-12 09:55:00,13.75,13.75,13.75,13.75,1,13750.0,13.965,13.617500000000001,13.512916666666666,0.023758927300479016,0.060458540074614875,-0.03669961277413586
2026-01-12 09:56:00,13.65,13.65,13.5,13.55,37,502200.0,13.972500000000002,13.619166666666667,13.51375,0.0013755478549928313,0.048641941630690466,-0.047266393775697635
2026-01-12 09:58:00,13.55,13.55,13.55,13.55,1,13550.0,13.914999999999997,13.62,13.514583333333333,-0.016176963651927778,0.03567816057416682,-0.0518551242260946
2026-01-12 10:04:00,13.6,13.6,13.6,13.6,1,13600.0,13.8625,13.621666666666666,13.515625,-0.025755974506040502,0.023391333558125355,-0.049147308064165854
2026-01-12 10:05:00,13.6,13.6,13.6,13.6,1,13600.0,13.820000000000002,13.621666666666666,13.516875,-0.032967382160906666,0.01211959041431895,-0.04508697257522562
2026-01-12 10:06:00,13.6,13.65,13.6,13.65,6,81850.0,13.7775,13.6225,13.518125000000001,-0.03425304477186053,0.002845063377083052,-0.037098108148943584
2026-01-12 10:11:00,13.65,13.65,13.65,13.65,1,13650.0,13.76,13.625,13.519374999999998,-0.03486998220469317,-0.004697945739272196,-0.03017203646542098
2026-01-12 10:12:00,13.65,13.65,13.65,13.65,1,13650.0,13.742500000000001,13.627500000000001,13.520624999999999,-0.034955959028653893,-0.010749548397148537,-0.024206410631505356
2026-01-12 10:15:00,13.65,13.65,13.65,13.65,1,13650.0,13.725,13.63,13.521875,-0.034624961280718125,-0.015524630973862457,-0.019100330306855668
2026-01-12 10:19:00,13.65,13.65,13.65,13.65,3,40950.0,13.710000000000003,13.6325,13.522708333333334,-0.03397104610748691,-0.01921391400058735,-0.014757132106899561
2026-01-12 10:37:00,13.65,13.65,13.65,13.65,2,27300.0,13.694999999999999,13.635,13.523958333333333,-0.03307158497623597,-0.021985448195717076,-0.011086136780518892
2026-01-12 10:42:00,13.6,13.6,13.6,13.6,1,13600.0,13.685000000000002,13.6375,13.525,-0.03597859879105414,-0.02478407831478449,-0.011194520476269648
2026-01-12 10:44:00,13.6,13.6,13.6,13.6,3,40800.0,13.6775,13.639999999999999,13.525833333333333,-0.03784616119535755,-0.02739649489089911,-0.010449666304458444
2026-01-12 10:46:00,13.6,13.6,13.6,13.6,2,27200.0,13.670000000000002,13.642500000000002,13.52625,-0.03887805582898096,-0.02969280707851548,-0.009185248750465481
2026-01-12 10:47:00,13.6,13.6,13.6,13.6,3,40800.0,13.6625,13.644166666666667,13.526874999999999,-0.039243465518243426,-0.03160293876646107,-0.007640526751782353
2026-01-12 10:53:00,13.6,13.6,13.6,13.6,1,13600.0,13.655000000000001,13.645833333333334,13.527708333333333,-0.039082536180563565,-0.03309885824928157,-0.005983677931281996
2026-01-12 10:56:00,13.55,13.55,13.55,13.55,3,40650.0,13.645000000000001,13.6475,13.528333333333332,-0.04249967090254536,-0.03497902077993433,-0.007520650122611029
2026-01-12 11:13:00,13.6,13.6,13.55,13.55,7,94900.0,13.632500000000002,13.648333333333333,13.528958333333334,-0.044692586472159235,-0.036921733918379315,-0.0077708525537799195
2026-01-12 11:22:00,13.5,13.5,13.5,13.5,7,94500.0,13.615,13.648333333333333,13.529375,-0.049889969480009455,-0.03951538103070534,-0.010374588449304112
2026-01-12 11:24:00,13.55,13.55,13.55,13.55,1,13550.0,13.604999999999999,13.649166666666666,13.530208333333333,-0.04940484255476285,-0.04149327333551685,-0.007911569219246004
2026-01-12 11:25:00,13.55,13.55,13.55,13.55,1,13550.0,13.594999999999999,13.65,13.53125,-0.04846173920814856,-0.042886966510043194,-0.005574772698105364
2026-01-12 11:30:00,13.55,13.55,13.55,13.55,1,13550.0,13.594999999999999,13.650833333333333,13.532083333333334,-0.04717057004247316,-0.043743687216529194,-0.003426882825943965
2026-01-12 11:46:00,13.55,13.55,13.55,13.55,1,13550.0,13.595000000000002,13.651666666666667,13.532916666666667,-0.04562141391503616,-0.04411923255623059,-0.0015021813588055669
2026-01-12 11:52:00,13.55,13.55,13.55,13.55,1,13550.0,13.592500000000001,13.6525,13.53375,-0.0438877854514903,-0.04407294313528254,0.0001851576837922364
2026-01-12 11:53:00,13.55,13.55,13.55,13.55,1,13550.0,13.589999999999998,13.653333333333332,13.534583333333332,-0.04202938382960575,-0.04366423127414718,0.0016348474445414332
2026-01-12 12:14:00,13.5,13.5,13.5,13.5,1,13500.0,13.5825,13.653333333333332,13.535208333333333,-0.04408300781440211,-0.043747986582198174,-0.0003350212322039345
2026-01-12 12:42:00,13.55,13.55,13.55,13.55,1,13550.0,13.5775,13.66,13.536041666666668,-0.04120099802682553,-0.04323858887112365,0.0020375908442981164
2026-01-12 12:45:00,13.55,13.55,13.55,13.55,5,67750.0,13.5725,13.663333333333332,13.536875000000002,-0.03847348610747936,-0.04228556831839479,0.0038120822109154323
2026-01-12 12:47:00,13.55,13.55,13.55,13.55,2,27100.0,13.5675,13.67,13.537708333333333,-0.0358981022834044,-0.041008075111396716,0.005109972827992318
2026-01-12 12:51:00,13.5,13.5,13.5,13.5,1,13500.0,13.559999999999999,13.673333333333336,13.538333333333332,-0.03745986022997094,-0.04029843213511156,0.0028385719051406202
2026-01-12 13:01:00,13.5,13.5,13.45,13.45,13,174900.0,13.55,13.672500000000001,13.538541666666667,-0.042245170755291994,-0.04068777985914765,-0.001557390896144345
2026-01-12 13:02:00,13.4,13.4,13.4,13.4,19,254600.0,13.539999999999997,13.672499999999998,13.538333333333332,-0.04950152320954082,-0.04245052852922629,-0.007050994680314532
2026-01-12 13:08:00,13.45,13.45,13.45,13.45,1,13450.0,13.532500000000002,13.674166666666668,13.538333333333334,-0.050633975722591984,-0.04408721796789943,-0.006546757754692552
2026-01-12 13:10:00,13.45,13.45,13.45,13.45,1,13450.0,13.525,13.675833333333335,13.538541666666667,-0.05094419947814188,-0.045458614269947926,-0.005485585208193956
2026-01-12 13:11:00,13.45,13.45,13.4,13.4,5,67100.0,13.515,13.675833333333335,13.53875,-0.054595295588864445,-0.04728595053373123,-0.007309345055133212
2026-01-12 13:25:00,13.35,13.6,13.35,13.6,6,81150.0,13.515,13.679166666666667,13.539583333333333,-0.04087925640964585,-0.046004611708914164,0.005125355299268317
2026-01-12 13:30:00,13.4,13.4,13.4,13.4,15,201000.0,13.507499999999999,13.680000000000001,13.539375,-0.04562162735003383,-0.045928014837138105,0.00030638748710427183
2026-01-13 09:19:00,13.5,13.5,13.5,13.5,2,27000.0,13.504999999999999,13.681666666666667,13.539583333333333,-0.04084004757569204,-0.044910421384848895,0.004070373809156855
2026-01-13 09:36:00,13.5,13.5,13.5,13.5,1,13500.0,13.504999999999999,13.683333333333334,13.54,-0.03662838196814988,-0.0432540135015091,0.006625631533359218
2026-01-13 09:41:00,13.5,13.5,13.5,13.5,1,13500.0,13.502500000000001,13.685,13.540416666666665,-0.03291122649821787,-0.04118545610085086,0.008274229602632986
2026-01-13 10:26:00,13.45,13.45,13.45,13.45,1,13450.0,13.497499999999999,13.685833333333333,13.540416666666665,-0.03361247248048471,-0.03967085937677763,0.006058386896292921
2026-01-13 11:08:00,13.4,13.4,13.4,13.4,2,26800.0,13.49,13.685833333333335,13.540416666666665,-0.03776743759501855,-0.03929017502042582,0.0015227374254072681
2026-01-13 11:42:00,13.4,13.4,13.4,13.4,1,13400.0,13.482499999999998,13.664166666666667,13.540416666666665,-0.040592353994211905,-0.03955061081518304,-0.0010417431790288659
2026-01-13 12:22:00,13.4,13.4,13.4,13.4,10,134000.0,13.475,13.643333333333334,13.540416666666667,-0.042343016654614374,-0.040109091983069306,-0.002233924671545068
2026-01-13 12:56:00,13.4,13.4,13.4,13.4,1,13400.0,13.467500000000001,13.625833333333333,13.540625,-0.04323207695373732,-0.04073368897720291,-0.0024983879765344066
2026-01-13 13:14:00,13.4,13.4,13.4,13.4,1,13400.0,13.4625,13.607499999999998,13.540833333333332,-0.04343596092651225,-0.04127414336706479,-0.002161817559447464
2026-01-14 09:19:00,13.35,13.35,13.3,13.3,4,53300.0,13.45,13.595833333333333,13.540416666666665,-0.05107791035331388,-0.04323489676431461,-0.007843013588999269
2026-01-14 09:26:00,13.4,13.4,13.4,13.4,1,13400.0,13.4425,13.585833333333333,13.540416666666667,-0.04850590024207868,-0.04428909745986743,-0.004216802782211253
2026-01-14 09:48:00,13.4,13.4,13.4,13.4,1,13400.0,13.434999999999999,13.575833333333332,13.540416666666667,-0.04593801881313908,-0.04461888173052176,-0.0013191370826173207
2026-01-14 09:55:00,13.4,13.4,13.4,13.4,2,26800.0,13.430000000000001,13.566666666666666,13.540416666666665,-0.04340263571282499,-0.04437563252698241,0.0009729968141574188
2026-01-14 10:10:00,13.35,13.35,13.35,13.35,2,26700.0,13.425,13.556666666666667,13.540208333333334,-0.04491021150929697,-0.04448254832344532,-0.0004276631858516483
2026-01-14 10:43:00,13.4,13.4,13.4,13.4,2,26800.0,13.425,13.55,13.540416666666665,-0.041590959366828884,-0.043904230532122036,0.002313271165293153
2026-01-14 11:08:00,13.35,13.35,13.35,13.35,5,66750.0,13.420000000000002,13.543333333333333,13.540416666666667,-0.0425050386356407,-0.04362439215282577,0.001119353517185069
2026-01-14 11:59:00,13.35,13.35,13.35,13.35,7,93450.0,13.415000000000001,13.536666666666667,13.540625,-0.04273680970225158,-0.04344687566271094,0.0007100659604593607
2026-01-14 12:19:00,13.4,13.4,13.4,13.4,1,13400.0,13.415000000000001,13.530833333333334,13.540625,-0.038442763561251425,-0.04244605324241904,0.0040032896811676155
2026-01-14 12:23:00,13.4,13.4,13.4,13.4,1,13400.0,13.405000000000001,13.525,13.540208333333332,-0.034640388225012586,-0.04088492023893775,0.006244532013925164
2026-01-14 12:24:00,13.4,13.4,13.4,13.4,1,13400.0,13.405000000000001,13.519166666666669,13.539791666666666,-0.03126655697040981,-0.038961247585232166,0.007694690614822357
2026-01-14 12:41:00,13.4,13.4,13.4,13.4,1,13400.0,13.4,13.5125,13.539583333333333,-0.02826692784534579,-0.036822383637254895,0.008555455791909104
2026-01-14 13:23:00,13.4,13.4,13.4,13.4,1,13400.0,13.395000000000001,13.504999999999999,13.539583333333333,-0.025594660834594052,-0.03457683907672273,0.008982178242128679
2026-01-15 09:19:00,13.4,13.4,13.4,13.4,1,13400.0,13.39,13.499166666666666,13.539583333333333,-0.02320932729814018,-0.03230333672100622,0.009094009422866041
2026-01-15 09:59:00,13.45,13.45,13.45,13.45,1,13450.0,13.39,13.494166666666667,13.540208333333334,-0.01708737848983155,-0.029260145074771288,0.012172766584939737
2026-01-15 10:58:00,13.45,13.45,13.45,13.45,1,13450.0,13.392500000000002,13.4925,13.540625,-0.012096251890843845,-0.0258273664379858,0.013731114547141956
2026-01-15 11:01:00,13.45,13.45,13.45,13.45,1,13450.0,13.395000000000001,13.490833333333335,13.541041666666667,-0.00804797604387808,-0.02227148835916426,0.01422351231528618
2026-01-15 11:23:00,13.45,13.45,13.45,13.45,1,13450.0,13.397499999999999,13.488333333333335,13.541458333333333,-0.00478453512623922,-0.018774097712579253,0.013989562586340033
2026-01-15 11:27:00,13.4,13.4,13.4,13.4,1,13400.0,13.397499999999999,13.485000000000001,13.541666666666666,-0.00616178756824759,-0.01625163568371292,0.01008984811546533
2026-01-15 12:22:00,13.4,13.4,13.4,13.4,1,13400.0,13.397499999999999,13.480833333333333,13.541875000000001,-0.00717061170294464,-0.014435430887559263,0.007264819184614623
2026-01-15 12:33:00,13.5,13.55,13.5,13.55,4,54100.0,13.41,13.479166666666666,13.542708333333334,0.004086527356230718,-0.010731039238801266,0.014817566595031985
2026-01-15 13:00:00,13.45,13.45,13.4,13.4,2,26850.0,13.41,13.475,13.542708333333334,0.0008938411221794951,-0.008406063166605115,0.00929990428878461
2026-01-15 13:20:00,13.5,13.5,13.5,13.5,1,13500.0,13.415000000000001,13.4725,13.543333333333333,0.006359470527156574,-0.005452956427852777,0.01181242695500935
2026-01-15 13:22:00,13.45,13.45,13.45,13.45,1,13450.0,13.4175,13.469166666666666,13.54375,0.006580582220205855,-0.00304624869824105,0.009626830918446905
2026-01-15 13:24:00,13.4,13.4,13.4,13.4,1,13400.0,13.419999999999998,13.465000000000002,13.543541666666666,0.002690221498573564,-0.0018989546588781274,0.004589176157451691
2026-01-16 09:20:00,13.4,13.4,13.4,13.4,5,67000.0,13.419999999999998,13.461666666666668,13.543333333333333,-0.0003884397106634907,-0.0015968516692352003,0.0012084119585717096
2026-01-16 09:33:00,13.4,13.4,13.4,13.4,2,26800.0,13.4225,13.458333333333334,13.543333333333333,-0.0027960695502606825,-0.001836695245440297,-0.0009593743048203855
2026-01-16 10:02:00,13.4,13.4,13.4,13.4,2,26800.0,13.425,13.455,13.543125,-0.004650525184699106,-0.002399461233292059,-0.0022510639514070467
2026-01-16 10:03:00,13.4,13.4,13.4,13.4,1,13400.0,13.425,13.451666666666666,13.543125000000002,-0.006050448827810584,-0.003129658752195765,-0.002920790075614819
2026-01-16 10:10:00,13.4,13.4,13.4,13.4,1,13400.0,13.425,13.448333333333334,13.543125,-0.007078304117110079,-0.003919387825178628,-0.0031589162919314507
2026-01-16 10:11:00,13.4,13.4,13.4,13.4,2,26800.0,13.425,13.445833333333333,13.542291666666667,-0.007802939410810339,-0.004696098142304971,-0.003106841268505368
2026-01-16 10:36:00,13.4,13.4,13.4,13.4,1,13400.0,13.425,13.443333333333333,13.543333333333333,-0.008281751228828682,-0.005413228759609714,-0.0028685224692189685
2026-01-16 10:41:00,13.4,13.4,13.4,13.4,6,80400.0,13.425,13.441666666666666,13.542708333333334,-0.008562509761704362,-0.006043084960028644,-0.002519424801675718
2026-01-16 10:42:00,13.4,13.4,13.4,13.4,3,40200.0,13.425,13.439166666666667,13.54125,-0.00868489881439416,-0.006571447730901748,-0.0021134510834924115
2026-01-16 10:43:00,13.4,13.4,13.4,13.4,1,13400.0,13.4225,13.436666666666667,13.539375,-0.008681814467477622,-0.006993521078216924,-0.001688293389260698
2026-01-16 10:44:00,13.35,13.4,13.35,13.4,2,26750.0,13.419999999999998,13.434166666666668,13.537916666666666,-0.008580459899752313,-0.0073109088425240025,-0.0012695510572283105
2026-01-16 10:45:00,13.4,13.4,13.4,13.4,1,13400.0,13.4175,13.431666666666667,13.536458333333334,-0.008403268031594635,-0.007529380680338129,-0.0008738873512565059
2026-01-16 10:51:00,13.4,13.4,13.4,13.4,1,13400.0,13.415000000000001,13.429166666666667,13.535208333333335,-0.008168678755611225,-0.007657240295392749,-0.0005114384602184757
2026-01-16 11:38:00,13.4,13.4,13.4,13.4,3,40200.0,13.415000000000001,13.426666666666668,13.534791666666669,-0.007891793382626133,-0.007704150912839427,-0.00018764246978670608
2026-01-16 11:50:00,13.4,13.4,13.4,13.4,1,13400.0,13.415000000000001,13.425000000000002,13.534791666666667,-0.007584925430771605,-0.0076803058164258645,9.538038565425934e-05
2026-01-16 11:53:00,13.4,13.4,13.4,13.4,3,40200.0,13.407499999999999,13.422500000000001,13.534375,-0.0072580639251178525,-0.007595857438164264,0.0003377935130464112
2026-01-16 12:06:00,13.4,13.4,13.4,13.4,1,13400.0,13.407499999999999,13.42,13.533958333333334,-0.006919262871686982,-0.007460538524868808,0.0005412756531818263
2026-01-16 12:20:00,13.35,13.35,13.35,13.35,2,26700.0,13.4,13.416666666666666,13.533333333333333,-0.010563572440974056,-0.008081145308089859,-0.0024824271328841973
2026-01-16 12:42:00,13.4,13.4,13.4,13.4,1,13400.0,13.397499999999999,13.415,13.533125,-0.009309814155475493,-0.008326879077566986,-0.0009829350779085068
2026-01-16 13:30:00,13.4,13.4,13.4,13.4,1,13400.0,13.397499999999999,13.414166666666667,13.532916666666667,-0.008221430152246967,-0.008305789292502983,8.4359140256016e-05
2026-01-19 09:14:00,13.5,13.5,13.5,13.5,1,13500.0,13.4025,13.415833333333333,13.533125000000002,0.0007021918463205878,-0.006504193064738268,0.007206384911058856
2026-01-19 09:44:00,13.5,13.5,13.5,13.5,1,13500.0,13.407499999999999,13.416666666666666,13.532916666666667,0.007685631396807224,-0.003666228172429169,0.011351859569236393
2026-01-19 09:45:00,13.55,13.55,13.55,13.55,3,40650.0,13.415000000000001,13.418333333333333,13.53375,0.017058005615602667,0.0004786185851771992,0.01657938703042547
2026-01-19 09:48:00,13.6,13.6,13.45,13.45,6,81150.0,13.4175,13.419166666666666,13.533958333333334,0.01622943264610477,0.0036287813973627145,0.012600651248742054
2026-01-19 09:50:00,13.6,13.6,13.6,13.6,4,54400.0,13.4275,13.419166666666666,13.534583333333334,0.027361126956085613,0.008375250509107297,0.018985876446978314
2026-01-19 10:00:00,13.6,13.6,13.6,13.6,1,13600.0,13.4375,13.422500000000001,13.535,0.035770732162413665,0.013854346839768574,0.02191638532264509
2026-01-19 10:11:00,13.55,13.6,13.55,13.6,6,81550.0,13.4475,13.424166666666668,13.535625,0.04195181051879615,0.019473839575574095,0.022477970943222056
2026-01-19 10:14:00,13.6,13.6,13.6,13.6,1,13600.0,13.457500000000001,13.425833333333333,13.536041666666668,0.04631645241603266,0.02484236214366581,0.02147409027236685
2026-01-19 10:16:00,13.6,13.6,13.6,13.6,1,13600.0,13.467500000000001,13.4275,13.535833333333333,0.04920822082650389,0.02971553388023343,0.01949268694627046
2026-01-19 10:17:00,13.6,13.6,13.6,13.6,1,13600.0,13.477500000000001,13.430000000000001,13.536041666666668,0.05091307390221189,0.03395504188462913,0.01695803201758276
2026-01-19 10:18:00,13.6,13.6,13.6,13.6,2,27200.0,13.4875,13.433333333333334,13.536249999999999,0.051668579031019846,0.03749774931390728,0.014170829717112567
2026-01-19 10:35:00,13.6,13.6,13.6,13.6,1,13600.0,13.497499999999999,13.436666666666667,13.536458333333334,0.0516716832882782,0.040332536108781465,0.011339147179496738
2026-01-19 10:43:00,13.6,13.6,13.6,13.6,5,68000.0,13.507500000000002,13.44,13.536666666666667,0.051085264307060285,0.042483081748437235,0.00860218255862305
2026-01-19 10:51:00,13.6,13.6,13.6,13.6,1,13600.0,13.517499999999998,13.443333333333333,13.536875,0.050043650982097176,0.04399519559516923,0.006048455386927949
2026-01-19 10:52:00,13.6,13.6,13.6,13.6,1,13600.0,13.5275,13.446666666666667,13.5375,0.0486572741493525,0.04492761130600589,0.0037296628433466164
2026-01-19 10:56:00,13.6,13.6,13.6,13.6,10,136000.0,13.537499999999998,13.451666666666666,13.538333333333332,0.04701658262342079,0.04534540556948887,0.0016711770539319173
2026-01-19 10:57:00,13.6,13.6,13.6,13.6,1,13600.0,13.5475,13.455000000000002,13.539166666666665,0.04519533903332018,0.04531539226225514,-0.00012005322893495624
2026-01-19 11:01:00,13.6,13.6,13.6,13.6,5,68000.0,13.560000000000002,13.458333333333334,13.540000000000001,0.043253392185995665,0.04490299224700325,-0.001649600061007582
2026-01-19 11:13:00,13.6,13.6,13.6,13.6,3,40800.0,13.569999999999999,13.461666666666666,13.540833333333333,0.041239007708050224,0.044170195339212646,-0.0029311876311624227
2026-01-19 11:39:00,13.65,13.75,13.65,13.75,15,205700.0,13.5875,13.468333333333334,13.542291666666667,0.05115663801498194,0.04556748387436651,0.005589154140615428
2026-01-19 11:41:00,13.8,13.8,13.8,13.8,9,124200.0,13.602500000000001,13.475000000000001,13.543958333333332,0.06233248354873133,0.04892048380923948,0.01341199973949185
2026-01-19 11:43:00,13.8,13.8,13.8,13.8,1,13800.0,13.617500000000001,13.4825,13.545416666666666,0.07037814619142857,0.05321201628567731,0.01716612990575126
2026-01-19 11:57:00,13.8,13.8,13.8,13.8,1,13800.0,13.63,13.49,13.546875,0.07587969787796922,0.0577455526041357,0.018134145273833523
2026-01-19 11:59:00,13.75,13.75,13.75,13.75,2,27500.0,13.645000000000001,13.495833333333334,13.548125,0.07533670050556829,0.06126378218442222,0.014072918321146065
2026-01-19 12:01:00,13.75,13.75,13.75,13.75,1,13750.0,13.6525,13.501666666666665,13.549583333333334,0.07405273731630047,0.06382157321079787,0.010231164105502594
2026-01-19 12:03:00,13.75,13.75,13.75,13.75,1,13750.0,13.660000000000002,13.507499999999999,13.551041666666666,0.0722028774122716,0.06549783405109262,0.006705043361178983
2026-01-19 12:05:00,13.75,13.75,13.75,13.75,2,27500.0,13.6675,13.513333333333332,13.551875,0.06993073216082912,0.06638441367303992,0.0035463184877892046
2026-01-19 12:08:00,13.75,13.75,13.75,13.75,5,68750.0,13.675,13.519166666666667,13.553125,0.06735362995914862,0.06657825693026166,0.0007753730288869581
2026-01-19 12:10:00,13.75,13.75,13.75,13.75,1,13750.0,13.682500000000001,13.525,13.554375,0.06456697005801182,0.06617599955581169,-0.0016090294977998687
2026-01-19 12:31:00,13.6,13.6,13.6,13.6,1,13600.0,13.6825,13.5275,13.555000000000001,0.04968207161628868,0.06287721396790709,-0.013195142351618408
2026-01-19 12:47:00,13.6,13.6,13.6,13.6,1,13600.0,13.682500000000001,13.530000000000001,13.555625,0.03745393669338526,0.057792558513002724,-0.020338621819617465
2026-01-19 12:49:00,13.6,13.6,13.6,13.6,1,13600.0,13.6825,13.5325,13.556041666666665,0.027446663614831834,0.05172337953336855,-0.024276715918536716
2026-01-19 13:03:00,13.6,13.6,13.6,13.6,1,13600.0,13.6825,13.535,13.556458333333332,0.019293425007820275,0.0452373886282589,-0.025943963620438625
2026-01-19 13:04:00,13.6,13.6,13.6,13.6,3,40800.0,13.682500000000001,13.538333333333332,13.556875,0.012685691911070052,0.03872704928482113,-0.02604135737375108
2026-01-19 13:17:00,13.55,13.55,13.55,13.55,1,13550.0,13.679999999999998,13.540833333333333,13.557083333333333,0.0033755227679037603,0.031656743981437654,-0.028281221213533894
2026-01-19 13:22:00,13.55,13.55,13.55,13.55,4,54200.0,13.6775,13.540833333333333,13.557291666666666,-0.0039572367917593,0.024533947826798266,-0.028491184618557566
2026-01-19 13:30:00,13.55,13.55,13.55,13.55,2,27100.0,13.675,13.543333333333333,13.5575,-0.009657179617230227,0.01769572233799257,-0.027352901955222796
2026-01-20 09:06:00,13.5,13.5,13.5,13.5,1,13500.0,13.669999999999998,13.543333333333333,13.5575,-0.018001497447817982,0.010556278380830458,-0.028557775828648442
2026-01-20 09:22:00,13.5,13.5,13.5,13.5,2,27000.0,13.665000000000001,13.544166666666667,13.557708333333332,-0.024333923127645818,0.0035782380791352015,-0.02791216120678102
2026-01-20 09:30:00,13.6,13.6,13.6,13.6,1,13600.0,13.657500000000002,13.547499999999998,13.558333333333334,-0.02104070765596866,-0.0013455510678855721,-0.019695156588083088
2026-01-20 09:33:00,13.7,13.85,13.7,13.85,5,68850.0,13.66,13.555,13.559791666666666,0.0017222470031050818,-0.0007319914536874412,0.002454238456792523
2026-01-20 09:34:00,13.85,13.85,13.85,13.85,1,13850.0,13.6625,13.5625,13.56125,0.019536843992371544,0.003321775635524357,0.016215068356847186
2026-01-20 09:35:00,13.8,13.8,13.8,13.8,1,13800.0,13.6625,13.569166666666666,13.562291666666669,0.029282903240456903,0.008514001156510869,0.020768902083946036
2026-01-20 09:36:00,13.8,13.8,13.8,13.8,1,13800.0,13.664999999999997,13.575833333333334,13.563333333333333,0.03658499634661716,0.01412820019453213,0.02245679615208503
2026-01-20 09:44:00,13.8,13.8,13.75,13.75,3,41350.0,13.664999999999997,13.581666666666667,13.563749999999999,0.03790048244008304,0.018882656643642318,0.01901782579644072
2026-01-20 10:18:00,13.7,13.7,13.7,13.7,1,13700.0,13.6625,13.586666666666666,13.564583333333333,0.0345106156194106,0.022008248438795976,0.012502367180614624
2026-01-20 10:21:00,13.7,13.7,13.7,13.7,1,13700.0,13.66,13.591666666666667,13.565625,0.03146145368732434,0.023898889488501652,0.007562564198822685
2026-01-20 10:26:00,13.7,13.7,13.7,13.7,1,13700.0,13.657499999999999,13.596666666666668,13.566666666666666,0.028713974068878656,0.024861906404577055,0.0038520676643016005
2026-01-20 10:36:00,13.7,13.7,13.7,13.7,1,13700.0,13.654999999999998,13.601666666666667,13.5675,0.026234165546521027,0.025136358232965852,0.0010978073135551741
2026-01-20 11:06:00,13.65,13.65,13.65,13.65,1,13650.0,13.657500000000002,13.605833333333331,13.568125000000002,0.02000372678346274,0.024109831943065232,-0.004106105159602493
2026-01-20 11:26:00,13.65,13.65,13.65,13.65,1,13650.0,13.66,13.610000000000001,13.56875,0.014894366193788144,0.022266738793209815,-0.007372372599421671
2026-01-20 12:12:00,13.6,13.6,13.6,13.6,1,13600.0,13.660000000000002,13.613333333333333,13.569166666666668,0.006732965547247005,0.019159984144017254,-0.01242701859677025
2026-01-20 12:22:00,13.65,13.65,13.65,13.65,1,13650.0,13.6625,13.617500000000001,13.569791666666667,0.004250580817936722,0.016178103478801147,-0.011927522660864425
2026-01-20 12:24:00,13.7,13.7,13.7,13.7,8,109600.0,13.667499999999999,13.6225,13.570625000000001,0.006245856818415163,0.01419165414672395,-0.007945797328308787
2026-01-20 12:26:00,13.65,13.65,13.65,13.65,1,13650.0,13.672500000000003,13.626666666666665,13.571250000000001,0.0037493254020564137,0.012103188397790444,-0.00835386299573403
2026-01-20 12:29:00,13.6,13.6,13.6,13.6,1,13600.0,13.675,13.629999999999999,13.571458333333334,-0.0022379778489582947,0.009234955148440697,-0.011472932997398991
2026-01-20 12:43:00,13.7,13.7,13.7,13.7,6,82200.0,13.6825,13.635,13.572083333333332,0.0010738270438235276,0.007602729527517263,-0.006528902483693736
2026-01-20 12:45:00,13.7,13.7,13.7,13.7,2,27400.0,13.6925,13.640833333333331,13.5725,0.003656308631684979,0.006813445348350808,-0.0031571367166658287
2026-01-20 12:47:00,13.7,13.7,13.7,13.7,8,109600.0,13.7025,13.645833333333334,13.572916666666666,0.005637953082212377,0.006578346895123123,-0.000940393812910746
2026-01-20 12:49:00,13.7,13.7,13.7,13.7,7,95900.0,13.7075,13.650833333333333,13.573541666666666,0.007126273343084577,0.006687932184715414,0.00043834115836916335
2026-01-20 12:50:00,13.7,13.7,13.7,13.7,1,13700.0,13.7,13.654166666666667,13.573958333333334,0.008211125133307462,0.006992570774433824,0.0012185543588736376
2026-01-20 13:14:00,13.7,13.7,13.7,13.7,1,13700.0,13.692499999999999,13.6575,13.574375,0.008967506164013983,0.007387557852349858,0.0015799483116641254
2026-01-20 13:23:00,13.7,13.7,13.7,13.7,1,13700.0,13.6875,13.659999999999998,13.574791666666668,0.009457918582212343,0.007801629998322355,0.0016562885838899881
2026-01-20 13:25:00,13.75,13.75,13.75,13.75,1,13750.0,13.685000000000002,13.665,13.575,0.013722966276446869,0.008985897253947259,0.00473706902249961
2026-01-20 13:30:00,13.7,13.7,13.7,13.7,1,13700.0,13.682500000000001,13.666666666666666,13.575,0.012919536791569541,0.009772625161471716,0.003146911630097825
2026-01-21 09:01:00,13.8,13.9,13.8,13.9,12,166600.0,13.692499999999999,13.671666666666665,13.575833333333334,0.02809725401234786,0.013437550931646948,0.014659703080700913
2026-01-21 09:03:00,13.9,13.9,13.9,13.9,1,13900.0,13.7025,13.676666666666666,13.576666666666666,0.03966843127634867,0.018683727000587295,0.020984704275761375
2026-01-21 09:10:00,13.9,13.9,13.9,13.9,7,97300.0,13.7125,13.681666666666667,13.577291666666666,0.048282106554109916,0.024603402911291823,0.023678703642818093
2026-01-21 09:16:00,13.9,13.9,13.9,13.9,1,13900.0,13.7225,13.686666666666667,13.577916666666665,0.05448048910444747,0.03057882014992296,0.023901668954524512
2026-01-21 09:25:00,13.85,13.85,13.85,13.85,1,13850.0,13.732499999999998,13.690833333333332,13.578333333333331,0.054727307466057695,0.03540851761314991,0.019318789852907782
2026-01-21 09:28:00,13.85,13.85,13.85,13.85,4,55400.0,13.742500000000001,13.694999999999999,13.578750000000001,0.054297010655737665,0.039186216221667465,0.0151107944340702
2026-01-21 09:33:00,13.9,13.9,13.9,13.9,1,13900.0,13.757499999999999,13.699999999999998,13.579374999999999,0.05732971816154908,0.042814916609643795,0.014514801551905286
2026-01-21 09:35:00,13.9,13.9,13.9,13.9,1,13900.0,13.77,13.705000000000002,13.58,0.059052440929219685,0.046062421473558976,0.012990019455660709
2026-01-21 09:38:00,13.9,13.9,13.9,13.9,2,27800.0,13.780000000000001,13.71,13.580625,0.059729190209539595,0.04879577522075511,0.010933414988784487
2026-01-21 10:24:00,13.9,13.9,13.9,13.9,1,13900.0,13.792499999999999,13.715,13.58125,0.059578732349852004,0.050952366646574494,0.00862636570327751
2026-01-21 10:31:00,13.9,13.9,13.85,13.85,3,41650.0,13.805000000000001,13.719166666666666,13.581666666666667,0.05479328835893149,0.0517205509890459,0.0030727373698855934
2026-01-21 10:32:00,13.85,13.85,13.85,13.85,1,13850.0,13.8125,13.723333333333333,13.582083333333333,0.050419583940302104,0.05146035757929714,-0.0010407736389950392
2026-01-21 10:37:00,13.85,13.85,13.85,13.85,1,13850.0,13.819999999999999,13.7275,13.5825,0.04641831029106136,0.050451948121649985,-0.004033637830588625
2026-01-21 10:46:00,13.85,13.85,13.85,13.85,1,13850.0,13.8275,13.731666666666666,13.583125,0.04275442569075949,0.04891244363547189,-0.0061580179447124
2026-01-21 10:55:00,13.85,13.85,13.8,13.8,4,55350.0,13.8325,13.7325,13.583541666666665,0.03540802692196543,0.046211560292770605,-0.010803533370805175
2026-01-21 11:27:00,13.85,13.85,13.85,13.85,1,13850.0,13.84,13.73333333333333,13.584375,0.03323739510114976,0.04361672725444644,-0.010379332153296679
2026-01-21 11:30:00,13.8,13.8,13.8,13.8,1,13800.0,13.845000000000002,13.733333333333333,13.585208333333332,0.027169379912749037,0.04032725778610696,-0.013157877873357926
2026-01-21 11:31:00,13.8,13.8,13.8,13.8,3,41400.0,13.85,13.733333333333333,13.586041666666667,0.022105614395764306,0.036682929108038435,-0.01457731471227413
2026-01-21 11:39:00,13.85,13.9,13.85,13.9,5,69450.0,13.857499999999998,13.735833333333334,13.5875,0.025863568883647048,0.034519057063160156,-0.008655488179513109
2026-01-21 12:17:00,13.8,13.8,13.8,13.8,9,124200.0,13.8625,13.736666666666668,13.588750000000001,0.02053588571735787,0.0317224227939997,-0.011186537076641828
2026-01-21 12:19:00,13.8,13.8,13.8,13.8,15,207000.0,13.857500000000002,13.7375,13.590000000000002,0.016127747786876867,0.02860348779257513,-0.012475740005698264
2026-01-21 12:20:00,13.8,13.8,13.8,13.8,8,110400.0,13.852499999999997,13.738333333333335,13.59125,0.012490286470551837,0.025380847528170474,-0.012890561057618637
2026-01-21 12:22:00,13.8,13.8,13.75,13.75,3,41300.0,13.844999999999999,13.738333333333335,13.5925,0.005509480180318604,0.0214065740586001,-0.015897093878281497
2026-01-21 12:27:00,13.75,13.75,13.75,13.75,1,13750.0,13.8375,13.738333333333335,13.59375,-2.2598596133960314e-05,0.01712073952765329,-0.01714333812378725
2026-01-21 12:44:00,13.75,13.75,13.75,13.75,1,13750.0,13.8325,13.740833333333335,13.594999999999999,-0.004356590815906003,0.01282527345894143,-0.017181864274847435
2026-01-21 12:45:00,13.85,13.85,13.7,13.7,5,69100.0,13.825,13.7425,13.596041666666668,-0.011691124995886426,0.007921993767975859,-0.019613118763862285
2026-01-22 09:29:00,13.7,13.7,13.7,13.7,3,41100.0,13.815000000000001,13.744166666666667,13.596875,-0.017304322715290255,0.002876730471322635,-0.02018105318661289
2026-01-22 09:50:00,13.8,13.8,13.8,13.8,1,13800.0,13.810000000000002,13.747499999999999,13.598125000000001,-0.013527718960235191,-0.00040415941498893104,-0.01312355954524626
2026-01-22 10:24:00,13.75,13.75,13.75,13.75,1,13750.0,13.8025,13.75,13.59875,-0.014403283323535021,-0.00320398419669815,-0.01119929912683687
2026-01-22 10:27:00,13.7,13.7,13.7,13.7,4,54800.0,13.7925,13.7525,13.599166666666667,-0.01891373080676395,-0.0063459335187113115,-0.01256779728805264
2026-01-22 10:47:00,13.75,13.75,13.75,13.75,1,13750.0,13.7875,13.755833333333333,13.600208333333335,-0.018243412102096457,-0.008725429235388342,-0.009517982866708114
2026-01-22 11:16:00,13.7,13.7,13.7,13.7,2,27400.0,13.780000000000001,13.758333333333331,13.601041666666667,-0.02149893548616255,-0.011280130485543185,-0.010218805000619367
2026-01-22 11:33:00,13.7,13.7,13.7,13.7,1,13700.0,13.772499999999999,13.761666666666665,13.601875000000001,-0.023804557106316793,-0.013785015809697909,-0.010019541296618884
2026-01-22 12:25:00,13.7,13.7,13.7,13.7,2,27400.0,13.764999999999997,13.764999999999999,13.602708333333334,-0.025339678807505095,-0.016095948409259347,-0.009243730398245747
2026-01-22 12:29:00,13.7,13.7,13.7,13.7,1,13700.0,13.760000000000002,13.766666666666667,13.603541666666668,-0.02625363821661253,-0.018127486370729983,-0.008126151845882546
2026-01-22 12:44:00,13.7,13.7,13.7,13.7,2,27400.0,13.752500000000001,13.764166666666666,13.604583333333332,-0.02667051652042396,-0.01983609240066878,-0.00683442411975518
2026-01-22 12:54:00,13.7,13.7,13.7,13.7,1,13700.0,13.747499999999999,13.761666666666665,13.605625,-0.026693193065911558,-0.021207512533717335,-0.0054856805321942224
2026-01-23 10:10:00,13.7,13.7,13.55,13.55,20,272000.0,13.735,13.7575,13.606041666666666,-0.038372575623593974,-0.024640525151692665,-0.013732050471901309
2026-01-23 10:22:00,13.6,13.6,13.6,13.6,1,13600.0,13.719999999999999,13.754166666666666,13.606458333333332,-0.04309719072578133,-0.028331858266510402,-0.01476533245927093
2026-01-23 11:06:00,13.6,13.6,13.6,13.6,3,40800.0,13.709999999999999,13.751666666666665,13.606874999999999,-0.04630767616793996,-0.031927021846796313,-0.014380654321143646
2026-01-23 11:19:00,13.65,13.65,13.65,13.65,5,68250.0,13.702499999999997,13.750833333333334,13.607708333333333,-0.04430668697114015,-0.03440295487166508,-0.009903732099475072
2026-01-23 11:27:00,13.65,13.65,13.65,13.65,3,40950.0,13.695000000000002,13.75,13.608333333333333,-0.04223404088280702,-0.03596917207389347,-0.006264868808913554
2026-01-23 11:32:00,13.75,13.75,13.75,13.75,1,13750.0,13.695000000000002,13.750833333333333,13.609375,-0.03215166527647462,-0.0352056707144097,0.0030540054379350826
2026-01-23 11:37:00,13.8,13.8,13.8,13.8,1,13800.0,13.697500000000002,13.7525,13.610625,-0.019897363416509606,-0.03214400925482968,0.012246645838320074
2026-01-23 11:38:00,13.8,13.8,13.8,13.8,7,96600.0,13.7,13.755,13.611875,-0.01006966408558263,-0.027729140220980268,0.017659476135397638
2026-01-23 11:39:00,13.9,13.9,13.9,13.9,1,13900.0,13.709999999999999,13.759166666666665,13.613541666666666,0.005722062331363631,-0.021038899710511486,0.026760962041875117
2026-01-23 11:41:00,13.95,13.95,13.95,13.95,3,41850.0,13.7225,13.764999999999999,13.615416666666667,0.022017892859384602,-0.012427541196532268,0.03444543405591687
2026-01-23 11:45:00,13.9,13.9,13.9,13.9,1,13900.0,13.727499999999997,13.769166666666667,13.617083333333333,0.030545761303168106,-0.0038328806965921914,0.0343786419997603
2026-01-23 11:50:00,13.9,13.9,13.7,13.7,5,68850.0,13.725,13.769166666666667,13.617916666666668,0.020924623915211882,0.0011186202257686248,0.01980600368944326
2026-01-23 11:55:00,13.9,13.9,13.9,13.9,1,13900.0,13.735,13.773333333333333,13.619583333333333,0.02910265446407756,0.006715427073430414,0.022387227390647146
2026-01-23 12:13:00,13.75,13.75,13.7,13.7,2,27450.0,13.732499999999998,13.775,13.621875,0.019223873219296195,0.009217116302603572,0.010006756916692623
2026-01-23 12:17:00,13.7,13.7,13.7,13.7,1,13700.0,13.732499999999998,13.775,13.623333333333333,0.011265011865472019,0.009626695415177262,0.0016383164502947571
2026-01-23 12:21:00,13.7,13.7,13.7,13.7,1,13700.0,13.732499999999998,13.775,13.625625000000001,0.004901060527114254,0.00868156843756466,-0.0037805079104504067
2026-01-23 12:28:00,13.7,13.7,13.7,13.7,1,13700.0,13.732500000000002,13.775,13.627291666666668,-0.00014079377532816295,0.006917095994986095,-0.007057889770314258
2026-01-23 12:42:00,13.7,13.7,13.7,13.7,1,13700.0,13.732499999999998,13.775,13.628125,-0.004089360037635714,0.004715804788461733,-0.008805164826097448
2026-01-23 12:46:00,13.7,13.7,13.7,13.7,1,13700.0,13.732499999999998,13.775,13.629375000000001,-0.0071363636900123595,0.002345371092766914,-0.009481734782779274
2026-01-23 12:47:00,13.65,13.65,13.65,13.65,1,13650.0,13.729999999999999,13.774166666666666,13.630625000000002,-0.013430895170477797,-0.000809882159882029,-0.012621013010595768
2026-01-23 13:04:00,13.65,13.65,13.65,13.65,2,27300.0,13.735,13.773333333333333,13.631874999999999,-0.01820944951932546,-0.004289795631770717,-0.013919653887554742
2026-01-23 13:11:00,13.65,13.65,13.6,13.6,4,54550.0,13.735,13.770833333333334,13.632708333333335,-0.025734420026038762,-0.008578720510624329,-0.017155699515414433
2026-01-23 13:30:00,13.75,13.75,13.75,13.75,2,27500.0,13.742499999999998,13.771666666666667,13.634166666666667,-0.01937097047972003,-0.01073717050444347,-0.008633799975276558
2026-01-26 10:51:00,13.75,13.75,13.75,13.75,1,13750.0,13.747499999999999,13.769166666666667,13.635833333333334,-0.01416461006047065,-0.011422658415648908,-0.0027419516448217423
2026-01-26 12:28:00,13.7,13.7,13.7,13.7,1,13700.0,13.75,13.765833333333335,13.637083333333333,-0.013912736682877735,-0.011920674069094675,-0.00199206261378306
2026-01-26 12:47:00,13.7,13.7,13.7,13.7,1,13700.0,13.747499999999999,13.7625,13.638333333333332,-0.013556850285242561,-0.012247909312324255,-0.0013089409729183064
2026-01-26 13:21:00,13.8,14.0,13.8,14.0,15,208900.0,13.757499999999999,13.764166666666664,13.640833333333331,0.01080809604094135,-0.0076367082416711335,0.018444804282612484
2026-01-26 13:23:00,14.1,14.1,14.1,14.1,3,42300.0,13.772499999999999,13.768333333333334,13.64375,0.03775148024474895,0.0014409294556128852,0.03631055078913606
2026-01-26 13:30:00,13.85,13.85,13.85,13.85,1,13850.0,13.77,13.768333333333334,13.645625,0.03848773305121256,0.008850290174732822,0.029637442876479736
2026-01-27 09:17:00,14.0,14.0,14.0,14.0,1,14000.0,13.772499999999999,13.770000000000001,13.642708333333333,0.05059177461694375,0.01719858706317501,0.033393187553768744
2026-01-27 09:23:00,14.0,14.0,14.0,14.0,1,14000.0,13.7775,13.771666666666667,13.639999999999999,0.059498453625803194,0.025658560375700655,0.03383989325010254
2026-01-27 09:27:00,13.75,13.75,13.75,13.75,1,13750.0,13.779999999999998,13.769166666666667,13.637083333333333,0.045855555941848536,0.029697959488930236,0.0161575964529183
2026-01-27 10:21:00,13.95,13.95,13.95,13.95,1,13950.0,13.782499999999999,13.770000000000001,13.634791666666667,0.05059852150636601,0.03387807189241739,0.01672044961394862
2026-01-27 10:25:00,13.9,13.9,13.9,13.9,1,13900.0,13.7925,13.770833333333334,13.634375,0.04974929485171131,0.037052316484276177,0.012696978367435136
2026-01-27 10:31:00,13.8,13.8,13.8,13.8,1,13800.0,13.7975,13.77,13.633541666666668,0.040539794824828945,0.037749812152386736,0.0027899826724422094
2026-01-27 10:42:00,13.8,13.8,13.8,13.8,1,13800.0,13.8025,13.769166666666669,13.632708333333333,0.03286238261203067,0.03677232624431553,-0.0039099436322848555
2026-01-27 12:11:00,13.9,13.9,13.9,13.9,1,13900.0,13.8125,13.770000000000001,13.6325,0.0344500239540011,0.03630786578625264,-0.0018578418322515444
2026-01-27 12:28:00,13.9,13.9,13.9,13.9,2,27800.0,13.8225,13.771666666666667,13.632291666666667,0.0353013096327075,0.03610655455554362,-0.0008052449228361167
2026-01-27 12:57:00,13.9,13.9,13.9,13.9,1,13900.0,13.8325,13.7725,13.632708333333335,0.03556597721992638,0.035998439088420174,-0.0004324618684937928
2026-01-27 13:30:00,13.8,13.8,13.8,13.8,1,13800.0,13.84,13.7725,13.632916666666667,0.02739081960626777,0.03427691519198969,-0.006886095585721924
2026-01-28 09:01:00,13.8,13.8,13.8,13.8,2,27600.0,13.8475,13.7725,13.633125000000001,0.020673635497489684,0.03155625925308969,-0.010882623755600007
2026-01-28 10:55:00,13.65,13.65,13.6,13.6,6,81850.0,13.847500000000002,13.767500000000002,13.6325,-0.0007791285250302593,0.0250891816974657,-0.025868310222495958
2026-01-28 11:05:00,13.6,13.6,13.6,13.6,9,122400.0,13.84,13.764166666666666,13.631875,-0.01757797066774458,0.016555751224423643,-0.03413372189216822
2026-01-28 12:02:00,13.6,13.6,13.6,13.6,3,40800.0,13.832500000000001,13.760833333333332,13.63125,-0.03053913792294516,0.007136773394949882,-0.03767591131789504
2026-01-28 12:27:00,13.6,13.6,13.6,13.6,1,13600.0,13.827499999999997,13.757499999999999,13.630416666666667,-0.040345874229178236,-0.0023597561298757445,-0.03798611809930249
2026-01-28 12:59:00,13.7,13.75,13.7,13.75,5,68650.0,13.829999999999998,13.757499999999999,13.63,-0.03560362063173628,-0.009008529030247852,-0.026595091601488423
2026-01-28 13:24:00,13.6,13.6,13.6,13.6,3,40800.0,13.809999999999999,13.754999999999999,13.629375000000001,-0.043448252478393456,-0.01589647371987698,-0.027551778758516478
2026-01-28 13:25:00,13.75,13.75,13.75,13.75,3,41250.0,13.7925,13.754999999999999,13.629375000000001,-0.03713338281433742,-0.02014385553876907,-0.016989527275568354
2026-01-29 11:20:00,13.65,13.65,13.65,13.65,4,54600.0,13.782499999999999,13.754166666666666,13.629791666666668,-0.03973987088022746,-0.02406305860706075,-0.015676812273166706
2026-01-29 11:22:00,13.65,13.65,13.65,13.65,1,13650.0,13.765,13.753333333333332,13.630208333333334,-0.04132911513834614,-0.02751626991331783,-0.01381284522502831
2026-01-29 11:53:00,13.65,13.65,13.6,13.6,4,54450.0,13.745,13.75,13.630208333333334,-0.046091866450108654,-0.031231389220675997,-0.014860477229432657
2026-01-29 13:02:00,13.7,13.7,13.7,13.7,2,27400.0,13.742500000000001,13.749166666666667,13.630625,-0.041320895353056386,-0.03324929044715208,-0.008071604905904306
2026-01-29 13:03:00,13.7,13.7,13.7,13.7,1,13700.0,13.73,13.749166666666666,13.630833333333332,-0.03711206164051717,-0.0340218446858251,-0.0030902169546920683
2026-01-29 13:04:00,13.75,13.75,13.75,13.75,5,68750.0,13.7225,13.749166666666666,13.63125,-0.02940300888407421,-0.033098077525474924,0.003695068641400713
2026-01-29 13:30:00,13.75,13.75,13.75,13.75,4,55000.0,13.720000000000002,13.75,13.631666666666666,-0.023028075711545526,-0.031084077162689044,0.008056001451143519
2026-01-30 09:23:00,13.75,13.75,13.75,13.75,1,13750.0,13.717500000000001,13.750833333333333,13.632083333333332,-0.017771041736356352,-0.02842147007742251,0.010650428341066158
2026-01-30 09:28:00,13.7,13.7,13.7,13.7,2,27400.0,13.7075,13.750833333333333,13.632291666666667,-0.017438367918346742,-0.02622484964560736,0.008786481727260619
2026-01-30 09:40:00,13.65,13.65,13.6,13.6,11,149750.0,13.6925,13.749166666666667,13.632083333333332,-0.02495620617582084,-0.02597112095165006,0.0010149147758292225
2026-01-30 09:41:00,13.55,13.55,13.55,13.55,9,121950.0,13.675,13.746666666666666,13.631875,-0.034550453173261886,-0.027686987395972428,-0.006863465777289458
2026-01-30 10:43:00,13.55,13.55,13.55,13.55,1,13550.0,13.6625,13.744166666666668,13.631666666666666,-0.04167357599834176,-0.030484305116446297,-0.011189270881895464
2026-01-30 10:49:00,13.55,13.55,13.55,13.55,2,27100.0,13.65,13.744166666666667,13.631458333333335,-0.04677945768752778,-0.0337433356306626,-0.013036122056865183
2026-01-30 12:41:00,13.55,13.55,13.55,13.55,3,40650.0,13.647499999999999,13.743333333333332,13.63125,-0.050246693111388296,-0.03704400712680774,-0.013202685984580555
2026-01-30 13:00:00,13.7,13.7,13.7,13.7,1,13700.0,13.6525,13.745000000000001,13.631666666666666,-0.0404247642484723,-0.03772015855114066,-0.0027046056973316426
2026-02-02 09:38:00,13.7,13.7,13.7,13.7,7,95900.0,13.657499999999999,13.745833333333334,13.632291666666667,-0.032268839763299084,-0.03662989479357234,0.004361055030273259
2026-02-02 09:44:00,13.65,13.65,13.65,13.65,1,13650.0,13.660000000000002,13.745833333333334,13.632708333333333,-0.029499738360232897,-0.03520386350690446,0.005704125146671561
2026-02-02 10:00:00,13.65,13.65,13.65,13.65,1,13650.0,13.655000000000001,13.744166666666667,13.633333333333333,-0.026994035114409343,-0.033561897828405435,0.006567862713996092
2026-02-02 10:06:00,13.8,13.8,13.8,13.8,1,13800.0,13.665000000000001,13.744166666666667,13.634375,-0.0127574410031297,-0.029401006463350286,0.016643565460220586
2026-02-02 10:12:00,13.8,13.8,13.8,13.8,3,41400.0,13.6675,13.744166666666667,13.635416666666666,-0.0014580303347138113,-0.02381241123762299,0.022354380902909178
2026-02-02 10:21:00,13.8,13.8,13.8,13.8,3,41400.0,13.675,13.7425,13.636458333333334,0.007411400021849701,-0.017567648985728452,0.024979049007578153
2026-02-02 10:29:00,13.8,13.8,13.8,13.8,1,13800.0,13.6825,13.740000000000002,13.6375,0.014275923520330025,-0.011198934484516756,0.02547485800484678
2026-02-02 10:43:00,13.8,13.8,13.8,13.8,1,13800.0,13.6925,13.738333333333333,13.638541666666667,0.019491422859363894,-0.005060863015740625,0.024552285875104517
2026-02-02 11:00:00,13.75,13.75,13.75,13.75,1,13750.0,13.694999999999999,13.739166666666668,13.639375000000001,0.019366911824599597,-0.0001753080476725789,0.019542219872272178
2026-02-02 11:35:00,13.7,13.7,13.7,13.7,2,27400.0,13.694999999999999,13.735833333333336,13.640208333333334,0.01506005090762308,0.002871763743386554,0.012188287164236526
2026-02-02 11:36:00,13.7,13.7,13.7,13.7,1,13700.0,13.6925,13.735833333333334,13.640833333333335,0.01151410516460416,0.004600232027630076,0.006913873136974084
2026-02-02 12:26:00,13.6,13.6,13.6,13.6,1,13600.0,13.684999999999999,13.734166666666665,13.641041666666666,0.0006275196945519923,0.0038056895610144594,-0.003178169866462467
2026-02-02 13:21:00,13.65,13.7,13.65,13.7,3,41050.0,13.6825,13.734166666666669,13.641666666666667,6.820036964505505e-05,0.003058191722740579,-0.0029899913530955237
2026-02-03 10:57:00,13.65,13.65,13.6,13.6,6,81800.0,13.6775,13.732499999999998,13.642083333333334,-0.008347997966049903,0.000776953784982482,-0.009124951751032385
2026-02-03 10:58:00,13.55,13.55,13.5,13.5,5,67550.0,13.6725,13.729166666666666,13.642291666666665,-0.022823959648246017,-0.003943228901663219,-0.018880730746582797
2026-02-03 11:31:00,13.55,13.55,13.55,13.55,1,13550.0,13.672500000000003,13.726666666666667,13.642916666666668,-0.029916818975912918,-0.009137946916513161,-0.020778872059399756
2026-02-03 11:46:00,13.55,13.55,13.55,13.55,1,13550.0,13.672500000000003,13.725,13.643333333333334,-0.03513297008475824,-0.01433695155016218,-0.02079601853459606
2026-02-03 12:10:00,13.55,13.55,13.55,13.55,1,13550.0,13.6725,13.723333333333334,13.64375,-0.03881932243402808,-0.019233425726935365,-0.019585896707092716
2026-02-03 13:05:00,13.6,13.6,13.6,13.6,3,40800.0,13.675,13.723333333333333,13.644583333333333,-0.03727650079959233,-0.02284204074146676,-0.014434460058125567
2026-02-03 13:16:00,13.65,13.85,13.65,13.85,20,276150.0,13.6825,13.725,13.645625,-0.015699914039851492,-0.02141361540114371,0.0057137013612922165
2026-02-03 13:17:00,13.85,13.9,13.85,13.9,3,41600.0,13.6925,13.7275,13.647708333333332,0.005372339564386763,-0.016056424408037614,0.021428763972424377
2026-02-03 13:19:00,13.9,13.9,13.9,13.9,3,41700.0,13.704999999999998,13.730833333333333,13.649375,0.021820716723670586,-0.008480996181695974,0.03030171290536656
2026-02-03 13:21:00,13.85,13.85,13.85,13.85,1,13850.0,13.715,13.733333333333333,13.650833333333333,0.030470348780385237,-0.0006907271892797295,0.031161075969664966
2026-02-03 13:25:00,13.85,13.85,13.85,13.85,7,96950.0,13.717500000000001,13.730833333333333,13.652291666666667,0.03689988559085755,0.006827395366747729,0.03007249022410982
2026-02-04 11:12:00,13.65,13.65,13.65,13.65,2,27300.0,13.709999999999999,13.723333333333333,13.653125,0.025562344509706847,0.010574385195339556,0.014987959314367291
2026-02-04 11:22:00,13.65,13.65,13.65,13.65,4,54600.0,13.702499999999997,13.72,13.654166666666667,0.016388346859123715,0.01173717752809639,0.0046511693310273255
2026-02-04 12:13:00,13.6,13.6,13.6,13.6,2,27200.0,13.6925,13.713333333333333,13.655,0.005025376086054578,0.010394817239688029,-0.0053694411536334506
2026-02-04 12:14:00,13.75,13.75,13.75,13.75,1,13750.0,13.690000000000001,13.709166666666667,13.656458333333331,0.008031306379676195,0.009922115067685663,-0.0018908086880094679
2026-02-04 12:17:00,13.65,13.65,13.6,13.6,2,27250.0,13.6825,13.706666666666667,13.657291666666667,-0.0016709568532942143,0.007603500683489688,-0.009274457536783902
2026-02-04 12:27:00,13.6,13.6,13.6,13.6,1,13600.0,13.6775,13.700833333333332,13.658125000000002,-0.009253402897892116,0.004232119967213326,-0.013485522865105442
2026-02-04 12:29:00,13.75,13.75,13.75,13.75,1,13750.0,13.680000000000001,13.698333333333332,13.66,-0.0031228019026539044,0.00276113559323988,-0.005883937495893785
2026-02-04 12:46:00,13.7,13.7,13.7,13.7,1,13700.0,13.684999999999999,13.696666666666667,13.661249999999999,-0.002272640987268204,0.0017543802771382631,-0.004027021264406468
2026-02-04 13:30:00,13.7,13.7,13.7,13.7,1,13700.0,13.684999999999999,13.694999999999999,13.6625,-0.0015806614554154663,0.001087371930627517,-0.0026680333860429834
2026-02-05 11:09:00,13.55,13.55,13.55,13.55,1,13550.0,13.6825,13.689166666666667,13.663125,-0.012986310979403726,-0.0017273646513787325,-0.011258946328024993
2026-02-05 11:22:00,13.65,13.65,13.65,13.65,1,13650.0,13.690000000000001,13.685,13.664375,-0.013797161051137152,-0.004141323931330417,-0.009655837119806734
2026-02-05 11:36:00,13.6,13.6,13.6,13.6,2,27200.0,13.692499999999999,13.680000000000001,13.665208333333334,-0.018263813830401432,-0.006965821911144622,-0.01129799191925681
2026-02-05 12:25:00,13.7,13.7,13.7,13.7,3,41100.0,13.699999999999998,13.678333333333333,13.666666666666666,-0.013577985508396395,-0.008288254630594977,-0.005289730877801418
2026-02-05 12:44:00,13.7,13.7,13.7,13.7,2,27400.0,13.707500000000001,13.676666666666668,13.668125,-0.009752017614991004,-0.008581007227474183,-0.0011710103875168208
2026-02-06 11:21:00,13.6,13.6,13.6,13.6,1,13600.0,13.7075,13.676666666666668,13.668958333333332,-0.014620538295487151,-0.009788913441076777,-0.004831624854410374
2026-02-06 11:52:00,13.6,13.6,13.6,13.6,1,13600.0,13.694999999999999,13.676666666666666,13.669791666666667,-0.01826829052897594,-0.01148478885865661,-0.006783501670319329
2026-02-06 12:05:00,13.7,13.7,13.7,13.7,1,13700.0,13.684999999999999,13.678333333333335,13.671041666666667,-0.012940822443772149,-0.01177599557567972,-0.0011648268680924286
2026-02-06 12:20:00,13.6,13.6,13.6,13.6,1,13600.0,13.670000000000002,13.678333333333335,13.671875,-0.016596614428941336,-0.012740119346332046,-0.0038564950826092907
2026-02-06 13:30:00,13.7,13.7,13.7,13.7,6,82200.0,13.6625,13.6775,13.673124999999999,-0.011294495734368581,-0.012450994623939355,0.0011564988895707735
2026-02-09 09:30:00,13.7,13.7,13.7,13.7,1,13700.0,13.654999999999998,13.679166666666667,13.674375,-0.0070117019339566156,-0.011363136085942808,0.004351434151986192
2026-02-09 10:12:00,13.7,13.7,13.7,13.7,1,13700.0,13.657499999999999,13.678333333333335,13.675416666666667,-0.003576331270570776,-0.009805775122868402,0.006229443852297626
2026-02-09 10:14:00,13.7,13.7,13.7,13.7,3,41100.0,13.66,13.679166666666667,13.676458333333334,-0.0008440456366294313,-0.008013429225620608,0.007169383588991177
2026-02-09 10:50:00,13.7,13.7,13.7,13.7,1,13700.0,13.665000000000001,13.680000000000001,13.6775,0.001306252744798897,-0.006149492831536707,0.007455745576335604
2026-02-09 12:02:00,13.6,13.6,13.6,13.6,1,13600.0,13.657499999999999,13.680000000000001,13.678125,-0.005001134594479595,-0.005919821184125285,0.0009186865896456901
2026-02-09 12:13:00,13.6,13.6,13.6,13.6,1,13600.0,13.657499999999999,13.678333333333333,13.678958333333332,-0.009885826844973522,-0.006713022316294934,-0.0031728045286785883
2026-02-09 12:16:00,13.6,13.6,13.6,13.6,1,13600.0,13.657499999999999,13.676666666666668,13.679791666666667,-0.01360020593758371,-0.008090459040552691,-0.005509746897031018
2026-02-09 13:15:00,13.55,13.55,13.55,13.55,1,13550.0,13.647499999999999,13.673333333333336,13.679791666666667,-0.02034394789404459,-0.010541156811251071,-0.009802791082793519
2026-02-09 13:30:00,13.5,13.5,13.5,13.5,1,13500.0,13.6375,13.669166666666667,13.680208333333333,-0.029384270533503454,-0.014309779555701549,-0.015074490977801905
2026-02-10 09:12:00,13.45,13.45,13.45,13.45,1,13450.0,13.625,13.664166666666667,13.680000000000001,-0.04012088490306809,-0.01947200062517486,-0.02064888427789323
2026-02-10 09:17:00,13.55,13.55,13.55,13.55,4,54200.0,13.625,13.661666666666667,13.680416666666666,-0.04009833621936032,-0.023597267744011954,-0.016501068475348366
2026-02-10 09:55:00,13.5,13.5,13.5,13.5,1,13500.0,13.617499999999998,13.66,13.680833333333334,-0.04361231276381261,-0.02760027674797209,-0.01601203601584052
2026-02-10 10:00:00,13.5,13.5,13.5,13.5,1,13500.0,13.6125,13.659166666666668,13.68125,-0.045868421876829046,-0.031253905773743484,-0.014614516103085562
2026-02-10 10:14:00,13.5,13.5,13.5,13.5,1,13500.0,13.602500000000001,13.658333333333333,13.681666666666667,-0.04711331167333199,-0.034425786953661185,-0.012687524719670808
2026-02-10 11:48:00,13.5,13.5,13.5,13.5,1,13500.0,13.592499999999998,13.6575,13.682083333333333,-0.04755174884525459,-0.037050979331979865,-0.010500769513274728
2026-02-10 12:59:00,13.5,13.5,13.5,13.5,1,13500.0,13.5875,13.656666666666668,13.6825,-0.04735335348029146,-0.03911145416164219,-0.00824189931864927
2026-02-10 13:03:00,13.5,13.5,13.5,13.5,1,13500.0,13.5825,13.653333333333334,13.682916666666667,-0.04665827616038776,-0.040620818561391304,-0.006037457598996453
2026-02-10 13:30:00,13.45,13.45,13.45,13.45,2,26900.0,13.569999999999999,13.649166666666666,13.683125,-0.04957058565436334,-0.04241077197998572,-0.007159813674377624
2026-02-11 09:51:00,13.4,13.4,13.4,13.4,3,40200.0,13.559999999999999,13.645,13.683124999999999,-0.0552760066464586,-0.0449838189132803,-0.010292187733178297
2026-02-11 10:06:00,13.45,13.45,13.45,13.45,1,13450.0,13.5475,13.641666666666667,13.683333333333334,-0.055127535838026986,-0.04701256229822964,-0.008114973539797343
2026-02-11 11:19:00,13.4,13.4,13.4,13.4,1,13400.0,13.532499999999999,13.635,13.683333333333334,-0.058371582517027676,-0.04928436634198926,-0.009087216175038416
2026-02-11 12:01:00,13.45,13.45,13.45,13.45,1,13450.0,13.520000000000001,13.629166666666666,13.683541666666667,-0.05625940732231882,-0.050679374538055176,-0.005580032784263646
2026-02-11 12:30:00,13.4,13.4,13.4,13.4,3,40200.0,13.505,13.6225,13.683541666666667,-0.0579520403484306,-0.05213390770013026,-0.005818132648300341
2026-02-11 13:16:00,13.4,13.4,13.4,13.4,22,294800.0,13.489999999999998,13.615833333333333,13.683541666666667,-0.058617755222467594,-0.05343067720459773,-0.005187078017869863
2026-02-11 13:17:00,13.5,13.8,13.5,13.8,10,135900.0,13.5,13.615833333333335,13.685208333333332,-0.02656248618961854,-0.048057039001601895,0.021494552811983356
2026-02-11 13:30:00,13.75,13.75,13.75,13.75,4,55000.0,13.507499999999999,13.615833333333335,13.686666666666666,-0.005133856762860489,-0.03947240255385362,0.03433854579099313
2026-02-23 10:04:00,13.55,13.55,13.55,13.55,2,27100.0,13.505,13.613333333333333,13.687291666666669,-0.004240954998161683,-0.032426113042715234,0.02818515804455355
2026-02-23 11:05:00,13.6,13.6,13.6,13.6,2,27200.0,13.507500000000002,13.611666666666668,13.688125000000001,0.0004955458715976135,-0.02584178125985266,0.026337327131450275
2026-02-23 12:50:00,13.6,13.6,13.6,13.6,2,27200.0,13.5125,13.611666666666668,13.688958333333334,0.004200832355063966,-0.019833258536869337,0.024034090891933303
2026-02-23 13:06:00,13.6,13.6,13.6,13.6,1,13600.0,13.520000000000001,13.609999999999998,13.69,0.007055961852309167,-0.014455414459033636,0.021511376311342804
2026-02-23 13:14:00,13.55,13.55,13.55,13.55,1,13550.0,13.520000000000001,13.609166666666669,13.690625,0.005223872861806811,-0.010519556994865545,0.015743429856672354
2026-02-23 13:30:00,13.55,13.55,13.55,13.55,1,13550.0,13.522499999999999,13.610000000000001,13.69125,0.0037289441899108766,-0.007669856757910261,0.011398800947821138
2026-02-24 09:44:00,13.5,13.5,13.5,13.5,3,40500.0,13.522499999999999,13.609166666666665,13.69125,-0.0014733953016303758,-0.0064305644666542835,0.004957169165023908
2026-02-24 09:47:00,13.5,13.5,13.5,13.5,1,13500.0,13.522499999999999,13.608333333333333,13.69125,-0.005532511481025182,-0.006250953869528463,0.0007184423885032813
2026-02-24 09:52:00,13.5,13.5,13.5,13.5,1,13500.0,13.522499999999999,13.607499999999998,13.691041666666669,-0.008649682146009141,-0.0067306995248246,-0.001918982621184541
2026-02-24 10:41:00,13.5,13.5,13.5,13.5,2,27000.0,13.522499999999999,13.605833333333333,13.69125,-0.010993337998678854,-0.007583227219595453,-0.003410110779083401
2026-02-24 12:19:00,13.5,13.5,13.5,13.5,4,54000.0,13.522499999999999,13.6,13.690833333333334,-0.012704255398929831,-0.00860743285546233,-0.004096822543467502
2026-02-24 12:20:00,13.5,13.5,13.5,13.5,1,13500.0,13.525,13.593333333333334,13.690416666666668,-0.013899939910253067,-0.009665934266420477,-0.00423400564383259
2026-02-24 12:47:00,13.5,13.5,13.5,13.5,1,13500.0,13.529999999999998,13.586666666666666,13.690000000000001,-0.014678325895930655,-0.010668412592322514,-0.004009913303608141
2026-02-24 12:59:00,13.45,13.45,13.4,13.4,14,187900.0,13.5275,13.579166666666667,13.689166666666665,-0.02309810607392926,-0.013154351288643864,-0.009943754785285395
2026-02-24 13:11:00,13.4,13.4,13.4,13.4,1,13400.0,13.5275,13.571666666666667,13.688333333333333,-0.029431573665535282,-0.01640979576402215,-0.013021777901513133
2026-02-24 13:30:00,13.45,13.45,13.45,13.45,1,13450.0,13.527499999999998,13.568333333333333,13.687708333333335,-0.030069685611488595,-0.01914177373351544,-0.010927911877973154
2026-02-25 10:11:00,13.5,13.5,13.5,13.5,1,13500.0,13.532499999999999,13.565833333333332,13.687291666666669,-0.02623835239978156,-0.020561089466768667,-0.005677262933012895
2026-02-25 10:19:00,13.5,13.5,13.5,13.5,1,13500.0,13.5375,13.564166666666667,13.686875000000002,-0.02293758304702287,-0.02103638818281951,-0.00190119486420336
2026-02-25 10:27:00,13.5,13.5,13.5,13.5,1,13500.0,13.522499999999999,13.56,13.686458333333333,-0.020090113234497053,-0.02084713319315502,0.0007570199586579666
2026-02-25 10:44:00,13.5,13.5,13.5,13.5,2,27000.0,13.51,13.558333333333334,13.686041666666666,-0.01763024243283695,-0.02020375504109141,0.0025735126082544572
2026-02-25 10:51:00,13.5,13.5,13.5,13.5,9,121500.0,13.507499999999999,13.556666666666667,13.685625,-0.015502078785580409,-0.01926341978998921,0.003761341004408801
2026-02-25 10:57:00,13.5,13.5,13.5,13.5,2,27000.0,13.502499999999998,13.5525,13.685208333333334,-0.013658052238175955,-0.018142346279626558,0.004484294041450603
2026-02-25 11:01:00,13.5,13.5,13.5,13.5,2,27000.0,13.497499999999999,13.549166666666666,13.684791666666667,-0.012057654775244231,-0.016925407978750095,0.004867753203505864
2026-02-25 11:21:00,13.5,13.5,13.5,13.5,3,40500.0,13.492499999999998,13.545833333333333,13.684375,-0.010666372947873981,-0.01567360097257487,0.00500722802470089
2026-02-25 11:26:00,13.5,13.5,13.5,13.5,1,13500.0,13.489999999999998,13.544999999999998,13.683958333333333,-0.009454783220471441,-0.014429837422154184,0.004975054201682743
2026-02-25 11:29:00,13.5,13.5,13.5,13.5,6,81000.0,13.4875,13.542499999999999,13.682916666666667,-0.008397785192215679,-0.013223426976166484,0.004825641783950806
2026-02-25 12:00:00,13.45,13.45,13.45,13.45,9,121050.0,13.485000000000003,13.54,13.681458333333333,-0.0114625555667498,-0.01287125269428315,0.0014086971275333506
2026-02-25 12:01:00,13.45,13.45,13.45,13.45,1,13450.0,13.482500000000002,13.535833333333333,13.68,-0.01373310152324514,-0.013043622460075548,-0.0006894790631695909
2026-02-25 12:34:00,13.55,13.55,13.55,13.55,2,27100.0,13.485000000000003,13.533333333333333,13.678958333333332,-0.0073783087367580436,-0.011910559715412047,0.004532250978654003
2026-02-25 13:05:00,13.55,13.55,13.55,13.55,2,27100.0,13.4875,13.532499999999999,13.678125,-0.002315399189091849,-0.009991527610148009,0.0076761284210561595
2026-02-25 13:17:00,13.5,13.5,13.5,13.5,2,27000.0,13.4875,13.530833333333334,13.677083333333334,-0.0023109498376250315,-0.008455412055643414,0.006144462218018383
2026-02-25 13:24:00,13.5,13.5,13.5,13.5,6,81000.0,13.4875,13.5275,13.676041666666666,-0.0022811282678141254,-0.007220555298077557,0.004939427030263431
2026-02-25 13:25:00,13.5,13.5,13.5,13.5,1,13500.0,13.4875,13.525833333333333,13.675,-0.002231768026305758,-0.006222797843723197,0.0039910298174174385
2026-02-25 13:30:00,13.45,13.45,13.45,13.45,1,13450.0,13.49,13.521666666666668,13.67375,-0.00615626620716192,-0.006209491516410942,5.322530924902185e-05
2026-02-26 10:45:00,13.45,13.45,13.45,13.45,1,13450.0,13.492500000000001,13.5175,13.672499999999998,-0.009160858614301048,-0.006799764935988963,-0.002361093678312085
2026-02-26 10:49:00,13.45,13.45,13.45,13.45,2,26900.0,13.492500000000001,13.513333333333332,13.671875,-0.011410486755345062,-0.007721909299860184,-0.0036885774554848774
2026-02-26 11:10:00,13.45,13.45,13.45,13.45,1,13450.0,13.49,13.509166666666667,13.671249999999999,-0.013042981888579774,-0.008786123817604104,-0.00425685807097567
2026-02-26 11:29:00,13.5,13.5,13.5,13.5,1,13500.0,13.49,13.505833333333333,13.670833333333333,-0.010184760333268983,-0.00906585112073708,-0.001118909212531903
2026-02-26 12:31:00,13.5,13.5,13.5,13.5,1,13500.0,13.49,13.504166666666666,13.670416666666666,-0.007829347316048896,-0.008818550359799443,0.0009892030437505476
2026-02-26 12:44:00,13.45,13.45,13.4,13.4,9,120750.0,13.485000000000003,13.500833333333334,13.669583333333332,-0.01387192290294692,-0.009829224868428939,-0.004042698034517981
2026-03-02 09:11:00,13.4,13.4,13.4,13.4,1,13400.0,13.48,13.4975,13.668958333333334,-0.01844804995361571,-0.011552989885466294,-0.006895060068149415
2026-03-02 09:28:00,13.4,13.4,13.35,13.35,4,53450.0,13.472500000000002,13.494166666666667,13.668125,-0.025811704481020215,-0.01440473280457708,-0.011406971676443134
2026-03-02 09:33:00,13.35,13.35,13.3,13.3,3,39950.0,13.4625,13.490833333333333,13.667083333333334,-0.03527540299131182,-0.01857886684192403,-0.016696536149387792
2026-03-02 10:07:00,13.4,13.4,13.4,13.4,1,13400.0,13.4575,13.49,13.666666666666666,-0.03431077472454547,-0.02172524841844832,-0.012585526306097147
2026-03-02 10:15:00,13.4,13.4,13.4,13.4,1,13400.0,13.4525,13.4875,13.66625,-0.03316400585771184,-0.024012999906301027,-0.009151005951410815
2026-03-02 10:20:00,13.4,13.4,13.4,13.4,5,67000.0,13.4475,13.485833333333334,13.665416666666665,-0.03188760283260983,-0.02558792049156279,-0.006299682341047039
2026-03-02 10:23:00,13.35,13.35,13.3,13.3,12,159700.0,13.440000000000001,13.482499999999998,13.663125,-0.03850138846442519,-0.028170614086135276,-0.010330774378289914
2026-03-02 10:24:00,13.3,13.3,13.2,13.2,2,26500.0,13.4275,13.4775,13.660416666666666,-0.051221575059559044,-0.032780806280820037,-0.018440768778739007
2026-03-02 10:38:00,13.4,13.4,13.4,13.4,3,40200.0,13.419999999999998,13.475833333333332,13.65875,-0.04464939561062131,-0.035154524146780296,-0.009494871463841016
2026-03-02 12:08:00,13.35,13.35,13.35,13.35,1,13350.0,13.41,13.473333333333333,13.656875000000001,-0.04298003113512472,-0.03671962554444918,-0.00626040559067554
2026-03-02 13:01:00,13.35,13.35,13.35,13.35,1,13350.0,13.4025,13.470833333333333,13.655208333333333,-0.041182323570158275,-0.037612165149591,-0.0035701584205672723
2026-03-02 13:25:00,13.45,13.75,13.45,13.75,10,136200.0,13.415000000000001,13.475833333333334,13.655416666666666,-0.007395717089686116,-0.03156887553761002,0.024173158447923906
2026-03-03 09:06:00,13.5,13.5,13.5,13.5,3,40500.0,13.415000000000001,13.477500000000001,13.654583333333333,-0.0007834673731945685,-0.02541179390472693,0.024628326531532362
2026-03-03 09:12:00,13.5,13.5,13.5,13.5,3,40500.0,13.4175,13.478333333333333,13.65375,0.004405998557084345,-0.01944823541236468,0.023854233969449024
2026-03-03 09:26:00,13.5,13.5,13.5,13.5,2,27000.0,13.420000000000002,13.48,13.652916666666666,0.00842160863286523,-0.013874266603318697,0.022295875236183926
2026-03-03 09:45:00,13.5,13.5,13.5,13.5,1,13500.0,13.4225,13.480833333333333,13.652291666666665,0.01147176913516823,-0.00880505945562131,0.02027682859078954
2026-03-03 10:18:00,13.5,13.5,13.5,13.5,2,27000.0,13.425,13.4825,13.651666666666667,0.013730763612640473,-0.004297894841968953,0.018028658454609426
2026-03-03 10:26:00,13.5,13.5,13.5,13.5,1,13500.0,13.425,13.484166666666669,13.65125,0.01534415514213805,-0.00036948484514755145,0.015713639987285602
2026-03-03 11:11:00,13.55,13.55,13.55,13.55,1,13550.0,13.4275,13.479999999999999,13.650833333333335,0.02042195015650705,0.0037888021551833705,0.01663314800132368
2026-03-03 11:13:00,13.55,13.55,13.55,13.55,1,13550.0,13.434999999999999,13.476666666666665,13.650208333333332,0.024167550807007387,0.007864551885548176,0.016302998921459214
2026-03-03 11:32:00,13.55,13.55,13.55,13.55,1,13550.0,13.4425,13.476666666666667,13.649791666666665,0.026826724526834766,0.011656986413805494,0.015169738113029272
2026-03-03 12:03:00,13.55,13.55,13.55,13.55,3,40650.0,13.4525,13.475833333333332,13.649583333333334,0.02860440508194806,0.01504647014743401,0.013557934934514048
2026-03-03 13:30:00,13.5,13.5,13.5,13.5,1,13500.0,13.4625,13.474166666666665,13.648750000000001,0.025682594632742806,0.01717369504449577,0.008508899588247035
2026-03-04 09:08:00,13.4,13.4,13.4,13.4,2,26800.0,13.4625,13.470833333333333,13.647499999999999,0.015123539783560958,0.01676366399230881,-0.001640124208747852
2026-03-04 09:16:00,13.35,13.35,13.35,13.35,8,106800.0,13.459999999999999,13.4675,13.646041666666667,0.0026898239925063905,0.013948895992348324,-0.011259071999841934
2026-03-04 10:35:00,13.4,13.4,13.4,13.4,1,13400.0,13.459999999999999,13.465,13.644791666666666,-0.0030937405046707056,0.010540368692944517,-0.013634109197615223
2026-03-04 11:42:00,13.4,13.4,13.4,13.4,2,26800.0,13.465,13.463333333333335,13.643541666666666,-0.007589766928331798,0.006914341568689254,-0.014504108497021051
2026-03-04 11:44:00,13.35,13.35,13.35,13.35,3,40050.0,13.4725,13.460833333333333,13.642083333333334,-0.01501440567133372,0.002528592120684658,-0.01754299779201838
2026-03-04 12:07:00,13.4,13.4,13.4,13.4,1,13400.0,13.472500000000002,13.459166666666668,13.640833333333331,-0.01667172200079392,-0.0013114707036110589,-0.015360251297182862
2026-03-04 12:34:00,13.4,13.4,13.4,13.4,2,26800.0,13.475,13.457500000000001,13.639375,-0.017780198076570386,-0.004605216178202926,-0.013174981898367459
2026-03-04 12:40:00,13.4,13.4,13.4,13.4,1,13400.0,13.477500000000001,13.455833333333334,13.638125,-0.018446038898600747,-0.007373380722282492,-0.011072658176318254
2026-03-04 12:53:00,13.45,13.45,13.45,13.45,1,13450.0,13.4625,13.455000000000002,13.636249999999999,-0.014768893800207294,-0.008852483337867454,-0.0059164104623398404
2026-03-04 12:56:00,13.4,13.4,13.4,13.4,1,13400.0,13.457500000000001,13.453333333333335,13.634166666666665,-0.015708237169841155,-0.010223634104262195,-0.00548460306557896
2026-03-04 13:00:00,13.4,13.4,13.4,13.4,1,13400.0,13.4525,13.453333333333335,13.632083333333334,-0.016265178702516536,-0.011431943023913064,-0.004833235678603472
2026-03-04 13:11:00,13.4,13.4,13.4,13.4,1,13400.0,13.4475,13.453333333333331,13.63,-0.016516170744328207,-0.012448788567996095,-0.004067382176332112
2026-03-04 13:30:00,13.45,13.45,13.45,13.45,2,26900.0,13.445000000000002,13.453333333333335,13.628333333333334,-0.012535994472308687,-0.012466229748858615,-6.976472345007236e-05
2026-03-05 10:36:00,13.4,13.4,13.4,13.4,1,13400.0,13.440000000000001,13.451666666666666,13.626458333333334,-0.013263366401952581,-0.012625657079477407,-0.0006377093224751735
2026-03-05 11:59:00,13.4,13.4,13.4,13.4,2,26800.0,13.434999999999999,13.45,13.624375000000002,-0.013682095219742507,-0.012836944707530428,-0.0008451505122120794
2026-03-05 12:33:00,13.45,13.45,13.45,13.45,1,13450.0,13.430000000000001,13.449166666666667,13.6225,-0.009865633806674268,-0.012242682527359198,0.00237704872068493
2026-03-06 10:18:00,13.45,13.45,13.45,13.45,2,26900.0,13.425,13.448333333333332,13.620624999999999,-0.006763099835675135,-0.011146765989022386,0.004383666153347251
2026-03-06 10:26:00,13.45,13.45,13.45,13.45,1,13450.0,13.419999999999998,13.4475,13.61875,-0.004255267239187788,-0.009768466239055466,0.005513198999867679
2026-03-06 11:37:00,13.45,13.45,13.45,13.45,1,13450.0,13.415000000000001,13.446666666666667,13.617083333333333,-0.0022419480568771633,-0.008263162602619806,0.0060212145457426425
2026-03-06 11:39:00,13.45,13.45,13.45,13.45,1,13450.0,13.4125,13.445833333333333,13.615416666666668,-0.0006390119675252492,-0.006738332475600894,0.006099320508075645
2026-03-06 11:52:00,13.45,13.45,13.45,13.45,1,13450.0,13.415000000000001,13.445,13.613750000000001,0.0006241318286051012,-0.005265839614759695,0.005889971443364796
2026-03-06 12:45:00,13.5,13.5,13.5,13.5,4,54000.0,13.4225,13.445,13.612291666666666,0.005595265779094305,-0.0030936185359888946,0.0086888843150832
2026-03-06 13:30:00,13.5,13.5,13.5,13.5,1,13500.0,13.4275,13.445,13.611041666666667,0.009426265133134493,-0.0005896418021642165,0.01001590693529871
