ts,open,high,low,close,volume,amount,ma20,ma60,ma240,macd,signal,hist
2025-03-07 09:01:00,50.9,50.9,50.9,50.9,2000,101800.0,,,,0.0,0.0,0.0
2025-03-07 09:48:00,51.0,51.0,51.0,51.0,5000,255000.0,,,,0.002243589743592622,0.0012464387464403456,0.0009971509971522766
2025-03-07 10:00:00,50.8,50.8,50.8,50.8,5000,254000.0,,,,-0.0033432093762897352,-0.0006345645825473923,-0.002708644793742343
2025-03-07 10:01:00,50.8,50.8,50.8,50.8,1000,50800.0,,,,-0.005802261563800926,-0.002385139440695608,-0.0034171221231053175
2025-03-07 10:05:00,51.0,51.0,51.0,51.0,1000,51000.0,,,,0.0009421387551782345,-0.0013953494014661216,0.002337488156644356
2025-03-07 11:40:00,50.7,50.7,50.7,50.7,1000,50700.0,,,,-0.00784944673594623,-0.0031447686199803327,-0.004704678115965898
2025-03-07 11:41:00,51.0,51.0,51.0,51.0,1000,51000.0,,,,0.00023813336852640532,-0.0022886463743021323,0.0025267797428285377
2025-03-07 12:45:00,50.7,50.7,50.7,50.7,1000,50700.0,,,,-0.008610667327182853,-0.0038079468949097387,-0.004802720432273114
2025-03-07 12:46:00,51.0,51.0,50.8,50.8,6000,305200.0,,,,-0.009645916437946767,-0.005156546821667543,-0.004489369616279224
2025-03-07 12:48:00,51.0,51.0,51.0,51.0,1000,51000.0,,,,6.191156252555174e-05,-0.0039873092125148205,0.004049220775040372
2025-03-07 12:49:00,50.7,50.7,50.7,50.7,2000,101400.0,,,,-0.0089065975789282,-0.005063621398586805,-0.0038429761803413943
2025-03-07 12:51:00,51.0,51.0,51.0,51.0,1000,51000.0,,,,0.0011186016080912964,-0.0037359391691742694,0.004854540777265565
2025-03-07 13:20:00,50.7,50.7,50.7,50.7,2000,101400.0,,,,-0.008407728807043213,-0.0047246521687250255,-0.0036830766383181878
2025-03-07 13:21:00,51.0,51.0,51.0,51.0,1000,51000.0,,,,0.0019577361179301533,-0.003326691553321633,0.005284427671251786
2025-03-10 09:04:00,51.0,51.0,51.0,51.0,2000,102000.0,,,,0.009749875137309516,-0.000616004389403694,0.01036587952671321
2025-03-10 09:29:00,50.7,50.7,50.7,50.7,3000,152100.0,,,,-0.002654944135585424,-0.0010356029892520542,-0.00161934114633337
2025-03-10 09:30:00,50.9,50.9,50.9,50.9,1000,50900.0,,,,0.00029450987253198946,-0.0007634521242235918,0.0010579619967555813
2025-03-10 09:59:00,50.5,50.5,50.5,50.5,1000,50500.0,,,,-0.02267024564708464,-0.005225186286029951,-0.017445059361054692
2025-03-10 10:00:00,50.5,50.5,50.5,50.5,1000,50500.0,,,,-0.040043135154270715,-0.012290599393560643,-0.027752535760710073
2025-03-10 10:01:00,50.9,50.9,50.9,50.9,1000,50900.0,50.83,,,-0.026876289984784307,-0.015241762101298826,-0.011634527883485481
2025-03-10 10:18:00,50.6,50.6,50.6,50.6,30000,1518000.0,50.815000000000005,,,-0.036228886954965844,-0.019478261885677608,-0.016750625069288236
2025-03-10 10:20:00,50.8,50.8,50.6,50.8,31000,1574600.0,50.805,,,-0.029622830533213573,-0.021522257641825363,-0.00810057289138821
2025-03-10 10:21:00,50.9,50.9,50.9,50.9,1000,50900.0,50.809999999999995,,,-0.017354541225763853,-0.020683764770322424,0.003329223544558571
2025-03-10 10:29:00,50.5,50.9,50.5,50.9,1193,60646.5,50.815,,,-0.007621192849704528,-0.018058854598382332,0.010437661748677805
2025-03-10 10:48:00,50.6,50.6,50.6,50.6,15000,759000.0,50.795,,,-0.020814258078722503,-0.018612025113570557,-0.0022022329651519464
2025-03-10 10:49:00,50.6,50.8,50.6,50.6,35000,1776000.0,50.79,,,-0.030840464840096615,-0.02106512710471387,-0.009775337735382746
2025-03-10 10:50:00,50.9,50.9,50.9,50.9,1000,50900.0,50.785,,,-0.01702729285018023,-0.020255602944489345,0.003228310094309114
2025-03-10 11:07:00,50.9,50.9,50.9,50.9,3000,152700.0,50.795,,,-0.006058285750476955,-0.017410636540339804,0.01135235078986285
2025-03-10 11:15:00,50.7,50.7,50.7,50.7,100,5070.0,50.79,,,-0.011846765983349883,-0.01629613782571361,0.004449371842363728
2025-03-10 11:18:00,51.0,51.0,51.0,51.0,2000,102000.0,50.79,,,0.005560893524652499,-0.01191931330932663,0.017480206833979127
2025-03-10 11:22:00,50.8,50.8,50.8,50.8,6000,304800.0,50.795,,,0.004464912503280516,-0.00863921969943537,0.013104132202715887
2025-03-10 11:23:00,51.0,51.0,51.0,51.0,1000,51000.0,50.795,,,0.018278983720918518,-0.0032513102737286737,0.02153029399464719
2025-03-10 12:05:00,50.7,50.7,50.7,50.7,1000,50700.0,50.795,,,0.0066497335910611355,-0.0012698455983281612,0.007919579189389297
2025-03-10 12:16:00,50.7,50.7,50.7,50.7,1000,50700.0,50.78,,,-0.0025192902996096223,-0.0015198613116120575,-0.0009994289879975647
2025-03-10 12:17:00,51.0,51.0,51.0,51.0,1000,51000.0,50.78,,,0.012792455634077271,0.0013437637018352876,0.011448691932241984
2025-03-10 12:50:00,50.6,51.0,50.6,51.0,4000,202800.0,50.795,,,0.024622325579279902,0.006000987432833457,0.018621338146446446
2025-03-10 13:26:00,50.5,50.5,50.5,50.5,1000,50500.0,50.775,,,-0.004171247979826376,0.0039660120404846465,-0.008137260020311022
2025-03-10 13:33:00,51.0,51.0,51.0,51.0,1000,51000.0,50.8,,,0.011265288781729055,0.00542617065181235,0.005839118129916705
2025-03-10 13:47:00,51.0,51.0,50.7,50.7,5000,254100.0,50.809999999999995,,,0.0003791675381137338,0.0044166022857556496,-0.004037434747641916
2025-03-10 13:48:00,51.0,51.0,51.0,51.0,1000,51000.0,50.815,,,0.014771409329291885,0.006487839009046745,0.00828357032024514
2025-03-10 13:49:00,50.6,50.8,50.6,50.8,4000,202600.0,50.825,,,0.010540578412523871,0.007298473091143471,0.0032421053213804
2025-03-10 13:50:00,51.0,51.0,51.0,51.0,1000,51000.0,50.835,,,0.022480906984036153,0.010335218207425983,0.01214568877661017
2025-03-11 09:01:00,51.0,51.0,50.8,50.8,3000,152800.0,50.83,,,0.016155839981365716,0.011499421793804318,0.004656418187561398
2025-03-11 09:13:00,50.8,50.8,50.8,50.8,1000,50800.0,50.825,,,0.011018301693162869,0.011403192534456806,-0.00038489084129393787
2025-03-11 09:15:00,50.6,50.6,50.6,50.6,1000,50600.0,50.825,,,-0.008622789114255625,0.007397821746211638,-0.016020610860467265
2025-03-11 09:17:00,51.0,51.0,51.0,51.0,1000,51000.0,50.845,,,0.0071472606723119725,0.007347707785215025,-0.00020044711290305266
2025-03-11 09:22:00,50.5,50.7,50.4,50.5,13000,656700.0,50.825,,,-0.01947838362015375,0.0019823399395147417,-0.021460723559668493
2025-03-11 09:24:00,50.6,50.6,50.5,50.5,2000,101100.0,50.805,,,-0.040107674417953376,-0.00643585066390256,-0.03367182375405082
2025-03-11 09:25:00,50.6,50.6,50.6,50.6,1000,50600.0,50.8,,,-0.04799875156422928,-0.014748579147999768,-0.03325017241622951
2025-03-11 09:26:00,50.6,50.6,50.4,50.6,11000,555400.0,50.78,,,-0.05363042389398487,-0.02252505908682729,-0.03110536480715758
2025-03-11 09:27:00,50.6,50.6,50.4,50.6,24000,1212000.0,50.77,,,-0.057428394126276316,-0.029505805800754223,-0.027922588325522094
2025-03-11 09:28:00,50.6,51.0,50.4,51.0,14000,707600.0,50.77,,,-0.02837943208587035,-0.029280529000012368,0.0009010969141420196
2025-03-11 10:14:00,51.0,51.0,50.8,50.8,8000,407400.0,50.775,,,-0.021005429930887942,-0.027625497092028266,0.006620067161140324
2025-03-11 10:15:00,51.0,51.0,50.6,50.6,16622,844997.6,50.769999999999996,,,-0.030711707396406496,-0.02824274276132614,-0.002468964635080357
2025-03-11 10:16:00,50.8,51.1,50.8,50.9,11000,560900.0,50.765,,,-0.014354893552649628,-0.02546515992937689,0.011110266376727261
2025-03-11 10:27:00,50.8,50.8,50.8,50.8,1000,50800.0,50.754999999999995,,,-0.009255875141946035,-0.022223290842618454,0.012967415700672419
2025-03-11 10:31:00,50.8,51.0,50.8,51.0,6000,305400.0,50.779999999999994,,,0.010614112192570246,-0.015655790578032142,0.02626990277060239
2025-03-11 10:40:00,50.8,50.8,50.8,50.8,2000,101600.0,50.769999999999996,,,0.010274474767435038,-0.010469725090778965,0.020744199858214005
2025-03-11 10:41:00,51.0,51.0,51.0,51.0,4000,204000.0,50.785000000000004,,,0.02568745281493534,-0.003238275656931092,0.028925728471866433
2025-03-11 11:12:00,50.8,50.8,50.8,50.8,2000,101600.0,50.775,50.806666666666665,,0.021660376501380085,0.0017414624061575187,0.019918914095222565
2025-03-11 11:22:00,51.0,51.0,51.0,51.0,1000,51000.0,50.785,50.80833333333333,,0.03407731229087574,0.008208640311838204,0.025868671979037534
2025-03-11 12:38:00,50.5,50.5,50.5,50.5,1000,50500.0,50.76,50.8,,0.0038435492780806157,0.007335621248832081,-0.0034920719707514656
2025-03-11 12:40:00,51.0,51.0,51.0,51.0,1000,51000.0,50.769999999999996,50.803333333333335,,0.01971014551208583,0.009810528043388047,0.009899617468697783
2025-03-12 09:05:00,51.0,51.0,51.0,51.0,1000,51000.0,50.78,50.806666666666665,,0.03191521163920896,0.014231467537620926,0.017683744101588038
2025-03-12 09:14:00,50.5,50.5,50.5,50.5,3000,151500.0,50.775,50.79833333333333,,0.0014757911365066434,0.011680330976298572,-0.010204539839791929
2025-03-12 09:15:00,50.7,50.7,50.7,50.7,1000,50700.0,50.760000000000005,50.79833333333333,,-0.006525554535286915,0.008039152411194385,-0.0145647069464813
2025-03-12 09:16:00,50.7,50.7,50.7,50.7,1000,50700.0,50.769999999999996,50.79333333333334,,-0.012719526488226052,0.0038874152969934346,-0.016606941785219487
2025-03-12 09:17:00,50.5,50.7,50.5,50.7,3000,151700.0,50.78,50.79333333333333,,-0.017426958371629553,-0.00037546053275953835,-0.017051497838870014
2025-03-12 09:18:00,50.5,50.7,50.5,50.7,4000,202200.0,50.785000000000004,50.791666666666664,,-0.020916143106241236,-0.004483597892450721,-0.016432545213790516
2025-03-12 09:19:00,50.7,50.7,50.7,50.7,1000,50700.0,50.79,50.78666666666667,,-0.02341115413343431,-0.008269109763555141,-0.015142044369879168
2025-03-12 09:38:00,50.4,50.4,50.4,50.4,1000,50400.0,50.779999999999994,50.781666666666666,,-0.04893629373264474,-0.016402547628061787,-0.032533746104582956
2025-03-12 09:41:00,50.9,50.9,50.9,50.9,1000,50900.0,50.775,50.779999999999994,,-0.02863496429353063,-0.018849031218800348,-0.009785933074730281
2025-03-12 10:46:00,50.8,50.8,50.6,50.6,6000,304200.0,50.765,50.778333333333336,,-0.0362544471701014,-0.02233011470234126,-0.01392433246776014
2025-03-12 10:48:00,50.9,50.9,50.9,50.9,1000,50900.0,50.78,50.776666666666664,,-0.01795366374868479,-0.02145482445261552,0.0035011607039307294
2025-03-12 10:52:00,50.5,50.5,50.5,50.5,10000,505000.0,50.760000000000005,50.76833333333333,,-0.03522782069982355,-0.02420942385058483,-0.011018396849238724
2025-03-12 10:53:00,50.9,50.9,50.9,50.9,1000,50900.0,50.765,50.77166666666666,,-0.016536231510393407,-0.02267478531634851,0.006138553805955103
2025-03-12 11:04:00,50.7,50.7,50.7,50.7,4000,202800.0,50.75,50.76833333333334,,-0.017618629974307964,-0.021663554213044098,0.004044924238736133
2025-03-12 11:06:00,50.4,50.4,50.4,50.4,1000,50400.0,50.730000000000004,50.766666666666666,,-0.042142449133976356,-0.02575933331030266,-0.016383115823673695
2025-03-12 11:09:00,50.7,50.7,50.7,50.7,1000,50700.0,50.714999999999996,50.77,,-0.03699456626624453,-0.028006379951118383,-0.00898818631512615
2025-03-12 11:14:00,50.4,50.6,50.4,50.6,4000,202000.0,50.705,50.765,,-0.040501208350690376,-0.030505345675185685,-0.009995862675504692
2025-03-12 11:23:00,50.7,50.7,50.7,50.7,1000,50700.0,50.690000000000005,50.766666666666666,,-0.03482415584529974,-0.03136910772141758,-0.0034550481238821637
2025-03-12 11:28:00,50.5,50.5,50.5,50.5,1000,50500.0,50.690000000000005,50.76166666666666,,-0.045906946007832516,-0.03427667541157882,-0.011630270596253697
2025-03-12 11:29:00,50.7,50.7,50.7,50.7,1000,50700.0,50.675,50.75833333333333,,-0.038137092232354064,-0.035048758782718334,-0.00308833344963573
2025-03-12 12:30:00,50.8,50.8,50.6,50.6,8000,405800.0,50.655,50.75333333333333,,-0.039580669005417235,-0.03595514083381761,-0.0036255281715996263
2025-03-12 12:32:00,50.9,50.9,50.9,50.9,1000,50900.0,50.675,50.75833333333333,,-0.016360933374464537,-0.03203629931925845,0.015675365944793913
2025-03-12 12:42:00,50.4,50.5,50.3,50.3,14000,705500.0,50.655,50.75333333333333,,-0.04578651995113603,-0.034786343458371304,-0.011000176492764725
2025-03-12 12:55:00,50.7,50.7,50.7,50.7,1000,50700.0,50.655,50.75,,-0.036446341814169614,-0.03511834313076114,-0.0013279986834084725
2025-03-12 13:24:00,50.7,50.7,50.5,50.5,16000,810000.0,50.644999999999996,50.74333333333333,,-0.044650675799395856,-0.03702480967013938,-0.0076258661292564756
2025-03-12 13:25:00,50.7,50.7,50.7,50.7,1000,50700.0,50.644999999999996,50.74333333333333,,-0.03463086195790055,-0.0365460201265562,0.001915158168655652
2025-03-12 13:28:00,50.7,50.7,50.7,50.7,1000,50700.0,50.645,50.73833333333334,,-0.02638596202816501,-0.034514008503022955,0.008128046474857945
2025-03-13 09:03:00,50.8,50.8,50.8,50.8,1000,50800.0,50.665000000000006,50.73833333333333,,-0.011655143682467894,-0.029942235531973317,0.018287091849505423
2025-03-13 09:09:00,50.8,50.8,50.8,50.8,1000,50800.0,50.66,50.735,,1.881680627491278e-05,-0.023950025057048126,0.02396884186332304
2025-03-13 09:28:00,50.6,50.6,50.6,50.6,2000,101200.0,50.660000000000004,50.733333333333334,,-0.006778089151332267,-0.020515637872569017,0.01373754872123675
2025-03-13 09:29:00,50.3,50.3,50.3,50.3,1000,50300.0,50.629999999999995,50.726666666666674,,-0.035941590721840555,-0.023600828444820723,-0.012340762277019832
2025-03-13 09:30:00,50.8,50.8,50.8,50.8,1000,50800.0,50.644999999999996,50.723333333333336,,-0.018519376307040147,-0.02258453801663283,0.004065161709592681
2025-03-13 10:50:00,50.3,50.3,50.3,50.3,1000,50300.0,50.614999999999995,50.71166666666667,,-0.044521656630202244,-0.02697196174152868,-0.017549694888673563
2025-03-13 10:51:00,50.6,50.6,50.6,50.6,1000,50600.0,50.61,50.71333333333334,,-0.040467363748497576,-0.029671042143996313,-0.010796321604501263
2025-03-13 10:57:00,50.6,50.6,50.6,50.6,1000,50600.0,50.62,50.70666666666667,,-0.036829740415555534,-0.03110278179876386,-0.005726958616791674
2025-03-13 11:10:00,50.6,50.7,50.6,50.7,2000,101300.0,50.620000000000005,50.70666666666667,,-0.025586453882034732,-0.02999951621513711,0.004413062333102378
2025-03-13 11:26:00,50.7,50.7,50.5,50.5,8000,405000.0,50.614999999999995,50.69833333333334,,-0.03243373602763455,-0.030486360177735768,-0.0019473758498987845
2025-03-13 11:27:00,50.5,50.5,50.4,50.4,3000,151300.0,50.6,50.69166666666667,,-0.04540283911742904,-0.03346965596616059,-0.01193318315126845
2025-03-13 11:28:00,50.8,50.8,50.8,50.8,1000,50800.0,50.614999999999995,50.68833333333334,,-0.023149045621366326,-0.03140553389693264,0.008256488275566312
2025-03-13 11:47:00,50.8,50.8,50.8,50.8,1000,50800.0,50.62,50.68833333333334,,-0.005449992411165283,-0.026214425599237756,0.020764433188072473
2025-03-13 11:52:00,50.8,50.8,50.6,50.6,11000,557800.0,50.62,50.684999999999995,,-0.0074706226154717115,-0.022465665002171765,0.014995042386700054
2025-03-13 11:53:00,50.6,50.8,50.6,50.8,14000,710000.0,50.615,50.688333333333325,,0.006981239498379921,-0.016576284101668316,0.023557523600048237
2025-03-13 12:04:00,50.6,50.7,50.5,50.7,9000,455000.0,50.635,50.68333333333333,,0.010249236785980997,-0.011211179923851958,0.021460416709832956
2025-03-13 12:05:00,50.4,50.6,50.4,50.6,4000,201800.0,50.63,50.684999999999995,,0.004717577294393038,-0.008025428480066866,0.012743005774459904
2025-03-13 12:07:00,50.3,50.6,50.3,50.6,3000,151400.0,50.635000000000005,50.68666666666666,,0.0003299053757714887,-0.006354361708842084,0.006684267084613573
2025-03-13 12:16:00,50.3,50.3,50.3,50.3,3000,150900.0,50.614999999999995,50.681666666666665,,-0.027038049365849304,-0.01049109924035663,-0.016546950125492673
2025-03-13 12:17:00,50.8,50.8,50.8,50.8,1000,50800.0,50.62,50.684999999999995,,-0.008293748386797972,-0.010051629069635287,0.0017578806828373143
2025-03-13 12:27:00,50.6,50.6,50.6,50.6,12000,607200.0,50.61,50.68500000000001,,-0.009465085990477462,-0.009934320453801668,0.00046923446332420606
2025-03-13 12:28:00,50.6,50.6,50.6,50.6,13000,657800.0,50.6,50.678333333333335,,-0.010274931456926595,-0.010002442654427608,-0.00027248880249898695
2025-03-13 12:29:00,50.6,50.6,50.6,50.6,15000,759000.0,50.6,50.675,,-0.010792328286605368,-0.01016041978086493,-0.0006319085057404378
2025-03-13 12:34:00,50.8,50.8,50.8,50.8,20000,1016000.0,50.625,50.678333333333335,,0.004877419811485595,-0.007152851862367883,0.012030271673853479
2025-03-13 12:35:00,50.8,50.8,50.8,50.8,20000,1016000.0,50.625,50.67666666666666,,0.017098682330278336,-0.0023025450238038764,0.01940122735408221
2025-03-13 13:20:00,50.5,50.5,50.5,50.5,1000,50500.0,50.635000000000005,50.67166666666666,,0.002550194466991229,-0.0013319971256392908,0.00388219159263052
2025-03-13 13:25:00,50.8,50.8,50.8,50.8,1000,50800.0,50.644999999999996,50.66833333333333,,0.015051654378744672,0.0019447331752525318,0.01310692120349214
2025-03-14 09:03:00,50.8,50.8,50.8,50.8,1000,50800.0,50.655,50.66833333333333,,0.024674700202908184,0.006490726580800345,0.01818397362210784
2025-03-14 09:33:00,50.4,50.4,50.4,50.4,1000,50400.0,50.64,50.65833333333333,,2.7205619389292224e-05,0.00519802238851434,-0.0051708167691250475
2025-03-14 09:34:00,50.8,50.8,50.8,50.8,1000,50800.0,50.654999999999994,50.65833333333333,,0.01262214516004434,0.006682846942823826,0.005939298217220514
2025-03-14 09:46:00,50.5,50.5,50.5,50.5,2000,101000.0,50.66,50.65,,-0.0015834965716692295,0.005029578239922109,-0.0066130748115913384
2025-03-14 09:48:00,50.7,50.7,50.7,50.7,1000,50700.0,50.655,50.65333333333333,,0.0032579612922774004,0.004675254850392634,-0.0014172935581152337
2025-03-14 11:50:00,50.3,50.5,50.3,50.5,9000,453300.0,50.64,50.644999999999996,,-0.008939274344591297,0.0019523490113925743,-0.01089162335598387
2025-03-14 12:10:00,50.7,50.7,50.7,50.7,1000,50700.0,50.644999999999996,50.64,,-0.0024402777697503097,0.0010738236551631525,-0.0035141014249134624
2025-03-14 13:14:00,50.2,50.4,50.2,50.4,6000,301800.0,50.625,50.63833333333333,,-0.02125081450252253,-0.0033911039763774194,-0.01785971052614511
2025-03-14 13:15:00,50.5,50.5,50.5,50.5,1000,50500.0,50.615,50.635,,-0.027769474071469347,-0.008266777995398805,-0.019502696076070542
2025-03-14 14:36:00,50.5,50.7,50.5,50.7,3000,151700.0,50.62,50.635,,-0.016606645669888564,-0.009934751530297577,-0.0066718941395909875
2025-03-17 09:04:00,50.6,50.6,50.6,50.6,1000,50600.0,50.62,50.63333333333333,,-0.015648412131938017,-0.011077483650626113,-0.004570928481311904
2025-03-17 09:37:00,50.6,50.6,50.6,50.6,2000,101200.0,50.635000000000005,50.63166666666667,,-0.01471932900364692,-0.011805852721230503,-0.0029134762824164166
2025-03-17 09:49:00,50.7,50.7,50.7,50.7,1000,50700.0,50.629999999999995,50.63166666666667,,-0.005846799154248572,-0.010614042007833818,0.0047672428535852455
2025-03-17 10:51:00,50.7,50.7,50.7,50.7,2000,101400.0,50.635000000000005,50.63666666666666,,0.0011712402104180342,-0.008256985564182973,0.009428225774601007
2025-03-17 12:18:00,50.7,50.7,50.5,50.5,6000,303600.0,50.63,50.63,,-0.009297488164989431,-0.008465086084344297,-0.0008324020806451341
2025-03-17 12:21:00,50.7,50.7,50.7,50.7,1000,50700.0,50.635000000000005,50.63166666666666,,-0.0014396402655378893,-0.0070599969205828355,0.005620356655044946
2025-03-17 12:48:00,50.1,50.6,50.1,50.1,7000,351600.0,50.6,50.61833333333334,,-0.04312857497190237,-0.014273712530847485,-0.028854862441054882
2025-03-17 12:50:00,50.6,50.6,50.6,50.6,1000,50600.0,50.589999999999996,50.620000000000005,,-0.035414436457728016,-0.01850185731622394,-0.016912579141504076
2025-03-17 13:29:00,50.3,50.3,50.3,50.3,2000,100600.0,50.58,50.61,,-0.052898004044529046,-0.02538108666188541,-0.027516917382643634
2025-03-17 13:30:00,50.6,50.6,50.6,50.6,1000,50600.0,50.57000000000001,50.608333333333334,,-0.04206208467736161,-0.028717286264980824,-0.013344798412380787
2025-03-17 13:45:00,50.4,50.7,50.4,50.4,16000,806700.0,50.55,50.608333333333334,,-0.04904711936118389,-0.032783252884221604,-0.016263866476962284
2025-03-17 13:46:00,50.4,50.4,50.4,50.4,5000,252000.0,50.55,50.60333333333333,,-0.05396077994085147,-0.03701875829554772,-0.01694202164530375
2025-03-17 13:48:00,50.6,50.6,50.6,50.6,20000,1012000.0,50.540000000000006,50.60333333333333,,-0.041241467482194594,-0.037863300132877115,-0.003378167349317479
2025-03-17 13:50:00,50.7,51.0,50.5,51.0,34000,1720900.0,50.565000000000005,50.608333333333334,,0.0011020509005632562,-0.030070229926188876,0.031172280826752132
2025-03-17 13:51:00,50.8,50.8,50.5,50.8,4000,202600.0,50.57,50.61333333333334,,0.018310455741513465,-0.02039409279264824,0.038704548534161706
2025-03-17 14:08:00,50.5,50.5,50.5,50.5,2000,101000.0,50.57,50.61,,0.007652900018591424,-0.01478469423040023,0.022437594248991652
2025-03-17 14:09:00,50.8,50.8,50.8,50.8,1000,50800.0,50.575,50.61333333333334,,0.023147034147669387,-0.007198348554786224,0.03034538270245561
2025-03-17 14:47:00,50.4,50.8,50.4,50.8,2000,101200.0,50.595,50.611666666666665,,0.03502252649577997,0.0012458264553270868,0.033776700040452884
2025-03-18 09:01:00,50.8,50.8,50.8,50.8,1000,50800.0,50.61,50.620000000000005,,0.043927567773188514,0.00978217471889943,0.03414539305428908
2025-03-18 09:31:00,50.7,50.7,50.7,50.7,1000,50700.0,50.61,50.62,,0.04242673341095582,0.016311086457310744,0.026115646953645075
2025-03-18 11:27:00,50.7,50.7,50.7,50.7,1000,50700.0,50.614999999999995,50.623333333333335,,0.04076736982908358,0.02120234313166533,0.019565026697418247
2025-03-18 12:38:00,50.5,50.5,50.5,50.5,5000,252500.0,50.61,50.620000000000005,,0.023048451791069624,0.02157156486354619,0.0014768869275234332
2025-03-18 12:39:00,50.7,50.7,50.7,50.7,1000,50700.0,50.61,50.62,,0.02485772178465595,0.022228796247768145,0.0026289255368878058
2025-03-18 12:42:00,50.5,50.7,50.5,50.7,3000,151700.0,50.61,50.61833333333333,,0.025991961590605683,0.022981429316335653,0.00301053227427003
2025-03-18 12:59:00,50.7,50.7,50.6,50.6,8000,405200.0,50.614999999999995,50.615,,0.018607259435604817,0.022106595340189487,-0.0034993359045846703
2025-03-18 13:25:00,50.5,50.5,50.5,50.5,1000,50500.0,50.605,50.61333333333334,,0.004632324898068418,0.01861174125176527,-0.013979416353696851
2025-03-18 13:26:00,50.8,50.8,50.8,50.8,1000,50800.0,50.64,50.62166666666666,,0.017561978586130067,0.018401788718638228,-0.0008398101325081606
2025-03-18 13:54:00,50.5,50.5,50.5,50.5,5000,252500.0,50.635000000000005,50.61666666666667,,0.003560434281375535,0.015433517831185687,-0.011873083549810152
2025-03-18 13:55:00,50.7,50.7,50.7,50.7,1000,50700.0,50.654999999999994,50.623333333333335,,0.008504314877981756,0.0140476772405449,-0.005543362362563144
2025-03-19 09:17:00,50.7,50.7,50.7,50.7,1000,50700.0,50.660000000000004,50.625,,0.012280809984190455,0.013694303789274012,-0.0014134938050835572
2025-03-19 10:25:00,50.4,50.4,50.4,50.4,1000,50400.0,50.66,50.62166666666667,,-0.008831857665910547,0.0091890714982371,-0.018020929164147645
2025-03-19 10:28:00,50.7,50.7,50.7,50.7,1000,50700.0,50.675,50.62166666666666,,-0.0013409563152961823,0.0070830659355304425,-0.008424022250826625
2025-03-19 10:52:00,50.3,50.3,50.3,50.3,1000,50300.0,50.66,50.61833333333333,,-0.02736543415183945,0.00019336591805646188,-0.027558800069895913
2025-03-19 10:53:00,50.7,50.7,50.7,50.7,1000,50700.0,50.644999999999996,50.623333333333335,,-0.015534415552458825,-0.0029521903760465966,-0.012582225176412228
2025-03-19 10:58:00,50.6,50.6,50.6,50.6,1000,50600.0,50.635000000000005,50.62,,-0.014065248404122599,-0.0051748019816617976,-0.008890446422460802
2025-03-19 11:37:00,50.3,50.5,50.3,50.5,4000,201400.0,50.635000000000005,50.614999999999995,,-0.02073108533134871,-0.008286058651599182,-0.012445026679749527
2025-03-19 11:56:00,50.5,50.5,50.5,50.5,1000,50500.0,50.620000000000005,50.61333333333333,,-0.025717355128918484,-0.011772317947063043,-0.01394503718185544
2025-03-19 13:03:00,50.1,50.3,50.1,50.3,6000,301200.0,50.595,50.605000000000004,,-0.04528527190071685,-0.018474908737793807,-0.026810363162923043
2025-03-19 13:04:00,50.4,50.4,50.4,50.4,1000,50400.0,50.575,50.6,,-0.052123001582849326,-0.025204527306804916,-0.02691847427604441
2025-03-19 13:13:00,50.4,50.5,50.4,50.5,5000,252100.0,50.565,50.598333333333336,,-0.0489090139042716,-0.029945424626298255,-0.01896358927797335
2025-03-19 13:20:00,50.2,50.2,50.2,50.2,2000,100400.0,50.540000000000006,50.59166666666667,,-0.06976513460973166,-0.03790936662298494,-0.03185576798674672
2025-03-19 13:22:00,50.5,50.5,50.5,50.5,1000,50500.0,50.540000000000006,50.595,,-0.06137878111246664,-0.042603249520881285,-0.018775531591585355
2025-03-19 13:37:00,50.2,50.2,50.2,50.2,2000,100400.0,50.515,50.58500000000001,,-0.07804038061208018,-0.049690675739121073,-0.02834970487295911
2025-03-19 13:38:00,50.2,50.4,50.2,50.4,2000,100600.0,50.5,50.58166666666666,,-0.074250603274578,-0.054602661246212464,-0.019647942028365534
2025-03-19 13:52:00,50.2,50.2,50.2,50.2,65,3263.0,50.480000000000004,50.575,,-0.08638963316231951,-0.060960055629433886,-0.025429577532885626
2025-03-19 14:06:00,50.5,50.5,50.5,50.5,1000,50500.0,50.48,50.57333333333334,,-0.07098418418646446,-0.06296488134084001,-0.008019302845624451
2025-03-19 14:07:00,50.3,50.3,50.3,50.3,3000,150900.0,50.455,50.56499999999999,,-0.07405984475453664,-0.06518387402357934,-0.008875970730957305
2025-03-19 14:13:00,50.5,50.5,50.5,50.5,1000,50500.0,50.455,50.559999999999995,,-0.05967116828355046,-0.06408133287557356,0.004410164592023105
2025-03-20 09:01:00,50.5,50.5,50.5,50.5,1000,50500.0,50.44500000000001,50.559999999999995,,-0.04771797544251655,-0.06080866138896216,0.013090685946445614
2025-03-20 09:16:00,50.5,50.5,50.5,50.5,4000,202000.0,50.435,50.55499999999999,,-0.037809143762153496,-0.05620875786360043,0.018399614101446936
2025-03-20 09:21:00,50.9,50.9,50.9,50.9,1000,50900.0,50.46,50.556666666666665,,0.002293857922808229,-0.0445082347063187,0.04680209262912693
2025-03-20 09:32:00,50.3,50.3,50.3,50.3,5000,251500.0,50.44,50.555,,-0.01417575427224449,-0.03844173861950386,0.02426598434725937
2025-03-20 09:37:00,50.5,50.5,50.5,50.5,1000,50500.0,50.45,50.55,,-0.0109633476744051,-0.032946060430484106,0.021982712756079006
2025-03-20 10:06:00,50.3,50.3,50.3,50.3,1000,50300.0,50.43,50.54666666666666,,-0.024275969215167947,-0.031212042187420873,0.0069360729722529255
2025-03-20 10:07:00,50.7,50.7,50.7,50.7,1000,50700.0,50.434999999999995,50.54666666666667,,-0.0025206290055876934,-0.02547375955105424,0.022953130545466546
2025-03-20 11:21:00,50.5,50.5,50.5,50.5,1000,50500.0,50.434999999999995,50.54666666666667,,-0.001401526454323232,-0.02065931293170804,0.019257786477384808
2025-03-20 11:41:00,50.1,50.3,50.1,50.3,7000,351100.0,50.425,50.53999999999999,,-0.01646317036615841,-0.019820084418598116,0.003356914052439708
2025-03-20 11:43:00,50.4,50.4,50.0,50.4,7000,350900.0,50.43,50.54,,-0.02009878591969283,-0.01987582471881706,-0.0002229612008757681
2025-03-20 11:56:00,50.3,50.5,50.1,50.5,13000,653300.0,50.435,50.54,,-0.014740953147544644,-0.018848850404562578,0.004107897257017934
2025-03-20 12:09:00,50.3,50.3,50.3,50.3,2000,100600.0,50.425,50.53333333333333,,-0.026329640490956763,-0.020345008421841417,-0.0059846320691153455
2025-03-20 12:12:00,50.5,50.5,50.5,50.5,1000,50500.0,50.44,50.531666666666666,,-0.019154635177983437,-0.020106933773069824,0.0009522985950863871
2025-03-21 09:08:00,50.5,50.5,50.5,50.5,1000,50500.0,50.44,50.53,,-0.013314905845064118,-0.018748528187468683,0.005433622342404566
2025-03-21 09:41:00,50.0,50.0,50.0,50.0,1000,50000.0,50.42999999999999,50.51833333333333,,-0.04847390588813738,-0.024693603727602428,-0.023780302160534953
2025-03-21 09:42:00,50.5,50.5,50.5,50.5,1000,50500.0,50.434999999999995,50.515,,-0.03558169705102188,-0.026871222392286318,-0.008710474658735558
2025-03-21 09:49:00,50.3,50.3,50.3,50.3,3000,150900.0,50.440000000000005,50.51166666666666,,-0.04102988451752765,-0.029702954817334586,-0.011326929700193063
2025-03-21 10:22:00,50.5,50.5,50.5,50.5,2000,101000.0,50.440000000000005,50.50833333333333,,-0.028876419679022547,-0.029537647789672182,0.0006612281106496351
2025-03-21 10:26:00,50.3,50.5,50.3,50.5,2000,100800.0,50.45,50.51499999999999,,-0.019025398306474983,-0.027435197893032746,0.008409799586557763
2025-03-21 13:23:00,50.3,50.3,50.3,50.3,1000,50300.0,50.44,50.51,,-0.027044959437041882,-0.027357150201834577,0.00031219076479269484
2025-03-21 13:26:00,50.5,50.5,50.5,50.5,1000,50500.0,50.44,50.513333333333335,,-0.017065474887310472,-0.025298815138929755,0.008233340251619283
2025-03-24 09:01:00,50.7,50.7,50.7,50.7,1000,50700.0,50.45,50.51499999999999,,0.006902100015999224,-0.01885863210794396,0.025760732123943184
2025-03-24 10:30:00,50.6,50.6,50.6,50.6,1,50.6,50.434999999999995,50.51833333333334,,0.017624251881549924,-0.011562055310045182,0.029186307191595106
2025-03-24 11:40:00,50.6,50.6,50.6,50.6,2000,101200.0,50.45,50.52166666666667,,0.025823952010163964,-0.004084853846003352,0.029908805856167314
2025-03-24 11:48:00,50.3,50.3,50.3,50.3,3000,150900.0,50.440000000000005,50.516666666666666,,0.008022309076750389,-0.0016634212614526033,0.009685730338202992
2025-03-24 11:50:00,50.5,50.5,50.5,50.5,1000,50500.0,50.45,50.50833333333333,,0.009938143755974238,0.0006568917420327657,0.009281252013941473
2025-03-24 12:20:00,50.5,50.5,50.5,50.5,1000,50500.0,50.440000000000005,50.50333333333333,,0.011325898626537878,0.002790693118933789,0.00853520550760409
2025-03-24 12:33:00,50.1,50.3,50.1,50.3,4000,200600.0,50.43,50.5,,-0.0036703126381922857,0.001498491967508574,-0.00516880460570086
2025-03-24 12:34:00,50.5,50.5,50.5,50.5,1000,50500.0,50.44,50.495,,0.0005767596433017275,0.0013141455026672048,-0.0007373858593654773
2025-03-24 13:34:00,50.3,50.3,50.3,50.3,9000,452700.0,50.434999999999995,50.48666666666667,,-0.012056748709518672,-0.0013600333397699713,-0.010696715369748701
2025-03-24 13:35:00,50.3,50.3,50.3,50.3,13000,653900.0,50.425,50.47833333333333,,-0.02181739770027491,-0.005451506211870961,-0.01636589148840395
2025-03-24 13:36:00,50.3,50.3,50.3,50.3,11000,553300.0,50.425,50.47166666666667,,-0.029215998487011063,-0.010204404666898982,-0.019011593820112083
2025-03-24 13:37:00,50.3,50.3,50.3,50.3,9000,452700.0,50.415,50.464999999999996,,-0.03467967716984788,-0.015099459167488765,-0.019580218002359113
2025-03-24 13:39:00,50.5,50.5,50.5,50.5,42000,2121000.0,50.415,50.464999999999996,,-0.02261071267588477,-0.01660170986916797,-0.0060090028067168
2025-03-25 09:01:00,50.5,50.5,50.5,50.5,1000,50500.0,50.44,50.461666666666666,,-0.012897299331143586,-0.01586082776156309,0.0029635284304195056
2025-03-25 09:13:00,50.1,50.1,50.1,50.1,3000,150300.0,50.42,50.451666666666675,,-0.037048926719407405,-0.020098447553131955,-0.01695047916627545
2025-03-25 09:14:00,50.3,50.3,50.3,50.3,1000,50300.0,50.42,50.446666666666665,,-0.03959451715586226,-0.02399766147367802,-0.015596855682184243
2025-03-25 09:29:00,50.2,50.2,50.2,50.2,3000,150600.0,50.404999999999994,50.44166666666667,,-0.04911491345605157,-0.029021111870152733,-0.020093801585898834
2025-03-25 09:45:00,50.2,50.2,50.2,50.2,1000,50200.0,50.39,50.431666666666665,,-0.05601419928056828,-0.03441972935223585,-0.02159446992833243
2025-03-25 09:47:00,50.2,50.2,50.0,50.0,15000,750800.0,50.375,50.42333333333333,,-0.07673569917272971,-0.04288292331633462,-0.03385277585639509
2025-03-25 09:48:00,50.3,50.3,50.3,50.3,1000,50300.0,50.364999999999995,50.416666666666664,,-0.06816438902227162,-0.04793921645752203,-0.020225172564749594
2025-03-25 11:01:00,50.3,50.3,50.1,50.1,7000,351700.0,50.334999999999994,50.406666666666666,,-0.0766265880575645,-0.05367669077753053,-0.022949897280033972
2025-03-25 11:06:00,50.5,50.5,50.5,50.5,1000,50500.0,50.33,50.40833333333333,,-0.05047444821841651,-0.05303624226570773,0.0025617940472912187
2025-03-25 11:08:00,50.5,50.5,50.5,50.5,1000,50500.0,50.325,50.405,,-0.02940967258898297,-0.04831092833036278,0.01890125574137981
2025-03-25 13:52:00,50.5,50.5,50.5,50.5,4000,202000.0,50.334999999999994,50.40833333333333,,-0.012570778041606445,-0.04116289827261152,0.028592120231005075
2025-03-25 14:01:00,50.3,50.3,50.3,50.3,4000,201200.0,50.325,50.401666666666664,,-0.01518907056530594,-0.035968132731150404,0.020779062165844464
2025-03-25 14:08:00,50.5,50.5,50.5,50.5,1000,50500.0,50.325,50.4,,-0.0011129291372142802,-0.02899709201236318,0.0278841628751489
2025-03-25 14:31:00,50.3,50.3,50.3,50.3,2000,100600.0,50.325,50.39666666666667,,-0.006026345688006529,-0.02440294274749185,0.01837659705948532
2025-03-25 14:32:00,50.5,50.5,50.5,50.5,1000,50500.0,50.325,50.39666666666667,,0.006147203207930829,-0.018292913556407314,0.024440116764338143
2025-03-26 09:01:00,50.5,50.5,50.5,50.5,1000,50500.0,50.335,50.4,,0.015614830365223042,-0.01151136477208124,0.027126195137304285
2025-03-26 09:03:00,50.2,50.2,50.2,50.2,1000,50200.0,50.33,50.39666666666666,,-0.001077083128848244,-0.009424508443434641,0.008347425314586397
2025-03-26 09:04:00,50.2,50.2,50.2,50.2,2000,100400.0,50.325,50.391666666666666,,-0.014142518675562599,-0.010368110489860234,-0.003774408185702365
2025-03-26 09:06:00,50.4,50.4,50.4,50.4,1000,50400.0,50.33,50.395,,-0.008263387119889387,-0.009947165815866065,0.0016837786959766777
2025-03-26 10:19:00,50.1,50.2,50.0,50.2,10000,500500.0,50.315,50.39,,-0.019517475891106528,-0.011861227830914159,-0.007656248060192369
2025-03-26 10:28:00,50.1,50.1,50.1,50.1,3000,150300.0,50.295,50.38833333333333,,-0.03608956835295629,-0.01670689593532259,-0.019382672417633702
2025-03-26 10:29:00,50.3,50.3,50.1,50.1,10000,502000.0,50.295,50.38333333333333,,-0.04866212434193784,-0.02309794161664564,-0.0255641827252922
2025-03-26 10:30:00,50.3,50.3,50.3,50.3,1000,50300.0,50.295,50.385,,-0.042003447675000416,-0.0268790428283166,-0.015124404846683814
2025-03-26 13:06:00,50.3,50.3,50.1,50.1,10000,502000.0,50.290000000000006,50.37833333333333,,-0.05226227970081965,-0.031955690202817216,-0.02030658949800243
2025-03-26 13:07:00,50.3,50.3,50.3,50.3,1000,50300.0,50.295,50.37833333333334,,-0.04374982889112289,-0.03431451794047835,-0.009435310950644538
2025-03-26 13:28:00,50.0,50.0,50.0,50.0,70000,3500000.0,50.295,50.370000000000005,,-0.06051357989618111,-0.039554330331618905,-0.02095924956456221
2025-03-26 13:29:00,50.0,50.0,50.0,50.0,30000,1500000.0,50.28,50.36166666666667,,-0.07295795939933925,-0.046235056145162975,-0.02672290325417627
2025-03-26 13:32:00,50.2,50.2,50.2,50.2,35000,1757000.0,50.285000000000004,50.35666666666667,,-0.0659219838638947,-0.050172441688909324,-0.01574954217498537
2025-03-26 13:33:00,50.2,50.2,50.2,50.2,65000,3263000.0,50.269999999999996,50.345000000000006,,-0.059658219738849994,-0.05206959729889746,-0.007588622439952536
2025-03-26 13:34:00,50.3,50.3,50.3,50.3,1000,50300.0,50.260000000000005,50.345,,-0.04609363857991866,-0.050874405555101705,0.004780766975183044
2025-03-26 13:49:00,50.0,50.0,50.0,50.0,2000,100000.0,50.235,50.336666666666666,50.587916666666665,-0.058872457819063584,-0.05247401600789408,-0.006398441811169504
2025-03-26 13:50:00,50.2,50.2,50.2,50.2,1000,50200.0,50.230000000000004,50.33500000000001,50.585,-0.0522590262082403,-0.052431018047963324,0.00017199183972302357
2025-03-27 09:01:00,49.85,49.85,49.85,49.85,3000,149550.0,50.1975,50.32083333333333,50.58020833333333,-0.07440224594584066,-0.0568252636275388,-0.017576982318301862
2025-03-27 09:02:00,50.0,50.0,50.0,50.0,1000,50000.0,50.1825,50.3125,50.576874999999994,-0.07893722165128025,-0.061247655232287104,-0.01768956641899315
2025-03-27 09:06:00,50.0,50.5,50.0,50.5,3000,150500.0,50.1825,50.31583333333334,50.575624999999995,-0.04170465618930308,-0.05733905542369031,0.015634399234387232
2025-03-27 09:10:00,50.5,50.8,50.3,50.7,7000,353400.0,50.1925,50.32083333333333,50.574375,0.0038958398007125083,-0.04509207637880975,0.04898791617952226
2025-03-28 09:01:00,50.2,50.2,50.2,50.2,1000,50200.0,50.1925,50.31583333333334,50.57229166666666,-0.00030771257804929064,-0.03613520361865766,0.03582749104060837
2025-03-28 09:16:00,49.85,50.0,49.85,50.0,8000,399100.0,50.1825,50.310833333333335,50.568124999999995,-0.019552003247298444,-0.032818563544385816,0.013266560297087372
2025-03-28 09:19:00,50.4,50.4,50.4,50.4,1000,50400.0,50.182500000000005,50.30916666666666,50.566875,-0.002497792347334382,-0.026754409304975527,0.024256616957641145
2025-03-28 09:28:00,49.85,50.0,49.85,50.0,4000,199550.0,50.1725,50.30083333333333,50.563541666666666,-0.02101659799944855,-0.025606847043870132,0.004590249044421582
2025-03-28 09:30:00,50.3,50.3,50.3,50.3,1000,50300.0,50.1825,50.30583333333333,50.560624999999995,-0.011354504541834842,-0.022756378543463077,0.011401874001628235
2025-03-28 10:00:00,50.2,50.3,50.0,50.3,7000,350900.0,50.192499999999995,50.3025,50.55895833333333,-0.0036550922372526884,-0.018936121282221,0.015281029044968312
2025-03-28 10:11:00,50.2,50.2,50.2,50.2,1000,50200.0,50.1875,50.30083333333334,50.555625,-0.0055583436262978125,-0.016260565751036363,0.01070222212473855
2025-03-28 10:32:00,50.0,50.0,50.0,50.0,1000,50000.0,50.1825,50.292500000000004,50.552708333333335,-0.02294056795467725,-0.01759656619176454,-0.00534400176291271
2025-03-28 10:36:00,50.2,50.2,50.2,50.2,1000,50200.0,50.1775,50.2875,50.549375000000005,-0.02034327289796778,-0.018145907533005188,-0.002197365364962591
2025-03-28 11:08:00,50.5,50.5,50.5,50.5,1000,50500.0,50.2025,50.29083333333333,50.547291666666666,0.00585510091630681,-0.013345705843142788,0.019200806759449598
2025-03-28 11:50:00,50.2,50.2,50.2,50.2,2000,100400.0,50.2125,50.285833333333336,50.545208333333335,0.0023825436988218485,-0.01020005593474986,0.012582599633571709
2025-03-28 11:51:00,50.0,50.0,50.0,50.0,3000,150000.0,50.2025,50.27416666666667,50.54145833333333,-0.016319688199203597,-0.01142398238764061,-0.004895705811562987
2025-03-28 11:52:00,50.2,50.2,50.2,50.2,1000,50200.0,50.2025,50.2675,50.54020833333333,-0.014832038715915985,-0.012105593653295686,-0.002726445062620299
2025-03-28 11:55:00,50.2,50.4,50.2,50.4,4000,201000.0,50.207499999999996,50.26416666666667,50.539791666666666,0.0024569406325554155,-0.009193086796125466,0.011650027428680881
2025-03-28 12:08:00,50.2,50.2,50.2,50.2,3000,150600.0,50.2175,50.2625,50.536875,2.0022025118748843e-05,-0.0073504650318766225,0.007370487056995371
2025-03-28 12:09:00,50.3,50.3,50.3,50.3,1000,50300.0,50.222500000000004,50.25916666666667,50.535624999999996,0.006087735101928615,-0.004662825005115574,0.010750560107044189
2025-03-28 13:36:00,50.3,50.3,50.3,50.3,1000,50300.0,50.245,50.25583333333334,50.533541666666665,0.010772265459969788,-0.0015758069120985012,0.01234807237206829
2025-03-28 13:42:00,50.1,50.1,50.1,50.1,8000,400800.0,50.25,50.252500000000005,50.530208333333334,-0.001634695238003303,-0.0015875845772794618,-4.7110660723841255e-05
2025-03-28 13:43:00,50.1,50.1,50.1,50.1,12000,601200.0,50.230000000000004,50.24583333333333,50.526875000000004,-0.011336619485668109,-0.003537391558957192,-0.007799227926710917
2025-03-28 13:44:00,50.3,50.3,50.3,50.3,10000,503000.0,50.209999999999994,50.24583333333333,50.525625,-0.0028542340079837913,-0.0034007600487625123,0.000546526040778721
2025-03-28 13:50:00,50.2,50.2,50.2,50.2,2000,100400.0,50.21,50.244166666666665,50.52395833333333,-0.004153171484603035,-0.0035512423359306176,-0.0006019291486724179
2025-03-28 13:54:00,50.4,50.4,50.4,50.4,3000,151200.0,50.230000000000004,50.24583333333333,50.521875,0.0108308879845751,-0.0006748162718294735,0.011505704256404573
2025-03-28 14:13:00,50.6,50.8,50.3,50.5,22026,1115007.8,50.235,50.249166666666675,50.520208333333336,0.030424314762797167,0.005545009935095857,0.024879304827701308
2025-03-28 14:50:00,50.3,50.3,50.3,50.3,8000,402400.0,50.25,50.24583333333333,50.51854166666667,0.029474158381560756,0.010330839624388839,0.019143318757171915
2025-03-28 14:57:00,50.7,50.7,50.7,50.7,1000,50700.0,50.269999999999996,50.249166666666675,50.517291666666665,0.06030267790232102,0.02032520727997528,0.039977470622345745
2025-03-31 09:01:00,50.7,50.7,50.7,50.7,3000,152100.0,50.290000000000006,50.259166666666665,50.516875000000006,0.0837688663823215,0.033013939100444534,0.05075492728187697
2025-03-31 09:09:00,50.5,50.5,50.5,50.5,3000,151500.0,50.305,50.2625,50.514791666666675,0.08524500988825423,0.04346015325800648,0.04178485663024775
2025-03-31 09:30:00,50.6,50.6,50.6,50.6,1000,50600.0,50.335,50.26916666666666,50.514375,0.09340728744547278,0.053449580095499744,0.03995770734997303
2025-03-31 11:01:00,50.1,50.3,50.1,50.3,4000,200600.0,50.339999999999996,50.270833333333336,50.51270833333333,0.07480613982101403,0.05772089204060261,0.01708524778041142
2025-03-31 11:02:00,50.3,50.7,50.1,50.7,8000,403000.0,50.35,50.2825,50.51145833333333,0.09128893138030492,0.06443449990854308,0.026854431471761836
2025-03-31 12:52:00,50.2,50.2,50.2,50.2,1000,50200.0,50.35,50.280833333333334,50.50812499999999,0.06327642984457782,0.06420288589575003,-0.0009264560511722114
2025-03-31 12:54:00,50.7,50.7,50.2,50.2,3000,151100.0,50.36,50.2825,50.506875,0.04060821434124051,0.05948395158484813,-0.018875737243607617
2025-03-31 12:55:00,50.6,50.6,50.6,50.6,1000,50600.0,50.38,50.284166666666664,50.505208333333336,0.054294276660137086,0.05844601659990593,-0.004151739939768841
2025-03-31 13:06:00,50.2,50.2,50.2,50.2,7000,351400.0,50.37,50.27916666666667,50.503125,0.03248940496764874,0.05325469427345449,-0.020765289305805755
2025-03-31 13:10:00,50.4,50.4,50.4,50.4,7000,352800.0,50.38,50.2775,50.500625,0.030989982353517576,0.04880175188946711,-0.017811769535949533
2025-03-31 13:11:00,50.5,50.5,50.5,50.5,1000,50500.0,50.39,50.28083333333334,50.49937499999999,0.03743926682827947,0.04652925487722959,-0.009089988048950115
2025-03-31 13:40:00,50.2,50.2,50.1,50.1,6000,300900.0,50.38,50.27416666666667,50.495625,0.01015663482581175,0.039254730866946023,-0.029098096041134273
2025-03-31 13:42:00,50.4,50.4,50.4,50.4,1000,50400.0,50.395,50.27583333333334,50.49395833333333,0.012597232140159065,0.03392323112158863,-0.02132599898142957
2025-04-01 09:01:00,50.6,50.6,50.6,50.6,1000,50600.0,50.42,50.2775,50.493125,0.030320238781776254,0.033202632653626156,-0.0028823938718499018
2025-04-01 09:03:00,50.5,50.5,50.5,50.5,1000,50500.0,50.43,50.2775,50.49270833333333,0.03588304753411364,0.03373871562972366,0.002144331904389986
2025-04-01 09:18:00,50.3,50.3,50.3,50.3,2000,100600.0,50.435,50.27916666666667,50.48979166666667,0.023878033910690988,0.031766579285917126,-0.007888545375226139
2025-04-01 09:27:00,50.5,50.5,50.5,50.5,1000,50500.0,50.440000000000005,50.284166666666664,50.48979166666667,0.030154698060528062,0.031444203040839315,-0.0012895049803112527
2025-04-01 10:02:00,50.7,50.7,50.7,50.7,1000,50700.0,50.45,50.28916666666667,50.490625,0.050683085091080216,0.035291979450887495,0.01539110564019272
2025-04-01 10:07:00,50.2,50.2,50.2,50.2,1000,50200.0,50.445,50.28916666666667,50.488958333333336,0.026302954310061466,0.03349417442272229,-0.007191220112660823
2025-04-01 10:08:00,50.6,50.6,50.6,50.6,1000,50600.0,50.440000000000005,50.2975,50.488958333333336,0.03881079538096088,0.03455749861437001,0.004253296766590871
2025-04-01 11:43:00,50.3,50.3,50.3,50.3,3000,150900.0,50.42,50.30083333333334,50.48770833333333,0.02423647376964766,0.03249329364542554,-0.00825681987577788
2025-04-01 11:44:00,50.5,50.5,50.5,50.5,1000,50500.0,50.42,50.30416666666667,50.485625,0.028496062547162637,0.031693847425772956,-0.0031977848786103186
2025-04-02 09:01:00,50.5,50.5,50.5,50.5,1000,50500.0,50.415,50.310833333333335,50.484375,0.031508605748364005,0.03165679909029116,-0.00014819334192715805
2025-04-02 09:59:00,50.1,50.1,50.1,50.1,3000,150300.0,50.405,50.3075,50.48229166666667,0.0016009560585743543,0.025645630483947798,-0.024044674425373443
2025-04-02 10:01:00,50.3,50.3,50.3,50.3,1000,50300.0,50.385,50.3125,50.479791666666664,-0.005894791775133967,0.019337546032131447,-0.025232337807265415
2025-04-02 10:03:00,50.3,50.3,50.1,50.1,5000,250900.0,50.38,50.314166666666665,50.476875,-0.02765476752014706,0.009939083321675743,-0.037593850841822804
2025-04-02 10:04:00,50.3,50.3,50.1,50.1,10000,502200.0,50.375,50.3125,50.473125,-0.0443880275195383,-0.0009263388465670681,-0.04346168867297123
2025-04-02 10:05:00,50.6,50.6,50.6,50.6,1000,50600.0,50.375,50.31916666666666,50.47229166666667,-0.017106245158196032,-0.004162320108892862,-0.01294392504930317
2025-04-02 10:34:00,50.3,50.3,50.3,50.3,26000,1307800.0,50.38,50.31916666666667,50.469375,-0.01946831031266072,-0.007223518149646435,-0.012244792163014283
2025-04-02 10:35:00,50.5,50.6,50.4,50.6,27130,1370152.0,50.39,50.329166666666666,50.46854166666667,0.0028345538555498706,-0.005211903748607174,0.008046457604157044
2025-04-02 11:08:00,50.4,50.4,50.4,50.4,1000,50400.0,50.385,50.332499999999996,50.46604166666667,0.004321589272301196,-0.0033052051444254996,0.007626794416726696
2025-04-02 11:09:00,50.4,50.4,50.4,50.4,2000,100800.0,50.4,50.34166666666667,50.465625,0.005437396629901059,-0.0015566847895601876,0.006994081419461246
2025-04-02 11:10:00,50.6,50.6,50.6,50.6,1000,50600.0,50.41,50.35166666666667,50.46395833333334,0.02220405599295816,0.0031954633669434834,0.019008592626014675
2025-04-02 11:23:00,50.3,50.3,50.3,50.3,2000,100600.0,50.395,50.348333333333336,50.46104166666667,0.011155665968466622,0.004787503887248112,0.0063681620812185095
2025-04-02 11:24:00,50.3,50.3,50.3,50.3,2000,100600.0,50.385000000000005,50.34166666666667,50.460208333333334,0.0023723898413763322,0.004304481078073756,-0.0019320912366974242
2025-04-02 11:25:00,50.5,50.5,50.5,50.5,1000,50500.0,50.394999999999996,50.346666666666664,50.459375,0.011418285868096234,0.005727242036078253,0.005691043832017981
2025-04-02 11:35:00,50.1,50.1,50.1,50.1,1000,50100.0,50.375,50.34833333333333,50.456875000000004,-0.013533428478218923,0.0018751079332188169,-0.01540853641143774
2025-04-02 11:36:00,50.5,50.5,50.5,50.5,1000,50500.0,50.365,50.35,50.45604166666667,-0.0010194334122459736,0.0012961996641258587,-0.0023156330763718326
2025-04-02 11:38:00,50.3,50.3,50.3,50.3,1000,50300.0,50.37,50.355000000000004,50.454375,-0.007157819802465326,-0.00039460422919237873,-0.006763215573272948
2025-04-02 11:40:00,50.5,50.5,50.5,50.5,1000,50500.0,50.364999999999995,50.358333333333334,50.453541666666666,0.00406888966099217,0.0004980945488445313,0.0035707951121476387
2025-04-02 13:04:00,50.1,50.1,50.1,50.1,168,8416.8,50.355000000000004,50.355,50.452291666666675,-0.019090456366853914,-0.0034196156342951593,-0.015670840732558755
2025-04-02 13:05:00,50.5,50.5,50.5,50.5,1000,50500.0,50.355000000000004,50.36,50.450624999999995,-0.005108856174764753,-0.0037574637423890785,-0.0013513924323756746
2025-04-02 14:56:00,50.3,50.3,50.3,50.3,1000,50300.0,50.345,50.365,50.449375,-0.01005080638073963,-0.00501613227005919,-0.00503467411068044
2025-04-02 14:58:00,50.5,50.5,50.5,50.5,1000,50500.0,50.364999999999995,50.370000000000005,50.44770833333333,0.0021462503677298628,-0.0035836557425013792,0.005729906110231242
2025-04-07 09:01:00,50.0,52.0,46.1,52.0,12000,587300.0,50.45,50.395,50.453958333333325,0.13133600992101435,0.023400277390201778,0.10793573253081257
2025-04-07 09:02:00,52.0,52.0,50.0,50.0,3000,154000.0,50.445,50.391666666666666,50.45020833333333,0.07151219179817048,0.033022660271795526,0.03848953152637495
2025-04-07 09:03:00,48.4,52.4,48.4,50.5,5000,248100.0,50.464999999999996,50.4,50.449375,0.06371276515628921,0.03916068124869426,0.024552083907594946
2025-04-07 09:04:00,50.5,51.2,49.85,50.0,11000,551600.0,50.434999999999995,50.39666666666667,50.44770833333333,0.016989991974412533,0.03472654339383792,-0.017736551419425386
2025-04-07 09:05:00,48.7,51.2,48.7,51.2,8000,397300.0,50.480000000000004,50.41,50.44979166666667,0.07591670823199337,0.04296457636146901,0.03295213187052436
2025-04-07 09:10:00,49.85,49.85,49.85,49.85,1000,49850.0,50.4425,50.40416666666667,50.44666666666667,0.013526908057095,0.03707704270059421,-0.023550134643499213
2025-04-07 09:11:00,49.85,49.85,49.85,49.85,1000,49850.0,50.415000000000006,50.39666666666667,50.443124999999995,-0.03550814231419963,0.02256000569763544,-0.058068148011835075
2025-04-07 09:12:00,49.85,50.0,49.85,50.0,2000,99850.0,50.395,50.391666666666666,50.44104166666666,-0.06155545366152637,0.005736913825803073,-0.06729236748732945
2025-04-07 09:14:00,50.0,51.1,49.85,51.1,6000,301900.0,50.42,50.40833333333333,50.442708333333336,0.006487883072587408,0.005887107675159941,0.0006007753974274672
2025-04-07 09:15:00,49.85,49.85,49.85,49.85,1000,49850.0,50.397499999999994,50.40416666666667,50.43958333333333,-0.039990846072520014,-0.0032884830743760527,-0.03670236299814396
2025-04-07 09:17:00,50.0,51.1,50.0,51.1,4000,201100.0,50.4375,50.4175,50.44041666666667,0.02376503104697747,0.0021222197498946536,0.021642811297082815
2025-04-07 09:18:00,49.85,51.1,49.85,51.1,9000,450350.0,50.4675,50.4325,50.44375,0.07344539025971386,0.0163868538518585,0.05705853640785536
2025-04-07 09:20:00,49.85,51.1,49.85,51.1,3000,150800.0,50.5175,50.44416666666667,50.44541666666667,0.11153176411288257,0.035415835904063324,0.07611592820881924
2025-04-07 09:25:00,49.85,50.0,49.85,50.0,5000,249550.0,50.4925,50.435833333333335,50.443333333333335,0.05235121070398918,0.038802910864048495,0.013548299839940686
2025-04-07 09:28:00,49.85,50.2,49.85,50.2,3000,150050.0,50.4875,50.43416666666667,50.44125,0.02134250121592629,0.035310828934424054,-0.013968327718497764
2025-04-07 09:31:00,49.85,50.9,49.85,50.9,3000,150600.0,50.5075,50.4375,50.442083333333336,0.052645164708089,0.03877769608915704,0.013867468618931955
2025-04-07 09:33:00,49.85,49.85,49.85,49.85,2000,99700.0,50.495,50.42333333333333,50.438125,-0.007190585144478234,0.029584039842429986,-0.03677462498690822
2025-04-07 09:34:00,50.0,50.0,50.0,50.0,1000,50000.0,50.47,50.415,50.43479166666667,-0.042022690184111866,0.015262693837121612,-0.05728538402123348
2025-04-07 09:35:00,50.0,50.0,50.0,50.0,1000,50000.0,50.455,50.405,50.432291666666664,-0.0688339099139057,-0.0015566269130838546,-0.06727728300082185
2025-04-07 09:42:00,50.2,50.2,50.2,50.2,1000,50200.0,50.440000000000005,50.40333333333333,50.431875000000005,-0.07310100332152558,-0.015865502194772205,-0.05723550112675338
2025-04-07 09:57:00,50.0,50.0,50.0,50.0,1000,50000.0,50.34,50.391666666666666,50.42854166666667,-0.091565523759634,-0.031005506507744574,-0.060560017251889434
2025-04-07 10:01:00,50.2,50.2,50.2,50.2,1000,50200.0,50.35,50.391666666666666,50.428125,-0.08903413066980903,-0.04261123134015747,-0.04642289932965156
2025-04-07 10:24:00,49.3,49.3,49.3,49.3,1000,49300.0,50.290000000000006,50.376666666666665,50.42270833333334,-0.15783108331223872,-0.06565520173457373,-0.09217588157766499
2025-04-07 10:25:00,50.2,50.2,50.2,50.2,1000,50200.0,50.3,50.370000000000005,50.42104166666666,-0.13813831306588753,-0.0801518240008365,-0.057986489065051036
2025-04-07 10:43:00,50.2,50.2,50.2,50.2,10,502.0,50.25,50.37,50.418958333333336,-0.1211352786784019,-0.08834851493634958,-0.03278676374205232
2025-04-07 10:49:00,50.2,50.2,50.0,50.0,4000,200200.0,50.2575,50.36333333333333,50.416875000000005,-0.12238776992827383,-0.09515636593473445,-0.027231403993539377
2025-04-07 10:51:00,50.2,50.2,50.2,50.2,1000,50200.0,50.275,50.358333333333334,50.41604166666666,-0.106019918116381,-0.09732907637106378,-0.00869084174531723
2025-04-07 10:56:00,50.2,50.2,50.2,50.2,1000,50200.0,50.285,50.36,50.41354166666667,-0.0919878983991751,-0.09626084077668605,0.004272942377510955
2025-04-07 12:37:00,50.2,50.2,50.2,50.2,100,5020.0,50.24,50.35666666666666,50.41104166666667,-0.07994585561903733,-0.09299784374515632,0.01305198812611899
2025-04-07 12:43:00,50.2,50.2,50.2,50.2,1000,50200.0,50.25750000000001,50.35,50.409375,-0.06960014283552596,-0.08831830356323025,0.018718160727704297
2025-04-07 12:53:00,50.2,50.2,50.0,50.2,6000,300600.0,50.2125,50.345,50.406875,-0.06070136338593102,-0.08279491552777042,0.022093552141839404
2025-04-07 13:02:00,50.2,50.2,50.2,50.2,1000,50200.0,50.167500000000004,50.34333333333334,50.40479166666667,-0.053037631755778136,-0.07684345877337197,0.02380582701759383
2025-04-07 13:04:00,49.5,49.5,49.5,49.5,1000,49500.0,50.0875,50.326666666666675,50.40020833333333,-0.10226932199692129,-0.08192863141808183,-0.020340690578839457
2025-04-07 13:08:00,50.2,50.2,50.0,50.0,4000,200200.0,50.0875,50.315000000000005,50.39770833333333,-0.09978965683554009,-0.08550083650157349,-0.014288820333966598
2025-04-07 13:12:00,50.2,50.2,49.55,50.2,3000,149950.0,50.0875,50.315000000000005,50.39729166666667,-0.08075527920958336,-0.08455172504317547,0.0037964458335921075
2025-04-07 13:31:00,50.2,50.2,50.0,50.0,22000,1102000.0,50.042500000000004,50.305,50.39395833333333,-0.08087643315833759,-0.0838166666662079,0.0029402335078703157
2025-04-07 13:33:00,50.2,50.2,50.2,50.2,1000,50200.0,50.06,50.303333333333335,50.39229166666667,-0.06409526963492596,-0.07987238725995152,0.015777117625025566
2025-04-07 13:47:00,49.6,49.75,49.6,49.75,8000,397100.0,50.0475,50.29083333333334,50.38875,-0.08611463986997592,-0.0811208377819564,-0.004993802088019514
2025-04-07 13:48:00,50.2,50.2,50.2,50.2,1000,50200.0,50.057500000000005,50.285833333333336,50.38708333333333,-0.06648748390182391,-0.0781941670059299,0.011706683104105997
2025-04-08 09:01:00,50.2,50.2,48.7,50.2,17000,843050.0,50.0575,50.2875,50.38458333333334,-0.050352390378037626,-0.07262581168035145,0.02227342130231383
2025-04-08 09:02:00,49.45,50.2,49.45,50.2,2000,99650.0,50.0675,50.285833333333336,50.38208333333333,-0.03713711892346794,-0.06552807312897475,0.028390954205506816
2025-04-08 09:13:00,50.9,50.9,50.9,50.9,1000,50900.0,50.102500000000006,50.29916666666667,50.38375,0.029480397104101996,-0.046526379082359404,0.0760067761864614
2025-04-08 09:17:00,49.8,49.8,49.8,49.8,6000,298800.0,50.127500000000005,50.29416666666667,50.379583333333336,-0.006411639023539806,-0.038503431070595485,0.03209179204705568
2025-04-08 09:19:00,50.2,50.2,50.2,50.2,1000,50200.0,50.127500000000005,50.28750000000001,50.37708333333333,-0.0025502811290039062,-0.03131280108227717,0.028762519953273266
2025-04-08 10:24:00,49.8,49.8,49.8,49.8,1000,49800.0,50.1075,50.27916666666667,50.374583333333334,-0.03140476960330574,-0.031331194786482885,-7.357481682285227e-05
2025-04-08 10:25:00,49.7,49.7,49.7,49.7,4000,198800.0,50.0925,50.264166666666675,50.370000000000005,-0.061630881432407136,-0.03739113211566774,-0.024239749316739397
2025-04-08 10:32:00,49.75,49.75,49.6,49.6,14000,695600.0,50.0625,50.25083333333334,50.36625,-0.09258716982919424,-0.048430339658373046,-0.04415683017082119
2025-04-08 10:34:00,50.0,50.0,50.0,50.0,1000,50000.0,50.0525,50.244166666666665,50.36333333333333,-0.0838767157830631,-0.05551961488331106,-0.028357100899752047
2025-04-08 10:51:00,49.8,50.0,49.8,50.0,2000,99800.0,50.042500000000004,50.23416666666667,50.36125,-0.0760964259659147,-0.059634977099831794,-0.01646144886608291
2025-04-08 11:19:00,49.85,50.0,49.85,50.0,4000,199550.0,50.0325,50.229166666666664,50.358333333333334,-0.06913356156825046,-0.061534693993515535,-0.007598867574734922
2025-04-08 12:49:00,50.1,50.1,50.1,50.1,8,400.8,50.0275,50.225833333333334,50.35708333333333,-0.05491327109637467,-0.060210409414087375,0.005297138317712703
2025-04-08 13:19:00,49.3,49.3,49.3,49.3,1000,49300.0,49.9825,50.20583333333334,50.35208333333333,-0.10696388943208746,-0.0695611054176874,-0.03740278401440006
2025-04-08 13:21:00,50.1,50.1,50.1,50.1,1000,50100.0,50.0125,50.20583333333334,50.349583333333335,-0.08270766289250275,-0.07219041691265048,-0.010517245979852277
2025-04-08 13:59:00,49.3,49.3,49.3,49.3,3000,147900.0,49.9775,50.185833333333335,50.344166666666666,-0.12657862314900825,-0.08306805815992203,-0.04351056498908622
2025-04-08 14:05:00,50.1,50.1,50.1,50.1,1000,50100.0,49.9725,50.182500000000005,50.342083333333335,-0.09569030285827296,-0.08559250709959222,-0.010097795758680736
2025-04-08 14:54:00,49.9,49.9,49.9,49.9,29000,1447100.0,49.9675,50.1725,50.338750000000005,-0.08635398009079154,-0.0857448016978321,-0.0006091783929594446
2025-04-08 14:55:00,49.9,49.9,49.9,49.9,2000,99800.0,49.9525,50.16916666666667,50.33541666666667,-0.07805510635455448,-0.08420686262917658,0.006151756274622097
2025-04-08 14:56:00,50.1,50.1,50.1,50.1,11000,551100.0,49.97,50.1625,50.33375,-0.054709206916136566,-0.07830733148656858,0.02359812457043202
2025-04-08 14:57:00,50.1,50.1,50.1,50.1,10000,501000.0,49.964999999999996,50.15916666666667,50.33125,-0.03579479331718716,-0.06980482385269231,0.03401003053550515
2025-04-08 14:58:00,50.1,50.1,50.1,50.1,10000,501000.0,49.96,50.1525,50.33125,-0.020567890431209435,-0.05995743716839573,0.039389546737186296
2025-04-09 09:01:00,50.1,50.1,50.1,50.1,2000,100200.0,49.955,50.12083333333333,50.329166666666666,-0.00840358884896375,-0.049646667504509336,0.041243078655545586
2025-04-09 09:04:00,50.1,50.1,50.1,50.1,1000,50100.0,49.915000000000006,50.122499999999995,50.32833333333333,0.0012226142579052635,-0.039472811152026416,0.04069542540993168
2025-04-09 09:05:00,49.9,49.9,49.9,49.9,2000,99800.0,49.92,50.1125,50.32541666666667,-0.007203837601458929,-0.03301901644191292,0.025815178840453992
2025-04-09 09:06:00,49.9,50.1,49.9,49.9,5000,250100.0,49.905,50.11083333333333,50.32333333333333,-0.013723663558494081,-0.029159945865229152,0.01543628230673507
2025-04-09 09:07:00,49.9,50.1,49.9,50.1,4000,200000.0,49.92,50.0925,50.32208333333333,-0.0027209783275949917,-0.02387215235770232,0.021151174030107328
2025-04-09 09:28:00,49.75,49.9,49.75,49.9,4000,199150.0,49.93,50.09333333333334,50.31916666666666,-0.010024048550356213,-0.021102531596233102,0.01107848304587689
2025-04-09 09:29:00,50.1,50.1,50.1,50.1,1000,50100.0,49.955,50.0975,50.315416666666664,0.0003228229110092684,-0.01681746069478463,0.017140283605793897
2025-04-09 09:37:00,49.3,49.45,49.3,49.45,8000,394700.0,49.927499999999995,50.08833333333333,50.30979166666667,-0.04342618460969305,-0.022139205477766315,-0.021286979131926738
2025-04-09 09:38:00,49.45,49.45,49.45,49.45,4000,197800.0,49.9,50.060833333333335,50.305416666666666,-0.07720758725856314,-0.03315288183392569,-0.04405470542463745
2025-04-09 09:39:00,50.1,50.1,50.1,50.1,1000,50100.0,49.905,50.065000000000005,50.3025,-0.05094278776969219,-0.03671086302107899,-0.0142319247486132
2025-04-09 09:54:00,49.35,49.5,49.35,49.5,4000,197550.0,49.875,50.038333333333334,50.29708333333333,-0.07764765668558482,-0.04489822175398016,-0.03274943493160466
2025-04-09 09:55:00,50.0,50.0,50.0,50.0,1000,50000.0,49.910000000000004,50.02,50.29375,-0.05779936131559538,-0.047478449666303206,-0.01032091164929217
2025-04-09 09:58:00,49.0,49.15,49.0,49.15,8000,392300.0,49.8625,49.9875,50.28729166666666,-0.10939628817595093,-0.05986201736823275,-0.049534270807718175
2025-04-09 09:59:00,48.7,49.45,48.7,49.3,12000,588600.0,49.8625,49.97583333333333,50.28145833333334,-0.13660873756026604,-0.07521136140663942,-0.061397376153626615
2025-04-09 10:00:00,48.45,49.35,48.45,49.35,4000,194700.0,49.825,49.96166666666667,50.27666666666667,-0.1523836339433089,-0.09064581591397333,-0.06173781802933556
2025-04-09 10:02:00,49.0,49.4,49.0,49.4,18000,886400.0,49.8,49.93666666666666,50.27125,-0.15901771362867123,-0.10432019545691293,-0.0546975181717583
2025-04-09 10:03:00,48.0,49.35,48.0,49.35,4000,193350.0,49.772499999999994,49.928333333333335,50.265625,-0.16639179071972876,-0.11673451450947611,-0.04965727621025265
2025-04-09 10:10:00,48.85,49.0,48.85,49.0,4000,195550.0,49.7175,49.91166666666667,50.25895833333334,-0.19819322672303485,-0.1330262569521879,-0.06516696977084696
2025-04-09 10:11:00,49.35,49.35,49.35,49.35,1000,49350.0,49.68,49.90083333333334,50.25416666666667,-0.19293004152080329,-0.14500701386591097,-0.047923027654892314
2025-04-09 10:13:00,47.5,47.65,47.5,47.65,9000,427950.0,49.5575,49.85833333333334,50.24104166666667,-0.3222203660316296,-0.18044968429905472,-0.1417706817325749
2025-04-09 10:14:00,48.0,49.4,48.0,49.4,5000,242750.0,49.522499999999994,49.848333333333336,50.23645833333333,-0.28024303775913495,-0.2004083549910708,-0.07983468276806416
2025-04-09 10:15:00,48.3,48.45,48.3,48.45,5000,241800.0,49.44,49.81916666666667,50.22708333333333,-0.31994464053413907,-0.22431561209968448,-0.09562902843445459
2025-04-09 10:16:00,49.4,49.4,49.4,49.4,1000,49400.0,49.415,49.82083333333334,50.22166666666667,-0.2716203163204369,-0.233776552943835,-0.03784376337660192
2025-04-09 10:24:00,49.45,49.45,49.45,49.45,1000,49450.0,49.3925,49.80833333333333,50.217708333333334,-0.2266753863373907,-0.23235631962254616,0.005680933285155454
2025-04-09 10:32:00,48.85,48.85,48.85,48.85,3000,146550.0,49.33,49.785833333333336,50.21,-0.23674217468300895,-0.23323349063463875,-0.0035086840483702086
2025-04-09 10:33:00,49.5,49.5,49.5,49.5,1000,49500.0,49.31,49.7775,50.20666666666667,-0.19007949119671963,-0.22460269074705494,0.03452319955033531
2025-04-09 10:37:00,49.5,49.5,49.5,49.5,1000,49500.0,49.28,49.76583333333333,50.20166666666667,-0.15135426064538393,-0.20995300472672074,0.05859874408133681
2025-04-09 10:41:00,48.8,48.8,48.8,48.8,300,14640.0,49.2475,49.7425,50.19416666666666,-0.1751296012602097,-0.20298832403341857,0.02785872277320886
2025-04-09 10:42:00,49.5,49.5,49.5,49.5,1000,49500.0,49.25,49.73083333333334,50.18999999999999,-0.13592077010361692,-0.18957481324745826,0.05365404314384134
2025-04-09 10:47:00,49.0,49.0,49.0,49.0,3000,147000.0,49.195,49.71083333333333,50.183749999999996,-0.14353868563501493,-0.1803675877249696,0.03682890208995468
2025-04-09 10:48:00,49.15,49.15,49.15,49.15,1000,49150.0,49.177499999999995,49.69333333333334,50.178958333333334,-0.13590555751135724,-0.17147518168224715,0.03556962417088991
2025-04-09 10:55:00,48.8,49.0,48.8,49.0,3000,146600.0,49.1275,49.67333333333333,50.173125000000006,-0.1403422171579365,-0.16524858877738505,0.02490637161944856
2025-04-09 11:02:00,47.85,48.0,47.85,48.0,13000,622650.0,49.07,49.64833333333333,50.162708333333335,-0.22199097081655594,-0.17659706518521925,-0.04539390563133669
2025-04-09 11:04:00,46.7,47.0,46.7,47.0,6000,281100.0,48.955,49.598333333333336,50.149375,-0.36320306019791104,-0.2139182641877576,-0.14928479601015343
2025-04-09 11:05:00,48.0,48.0,48.0,48.0,1000,48000.0,48.8875,49.561666666666675,50.138958333333335,-0.3899281665770573,-0.2491202446656176,-0.1408079219114397
2025-04-09 11:20:00,48.0,48.0,48.0,48.0,6000,288000.0,48.8175,49.528333333333336,50.12979166666667,-0.4064230144059877,-0.2805807986136917,-0.12584221579229604
2025-04-09 11:21:00,48.15,48.15,48.0,48.15,7000,336600.0,48.7575,49.49416666666666,50.120416666666664,-0.4027489149624941,-0.3050144218834522,-0.09773449307904192
2025-04-09 11:45:00,46.85,47.0,46.85,47.0,7000,328100.0,48.6575,49.44833333333333,50.107083333333335,-0.487018507535673,-0.34141523901389637,-0.14560326852177663
2025-04-09 11:46:00,48.1,48.1,48.1,48.1,1000,48100.0,48.595,49.413333333333334,50.09708333333334,-0.4597423363889064,-0.3650806584888984,-0.09466167790000796
2025-04-09 12:23:00,47.55,47.7,47.55,47.7,6000,285750.0,48.597500000000004,49.37166666666667,50.08624999999999,-0.465041719833593,-0.38507287075783736,-0.07996884907575563
2025-04-09 12:24:00,48.1,48.1,48.1,48.1,1000,48100.0,48.532500000000006,49.336666666666666,50.076249999999995,-0.43198520578217625,-0.3944553377627052,-0.03752986801947106
2025-04-09 12:40:00,47.55,47.7,47.55,47.7,5000,238050.0,48.495,49.28333333333333,50.06458333333333,-0.43307215111759945,-0.40217870043368403,-0.030893450683915413
2025-04-09 12:44:00,47.85,47.85,47.85,47.85,1000,47850.0,48.417500000000004,49.25083333333334,50.05354166666666,-0.4170226393306251,-0.4051474882130723,-0.011875151117552829
2025-04-09 13:48:00,46.55,47.85,46.55,47.85,3000,140950.0,48.3375,49.211666666666666,50.04083333333333,-0.3996958407587101,-0.4040571587221999,0.004361317963489764
2025-04-09 14:20:00,46.7,47.8,46.7,47.8,3000,141200.0,48.285,49.178333333333335,50.030416666666675,-0.3855543793048213,-0.40035660283872415,0.01480222353390287
2025-04-09 14:39:00,47.8,47.8,47.8,47.8,1000,47800.0,48.2,49.14666666666666,50.01916666666667,-0.37008110461241017,-0.3943015031934614,0.02422039858105124
2025-04-10 09:01:00,47.85,48.2,47.85,48.2,6000,288150.0,48.135,49.123333333333335,50.010416666666664,-0.321831888205395,-0.37980758019584815,0.05797569199045316
2025-04-10 09:02:00,49.65,49.65,49.5,49.65,9000,446400.0,48.177499999999995,49.11749999999999,50.00604166666667,-0.16469268004370718,-0.33678460016542,0.17209192012171282
2025-04-10 09:03:00,50.1,50.1,50.1,50.1,1000,50100.0,48.207499999999996,49.119166666666665,50.004375,-0.003803640258404073,-0.27018840818401685,0.2663847679256128
2025-04-10 09:05:00,50.1,50.1,50.1,50.1,2000,100200.0,48.2625,49.12083333333333,50.00354166666666,0.12229237256777736,-0.191692252033658,0.3139846246014354
2025-04-10 09:06:00,50.5,50.5,50.5,50.5,1000,50500.0,48.33,49.127500000000005,50.00395833333333,0.2516007316473434,-0.10303365529745771,0.35463438694480115
2025-04-10 09:07:00,50.5,50.5,50.5,50.5,3000,151500.0,48.405,49.1475,50.00395833333333,0.35004345478207455,-0.012418233281551238,0.3624616880636258
2025-04-10 09:08:00,50.3,50.3,50.3,50.3,3000,150900.0,48.52,49.15083333333333,50.00395833333334,0.40722742926333666,0.07151089922742637,0.3357165300359103
2025-04-10 09:09:00,51.0,51.0,51.0,51.0,1000,51000.0,48.720000000000006,49.17916666666667,50.00604166666667,0.5032293758881039,0.1578545945595619,0.345374781328542
2025-04-10 09:22:00,50.3,51.0,50.3,51.0,3000,151600.0,48.870000000000005,49.19416666666666,50.008125,0.572709768532718,0.2408256293541932,0.3318841391785249
2025-04-10 09:54:00,50.3,50.3,50.3,50.3,1000,50300.0,48.985,49.200833333333335,50.009375,0.5647789107068988,0.30561628562473436,0.2591626250821644
2025-04-10 10:09:00,50.7,50.7,50.7,50.7,1000,50700.0,49.1125,49.214166666666664,50.01020833333334,0.5840378806643685,0.3613006046326612,0.22273727603170723
2025-04-10 10:37:00,50.5,50.5,50.5,50.5,1232,62216.0,49.2875,49.22083333333333,50.011041666666664,0.5765166989425552,0.4043438234946401,0.1721728754479151
2025-04-10 10:38:00,50.3,50.5,50.3,50.5,6000,302400.0,49.407500000000006,49.22749999999999,50.011041666666664,0.5640540443292679,0.4362858676615657,0.12776817666770218
2025-04-10 11:03:00,50.7,50.7,50.7,50.7,1000,50700.0,49.5575,49.2375,50.011874999999996,0.5638163058792074,0.46179195530509404,0.10202435057411335
2025-04-10 11:43:00,50.3,50.5,50.3,50.5,5000,251900.0,49.677499999999995,49.244166666666665,50.01270833333333,0.5412503705593039,0.477683638355936,0.06356673220336789
2025-04-10 11:54:00,50.3,50.3,50.3,50.3,1000,50300.0,49.807500000000005,49.247499999999995,50.011875,0.5014479953592783,0.4824365097566045,0.019011485602673794
2025-04-10 12:06:00,50.7,50.7,50.7,50.7,1000,50700.0,49.95,49.26083333333334,50.011874999999996,0.49645812310445336,0.48524083242617433,0.011217290678279035
2025-04-10 12:26:00,50.3,50.3,50.3,50.3,1000,50300.0,50.072500000000005,49.2675,50.010625000000005,0.45498220469278294,0.4791891068794961,-0.024206902186713175
2025-04-10 12:27:00,50.3,50.7,50.3,50.7,2000,101000.0,50.2175,49.2775,50.011041666666664,0.44921067653899627,0.4731934208113962,-0.023982744272399936
2025-04-10 12:28:00,50.4,50.4,50.4,50.4,55000,2772000.0,50.3475,49.285833333333336,50.01145833333333,0.41563799007617774,0.46168233466435254,-0.0460443445881748
2025-04-10 12:29:00,50.4,50.4,50.4,50.4,26000,1310400.0,50.4575,49.29083333333333,50.011041666666664,0.38459798797482136,0.44626546532644634,-0.06166747735162498
2025-04-10 12:31:00,50.7,50.7,50.7,50.7,1000,50700.0,50.51,49.311666666666675,50.011874999999996,0.37982763888715,0.4329779000385871,-0.05315026115143712
2025-04-10 12:34:00,50.6,50.6,50.6,50.6,80000,4048000.0,50.535000000000004,49.33083333333333,50.013124999999995,0.3637844578197402,0.41913921159481776,-0.055354753775077536
2025-04-10 12:44:00,50.7,50.7,50.7,50.7,1000,50700.0,50.565000000000005,49.34083333333333,50.013958333333335,0.355046530113718,0.40632067529859783,-0.05127414518487983
2025-04-10 12:51:00,50.4,50.4,50.4,50.4,1000,50400.0,50.56,49.35583333333333,50.014375,0.3202228371233744,0.3891011076635532,-0.06887827054017881
2025-04-10 12:59:00,50.4,50.4,50.3,50.3,4000,201400.0,50.55,49.36083333333333,50.014374999999994,0.2813128458959113,0.36754345531002486,-0.08623060941411353
2025-04-10 13:02:00,50.3,50.5,50.3,50.5,10000,504000.0,50.56,49.38333333333333,50.015208333333334,0.2635763815906813,0.34675004056615616,-0.08317365897547485
2025-04-10 13:25:00,50.5,50.5,50.5,50.5,1000,50500.0,50.535000000000004,49.403333333333336,50.01604166666666,0.24667657187471548,0.32673534682786803,-0.08005877495315256
2025-04-10 14:05:00,50.3,50.3,50.3,50.3,1000,50300.0,50.5,49.41916666666666,50.015208333333334,0.21467043523828977,0.3043223645099524,-0.08965192927166266
2025-04-11 09:01:00,50.2,50.2,50.2,50.2,1000,50200.0,50.495,49.432500000000005,50.01395833333333,0.17917080755745474,0.2792920531194529,-0.10012124556199814
2025-04-11 09:03:00,49.55,49.7,49.5,49.5,8000,396550.0,50.435,49.434999999999995,50.01145833333333,0.09347542054189972,0.24212872660394225,-0.14865330606204252
2025-04-11 09:07:00,49.0,49.0,49.0,49.0,3000,147000.0,50.36,49.434999999999995,50.00604166666666,-0.01461612678414781,0.19077975592632423,-0.20539588271047204
2025-04-11 09:15:00,49.65,49.65,49.65,49.65,1000,49650.0,50.3175,49.440000000000005,50.003750000000004,-0.04728481911328686,0.143166840918402,-0.19045166003168887
2025-04-11 09:34:00,49.0,49.0,49.0,49.0,3000,147000.0,50.2325,49.4625,49.99875,-0.124192941945374,0.0896948843456468,-0.21388782629102082
2025-04-11 09:35:00,49.0,49.0,49.0,49.0,1000,49000.0,50.1575,49.45583333333334,49.99458333333334,-0.18303328955517628,0.035149249565482175,-0.21818253912065846
2025-04-11 09:47:00,49.1,50.0,49.0,50.0,12000,590200.0,50.1425,49.48166666666667,49.99333333333334,-0.14727534777306062,-0.0013356699022263928,-0.14593967787083423
2025-04-11 11:54:00,49.8,49.85,49.65,49.65,8000,398050.0,50.089999999999996,49.485833333333325,49.991458333333334,-0.14550174269848526,-0.03016888446147818,-0.11533285823700708
2025-04-11 12:15:00,49.75,49.75,49.75,49.75,1000,49750.0,50.0625,49.49083333333333,49.98833333333334,-0.13447681857796567,-0.05103047128477569,-0.08344634729318998
2025-04-11 12:18:00,49.75,49.75,49.75,49.75,1000,49750.0,50.015,49.505833333333335,49.98520833333334,-0.12430655815786906,-0.06568568865939436,-0.0586208694984747
2025-04-11 14:23:00,49.75,49.85,49.5,49.85,10000,496550.0,49.9875,49.51166666666667,49.9825,-0.1069445984765025,-0.073937470622816,-0.03300712785368651
2025-04-11 14:24:00,49.7,50.0,49.7,50.0,7740,385428.0,49.967499999999994,49.52,49.98125,-0.08015736968367548,-0.0751814504349879,-0.00497591924868758
2025-04-14 09:01:00,50.0,50.0,50.0,50.0,5002,250100.0,49.9325,49.54,49.979166666666664,-0.05825675031968558,-0.07179651041192744,0.013539760092241865
2025-04-14 09:05:00,49.85,49.85,49.85,49.85,3000,149550.0,49.894999999999996,49.545833333333334,49.977291666666666,-0.0524000627801513,-0.06791722088557221,0.015517158105420911
2025-04-14 09:07:00,50.0,50.9,50.0,50.9,4000,200900.0,49.904999999999994,49.5775,49.97895833333334,0.0365463455517272,-0.04702450759811233,0.08357085314983953
2025-04-14 09:08:00,50.0,50.0,50.0,50.0,3000,150000.0,49.885,49.59166666666667,49.976875,0.034022348141647285,-0.03081513645016041,0.06483748459180769
2025-04-14 09:10:00,50.3,50.3,50.3,50.3,1000,50300.0,49.885000000000005,49.61333333333333,49.977291666666666,0.05558876215778241,-0.013534356728571841,0.06912311888635425
2025-04-14 09:25:00,49.85,49.85,49.85,49.85,2000,99700.0,49.8525,49.64416666666666,49.975833333333334,0.035954599211365235,-0.0036365655405844236,0.03959116475194966
2025-04-14 09:26:00,50.2,50.2,50.2,50.2,1000,50200.0,49.8375,49.6975,49.975,0.04808219691189919,0.006707186949912302,0.04137500996198688
2025-04-14 12:07:00,49.85,50.2,49.85,50.2,41000,2047200.0,49.8325,49.73416666666666,49.975,0.057035930758054576,0.01677293571154076,0.040262995046513816
2025-04-14 12:10:00,49.85,50.2,49.8,50.0,23751,1186050.0,49.822500000000005,49.7675,49.974583333333335,0.047446566326883044,0.022907661834609218,0.024538904492273826
2025-04-14 12:55:00,49.85,49.85,49.85,49.85,2000,99700.0,49.84,49.795833333333334,49.97354166666666,0.027427017939764653,0.023811533055640308,0.0036154848841243453
2025-04-14 13:03:00,49.85,50.0,49.85,50.0,7000,349400.0,49.89,49.84583333333333,49.97229166666667,0.02339543993915072,0.02372831443234239,-0.0003328744931916719
2025-04-14 13:48:00,49.9,49.9,49.9,49.9,50000,2495000.0,49.9025,49.875833333333325,49.97145833333333,0.011992973529103779,0.02138124625169467,-0.009388272722590893
2025-04-14 13:49:00,49.9,49.9,49.9,49.9,50000,2495000.0,49.947500000000005,49.9125,49.969791666666666,0.0029227451619249223,0.017689546033740722,-0.0147668008718158
2025-04-14 13:52:00,50.1,50.1,50.1,50.1,20000,1002000.0,50.002500000000005,49.94583333333333,49.97020833333333,0.011737549202898379,0.016499146667572254,-0.004761597464673875
2025-04-14 13:53:00,50.1,50.1,50.1,50.1,72000,3607200.0,50.00750000000001,49.985833333333325,49.970625000000005,0.018509973460595575,0.01690131202617692,0.0016086614344186546
2025-04-14 13:54:00,50.1,50.2,50.0,50.0,14000,701200.0,50.025,50.02166666666666,49.969791666666666,0.015627856016223518,0.01664662082418624,-0.001018764807962723
2025-04-14 14:08:00,50.3,50.4,50.1,50.2,10000,502800.0,50.0475,50.060833333333335,49.969791666666666,0.02914610752257829,0.019146518163864652,0.009999589358713638
2025-04-14 14:09:00,50.4,50.6,50.2,50.5,9300,468790.0,50.085,50.10583333333333,49.970625,0.06333680477089842,0.02798457548527141,0.035352229285627014
2025-04-14 14:10:00,51.0,51.0,50.8,50.8,14000,713000.0,50.13250000000001,50.155833333333334,49.973958333333336,0.11333422506777424,0.045054505401771985,0.06827971966600226
2025-04-14 14:12:00,51.1,51.1,51.1,51.1,1000,51100.0,50.1875,50.204166666666666,49.97770833333334,0.1751460589178251,0.07107281610498262,0.10407324281284247
2025-04-14 14:27:00,50.6,50.6,50.6,50.6,3000,151800.0,50.2175,50.220000000000006,49.98083333333333,0.1816921275021386,0.09319667838441383,0.08849544911772476
2025-04-14 14:55:00,50.5,50.5,50.5,50.5,3000,151500.0,50.25,50.22666666666667,49.98291666666667,0.17677304018214102,0.10991195074395926,0.06686108943818175
2025-04-15 09:01:00,50.8,50.8,50.8,50.8,2000,101600.0,50.245000000000005,50.23833333333333,49.98416666666667,0.19483617074131843,0.12689679474343113,0.0679393759978873
2025-04-15 09:14:00,50.0,50.0,50.0,50.0,3000,150000.0,50.245000000000005,50.23,49.98125,0.14295017706839985,0.13010747120842486,0.01284270585997499
2025-04-15 09:15:00,50.0,50.0,50.0,50.0,2000,100000.0,50.230000000000004,50.221666666666664,49.98041666666667,0.100669695677162,0.12421991610217228,-0.023550220425010288
2025-04-15 09:34:00,50.2,50.2,50.2,50.2,1000,50200.0,50.247499999999995,50.220000000000006,49.98125,0.08235114534866739,0.11584616195147132,-0.033495016602803934
2025-04-15 09:36:00,50.0,50.0,50.0,50.0,3000,150000.0,50.2375,50.20333333333334,49.97958333333333,0.05110611423263123,0.10289815240770332,-0.051792038175072094
2025-04-15 09:37:00,50.3,50.3,50.3,50.3,1000,50300.0,50.2425,50.19166666666667,49.98083333333333,0.04997560707069226,0.09231364334030112,-0.04233803626960886
2025-04-15 09:58:00,50.0,50.0,50.0,50.0,2000,100000.0,50.2425,50.18666666666666,49.97958333333334,0.024588735566943853,0.07876866178562968,-0.05417992621868582
2025-04-15 11:53:00,50.2,50.2,50.2,50.2,1000,50200.0,50.26,50.178333333333335,49.979166666666664,0.02037293896923842,0.06708951722235143,-0.04671657825311301
2025-04-15 12:47:00,49.85,49.85,49.85,49.85,1000,49850.0,50.2525,50.167500000000004,49.97770833333333,-0.011082433738032194,0.0514551270302747,-0.0625375607683069
2025-04-15 13:13:00,50.1,50.2,50.1,50.2,4000,200500.0,50.2675,50.1625,49.978541666666665,-0.007680433052975388,0.03962801501362469,-0.047308448066600076
2025-04-16 09:04:00,50.2,50.2,50.2,50.2,1000,50200.0,50.2825,50.15416666666667,49.97854166666666,-0.004927521598268925,0.030716907691245965,-0.03564442928951489
2025-04-16 09:12:00,49.85,49.85,49.85,49.85,2000,99700.0,50.269999999999996,50.14333333333333,49.97583333333333,-0.030634755967383853,0.01844657495952,-0.04908133092690385
2025-04-16 09:13:00,49.85,49.85,49.85,49.85,1000,49850.0,50.2575,50.13583333333334,49.974375,-0.050426637527607454,0.004671932462094505,-0.05509856998970196
2025-04-16 09:14:00,50.1,50.1,49.9,50.1,9000,450300.0,50.2625,50.125833333333325,49.97479166666667,-0.04541541496051593,-0.005345537022427586,-0.04006987793808835
2025-04-16 09:15:00,50.2,50.9,50.2,50.9,5000,252400.0,50.2975,50.13583333333334,49.97770833333333,0.022845974970515215,0.0002927653761609758,0.02255320959435424
2025-04-16 09:20:00,49.9,49.9,49.9,49.9,6000,299400.0,50.2675,50.122499999999995,49.975625,-0.0037053118353327363,-0.0005068500661377669,-0.0031984617691949695
2025-04-16 09:21:00,50.1,50.8,50.1,50.8,4000,201100.0,50.2675,50.12916666666667,49.978125,0.047329495502943075,0.009060419047678405,0.03826907645526467
2025-04-16 10:19:00,50.2,50.2,50.2,50.2,1000,50200.0,50.222500000000004,50.12583333333334,49.97770833333333,0.038911415833474905,0.01503061840483771,0.023880797428637197
2025-04-16 10:24:00,50.4,50.4,50.4,50.4,1000,50400.0,50.2125,50.12083333333333,49.978125,0.04782703528520926,0.021589901780912024,0.02623713350429724
2025-04-16 10:28:00,50.0,50.0,50.0,50.0,2000,100000.0,50.1875,50.11083333333333,49.97770833333333,0.02235833787235464,0.02174358899920055,0.000614748873154089
2025-04-16 10:30:00,50.3,50.3,50.3,50.3,1000,50300.0,50.1625,50.104166666666664,49.978541666666665,0.026081058271145707,0.022611082853589586,0.0034699754175561218
2025-04-16 12:24:00,49.95,49.95,49.95,49.95,1000,49950.0,50.16,50.09666666666667,49.97708333333333,0.0007802715947420324,0.018244920601820074,-0.017464649007078042
2025-04-16 12:25:00,50.3,50.3,50.3,50.3,1000,50300.0,50.175,50.096666666666664,49.9775,0.008869053867137211,0.0163697472548835,-0.007500693387746289
2025-04-16 14:58:00,50.2,50.2,50.2,50.2,1000,50200.0,50.175,50.09166666666667,49.97666666666667,0.0071281390792137245,0.014521425619749544,-0.00739328654053582
2025-04-17 09:01:00,50.3,50.3,50.3,50.3,2000,100600.0,50.190000000000005,50.08833333333333,49.975833333333334,0.013660150124813697,0.014349170520762377,-0.0006890203959486804
2025-04-17 09:13:00,49.9,49.9,49.9,49.9,2000,99800.0,50.17,50.08166666666667,49.97416666666666,-0.013286680538890039,0.008822000308831892,-0.022108680847721933
2025-04-17 09:14:00,50.4,50.4,50.4,50.4,1000,50400.0,50.19,50.085,49.97291666666667,0.005638585243552541,0.008185317295776023,-0.002546732052223482
2025-04-17 09:17:00,50.0,50.0,50.0,50.0,2000,100000.0,50.18,50.093333333333334,49.97,-0.011507016610586618,0.004246850514503494,-0.015753867125090113
2025-04-17 09:18:00,50.4,50.4,50.4,50.4,1000,50400.0,50.207499999999996,50.11666666666667,49.969583333333325,0.007099785544838255,0.004817437520570447,0.0022823480242678083
2025-04-17 09:34:00,49.9,50.1,49.9,50.1,5000,249900.0,50.2025,50.12416666666666,49.967499999999994,-0.0023347687270671713,0.003386996271042923,-0.005721764998110094
2025-04-17 09:35:00,49.85,49.85,49.85,49.85,3000,149550.0,50.185,50.13833333333333,49.965625,-0.02964292641899391,-0.0032189882669644452,-0.026423938152029463
2025-04-17 09:36:00,50.3,50.3,50.3,50.3,1000,50300.0,50.207499999999996,50.16,49.96395833333333,-0.014802959637236768,-0.005535782541018911,-0.009267177096217858
2025-04-18 09:01:00,49.65,49.8,49.65,49.8,4000,198750.0,50.205,50.15666666666666,49.96229166666667,-0.042893550225464594,-0.013007336077908051,-0.029886214147556545
2025-04-18 09:02:00,49.8,50.2,49.8,50.2,3000,149800.0,50.209999999999994,50.16583333333334,49.962291666666665,-0.03250420039884716,-0.016906708942095876,-0.015597491456751284
2025-04-18 09:25:00,50.2,50.2,50.2,50.2,1000,50200.0,50.175,50.17333333333333,49.960625,-0.023993978165478325,-0.018324162786772367,-0.005669815378705957
2025-04-18 10:33:00,50.0,50.0,50.0,50.0,1000,50000.0,50.18,50.1775,49.95979166666667,-0.03300740543943448,-0.02126081131730479,-0.011746594122129687
2025-04-18 10:35:00,50.2,50.2,50.2,50.2,1000,50200.0,50.15,50.18333333333333,49.95895833333334,-0.023738638711748195,-0.021756376796193473,-0.0019822619155547214
2025-04-18 10:37:00,50.0,50.2,50.0,50.2,4000,200200.0,50.15,50.18666666666666,49.957708333333336,-0.0162062586406293,-0.02064635316508064,0.004440094524451339
2025-04-18 10:38:00,50.3,50.3,50.3,50.3,1000,50300.0,50.144999999999996,50.19166666666667,49.95854166666667,-0.0021429265776120587,-0.016945667847586925,0.014802741269974867
2025-04-18 10:46:00,50.3,50.3,50.1,50.1,6000,301600.0,50.15,50.19583333333333,49.95729166666667,-0.007054641609975931,-0.014967462600064726,0.007912820990088795
2025-04-18 10:54:00,50.1,50.1,50.1,50.1,58000,2905800.0,50.14,50.1825,49.95520833333333,-0.010822456616985221,-0.014138461403448826,0.003316004786463605
2025-04-18 10:55:00,50.1,50.1,50.1,50.1,42000,2104200.0,50.1475,50.18416666666666,49.953541666666666,-0.013651115592658414,-0.014040992241290745,0.00038987664863233094
2025-04-18 10:57:00,50.4,50.4,50.4,50.4,1000,50400.0,50.152499999999996,50.185833333333335,49.953958333333325,0.00821989080068164,-0.009588815632896267,0.017808706433577907
2025-04-18 10:59:00,50.3,50.3,50.3,50.3,100000,5030000.0,50.1575,50.19333333333334,49.953125,0.017284412723661546,-0.004214169961584704,0.02149858268524625
2025-04-18 11:00:00,50.4,50.4,50.4,50.4,2000,100800.0,50.1625,50.196666666666665,49.951875,0.03216648075193973,0.003061960181120185,0.029104520570819546
2025-04-18 11:16:00,50.0,50.0,50.0,50.0,2000,100000.0,50.167500000000004,50.193333333333335,49.95104166666667,0.011550819170082605,0.004759731978912669,0.006791087191169935
2025-04-18 11:18:00,50.4,50.4,50.4,50.4,1000,50400.0,50.167500000000004,50.2,49.95020833333333,0.027176146202293694,0.009243014823588877,0.017933131378704815
2025-04-18 11:54:00,50.0,50.0,50.0,50.0,2000,100000.0,50.167500000000004,50.2025,49.94895833333333,0.007199679960272931,0.008834347850925689,-0.0016346678906527575
2025-04-18 11:58:00,50.4,50.4,50.4,50.4,1000,50400.0,50.167500000000004,50.20916666666667,49.948541666666664,0.02337538669418393,0.011742555619577339,0.011632831074606591
2025-04-18 12:00:00,50.4,50.4,50.2,50.2,4000,201000.0,50.1725,50.214166666666664,49.947291666666665,0.019827859073238585,0.01335961631030959,0.006468242762928995
2025-04-18 12:32:00,50.0,50.2,50.0,50.2,6000,300600.0,50.19,50.219166666666666,49.94770833333333,0.016822498583060508,0.014052192764859774,0.0027703058182007335
2025-04-21 09:01:00,50.4,50.4,50.4,50.4,3000,151200.0,50.195,50.22416666666667,49.948125000000005,0.03023057798724693,0.01728786980933721,0.012942708177909722
2025-04-21 09:03:00,50.2,50.2,50.2,50.2,2000,100400.0,50.214999999999996,50.225833333333334,49.948541666666664,0.024436559537683422,0.018717607755006454,0.005718951782676968
2025-04-21 09:06:00,50.2,50.2,50.2,50.2,1000,50200.0,50.215,50.229166666666664,49.94895833333333,0.019618607082470874,0.01889780762049934,0.0007207994619715351
2025-04-21 09:28:00,50.4,50.4,50.4,50.4,1000,50400.0,50.225,50.232499999999995,49.948125,0.03157470009240626,0.021433186114880726,0.010141513977525534
2025-04-21 10:34:00,50.4,50.4,50.4,50.4,1000,50400.0,50.245,50.23083333333333,49.948541666666664,0.04058218378858669,0.02526298564962192,0.01531919813896477
2025-04-21 10:35:00,49.75,49.75,49.75,49.75,1000,49750.0,50.222500000000004,50.21333333333334,49.945,-0.004674997746185738,0.01927538897046039,-0.02395038671664613
2025-04-21 10:36:00,49.75,49.75,49.75,49.75,1000,49750.0,50.2,50.19083333333333,49.94229166666666,-0.040079627179451904,0.007404385740477928,-0.04748401291992983
2025-04-21 10:38:00,50.3,50.3,50.3,50.3,1000,50300.0,50.2,50.185833333333335,49.941875,-0.02348690520061325,0.0012261275522596911,-0.02471303275287294
2025-04-22 09:01:00,50.4,50.4,50.4,50.4,1000,50400.0,50.215,50.18416666666666,49.94104166666667,-0.0022420443317230365,0.0005324931754631454,-0.002774537507186182
2025-04-22 09:32:00,49.9,49.9,49.9,49.9,1000,49900.0,50.205,50.16916666666667,49.939375000000005,-0.025457699840913506,-0.004665545427812187,-0.020792154413101317
2025-04-22 09:38:00,50.4,50.4,50.4,50.4,1000,50400.0,50.22,50.17583333333334,49.939791666666665,-0.003470447606339633,-0.004426525863517676,0.0009560782571780436
2025-04-22 11:22:00,49.9,49.9,49.9,49.9,3000,149700.0,50.195,50.17416666666667,49.93729166666666,-0.02609045856094383,-0.008759312403002909,-0.017331146157940923
2025-04-22 11:27:00,50.1,50.1,50.1,50.1,1000,50100.0,50.185,50.1725,49.93729166666666,-0.027560946248335938,-0.012519639172069517,-0.01504130707626642
2025-04-22 11:28:00,50.1,50.3,50.1,50.3,3000,150500.0,50.17999999999999,50.1775,49.936458333333334,-0.012444536929358208,-0.012504618723527258,6.008179416904999e-05
2025-04-22 11:39:00,50.1,50.1,50.1,50.1,1000,50100.0,50.184999999999995,50.17416666666667,49.935624999999995,-0.016413794164584772,-0.013286453811738763,-0.0031273403528460086
2025-04-22 11:40:00,50.3,50.3,50.3,50.3,2000,100600.0,50.18,50.17916666666667,49.93479166666667,-0.0033821433470038187,-0.011305591718791775,0.007923448371787956
2025-04-22 11:56:00,50.1,50.1,50.1,50.1,1000,50100.0,50.184999999999995,50.1775,49.93479166666667,-0.0090880335230068,-0.010862080079634781,0.0017740465566279812
2025-04-22 12:00:00,50.4,50.4,50.4,50.4,2000,100800.0,50.185,50.18666666666666,49.934375,0.010476730966146874,-0.0065943178704784495,0.017071048836625323
2025-04-22 12:04:00,50.4,50.4,50.2,50.4,7000,352200.0,50.195,50.190000000000005,49.93479166666667,0.0256858572073142,-0.00013828285491991786,0.02582414006223412
2025-04-22 13:01:00,50.0,50.0,50.0,50.0,1000,50000.0,50.185,50.18666666666666,49.93270833333334,0.005400291074820984,0.0009694319310282629,0.004430859143792721
2025-04-22 13:03:00,50.4,50.4,50.4,50.4,1000,50400.0,50.185,50.19583333333333,49.92604166666667,0.021354331386113756,0.005046411822045363,0.016307919564068393
2025-04-22 13:18:00,50.0,50.4,50.0,50.1,6000,300700.0,50.18,50.2,49.926458333333336,0.009678957483146178,0.0059729209542655265,0.0037060365288806513
2025-04-22 13:19:00,50.0,50.0,50.0,50.0,3000,150000.0,50.17,50.19833333333334,49.924375000000005,-0.007555924719831353,0.0032671518194461505,-0.010823076539277504
2025-04-22 13:20:00,50.3,50.3,50.1,50.1,4000,200600.0,50.155,50.184999999999995,49.92479166666667,-0.012995722175510593,1.4577020454800869e-05,-0.013010299195965394
2025-04-22 13:21:00,50.3,50.3,50.3,50.3,1000,50300.0,50.15,50.19166666666667,49.92104166666666,-0.0011551563966207823,-0.00021936966296031584,-0.0009357867336604664
2025-04-22 13:55:00,50.0,50.0,50.0,50.0,50000,2500000.0,50.1625,50.17833333333333,49.92166666666666,-0.015796819602364565,-0.0033348596508411665,-0.012461959951523398
2025-04-22 14:00:00,50.2,50.2,50.2,50.2,15000,753000.0,50.185,50.17833333333333,49.923125000000006,-0.011133771463249786,-0.004894642013322892,-0.006239129449926895
2025-04-22 14:01:00,50.2,50.2,50.2,50.2,35000,1757000.0,50.18,50.175,49.92395833333333,-0.007353505582599951,-0.005386414727178304,-0.001967090855421647
2025-04-22 14:02:00,50.3,50.3,50.3,50.3,1000,50300.0,50.175,50.17999999999999,49.920625,0.00366924980062322,-0.003575281821617999,0.007244531622241219
2025-04-22 14:46:00,50.0,50.0,50.0,50.0,1000,50000.0,50.18,50.175,49.92125,-0.01166812703361586,-0.005193850864017573,-0.006474276169598288
2025-04-22 14:56:00,50.3,50.3,50.3,50.3,1000,50300.0,50.175,50.18083333333333,49.91791666666666,0.0003800036749836977,-0.004079079956217318,0.004459083631201016
2025-04-23 09:01:00,50.3,50.3,50.3,50.3,1000,50300.0,50.195,50.18083333333334,49.91458333333333,0.009815091795111641,-0.0013002456059515257,0.011115337401063166
2025-04-23 09:33:00,49.9,49.9,49.9,49.9,1000,49900.0,50.185,50.17583333333333,49.90958333333334,-0.0148134299545859,-0.004002882475678401,-0.010810547478907497
2025-04-23 09:35:00,50.3,50.3,50.3,50.3,1000,50300.0,50.185,50.17583333333334,49.910833333333336,-0.0020316344028685762,-0.003608632861116436,0.0015769984582478598
2025-04-23 10:19:00,49.9,50.3,49.9,50.3,2000,100200.0,50.195,50.182500000000005,49.91125,0.008005745410045506,-0.001285757206884047,0.009291502616929553
2025-04-23 13:40:00,49.9,50.3,49.9,50.3,2000,100200.0,50.195,50.18083333333333,49.908750000000005,0.01577855585708221,0.0021271054059092058,0.013651450451173004
2025-04-23 15:00:00,49.9,49.9,49.9,49.9,1000,49900.0,50.185,50.17916666666667,49.90895833333333,-0.010220279899307627,-0.0003423716551341615,-0.009877908244173466
2025-04-24 09:01:00,50.3,50.3,50.3,50.3,4000,201200.0,50.17999999999999,50.1775,49.91020833333334,0.0014355642220280629,1.3215520298283476e-05,0.0014223487017297795
2025-04-24 09:05:00,50.1,50.1,50.1,50.1,1000,50100.0,50.165,50.1775,49.910624999999996,-0.0054031398335823155,-0.0010700555504778368,-0.004333084283104478
2025-04-24 09:06:00,50.4,50.4,50.4,50.4,1000,50400.0,50.184999999999995,50.186666666666675,49.911458333333336,0.013232099323225555,0.0017903754242628424,0.011441723898962712
2025-04-24 09:15:00,50.1,50.1,50.0,50.0,5000,250200.0,50.165,50.181666666666665,49.911458333333336,-0.00422726714164412,0.0005868469110814497,-0.00481411405272557
2025-04-24 09:16:00,50.3,50.3,50.3,50.3,1000,50300.0,50.175,50.190000000000005,49.911875,0.006073539954442708,0.001684185519753702,0.004389354434689006
2025-04-24 10:33:00,50.0,50.0,50.0,50.0,1000,50000.0,50.175,50.18666666666666,49.914791666666666,-0.009856865197662046,-0.0006240246237294482,-0.009232840573932598
2025-04-24 10:35:00,50.3,50.3,50.3,50.3,1000,50300.0,50.184999999999995,50.18833333333334,49.91520833333333,0.0017060010244378532,-0.00015801949409598783,0.001864020518533841
2025-04-24 11:51:00,49.7,49.7,49.7,49.7,1000,49700.0,50.155,50.18333333333333,49.913125,-0.03711746277333816,-0.007549908149944426,-0.029567554623393735
2025-04-24 11:55:00,50.2,50.2,50.2,50.2,1000,50200.0,50.165,50.18333333333333,49.91395833333333,-0.02722567557474065,-0.011485061634903673,-0.015740613939836976
2025-04-24 13:53:00,50.2,50.2,50.2,50.2,1000,50200.0,50.165,50.18333333333333,49.91395833333333,-0.019165435740234216,-0.013021136455969784,-0.006144299284264432
2025-04-25 09:01:00,50.2,50.2,50.2,50.2,1000,50200.0,50.165,50.18166666666666,49.91395833333333,-0.012632023496784939,-0.012943313864132815,0.0003112903673478766
2025-04-25 11:20:00,49.8,49.8,49.8,49.8,2000,99600.0,50.14,50.17666666666666,49.91229166666666,-0.039278130445694615,-0.01821027718044518,-0.021067853265249434
2025-04-25 11:21:00,50.2,50.2,50.2,50.2,1000,50200.0,50.14999999999999,50.17833333333333,49.91229166666667,-0.02779826403306629,-0.020127874550969403,-0.007670389482096886
2025-04-25 12:21:00,49.85,49.85,49.85,49.85,3000,149550.0,50.1275,50.17416666666667,49.910833333333336,-0.04640750528775328,-0.025383800698326183,-0.021023704589427098
2025-04-25 12:26:00,50.0,50.2,50.0,50.2,4000,200200.0,50.1225,50.170833333333334,49.910833333333336,-0.03253830678031022,-0.02681470191472299,-0.0057236048655872306
2025-04-25 12:40:00,49.85,50.1,49.85,49.85,5000,249500.0,50.12,50.16333333333333,49.91229166666667,-0.049221546618852585,-0.03129607085554891,-0.017925475763303673
2025-04-25 12:41:00,50.1,50.2,50.1,50.2,4000,200500.0,50.114999999999995,50.160000000000004,49.91312500000001,-0.03381130379584363,-0.031799117443607854,-0.0020121863522357744
2025-04-25 12:43:00,49.85,50.1,49.85,50.1,5000,250000.0,50.105000000000004,50.16166666666667,49.91270833333333,-0.029329645700379103,-0.0313052230949621,0.0019755773945829974
2025-04-25 12:44:00,50.2,50.2,50.0,50.2,5000,250400.0,50.1,50.15833333333333,49.91354166666667,-0.017506926158915803,-0.028545563707752842,0.011038637548837039
2025-04-25 13:17:00,50.2,50.2,50.0,50.0,6000,300600.0,50.105000000000004,50.15833333333333,49.91270833333333,-0.02399901852776054,-0.027636254671754384,0.003637236143993843
2025-04-25 13:18:00,50.2,50.2,50.2,50.2,1000,50200.0,50.1,50.155,49.91458333333333,-0.012857506639782912,-0.02468050506536009,0.011822998425577179
2025-04-25 13:22:00,49.75,50.5,49.75,50.5,16000,797500.0,50.12,50.160000000000004,49.91583333333334,0.01994974633957014,-0.015754454784374046,0.035704201123944186
2025-04-25 13:53:00,50.0,50.0,50.0,50.0,7000,350000.0,50.1,50.156666666666666,49.915,0.005540047148585359,-0.011495554397782165,0.017035601546367525
2025-04-25 14:03:00,50.0,50.0,50.0,50.0,30000,1500000.0,50.1,50.15,49.914166666666674,-0.005812737655162437,-0.01035899104925822,0.004546253394095784
2025-04-25 14:04:00,50.0,50.2,50.0,50.2,41000,2054200.0,50.095,50.15,49.911249999999995,0.0013132883550710517,-0.008024535168392365,0.009337823523463417
2025-04-25 14:07:00,50.2,50.2,50.2,50.2,35000,1757000.0,50.105000000000004,50.15,49.91291666666667,0.0068813909174423316,-0.005043349951225426,0.011924740868667757
2025-04-25 14:13:00,50.3,50.3,50.3,50.3,2000,100600.0,50.105000000000004,50.14833333333333,49.91333333333333,0.019142652002855698,-0.00020614956040919963,0.0193488015632649
2025-04-25 14:14:00,49.9,49.9,49.85,49.85,5000,249400.0,50.1125,50.13916666666667,49.91354166666667,-0.0073665326396508135,-0.001638226176257523,-0.005728306463393291
2025-04-25 14:15:00,50.2,50.2,50.1,50.2,5000,250700.0,50.1125,50.14666666666667,49.915625,-0.0001316598366045696,-0.0013369129083269321,0.0012052530717223625
2025-04-28 09:01:00,50.2,50.2,50.2,50.2,1000,50200.0,50.1125,50.15416666666667,49.918125,0.005538188198116245,3.81073129617037e-05,0.005500080885154542
2025-04-28 09:03:00,50.2,50.3,50.2,50.3,4000,201100.0,50.1175,50.15416666666667,49.91937500000001,0.017894471550690128,0.0036093801605073896,0.014285091390182738
2025-04-28 09:28:00,50.0,50.0,50.0,50.0,3000,150000.0,50.1275,50.14750000000001,49.91937500000001,0.0034397707978541803,0.003575458287976748,-0.00013568749012256775
2025-04-28 09:29:00,50.2,50.2,50.2,50.2,1000,50200.0,50.127500000000005,50.1525,49.920208333333335,0.008030079087816944,0.004466382447944788,0.003563696639872156
2025-04-28 10:05:00,50.0,50.0,50.0,50.0,2000,100000.0,50.135000000000005,50.145833333333336,49.91979166666667,-0.004419452355513442,0.0026892154872531415,-0.007108667842766584
2025-04-28 10:06:00,50.2,50.2,50.2,50.2,1000,50200.0,50.135000000000005,50.15083333333333,49.923541666666665,0.001831421326834004,0.0025176566551693143,-0.0006862353283353102
2025-04-28 10:35:00,49.55,49.7,49.55,49.7,5000,248050.0,50.1275,50.14416666666667,49.921875,-0.03317808130182698,-0.004621490936229946,-0.02855659036559703
2025-04-28 10:36:00,50.3,50.3,50.3,50.3,1000,50300.0,50.13250000000001,50.14416666666666,49.92604166666667,-0.01236583314705797,-0.006170359378395551,-0.006195473768662418
2025-04-28 10:41:00,49.5,49.5,49.5,49.5,7000,346500.0,50.102500000000006,50.134166666666665,49.923541666666665,-0.059736683360299025,-0.01688362417477625,-0.04285305918552278
2025-04-28 10:42:00,49.8,50.1,49.8,50.1,4000,199500.0,50.097500000000004,50.13083333333334,49.924375000000005,-0.04830658955745548,-0.023168217251312097,-0.025138372306143384
2025-04-28 12:11:00,49.4,49.55,49.4,49.55,6000,296850.0,50.075,50.12166666666666,49.922916666666666,-0.08267552928961663,-0.03506967965897301,-0.047605849630643626
2025-04-28 12:12:00,50.0,50.1,50.0,50.1,4000,200100.0,50.07000000000001,50.11666666666667,49.922916666666666,-0.06478594612489985,-0.04101293295215838,-0.02377301317274147
2025-04-28 12:35:00,49.4,49.4,49.4,49.4,3000,148200.0,50.015,50.1,49.919999999999995,-0.1058720453989892,-0.053984755441524555,-0.051887289957464645
2025-04-28 12:38:00,50.0,50.2,50.0,50.2,4000,200200.0,50.025,50.10333333333334,49.920416666666675,-0.07303782636417111,-0.05779536962605387,-0.015242456738117242
2025-04-28 12:39:00,50.0,50.0,50.0,50.0,3000,150000.0,50.025,50.09666666666667,49.92,-0.06243508693387412,-0.05872331308761792,-0.0037117738462561986
2025-04-28 12:41:00,50.2,50.2,50.2,50.2,1000,50200.0,50.025,50.098333333333336,49.92041666666667,-0.037462170435112796,-0.0544710845571169,0.0170089141220041
2025-04-28 12:44:00,50.0,50.0,50.0,50.0,34000,1700000.0,50.015,50.098333333333336,49.920833333333334,-0.03342399174878352,-0.050261665995450226,0.016837674246666705
2025-04-28 12:46:00,50.0,50.0,50.0,50.0,6000,300000.0,50.0,50.09666666666667,49.92125,-0.029879276347834605,-0.046185188065927106,0.0163059117180925
2025-04-28 12:47:00,49.85,49.85,49.85,49.85,3000,149550.0,50.0,50.089166666666664,49.920208333333335,-0.038727385063921815,-0.044693627465526055,0.0059662424016042395
2025-04-28 12:49:00,50.2,50.2,50.2,50.2,10000,502000.0,50.00000000000001,50.0925,49.92145833333334,-0.017298098330783773,-0.0392145216385776,0.02191642330779383
2025-04-28 12:50:00,50.2,50.2,50.2,50.2,24000,1204800.0,50.0,50.0925,49.921875,-0.0003116417925070891,-0.0314339456693635,0.03112230387685641
2025-04-28 12:53:00,49.6,50.3,49.6,50.3,2000,99900.0,50.00000000000001,50.094166666666666,49.92541666666667,0.020977595002925398,-0.02095163753490572,0.04192923253783112
2025-04-28 13:03:00,49.6,49.6,49.6,49.6,1000,49600.0,49.980000000000004,50.0825,49.92604166666667,-0.018422320271341164,-0.020445774082192808,0.0020234538108516442
2025-04-28 13:06:00,50.3,50.3,50.3,50.3,1000,50300.0,49.985,50.0875,49.926875,0.006759197052481625,-0.015004779855257921,0.021763976907739548
2025-04-28 13:35:00,50.3,50.3,50.3,50.3,3000,150900.0,50.0,50.0875,49.93020833333333,0.02641127818023392,-0.006721568248159551,0.033132846428393474
2025-04-28 13:36:00,50.0,50.1,50.0,50.1,1160,58100.0,49.995,50.08416666666666,49.930625,0.025552808657188564,-0.0002666928670899263,0.02581950152427849
2025-04-28 14:03:00,50.0,50.0,50.0,50.0,33000,1650000.0,50.010000000000005,50.08583333333333,49.93416666666667,0.016611810499171042,0.003109007806162269,0.013502802693008773
2025-04-28 14:04:00,50.0,50.0,50.0,50.0,30000,1500000.0,49.995,50.08083333333333,49.937083333333334,0.0094174465804997,0.004370695561029756,0.005046751019469944
2025-04-28 14:05:00,50.0,50.0,50.0,50.0,32000,1600000.0,50.019999999999996,50.07583333333333,49.939791666666665,0.00367351534416116,0.004231259517656036,-0.0005577441734948762
2025-04-28 14:09:00,50.2,50.3,50.2,50.2,62000,3112600.0,50.025,50.07416666666667,49.943125,0.015085836850232681,0.006402174984171367,0.008683661866061315
2025-04-28 14:10:00,50.2,50.2,50.2,50.2,35000,1757000.0,50.0575,50.079166666666666,49.946666666666665,0.02385519601481434,0.009892779190299962,0.013962416824514377
2025-04-29 09:01:00,50.4,50.4,50.4,50.4,1000,50400.0,50.0725,50.08083333333333,49.95249999999999,0.046408338425642626,0.0171958910373685,0.029212447388274127
2025-04-29 09:05:00,50.2,50.2,50.2,50.2,3000,150600.0,50.1125,50.082499999999996,49.95604166666667,0.04759489343781809,0.023275691517458418,0.02431920192035967
2025-04-29 10:24:00,49.85,50.0,49.85,50.0,4000,199550.0,50.1025,50.07583333333333,49.96583333333333,0.03202772265319709,0.025026097744606155,0.007001624908590933
2025-04-29 10:26:00,50.2,50.2,50.2,50.2,1000,50200.0,50.1125,50.079166666666666,49.969166666666666,0.035420648988285564,0.027105007993342038,0.008315640994943526
2025-04-29 10:51:00,49.55,49.7,49.55,49.7,5000,248050.0,50.0875,50.06916666666667,49.974375,-0.0022107693986228583,0.021241852514949058,-0.023452621913571916
2025-04-29 10:53:00,49.7,50.3,49.7,50.3,2000,100000.0,50.102500000000006,50.07416666666667,49.978125,0.016194367413902455,0.02023235549473974,-0.004037988080837284
2025-04-29 11:19:00,49.65,49.65,49.65,49.65,3000,148950.0,50.085,50.063333333333325,49.97895833333334,-0.021422056649377907,0.01190147306591621,-0.03332352971529412
2025-04-29 11:20:00,49.6,50.4,49.6,50.4,7000,348600.0,50.1125,50.075,49.985416666666666,0.009179571866845038,0.011357092826101976,-0.0021775209592569383
2025-04-29 11:38:00,49.65,49.65,49.65,49.65,3000,148950.0,50.084999999999994,50.06583333333333,49.986041666666665,-0.02677846359043201,0.003729981542795177,-0.03050844513322719
2025-04-29 11:40:00,50.4,50.4,50.4,50.4,1000,50400.0,50.095,50.06916666666667,49.98979166666666,0.005183513912726312,0.004020688016781405,0.001162825895944907
2025-04-29 12:23:00,49.75,49.75,49.75,49.75,3000,149250.0,50.067499999999995,50.061666666666675,49.99375,-0.02168597395701255,-0.0011206443779773875,-0.020565329579035164
2025-04-29 12:24:00,49.7,49.7,49.7,49.7,3000,149100.0,50.072500000000005,50.059999999999995,49.99458333333334,-0.04647903739961379,-0.010192322982304672,-0.036286714417309116
2025-04-29 12:26:00,49.95,50.0,49.95,50.0,4000,199850.0,50.0575,50.056666666666665,49.99875,-0.04144250263356497,-0.016442358912556736,-0.025000143721008235
2025-04-29 12:27:00,50.0,50.2,50.0,50.2,3000,150200.0,50.0525,50.0625,50.003125,-0.02106980442502504,-0.017367848015050397,-0.003701956409974644
2025-04-29 12:36:00,49.8,49.8,49.8,49.8,3000,149400.0,50.0375,50.05583333333333,50.00645833333333,-0.036777008912068254,-0.02124968019445397,-0.015527328717614284
2025-04-29 12:37:00,50.0,50.1,50.0,50.1,5000,250100.0,50.042500000000004,50.059999999999995,50.015208333333334,-0.024732488109478368,-0.021946241777458853,-0.002786246332019515
2025-04-29 12:43:00,49.8,49.8,49.8,49.8,1000,49800.0,50.0325,50.05333333333333,50.026875,-0.03894566995234783,-0.02534612741243665,-0.013599542539911177
2025-04-29 12:44:00,50.1,50.1,50.1,50.1,1000,50100.0,50.0375,50.05333333333333,50.035624999999996,-0.025705904502139276,-0.02541808283037718,-0.00028782167176209794
2025-04-30 09:02:00,50.1,50.1,50.1,50.1,1000,50100.0,50.0325,50.05166666666666,50.044374999999995,-0.015039924112357994,-0.023342451086773346,0.008302526974415352
2025-04-30 12:02:00,50.1,50.1,50.1,50.1,1000,50100.0,50.0275,50.053333333333335,50.0525,-0.0065119916233626896,-0.019976359194091214,0.013464367570728525
2025-05-02 09:01:00,50.1,50.1,50.1,50.1,1000,50100.0,50.0125,50.05166666666666,50.065416666666664,0.00024364769564044764,-0.015932357816144882,0.01617600551178533
2025-05-02 09:03:00,50.1,50.1,50.1,50.1,1000,50100.0,50.0075,50.044999999999995,50.07375,0.005533750892048772,-0.01163913607450615,0.017172886966554925
2025-05-02 09:11:00,49.85,49.85,49.85,49.85,3000,149550.0,50.0,50.0425,50.082708333333336,-0.010327663992725888,-0.011376841658150099,0.0010491776654242106
2025-05-02 09:12:00,50.0,50.3,50.0,50.3,4000,200300.0,50.004999999999995,50.0475,50.091874999999995,0.013260431627386993,-0.00644938700104268,0.019709818628429673
2025-05-02 09:21:00,50.2,50.2,50.2,50.2,1000,50200.0,50.03,50.0475,50.102291666666666,0.023612809316908567,-0.0004369477374524288,0.024049757054360996
2025-05-02 09:31:00,50.0,50.0,50.0,50.0,3000,150000.0,50.015,50.04416666666667,50.111250000000005,0.015500138739561464,0.002750469557950351,0.012749669181611113
2025-05-02 09:32:00,50.2,50.2,50.2,50.2,1000,50200.0,50.042500000000004,50.042500000000004,50.12104166666667,0.024921833999592025,0.007184742446278687,0.017737091553313336
2025-05-02 10:02:00,49.85,49.85,49.85,49.85,3000,149550.0,50.015,50.042500000000004,50.12958333333333,0.004099266650619882,0.006567647287146926,-0.0024683806365270447
2025-05-02 10:03:00,50.0,50.2,50.0,50.2,4000,200200.0,50.042500000000004,50.0425,50.139583333333334,0.01565880201366099,0.00838587823244974,0.007272923781211249
2025-05-02 10:04:00,49.85,50.3,49.85,50.3,7000,349850.0,50.0375,50.04416666666667,50.148333333333326,0.03251417812985835,0.013211538211931464,0.019302639917926887
2025-05-02 10:06:00,50.0,50.2,50.0,50.2,4000,200200.0,50.06,50.0425,50.150625,0.037372217216557146,0.018043674012856604,0.019328543203700543
2025-05-02 11:03:00,49.85,49.85,49.85,49.85,3000,149550.0,50.0675,50.03999999999999,50.14958333333333,0.01283225106264041,0.017001389422813366,-0.004169138360172957
2025-05-02 11:04:00,50.1,50.1,50.1,50.1,1000,50100.0,50.072500000000005,50.038333333333334,50.14958333333334,0.013402565317406356,0.016281624601731964,-0.002879059284325608
2025-05-02 11:06:00,50.0,50.0,50.0,50.0,15000,750000.0,50.0625,50.038333333333334,50.14750000000001,0.005719448960697093,0.01416918947352499,-0.008449740512827897
2025-05-02 11:07:00,50.0,50.0,50.0,50.0,53000,2650000.0,50.072500000000005,50.035000000000004,50.14541666666667,-0.0003652655519488235,0.011262298468430227,-0.01162756402037905
2025-05-02 11:08:00,50.0,50.0,50.0,50.0,32000,1600000.0,50.0675,50.04,50.14416666666667,-0.0051283294515869216,0.007984172884426797,-0.013112502336013718
2025-05-02 11:12:00,50.2,50.2,50.2,50.2,100000,5020000.0,50.0875,50.038333333333334,50.14083333333333,0.007152783783190841,0.007817895064179606,-0.0006651112809887647
2025-05-02 11:18:00,49.85,50.2,49.85,50.2,5000,249750.0,50.0925,50.05,50.1375,0.016693225391257727,0.009592961129595231,0.007100264261662496
2025-05-02 12:31:00,50.0,50.0,50.0,50.0,17000,850000.0,50.0875,50.048333333333325,50.136250000000004,0.00802327821363491,0.009279024546403168,-0.0012557463327682577
2025-05-02 12:32:00,50.2,50.2,50.2,50.2,1000,50200.0,50.0925,50.05916666666667,50.134166666666665,0.017093567140413768,0.010841933065205289,0.006251634075208479
2025-05-02 12:34:00,50.2,50.2,50.2,50.2,16000,803200.0,50.097500000000004,50.060833333333335,50.13291666666667,0.024005120377736944,0.013474570527711621,0.010530549850025323
2025-05-02 12:50:00,50.2,50.3,50.2,50.3,6000,301300.0,50.1075,50.075833333333335,50.13208333333333,0.037123800317210964,0.018204416485611493,0.01891938383159947
2025-05-02 13:41:00,49.8,49.8,49.8,49.8,3000,149400.0,50.105000000000004,50.06916666666666,50.12833333333334,0.007092865223441436,0.01598210623317748,-0.008889241009736044
2025-05-02 13:42:00,50.2,50.2,49.75,49.75,6000,298950.0,50.0775,50.06499999999999,50.12520833333334,-0.020505079539177018,0.00868466907870658,-0.0291897486178836
2025-05-02 13:43:00,49.05,49.8,49.05,49.8,3000,147900.0,50.0575,50.05833333333333,50.123124999999995,-0.03790512082568398,-0.0006332889021715344,-0.037271831923512445
2025-05-02 13:44:00,50.0,50.2,50.0,50.2,6000,300200.0,50.0675,50.06166666666666,50.12104166666667,-0.019196832707415012,-0.004345997663220232,-0.01485083504419478
2025-05-05 09:01:00,50.3,50.3,50.3,50.3,1000,50300.0,50.0725,50.06666666666667,50.12104166666666,0.0036566332850469507,-0.0027454714735667953,0.006402104758613746
2025-05-05 09:31:00,50.2,50.2,50.2,50.2,7000,351400.0,50.089999999999996,50.072500000000005,50.11895833333334,0.013542891446824967,0.000512201110511558,0.013030690336313409
2025-05-05 09:41:00,50.2,50.2,50.2,50.2,2000,100400.0,50.09,50.0725,50.11812499999999,0.021134200360513944,0.0046366009605120365,0.01649759940000191
2025-05-05 10:24:00,50.0,50.2,50.0,50.2,3000,150400.0,50.084999999999994,50.0725,50.11729166666667,0.02684096147111603,0.009077473062632837,0.017763488408483193
2025-05-05 12:25:00,50.0,50.2,50.0,50.2,8000,400400.0,50.085,50.07083333333333,50.11520833333334,0.031006190700544778,0.01346321659021523,0.017542974110329547
2025-05-05 13:25:00,50.0,50.0,50.0,50.0,1000,50000.0,50.0925,50.0775,50.11270833333334,0.01796178407744975,0.014362930087662134,0.0035988539897876155
2025-05-05 13:29:00,50.2,50.2,50.2,50.2,1000,50200.0,50.097500000000004,50.075833333333335,50.110625,0.02349153063681797,0.016188650197493305,0.007302880439324665
2025-05-06 09:01:00,50.3,50.3,50.3,50.3,1000,50300.0,50.1125,50.075833333333335,50.11020833333334,0.03553345138119823,0.02005761043423429,0.015475840946963942
2025-05-06 11:05:00,49.9,49.9,49.9,49.9,1000,49900.0,50.1075,50.072500000000005,50.108541666666675,0.012654233145248384,0.01857693497643711,-0.005922701831188728
2025-05-06 11:07:00,50.2,50.2,50.0,50.0,2000,100200.0,50.1075,50.072500000000005,50.106458333333336,0.002561919904600529,0.015373931962069796,-0.012812012057469267
2025-05-06 11:08:00,50.2,50.2,50.2,50.2,1000,50200.0,50.1075,50.075833333333335,50.10520833333333,0.010580057167281609,0.014415157003112161,-0.003835099835830552
2025-05-06 12:54:00,50.0,50.0,50.0,50.0,2000,100000.0,50.097500000000004,50.075833333333335,50.10395833333333,0.0007870871347179786,0.011689543029433324,-0.010902455894715345
2025-05-06 12:57:00,50.2,50.2,50.2,50.2,1000,50200.0,50.1075,50.07583333333333,50.10395833333334,0.009059978566362759,0.011163630136819211,-0.0021036515704564527
2025-05-06 13:24:00,50.0,50.0,50.0,50.0,3000,150000.0,50.0975,50.0725,50.10604166666667,-0.0005160749110260099,0.008827689127250167,-0.009343764038276177
2025-05-06 13:26:00,50.2,50.2,50.2,50.2,1000,50200.0,50.097500000000004,50.06916666666667,50.11104166666667,0.007941616238156257,0.008650474549431386,-0.0007088583112751286
2025-05-06 13:30:00,50.2,50.2,50.2,50.2,2000,100400.0,50.0925,50.06916666666667,50.11333333333333,0.014477509688504142,0.009815881577245937,0.004661628111258205
2025-05-06 13:36:00,50.0,50.0,50.0,50.0,3000,150000.0,50.102500000000006,50.06916666666667,50.11749999999999,0.0034788221104093964,0.008548469683878629,-0.005069647573469232
2025-05-06 13:37:00,50.2,50.2,50.2,50.2,1000,50200.0,50.125,50.06916666666667,50.122499999999995,0.010776388000962811,0.008994053347295465,0.001782334653667346
2025-05-07 09:06:00,50.2,50.2,50.2,50.2,1000,50200.0,50.145,50.0775,50.12333333333333,0.016371046314063165,0.010469451940649006,0.0059015943734141586
2025-05-08 09:01:00,50.2,50.2,50.2,50.2,1000,50200.0,50.144999999999996,50.07583333333333,50.125625,0.020567760988839723,0.012489113750287151,0.008078647238552571
2025-05-08 10:20:00,49.9,49.9,49.9,49.9,1000,49900.0,50.12500000000001,50.080000000000005,50.12625,-0.00031022906355815394,0.009929245187518091,-0.010239474251076245
2025-05-08 10:22:00,50.1,50.1,50.1,50.1,1000,50100.0,50.12,50.075,50.12770833333333,-0.0007096773489010388,0.007801460680234265,-0.008511138029135303
2025-05-08 10:23:00,50.1,50.2,50.1,50.2,3000,150400.0,50.12,50.08416666666667,50.12916666666667,0.006962660061141435,0.0076337005564157,-0.0006710404952742655
2025-05-08 10:27:00,50.0,50.0,50.0,50.0,2000,100000.0,50.11,50.0775,50.12916666666667,-0.0030600118832566636,0.005494958068481227,-0.00855496995173789
2025-05-08 10:31:00,50.3,50.3,50.3,50.3,1000,50300.0,50.114999999999995,50.086666666666666,50.13041666666666,0.01305396322450747,0.0070067590996864765,0.006047204124820993
2025-05-08 12:38:00,50.0,50.0,50.0,50.0,3000,150000.0,50.114999999999995,50.09166666666667,50.13104166666667,0.0015984854516730707,0.005925104370083796,-0.004326618918410725
2025-05-08 12:39:00,50.2,50.2,50.2,50.2,1000,50200.0,50.114999999999995,50.095000000000006,50.128125,0.008559595624504368,0.006452002620967911,0.002107593003536457
2025-05-08 13:59:00,50.0,50.2,50.0,50.2,5000,250400.0,50.11,50.095,50.12895833333333,0.01391591162175132,0.007944784421124593,0.005971127200626727
2025-05-08 14:00:00,50.0,50.0,50.0,50.0,1000,50000.0,50.115,50.098333333333336,50.12770833333333,0.001999453652395289,0.006755718267378732,-0.004756264614983443
2025-05-08 14:03:00,50.2,50.2,50.2,50.2,1000,50200.0,50.125,50.10000000000001,50.12916666666667,0.008594827566398067,0.0071235401271826,0.0014712874392154669
2025-05-09 09:01:00,50.2,50.2,50.2,50.2,1000,50200.0,50.125,50.10666666666667,50.12916666666667,0.01366419655810347,0.008431671413366775,0.005232525144736695
2025-05-09 09:09:00,50.2,50.2,50.0,50.0,3000,150400.0,50.125,50.105000000000004,50.12833333333333,0.001525791106494978,0.007050495351992415,-0.005524704245497437
2025-05-09 09:10:00,50.4,50.4,50.4,50.4,1000,50400.0,50.135000000000005,50.11000000000001,50.13,0.02390708836114186,0.010421813953822306,0.013485274407319553
2025-05-09 09:24:00,50.1,50.1,50.1,50.1,1000,50100.0,50.14,50.11,50.13104166666666,0.017238223379898443,0.011785095839037535,0.0054531275408609085
2025-05-09 10:28:00,50.0,50.3,50.0,50.3,3000,150600.0,50.144999999999996,50.11333333333334,50.13229166666667,0.02777129812815815,0.014982336296861659,0.012788961831296491
2025-05-09 11:07:00,50.1,50.1,50.1,50.1,3000,150300.0,50.14,50.11333333333334,50.133125,0.01975280913459443,0.015936430864408217,0.0038163782701862124
2025-05-09 13:18:00,50.0,50.0,50.0,50.0,5000,250000.0,50.14,50.115833333333335,50.13354166666667,0.005268205972853934,0.01380278588609736,-0.008534579913243426
2025-05-09 13:24:00,50.3,50.3,50.3,50.3,1000,50300.0,50.145,50.11583333333333,50.134375,0.01779145755870104,0.014600520220618099,0.0031909373380829414
2025-05-12 09:01:00,50.3,50.3,50.3,50.3,1000,50300.0,50.15,50.1175,50.13520833333333,0.027400370253488404,0.017160490227192165,0.01023988002629624
2025-05-12 09:02:00,50.3,50.3,50.3,50.3,1000,50300.0,50.155,50.12250000000001,50.13645833333333,0.034616465723722456,0.020651685326498224,0.013964780397224232
2025-05-12 09:12:00,50.3,50.3,50.3,50.3,1000,50300.0,50.175,50.12416666666666,50.136875,0.03987561213802593,0.024496470688803767,0.015379141449222162
2025-05-12 09:30:00,50.1,50.3,50.1,50.3,6000,301200.0,50.185,50.13166666666667,50.13604166666667,0.04354160306503729,0.028305497164050474,0.01523610590098682
2025-05-12 09:39:00,50.1,50.1,50.1,50.1,1000,50100.0,50.18,50.13,50.13312499999999,0.02996320161965116,0.028637038055170615,0.001326163564480544
2025-05-12 09:40:00,50.1,50.1,50.1,50.1,1000,50100.0,50.185,50.126666666666665,50.12895833333333,0.018983391921757686,0.026706308828488033,-0.007722916906730347
2025-05-12 09:41:00,50.4,50.4,50.4,50.4,1000,50400.0,50.190000000000005,50.13,50.128125,0.03409626589724013,0.028184300242238457,0.005911965655001673
2025-05-12 11:39:00,50.4,50.4,50.4,50.4,2000,100800.0,50.21,50.139166666666675,50.12770833333334,0.04554827524103189,0.03165709524199715,0.01389117999903474
2025-05-12 12:49:00,50.2,50.2,50.2,50.2,2000,100400.0,50.21,50.14083333333333,50.12520833333333,0.03804716261588936,0.03293510871677559,0.005112053899113775
2025-05-13 09:01:00,50.4,50.4,50.4,50.4,5000,252000.0,50.22,50.1475,50.126875,0.047691052580617566,0.035886297489543986,0.01180475509107358
2025-05-13 09:34:00,50.3,50.3,50.3,50.3,1000,50300.0,50.235,50.1525,50.128125,0.04672611107058344,0.03805426020575188,0.008671850864831562
2025-05-13 09:36:00,50.5,50.5,50.5,50.5,1000,50500.0,50.25,50.160833333333336,50.129375,0.061392027425171136,0.04272181364963574,0.018670213775535398
2025-05-13 10:19:00,50.3,50.3,50.3,50.3,15000,754500.0,50.255,50.1625,50.130625,0.056228377532896445,0.04542312642628789,0.010805251106608557
2025-05-13 10:20:00,50.3,50.3,50.3,50.3,35000,1760500.0,50.269999999999996,50.164166666666674,50.130625,0.05154200365681305,0.046646901872392926,0.004895101784420125
2025-05-13 10:22:00,50.3,50.3,50.3,50.3,50000,2515000.0,50.265,50.16916666666667,50.131875,0.047282969951531584,0.04677411548822066,0.0005088544633109204
2025-05-13 10:29:00,50.5,50.5,50.5,50.5,100000,5050000.0,50.285,50.174166666666665,50.133125,0.05936169887245768,0.04929163216506807,0.010070066707389608
2025-05-13 10:32:00,50.6,50.6,50.6,50.6,1000,50600.0,50.3,50.18083333333334,50.136250000000004,0.07612581185754408,0.054658468103563285,0.021467343753980794
2025-05-13 11:11:00,50.6,50.6,50.4,50.4,5000,252400.0,50.315,50.1825,50.13708333333333,0.07243814183892994,0.05821440285063662,0.014223738988293315
2025-05-13 11:19:00,50.3,50.4,50.3,50.4,4000,201500.0,50.335,50.192499999999995,50.13791666666667,0.0687234357919948,0.06031620943890826,0.008407226353086543
2025-05-13 11:20:00,50.3,50.3,50.3,50.3,1000,50300.0,50.335,50.201666666666675,50.139791666666675,0.05705267252681523,0.05966350205648966,-0.0026108295296744313
2025-05-13 11:25:00,50.6,50.6,50.4,50.4,2000,101000.0,50.339999999999996,50.21166666666667,50.14208333333333,0.055235947204792524,0.058777991086150234,-0.0035420438813577107
2025-05-13 11:26:00,50.3,50.3,50.0,50.0,9000,451500.0,50.325,50.208333333333336,50.141666666666666,0.021274285517115743,0.051277249972343335,-0.030002964455227592
2025-05-13 11:27:00,50.0,50.3,50.0,50.3,2000,100300.0,50.324999999999996,50.208333333333336,50.13916666666667,0.018355327949649336,0.04469286556780454,-0.026337537618155202
2025-05-13 14:39:00,50.3,50.3,50.3,50.3,1000,50300.0,50.325,50.21000000000001,50.14083333333334,0.015859217856061036,0.03892613602545584,-0.023066918169394802
2025-05-13 14:59:00,50.3,50.5,50.3,50.5,2000,100800.0,50.345,50.215,50.139583333333334,0.02967726017183736,0.03707636085473214,-0.007399100682894781
2025-05-14 09:01:00,50.5,50.5,50.5,50.5,2000,101000.0,50.364999999999995,50.220000000000006,50.14083333333334,0.04016515930617004,0.03769412054501972,0.002471038761150318
2025-05-14 09:02:00,50.5,50.5,50.5,50.5,1000,50500.0,50.37,50.225,50.14125000000001,0.04792445168427406,0.03974018677287059,0.00818426491140347
2025-05-14 09:08:00,50.9,50.9,50.9,50.9,1000,50900.0,50.394999999999996,50.239999999999995,50.145,0.08536635367072876,0.04886542015244223,0.036500933518286524
2025-05-14 09:09:00,50.3,50.3,50.3,50.3,3000,150900.0,50.39999999999999,50.24166666666667,50.144999999999996,0.06586509336187873,0.05226535479432954,0.013599738567549195
2025-05-14 09:13:00,50.5,50.6,50.3,50.6,5000,252000.0,50.41,50.24666666666666,50.147708333333334,0.07376735273971491,0.056565754383406615,0.017201598356308294
2025-05-14 09:16:00,50.3,50.3,50.3,50.3,1000,50300.0,50.410000000000004,50.25333333333333,50.14770833333333,0.055186304072883274,0.05628986432130195,-0.001103560248418678
2025-05-14 09:17:00,50.3,50.3,50.3,50.3,2000,100600.0,50.4,50.258333333333326,50.14812500000001,0.03999959866070668,0.053031811189182904,-0.013032212528476222
2025-05-14 09:19:00,50.5,50.5,50.5,50.5,1000,50500.0,50.41,50.26333333333333,50.14895833333333,0.04359976281173772,0.05114540151369387,-0.007545638701956153
2025-05-14 09:37:00,50.6,50.6,50.6,50.6,1000,50600.0,50.425,50.27333333333333,50.151875000000004,0.05390074882394913,0.05169647097574493,0.002204277848204199
2025-05-14 10:37:00,50.6,50.6,50.6,50.6,1000,50600.0,50.440000000000005,50.28,50.15270833333333,0.06135706836258947,0.05362859045311384,0.007728477909475631
2025-05-14 10:59:00,50.0,50.0,50.0,50.0,1000,50000.0,50.415000000000006,50.28,50.15270833333333,0.01863644044143342,0.04663016045077776,-0.027993720009344338
2025-05-14 11:00:00,50.6,50.6,50.6,50.6,1000,50600.0,50.415,50.28666666666666,50.15354166666667,0.03281672978592809,0.04386747431780783,-0.011050744531879743
2025-05-14 12:11:00,50.0,50.3,50.0,50.3,4000,200300.0,50.410000000000004,50.288333333333334,50.154375,0.019621039331781276,0.039018187320602526,-0.01939714798882125
2025-05-14 12:12:00,50.6,50.6,50.6,50.6,1000,50600.0,50.42,50.29833333333333,50.1575,0.03299055775850945,0.037812661408183915,-0.004822103649674461
2025-05-14 13:02:00,50.2,50.2,50.2,50.2,8,401.6,50.415,50.298333333333325,50.15708333333334,0.011180459001572274,0.032486220926861584,-0.02130576192528931
2025-05-14 13:08:00,49.85,49.85,49.85,49.85,2000,99700.0,50.3875,50.292500000000004,50.157291666666666,-0.03395486576811635,0.019198003587865997,-0.053152869355982346
2025-05-14 13:09:00,50.2,50.2,50.2,50.2,1000,50200.0,50.3975,50.292500000000004,50.157291666666666,-0.041010121747021344,0.007156378520888526,-0.04816650026790987
2025-05-14 13:15:00,49.85,50.0,49.85,50.0,6000,299400.0,50.38250000000001,50.29416666666667,50.15645833333333,-0.06202480809235311,-0.0066798588017598064,-0.055344949290593304
2025-05-14 13:30:00,50.1,50.2,50.0,50.0,12000,601500.0,50.3675,50.292500000000004,50.15645833333333,-0.07778247052140586,-0.020900381145689022,-0.05688208937571683
2025-05-14 13:31:00,50.6,50.6,50.6,50.6,1000,50600.0,50.372499999999995,50.299166666666665,50.158125,-0.041378559655036895,-0.0249960168475586,-0.016382542807478296
2025-05-14 13:35:00,50.0,50.2,50.0,50.0,7000,350200.0,50.3475,50.299166666666665,50.157291666666666,-0.060248674393292845,-0.03204654835670545,-0.028202126036587394
2025-05-14 13:36:00,50.2,50.2,50.2,50.2,1000,50200.0,50.332499999999996,50.29750000000001,50.156875,-0.05839194178773255,-0.03731562704291087,-0.021076314744821675
2025-05-14 13:56:00,50.6,50.6,50.6,50.6,1000,50600.0,50.3175,50.307500000000005,50.15895833333334,-0.024362969611999574,-0.03472509555672861,0.010362125944729038
2025-05-15 09:01:00,50.6,50.6,50.6,50.6,1000,50600.0,50.3325,50.314166666666665,50.16104166666666,0.002575546703603493,-0.02726496710466219,0.029840513808265683
2025-05-15 13:07:00,50.5,50.5,50.5,50.5,1000,50500.0,50.3275,50.31916666666667,50.16270833333333,0.015674662942842588,-0.01867704109516123,0.03435170403800382
2025-05-15 13:39:00,50.5,50.5,50.3,50.3,3000,151300.0,50.3275,50.32416666666667,50.16229166666667,0.009804458709290031,-0.012980741134270979,0.022785199843561012
2025-05-15 14:58:00,50.6,50.6,50.6,50.6,10,506.0,50.3425,50.33083333333333,50.16354166666667,0.029025188056685636,-0.004579555296079654,0.03360474335276529
2025-05-16 09:01:00,50.6,50.6,50.6,50.6,1000,50600.0,50.347500000000004,50.3375,50.16437499999999,0.04375339266724154,0.005087034296584588,0.038666358370656954
2025-05-16 10:07:00,50.3,50.3,50.3,50.3,1000,50300.0,50.332499999999996,50.3425,50.165625,0.030862346220615677,0.01024209668139081,0.020620249539224866
2025-05-16 10:10:00,50.6,50.6,50.6,50.6,1000,50600.0,50.332499999999996,50.34583333333333,50.16645833333334,0.04434243978840868,0.017062165302794387,0.027280274485614295
2025-05-16 10:14:00,50.6,50.6,50.6,50.6,1000,50600.0,50.3625,50.354166666666664,50.16895833333333,0.05439843970860636,0.024529420183956787,0.029869019524649574
2025-05-16 10:17:00,50.7,50.7,50.5,50.5,6000,303600.0,50.3575,50.357499999999995,50.169374999999995,0.05367993890865819,0.03035952392889707,0.023320414979761117
2025-05-16 10:38:00,50.4,50.4,50.4,50.4,5000,252000.0,50.3625,50.3625,50.170208333333335,0.04452806575874746,0.033193232294867155,0.011334833463880305
2025-05-16 10:39:00,50.6,50.6,50.6,50.6,1000,50600.0,50.3625,50.372499999999995,50.171875,0.05280476838193948,0.03711553951228162,0.01568922886965786
2025-05-16 10:40:00,50.3,50.3,50.3,50.3,1000,50300.0,50.3675,50.37250000000001,50.171458333333334,0.03475597678036735,0.03664362696589877,-0.0018876501855314212
2025-05-16 10:41:00,50.6,50.6,50.6,50.6,1000,50600.0,50.405,50.377500000000005,50.173125000000006,0.04415073006369852,0.038145047585458725,0.006005682478239793
2025-05-16 10:42:00,50.3,50.3,50.3,50.3,1000,50300.0,50.41,50.37749999999999,50.173541666666665,0.027076525598339174,0.035931343188034814,-0.00885481758969564
2025-05-16 10:45:00,50.6,50.6,50.6,50.6,500,25300.0,50.44,50.38250000000001,50.174375000000005,0.03732235941495787,0.03620954643341943,0.0011128129815384455
2025-05-16 10:46:00,50.3,50.3,50.3,50.3,1000,50300.0,50.455,50.3825,50.17395833333333,0.020992772126952275,0.033166191572126,-0.012173419445173722
2025-05-16 10:47:00,50.3,50.3,50.3,50.3,1000,50300.0,50.440000000000005,50.38583333333334,50.17625,0.0079597020622586,0.028124893670152515,-0.020165191607893915
2025-05-16 10:48:00,50.5,50.5,50.3,50.5,9000,454100.0,50.465,50.392500000000005,50.17937500000001,0.013612314381234114,0.02522237781236884,-0.011610063431134725
2025-05-16 10:49:00,50.3,50.3,50.3,50.3,1000,50300.0,50.47,50.39083333333333,50.179375,0.0019314572022892662,0.020564193690352926,-0.01863273648806366
2025-05-16 10:52:00,50.3,50.3,50.3,50.3,1000,50300.0,50.455,50.38916666666667,50.17895833333333,-0.007242222435934309,0.015002910465095479,-0.022245132901029786
2025-05-16 10:54:00,50.3,50.5,50.2,50.5,11000,554200.0,50.45,50.39416666666667,50.18145833333333,0.001607370125974228,0.01232380239727123,-0.010716432271297002
2025-05-16 10:55:00,50.3,50.5,50.3,50.5,8000,403000.0,50.45,50.395833333333336,50.181875,0.008522493983591062,0.011563540714535197,-0.0030410467309441355
2025-05-16 10:59:00,50.3,50.3,50.3,50.3,1000,50300.0,50.45,50.39583333333333,50.18354166666667,-0.002111212327207568,0.008828590106186645,-0.010939802433394213
2025-05-16 11:21:00,50.3,50.5,50.3,50.3,12000,604600.0,50.434999999999995,50.3925,50.184375,-0.010418404310570395,0.004979191222835237,-0.015397595533405632
2025-05-16 11:22:00,50.5,50.5,50.1,50.3,16000,803900.0,50.42,50.392500000000005,50.184375,-0.01680815980397199,0.0006217210174737909,-0.01742988082144578
2025-05-16 11:23:00,50.3,50.3,50.3,50.3,4000,201200.0,50.42,50.3925,50.185208333333335,-0.02162283251470143,-0.0038271896889612543,-0.017795642825740175
2025-05-16 11:35:00,50.4,50.4,50.4,50.4,2000,100800.0,50.41,50.39416666666667,50.185624999999995,-0.01717138996597356,-0.006496029744363716,-0.010675360221609843
2025-05-16 12:06:00,50.3,50.3,50.3,50.3,2000,100600.0,50.394999999999996,50.39083333333334,50.186458333333334,-0.02146531514897987,-0.009489886825286948,-0.011975428323692921
2025-05-16 13:09:00,49.85,49.85,49.85,49.85,1000,49850.0,50.3625,50.37833333333333,50.18416666666666,-0.060482318467293794,-0.01968837315368832,-0.04079394531360547
2025-05-16 13:10:00,50.3,50.3,50.3,50.3,1000,50300.0,50.3575,50.376666666666665,50.18375,-0.054464502623041255,-0.026643599047558912,-0.027820903575482343
2025-05-16 13:13:00,50.3,50.3,50.3,50.3,2000,100600.0,50.342499999999994,50.375,50.184999999999995,-0.04912901154708038,-0.03114068154746321,-0.01798832999961717
2025-05-16 13:42:00,50.1,50.3,50.1,50.3,6000,300800.0,50.3425,50.375,50.184583333333336,-0.0443889087206486,-0.03379032698210029,-0.010598581738548309
2025-05-16 14:00:00,50.3,50.3,50.3,50.3,50,2515.0,50.3275,50.37333333333333,50.18541666666667,-0.040169296435323076,-0.03506612087274485,-0.0051031755625782285
2025-05-19 09:01:00,50.3,50.3,50.3,50.3,1000,50300.0,50.3275,50.37833333333333,50.18666666666666,-0.03640556263416528,-0.03533400922502893,-0.0010715534091363457
2025-05-19 09:59:00,50.3,50.3,50.3,50.3,1000,50300.0,50.3125,50.37833333333333,50.1875,-0.03304189013885406,-0.03487558540779396,0.0018336952689399014
2025-05-19 10:20:00,50.4,50.4,50.4,50.4,1000,50400.0,50.3175,50.379999999999995,50.187916666666666,-0.022052780461457644,-0.03231102441852669,0.01025824395706905
2025-05-19 10:29:00,50.4,50.4,50.4,50.4,1000,50400.0,50.3225,50.37833333333333,50.18958333333333,-0.013191765409807488,-0.028487172616782852,0.015295407206975364
2025-05-19 10:42:00,50.2,50.2,50.2,50.2,3000,150600.0,50.3075,50.37333333333333,50.18958333333333,-0.022053457145297273,-0.02720042952248574,0.005146972377188468
2025-05-19 10:44:00,50.4,50.4,50.4,50.4,1000,50400.0,50.3125,50.37166666666666,50.19041666666667,-0.012790640617311055,-0.024318471741450805,0.01152783112413975
2025-05-19 10:55:00,50.4,50.4,50.4,50.4,2000,100800.0,50.317499999999995,50.36333333333333,50.19083333333333,-0.005387685894625349,-0.020532314572085715,0.015144628677460366
2025-05-19 11:18:00,50.2,50.4,50.2,50.4,7000,351800.0,50.31249999999999,50.365,50.192499999999995,0.0004737479866321337,-0.016331102060342145,0.01680485004697428
2025-05-19 11:20:00,50.4,50.4,50.4,50.4,1000,50400.0,50.30749999999999,50.36166666666667,50.19291666666667,0.0050606406515782965,-0.012052753517958056,0.017113394169536354
2025-05-19 11:55:00,50.0,50.1,50.0,50.1,2000,100100.0,50.2975,50.358333333333334,50.19208333333333,-0.015334935074186262,-0.012709189829203698,-0.0026257452449825643
2025-05-19 11:57:00,50.4,50.4,50.4,50.4,1000,50400.0,50.302499999999995,50.36000000000001,50.19416666666667,-0.007207993718893135,-0.011608950607141587,0.0044009568882484515
2025-05-19 12:06:00,50.0,50.0,50.0,50.0,1000,50000.0,50.287499999999994,50.351666666666674,50.19291666666667,-0.03266742150355384,-0.01582064478642404,-0.0168467767171298
2025-05-19 12:10:00,50.4,50.4,50.4,50.4,1000,50400.0,50.292500000000004,50.34833333333333,50.193333333333335,-0.02033315641742206,-0.016723147112623644,-0.0036100093047984165
2025-05-19 12:13:00,50.4,50.5,50.1,50.2,5000,251600.0,50.2825,50.34166666666667,50.19291666666666,-0.026392257487628967,-0.01865696918762471,-0.007735288300004257
2025-05-19 12:28:00,50.4,50.4,50.4,50.4,2000,100800.0,50.287499999999994,50.348333333333336,50.19500000000001,-0.014884234024265197,-0.01790242215495281,0.0030181881306876115
2025-05-19 13:22:00,50.2,50.2,50.2,50.2,1000,50200.0,50.305,50.34166666666667,50.19458333333333,-0.021652771378903424,-0.018652491999742934,-0.0030002793791604893
2025-05-19 13:23:00,50.4,50.4,50.2,50.2,2000,100600.0,50.3,50.339999999999996,50.19500000000001,-0.026709001256428166,-0.020263793851079983,-0.0064452074053481835
2025-05-19 13:24:00,50.5,50.5,50.5,50.5,1000,50500.0,50.31,50.33833333333333,50.19541666666667,-0.006434434906836373,-0.01749792206223126,0.011063487155394888
2025-05-19 13:58:00,50.2,50.2,50.2,50.2,5000,251000.0,50.30499999999999,50.33833333333334,50.19624999999999,-0.014408100189548634,-0.016879957687694735,0.0024718574981461017
2025-05-19 13:59:00,50.0,50.2,50.0,50.2,6000,300600.0,50.3,50.34416666666666,50.19583333333333,-0.020491078970138688,-0.017602181944183528,-0.0028888970259551595
2025-05-19 14:05:00,50.1,50.1,50.1,50.1,3000,150300.0,50.290000000000006,50.342499999999994,50.19625,-0.033000636943882,-0.020681872944123224,-0.012318763999758776
2025-05-19 14:07:00,50.0,50.2,50.0,50.2,4000,200200.0,50.285,50.34583333333333,50.19583333333333,-0.03444828906639685,-0.023435156168577952,-0.011013132897818901
2025-05-19 14:20:00,50.2,50.2,50.0,50.0,6000,300800.0,50.265,50.34583333333333,50.19708333333333,-0.05114433230693294,-0.02897699139624895,-0.022167340910683987
2025-05-19 14:24:00,50.3,50.3,50.3,50.3,1000,50300.0,50.260000000000005,50.34083333333333,50.1975,-0.03971081254032072,-0.03112375562506331,-0.008587056915257407
2025-05-20 09:08:00,50.7,50.7,50.7,50.7,1000,50700.0,50.285,50.3525,50.19958333333333,0.001608450097791092,-0.02457731448049243,0.026185764578283522
2025-05-20 09:42:00,50.0,50.0,50.0,50.0,1000,50000.0,50.265,50.34916666666666,50.19875,-0.021877693990262514,-0.02403739038244645,0.0021596963921839338
2025-05-20 09:43:00,50.5,50.5,50.5,50.5,1000,50500.0,50.269999999999996,50.3475,50.20166666666667,-0.00014316079440845897,-0.01925854446483885,0.01911538367043039
2025-05-20 09:46:00,50.0,50.0,50.0,50.0,1000,50000.0,50.25,50.3375,50.20083333333333,-0.022999088794293243,-0.02000665333072973,-0.002992435463563512
2025-05-20 09:48:00,50.5,50.5,50.5,50.5,1000,50500.0,50.255,50.3375,50.20354166666666,-0.000758017127040489,-0.016156926089991884,0.015398908962951395
2025-05-20 10:10:00,50.1,50.1,50.1,50.1,1000,50100.0,50.255,50.33416666666666,50.203125,-0.015232869614202116,-0.01597211479483393,0.0007392451806318145
2025-05-20 10:57:00,50.1,50.2,50.0,50.2,7000,350600.0,50.245000000000005,50.32749999999999,50.20458333333333,-0.018422764074351505,-0.016462244650737444,-0.0019605194236140613
2025-05-20 11:11:00,50.4,50.4,50.4,50.4,1000,50400.0,50.265,50.32416666666666,50.205416666666665,-0.00475760715197282,-0.014121317150984518,0.009363709999011698
2025-05-20 12:25:00,49.9,50.1,49.9,50.1,4000,199800.0,50.25,50.320833333333326,50.20541666666667,-0.017928693812201857,-0.014882792483227988,-0.003045901328973869
2025-05-20 12:26:00,50.3,50.3,49.85,50.0,5000,250000.0,50.24,50.31083333333333,50.20458333333333,-0.036020813630756265,-0.019110396712733648,-0.016910416918022617
2025-05-20 12:27:00,50.3,50.3,50.3,50.3,1000,50300.0,50.235,50.30583333333333,50.20583333333333,-0.02585343384608052,-0.020459004139403023,-0.005394429706677497
2025-05-20 13:00:00,49.85,50.0,49.85,50.0,6000,299550.0,50.225,50.2975,50.205,-0.04152453590827321,-0.024672110493177062,-0.016852425415096146
2025-05-20 13:06:00,50.3,50.3,50.3,50.3,1000,50300.0,50.230000000000004,50.295833333333334,50.204166666666666,-0.02939762685833358,-0.025617213766208367,-0.0037804130921252135
2025-05-20 14:44:00,50.0,50.0,50.0,50.0,1000,50000.0,50.205,50.285833333333336,50.204166666666666,-0.04349309553022351,-0.0291923901190114,-0.014300705411212113
2025-05-20 14:53:00,49.9,49.9,49.9,49.9,8000,399200.0,50.190000000000005,50.27916666666666,50.20375,-0.06201811405628632,-0.03575753490646639,-0.026260579149819933
2025-05-20 14:54:00,49.9,50.5,49.9,50.4,38000,1902300.0,50.2,50.27583333333333,50.20458333333333,-0.035939218439317244,-0.035793871613036564,-0.00014534682628068035
2025-05-20 14:58:00,50.0,50.0,50.0,50.0,1000,50000.0,50.195,50.270833333333336,50.20375,-0.04700630342955492,-0.03803635797634024,-0.008969945453214681
2025-05-20 15:00:00,50.4,50.4,50.4,50.4,1000,50400.0,50.205,50.2675,50.204166666666666,-0.023232580234676448,-0.03507560242800748,0.011843022193331033
2025-05-21 09:01:00,50.4,50.4,50.4,50.4,1000,50400.0,50.225,50.26916666666667,50.20645833333333,-0.00434168507931787,-0.02892881895826956,0.02458713387895169
2025-05-21 11:06:00,50.0,50.2,50.0,50.2,4000,200200.0,50.22,50.2675,50.20645833333333,-0.005446064258691763,-0.024232268018354,0.018786203759662237
2025-05-21 11:50:00,50.2,50.2,50.2,50.2,1000,50200.0,50.19500000000001,50.2625,50.20645833333334,-0.006249255191150382,-0.020635665452913277,0.014386410261762895
2025-05-21 11:57:00,50.0,50.0,50.0,50.0,2000,100000.0,50.19500000000001,50.25750000000001,50.20520833333333,-0.02276173520728264,-0.02106087940378715,-0.00170085580349549
2025-05-21 12:00:00,50.2,50.2,50.2,50.2,1000,50200.0,50.18,50.255833333333335,50.206041666666664,-0.019485054476817254,-0.020745714418393173,0.0012606599415759187
2025-05-21 12:39:00,50.2,50.2,50.2,50.2,1000,50200.0,50.190000000000005,50.250833333333325,50.20604166666667,-0.01669580257144787,-0.019935732049004114,0.0032399294775562436
2025-05-21 13:12:00,50.2,50.2,50.2,50.2,10,502.0,50.175,50.24583333333333,50.206875,-0.014320225693204236,-0.01881263077784414,0.004492405084639904
2025-05-21 14:11:00,50.2,50.2,50.2,50.2,500,25100.0,50.18,50.244166666666665,50.206875,-0.012295825282123474,-0.017509269678700007,0.005213444396576533
2025-05-21 14:31:00,50.2,50.2,50.2,50.2,2000,100400.0,50.18,50.2425,50.20895833333334,-0.010569633218949548,-0.016121342386749914,0.005551709167800366
2025-05-21 14:33:00,50.2,50.2,50.2,50.2,1000,50200.0,50.17,50.24083333333333,50.20854166666666,-0.00909675187919845,-0.01471642428523962,0.00561967240604117
2025-05-21 14:38:00,50.0,50.4,50.0,50.4,39000,1954800.0,50.185,50.2425,50.212291666666665,0.008115297624925688,-0.010150079903206558,0.018265377528132246
2025-05-21 14:48:00,50.0,50.0,50.0,50.0,6000,300000.0,50.185,50.23583333333333,50.21187499999999,-0.010400792337648568,-0.01020022239009496,-0.0002005699475536079
2025-05-21 14:54:00,50.2,50.2,50.2,50.2,1000,50200.0,50.18,50.23416666666666,50.21458333333333,-0.008834756925566012,-0.00992712929718917,0.0010923723716231588
2025-05-22 09:01:00,50.2,50.2,50.2,50.2,1000,50200.0,50.190000000000005,50.24,50.215,-0.0075071251135270245,-0.009443128460456742,0.001936003346929718
2025-05-22 09:23:00,50.3,50.3,50.3,50.3,2000,100600.0,50.19,50.24,50.21875,0.0015958015211197107,-0.0072353424641414515,0.008831143985261162
2025-05-22 09:24:00,50.3,50.3,50.3,50.3,1000,50300.0,50.205,50.24,50.21916666666666,0.008709538325810229,-0.004046366306151115,0.012755904631961343
2025-05-22 09:27:00,50.4,50.4,50.4,50.4,50,2520.0,50.230000000000004,50.24166666666667,50.22083333333333,0.02216093282149245,0.0011950935193776,0.02096583930211485
2025-05-22 09:39:00,50.4,50.4,50.2,50.2,3000,150800.0,50.22,50.24,50.22083333333333,0.016492812465443762,0.004254637308590834,0.012238175156852929
2025-05-22 10:18:00,50.4,50.4,50.4,50.4,3000,151200.0,50.239999999999995,50.24166666666667,50.2225,0.0278184411042659,0.008967398067725849,0.018851043036540054
2025-05-22 10:27:00,50.5,50.5,50.3,50.3,4000,201800.0,50.235,50.24166666666667,50.22375,0.02839756962636386,0.012853432379453454,0.015544137246910407
2025-05-22 10:28:00,51.0,51.0,50.2,51.0,8000,404300.0,50.265,50.251666666666665,50.228541666666665,0.08436813961233014,0.0271563738260288,0.05721176578630134
2025-05-22 10:32:00,50.9,50.9,50.9,50.9,2000,101800.0,50.3,50.26,50.23145833333333,0.11928105752597418,0.045581310566017885,0.07369974695995629
2025-05-22 10:33:00,50.2,50.2,50.2,50.2,1000,50200.0,50.3,50.260000000000005,50.231458333333336,0.08943469911044843,0.054351988274904006,0.03508271083554443
2025-05-22 10:36:00,50.2,50.4,50.2,50.4,1500,75400.0,50.32,50.26,50.231874999999995,0.08098601717109943,0.0596787940541431,0.021307223116956334
2025-05-22 10:41:00,50.4,50.9,50.4,50.9,3000,151700.0,50.355000000000004,50.26833333333333,50.23729166666667,0.11332980178077179,0.07040899559946885,0.04292080618130294
2025-05-22 10:42:00,50.4,50.4,50.4,50.4,1000,50400.0,50.364999999999995,50.26833333333333,50.23770833333333,0.09749282616976274,0.07582576171352763,0.021667064456235105
2025-05-22 10:51:00,50.3,50.4,50.2,50.4,9500,477500.0,50.375,50.26833333333333,50.238125,0.0839739099369794,0.077455391358218,0.006518518578761401
2025-05-22 10:54:00,50.0,50.0,50.0,50.0,5000,250000.0,50.364999999999995,50.266666666666666,50.23770833333333,0.0405163669063171,0.07006758646783783,-0.029551219561520722
2025-05-22 10:55:00,50.2,50.2,50.2,50.2,4000,200800.0,50.364999999999995,50.26333333333333,50.23854166666667,0.0219611253078682,0.0604462942358439,-0.038485168927975696
2025-05-22 10:56:00,50.3,50.3,50.3,50.3,3000,150900.0,50.37,50.26833333333333,50.23979166666666,0.015150481601864385,0.051387131709048,-0.03623665010718362
2025-05-22 10:57:00,50.3,50.4,50.1,50.4,8000,401500.0,50.370000000000005,50.26833333333334,50.241458333333334,0.017619060104543394,0.04463351738814709,-0.027014457283603695
2025-05-22 11:00:00,50.4,50.4,50.2,50.2,4000,201200.0,50.38,50.26833333333333,50.24145833333333,0.0033979286168559497,0.036386399633888865,-0.032988471017032915
2025-05-22 11:41:00,50.1,50.1,50.0,50.0,5000,250300.0,50.37,50.26166666666666,50.240625,-0.023737122305035996,0.024361695246103893,-0.048098817551139886
2025-05-22 11:42:00,50.3,50.3,50.3,50.3,1000,50300.0,50.375,50.263333333333335,50.24020833333334,-0.020794645137804935,0.015330427169322128,-0.03612507230712706
2025-05-22 12:56:00,50.0,50.2,50.0,50.2,9000,450600.0,50.37,50.263333333333335,50.240208333333335,-0.026229517498080668,0.007018438235841567,-0.03324795573392224
2025-05-22 13:06:00,50.2,50.2,50.0,50.2,7000,350600.0,50.364999999999995,50.25833333333333,50.24104166666667,-0.03018869649832112,-0.00042298871099097287,-0.029765707787330148
2025-05-22 13:21:00,50.2,50.2,50.0,50.2,10000,501000.0,50.355,50.25833333333333,50.24104166666666,-0.03294658663813266,-0.006927708296419313,-0.026018878341713344
2025-05-22 14:02:00,50.2,50.2,50.2,50.2,2000,100400.0,50.355000000000004,50.25833333333333,50.243125,-0.034731867099367264,-0.012488540057008906,-0.02224332704235836
2025-05-23 09:01:00,50.4,50.4,50.4,50.4,1000,50400.0,50.355000000000004,50.263333333333335,50.243541666666665,-0.019780370399772096,-0.013946906125561544,-0.005833464274210552
2025-05-23 09:06:00,50.0,50.0,50.0,50.0,6000,300000.0,50.339999999999996,50.26,50.245,-0.03974964939126835,-0.019107454778702907,-0.020642194612565442
2025-05-23 09:07:00,50.2,50.2,50.2,50.2,1000,50200.0,50.3,50.26333333333333,50.244166666666665,-0.03898769248269929,-0.023083502319502187,-0.0159041901631971
2025-05-23 10:10:00,50.2,50.2,50.0,50.0,4000,200600.0,50.255,50.25833333333333,50.245625000000004,-0.05390082946336605,-0.029246967748274965,-0.024653861715091086
2025-05-23 10:21:00,50.3,50.3,50.3,50.3,1000,50300.0,50.26,50.251666666666665,50.24520833333334,-0.04103903274493348,-0.03160538074760667,-0.009433651997326806
2025-05-23 11:41:00,50.0,50.2,50.0,50.2,6000,300600.0,50.25,50.254999999999995,50.247083333333336,-0.03847165317642265,-0.03297863523336987,-0.005493017943052778
2025-05-23 11:46:00,50.3,50.3,50.3,50.3,1000,50300.0,50.22,50.251666666666665,50.249583333333334,-0.028044542082277246,-0.03199181660315135,0.003947274520874101
2025-05-23 12:43:00,49.9,50.3,49.9,50.3,2000,100200.0,50.215,50.25666666666667,50.25083333333334,-0.01955555712723367,-0.02950456470796781,0.00994900758073414
2025-05-23 12:45:00,50.3,50.3,50.3,50.3,2000,100600.0,50.21,50.25333333333333,50.25125,-0.012681787636793729,-0.026140009293732995,0.013458221656939266
2025-05-23 12:48:00,50.1,50.1,50.1,50.1,5000,250500.0,50.215,50.25333333333333,50.252500000000005,-0.023106249857818284,-0.025533257406550058,0.0024270075487317737
2025-05-23 12:49:00,49.9,49.9,49.9,49.9,4000,199600.0,50.2,50.248333333333335,50.251666666666665,-0.04696466043147751,-0.02981953801153555,-0.017145122419941962
2025-05-23 12:54:00,50.1,50.1,50.1,50.1,1000,50100.0,50.190000000000005,50.24333333333333,50.25291666666667,-0.04916752158824522,-0.03368913472687749,-0.01547838686136773
2025-05-23 13:00:00,50.2,50.2,50.2,50.2,5000,251000.0,50.17999999999999,50.245000000000005,50.25333333333333,-0.04235588834539783,-0.03542248545058156,-0.006933402894816268
2025-05-23 13:06:00,50.3,50.3,50.3,50.3,1000,50300.0,50.185,50.25,50.25416666666667,-0.02855924249022479,-0.03404983685851021,0.0054905943682854175
2025-05-26 09:03:00,50.0,50.0,49.85,50.0,6000,299700.0,50.185,50.245,50.25375,-0.04135606704824113,-0.035511082896456395,-0.005844984151784735
2025-05-26 09:04:00,50.1,50.1,50.1,50.1,1000,50100.0,50.175,50.24666666666667,50.253750000000004,-0.042933567006251394,-0.0369955797184154,-0.005937987287835997
2025-05-26 09:10:00,50.1,50.1,50.0,50.0,5000,250200.0,50.165000000000006,50.24166666666667,50.25333333333334,-0.051657436580121896,-0.0399279510907567,-0.011729485489365199
2025-05-26 09:11:00,50.2,50.2,50.2,50.2,1000,50200.0,50.165,50.245,50.25479166666666,-0.04194927243908353,-0.040332215360422065,-0.0016170570786614644
2025-05-26 09:19:00,50.3,50.3,50.1,50.1,9000,452100.0,50.16,50.248333333333335,50.25395833333334,-0.04184231452300935,-0.04063423519293952,-0.0012080793300698264
2025-05-26 09:20:00,50.5,50.5,50.5,50.5,1000,50500.0,50.175,50.25,50.255208333333336,-0.00937284818394346,-0.03438195779114031,0.02500910960719685
2025-05-26 09:21:00,50.0,50.0,50.0,50.0,3000,150000.0,50.155,50.25,50.255208333333336,-0.023713034406220856,-0.03224817311415642,0.008535138707935562
2025-05-26 09:22:00,50.2,50.2,50.2,50.2,1000,50200.0,50.165000000000006,50.24666666666667,50.255208333333336,-0.018723573077167543,-0.029543253106758642,0.010819680029591099
2025-05-26 09:48:00,50.0,50.0,50.0,50.0,1000,50000.0,50.155,50.24,50.25583333333334,-0.030555492855519617,-0.02974570105651084,-0.0008097917990087765
2025-05-26 09:49:00,50.0,50.0,50.0,50.0,2000,100000.0,50.155,50.23666666666667,50.255,-0.039477304729089724,-0.03169202179102662,-0.007785282938063104
2025-05-26 09:50:00,50.3,50.3,50.3,50.3,1000,50300.0,50.155,50.23833333333333,50.255,-0.022085820530563183,-0.029770781538933932,0.007684961008370749
2025-05-26 12:04:00,49.85,49.85,49.85,49.85,1000,49850.0,50.1375,50.235833333333325,50.25354166666667,-0.044105759457295335,-0.03263777712260622,-0.011467982334689118
2025-05-26 12:06:00,50.3,50.3,50.3,50.3,1000,50300.0,50.1375,50.2375,50.25541666666666,-0.02495778272516702,-0.031101778243118376,0.006143995517951355
2025-05-26 13:44:00,50.0,50.0,50.0,50.0,14000,700000.0,50.122499999999995,50.23416666666667,50.254999999999995,-0.03360301140825328,-0.031602024876145364,-0.0020009865321079165
2025-05-26 13:46:00,50.0,50.0,50.0,50.0,2000,100000.0,50.1075,50.23083333333333,50.254999999999995,-0.039993398423114,-0.033280299585539096,-0.006713098837574906
2025-05-26 13:48:00,50.2,50.2,50.2,50.2,14000,702800.0,50.1125,50.23083333333333,50.255833333333335,-0.02858993071768623,-0.03234222581196852,0.003752295094282293
2025-05-26 14:44:00,49.9,49.9,49.9,49.9,1000,49900.0,50.1125,50.22583333333333,50.25541666666666,-0.04326140267818346,-0.03452606118521151,-0.008735341492971949
2025-05-26 14:50:00,50.3,50.3,50.3,50.3,1000,50300.0,50.1225,50.2275,50.255833333333335,-0.02235430632041613,-0.03209171021225243,0.009737403891836305
2025-05-27 09:01:00,49.9,49.9,49.9,49.9,3000,149700.0,50.1075,50.219166666666666,50.254583333333336,-0.037628184600571046,-0.033199005089916155,-0.004429179510654892
2025-05-27 09:02:00,49.4,49.4,49.4,49.4,2000,98800.0,50.0625,50.20916666666666,50.25208333333333,-0.08905212701834841,-0.044369629475602614,-0.0446824975427458
2025-05-27 09:05:00,50.1,50.1,50.1,50.1,1000,50100.0,50.0675,50.2075,50.25166666666667,-0.07248624569873385,-0.04999295272022887,-0.022493292978504983
2025-05-27 09:11:00,50.1,50.1,50.1,50.1,2000,100200.0,50.067499999999995,50.20583333333333,50.25125,-0.05868122477083659,-0.05173060713035042,-0.00695061764048617
2025-05-27 09:16:00,50.2,50.2,50.2,50.2,2000,100400.0,50.0775,50.204166666666666,50.25083333333334,-0.03921938530002933,-0.04922836276428621,0.010008977464256878
2025-05-27 09:17:00,50.2,50.2,50.2,50.2,1000,50200.0,50.0775,50.2025,50.252500000000005,-0.023524560810940898,-0.04408760237361715,0.02056304156267625
2025-05-27 09:21:00,50.2,50.2,50.2,50.2,2000,100400.0,50.082499999999996,50.19916666666666,50.254374999999996,-0.010959959734748281,-0.03746207384584338,0.0265021141110951
2025-05-27 09:22:00,50.0,50.0,50.0,50.0,2000,100000.0,50.0575,50.19583333333333,50.255208333333336,-0.01694541519089654,-0.03335874211485401,0.016413326923957472
2025-05-27 10:17:00,49.95,49.95,49.95,49.95,1000,49950.0,50.055,50.18833333333334,50.25416666666667,-0.025430368437838524,-0.03177306737945092,0.006342698941612393
2025-05-27 10:18:00,50.2,50.2,50.2,50.2,1000,50200.0,50.055,50.186666666666675,50.25375,-0.011845299119201513,-0.027787513727401035,0.01594221460819952
2025-05-27 10:24:00,50.0,50.0,50.0,50.0,1000,50000.0,50.055,50.17,50.252916666666664,-0.01702115308187757,-0.025634241598296345,0.008613088516418774
2025-05-27 11:04:00,49.95,49.95,49.95,49.95,3000,149850.0,50.052499999999995,50.15416666666667,50.251875000000005,-0.02487094005454793,-0.025481581289546664,0.0006106412349987343
2025-05-27 11:05:00,50.2,50.2,50.2,50.2,1000,50200.0,50.0475,50.15416666666667,50.251875000000005,-0.010794608593769794,-0.02254418675039129,0.011749578156621497
2025-05-27 11:34:00,49.85,50.0,49.85,50.0,8000,399250.0,50.055,50.14750000000001,50.251041666666666,-0.015597544245927963,-0.02115485824949863,0.005557314003570665
2025-05-27 11:51:00,49.8,49.95,49.8,49.95,3000,149550.0,50.0375,50.13166666666667,50.250833333333325,-0.02317138221561521,-0.021558163042721946,-0.0016132191728932647
2025-05-27 11:52:00,50.1,50.1,50.1,50.1,1000,50100.0,50.042500000000004,50.126666666666665,50.250416666666666,-0.016875427551227062,-0.02062161594442297,0.0037461883931959074
2025-05-27 12:32:00,50.0,50.0,50.0,50.0,1000,50000.0,50.042500000000004,50.12,50.24916666666666,-0.019727594950346372,-0.02044281174560765,0.0007152167952612781
2025-05-27 12:41:00,49.8,49.8,49.8,49.8,9,448.2,50.0225,50.11666666666667,50.248749999999994,-0.037691799095526335,-0.02389260921559139,-0.013799189879934944
2025-05-27 12:45:00,50.1,50.1,50.1,50.1,1000,50100.0,50.032500000000006,50.115,50.24916666666666,-0.027405157909029754,-0.024595118954279068,-0.0028100389547506856
2025-05-28 09:08:00,50.1,50.1,50.1,50.1,1000,50100.0,50.0225,50.111666666666665,50.24875,-0.01903351415426613,-0.023482797994276484,0.004449283840010355
2025-05-28 09:35:00,49.8,49.8,49.8,49.8,1000,49800.0,50.0175,50.10166666666667,50.24791666666667,-0.036189251791945765,-0.02602408875381034,-0.010165163038135423
2025-05-28 09:36:00,50.1,50.1,50.1,50.1,1000,50100.0,50.052499999999995,50.1,50.247499999999995,-0.025286319721260497,-0.025876534947300377,0.0005902152260398794
2025-05-28 10:06:00,49.9,49.9,49.9,49.9,6000,299400.0,50.042500000000004,50.098333333333336,50.24708333333333,-0.03241038924171846,-0.027183305806184,-0.005227083435534463
2025-05-28 10:10:00,50.1,50.1,50.1,50.1,5000,250500.0,50.0425,50.095,50.24666666666666,-0.02166816007122918,-0.02608027665919304,0.004412116587963859
2025-05-28 10:11:00,50.1,50.1,50.1,50.1,1000,50100.0,50.0375,50.093333333333334,50.24625,-0.013004953056494628,-0.023465211938653356,0.010460258882158728
2025-05-28 10:31:00,49.8,50.1,49.8,50.1,2000,99900.0,50.0325,50.091666666666676,50.24666666666667,-0.0060693355599781285,-0.019986036662918313,0.013916701102940184
2025-05-28 11:31:00,49.8,50.1,49.8,50.1,2000,99900.0,50.0275,50.09,50.24625,-0.0005662809908031363,-0.016102085528495277,0.015535804537692141
2025-05-28 12:16:00,49.8,50.1,49.8,50.1,2000,99900.0,50.032500000000006,50.08833333333334,50.24583333333333,0.0037516823439176505,-0.012131331954012692,0.01588301429793034
2025-05-28 12:56:00,49.8,49.8,49.8,49.8,1000,49800.0,50.025,50.07833333333334,50.244166666666665,-0.016839676095763423,-0.013073000782362839,-0.003766675313400584
2025-05-28 12:57:00,50.1,50.1,50.1,50.1,1000,50100.0,50.019999999999996,50.080000000000005,50.245000000000005,-0.008848977709810413,-0.012228196167852354,0.003379218458041941
2025-05-28 14:32:00,50.1,50.1,50.1,50.1,2000,100200.0,50.025,50.07833333333334,50.245,-0.00248761598052738,-0.01028008013038736,0.007792464149859979
2025-05-28 14:33:00,50.0,50.0,50.0,50.0,5000,250000.0,50.0275,50.07833333333334,50.24416666666666,-0.0054525021928526485,-0.009314564542880419,0.00386206235002777
2025-05-28 15:00:00,49.8,50.1,49.8,50.1,2900,145020.0,50.0225,50.075,50.24458333333333,0.0002639260133605603,-0.007398866431632223,0.007662792444992783
2025-05-29 09:01:00,49.8,49.8,49.8,49.8,1,49.8,50.0125,50.06833333333334,50.2425,-0.019192022554570087,-0.009757497656219798,-0.00943452489835029
2025-05-29 09:03:00,50.1,50.1,50.0,50.0,4000,200100.0,50.015,50.06333333333334,50.2425,-0.018262158639934967,-0.011458429852962833,-0.0068037287869721335
2025-05-29 09:15:00,50.1,50.2,50.0,50.0,7000,350800.0,50.010000000000005,50.05833333333333,50.24166666666667,-0.017325517012906744,-0.012631847284951616,-0.004693669727955128
2025-05-29 09:19:00,50.0,50.0,50.0,50.0,5000,250000.0,50.010000000000005,50.053333333333335,50.240833333333335,-0.01639423919101546,-0.013384325666164387,-0.003009913524851072
2025-05-29 09:28:00,49.9,50.3,49.9,50.3,2000,100200.0,50.035,50.056666666666665,50.24208333333333,0.008453847298397932,-0.009016691073251922,0.017470538371649854
2025-05-29 09:34:00,50.0,50.0,50.0,50.0,1000,50000.0,50.029999999999994,50.05833333333333,50.24125,0.0038937572567832035,-0.0064346014072448965,0.0103283586640281
2025-05-29 09:50:00,50.2,50.2,50.2,50.2,3000,150600.0,50.035000000000004,50.06000000000001,50.24125000000001,0.01623107979105498,-0.00190146516758492,0.0181325449586399
2025-05-29 09:51:00,50.2,50.2,50.2,50.2,1000,50200.0,50.055,50.059999999999995,50.24208333333333,0.025712103659323304,0.0036212485977967263,0.02209085506152658
2025-05-29 09:52:00,50.2,50.2,50.0,50.0,6000,300200.0,50.05,50.055,50.24041666666666,0.016892824881928448,0.0062755638546230725,0.010617261027305376
2025-05-29 09:53:00,49.9,50.1,49.9,50.1,5000,249900.0,50.059999999999995,50.056666666666665,50.24041666666667,0.017767830684455532,0.008574017220589565,0.009193813463865967
2025-05-29 10:31:00,49.85,49.85,49.85,49.85,1000,49850.0,50.0475,50.0525,50.23854166666667,-0.0016921258028332886,0.006520788615904994,-0.008212914418738282
2025-05-29 10:32:00,50.1,50.1,50.1,50.1,1000,50100.0,50.0475,50.05416666666667,50.23854166666667,0.0030237729698328053,0.005821385486690556,-0.0027976125168577507
2025-05-29 10:44:00,50.1,50.1,50.1,50.1,5000,250500.0,50.0475,50.0525,50.23895833333333,0.006684106504316389,0.005993929690215723,0.000690176814100666
2025-05-29 10:54:00,49.9,50.1,49.9,50.1,12000,599800.0,50.0475,50.0525,50.238125,0.009475717034128195,0.006690287158998219,0.002785429875129976
2025-05-29 11:31:00,49.9,49.9,49.9,49.9,1000,49900.0,50.0375,50.042500000000004,50.23645833333333,-0.004399525052591002,0.004472324716680374,-0.008871849769271377
2025-05-29 11:33:00,50.2,50.2,50.2,50.2,1000,50200.0,50.0575,50.045833333333334,50.236041666666665,0.008711319751860458,0.005320123723716391,0.003391196028144067
2025-05-29 13:03:00,49.85,49.85,49.85,49.85,3000,149550.0,50.045,50.04,50.23416666666667,-0.00903615306233263,0.0024488683665065862,-0.011485021428839216
2025-05-29 13:05:00,50.2,50.2,50.2,50.2,1000,50200.0,50.05,50.04333333333333,50.23374999999999,0.0050823357933538205,0.0029755618518760335,0.002106773941477787
2025-05-29 13:22:00,49.85,49.85,49.85,49.85,1000,49850.0,50.042500000000004,50.04083333333333,50.232708333333335,-0.011834316365792574,1.358620834231117e-05,-0.011847902574134886
2025-05-29 13:24:00,50.2,50.2,50.2,50.2,1000,50200.0,50.0475,50.039166666666674,50.233125,0.0029669882544283155,0.0006042666175595122,0.0023627216368688033
2025-06-02 09:03:00,50.2,50.2,50.2,50.2,1000,50200.0,50.0675,50.045,50.23229166666667,0.014529640156261792,0.0033893413252999694,0.011140298830961822
2025-06-02 09:05:00,50.2,50.2,50.0,50.0,5000,250400.0,50.0675,50.04,50.230624999999996,0.007468702014897133,0.004205213463219402,0.0032634885516777306
2025-06-02 09:06:00,50.2,50.2,50.2,50.2,1000,50200.0,50.0775,50.04333333333333,50.230625,0.017805930513652868,0.006925356873306097,0.01088057364034677
2025-06-02 09:26:00,50.2,50.2,50.2,50.2,1000,50200.0,50.0875,50.04666666666667,50.22979166666667,0.025701982123635503,0.01068068192337198,0.015021300200263522
2025-06-02 09:31:00,49.9,49.9,49.9,49.9,1000,49900.0,50.0675,50.04166666666667,50.228125,0.007663823332322295,0.010077310205162044,-0.0024134868728397495
2025-06-02 09:32:00,50.2,50.2,50.2,50.2,1000,50200.0,50.0775,50.04666666666667,50.226875,0.017375649654432834,0.011536978095016203,0.005838671559416631
2025-06-02 10:31:00,49.9,49.9,49.9,49.9,1000,49900.0,50.0625,50.04,50.225208333333335,0.0008549933580255242,0.009400581147618069,-0.008545587789592544
2025-06-02 10:35:00,50.2,50.2,50.2,50.2,1000,50200.0,50.0625,50.044999999999995,50.22479166666666,0.011833339640240581,0.009887132846142573,0.0019462067940980085
2025-06-02 11:31:00,49.9,49.9,49.9,49.9,1000,49900.0,50.0575,50.053333333333335,50.223124999999996,-0.0036318687100589386,0.00718333253490227,-0.010815201244961208
2025-06-02 11:32:00,50.2,50.2,50.2,50.2,1000,50200.0,50.06250000000001,50.05499999999999,50.221875,0.008224527809915116,0.00739157158990484,0.0008329562200102766
2025-06-02 12:16:00,49.9,49.9,49.9,49.9,1000,49900.0,50.065000000000005,50.05166666666666,50.21895833333333,-0.006511623381669551,0.004610932595589961,-0.011122555977259512
2025-06-02 12:18:00,50.2,50.2,50.2,50.2,1000,50200.0,50.07,50.05166666666667,50.218125,0.005948789483973371,0.004878503973266644,0.0010702855107067276
2025-06-02 12:19:00,49.9,49.9,49.9,49.9,2000,99800.0,50.06,50.04666666666666,50.21604166666667,-0.008288195188065117,0.002245164141000291,-0.010533359329065408
2025-06-02 12:20:00,49.9,49.9,49.9,49.9,1000,49900.0,50.05,50.041666666666664,50.214375,-0.01934807554149387,-0.0020734837954985426,-0.017274591745995327
2025-06-02 12:21:00,50.2,50.2,50.2,50.2,1000,50200.0,50.065,50.045,50.213541666666664,-0.0038611091455749147,-0.002431008865513817,-0.0014301002800610977
2025-06-02 13:03:00,49.95,49.95,49.95,49.95,1000,49950.0,50.0525,50.044999999999995,50.21333333333334,-0.011626464714062479,-0.00427010003522355,-0.007356364678838928
2025-06-02 13:06:00,50.2,50.2,50.2,50.2,1000,50200.0,50.07000000000001,50.044999999999995,50.212916666666665,0.0023650825153538335,-0.0029430635251080734,0.005308146040461907
2025-06-02 13:33:00,50.2,50.2,50.0,50.0,4000,200400.0,50.06,50.044999999999995,50.211666666666666,-0.002654247518769637,-0.0028853003238403863,0.00023105280507074947
2025-06-02 13:49:00,50.0,50.2,50.0,50.2,6000,300600.0,50.0775,50.04916666666667,50.21041666666667,0.009397892739620772,-0.0004286617111481539,0.009826554450768927
2025-06-02 14:07:00,49.9,49.9,49.9,49.9,2000,99800.0,50.0625,50.04416666666667,50.20791666666666,-0.0051982696532562045,-0.0013825832995697643,-0.00381568635368644
2025-06-02 14:08:00,50.3,50.3,50.3,50.3,1000,50300.0,50.0675,50.049166666666665,50.20708333333333,0.015334062029282336,0.001960745766200657,0.01337331626308168
2025-06-03 09:06:00,49.9,50.0,49.9,50.0,2000,99900.0,50.0675,50.05,50.20333333333333,0.007314275603583553,0.0030314517336772367,0.004282823869906317
2025-06-03 09:10:00,50.0,50.0,50.0,50.0,1000,50000.0,50.0575,50.04833333333333,50.202083333333334,0.0009476135822765741,0.0026146841033971046,-0.0016670705211205305
2025-06-03 09:11:00,50.0,50.2,50.0,50.2,3000,150400.0,50.057500000000005,50.05166666666667,50.20041666666667,0.011903105006233261,0.004472368283964336,0.007430736722268925
2025-06-03 09:14:00,50.2,50.2,50.2,50.2,30,1506.0,50.072500000000005,50.05833333333333,50.20000000000001,0.020350819312682233,0.0076480584897079176,0.012702760822974316
2025-06-03 09:42:00,50.1,50.1,50.1,50.1,3000,150300.0,50.0675,50.05833333333333,50.19916666666666,0.018760272751492835,0.009870501342064903,0.008889771409427932
2025-06-03 10:02:00,50.2,50.2,50.2,50.2,1000,50200.0,50.0825,50.06000000000001,50.197916666666664,0.025277533733451207,0.012951907820342166,0.012325625913109041
2025-06-03 10:08:00,50.0,50.0,50.0,50.0,5000,250000.0,50.072500000000005,50.06333333333334,50.19541666666667,0.014141170870495046,0.013189760430372743,0.0009514104401223029
2025-06-03 10:29:00,49.95,49.95,49.95,49.95,1000,49950.0,50.075,50.060833333333335,50.19270833333334,0.0012663433183774941,0.010805077007973693,-0.009538733689596198
2025-06-03 10:32:00,50.2,50.2,50.2,50.2,1000,50200.0,50.075,50.06583333333333,50.19354166666667,0.011107816395004022,0.01086562488537976,0.00024219150962426217
2025-06-03 13:04:00,49.9,49.9,49.9,49.9,1000,49900.0,50.075,50.0625,50.190625,-0.005239836509574047,0.007644532606388999,-0.012884369115963046
2025-06-03 13:21:00,50.2,50.2,50.2,50.2,1000,50200.0,50.075,50.06416666666667,50.19020833333333,0.005943510491213999,0.007304328183354,-0.001360817692140001
2025-06-03 14:05:00,50.2,50.2,50.0,50.0,11000,551400.0,50.08,50.0625,50.18770833333334,-0.0013167562231615193,0.005580111302050896,-0.006896867525212415
2025-06-03 14:06:00,50.2,50.2,50.2,50.2,3000,150600.0,50.095,50.064166666666665,50.18770833333334,0.00896442234788708,0.006256973511218133,0.002707448836668947
2025-06-04 09:11:00,50.3,50.3,50.3,50.3,1000,50300.0,50.10000000000001,50.0675,50.18958333333333,0.024894526101860492,0.009984484029346607,0.014910042072513886
2025-06-04 09:31:00,49.9,49.9,49.9,49.9,1000,49900.0,50.097500000000004,50.06916666666666,50.18833333333334,0.005182846409375941,0.009024156505352474,-0.003841310095976533
2025-06-04 09:32:00,50.2,50.2,50.2,50.2,1000,50200.0,50.0975,50.07083333333333,50.18916666666667,0.013611782873560685,0.009941681778994117,0.0036701010945665684
2025-06-04 09:43:00,50.2,50.2,50.2,50.2,1000,50200.0,50.1075,50.0725,50.190000000000005,0.02006053044095779,0.011965451511386853,0.008095078929570938
2025-06-04 09:48:00,50.2,50.2,50.0,50.0,4000,200200.0,50.097500000000004,50.0725,50.1875,0.008929942005828195,0.011358349610275122,-0.002428407604446927
2025-06-04 10:31:00,49.9,50.1,49.9,50.1,3000,150100.0,50.1075,50.0725,50.187916666666666,0.008084837767412978,0.010703647241702694,-0.0026188094742897166
2025-06-04 11:28:00,50.2,50.2,50.2,50.2,1000,50200.0,50.1025,50.079166666666666,50.187916666666666,0.015307792135978104,0.011624476220557779,0.003683315915420326
2025-06-04 11:32:00,49.9,49.9,49.9,49.9,1000,49900.0,50.097500000000004,50.0775,50.184999999999995,-0.00313926973635148,0.008671727029175928,-0.011810996765527408
2025-06-04 11:39:00,50.2,50.2,50.2,50.2,1000,50200.0,50.1075,50.08083333333333,50.183333333333344,0.006375303095708773,0.008212442242482496,-0.0018371391467737232
2025-06-04 12:19:00,49.9,49.9,49.9,49.9,1000,49900.0,50.09250000000001,50.079166666666666,50.18083333333334,-0.010174536458606553,0.004535046502264686,-0.014709582960871239
2025-06-04 12:32:00,50.2,50.2,50.2,50.2,2000,100400.0,50.0925,50.0775,50.180416666666666,0.0009066380952376107,0.0038093648208592707,-0.00290272672562166
2025-06-04 13:12:00,50.0,50.0,50.0,50.0,20000,1000000.0,50.0875,50.0775,50.17791666666666,-0.006376278001837932,0.00177223625631983,-0.008148514258157762
2025-06-04 13:13:00,50.0,50.0,50.0,50.0,95000,4750000.0,50.0775,50.07416666666666,50.17541666666667,-0.01200960226021408,-0.0009841314469869532,-0.011025470813227127
2025-06-04 13:29:00,50.2,50.2,50.2,50.2,113000,5672600.0,50.0875,50.07416666666667,50.175,-0.00033189787848186825,-0.0008536847332859362,0.0005217868548040679
2025-06-04 13:31:00,50.2,50.2,50.2,50.2,2000,100400.0,50.1,50.0775,50.17333333333333,0.00882108302320006,0.0010812688180112638,0.007739814205188797
2025-06-05 09:27:00,50.2,50.2,50.2,50.2,1000,50200.0,50.1,50.079166666666666,50.17166666666667,0.01589169674362978,0.004043354403134968,0.01184834234049481
2025-06-05 09:29:00,49.9,50.2,49.9,50.2,2000,100100.0,50.115,50.085,50.170416666666675,0.02125024941069853,0.007484733404647682,0.013765516006050848
2025-06-05 09:45:00,50.2,50.2,50.0,50.0,4000,200200.0,50.105000000000004,50.083333333333336,50.16875,0.009251961620961424,0.007838179047910432,0.0014137825730509927
2025-06-05 10:06:00,49.9,49.9,49.9,49.9,1000,49900.0,50.1,50.080000000000005,50.16583333333334,-0.008231049742754237,0.004624333289777498,-0.012855383032531736
2025-06-05 10:07:00,50.2,50.2,50.2,50.2,1000,50200.0,50.1,50.08166666666667,50.16541666666667,0.002096859299840048,0.004118838491790008,-0.0020219791919499595
2025-06-05 10:28:00,50.2,50.2,50.2,50.2,1000,50200.0,50.095,50.08666666666667,50.16375,0.010164630096177518,0.00532799681266751,0.004836633283510008
2025-06-05 10:31:00,49.9,49.9,49.9,49.9,1000,49900.0,50.095,50.08166666666667,50.162083333333335,-0.007561927030302229,0.002750012044073562,-0.010311939074375791
2025-06-05 10:32:00,50.2,50.2,50.0,50.0,4000,200200.0,50.085,50.08416666666666,50.15958333333333,-0.013386871479461604,-0.00047736466063347195,-0.012909506818828131
2025-06-05 10:50:00,50.2,50.2,50.2,50.2,1000,50200.0,50.085,50.08416666666667,50.15916666666667,-0.0018436015011218387,-0.0007506120287311455,-0.0010929894723906933
2025-06-05 11:31:00,49.9,49.9,49.9,49.9,1000,49900.0,50.08,50.08500000000001,50.1575,-0.0167103432388771,-0.003942558270760338,-0.012767784968116763
2025-06-05 11:32:00,50.2,50.2,50.2,50.2,1000,50200.0,50.085,50.085,50.15625,-0.004236020175987676,-0.004001250651805806,-0.0002347695241818699
2025-06-05 12:17:00,50.2,50.2,50.2,50.2,1000,50200.0,50.084999999999994,50.085,50.155833333333334,0.005585583593230581,-0.0020838838027985285,0.00766946739602911
2025-06-05 12:20:00,49.9,50.2,49.9,50.2,2000,100100.0,50.1,50.08833333333334,50.155416666666675,0.013216918927028587,0.0009762767431668954,0.012240642183861691
2025-06-05 12:27:00,49.9,49.9,49.9,49.9,34000,1696600.0,50.085,50.08333333333334,50.15291666666667,-0.004886358733692475,-0.00019625035220497905,-0.004690108381487496
2025-06-05 12:28:00,50.1,50.1,50.1,50.1,1000,50100.0,50.095,50.08166666666667,50.151250000000005,-0.0030597374281811085,-0.0007689477674002052,-0.002290789660780903
2025-06-05 12:32:00,49.9,49.9,49.9,49.9,1000,49900.0,50.08,50.08166666666667,50.14958333333333,-0.017548171021545045,-0.004124792418229174,-0.013423378603315871
2025-06-05 12:39:00,50.2,50.2,50.2,50.2,1000,50200.0,50.09,50.08166666666667,50.14916666666667,-0.004767904793872901,-0.004253414893357919,-0.000514489900514982
2025-06-05 12:45:00,50.1,50.1,50.1,50.1,35000,1753500.0,50.095000000000006,50.085,50.14833333333333,-0.0026777485779660992,-0.003938281630279555,0.001260533052313456
2025-06-05 14:00:00,49.9,49.9,49.9,49.9,1,49.9,50.08,50.080000000000005,50.14666666666667,-0.01696406210022161,-0.006543437724267968,-0.010420624375953643
2025-06-05 14:06:00,49.9,50.2,49.9,50.2,1559,78094.1,50.08,50.085,50.145833333333336,-0.004032096203417268,-0.006041169420097828,0.00200907321668056
2025-06-06 09:07:00,50.2,50.2,50.2,50.2,1000,50200.0,50.08,50.08500000000001,50.14541666666666,0.006145735723748658,-0.003603788391328531,0.009749524115077188
2025-06-06 09:41:00,50.0,50.0,49.95,49.95,3000,149950.0,50.0675,50.08583333333333,50.14583333333334,-0.005893236250393841,-0.004061677963141593,-0.0018315582872522477
2025-06-06 09:43:00,50.2,50.2,50.2,50.2,1000,50200.0,50.0775,50.08583333333333,50.14541666666666,0.004684700080410664,-0.0023124023544311414,0.006997102434841806
2025-06-06 10:19:00,49.95,49.95,49.95,49.95,1000,49950.0,50.08,50.08666666666667,50.14395833333334,-0.00702414980377597,-0.0032547518443001074,-0.0037693979594758623
2025-06-06 10:20:00,50.2,50.2,50.0,50.0,2000,100200.0,50.07000000000001,50.08833333333334,50.14270833333333,-0.012129098860583554,-0.005029621247556798,-0.007099477613026756
2025-06-06 10:31:00,50.0,50.0,50.0,50.0,1000,50000.0,50.06,50.085,50.14145833333334,-0.015990479473629193,-0.007221792892771278,-0.008768686580857915
2025-06-06 11:54:00,50.0,50.0,50.0,50.0,3000,150000.0,50.065000000000005,50.08583333333333,50.14020833333334,-0.01883354998841469,-0.009544144311899962,-0.009289405676514727
2025-06-06 11:55:00,50.1,50.1,50.1,50.1,1000,50100.0,50.07000000000001,50.08416666666667,50.139375,-0.012869191559957471,-0.010209153761511464,-0.0026600377984460077
2025-06-06 12:26:00,49.95,50.2,49.95,50.2,2000,100150.0,50.07,50.087500000000006,50.13854166666667,-7.239573641015795e-05,-0.008181802156491202,0.008109406420081044
2025-06-06 13:36:00,49.95,49.95,49.9,49.9,9000,449150.0,50.07000000000001,50.082499999999996,50.13645833333333,-0.013977215011564681,-0.009340884727505898,-0.004636330284058783
2025-06-06 13:37:00,50.1,50.1,50.1,50.1,9000,450900.0,50.065,50.08583333333333,50.136041666666664,-0.00875760373128287,-0.009224228528261293,0.00046662479697842305
2025-06-06 14:24:00,50.1,50.1,50.1,50.1,1000,50100.0,50.06,50.0825,50.134791666666665,-0.004568362942109161,-0.008293055411030866,0.0037246924689217052
2025-06-06 14:58:00,49.9,49.9,49.9,49.9,70000,3493000.0,50.045,50.08083333333334,50.13270833333333,-0.01718854907090872,-0.010072154143006438,-0.007116394927902283
2025-06-06 14:59:00,50.1,50.1,50.1,50.1,25000,1252500.0,50.055,50.0825,50.131458333333335,-0.010925862430276823,-0.010242895800460516,-0.0006829666298163069
2025-06-06 15:00:00,50.1,50.1,50.1,50.1,45000,2254500.0,50.055,50.08083333333333,50.130208333333336,-0.0058946878550685256,-0.009373254211382118,0.003478566356313592
2025-06-09 09:04:00,50.1,50.1,50.1,50.1,1000,50100.0,50.065000000000005,50.079166666666666,50.13020833333334,-0.0018857084829804194,-0.007875745065701777,0.005990036582721358
2025-06-09 09:19:00,50.1,50.1,50.1,50.1,1000,50100.0,50.06,50.079166666666666,50.12895833333333,0.0012767193268672372,-0.006045252187187974,0.007321971514055212
2025-06-09 09:28:00,50.1,50.1,50.1,50.1,70,3507.0,50.059999999999995,50.0775,50.129374999999996,0.0037398554248682103,-0.004088230664776737,0.007828086089644947
2025-06-09 09:31:00,49.85,49.85,49.85,49.85,1000,49850.0,50.0575,50.075,50.12708333333333,-0.014315976468999736,-0.006133779825621338,-0.008182196643378398
2025-06-09 10:47:00,50.1,50.1,50.1,50.1,3000,150300.0,50.0525,50.0775,50.12666666666667,-0.008356118534344148,-0.0065782475673659005,-0.0017778709669782474
2025-06-09 11:10:00,50.2,50.2,50.2,50.2,1000,50200.0,50.0525,50.0775,50.125833333333325,0.004385720229663548,-0.004385454007960011,0.00877117423762356
2025-06-09 11:31:00,49.9,49.9,49.9,49.9,2000,99800.0,50.05,50.0775,50.12458333333334,-0.009612961311127322,-0.005430955468593473,-0.004182005842533848
2025-06-09 11:32:00,50.2,50.2,50.2,50.2,1000,50200.0,50.05,50.0775,50.124583333333334,0.003460584049349791,-0.0036526475650048205,0.007113231614354612
2025-06-09 12:16:00,49.9,49.9,49.9,49.9,1000,49900.0,50.0475,50.07583333333333,50.12208333333333,-0.010267670543427698,-0.004975652160689396,-0.005292018382738302
2025-06-09 12:17:00,50.2,50.2,50.2,50.2,1000,50200.0,50.0575,50.075833333333335,50.122083333333336,0.0030252088558810897,-0.003375479957375299,0.006400688813256389
2025-06-09 13:12:00,49.9,49.9,49.9,49.9,1000,49900.0,50.052499999999995,50.06916666666667,50.12083333333333,-0.010526241288317806,-0.004805632223563801,-0.005720609064754005
2025-06-09 13:14:00,50.2,50.2,50.2,50.2,1000,50200.0,50.0625,50.07416666666667,50.12125,0.002908106790030729,-0.0032628844208448947,0.006170991210875623
2025-06-09 13:37:00,49.9,50.1,49.9,50.1,10000,499200.0,50.0625,50.0725,50.120833333333344,0.0054232443808786,-0.0015256586605001954,0.0069489030413787956
2025-06-09 13:38:00,50.1,50.1,50.1,50.1,9000,450900.0,50.057500000000005,50.07083333333333,50.12125,0.007331990420645695,0.00024587115572898325,0.007086119264916712
2025-06-09 14:42:00,50.2,50.2,50.2,50.2,1000,50200.0,50.0725,50.07416666666667,50.12083333333333,0.016721099250425198,0.0035409167746682274,0.01318018247575697
2025-06-10 09:11:00,50.2,50.2,50.2,50.2,1000,50200.0,50.0775,50.075833333333335,50.118750000000006,0.023886684809369285,0.007610070381608441,0.016276614427760842
2025-06-10 09:18:00,50.0,50.0,50.0,50.0,3000,150000.0,50.072500000000005,50.0725,50.118750000000006,0.01327411868251005,0.008742880041788765,0.004531238640721285
2025-06-10 09:20:00,50.2,50.2,50.2,50.2,1000,50200.0,50.087500000000006,50.0775,50.1175,0.02076257406821469,0.01114681884707395,0.00961575522114074
2025-06-10 09:39:00,49.9,49.9,49.9,49.9,1000,49900.0,50.0775,50.0725,50.11708333333333,0.0024613630562342337,0.009409727688906008,-0.006948364632671775
2025-06-10 09:41:00,50.2,50.2,50.2,50.2,1000,50200.0,50.082499999999996,50.0775,50.115833333333335,0.012026381630249716,0.009933058477174751,0.0020933231530749653
2025-06-10 10:56:00,50.2,50.2,50.2,50.2,1000,50200.0,50.0875,50.0775,50.11625000000001,0.019383289269377713,0.011823104635615344,0.007560184633762368
2025-06-10 11:15:00,50.2,50.2,50.2,50.2,1000,50200.0,50.0925,50.08083333333334,50.11625,0.024926356060497312,0.01444375492059174,0.010482601139905573
2025-06-10 11:25:00,50.2,50.2,50.2,50.2,1000,50200.0,50.097500000000004,50.08416666666667,50.11541666666667,0.02898515361980003,0.0173520346604334,0.011633118959366629
2025-06-10 11:37:00,50.2,50.2,50.2,50.2,3000,150600.0,50.115,50.08416666666666,50.11583333333333,0.03183480807657446,0.020248589343661614,0.011586218732912847
2025-06-10 12:01:00,50.0,50.0,50.0,50.0,1000,50000.0,50.11,50.08083333333333,50.11583333333333,0.017750237544689185,0.01974891898386713,-0.001998681439177946
2025-06-10 12:02:00,50.0,50.0,50.0,50.0,1000,50000.0,50.1,50.07749999999999,50.114583333333336,0.006513035702965908,0.017101742327686888,-0.01058870662472098
2025-06-10 12:49:00,50.3,50.3,50.3,50.3,1000,50300.0,50.12,50.079166666666666,50.115833333333335,0.021566361488474683,0.017994666159844446,0.0035716953286302373
2025-06-10 13:08:00,50.0,50.0,50.0,50.0,2000,100000.0,50.11,50.079166666666666,50.114583333333336,0.009182883269275521,0.01623230958173066,-0.007049426312455139
2025-06-10 13:09:00,50.2,50.2,50.2,50.2,1000,50200.0,50.125,50.08416666666666,50.11541666666666,0.015330495681368461,0.01605194680165822,-0.0007214511202897587
2025-06-10 13:12:00,50.0,50.0,50.0,50.0,1000,50000.0,50.115,50.08083333333333,50.11583333333333,0.004017878674517306,0.013645133176230036,-0.00962725450171273
2025-06-10 13:27:00,50.2,50.2,50.2,50.2,2000,100400.0,50.13000000000001,50.08083333333333,50.115,0.01106334536517295,0.01312877561401862,-0.00206543024884567
2025-06-10 13:40:00,50.0,50.0,50.0,50.0,210,10500.0,50.120000000000005,50.0825,50.115,0.0005028039363139669,0.010603581278477688,-0.010100777342163721
2025-06-10 13:56:00,50.3,50.3,50.3,50.3,1000,50300.0,50.13,50.0875,50.114583333333336,0.016154769438642802,0.011713818910510713,0.004440950528132089
2025-06-10 14:16:00,50.3,50.3,50.1,50.1,10000,502000.0,50.13,50.08583333333333,50.11333333333334,0.012279189482477193,0.011826893024904011,0.00045229645757318207
2025-06-10 14:38:00,50.4,50.4,50.4,50.4,1000,50400.0,50.14,50.09416666666666,50.11416666666666,0.03303445658823989,0.01606840573757119,0.016966050850668702
2025-06-11 09:07:00,50.3,50.3,50.3,50.3,1000,50300.0,50.144999999999996,50.09583333333333,50.114583333333336,0.040942036724224806,0.021043131934901916,0.01989890478932289
2025-06-11 09:08:00,50.3,50.3,50.3,50.3,1000,50300.0,50.160000000000004,50.097500000000004,50.11583333333333,0.04667085834958584,0.026168677217838703,0.02050218113174714
2025-06-11 09:17:00,49.95,50.3,49.95,50.3,2000,100250.0,50.165,50.09916666666666,50.11625000000001,0.050627389727303296,0.031060419719731624,0.019566970007571672
2025-06-11 09:18:00,49.95,50.3,49.95,50.3,2000,100250.0,50.184999999999995,50.10583333333333,50.11666666666667,0.05315028593801685,0.03547839296338867,0.01767189297462818
2025-06-11 09:24:00,49.95,49.95,49.95,49.95,1000,49950.0,50.1725,50.10333333333333,50.11562500000001,0.02660098483885065,0.03370291133848107,-0.007101926499630422
2025-06-11 09:25:00,50.3,50.3,50.3,50.3,1000,50300.0,50.177499999999995,50.11,50.11604166666667,0.033417333153309414,0.03364579570144674,-0.00022846254813732592
2025-06-11 09:30:00,50.0,50.0,50.0,50.0,3000,150000.0,50.1675,50.10666666666667,50.115208333333335,0.014445328748365682,0.029805702310830528,-0.015360373562464846
2025-06-11 09:33:00,50.2,50.2,50.2,50.2,1000,50200.0,50.167500000000004,50.108333333333334,50.11520833333334,0.015371019556468468,0.026918765759958118,-0.01154774620348965
2025-06-11 09:34:00,50.2,50.2,50.2,50.2,4000,200800.0,50.167500000000004,50.11333333333334,50.114375,0.01592110757356835,0.024719234122680164,-0.008798126549111815
2025-06-11 09:36:00,50.0,50.0,50.0,50.0,2000,100000.0,50.167500000000004,50.11000000000001,50.114375,0.00021623513599422495,0.019818634325342976,-0.01960239918934875
2025-06-11 09:41:00,50.3,50.3,50.3,50.3,1000,50300.0,50.1825,50.111666666666665,50.11479166666667,0.01184100761211937,0.018223108982698254,-0.006382101370578885
2025-06-11 10:12:00,50.0,50.0,50.0,50.0,3000,150000.0,50.167500000000004,50.1125,50.113958333333336,-0.0031178288537319077,0.01395492141541222,-0.017072750269144128
2025-06-11 10:13:00,50.0,50.0,50.0,50.0,259,12950.0,50.167500000000004,50.10916666666666,50.11270833333334,-0.01480218416054413,0.00820350030022095,-0.023005684460765077
2025-06-11 10:15:00,50.2,50.2,50.2,50.2,1000,50200.0,50.167500000000004,50.11333333333334,50.11229166666667,-0.007833491775166124,0.004996101885143534,-0.012829593660309658
2025-06-11 10:27:00,50.0,50.0,50.0,50.0,88,4400.0,50.167500000000004,50.11333333333334,50.110625,-0.018238835441607648,0.0003491144197932965,-0.018587949861400943
2025-06-11 10:31:00,50.0,50.0,50.0,50.0,1000,50000.0,50.157500000000006,50.11333333333334,50.109791666666666,-0.026183320246460084,-0.0049573725134573815,-0.021225947733002702
2025-06-11 11:08:00,50.0,50.0,50.0,50.0,1000,50000.0,50.157500000000006,50.11333333333334,50.108125,-0.03210924628734091,-0.01038774726823409,-0.02172149901910682
2025-06-11 11:20:00,50.2,50.2,50.2,50.2,1000,50200.0,50.152499999999996,50.115,50.107708333333335,-0.020431732544018644,-0.012396544323391002,-0.008035188220627642
2025-06-11 11:31:00,49.9,49.9,49.9,49.9,1000,49900.0,50.1425,50.11,50.103125,-0.03498146698963467,-0.01691352885663974,-0.01806793813299493
2025-06-11 11:32:00,50.2,50.2,50.2,50.2,1000,50200.0,50.1325,50.115,50.100208333333335,-0.02205055845568893,-0.017940934776449577,-0.004109623679239352
2025-06-11 11:44:00,50.2,50.2,50.0,50.0,7000,351200.0,50.1175,50.11333333333333,50.099375,-0.0276226322999662,-0.019877274281152903,-0.0077453580188132955
2025-06-11 12:18:00,50.0,50.0,50.0,50.0,1000,50000.0,50.1025,50.111666666666665,50.09770833333334,-0.03167342938821349,-0.022236505302565022,-0.00943692408564847
2025-06-11 12:32:00,50.0,50.0,50.0,50.0,3000,150000.0,50.0875,50.11333333333333,50.09395833333334,-0.03448618004838977,-0.024686440251729974,-0.009799739796659795
2025-06-11 12:44:00,49.95,49.95,49.95,49.95,1000,49950.0,50.07000000000001,50.11083333333333,50.092083333333335,-0.04028550116334628,-0.02780625243405324,-0.012479248729293041
2025-06-11 12:48:00,50.3,50.3,50.3,50.3,1000,50300.0,50.0875,50.11416666666666,50.091666666666676,-0.016449806866937422,-0.025534963320630082,0.00908515645369266
2025-06-11 12:49:00,50.1,50.1,50.1,50.1,1000,50100.0,50.0775,50.11416666666666,50.092083333333335,-0.01354207137126906,-0.02313638493075788,0.00959431355948882
2025-06-11 13:00:00,50.1,50.1,50.1,50.1,1000,50100.0,50.0825,50.11416666666667,50.09166666666667,-0.011109605425986047,-0.020731029029803515,0.009621423603817469
2025-06-11 13:01:00,50.0,50.0,50.0,50.0,1000,50000.0,50.072500000000005,50.1125,50.09041666666667,-0.017054430050897906,-0.019995709234022396,0.0029412791831244893
2025-06-11 13:20:00,50.0,50.0,50.0,50.0,2000,100000.0,50.0625,50.115,50.08875,-0.02151770370230821,-0.02030010812767956,-0.001217595574628652
2025-06-11 13:25:00,49.9,49.9,49.9,49.9,2000,99800.0,50.0575,50.111666666666665,50.0875,-0.032746562503817245,-0.0227893990029071,-0.009957163500910145
2025-06-11 13:27:00,50.1,50.1,50.0,50.0,8000,400500.0,50.042500000000004,50.108333333333334,50.0875,-0.03319371327419418,-0.02487026185716452,-0.00832345141702966
2025-06-12 09:18:00,50.1,50.1,50.1,50.1,1000,50100.0,50.0475,50.11166666666667,50.086666666666666,-0.025188561162387657,-0.024933921718209153,-0.00025463944417850395
2025-06-12 09:23:00,50.1,50.1,50.1,50.1,1000,50100.0,50.052499999999995,50.11,50.08625,-0.01862966920968745,-0.023673071216504814,0.005043402006817365
2025-06-12 09:31:00,49.9,49.9,49.9,49.9,1000,49900.0,50.0375,50.11000000000001,50.085,-0.02923304823011108,-0.02478506661922607,-0.004447981610885009
2025-06-12 09:33:00,50.1,50.1,50.1,50.1,1000,50100.0,50.0425,50.108333333333334,50.084583333333335,-0.02125298281043797,-0.024078649857468454,0.002825667047030484
2025-06-12 10:23:00,50.1,50.1,50.1,50.1,600,30060.0,50.0475,50.111666666666665,50.08416666666667,-0.014758595569276167,-0.02221463899983,0.007456043430553831
2025-06-12 10:31:00,49.9,49.9,49.9,49.9,1000,49900.0,50.0425,50.10666666666667,50.08208333333334,-0.025456627268432896,-0.02286303665355058,-0.002593590614882315
2025-06-12 10:36:00,50.1,50.1,50.1,50.1,1000,50100.0,50.0375,50.10666666666667,50.0825,-0.017593756066702326,-0.021809180536180934,0.004215424469478608
2025-06-12 10:58:00,50.0,50.0,50.0,50.0,2000,100000.0,50.042500000000004,50.105000000000004,50.08166666666667,-0.019210096224135498,-0.02128936367377185,0.0020792674496363517
2025-06-12 11:31:00,49.85,50.1,49.85,50.1,2000,99950.0,50.0375,50.10333333333333,50.08208333333334,-0.012280333142648203,-0.019487557567547123,0.00720722442489892
2025-06-12 11:38:00,49.9,49.9,49.9,49.9,4000,199600.0,50.0325,50.098333333333336,50.08041666666667,-0.022665500721046783,-0.020123146198247056,-0.0025423545227997273
2025-06-12 11:40:00,50.1,50.1,50.1,50.1,1000,50100.0,50.0375,50.1,50.080000000000005,-0.014589315767132405,-0.019016380112024125,0.004427064344891721
2025-06-12 12:38:00,49.9,49.9,49.9,49.9,1000,49900.0,50.0325,50.095,50.07833333333334,-0.024049976378542226,-0.020023099365327746,-0.00402687701321448
2025-06-12 12:42:00,50.1,50.1,50.1,50.1,1000,50100.0,50.04,50.098333333333336,50.0775,-0.015233685103964945,-0.019065216513055188,0.0038315314090902435
2025-06-12 13:17:00,49.9,49.9,49.9,49.9,1000,49900.0,50.019999999999996,50.093333333333334,50.075833333333335,-0.024107147095634218,-0.020073602629570995,-0.004033544466063223
2025-06-12 13:18:00,50.1,50.1,50.1,50.1,1000,50100.0,50.019999999999996,50.09166666666667,50.075833333333335,-0.01483014840425767,-0.019024911784508332,0.0041947633802506615
2025-06-12 13:21:00,49.9,49.9,49.9,49.9,1000,49900.0,50.01,50.086666666666666,50.075833333333335,-0.023347256000427308,-0.01988938062769213,-0.0034578753727351787
2025-06-12 13:23:00,50.1,50.1,50.1,50.1,1000,50100.0,50.015,50.085,50.075833333333335,-0.01379972199742241,-0.018671448901638188,0.0048717269042157785
2025-06-12 13:48:00,50.1,50.1,50.0,50.0,12000,600500.0,50.015,50.08166666666667,50.07500000000001,-0.0141394065022169,-0.01776504042175393,0.0036256339195370295
2025-06-13 09:23:00,50.1,50.1,50.1,50.1,1000,50100.0,50.025,50.083333333333336,50.07416666666666,-0.006267200270904993,-0.015465472391584143,0.00919827212067915
2025-06-13 09:31:00,49.9,49.9,49.9,49.9,1000,49900.0,50.019999999999996,50.08166666666667,50.073750000000004,-0.015982512194852916,-0.015568880352237899,-0.00041363184261501706
2025-06-13 09:35:00,50.1,50.1,50.1,50.1,1000,50100.0,50.019999999999996,50.07833333333333,50.07375,-0.007457670970651975,-0.013946638475920717,0.006488967505268742
2025-06-13 10:31:00,49.9,50.1,49.9,50.1,2000,100000.0,50.019999999999996,50.080000000000005,50.07416666666666,-0.00069367661014752,-0.011296046102766077,0.010602369492618557
2025-06-13 10:35:00,50.1,50.1,50.1,50.1,1000,50100.0,50.03,50.07833333333334,50.073750000000004,0.004613654317431326,-0.008114106018726596,0.012727760336157922
2025-06-13 11:31:00,49.9,49.9,49.9,49.9,1000,49900.0,50.019999999999996,50.076666666666675,50.072916666666664,-0.007235173637511139,-0.007938319542483505,0.0007031459049723666
2025-06-13 11:33:00,50.1,50.1,50.1,50.1,1000,50100.0,50.02,50.075,50.07125,-0.00048157532714299123,-0.006446970699415402,0.005965395372272411
2025-06-13 13:04:00,50.0,50.0,50.0,50.0,2000,100000.0,50.025,50.075,50.07125,-0.0031620145389368304,-0.005789979467319689,0.0026279649283828584
2025-06-13 13:42:00,49.85,50.0,49.85,50.0,10000,499250.0,50.02,50.07000000000001,50.07041666666667,-0.005226039396731608,-0.005677191453202073,0.00045115205647046526
2025-06-13 14:33:00,50.1,50.1,50.1,50.1,1000,50100.0,50.025,50.07,50.07083333333333,0.001193611092418223,-0.004303030944078014,0.005496642036496237
2025-06-13 14:47:00,50.1,50.1,50.1,50.1,1000,50100.0,50.025,50.065000000000005,50.07125,0.00620964938344315,-0.002200494878573781,0.00841014426201693
2025-06-16 09:01:00,50.2,50.2,50.2,50.2,1000,50200.0,50.040000000000006,50.06333333333334,50.07083333333333,0.01804603665551241,0.0018488114282434586,0.01619722522726895
2025-06-16 09:21:00,50.2,50.2,50.2,50.2,200,10040.0,50.045,50.06166666666666,50.072291666666665,0.027113906607631577,0.006901830464121085,0.02021207614351049
2025-06-16 09:31:00,50.0,50.0,50.0,50.0,1000,50000.0,50.05,50.056666666666665,50.07104166666667,0.01795495677972525,0.00911245572724192,0.008842501052483331
2025-06-16 09:53:00,50.0,50.0,50.0,50.0,1000,50000.0,50.045,50.05166666666666,50.07104166666667,0.010574526495418013,0.009404869880877138,0.0011696566145408746
2025-06-16 09:54:00,50.0,50.0,50.0,50.0,1000,50000.0,50.05,50.0525,50.07104166666667,0.004671630671587934,0.008458222039019298,-0.0037865913674313637
2025-06-16 10:54:00,50.2,50.2,50.2,50.2,500,25100.0,50.055,50.05083333333334,50.071041666666666,0.015948032739274254,0.00995618417907029,0.005991848560203964
2025-06-16 12:19:00,50.2,50.2,50.2,50.2,2000,100400.0,50.07000000000001,50.05416666666667,50.072291666666665,0.02460107672120415,0.012885162687497063,0.011715914033707088
2025-06-16 14:06:00,50.0,50.0,50.0,50.0,8000,400000.0,50.065000000000005,50.05083333333334,50.07104166666667,0.015145757029308982,0.013337281555859448,0.0018084754734495334
2025-06-16 14:42:00,50.2,50.2,50.2,50.2,1000,50200.0,50.075,50.05083333333333,50.072291666666665,0.0235195577603875,0.015373736796765061,0.008145820963622439
2025-06-16 14:56:00,50.0,50.0,50.0,50.0,30000,1500000.0,50.07,50.05083333333333,50.07479166666667,0.013857782746171665,0.015070545986646382,-0.001212763240474717
2025-06-16 14:57:00,50.2,50.2,50.2,50.2,30000,1506000.0,50.085,50.04916666666667,50.07520833333333,0.022084508501450273,0.01647333848960716,0.005611170011843112
2025-06-17 09:01:00,50.2,50.2,50.2,50.2,1000,50200.0,50.09,50.0525,50.07562500000001,0.02827827359745072,0.018834325511175875,0.009443948086274846
2025-06-17 09:28:00,50.0,50.0,50.0,50.0,3000,150000.0,50.085,50.0525,50.07479166666667,0.016854263076112375,0.018438313024163176,-0.0015840499480508016
2025-06-17 09:30:00,50.2,50.2,50.2,50.2,1000,50200.0,50.089999999999996,50.0525,50.07479166666666,0.023666172062803525,0.019483884831891247,0.004182287230912279
2025-06-17 09:31:00,50.2,50.2,50.2,50.2,1000,50200.0,50.105000000000004,50.05583333333333,50.07479166666667,0.02873343782659532,0.021333795430832064,0.007399642395763257
2025-06-17 09:36:00,50.2,50.2,50.2,50.2,1000,50200.0,50.11,50.05916666666666,50.07562500000001,0.03237607125603148,0.02354225059587195,0.00883382066015953
2025-06-17 10:05:00,50.2,50.2,50.2,50.2,1000,50200.0,50.12,50.0625,50.07666666666667,0.03486102825908688,0.025806006128514938,0.009055022130571942
2025-06-17 10:40:00,50.2,50.2,50.2,50.2,50,2510.0,50.13,50.0625,50.076666666666675,0.03641065521863851,0.027926935946539652,0.008483719272098858
2025-06-17 12:08:00,50.0,50.0,50.0,50.0,2000,100000.0,50.12500000000001,50.064166666666665,50.076666666666675,0.02125539821864919,0.026592628400961563,-0.005337230182312372
2025-06-17 12:12:00,50.2,50.2,50.2,50.2,1000,50200.0,50.13,50.06416666666667,50.077708333333334,0.02509381056088955,0.026292864832947165,-0.001199054272057614
2025-06-17 13:37:00,50.0,50.0,50.0,50.0,2000,100000.0,50.12,50.06416666666667,50.076874999999994,0.01186072837250407,0.023406437540858548,-0.011545709168354477
2025-06-17 13:38:00,50.2,50.2,50.2,50.2,1000,50200.0,50.120000000000005,50.0675,50.077708333333334,0.01731217989586753,0.022187586011860345,-0.004875406115992815
2025-06-18 09:07:00,50.2,50.2,50.2,50.2,1000,50200.0,50.13000000000001,50.07083333333333,50.07875000000001,0.021385970349832917,0.022027262879454862,-0.0006412925296219452
2025-06-18 09:30:00,50.0,50.0,50.0,50.0,1000,50000.0,50.13000000000001,50.071666666666665,50.07833333333334,0.008379555801234062,0.019297721463810702,-0.01091816566257664
2025-06-18 09:31:00,50.2,50.2,50.2,50.2,1000,50200.0,50.14,50.07000000000001,50.079166666666666,0.014048267413571125,0.018247830653762787,-0.004199563240191662
2025-06-18 10:22:00,50.2,50.2,50.2,50.2,50,2510.0,50.14,50.07166666666667,50.08083333333334,0.018329471469805014,0.018264158816971233,6.531265283378149e-05
2025-06-18 13:05:00,50.2,50.2,50.0,50.0,8000,400600.0,50.13,50.07,50.08041666666667,0.00552039235181212,0.01571540552393941,-0.010195013172127291
2025-06-18 13:06:00,50.2,50.2,50.0,50.2,17000,851800.0,50.14,50.07333333333334,50.08083333333333,0.011376294554501953,0.014847583330051919,-0.0034712887755499657
2025-06-18 13:13:00,50.0,50.2,50.0,50.2,4000,200200.0,50.14,50.07666666666667,50.0825,0.015834607738334228,0.015044988211708382,0.0007896195266258454
2025-06-18 13:18:00,50.2,50.2,50.2,50.2,2000,100400.0,50.150000000000006,50.08166666666667,50.08291666666667,0.019147136782777352,0.01586541792592218,0.003281718856855173
2025-06-18 13:19:00,50.2,50.2,50.2,50.2,500,25100.0,50.15,50.08500000000001,50.08416666666667,0.021524222082177857,0.016997178757173315,0.004527043325004542
2025-06-18 13:23:00,50.0,50.0,50.0,50.0,2000,100000.0,50.14,50.083333333333336,50.08375,0.00718690461496152,0.015035123928730956,-0.007848219313769436
2025-06-18 13:24:00,50.3,50.3,50.3,50.3,1000,50300.0,50.155,50.086666666666666,50.084583333333335,0.01980368546412592,0.01598883623580995,0.003814849228315969
2025-06-18 13:34:00,50.3,50.3,50.3,50.3,1000,50300.0,50.160000000000004,50.093333333333334,50.08541666666667,0.029462944699631066,0.018683657928574175,0.010779286771056891
2025-06-18 13:37:00,50.3,50.3,50.1,50.1,3000,150500.0,50.155,50.093333333333334,50.08541666666667,0.02074056438898708,0.019095039220656758,0.0016455251683303238
2025-06-18 13:58:00,50.1,50.1,50.1,50.1,1000,50100.0,50.150000000000006,50.093333333333334,50.085416666666674,0.013670430933188982,0.018010117563163203,-0.004339686629974221
2025-06-19 09:22:00,49.85,50.1,49.85,49.85,62000,3091100.0,50.13250000000001,50.0925,50.085625,-0.011967655745088734,0.012014562901512815,-0.02398221864660155
2025-06-19 09:23:00,50.1,50.1,50.1,50.1,500,25050.0,50.1275,50.0925,50.085625,-0.01197507230789796,0.00721663585963066,-0.01919170816752862
2025-06-19 09:28:00,49.85,49.85,49.85,49.85,240000,11964000.0,50.12,50.09,50.084583333333335,-0.03178743488778224,-0.0005841782898519222,-0.03120325659793032
2025-06-19 09:31:00,50.0,50.0,50.0,50.0,180000,9000000.0,50.11,50.08833333333334,50.084583333333335,-0.03498187924652285,-0.00746371848118611,-0.027518160765336742
2025-06-19 09:32:00,50.0,50.0,50.0,50.0,120000,6000000.0,50.11,50.09,50.08416666666667,-0.0370859951487148,-0.013388173814691852,-0.02369782133402295
2025-06-19 09:33:00,50.2,50.2,50.2,50.2,1000,50200.0,50.11,50.09166666666667,50.08583333333333,-0.022357470625934184,-0.015182033176940321,-0.007175437448993863
2025-06-19 09:34:00,50.2,50.2,50.2,50.2,2000,100400.0,50.11,50.09666666666667,50.086666666666666,-0.010563242345973833,-0.014258275010747026,0.0036950326647731922
2025-06-19 09:44:00,50.2,50.2,50.2,50.2,5000,251000.0,50.12,50.098333333333336,50.0875,-0.0012023712736848324,-0.011647094263334587,0.010444722989649755
2025-06-19 09:53:00,50.3,50.3,50.3,50.3,1000,50300.0,50.125,50.105000000000004,50.08875,0.014122554737639348,-0.006493164463139799,0.020615719200779148
2025-06-19 10:15:00,50.3,50.3,50.3,50.3,20,1006.0,50.13,50.108333333333334,50.088750000000005,0.02596832235634139,-8.670992435597845e-07,0.02596918945558495
2025-06-19 11:10:00,50.3,50.3,50.3,50.3,1000,50300.0,50.144999999999996,50.115,50.09,0.034953259124762326,0.00698995814555762,0.027963300979204707
2025-06-19 11:42:00,50.2,50.2,50.2,50.2,3000,150600.0,50.145,50.11666666666667,50.09,0.03361720378236299,0.012315407272918697,0.021301796509444297
2025-06-19 12:30:00,50.4,50.4,50.4,50.4,5,252.0,50.155,50.123333333333335,50.090833333333336,0.048141750693211804,0.01948067595697732,0.028661074736234485
2025-06-19 12:40:00,50.4,50.4,50.4,50.4,1000,50400.0,50.165,50.12833333333334,50.0925,0.058972757524301755,0.02737909227044221,0.031593665253859544
2025-06-19 13:31:00,50.4,50.4,50.2,50.2,3000,150800.0,50.165000000000006,50.13333333333333,50.092916666666675,0.050832118915899116,0.0320696975995336,0.01876242131636552
2025-06-19 13:40:00,50.5,50.5,50.5,50.5,1,50.5,50.190000000000005,50.14,50.095625000000005,0.0678064662293636,0.0392170513254996,0.02858941490386399
2025-06-19 14:25:00,50.2,50.2,50.2,50.2,126000,6325200.0,50.184999999999995,50.141666666666666,50.096041666666665,0.05640110909627083,0.04265386287965385,0.013747246216616979
2025-06-19 14:36:00,50.4,50.4,50.4,50.4,10000,504000.0,50.190000000000005,50.14666666666667,50.09729166666667,0.0627769562530176,0.046678481554326606,0.016098474698690995
2025-06-19 14:37:00,50.4,50.4,50.4,50.4,115000,5796000.0,50.205,50.154999999999994,50.09854166666667,0.06705687119060144,0.05075415948158158,0.01630271170901986
2025-06-19 14:38:00,50.5,50.5,50.5,50.5,1000,50500.0,50.225,50.16166666666666,50.101041666666674,0.07762310800848127,0.05612794918696152,0.02149515882151975
2025-06-19 14:40:00,50.5,50.5,50.5,50.5,1000,50500.0,50.25750000000001,50.169999999999995,50.10229166666667,0.08501690485429236,0.06190574032042769,0.02311116453386467
2025-06-20 09:18:00,50.2,50.2,50.2,50.2,2000,100400.0,50.2625,50.17333333333333,50.10375,0.06590928808272878,0.06270644987288791,0.0032028382098408664
2025-06-20 09:26:00,50.2,50.2,50.2,50.2,1000,50200.0,50.28,50.175,50.103750000000005,0.05018783006418204,0.06020272591114673,-0.010014895846964696
2025-06-20 09:28:00,50.2,50.2,50.2,50.2,1000,50200.0,50.290000000000006,50.17666666666667,50.10520833333333,0.03729850734236351,0.05562188219739009,-0.01832337485502658
2025-06-20 09:57:00,50.2,50.2,50.2,50.2,4000,200800.0,50.3,50.17666666666666,50.10520833333333,0.026774980909685553,0.049852501939849185,-0.023077521030163632
2025-06-20 09:59:00,50.4,50.4,50.4,50.4,3000,151200.0,50.309999999999995,50.18,50.10604166666667,0.03417934075975637,0.04671786970383063,-0.012538528944074256
2025-06-20 10:06:00,50.4,50.4,50.0,50.0,8500,425800.0,50.3,50.18,50.10604166666667,0.007682137328792749,0.03891072322882305,-0.031228585900030303
2025-06-20 10:08:00,50.4,50.4,50.4,50.4,1000,50400.0,50.31,50.186666666666675,50.106874999999995,0.018743506295081147,0.03487727984207467,-0.016133773546993524
2025-06-20 10:38:00,50.4,50.4,50.4,50.4,1000,50400.0,50.315000000000005,50.193333333333335,50.107708333333335,0.02719621980092768,0.03334106783384527,-0.006144848032917594
2025-06-20 10:39:00,50.2,50.2,50.2,50.2,5000,251000.0,50.309999999999995,50.193333333333335,50.108958333333334,0.017554371752218856,0.03018372861751999,-0.012629356865301134
2025-06-20 10:46:00,50.4,50.4,50.4,50.4,1000,50400.0,50.315000000000005,50.19666666666667,50.109791666666666,0.025754583431975675,0.029297899580411128,-0.0035433161484354526
2025-06-20 11:01:00,50.4,50.4,50.4,50.4,1000,50400.0,50.325,50.20333333333333,50.111875000000005,0.03188575117614789,0.029815469899558484,0.002070281276589408
2025-06-20 12:13:00,50.4,50.4,50.4,50.4,1000,50400.0,50.325,50.20666666666667,50.11270833333334,0.03632600224436544,0.03111757636851988,0.005208425875845562
2025-06-20 12:23:00,50.4,50.4,50.4,50.4,1000,50400.0,50.325,50.21333333333334,50.11479166666667,0.03939085989332369,0.03277223307348064,0.00661862681984305
2025-06-20 14:11:00,50.3,50.3,50.3,50.3,1000,50300.0,50.33,50.215,50.115208333333335,0.03336599497563242,0.032890985453911,0.00047500952172142147
2025-06-20 14:39:00,50.4,50.4,50.3,50.3,8000,402900.0,50.32,50.21666666666667,50.11687500000001,0.02826541995492704,0.0319658723541142,-0.0037004523991871624
2025-06-23 09:07:00,50.5,50.5,50.5,50.5,1000,50500.0,50.335,50.225,50.118125,0.03990154585089556,0.033553007053470474,0.006348538797425085
2025-06-23 09:26:00,50.5,50.5,50.5,50.5,1000,50500.0,50.339999999999996,50.23,50.120625000000004,0.04856345023262776,0.03655509568930193,0.012008354543325828
2025-06-23 09:33:00,50.1,50.1,50.1,50.1,5000,250500.0,50.325,50.22833333333333,50.12145833333334,0.022887581013385727,0.03382159275411869,-0.010934011740732962
2025-06-23 09:42:00,50.4,50.4,50.4,50.4,1000,50400.0,50.32,50.23166666666667,50.12229166666667,0.02644195605797961,0.032345665414890874,-0.0059037093569112645
2025-06-23 10:42:00,50.4,50.4,50.4,50.4,2000,100800.0,50.315,50.235,50.12416666666666,0.02892538999824268,0.03166161033156124,-0.002736220333318558
2025-06-23 11:10:00,50.1,50.1,50.1,50.1,4000,200400.0,50.31,50.233333333333334,50.12375,0.006609842344623473,0.026651256734173682,-0.02004141438955021
2025-06-23 11:11:00,50.4,50.4,50.4,50.4,1000,50400.0,50.32,50.24,50.125416666666666,0.012982449255950712,0.02391749523852909,-0.010935045982578377
2025-06-23 12:37:00,50.0,50.0,50.0,50.0,2000,100000.0,50.309999999999995,50.236666666666665,50.124583333333334,-0.014081547599907651,0.01631768667084174,-0.030399234270749392
2025-06-23 13:11:00,50.2,50.2,50.2,50.2,2000,100400.0,50.31,50.239999999999995,50.12583333333334,-0.019170644309205898,0.009220020474832212,-0.028390664784038108
2025-06-23 13:42:00,50.0,50.2,50.0,50.2,4000,200200.0,50.3,50.24,50.125416666666666,-0.02293935945969139,0.0027881444879274907,-0.025727503947618878
2025-06-23 13:43:00,49.9,50.1,49.9,50.1,10000,500000.0,50.305,50.23833333333334,50.12583333333334,-0.03360784729029831,-0.004491053867717672,-0.02911679342258064
2025-06-23 13:58:00,50.0,50.0,50.0,50.0,2000,100000.0,50.285,50.23833333333334,50.12583333333334,-0.04956056171837986,-0.013504955437850113,-0.03605560628052974
2025-06-23 14:09:00,50.2,50.2,50.2,50.2,1000,50200.0,50.275,50.23833333333333,50.12583333333334,-0.04553991847293304,-0.019911948044866703,-0.025627970428066336
2025-06-24 09:06:00,50.2,50.2,50.2,50.2,2000,100400.0,50.275,50.23833333333334,50.125833333333325,-0.041870868426236996,-0.024303732121140766,-0.01756713630509623
2025-06-24 10:37:00,50.0,50.0,50.0,50.0,5000,250000.0,50.254999999999995,50.23833333333334,50.125416666666666,-0.05447351162695924,-0.030337688022304465,-0.02413582360465477
2025-06-24 10:39:00,50.2,50.2,50.2,50.2,1000,50200.0,50.245,50.23833333333333,50.125416666666666,-0.04777218066881517,-0.03382458655160661,-0.013947594117208556
2025-06-24 10:41:00,50.2,50.2,50.2,50.2,1000,50200.0,50.235,50.23833333333334,50.12625,-0.041977437830745146,-0.03545515680743432,-0.006522281023310823
2025-06-24 12:18:00,49.9,49.9,49.9,49.9,5,249.5,50.21,50.233333333333334,50.126041666666666,-0.06089064571737168,-0.040542254589421796,-0.020348391127949887
2025-06-24 12:19:00,50.2,50.2,50.2,50.2,1000,50200.0,50.205,50.233333333333334,50.126041666666666,-0.05108315166025079,-0.042650434003587596,-0.008432717656663195
2025-06-24 13:50:00,50.2,50.2,50.2,50.2,1000,50200.0,50.2,50.236666666666665,50.12729166666667,-0.042817073391461236,-0.04268376188116233,-0.00013331151029890437
2025-06-24 14:52:00,50.0,50.0,50.0,50.0,3000,150000.0,50.175,50.23166666666667,50.12645833333333,-0.051807273341651694,-0.04450846417326021,-0.007298809168391485
2025-06-24 14:55:00,50.2,50.2,50.2,50.2,1000,50200.0,50.160000000000004,50.230000000000004,50.127291666666665,-0.04230606505941381,-0.04406798435049093,0.0017619192910771214
2025-06-25 09:10:00,50.2,50.2,50.2,50.2,1000,50200.0,50.165,50.23166666666667,50.127291666666665,-0.03437997805698245,-0.04213038309178924,0.007750405034806791
2025-06-25 09:20:00,49.9,50.1,49.85,50.1,209000,10419050.0,50.15,50.23166666666667,50.12645833333333,-0.03575549418832935,-0.04085540531109727,0.0050999111227679195
2025-06-25 09:24:00,50.0,50.0,50.0,50.0,100000,5000000.0,50.13,50.23416666666666,50.126875000000005,-0.04440291572499433,-0.041564907393876686,-0.0028380083311176432
2025-06-25 09:25:00,50.0,50.1,50.0,50.1,101000,5050100.0,50.13,50.23416666666667,50.12645833333333,-0.042694736977644254,-0.0417908733106302,-0.0009038636670140529
2025-06-25 09:38:00,50.1,50.1,50.1,50.1,50,2505.0,50.115,50.23833333333334,50.126041666666666,-0.04086987058610703,-0.04160667276572557,0.0007368021796185439
2025-06-25 10:03:00,50.1,50.1,50.1,50.1,1000,50100.0,50.120000000000005,50.24,50.12645833333333,-0.03897437844931062,-0.04108021390244258,0.002105835453131963
2025-06-25 10:13:00,50.0,50.0,50.0,50.0,994,49700.0,50.11,50.24,50.126041666666666,-0.04502236177859942,-0.04186864347767395,-0.003153718300925465
2025-06-25 10:17:00,50.2,50.2,50.2,50.2,1000,50200.0,50.11,50.24,50.126041666666666,-0.03329331895364618,-0.0401535785728684,0.006860259619222223
2025-06-25 11:07:00,50.2,50.2,50.2,50.2,1000,50200.0,50.115,50.24,50.127291666666665,-0.023724486894742824,-0.03686776023724329,0.013143273342500462
2025-06-25 11:18:00,50.2,50.2,50.2,50.2,2000,100400.0,50.125,50.24,50.127291666666665,-0.015957174177422928,-0.03268564302527922,0.01672846884785629
2025-06-25 11:21:00,49.9,49.9,49.9,49.9,4000,199600.0,50.11,50.233333333333334,50.127291666666665,-0.033621448553567745,-0.03287280413093692,-0.0007486444226308259
2025-06-25 11:28:00,50.2,50.2,50.2,50.2,1000,50200.0,50.11,50.23166666666667,50.12729166666667,-0.023146205417461374,-0.030927484388241812,0.007781278970780438
2025-06-25 12:22:00,50.2,50.2,50.2,50.2,1000,50200.0,50.120000000000005,50.230000000000004,50.128125,-0.014675331673593917,-0.027677053845312237,0.01300172217171832
2025-06-25 14:25:00,50.2,50.2,50.2,50.2,1000,50200.0,50.120000000000005,50.230000000000004,50.12895833333334,-0.007871366983394523,-0.023715916472928693,0.01584454948953417
2025-06-26 09:04:00,50.2,50.2,50.2,50.2,4000,200800.0,50.12,50.226666666666674,50.12895833333334,-0.002450923229162072,-0.01946291782417537,0.017011994595013298
2025-06-26 09:12:00,50.2,50.2,50.2,50.2,1000,50200.0,50.135000000000005,50.223333333333336,50.12895833333333,0.0018237939370280287,-0.01520557547193469,0.01702936940896272
2025-06-26 09:34:00,50.3,50.3,50.3,50.3,3000,150900.0,50.14,50.22500000000001,50.129375,0.01312935531866799,-0.009538589313814154,0.022667944632482145
2025-06-26 09:39:00,50.1,50.1,50.1,50.1,1000,50100.0,50.135000000000005,50.21833333333334,50.12895833333333,0.005882950642522644,-0.006454281322546793,0.012337231965069438
2025-06-26 09:42:00,50.1,50.3,50.1,50.3,4000,200800.0,50.15,50.22,50.130208333333336,0.01609294184335397,-0.0019448366893666396,0.018037778532720608
2025-06-26 09:45:00,50.4,50.4,50.2,50.2,10000,502800.0,50.15,50.21666666666667,50.13145833333333,0.015931619372864247,0.0016304545230795388,0.01430116484978471
2025-06-26 10:13:00,50.1,50.1,50.1,50.1,5000,250500.0,50.145,50.21166666666667,50.13104166666666,0.007646462230766815,0.002833656064616995,0.004812806166149821
2025-06-26 10:15:00,50.3,50.3,50.3,50.3,5000,251500.0,50.155,50.20833333333334,50.131458333333335,0.017022519031328898,0.005671428657959376,0.01135109037336952
2025-06-26 10:44:00,50.1,50.1,50.1,50.1,5000,250500.0,50.160000000000004,50.201666666666675,50.13229166666667,0.008220027703778499,0.006181148467123201,0.0020388792366552973
2025-06-26 12:10:00,50.4,50.4,50.4,50.4,1000,50400.0,50.175,50.205000000000005,50.13395833333334,0.025161437316626234,0.00997720623702381,0.015184231079602425
2025-06-26 12:20:00,50.4,50.4,50.2,50.2,2000,100600.0,50.18,50.205000000000005,50.13395833333333,0.02219346550541701,0.012420458090702451,0.009773007414714558
2025-06-26 12:54:00,50.1,50.1,50.1,50.1,5000,250500.0,50.18,50.20333333333333,50.134791666666665,0.011638006502266762,0.012263967773015316,-0.0006259612707485533
2025-06-26 13:23:00,50.0,50.2,50.0,50.2,8000,400600.0,50.19,50.20333333333334,50.134791666666665,0.01121264111231568,0.01205370244087539,-0.0008410613285597095
2025-06-26 13:42:00,50.0,50.0,50.0,50.0,1000,50000.0,50.18,50.19666666666667,50.13395833333334,-0.005202817710156182,0.008602398410669076,-0.013805216120825258
2025-06-26 13:43:00,50.2,50.2,50.0,50.0,7000,351000.0,50.17,50.19666666666667,50.133125,-0.018004640802281813,0.003280990568078897,-0.02128563137036071
2025-06-26 13:44:00,50.3,50.3,50.1,50.1,6000,301600.0,50.165000000000006,50.19166666666667,50.13395833333333,-0.019852170110333134,-0.0013456415676035105,-0.018506528542729623
2025-06-26 13:45:00,50.1,50.1,50.1,50.1,1000,50100.0,50.175,50.186666666666675,50.13395833333333,-0.021073429025648238,-0.005291199059212458,-0.01578222996643578
2025-06-27 09:45:00,50.5,50.5,50.5,50.5,1000,50500.0,50.190000000000005,50.19166666666667,50.13645833333333,0.01011872913501577,-0.002209213420366812,0.012327942555382582
2025-06-27 09:54:00,50.1,50.1,50.1,50.1,5000,250500.0,50.185,50.18666666666666,50.136041666666664,0.0025328846268735106,-0.0012607938109187474,0.003793678437792258
2025-06-27 10:06:00,50.1,50.1,50.1,50.1,1000,50100.0,50.17999999999999,50.181666666666665,50.136041666666664,-0.0034393056245392017,-0.0016964961736428386,-0.0017428094508963631
2025-06-27 10:11:00,50.4,50.4,50.4,50.4,1000,50400.0,50.190000000000005,50.181666666666665,50.138124999999995,0.015852446236891637,0.0018132923084640577,0.01403915392842758
2025-06-27 10:15:00,50.2,50.2,50.2,50.2,1000,50200.0,50.19,50.178333333333335,50.13812500000001,0.014831996028753736,0.0044170330525219945,0.010414962976231741
2025-06-27 11:53:00,50.2,50.2,50.2,50.2,2000,100400.0,50.185,50.17666666666666,50.138124999999995,0.013863472406654864,0.006306320923348569,0.007557151483306295
2025-06-27 13:30:00,50.2,50.2,50.2,50.2,1000,50200.0,50.190000000000005,50.175,50.13916666666667,0.01294666931348587,0.00763439060137603,0.00531227871210984
2025-06-30 09:19:00,50.4,50.4,50.4,50.4,1000,50400.0,50.19500000000001,50.17333333333333,50.14,0.028035251855158094,0.011714562852132446,0.01632068900302565
2025-06-30 10:06:00,50.4,50.4,50.4,50.4,400,20160.0,50.205,50.17166666666667,50.141875,0.03953730083389928,0.017279110448485815,0.022258190385413466
2025-06-30 10:32:00,50.1,50.1,50.1,50.1,3000,150300.0,50.205,50.17166666666667,50.142291666666665,0.024166686206591237,0.0186566256001069,0.005510060606484336
2025-06-30 10:40:00,50.3,50.3,50.1,50.1,3000,150500.0,50.19500000000001,50.166666666666664,50.14270833333333,0.011848778037553132,0.01729505608759615,-0.005446278050043017
2025-06-30 10:43:00,50.0,50.0,50.0,50.0,2000,100000.0,50.190000000000005,50.16,50.14270833333333,-0.005914241502729567,0.012653196569531004,-0.01856743807226057
2025-06-30 10:45:00,50.4,50.4,50.4,50.4,1000,50400.0,50.190000000000005,50.165,50.14395833333333,0.012145093518455496,0.012551575959315905,-0.0004064824408604086
2025-06-30 11:04:00,50.0,50.0,50.0,50.0,1000,50000.0,50.18,50.15833333333333,50.143125000000005,-0.005753092359739753,0.008890642295504774,-0.014643734655244527
2025-06-30 11:10:00,50.0,50.0,50.0,50.0,2000,100000.0,50.175,50.15833333333333,50.14354166666667,-0.019710325257356942,0.00317044878493243,-0.022880774042289373
2025-06-30 11:11:00,50.2,50.2,50.2,50.2,1000,50200.0,50.175,50.15833333333334,50.14395833333334,-0.014466444191306493,-0.00035692981031535564,-0.014109514380991138
2025-06-30 11:44:00,50.2,50.2,50.2,50.2,1000,50200.0,50.185,50.15833333333333,50.144375,-0.010193130601770406,-0.002324169968606366,-0.00786896063316404
2025-06-30 12:25:00,50.2,50.2,50.2,50.2,1000,50200.0,50.19500000000001,50.16,50.145625,-0.006728931856663678,-0.003205122346217829,-0.003523809510445849
2025-06-30 12:32:00,50.2,50.2,50.2,50.2,1000,50200.0,50.2,50.163333333333334,50.14604166666666,-0.0039381330466099485,-0.0033517244862962536,-0.0005864085603136948
2025-06-30 12:33:00,50.1,50.1,50.1,50.1,20000,1002000.0,50.2,50.16166666666667,50.14604166666666,-0.009683938730510988,-0.004618167335139201,-0.005065771395371787
2025-06-30 12:41:00,50.3,50.3,50.3,50.3,20000,1006000.0,50.19,50.163333333333334,50.146875,0.001879135890142436,-0.003318706690082874,0.00519784258022531
2025-06-30 13:35:00,50.1,50.3,50.1,50.3,6000,300800.0,50.2,50.16833333333333,50.147708333333334,0.01091711018392516,-0.0004715433152812663,0.011388653499206427
2025-06-30 13:46:00,50.0,50.2,50.0,50.2,9000,450600.0,50.205,50.16833333333334,50.14812500000001,0.009896524685508723,0.0016020702848767324,0.00829445440063199
2025-06-30 13:47:00,50.2,50.2,50.2,50.2,3000,150600.0,50.195,50.16833333333333,50.14958333333333,0.008984139754431908,0.0030784841787877683,0.005905655575644139
2025-06-30 13:51:00,50.2,50.2,50.2,50.2,4000,200800.0,50.19500000000001,50.17333333333333,50.15,0.008166924896706007,0.004096172322371416,0.004070752574334591
2025-06-30 14:39:00,50.0,50.0,50.0,50.0,1000,50000.0,50.185,50.169999999999995,50.14916666666667,-0.008520829477831171,0.0015727719623308985,-0.010093601440162069
2025-06-30 14:40:00,50.0,50.0,50.0,50.0,1000,50000.0,50.175,50.166666666666664,50.14958333333333,-0.02149817744103899,-0.0030414179183430807,-0.01845675952269591
2025-06-30 14:53:00,50.1,50.1,50.1,50.1,3000,150300.0,50.160000000000004,50.16833333333334,50.14916666666667,-0.023443413851630623,-0.0071218171050005915,-0.016321596746630033
2025-06-30 14:54:00,50.3,50.3,50.3,50.3,1000,50300.0,50.155,50.169999999999995,50.15083333333334,-0.008745882106644842,-0.007446630105329442,-0.0012992520013154
2025-07-01 09:09:00,50.3,50.3,50.3,50.3,1000,50300.0,50.165,50.17166666666667,50.15125,0.0028689462645772323,-0.005383514831348107,0.00825246109592534
2025-07-02 09:01:00,50.2,50.3,50.2,50.3,5000,251200.0,50.175,50.175,50.15291666666667,0.011936188478344434,-0.0019195741694095984,0.013855762647754032
2025-07-02 09:20:00,50.0,50.0,50.0,50.0,3000,150000.0,50.175,50.175,50.15208333333333,-0.0050274956958134,-0.002541158474690359,-0.002486337221123041
2025-07-02 09:21:00,50.2,50.2,50.0,50.0,5000,250200.0,50.155,50.173333333333325,50.151666666666664,-0.018260838046550987,-0.005685094389062486,-0.012575743657488501
2025-07-02 09:23:00,50.2,50.2,50.2,50.2,1000,50200.0,50.165,50.175,50.15208333333333,-0.012466324639909487,-0.007041340439231887,-0.0054249842006776
2025-07-02 10:18:00,50.4,50.4,50.4,50.4,3000,151200.0,50.184999999999995,50.18,50.15291666666667,0.008170018623303577,-0.003999068626724793,0.01216908725002837
2025-07-02 10:35:00,50.5,50.5,50.3,50.3,8000,403800.0,50.190000000000005,50.184999999999995,50.15333333333333,0.016267780226968398,5.430114401384603e-05,0.016213479082954552
2025-07-02 11:17:00,50.1,50.1,50.1,50.1,5000,250500.0,50.185,50.18333333333333,50.153749999999995,0.006472376580532568,0.001337916231317591,0.005134460349214978
2025-07-02 11:18:00,50.0,50.0,50.0,50.0,6000,300000.0,50.175,50.17999999999999,50.15291666666667,-0.009253052220302038,-0.0007802774590063356,-0.008472774761295702
2025-07-02 11:22:00,50.4,50.4,50.4,50.4,1000,50400.0,50.185,50.18333333333333,50.155,0.010440734926852713,0.0014639250181654748,0.008976809908687239
2025-07-02 13:12:00,50.3,50.3,50.3,50.3,2000,100600.0,50.195,50.190000000000005,50.15541666666666,0.017774149530161765,0.004725969920564734,0.013048179609597031
2025-07-02 14:11:00,50.1,50.1,50.1,50.1,1000,50100.0,50.185,50.18833333333334,50.154999999999994,0.007362731917034182,0.005253322319858624,0.0021094095971755577
2025-07-02 14:37:00,49.95,49.95,49.95,49.95,532,26573.4,50.167500000000004,50.18416666666666,50.153958333333335,-0.012844079397154928,0.001633841976455913,-0.014477921373610841
2025-07-02 14:50:00,49.95,49.95,49.95,49.95,2,99.9,50.155,50.18,50.15291666666666,-0.028529255447907076,-0.004398777508416687,-0.02413047793949039
2025-07-02 14:51:00,50.4,50.4,50.4,50.4,1000,50400.0,50.165,50.18333333333333,50.15375000000001,-0.004595655425582379,-0.004438153091849826,-0.00015750233373255321
2025-07-03 09:02:00,50.4,50.4,50.4,50.4,1000,50400.0,50.175,50.18666666666666,50.155416666666675,0.014208112744910295,-0.0007088999244978006,0.014917012669408095
2025-07-03 09:03:00,50.4,50.4,50.4,50.4,2000,100800.0,50.195,50.188333333333325,50.15708333333334,0.028778493929827675,0.005188578846367297,0.02358991508346038
2025-07-03 09:05:00,50.4,50.4,50.4,50.4,1000,50400.0,50.214999999999996,50.193333333333335,50.1575,0.039866074699432374,0.012124078016980315,0.027741996682452058
2025-07-03 10:03:00,50.4,50.4,50.4,50.4,1000,50400.0,50.230000000000004,50.19500000000001,50.159166666666664,0.04809861148815031,0.019318984711214317,0.028779626776935994
2025-07-03 10:09:00,50.2,50.2,50.2,50.2,3000,150600.0,50.225,50.195,50.15916666666667,0.03804605641962411,0.023064399052896277,0.014981657366727831
2025-07-03 10:12:00,50.1,50.3,50.1,50.3,4000,200600.0,50.225,50.19833333333334,50.16041666666667,0.037713757646059776,0.02599427077152898,0.011719486874530796
2025-07-03 10:20:00,50.3,50.3,50.3,50.3,2000,100600.0,50.225,50.19833333333333,50.160833333333336,0.03702362319217656,0.0282001412556585,0.008823481936518059
2025-07-03 11:06:00,50.1,50.3,50.1,50.3,4000,200600.0,50.239999999999995,50.20166666666667,50.162083333333335,0.036060997928387906,0.029772312590204384,0.006288685338183522
2025-07-03 11:36:00,50.3,50.3,50.3,50.3,1000,50300.0,50.254999999999995,50.2,50.16208333333334,0.03489585280230756,0.030797020632625023,0.0040988321696825356
2025-07-03 11:48:00,50.1,50.3,50.1,50.3,3000,150500.0,50.260000000000005,50.20166666666667,50.16291666666667,0.033585316275576815,0.031354679761215386,0.0022306365143614296
2025-07-03 11:57:00,50.3,50.3,50.3,50.3,1000,50300.0,50.255,50.205000000000005,50.1625,0.032175803996516095,0.03151890460827553,0.0006568993882405672
2025-07-03 13:42:00,50.4,50.4,50.2,50.2,4000,201000.0,50.25,50.205,50.162083333333335,0.022727601453127022,0.029760643977245826,-0.007033042524118804
2025-07-03 14:51:00,50.1,50.1,50.1,50.1,1000,50100.0,50.25,50.20666666666666,50.16125,0.007088951580634273,0.025226305497923516,-0.018137353917289243
2025-07-03 14:57:00,50.1,50.4,50.1,50.4,4000,200700.0,50.269999999999996,50.21333333333333,50.16166666666666,0.01868728627790972,0.02391850165392076,-0.005231215376011039
2025-07-04 09:28:00,50.4,50.4,50.4,50.4,1000,50400.0,50.269999999999996,50.218333333333334,50.162083333333335,0.027561340114488075,0.024647069346034226,0.0029142707684538492
2025-07-04 09:39:00,50.4,50.4,50.4,50.4,1000,50400.0,50.275,50.223333333333336,50.163958333333326,0.03419985705068029,0.02655762688696344,0.007642230163716852
2025-07-04 09:41:00,50.0,50.2,50.0,50.2,9000,450800.0,50.28,50.218333333333334,50.16354166666667,0.023056816393264512,0.02585746478822366,-0.002800648394959148
2025-07-04 10:10:00,50.2,50.2,50.2,50.2,2000,100400.0,50.2925,50.220000000000006,50.164375,0.01406375814152483,0.023498723458883895,-0.009434965317359066
2025-07-04 10:14:00,50.2,50.2,50.2,50.2,2000,100400.0,50.305,50.22166666666667,50.16437499999999,0.006857644033850363,0.02017050757387719,-0.013312863540026827
2025-07-04 10:15:00,50.0,50.0,50.0,50.0,8000,400000.0,50.285000000000004,50.215,50.16354166666667,-0.014820737606463297,0.013172258537809092,-0.02799299614427239
2025-07-04 10:17:00,50.2,50.2,50.2,50.2,1000,50200.0,50.275,50.214999999999996,50.164375,-0.015681911397514625,0.007401424550744347,-0.02308333594825897
2025-07-04 10:37:00,50.2,50.2,50.2,50.2,2000,100400.0,50.265,50.215,50.163958333333326,-0.016177908967172527,0.002685557847160971,-0.0188634668143335
2025-07-04 14:11:00,50.1,50.1,50.1,50.1,1000,50100.0,50.25,50.21333333333334,50.16437499999999,-0.024359355393919202,-0.002723424801055065,-0.021635930592864137
2025-07-07 09:08:00,50.4,50.4,50.4,50.4,1000,50400.0,50.25,50.21333333333334,50.16604166666666,-0.006560097119781005,-0.0034907592648002533,-0.003069337854980752
2025-07-07 09:11:00,50.2,50.2,50.2,50.2,1000,50200.0,50.25,50.21,50.166041666666665,-0.008494466311042004,-0.004491500674048604,-0.0040029656369934
2025-07-07 09:34:00,50.4,50.4,50.4,50.4,1000,50400.0,50.255,50.215,50.16770833333333,0.0060412212606024696,-0.002384956287118389,0.008426177547720858
2025-07-07 09:35:00,50.4,50.4,50.4,50.4,4000,201600.0,50.26,50.220000000000006,50.169374999999995,0.017360734642821285,0.001564181898869547,0.01579655274395174
2025-07-07 10:04:00,50.4,50.4,50.4,50.4,1000,50400.0,50.265,50.226666666666674,50.171041666666675,0.026031456128691843,0.006457636744834008,0.019573819383857834
2025-07-07 10:27:00,50.1,50.1,50.1,50.1,2000,100200.0,50.255,50.22166666666667,50.170624999999994,0.008596477735807184,0.006885404943028644,0.00171107279277854
2025-07-07 12:27:00,50.1,50.1,50.1,50.1,5000,250500.0,50.245,50.223333333333336,50.171458333333334,-0.005161371178679985,0.0044760497186869174,-0.009637420897366904
2025-07-07 12:31:00,50.0,50.2,50.0,50.2,6000,300600.0,50.24,50.22666666666667,50.171458333333334,-0.00790428561392531,0.0019999826521644717,-0.009904268266089783
2025-07-07 12:33:00,50.0,50.0,50.0,50.0,2000,100000.0,50.230000000000004,50.22333333333333,50.171458333333334,-0.025917631275561348,-0.003583540133380694,-0.022334091142180653
2025-07-07 12:39:00,50.3,50.3,50.3,50.3,1000,50300.0,50.239999999999995,50.225,50.172708333333325,-0.01580366982783943,-0.006027566072272442,-0.009776103755566985
2025-07-07 12:48:00,50.0,50.2,50.0,50.2,10000,500800.0,50.230000000000004,50.225,50.173541666666665,-0.015676735134299236,-0.007957399884677802,-0.007719335249621434
2025-07-08 09:19:00,50.3,50.3,50.3,50.3,1000,50300.0,50.225,50.22666666666667,50.175,-0.007421424646366859,-0.007850204837015613,0.00042878019064875386
2025-07-08 10:40:00,49.9,49.9,49.9,49.9,2000,99800.0,50.2,50.223333333333336,50.173333333333325,-0.032777846062984395,-0.012835733082209371,-0.01994211298077502
2025-07-08 10:42:00,50.2,50.2,50.2,50.2,1000,50200.0,50.2,50.221666666666664,50.173750000000005,-0.02833882755962236,-0.01593635197769197,-0.012402475581930389
2025-07-08 10:56:00,49.9,49.9,49.8,49.8,17000,847450.0,50.18,50.21333333333334,50.1725,-0.05644684636684616,-0.02403845085552281,-0.03240839551132335
2025-07-08 11:00:00,50.0,50.0,50.0,50.0,5000,250000.0,50.17,50.21,50.1725,-0.061871113564905045,-0.03160498339739926,-0.030266130167505782
2025-07-08 11:01:00,50.0,50.0,50.0,50.0,9000,450000.0,50.17,50.20666666666667,50.1725,-0.06541581164242416,-0.038367149046404245,-0.027048662596019915
2025-07-08 11:58:00,50.1,50.1,50.1,50.1,1000,50100.0,50.165,50.205000000000005,50.17333333333333,-0.059470309433727664,-0.042587781123868934,-0.01688252830985873
2025-07-08 12:27:00,50.1,50.1,50.1,50.1,2000,100200.0,50.160000000000004,50.20666666666667,50.173750000000005,-0.054134428108575605,-0.044897110520810274,-0.009237317587765331
2025-07-08 13:14:00,50.2,50.2,50.2,50.2,2000,100400.0,50.165,50.21000000000001,50.17416666666667,-0.04135976976996858,-0.04418964237064194,0.0028298726006733624
2025-07-09 09:14:00,50.3,50.3,50.3,50.3,1000,50300.0,50.160000000000004,50.21333333333333,50.175,-0.022902589934659545,-0.03993223188344547,0.017029641948785923
2025-07-09 10:37:00,50.0,50.0,50.0,50.0,1000,50000.0,50.15,50.208333333333336,50.17541666666667,-0.032112462258155006,-0.038368277958387376,0.00625581570023237
2025-07-09 12:35:00,49.95,50.1,49.9,50.1,12000,599750.0,50.135000000000005,50.205,50.17541666666667,-0.030985012229464814,-0.036891624812602865,0.00590661258313805
2025-07-09 13:23:00,49.85,49.85,49.85,49.85,5000,249250.0,50.1075,50.197500000000005,50.174375000000005,-0.049691596825461204,-0.03945161921517454,-0.010239977610286666
2025-07-09 13:24:00,50.1,50.1,49.9,49.9,6000,299600.0,50.0825,50.19583333333333,50.174375000000005,-0.05979286285563745,-0.04351986794326713,-0.016272994912370324
2025-07-09 13:25:00,49.85,49.85,49.85,49.85,2000,99700.0,50.07,50.19333333333334,50.17333333333333,-0.07101416401483363,-0.04901872715758043,-0.021995436857253192
2025-07-09 13:26:00,50.1,50.1,50.1,50.1,1000,50100.0,50.07,50.19166666666667,50.17375,-0.059053483566749776,-0.05102567843941431,-0.008027805127335468
2025-07-09 13:28:00,50.1,50.1,50.1,50.1,2000,100200.0,50.065,50.18666666666666,50.17375,-0.0490096059100793,-0.05062246393354731,0.001612858023468007
2025-07-09 13:29:00,50.1,50.1,50.1,50.1,4000,200400.0,50.07,50.18333333333333,50.17458333333333,-0.04058195696642031,-0.048614362540121914,0.008032405573701606
2025-07-09 13:30:00,50.1,50.1,50.1,50.1,1000,50100.0,50.06,50.18333333333333,50.17458333333333,-0.033516625663352784,-0.04559481516476809,0.012078189501415308
2025-07-10 09:16:00,50.2,50.2,50.2,50.2,1000,50200.0,50.059999999999995,50.186666666666675,50.17583333333333,-0.01962194585996002,-0.04040024130380648,0.020778295443846462
2025-07-10 09:20:00,50.0,50.0,50.0,50.0,1000,50000.0,50.045,50.18,50.17541666666666,-0.024466604750628562,-0.0372135139931709,0.012746909242542341
2025-07-10 09:40:00,50.2,50.2,50.2,50.2,1000,50200.0,50.06,50.17833333333333,50.17666666666666,-0.012029040009693404,-0.0321766191964754,0.020147579186782
2025-07-10 09:43:00,50.0,50.0,50.0,50.0,1000,50000.0,50.05,50.17666666666666,50.176249999999996,-0.01810184210714283,-0.029361663778608885,0.011259821671466056
2025-07-10 10:07:00,50.2,50.2,50.2,50.2,4000,200800.0,50.07000000000001,50.18083333333334,50.1775,-0.006699030734978351,-0.02482913716988278,0.01813010643490443
2025-07-10 12:05:00,50.0,50.0,50.0,50.0,3000,150000.0,50.07000000000001,50.181666666666665,50.177083333333336,-0.013643277885158511,-0.022591965312937928,0.008948687427779416
2025-07-10 12:07:00,49.9,49.9,49.9,49.9,3000,149700.0,50.065000000000005,50.173333333333325,50.17666666666666,-0.026905656388755972,-0.02345470352810154,-0.0034509528606544333
2025-07-10 12:09:00,50.2,50.2,50.2,50.2,1000,50200.0,50.07,50.17,50.177083333333336,-0.01305816767916923,-0.02137539635831508,0.00831722867914585
2025-07-10 12:23:00,50.2,50.2,50.2,50.2,1000,50200.0,50.075,50.166666666666664,50.17833333333333,-0.00206018458556656,-0.017512354003765378,0.015452169418198818
2025-07-10 12:40:00,49.9,50.1,49.9,50.1,12000,599600.0,50.07000000000001,50.16166666666666,50.178333333333335,-0.0013972612548514007,-0.014289335453982583,0.012892074199131182
2025-07-10 12:46:00,49.85,50.0,49.85,50.0,16000,798800.0,50.055,50.154999999999994,50.17791666666667,-0.008839161650953997,-0.013199300693376867,0.00436013904242287
2025-07-10 13:09:00,49.9,50.1,49.9,50.1,6000,300000.0,50.06,50.153333333333336,50.17791666666667,-0.006591771230226584,-0.01187779480074681,0.005286023570520226
2025-07-10 13:15:00,49.9,49.9,49.9,49.9,2000,99800.0,50.05,50.14666666666666,50.17791666666667,-0.02071029131392521,-0.013644294103382491,-0.00706599721054272
2025-07-10 13:18:00,50.1,50.1,50.1,50.1,3000,150300.0,50.06250000000001,50.14333333333334,50.17791666666667,-0.015581379227782577,-0.01403171112826251,-0.0015496680995200664
2025-07-10 13:19:00,49.9,49.9,49.85,49.85,5000,249300.0,50.059999999999995,50.13583333333334,50.17729166666666,-0.03132845518048555,-0.017491059938707122,-0.013837395241778426
2025-07-10 13:20:00,50.1,50.1,50.1,50.1,1000,50100.0,50.072500000000005,50.1325,50.177708333333335,-0.02336586847469846,-0.01866602164590539,-0.0046998468287930695
2025-07-11 09:06:00,49.85,49.85,49.85,49.85,1000,49850.0,50.06,50.125,50.17666666666666,-0.03680411685650142,-0.0222936406880246,-0.014510476168476824
2025-07-11 09:07:00,49.85,49.85,49.85,49.85,1000,49850.0,50.0475,50.11749999999999,50.175625,-0.04691323890086352,-0.02721756033059239,-0.01969567857027113
2025-07-11 09:09:00,49.85,50.0,49.85,50.0,4000,199850.0,50.042500000000004,50.11416666666666,50.17479166666667,-0.04233305544386212,-0.03024065935324634,-0.01209239609061578
2025-07-11 09:10:00,50.3,50.3,50.3,50.3,1000,50300.0,50.052499999999995,50.1175,50.17520833333333,-0.014330540707540251,-0.027058635624105126,0.012728094916564875
2025-07-11 09:23:00,50.2,50.2,50.2,50.2,3000,150600.0,50.0525,50.11416666666666,50.17604166666667,-0.0002051455072020758,-0.021687937600724516,0.02148279209352244
2025-07-11 09:47:00,50.3,50.3,50.3,50.3,5000,251500.0,50.0675,50.1125,50.17729166666666,0.018841305382032658,-0.01358208900417308,0.03242339438620574
2025-07-11 12:31:00,50.0,50.0,50.0,50.0,6000,300000.0,50.0575,50.10583333333333,50.17729166666666,0.009617398752439499,-0.008942191452850563,0.018559590205290064
2025-07-11 12:37:00,50.2,50.2,50.2,50.2,2000,100400.0,50.0675,50.10583333333333,50.17729166666667,0.01823550724774492,-0.0035066517127314654,0.021742158960476383
2025-07-14 09:11:00,49.9,50.1,49.9,50.1,4000,199800.0,50.0625,50.104166666666664,50.176875,0.016802566527566398,0.0005551919353281085,0.016247374592238288
2025-07-14 09:51:00,50.2,50.2,50.2,50.2,6000,301200.0,50.0725,50.104166666666664,50.177708333333335,0.023465617911732295,0.005137277130608947,0.01832834078112335
2025-07-14 09:59:00,50.2,50.3,50.1,50.1,8000,401500.0,50.082499999999996,50.10583333333333,50.17729166666666,0.020441334888928964,0.008198088682272953,0.012243246206656011
2025-07-14 13:04:00,49.95,50.4,49.95,50.4,2000,100350.0,50.0925,50.10916666666667,50.17895833333333,0.0417705566244706,0.014912582270712484,0.026857974353758116
2025-07-14 13:07:00,50.2,50.2,50.2,50.2,1000,50200.0,50.0925,50.10916666666666,50.178958333333334,0.04205105164092515,0.02034027614475502,0.02171077549617013
2025-07-14 13:40:00,50.4,50.4,50.4,50.4,1000,50400.0,50.1075,50.11416666666666,50.17979166666667,0.05774601438440641,0.027821423792685304,0.029924590591721104
2025-07-15 09:20:00,49.95,50.4,49.95,50.4,2000,100350.0,50.1275,50.11416666666666,50.18145833333333,0.06938456337848464,0.036134051709845176,0.03325051166863947
2025-07-15 10:03:00,49.95,49.95,49.95,49.95,207,10339.65,50.12,50.11,50.18041666666667,0.04181494149773357,0.037270229667422855,0.004544711830310716
2025-07-15 10:04:00,49.95,50.4,49.95,50.4,2000,100350.0,50.144999999999996,50.11,50.18125,0.055635722742181315,0.04094332828237455,0.014692394459806767
2025-07-15 12:00:00,50.4,50.4,50.4,50.4,5000,252000.0,50.16,50.11,50.18208333333333,0.06582994482552351,0.04592065159100435,0.019909293234519163
2025-07-15 12:31:00,50.0,50.2,50.0,50.2,10000,501000.0,50.1775,50.10666666666666,50.18208333333334,0.057112256203353695,0.04815897251347422,0.008953283689879472
2025-07-15 13:28:00,50.0,50.0,50.0,50.0,1000,50000.0,50.1725,50.105,50.18125,0.03367689040303645,0.04526255609138667,-0.011585665688350219
2025-07-15 14:42:00,50.3,50.3,50.3,50.3,1000,50300.0,50.195,50.108333333333334,50.1825,0.03886369052640504,0.043982782978390346,-0.005119092451985309
2025-07-16 09:20:00,50.0,50.3,50.0,50.3,2000,100300.0,50.2175,50.11000000000001,50.18291666666667,0.04248453175666356,0.04368313273404499,-0.0011986009773814338
2025-07-16 14:38:00,50.1,50.1,50.1,50.1,5000,250500.0,50.222500000000004,50.11166666666667,50.18333333333333,0.028882803013914327,0.04072306679001886,-0.011840263776104532
2025-07-16 14:41:00,50.3,50.3,50.3,50.3,1000,50300.0,50.222500000000004,50.111666666666665,50.18375,0.03385144513269012,0.03934874245855311,-0.0054972973258629945
2025-07-17 09:32:00,50.0,50.0,50.0,50.0,1000,50000.0,50.2125,50.108333333333334,50.182916666666664,0.013426860523367168,0.03416436607151593,-0.02073750554814876
2025-07-17 09:45:00,50.0,50.2,50.0,50.2,5000,250600.0,50.2075,50.10666666666667,50.183749999999996,0.013226096393296416,0.029976712135872025,-0.01675061574257561
2025-07-17 10:45:00,50.0,50.0,50.0,50.0,1000,50000.0,50.2075,50.108333333333334,50.182916666666664,-0.0030363381404399092,0.023374102080609638,-0.026410440221049547
2025-07-17 11:23:00,50.4,50.4,50.4,50.4,2000,100800.0,50.2175,50.11166666666667,50.18375,0.016165872274896742,0.02193245611946706,-0.005766583844570319
2025-07-17 11:49:00,50.4,50.4,50.2,50.2,3000,150800.0,50.2225,50.11833333333333,50.18458333333333,0.015071696705426518,0.020560304236658954,-0.005488607531232436
2025-07-17 12:00:00,50.0,50.2,50.0,50.2,11000,550600.0,50.222500000000004,50.12166666666666,50.184583333333336,0.014042679416462533,0.01925677927261967,-0.005214099856157138
2025-07-17 12:12:00,50.3,50.3,50.3,50.3,1000,50300.0,50.2325,50.126666666666665,50.184999999999995,0.02105364673232657,0.01961615276456105,0.0014374939677655185
2025-07-17 12:38:00,50.0,50.0,50.0,50.0,1000,50000.0,50.2125,50.125,50.18416666666666,0.0023750183133444125,0.016167925874317722,-0.01379290756097331
2025-07-17 12:48:00,50.3,50.3,50.3,50.3,1000,50300.0,50.2175,50.12833333333334,50.184583333333336,0.011645323474390068,0.015263405394332191,-0.003618081919942123
2025-07-17 13:14:00,50.3,50.3,50.3,50.3,1000,50300.0,50.2125,50.129999999999995,50.185833333333335,0.018775672834472346,0.015965858882360223,0.002809813952112123
2025-07-17 13:30:00,50.3,50.3,50.3,50.3,1000,50300.0,50.207499999999996,50.13,50.18583333333333,0.024148161104228905,0.01760231932673396,0.006545841777494944
2025-07-18 09:02:00,50.3,50.3,50.3,50.3,3000,150900.0,50.225,50.135,50.185833333333335,0.028082182841458803,0.019698292029678932,0.00838389081177987
2025-07-18 09:28:00,50.1,50.3,50.1,50.3,16000,803200.0,50.22,50.138333333333335,50.18666666666666,0.03084436872855889,0.021927507369454927,0.008916861359103963
2025-07-18 09:47:00,50.1,50.1,50.1,50.1,1000,50100.0,50.205,50.1425,50.18666666666666,0.016702555748601355,0.020882517045284214,-0.004179961296682858
2025-07-18 09:48:00,50.1,50.3,50.1,50.3,10000,502000.0,50.209999999999994,50.14916666666667,50.188541666666666,0.02138686118311739,0.02098338587285085,0.0004034753102665385
2025-07-18 09:52:00,50.1,50.3,50.1,50.3,8000,401400.0,50.225,50.15666666666666,50.189375000000005,0.02481317613970191,0.021749343926221066,0.003063832213480843
2025-07-18 12:17:00,50.1,50.3,50.1,50.3,11000,552300.0,50.225,50.16,50.19125,0.027214839696696913,0.022842443080316237,0.004372396616380676
2025-07-18 12:32:00,50.0,50.0,50.0,50.0,5000,250000.0,50.209999999999994,50.15833333333333,50.19125,0.004854720378709487,0.01924489853999489,-0.014390178161285402
2025-07-18 12:39:00,50.2,50.3,50.1,50.1,12000,602700.0,50.209999999999994,50.15833333333333,50.19166666666667,-0.004742008094119399,0.01444751721317203,-0.019189525307291427
2025-07-18 12:46:00,50.1,50.3,50.1,50.3,6000,301200.0,50.209999999999994,50.16166666666667,50.19208333333333,0.0037476434795209457,0.012307542466441813,-0.008559898986920868
2025-07-18 12:48:00,50.5,50.5,50.5,50.5,1000,50500.0,50.235,50.166666666666664,50.193333333333335,0.026310787664243662,0.015108191506002186,0.011202596158241476
2025-07-18 13:05:00,50.1,50.1,50.1,50.1,1000,50100.0,50.230000000000004,50.16833333333333,50.19291666666666,0.011779794787145192,0.014442512162230789,-0.0026627173750855965
2025-07-18 13:06:00,50.5,50.5,50.5,50.5,1000,50500.0,50.254999999999995,50.17333333333333,50.19375,0.03216970299127553,0.01798795032803974,0.014181752663235788
2025-07-18 13:08:00,50.5,50.5,50.5,50.5,1000,50500.0,50.26,50.181666666666665,50.19458333333333,0.04777809599461591,0.023945979461354978,0.023832116533260932
2025-07-21 09:01:00,50.5,50.5,50.5,50.5,1000,50500.0,50.275,50.18666666666666,50.19541666666667,0.05946241420526377,0.03104926641013674,0.02841314779512703
2025-07-21 09:11:00,50.5,50.5,50.5,50.5,2000,101000.0,50.29,50.195,50.196666666666665,0.06793916021982227,0.038427245172073854,0.029511915047748416
2025-07-21 09:24:00,50.2,50.2,50.2,50.2,2000,100400.0,50.285000000000004,50.2,50.19583333333333,0.04987462606917603,0.04071672135149429,0.009157904717681742
2025-07-21 09:47:00,50.2,50.2,50.2,50.2,3000,150600.0,50.295,50.2,50.195,0.035153129215309775,0.03960400292425739,-0.004450873708947617
2025-07-21 10:28:00,50.4,50.4,50.4,50.4,1000,50400.0,50.3,50.20333333333334,50.19583333333333,0.03917300342706653,0.03951780302481922,-0.0003447995977526874
2025-07-21 10:40:00,50.4,50.4,50.2,50.2,6000,302200.0,50.295,50.205000000000005,50.19458333333333,0.025921645576715946,0.03679857153519857,-0.010876925958482622
2025-07-21 10:49:00,50.5,50.5,50.5,50.5,1000,50500.0,50.305,50.21333333333334,50.19583333333333,0.039175748166030644,0.037274006861364985,0.0019017413046656592
2025-07-21 10:52:00,50.6,50.6,50.4,50.4,7000,353800.0,50.309999999999995,50.218333333333334,50.19583333333333,0.041136361326699955,0.038046477754431984,0.0030898835722679707
2025-07-21 12:24:00,50.3,50.3,50.3,50.3,3000,150900.0,50.31,50.225,50.19541666666667,0.03422645583916761,0.03728247337137911,-0.0030560175322114982
2025-07-21 13:26:00,50.2,50.2,50.2,50.2,1000,50200.0,50.315,50.22666666666667,50.19416666666666,0.02044545916557894,0.033915070530219076,-0.013469611364640137
2025-07-21 13:35:00,50.5,50.5,50.5,50.5,1000,50500.0,50.325,50.2375,50.19416666666666,0.03334700924563805,0.03380145827330287,-0.0004544490276648244
2025-07-21 13:50:00,50.5,50.5,50.5,50.5,1000,50500.0,50.334999999999994,50.244166666666665,50.19541666666667,0.04307503840528426,0.03565617429969915,0.007418864105585107
2025-07-21 14:31:00,50.2,50.5,50.2,50.5,101000,5070500.0,50.345,50.255,50.196666666666665,0.05020583004426982,0.03856610544861329,0.011639724595656528
2025-07-21 14:33:00,50.4,50.4,50.4,50.4,95000,4788000.0,50.365,50.264166666666675,50.197500000000005,0.04724327842188103,0.04030154004326684,0.0069417383786141915
2025-07-21 14:34:00,50.4,50.5,50.3,50.3,13000,654600.0,50.375,50.26916666666667,50.197916666666664,0.03640659805195412,0.039522551645004296,-0.003115953593050176
2025-07-22 09:23:00,50.7,50.7,50.7,50.7,1000,50700.0,50.395,50.27583333333334,50.19916666666667,0.05941026331138488,0.04350009397828042,0.015910169333104462
2025-07-22 09:38:00,50.7,50.7,50.7,50.7,1000,50700.0,50.405,50.28416666666667,50.202083333333334,0.07675603793560981,0.05015128276974631,0.026604755165863504
2025-07-22 09:42:00,50.3,50.5,50.3,50.5,6000,302000.0,50.425,50.2875,50.2025,0.07351690366186858,0.05482440694817076,0.01869249671369782
2025-07-22 09:51:00,50.5,50.5,50.5,50.5,1000,50500.0,50.425,50.295833333333334,50.20291666666666,0.07014132092703562,0.05788778974394374,0.01225353118309188
2025-07-22 11:02:00,50.5,50.5,50.5,50.5,200,10100.0,50.425,50.30083333333334,50.204166666666666,0.06669730230655802,0.0596496922564666,0.007047610050091413
2025-07-22 11:57:00,50.5,50.6,50.5,50.6,8000,404300.0,50.43,50.30916666666666,50.205000000000005,0.07121612187960835,0.06196297818109496,0.009253143698513391
2025-07-22 12:03:00,50.4,50.6,50.4,50.6,6000,303000.0,50.435,50.31583333333333,50.20583333333333,0.07394492784847273,0.06435936811457052,0.00958555973390221
2025-07-22 13:30:00,50.3,50.3,50.3,50.3,5000,251500.0,50.44,50.31916666666667,50.205416666666665,0.05130858007082395,0.0617492105058212,-0.010440630434997253
2025-07-22 13:32:00,50.5,50.5,50.5,50.5,1000,50500.0,50.455,50.32083333333333,50.20583333333333,0.04894325255190779,0.05918801891503853,-0.010244766363130743
2025-07-22 14:44:00,50.1,50.1,50.1,50.1,82,4108.2,50.44,50.31916666666667,50.205000000000005,0.014623485948177972,0.05027511232166642,-0.03565162637348845
2025-07-22 14:50:00,50.5,50.5,50.5,50.5,1000,50500.0,50.455,50.32083333333333,50.20583333333333,0.019476962415929222,0.044115482340518986,-0.024638519924589763
2025-07-23 09:01:00,50.5,50.5,50.5,50.5,1000,50500.0,50.455,50.3225,50.20583333333333,0.023057584008434162,0.03990390267410202,-0.01684631866566786
2025-07-23 10:34:00,50.1,50.3,50.1,50.3,7000,351100.0,50.45,50.32833333333334,50.205,0.00964573387140888,0.033852268913563396,-0.024206535042154517
2025-07-23 10:39:00,50.3,50.3,50.3,50.3,1000,50300.0,50.45,50.32666666666667,50.20583333333333,-0.0009720488156759188,0.02688740536771553,-0.02785945418339145
2025-07-23 10:49:00,50.3,50.3,50.3,50.3,3000,150900.0,50.455,50.325,50.205416666666665,-0.009279746945829004,0.019653974905006623,-0.028933721850835627
2025-07-23 11:06:00,50.5,50.5,50.5,50.5,1000,50500.0,50.455,50.330000000000005,50.20583333333333,0.0002715408091304994,0.015777488085831397,-0.015505947276700897
2025-07-23 11:24:00,50.4,50.4,50.4,50.4,3000,151200.0,50.45,50.33666666666667,50.20708333333333,-0.0002255589932218527,0.012576878670020745,-0.012802437663242598
2025-07-23 11:26:00,50.5,50.5,50.5,50.5,1000,50500.0,50.45,50.34,50.207499999999996,0.007364753799748769,0.01153445369596635,-0.004169699896217582
2025-07-23 11:36:00,50.2,50.4,50.2,50.4,8000,402200.0,50.45,50.34166666666667,50.20916666666667,0.00525044326659696,0.010277651610092474,-0.005027208343495513
2025-07-23 13:09:00,50.2,50.2,50.2,50.2,4000,200800.0,50.445,50.343333333333334,50.20916666666666,-0.012420317900584621,0.005738057707957054,-0.018158375608541673
2025-07-23 13:11:00,50.6,50.6,50.6,50.6,1000,50600.0,50.44,50.348333333333336,50.21083333333333,0.005785442642505245,0.005747534694866692,3.7907947638552916e-05
2025-07-23 13:35:00,50.3,50.3,50.3,50.3,13000,653900.0,50.42,50.35333333333334,50.211666666666666,-0.00394833975413178,0.0038083598050669978,-0.007756699559198778
2025-07-23 13:36:00,50.5,50.5,50.5,50.5,13000,656500.0,50.42,50.358333333333334,50.21375,0.004424888735726995,0.003931665591198998,0.0004932231445279973
2025-07-23 14:00:00,50.3,50.3,50.3,50.3,26,1307.8,50.410000000000004,50.36333333333333,50.214166666666664,-0.005019731549836592,0.0021413861629918794,-0.007161117712828471
2025-07-23 14:18:00,50.6,50.6,50.6,50.6,1000,50600.0,50.415,50.36666666666667,50.215833333333336,0.01156946602187503,0.004027002134768511,0.0075424638871065194
2025-07-24 09:19:00,50.6,50.6,50.6,50.6,1000,50600.0,50.415,50.373333333333335,50.218333333333334,0.024434854819979535,0.008108572671810716,0.01632628214816882
2025-07-24 09:50:00,50.2,50.2,50.2,50.2,3000,150600.0,50.394999999999996,50.373333333333335,50.218333333333334,0.00232728359547707,0.006952314856543986,-0.004625031261066916
2025-07-24 09:51:00,50.2,50.2,50.2,50.2,2000,100400.0,50.39,50.37166666666667,50.21833333333334,-0.015019984840769496,0.002557854917081289,-0.017577839757850783
2025-07-24 09:52:00,50.5,50.5,50.5,50.5,1000,50500.0,50.39,50.38,50.22083333333333,-0.004508357719984701,0.0011446123896680907,-0.005652970109652792
2025-07-24 10:13:00,50.3,50.3,50.3,50.3,70000,3521000.0,50.4,50.379999999999995,50.221250000000005,-0.01217579108438116,-0.0015194683051417603,-0.0106563227792394
2025-07-24 10:15:00,50.5,50.5,50.5,50.5,5000,252500.0,50.4,50.38333333333333,50.2225,-0.00208986803843203,-0.0016335482517998146,-0.0004563197866322155
2025-07-24 10:16:00,50.5,50.5,50.5,50.5,65000,3282500.0,50.4,50.38666666666666,50.224583333333335,0.005836024582059451,-0.000139633685027961,0.005975658267087412
2025-07-24 10:21:00,50.5,50.5,50.5,50.5,1000,50500.0,50.410000000000004,50.39,50.225833333333334,0.011979262109996114,0.0022841454739768547,0.009695116636019258
2025-07-24 10:37:00,50.5,50.5,50.5,50.5,1000,50500.0,50.42,50.39333333333333,50.22708333333333,0.016655824137743025,0.00515848120673009,0.011497342931012934
2025-07-24 10:54:00,50.2,50.2,50.2,50.2,2000,100400.0,50.415000000000006,50.395,50.2275,-0.003801636656902474,0.003366457634003577,-0.007168094290906051
2025-07-24 10:57:00,50.5,50.5,50.5,50.5,1000,50500.0,50.415000000000006,50.39833333333333,50.22958333333334,0.004145385645379918,0.0035222432362788454,0.0006231424091010722
2025-07-24 11:16:00,50.2,50.2,50.2,50.2,5000,251000.0,50.405,50.39666666666667,50.23,-0.013607179623718935,9.635866427928852e-05,-0.013703538287998224
2025-07-24 14:57:00,50.5,50.5,50.5,50.5,1000,50500.0,50.405,50.4,50.23166666666667,-0.003429193100949135,-0.0006087516887663964,-0.0028204414121827384
2025-07-25 09:24:00,50.2,50.2,50.2,50.2,5000,251000.0,50.395,50.40333333333333,50.232083333333335,-0.019347531943779472,-0.004356507739769013,-0.01499102420401046
2025-07-25 09:37:00,50.4,50.4,50.4,50.4,3000,151200.0,50.405,50.40833333333333,50.23375,-0.01564426429136745,-0.0066140590500887025,-0.009030205241278746
2025-07-25 11:00:00,50.5,50.5,50.5,50.5,2000,101000.0,50.4,50.41166666666666,50.235,-0.004587353574621034,-0.006208717954995169,0.001621364380374135
2025-07-25 12:09:00,50.5,50.5,50.5,50.5,1000,50500.0,50.410000000000004,50.41166666666666,50.236250000000005,0.004127745745613254,-0.004141425214873484,0.008269170960486738
2025-07-25 13:12:00,50.5,50.5,50.5,50.5,1000,50500.0,50.410000000000004,50.41833333333333,50.2375,0.010908775176055485,-0.0011313851366876898,0.012040160312743175
2025-07-25 13:31:00,50.2,50.2,50.2,50.2,1000,50200.0,50.405,50.413333333333334,50.23875,-0.00783439293600452,-0.0024719866965510562,-0.005362406239453463
2025-07-25 13:33:00,50.2,50.2,50.2,50.2,2000,100400.0,50.385,50.40833333333333,50.238749999999996,-0.022429930426234534,-0.006463575442487753,-0.01596635498374678
2025-07-25 13:34:00,50.2,50.5,50.2,50.5,2000,100700.0,50.38,50.40833333333333,50.24,-0.009677944922280801,-0.007106449338446363,-0.0025714955838344383
2025-07-25 14:53:00,50.4,50.4,50.4,50.4,1000,50400.0,50.39,50.406666666666666,50.24083333333333,-0.007553991095278434,-0.007195957689812777,-0.0003580334054656565
2025-07-28 09:34:00,50.2,50.2,50.2,50.2,2000,100400.0,50.39,50.406666666666666,50.24083333333333,-0.02175825529240427,-0.010108417210331079,-0.011649838082073193
2025-07-28 09:35:00,50.4,50.4,50.4,50.4,3000,151200.0,50.385,50.41,50.24166666666667,-0.016684579033267255,-0.011423649574918315,-0.00526092945834894
2025-07-28 09:36:00,50.2,50.2,50.2,50.2,370,18574.0,50.38,50.40666666666666,50.24125,-0.02847375485265502,-0.014833670630465659,-0.013640084222189361
2025-07-28 09:53:00,50.5,50.5,50.3,50.3,5000,252100.0,50.37,50.40833333333333,50.24208333333333,-0.02940859340228741,-0.01774865518483001,-0.011659938217457397
2025-07-28 10:05:00,50.5,50.5,50.5,50.5,3000,151500.0,50.37,50.40833333333333,50.242916666666666,-0.013851460147407124,-0.016969216177345436,0.0031177560299383116
2025-07-28 10:29:00,50.3,50.5,50.2,50.5,8000,402800.0,50.37,50.41,50.244166666666665,-0.00150497158421814,-0.013876367258719977,0.012371395674501837
2025-07-28 12:38:00,50.2,50.4,50.2,50.4,15000,754000.0,50.364999999999995,50.41166666666667,50.245416666666664,0.00020814591211149036,-0.011059464624553683,0.011267610536665173
2025-07-28 14:13:00,50.5,50.5,50.5,50.5,1000,50500.0,50.379999999999995,50.416666666666664,50.246249999999996,0.009525167928771339,-0.006942538113888678,0.016467706042660017
2025-07-29 09:10:00,50.2,50.2,50.2,50.2,2000,100400.0,50.364999999999995,50.41166666666666,50.24666666666667,-0.007215343800957896,-0.006997099251302523,-0.00021824454965537355
2025-07-29 09:14:00,50.2,50.5,50.2,50.5,3000,150900.0,50.38,50.41166666666666,50.24708333333333,0.0036827207276104446,-0.004861135255519929,0.008543855983130373
2025-07-29 09:22:00,50.2,50.2,50.2,50.2,5000,251000.0,50.365,50.406666666666666,50.247083333333336,-0.011752501886512334,-0.0062394085817184105,-0.005513093304793924
2025-07-29 09:30:00,50.5,50.5,50.3,50.3,12000,605800.0,50.37,50.404999999999994,50.24791666666667,-0.015734485394595765,-0.008138423944293881,-0.007596061450301884
2025-07-29 09:46:00,50.3,50.3,50.3,50.3,2000,100600.0,50.364999999999995,50.405,50.24833333333333,-0.018674962668505657,-0.010245731689136237,-0.00842923097936942
2025-07-29 09:52:00,50.5,50.5,50.5,50.5,2000,101000.0,50.364999999999995,50.401666666666664,50.25041666666666,-0.004811519362675654,-0.00915888922384412,0.004347369861168467
2025-07-29 09:58:00,50.3,50.3,50.3,50.3,1000,50300.0,50.355000000000004,50.394999999999996,50.251666666666665,-0.009849431081889293,-0.009296997595453155,-0.0005524334864361376
2025-07-29 10:00:00,50.3,50.3,50.3,50.3,5000,251500.0,50.345,50.391666666666666,50.252500000000005,-0.013684268684329481,-0.010174451813228421,-0.00350981687110106
2025-07-29 12:09:00,50.2,50.2,50.2,50.2,2000,100400.0,50.345,50.38666666666666,50.25291666666667,-0.02451003297473875,-0.01304156804553049,-0.011468464929208258
2025-07-29 13:05:00,50.2,50.2,50.2,50.2,1000,50200.0,50.345,50.38166666666667,50.251666666666665,-0.03271244051879307,-0.016975742540183008,-0.015736697978610065
2025-07-29 13:18:00,50.5,50.5,50.5,50.5,1000,50500.0,50.345,50.38,50.25333333333333,-0.014834412919199735,-0.016547476615986354,0.0017130636967866188
2025-07-29 13:20:00,50.5,50.5,50.5,50.5,2000,101000.0,50.35,50.37833333333334,50.254999999999995,-0.0006583580999190985,-0.013369652912772902,0.012711294812853803
2025-07-30 09:10:00,50.2,50.4,50.2,50.4,8000,402200.0,50.36,50.38,50.255,0.002478532235414832,-0.010200015883135355,0.012678548118550187
2025-07-30 14:31:00,50.5,50.5,50.5,50.5,1000,50500.0,50.365,50.38,50.25625,0.012885172444171644,-0.005582978217673954,0.0184681506618456
2025-07-31 09:01:00,50.2,50.2,50.2,50.2,1000,50200.0,50.364999999999995,50.38166666666667,50.25625,-0.003039940468561042,-0.005074370667851372,0.00203443019929033
2025-07-31 09:17:00,50.5,50.5,50.5,50.5,1000,50500.0,50.375,50.38166666666667,50.2575,0.008449386343052367,-0.002369619265670624,0.010819005608722992
2025-07-31 09:29:00,50.2,50.4,50.2,50.4,8000,402200.0,50.37,50.38,50.2575,0.009377498388118966,-2.019573491270535e-05,0.009397694123031671
2025-07-31 09:30:00,50.4,50.4,50.4,50.4,4000,201600.0,50.365,50.38166666666667,50.25750000000001,0.009997785621287392,0.0019834005363273148,0.008014385084960076
2025-07-31 10:16:00,50.5,50.5,50.5,50.5,2000,101000.0,50.370000000000005,50.385000000000005,50.25916666666667,0.018347038745609723,0.005256128178183797,0.013090910567425926
2025-07-31 11:41:00,50.3,50.3,50.3,50.3,3000,150900.0,50.36,50.385,50.26,0.008724977361566744,0.0059498980148603876,0.002775079346706356
2025-07-31 11:43:00,50.2,50.4,50.2,50.4,5000,251400.0,50.37,50.38333333333333,50.26166666666666,0.009064103315829186,0.006572739075054148,0.002491364240775038
2025-07-31 12:13:00,50.1,50.3,50.1,50.3,5000,250900.0,50.36,50.38166666666667,50.261250000000004,0.0012492976866482763,0.005508050797372974,-0.004258753110724697
2025-07-31 12:47:00,50.4,50.4,50.4,50.4,3000,151200.0,50.37,50.379999999999995,50.26291666666667,0.0030895576901528443,0.005024352175928948,-0.0019347944857761035
2025-07-31 13:04:00,50.3,50.3,50.3,50.3,3000,150900.0,50.37,50.37833333333333,50.26416666666667,-0.0034810597736480986,0.0033232697860135383,-0.006804329559661637
2025-07-31 13:06:00,50.3,50.3,50.3,50.3,37000,1861100.0,50.370000000000005,50.38,50.264583333333334,-0.008589309242168497,0.0009407539803771307,-0.009530063222545628
2025-07-31 13:07:00,50.5,50.5,50.4,50.4,43000,2171200.0,50.365,50.376666666666665,50.26541666666667,-0.00451640715349555,-0.00015067824639740566,-0.004365728907098144
2025-07-31 13:25:00,50.3,50.3,50.3,50.3,6000,301800.0,50.364999999999995,50.376666666666665,50.26583333333333,-0.009251125948374295,-0.001970767786792784,-0.007280358161581511
2025-07-31 13:26:00,50.2,50.2,50.2,50.2,4000,200800.0,50.36,50.37166666666666,50.26583333333334,-0.02083244550620833,-0.005743103330675895,-0.015089342175532434
2025-07-31 13:27:00,50.4,50.4,50.4,50.4,1000,50400.0,50.37,50.373333333333335,50.26708333333333,-0.013714306179650748,-0.007337343900470866,-0.006376962279179882
2025-07-31 13:43:00,50.4,50.4,50.4,50.4,1000,50400.0,50.38,50.37,50.2675,-0.007981128004367122,-0.0074661007212501185,-0.0005150272831170033
2025-08-14 09:01:00,65.0,65.0,65.0,65.0,15,975.0,51.105000000000004,50.61,50.32875,1.1612739959563783,0.22628191861427566,0.9349920773421025
2025-08-14 09:02:00,67.0,67.0,67.0,67.0,2000,134000.0,51.92999999999999,50.89,50.39874999999999,2.2236673381369343,0.6257590025188076,1.5979083356181267
2025-08-14 09:04:00,67.0,67.0,67.0,67.0,1000,67000.0,52.75999999999999,51.169999999999995,50.46875,3.030685855934962,1.1067443732020388,1.9239414827329233
2025-08-14 09:17:00,66.6,66.6,66.6,66.6,2000,133200.0,53.565,51.438333333333325,50.537083333333335,3.5965187589854395,1.6046992503587194,1.99181950862672
2025-08-14 09:18:00,66.6,66.6,66.6,66.6,1000,66600.0,54.385000000000005,51.71,50.60625,3.998849167255919,2.0835292337381595,1.9153199335177598
2025-08-14 09:19:00,66.5,66.5,66.5,66.5,3000,199500.0,55.185,51.97666666666667,50.675,4.260517160433579,2.518926819077244,1.7415903413563356
2025-08-14 09:20:00,66.4,66.4,66.4,66.4,1000,66400.0,55.98499999999999,52.24166666666667,50.742916666666666,4.40899758630858,2.8969409725235113,1.5120566137850684
2025-08-14 09:21:00,66.8,66.8,66.8,66.8,500,33400.0,56.80500000000001,52.513333333333335,50.81166666666666,4.506992249472077,3.218951227913225,1.2880410215588523
2025-08-14 09:22:00,66.8,66.8,66.8,66.8,1,66.8,57.620000000000005,52.785,50.88041666666667,4.532406959933823,3.481642374317345,1.050764585616478
2025-08-14 09:23:00,66.8,66.8,66.8,66.8,999,66733.2,58.44499999999999,53.06166666666666,50.94916666666666,4.500667408757884,3.6854473812054533,0.8152200275524311
2025-08-14 09:29:00,66.4,66.6,66.4,66.4,8000,531800.0,59.245000000000005,53.32666666666667,51.0175,4.392601750044456,3.8268782549732543,0.5657234950712016
2025-08-14 09:33:00,66.8,66.8,66.5,66.5,6000,399900.0,60.05500000000001,53.598333333333336,51.08624999999999,4.2658539917926745,3.914673402337139,0.35118058945553576
2025-08-14 09:34:00,66.9,66.9,66.9,66.9,1000,66900.0,60.879999999999995,53.87166666666667,51.15583333333334,4.149845303797207,3.9617077826291527,0.18813752116805427
2025-08-14 09:36:00,66.9,66.9,66.9,66.9,1000,66900.0,61.71,54.15,51.224583333333335,4.011663621706205,3.9716989504445634,0.039964671261641715
2025-08-14 09:37:00,66.9,67.0,66.6,66.6,6000,400600.0,62.525,54.42,51.292500000000004,3.833753031786415,3.944109766712934,-0.1103567349265191
2025-08-14 09:38:00,66.9,66.9,66.9,66.9,1000,66900.0,63.35,54.693333333333335,51.3625,3.674606523652251,3.890209118100798,-0.2156025944485469
2025-08-14 09:42:00,66.9,67.0,66.6,66.9,7000,467500.0,64.17999999999999,54.96666666666667,51.432916666666664,3.508043230684997,3.8137759406176386,-0.30573270993264146
2025-08-14 09:43:00,66.9,67.1,66.6,67.1,5000,334500.0,65.025,55.24333333333333,51.502500000000005,3.353521639549008,3.721725080403913,-0.36820344085490486
2025-08-14 09:45:00,67.1,67.1,66.8,67.1,6000,401700.0,65.86,55.525,51.572500000000005,3.1942409440487367,3.616228253132878,-0.4219873090841415
2025-08-14 09:53:00,67.0,67.0,67.0,67.0,215,14405.0,66.69,55.805,51.64291666666667,3.0250695621719004,3.4979965149406826,-0.47292695276878227
2025-08-14 10:04:00,66.4,66.9,66.4,66.6,18000,1199800.0,66.77000000000001,56.07333333333334,51.712291666666665,2.8261453221012047,3.3636262763727873,-0.5374809542715826
2025-08-14 10:05:00,67.1,67.1,67.1,67.1,1000,67100.0,66.775,56.35166666666667,51.783750000000005,2.677972252848079,3.2264954716678456,-0.5485232188197666
2025-08-14 10:47:00,66.9,66.9,66.9,66.9,1000,66900.0,66.77000000000001,56.63,51.85249999999999,2.5154096230589147,3.0842783019460596,-0.5688686788871449
2025-08-14 10:51:00,66.9,67.1,66.6,66.6,4000,267500.0,66.77000000000001,56.9,51.919999999999995,2.335448478659316,2.9345123372887114,-0.5990638586293953
2025-08-14 10:52:00,67.0,67.0,67.0,67.0,1000,67000.0,66.78999999999999,57.18,51.98916666666666,2.1997473144868565,2.7875593327283408,-0.5878120182414843
2025-08-14 10:58:00,66.9,66.9,66.9,66.9,1000,66900.0,66.81,57.45666666666667,52.057916666666664,2.060383185126824,2.6421241032080376,-0.5817409180812136
2025-08-14 10:59:00,66.6,66.6,66.6,66.6,5000,333000.0,66.82000000000001,57.725,52.125416666666666,1.9037829904985841,2.494455880666147,-0.5906728901675629
2025-08-14 11:00:00,66.9,66.9,66.9,66.9,2000,133800.0,66.825,57.998333333333335,52.195,1.7833266215961174,2.352230028852141,-0.5689034072560237
2025-08-14 11:01:00,66.5,66.6,66.4,66.6,20000,1329900.0,66.815,58.26833333333333,52.26291666666667,1.64469753916147,2.210723530914007,-0.5660259917525372
2025-08-14 11:02:00,66.4,67.0,66.4,67.0,2000,133400.0,66.825,58.54333333333333,52.332499999999996,1.549250850198007,2.0784289947708072,-0.5291781445728003
2025-08-14 11:06:00,66.3,66.5,66.3,66.5,18255,1211557.5,66.83,58.815000000000005,52.4,1.4169293605520181,1.9461290679270493,-0.5291997073750312
2025-08-14 11:07:00,66.9,66.9,66.9,66.9,1000,66900.0,66.85,59.08833333333334,52.46916666666666,1.3290201665495829,1.8227072876515564,-0.49368712110197355
2025-08-14 11:47:00,66.2,66.4,66.2,66.2,7000,464000.0,66.815,59.355,52.53541666666667,1.1891594570998194,1.6959977215412092,-0.5068382644413898
2025-08-14 11:51:00,66.9,66.9,66.9,66.9,1000,66900.0,66.815,59.63166666666667,52.60458333333334,1.1218707593018564,1.5811723290933386,-0.4593015697914822
2025-08-14 11:52:00,66.2,66.2,66.2,66.2,2000,132400.0,66.795,59.89666666666666,52.67125,1.0005263862772154,1.465043140530114,-0.46451675425289873
2025-08-14 11:53:00,66.0,66.0,66.0,66.0,1000,66000.0,66.75,60.154999999999994,52.7375,0.8780995824969295,1.3476544289234773,-0.46955484642654777
2025-08-14 11:54:00,66.2,66.2,66.2,66.2,2000,132400.0,66.715,60.42,52.80333333333333,0.7881287295921595,1.235749289057214,-0.4476205594650544
2025-08-14 12:13:00,66.0,66.2,65.8,66.0,8000,527600.0,66.66,60.681666666666665,52.86833333333333,0.6927028051842541,1.127139992282622,-0.43443718709836787
2025-08-14 12:14:00,65.6,65.6,65.6,65.6,2000,131200.0,66.58500000000001,60.93833333333334,52.931666666666665,0.5781360233240918,1.017339198490916,-0.43920317516682417
2025-08-14 12:15:00,66.9,66.9,66.9,66.9,1000,66900.0,66.58000000000001,61.21666666666667,53.00125,0.5854909831393798,0.9309695554206087,-0.3454785722812289
2025-08-14 12:19:00,66.4,66.5,66.2,66.5,7000,464700.0,66.575,61.483333333333334,53.06916666666666,0.5526723222181431,0.8553101087801156,-0.3026377865619725
2025-08-14 12:20:00,66.3,66.7,66.3,66.7,2000,133000.0,66.55499999999999,61.75333333333333,53.13791666666667,0.5366158520124031,0.7915712574265731,-0.25495540541416994
2025-08-14 12:25:00,66.3,66.4,66.3,66.4,2000,132700.0,66.53,62.019999999999996,53.20625,0.49398909214167475,0.7320548243695935,-0.2380657322279187
2025-08-14 12:38:00,65.6,65.8,65.6,65.8,24000,1576600.0,66.49,62.275,53.27125,0.40709930486811174,0.6670637204692972,-0.25996441560118544
2025-08-14 12:41:00,66.4,66.4,66.4,66.4,1000,66400.0,66.46000000000001,62.544999999999995,53.338750000000005,0.3822472002535733,0.6101004164261524,-0.22785321617257914
2025-08-14 12:42:00,65.4,65.6,65.4,65.6,6000,393000.0,66.395,62.79666666666667,53.403333333333336,0.29460242085183097,0.5470008173112881,-0.25239839645945716
2025-08-14 12:43:00,66.4,66.4,66.4,66.4,1000,66400.0,66.385,63.063333333333325,53.470000000000006,0.2863952299148451,0.49487969983199953,-0.2084844699171544
2025-08-14 12:44:00,66.2,66.2,66.2,66.2,1000,66200.0,66.35,63.32666666666667,53.53666666666666,0.2607469153070525,0.4480531429270102,-0.1873062276199577
2025-08-14 12:45:00,66.5,66.5,66.5,66.5,3000,199500.0,66.345,63.593333333333334,53.60375,0.26161223103819964,0.4107649605492481,-0.14915272951104847
2025-08-14 13:03:00,65.0,66.6,65.0,66.4,7000,461200.0,66.315,63.86166666666667,53.670416666666675,0.25133164101515604,0.3788782966424297,-0.1275466556272737
2025-08-14 13:04:00,66.8,66.8,66.8,66.8,1000,66800.0,66.33,64.135,53.738749999999996,0.2723217013558923,0.3575669775851223,-0.08524527622923
2025-08-14 13:13:00,65.0,66.8,65.0,66.7,7000,458900.0,66.32,64.40833333333333,53.80791666666667,0.27768631613732,0.3415908452955619,-0.06390452915824191
2025-08-14 13:29:00,65.0,65.2,65.0,65.0,8000,520200.0,66.26,64.65166666666667,53.870000000000005,0.14311230987048873,0.30189513821054725,-0.15878282834005852
2025-08-14 13:31:00,66.5,66.5,66.5,66.5,1000,66500.0,66.24,64.92166666666667,53.937916666666666,0.15570404501904989,0.2726569195722478,-0.11695287455319792
2025-08-14 14:16:00,65.1,65.1,65.1,65.1,3000,195300.0,66.185,65.16833333333334,54.000833333333325,0.05211404782752993,0.22854834522330422,-0.1764342973957743
2025-08-14 14:17:00,65.1,65.1,65.1,65.1,69000,4491900.0,66.14,65.41333333333334,54.0625,-0.02964009866528272,0.17691065644558682,-0.20655075511086954
2025-08-14 14:34:00,66.5,66.5,66.5,66.5,2000,133000.0,66.155,65.68333333333334,54.13041666666666,0.018326197941931355,0.14519376474485574,-0.12686756680292438
2025-08-14 14:37:00,66.5,66.5,66.5,66.5,1000,66500.0,66.17999999999999,65.955,54.197916666666664,0.05569778419611282,0.12729456863510716,-0.07159678443899434
2025-08-14 14:39:00,65.3,65.3,65.3,65.3,72000,4701600.0,66.16499999999999,66.20333333333333,54.26208333333334,-0.011383711293589727,0.09955891264936778,-0.11094262394295751
2025-08-14 14:40:00,66.7,66.8,66.5,66.8,13211,880431.5,66.16,66.47666666666666,54.33125,0.05584741003264071,0.09081661212602238,-0.03496920209338167
2025-08-14 14:53:00,67.1,67.1,67.1,67.1,1000,67100.0,66.19,66.51166666666667,54.403333333333336,0.13181655169812245,0.09901660004044241,0.03279995165768004
2025-08-14 15:00:00,67.1,67.1,67.1,67.1,1000,67100.0,66.21000000000001,66.51333333333334,54.47458333333334,0.18983435155914208,0.11718015034418236,0.07265420121495972
2025-08-04 09:01:00,50.4,50.4,50.4,50.4,3000,151200.0,65.41,66.23666666666666,54.47625000000001,-1.0990671938666736,-0.1260693184979889,-0.9729978753686848
2025-08-04 09:04:00,50.5,50.5,50.5,50.5,1000,50500.0,64.64500000000001,65.96833333333333,54.47791666666667,-2.0883881517488163,-0.5185330851481545,-1.5698550666006619
2025-08-04 09:05:00,50.5,50.5,50.5,50.5,2000,101000.0,63.85,65.7,54.47958333333334,-2.8396978691579164,-0.9827660419501072,-1.8569318272078092
2025-08-04 09:29:00,50.6,50.6,50.3,50.3,10000,504200.0,63.085,65.43,54.48,-3.411924025314235,-1.4685976386229331,-1.943326386691302
2025-08-04 09:56:00,50.3,50.3,50.3,50.3,3000,150900.0,62.279999999999994,65.16166666666668,54.480000000000004,-3.821367036259339,-1.9391515181502146,-1.8822155181091245
2025-08-04 10:31:00,50.2,50.4,50.2,50.4,7000,351800.0,61.489999999999995,64.88833333333334,54.48166666666667,-4.090630169777469,-2.369447248475666,-1.7211829213018035
2025-08-04 12:12:00,50.4,50.4,50.4,50.4,1000,50400.0,60.68499999999999,64.615,54.48291666666667,-4.254974446240084,-2.7465526880285496,-1.5084217582115342
2025-08-04 12:13:00,50.2,50.2,50.2,50.2,2000,100400.0,59.875,64.33833333333334,54.484375,-4.351198885676716,-3.067481927558183,-1.283716958118533
2025-08-04 12:15:00,50.5,50.5,50.5,50.5,5000,252500.0,59.05999999999999,64.07333333333334,54.486875000000005,-4.353070467734746,-3.324599635593496,-1.0284708321412497
2025-08-04 12:32:00,50.5,50.5,50.5,50.5,1000,50500.0,58.25,63.806666666666665,54.489583333333336,-4.304929166296056,-3.5206655417340085,-0.7842636245620471
2025-08-04 12:34:00,50.5,50.5,50.5,50.5,3000,151500.0,57.525,63.53333333333333,54.49125000000001,-4.218152600595701,-3.6601629535063473,-0.5579896470893537
2025-08-04 12:36:00,50.3,50.3,50.3,50.3,5000,251500.0,56.714999999999996,63.25666666666667,54.49208333333333,-4.118049563644192,-3.751740275533917,-0.36630928811027497
2025-08-04 12:43:00,50.2,50.4,50.2,50.4,13000,653600.0,55.98,62.986666666666665,54.49333333333333,-3.984714710606461,-3.798335162548426,-0.18637954805803503
2025-08-04 12:47:00,50.2,50.2,50.2,50.2,5000,251000.0,55.235,62.708333333333336,54.49375,-3.8507946438605885,-3.8088270588108593,-0.041967585049729195
2025-08-04 12:48:00,50.4,50.4,50.4,50.4,5000,252000.0,54.42999999999999,62.43333333333333,54.49458333333334,-3.6860333990441916,-3.7842683268575263,0.09823492781333476
2025-08-04 12:49:00,50.4,50.4,50.4,50.4,10000,504000.0,53.625,62.155,54.49625,-3.5149408750536395,-3.7304028364967494,0.21546196144310992
2025-08-04 12:53:00,50.2,50.2,50.2,50.2,10000,502000.0,52.870000000000005,61.87333333333333,54.49625,-3.35679213545928,-3.655680696289256,0.29888856082997606
2025-08-04 13:24:00,50.4,50.6,50.2,50.4,15000,756400.0,52.05,61.596666666666664,54.49791666666667,-3.178677970415741,-3.5602801511145534,0.38160218069881235
2025-08-04 13:27:00,50.2,50.2,50.2,50.2,5000,251000.0,51.205,61.32333333333334,54.49791666666667,-3.01886000098942,-3.451996121089527,0.43313612010010694
2025-08-04 13:36:00,50.2,50.2,50.2,50.2,5000,251000.0,50.36,61.041666666666664,54.498749999999994,-2.8592435292053935,-3.333445602712701,0.47420207350730736
2025-08-04 13:50:00,50.4,50.4,50.4,50.4,5000,252000.0,50.36,60.766666666666666,54.500833333333325,-2.6856495011215458,-3.20388638239447,0.5182368812729243
2025-08-04 14:15:00,50.1,50.4,50.1,50.4,25000,1255100.0,50.355,60.49666666666667,54.50166666666667,-2.5190370916413727,-3.066916524243851,0.5478794326024783
2025-08-04 14:31:00,50.4,50.4,50.4,50.4,2000,100800.0,50.35,60.22,54.502500000000005,-2.3597933281837697,-2.925491885031835,0.5656985568480652
2025-08-29 09:07:00,77.2,77.2,77.2,77.2,1000,77200.0,51.69500000000001,60.391666666666666,54.61541666666666,-0.07024572629325121,-2.3544426532841185,2.2841969269908673
2025-08-29 09:08:00,77.0,77.0,77.0,77.0,1000,77000.0,53.03000000000001,60.565000000000005,54.727916666666665,1.7084054800459754,-1.5418730266180996,3.250278506664075
2025-08-29 09:22:00,77.1,77.1,77.1,77.1,1000,77100.0,54.364999999999995,60.735,54.84041666666666,3.090443827120339,-0.6154096558704116,3.705853482990751
2025-08-29 10:05:00,76.8,76.8,76.8,76.8,1000,76800.0,55.685,60.905,54.9525,4.114087046883782,0.33048968468042733,3.7835973622033543
2025-08-29 10:06:00,76.8,77.3,76.5,77.3,11000,843800.0,57.04,61.07666666666667,55.06583333333333,4.909088577503191,1.2462094632449805,3.6628791142582102
2025-08-29 10:11:00,77.3,77.3,77.3,77.3,1000,77300.0,58.379999999999995,61.25666666666667,55.18020833333333,5.476008995196423,2.0921693696352692,3.383839625561154
2025-08-29 10:21:00,77.0,77.0,77.0,77.0,5000,385000.0,59.705,61.425,55.292291666666664,5.83384112877151,2.8405037214625177,2.9933374073089927
2025-08-29 10:30:00,77.2,77.2,77.2,77.2,1000,77200.0,61.04,61.608333333333334,55.40625,6.063665835945471,3.4851361443591085,2.578529691586363
2025-08-29 10:46:00,77.2,77.2,77.2,77.2,1000,77200.0,62.385000000000005,61.78,55.520208333333336,6.174626323492646,4.0230341801858165,2.1515921433068295
2025-08-29 11:19:00,77.2,77.2,77.2,77.2,1000,77200.0,63.725,61.96333333333334,55.633541666666666,6.191195066459883,4.45666635744063,1.7345287090192532
2025-08-29 11:32:00,76.2,76.2,76.2,76.2,216,16459.2,65.025,62.13333333333333,55.741458333333334,6.0538492660329695,4.776102939159099,1.2777463268738707
2025-08-29 11:38:00,77.2,77.2,77.2,77.2,2000,154400.0,66.36500000000001,62.31666666666667,55.85395833333333,5.957024501983028,5.012287251723885,0.9447372502591431
2025-08-29 11:58:00,76.2,76.5,76.2,76.5,4000,305400.0,67.67,62.49166666666667,55.963125,5.757437869157769,5.161317375210662,0.5961204939471072
2025-08-29 12:09:00,76.2,76.5,76.2,76.5,8000,610500.0,68.985,62.67333333333333,56.073541666666664,5.53545474806495,5.23614484978152,0.2993098982834299
2025-08-29 12:15:00,77.3,77.3,77.3,77.3,1000,77300.0,70.33000000000001,62.846666666666664,56.186458333333334,5.362271906774964,5.261370261180209,0.1009016455947549
2025-08-29 12:26:00,77.3,77.3,77.3,77.3,50,3865.0,71.685,63.026666666666664,56.299791666666664,5.165478832752598,5.242191975494688,-0.07671314274208996
2025-08-29 12:54:00,77.3,77.3,77.3,77.3,100,7730.0,73.03999999999999,63.20333333333334,56.412708333333335,4.952430369256419,5.184239654247034,-0.23180928499061526
2025-08-29 12:59:00,76.1,76.1,76.1,76.1,3000,228300.0,74.325,63.365,56.52104166666666,4.63334760874794,5.074061245147216,-0.4407136363992761
2025-08-29 13:01:00,77.1,77.1,77.1,77.1,500,38550.0,75.66,63.55333333333333,56.63229166666667,4.410324390586055,4.941313874234984,-0.5309894836489288
2025-08-29 13:19:00,76.5,76.8,76.5,76.8,2500,191850.0,76.97999999999999,63.726666666666674,56.743125,4.161399369056525,4.785330973199293,-0.6239316041427676
2025-08-29 13:26:00,76.1,76.8,76.1,76.8,5000,381900.0,76.96,63.91333333333333,56.853125,3.9189492881538257,4.6120546361902,-0.693105348036374
2025-08-29 13:27:00,76.0,76.3,76.0,76.3,5000,380600.0,76.92499999999998,64.07833333333333,56.96104166666667,3.6444490904305837,4.418533527038277,-0.7740844366076933
2025-08-29 13:28:00,76.8,76.8,76.5,76.5,3500,267900.0,76.895,64.25,57.071666666666665,3.403807065542793,4.21558823473918,-0.8117811691963874
2025-08-29 13:29:00,77.2,77.2,77.2,77.2,500,38600.0,76.91499999999999,64.42833333333333,57.18333333333333,3.2323204982883595,4.018934687449017,-0.7866141891606571
2025-08-29 13:52:00,77.0,77.0,76.5,76.5,3622,278583.0,76.875,64.59666666666666,57.29208333333334,3.005288908578592,3.8162055316749317,-0.8109166230963396
2025-08-29 13:54:00,77.1,77.1,76.8,76.8,4000,308100.0,76.85,64.76333333333334,57.40291666666666,2.817098473238133,3.6163841199875724,-0.7992856467494396
2025-08-29 13:56:00,77.1,77.1,77.1,77.1,2000,154200.0,76.855,64.93666666666667,57.51583333333333,2.6614837620940364,3.4254040484088653,-0.7639202863148289
2025-08-29 14:02:00,77.3,77.3,77.3,77.3,3000,231900.0,76.86,65.14166666666667,57.62833333333334,2.5251875210313557,3.2453607429333635,-0.7201732219020078
2025-08-29 14:07:00,76.5,76.5,76.5,76.5,2000,153000.0,76.825,65.30833333333334,57.7375,2.32580798719556,3.061450191785803,-0.7356422045902429
2025-08-29 14:09:00,77.3,77.3,77.3,77.3,500,38650.0,76.83,65.51166666666667,57.850833333333334,2.2069116802051667,2.8905424894696763,-0.6836308092645096
2025-08-11 09:01:00,68.5,68.7,68.4,68.7,9000,616800.0,76.455,65.57166666666667,57.9275,1.4025694262359991,2.592947876822941,-1.190378450586942
2025-08-11 09:02:00,69.0,69.0,69.0,69.0,8011,552759.0,76.04499999999999,65.61333333333333,58.00666666666667,0.7803346753913729,2.2304252365366275,-1.4500905611452546
2025-08-11 09:03:00,68.9,69.5,68.7,69.0,7000,483600.0,75.66999999999999,65.655,58.08500000000001,0.283936113614061,1.8411274119521142,-1.5571912983380531
2025-08-11 09:04:00,69.0,69.0,69.0,69.0,3000,207000.0,75.29499999999999,65.71666666666667,58.164166666666674,-0.10821587767716778,1.4512587540262578,-1.5594746317034256
2025-08-11 09:07:00,69.5,70.0,68.8,70.0,10000,692000.0,74.92999999999999,65.77,58.24583333333333,-0.3344521571483199,1.0941165717913424,-1.4285687289396622
2025-08-11 09:08:00,70.5,70.5,70.5,70.5,2000,141000.0,74.59,65.82666666666667,58.33041666666667,-0.4680053429773068,0.7816921888376126,-1.2496975318149195
2025-08-11 09:09:00,70.9,71.0,70.0,70.0,6200,437700.0,74.225,65.875,58.41291666666667,-0.6071936755444511,0.5039150159611998,-1.111108691505651
2025-08-11 09:19:00,70.9,70.9,70.0,70.0,6000,422700.0,73.92,66.20166666666667,58.495000000000005,-0.7093247774070761,0.26126705728754457,-0.9705918346946207
2025-08-11 09:23:00,69.1,70.0,69.1,70.0,4000,277300.0,73.565,66.52666666666667,58.57833333333334,-0.7812585492093405,0.052761935988167516,-0.8340204851975079
2025-08-11 09:31:00,70.5,70.5,70.5,70.5,1000,70500.0,73.25,66.86,58.6625,-0.788827646214429,-0.11555598045235184,-0.6732716657620772
2025-08-11 09:33:00,70.9,70.9,70.9,70.9,1000,70900.0,72.95500000000001,67.20333333333333,58.748333333333335,-0.7538595296661299,-0.24321669029510753,-0.5106428393710224
2025-08-11 09:37:00,70.9,70.9,70.0,70.0,5000,351800.0,72.64000000000001,67.53166666666667,58.83041666666667,-0.789666737160573,-0.3525066996682007,-0.4371600374923723
2025-08-11 09:38:00,69.5,69.5,69.5,69.5,1000,69500.0,72.29,67.85,58.91041666666667,-0.8486078058566591,-0.45172692090589245,-0.3968808849507666
2025-08-11 09:39:00,69.1,69.1,69.1,69.1,950,65645.0,71.885,68.16166666666666,58.98875,-0.91702479351477,-0.544786495427668,-0.37223829808710196
2025-08-11 09:40:00,69.1,70.0,69.1,69.5,7000,486700.0,71.535,68.48333333333333,59.069583333333334,-0.9282685896171188,-0.6214829142655582,-0.30678567535156054
2025-08-11 09:41:00,69.5,69.5,69.5,69.5,2000,139000.0,71.17,68.8,59.14958333333334,-0.9264992721518013,-0.682486185842807,-0.24401308630899432
2025-08-11 09:42:00,69.0,69.0,69.0,69.0,14,966.0,70.765,69.10833333333333,59.2275,-0.954440698386648,-0.7368770883515753,-0.21756361003507274
2025-08-11 09:43:00,69.1,69.1,69.1,69.1,7000,483700.0,70.35499999999999,69.41833333333332,59.30583333333333,-0.9574781041445988,-0.78099729151018,-0.17648081263441873
2025-08-11 09:44:00,69.0,69.0,69.0,69.0,1000,69000.0,69.97999999999999,69.72999999999999,59.385,-0.9569236145914743,-0.816182556126439,-0.14074105846503537
2025-08-11 09:45:00,68.8,68.8,68.8,68.8,1000,68800.0,69.555,70.03666666666666,59.462916666666665,-0.9615384889918346,-0.8452537426995181,-0.11628474629231644
2025-08-11 09:48:00,68.8,68.8,68.8,68.8,1000,68800.0,69.56,70.34666666666666,59.54,-0.9541964277500341,-0.8670422797096214,-0.08715414804041266
2025-08-11 09:49:00,68.8,68.8,68.8,68.8,2000,137600.0,69.55,70.65333333333334,59.61625000000001,-0.9375700672016194,-0.881147837208021,-0.05642222999359836
2025-08-11 09:52:00,68.8,69.1,68.7,69.1,11000,758400.0,69.55499999999999,70.96499999999999,59.69541666666667,-0.8899275332425844,-0.8829037764149339,-0.007023756827650551
2025-08-11 09:55:00,70.0,70.3,69.0,69.1,14000,976900.0,69.56,71.28,59.77291666666667,-0.8424591373118062,-0.8748148485943085,0.03235571128250225
2025-08-11 09:59:00,69.0,69.0,69.0,69.0,4000,276000.0,69.51,71.58999999999999,59.85,-0.8036453326673438,-0.8605809454089156,0.05693561274157177
2025-08-11 10:17:00,69.1,69.6,69.1,69.6,6000,416100.0,69.465,71.91333333333334,59.92958333333333,-0.7162140574311593,-0.8317075678133644,0.11549351038220512
2025-08-11 10:18:00,69.6,69.6,69.1,69.1,7000,485200.0,69.41999999999999,72.22833333333332,60.007083333333334,-0.6794378268907764,-0.8012536196288468,0.12181579273807042
2025-08-11 10:29:00,69.0,69.0,69.0,69.0,1000,69000.0,69.36999999999999,72.53833333333334,60.08541666666667,-0.6508588676139482,-0.7711746692258672,0.12031580161191902
2025-08-11 10:35:00,69.9,69.9,69.1,69.1,6000,417000.0,69.325,72.85,60.164166666666674,-0.6130735420538684,-0.7395544437914675,0.12648090173759907
2025-08-11 10:39:00,69.9,69.9,69.1,69.1,5000,347900.0,69.255,73.16166666666666,60.242083333333326,-0.5764830614349705,-0.7069401673201682,0.13045710588519766
2025-08-11 10:41:00,68.8,68.8,68.8,68.8,1000,68800.0,69.14999999999999,73.02166666666668,60.319583333333334,-0.5651773223582239,-0.6785875983277794,0.11341027596955544
2025-08-11 10:42:00,68.8,68.8,68.8,68.8,1000,68800.0,69.09,72.885,60.395833333333336,-0.5498787823709392,-0.6528458351364114,0.10296705276547213
2025-08-11 10:45:00,69.5,69.5,68.8,68.8,4000,277300.0,69.05499999999999,72.74666666666667,60.472500000000004,-0.5316263218980453,-0.6286019324887382,0.09697561059069293
2025-08-11 10:46:00,68.9,68.9,68.9,68.9,1000,68900.0,69.04499999999999,72.615,60.55,-0.503290333528696,-0.6035396126967298,0.10024927916803383
2025-08-11 10:49:00,68.9,68.9,68.9,68.9,1000,68900.0,69.015,72.475,60.62791666666667,-0.47535427046406653,-0.5779025442501972,0.10254827378613063
2025-08-11 10:50:00,69.6,69.6,69.3,69.3,6000,416700.0,69.005,72.34166666666667,60.70625,-0.41614106697508646,-0.545550248795175,0.12940918182008854
2025-08-11 10:52:00,68.9,68.9,68.9,68.9,1000,68900.0,69.0,72.20666666666668,60.78291666666667,-0.39691543954668873,-0.5158232869454777,0.11890784739878901
2025-08-11 10:54:00,69.3,69.3,69.3,69.3,1000,69300.0,69.01,72.075,60.861250000000005,-0.3454205412532474,-0.48174273780703164,0.13632219655378425
2025-08-11 10:55:00,69.6,69.6,69.6,69.6,3000,208800.0,69.03999999999999,71.94833333333332,60.94125,-0.27720749511162524,-0.44083568926795036,0.16362819415632512
2025-08-11 10:56:00,69.7,69.7,69.7,69.7,1000,69700.0,69.085,71.82333333333332,61.02208333333333,-0.21262795759199093,-0.3951941429327585,0.18256618534076757
2025-08-11 10:59:00,69.6,69.6,69.3,69.3,4000,278100.0,69.10999999999999,71.70833333333333,61.099583333333335,-0.19151717511829247,-0.3544587493698653,0.16294157425157285
2025-08-11 11:05:00,69.6,70.0,69.3,69.3,10000,696700.0,69.135,71.57666666666667,61.177083333333336,-0.17279485636974812,-0.3181259707698419,0.14533111440009377
2025-08-11 11:16:00,69.1,69.1,69.1,69.1,1000,69100.0,69.135,71.45333333333333,61.254583333333336,-0.17211161682179466,-0.28892309998023247,0.11681148315843781
2025-08-11 11:18:00,69.1,69.1,69.1,69.1,3000,207300.0,69.13499999999999,71.33,61.33208333333334,-0.16961492923496735,-0.26506146583117945,0.0954465365962121
2025-08-11 11:23:00,69.6,69.6,69.6,69.6,1000,69600.0,69.16499999999999,71.20166666666667,61.41166666666667,-0.12583986141925152,-0.23721714494879387,0.11137728352954235
2025-08-11 11:24:00,69.6,69.6,69.3,69.3,3000,208500.0,69.15,71.06833333333333,61.489583333333336,-0.11404070730243632,-0.2125818574195224,0.09854115011708608
2025-08-11 11:25:00,69.3,69.3,69.3,69.3,1000,69300.0,69.16,70.93499999999999,61.567499999999995,-0.1034967465864014,-0.1907648352528982,0.0872680886664968
2025-08-11 11:32:00,69.3,69.3,69.3,69.3,1000,69300.0,69.175,70.82166666666667,61.64666666666667,-0.09405635859991435,-0.17142313992230143,0.07736678132238708
2025-08-11 11:39:00,69.0,69.0,69.0,69.0,1000,69000.0,69.16999999999999,70.68666666666667,61.72375,-0.10951979982303328,-0.1590424719024478,0.04952267207941452
2025-08-11 11:41:00,69.0,69.0,69.0,69.0,1000,69000.0,69.16499999999999,70.55666666666666,61.8025,-0.12038694266368566,-0.1513113660546954,0.03092442339100973
2025-08-11 11:45:00,69.0,69.0,69.0,69.0,1000,69000.0,69.175,70.42666666666666,61.879583333333336,-0.12752915494438355,-0.14655492383263302,0.019025768888249472
2025-08-11 11:50:00,69.0,69.0,69.0,69.0,3000,207000.0,69.18499999999999,70.305,61.95666666666667,-0.13167158160369752,-0.14357825538684593,0.011906673783148414
2025-08-11 11:59:00,69.3,69.3,69.0,69.0,5000,345900.0,69.195,70.18,62.03458333333334,-0.13341654173159156,-0.14154591265579505,0.008129370924203488
2025-08-11 12:06:00,69.0,69.0,69.0,69.0,1000,69000.0,69.2,70.04333333333332,62.1125,-0.13326325930493965,-0.13988938198562398,0.0066261226806843265
2025-08-11 12:29:00,69.0,69.0,69.0,69.0,1000,69000.0,69.205,69.91833333333332,62.19041666666667,-0.13162449661392372,-0.13823640491128394,0.0066119082973602195
2025-08-11 12:45:00,68.8,68.8,68.8,68.8,1000,68800.0,69.17999999999999,69.78500000000001,62.266666666666666,-0.14479498742163344,-0.13954812141335385,-0.005246866008279588
2025-08-11 12:49:00,69.3,69.3,69.0,69.0,8000,553500.0,69.18499999999999,69.65,62.344166666666666,-0.13750924674481269,-0.13914034647964563,0.0016310997348329415
2025-08-11 12:51:00,68.8,69.1,68.8,69.1,5000,344900.0,69.175,69.51333333333332,62.42166666666667,-0.12225678043968458,-0.13576363327165342,0.01350685283196884
2025-08-11 12:56:00,68.8,68.8,68.8,68.8,1000,68800.0,69.135,69.38499999999999,62.49833333333333,-0.13284522671982302,-0.13517995196128735,0.0023347252414643305
2025-08-11 12:58:00,68.8,68.8,68.8,68.8,1000,68800.0,69.09,69.24333333333334,62.575833333333335,-0.13962711224733937,-0.13606938401849775,-0.0035577282288416223
2025-08-11 13:00:00,68.8,69.1,68.8,69.1,4000,276100.0,69.08000000000001,69.25,62.65291666666667,-0.11941773923047094,-0.1327390550608924,0.013321315830421454
2025-08-11 13:05:00,69.3,69.3,69.0,69.0,6000,414900.0,69.065,69.25,62.73083333333334,-0.11020050693257133,-0.12823134543522818,0.018030838502656854
2025-08-11 13:06:00,69.3,69.3,69.0,69.0,5200,359700.0,69.06,69.25,62.80791666666667,-0.10172318240365996,-0.12292971282891454,0.021206530425254583
2025-08-11 13:07:00,69.3,69.3,69.3,69.3,1000,69300.0,69.07000000000001,69.25500000000001,62.88708333333333,-0.0699905414490587,-0.11234187855294339,0.042351337103884695
2025-08-11 13:08:00,69.3,69.3,69.3,69.3,1000,69300.0,69.05499999999999,69.24333333333334,62.964999999999996,-0.044331172707430255,-0.09873973738384077,0.05440856467641052
2025-08-11 13:11:00,69.4,69.4,69.0,69.1,4550,315250.0,69.04499999999999,69.22,63.04208333333334,-0.039676896084131386,-0.0869271691238989,0.04725027303976752
2025-08-11 13:17:00,69.0,69.5,69.0,69.2,4100,284300.0,69.03999999999999,69.20666666666668,63.12125,-0.027601016723025396,-0.07506193864372421,0.04746092192069881
2025-08-11 13:22:00,69.5,69.5,69.5,69.5,2000,139000.0,69.05,69.19833333333334,63.20166666666667,0.006106307753313445,-0.05882828936431667,0.06493459711763011
2025-08-11 13:24:00,69.5,69.5,69.2,69.3,4000,277200.0,69.065,69.18666666666667,63.279999999999994,0.016491176699119592,-0.04376439615162942,0.06025557285074901
2025-08-11 13:29:00,69.7,69.8,69.4,69.5,13500,940850.0,69.09,69.17,63.36,0.04039395234956089,-0.02693272645139136,0.06732667880095225
2025-08-11 13:30:00,69.2,69.2,69.2,69.2,1000,69200.0,69.1,69.14166666666667,63.437916666666666,0.03472924435659763,-0.014600332289793558,0.04932957664639119
2025-08-11 13:33:00,69.9,69.9,69.6,69.7,5000,349000.0,69.135,69.13666666666667,63.517916666666665,0.06978134784522183,0.0022760037372095243,0.0675053441080123
2025-08-11 13:45:00,69.4,69.4,69.4,69.4,601,41709.4,69.155,69.135,63.59666666666667,0.07251696912156547,0.01632419681408072,0.05619277230748475
2025-08-11 13:48:00,69.4,69.4,69.4,69.4,2100,145740.0,69.175,69.14,63.67541666666667,0.07383385793782793,0.027826129038830166,0.04600772889899776
2025-08-11 14:01:00,69.4,69.4,69.4,69.4,603,41848.2,69.19500000000001,69.13833333333332,63.75541666666666,0.07402419694842877,0.037065742620749895,0.03695845432767887
2025-08-11 14:04:00,69.4,69.4,69.4,69.4,99,6870.6,69.225,69.13666666666667,63.83416666666666,0.07332974236186374,0.04431854256897267,0.029011199792891067
2025-08-11 14:12:00,69.4,69.4,69.4,69.4,480,33312.0,69.245,69.14333333333333,63.91416666666667,0.07194998743095482,0.04984483154136911,0.022105155889585712
2025-08-18 09:01:00,66.8,67.0,66.8,67.0,6000,401400.0,69.14,69.10833333333333,63.98291666666667,-0.12140395147424954,0.01559507493824537,-0.1369990264124949
2025-08-18 09:03:00,66.7,67.0,66.6,66.6,8000,533900.0,69.03,69.06833333333333,64.05125,-0.30341739134043166,-0.04820741831749006,-0.2552099730229416
2025-08-18 09:04:00,66.5,66.8,66.4,66.4,32000,2131100.0,68.91,69.02833333333334,64.11791666666666,-0.45851718164766453,-0.13026937098352498,-0.32824781066413955
2025-08-18 09:05:00,67.0,67.0,66.5,66.8,5000,333300.0,68.79499999999999,68.99499999999999,64.18583333333333,-0.5429000124394037,-0.21279549927470076,-0.3301045131647029
2025-08-18 09:19:00,66.3,67.0,66.3,67.0,7500,498900.0,68.695,68.965,64.25458333333333,-0.5868706062227886,-0.2876105206643184,-0.2992600855584702
2025-08-18 09:20:00,67.0,67.0,67.0,67.0,1000,67000.0,68.595,68.93,64.32333333333334,-0.6146325175206329,-0.3530149200355813,-0.26161759748505153
2025-08-18 09:21:00,67.0,67.0,67.0,67.0,500,33500.0,68.47999999999999,68.895,64.39333333333333,-0.6293789435514725,-0.4082877247387596,-0.22109121881271288
2025-08-18 09:22:00,66.5,66.5,66.5,66.5,3000,199500.0,68.34,68.85333333333332,64.46125,-0.6736460415123702,-0.4613593880934818,-0.21228665341888836
2025-08-18 09:23:00,66.3,67.0,65.8,67.0,20000,1326700.0,68.235,68.81,64.53,-0.6607653229174844,-0.5012405750582823,-0.159524747859202
2025-08-18 09:27:00,67.0,67.0,67.0,67.0,5000,335000.0,68.125,68.775,64.59916666666668,-0.6431435026745618,-0.5296211605815382,-0.11352234209302359
2025-08-18 09:31:00,66.8,66.8,66.3,66.5,15000,996300.0,67.975,68.73333333333333,64.66708333333334,-0.6618940024537636,-0.5560757289559833,-0.10581827349778028
2025-08-18 09:32:00,66.3,66.8,66.3,66.8,7000,466800.0,67.85,68.695,64.73541666666667,-0.6451099894322994,-0.5738825810512466,-0.07122740838105279
2025-08-18 09:33:00,66.5,66.5,66.5,66.5,1000,66500.0,67.7,68.65166666666666,64.80333333333333,-0.6485400648208213,-0.5888140778051615,-0.05972598701565979
2025-08-18 09:42:00,66.0,66.2,66.0,66.0,19000,1254600.0,67.53999999999999,68.605,64.86875,-0.6837227157397905,-0.6077958053920873,-0.07592691034770316
2025-08-18 09:43:00,66.5,66.5,66.5,66.5,1000,66500.0,67.38,68.56666666666666,64.93541666666667,-0.6636097189869616,-0.6189585881110622,-0.04465113087589945
2025-08-18 09:47:00,65.9,66.1,65.9,66.1,14000,923600.0,67.215,68.52166666666668,65.00041666666667,-0.6721980010867412,-0.629606470706198,-0.0425915303805432
2025-08-18 09:48:00,66.4,66.4,66.4,66.4,1000,66400.0,67.065,68.48,65.06708333333333,-0.6473347121212072,-0.6331521189891999,-0.014182593132007315
2025-08-18 09:52:00,66.4,66.4,66.4,66.4,500,33200.0,66.91499999999999,68.43833333333333,65.13333333333334,-0.6204778935627786,-0.6306172739039156,0.010139380341137039
2025-08-18 09:56:00,66.4,66.4,66.4,66.4,1000,66400.0,66.76500000000001,68.39,65.20083333333334,-0.5923652534550143,-0.6229668698141354,0.030601616359121064
2025-08-18 10:23:00,65.8,66.0,65.8,65.8,12000,790600.0,66.58500000000001,68.33833333333334,65.26458333333333,-0.6114523274052885,-0.6206639613323661,0.009211633927077578
2025-08-18 10:26:00,66.3,66.3,66.3,66.3,1000,66300.0,66.55,68.28833333333334,65.33166666666666,-0.5795524300454815,-0.6124416550749893,0.03288922502950775
2025-08-18 10:53:00,65.8,66.0,65.8,66.0,34300,2260200.0,66.52000000000001,68.22833333333334,65.39708333333333,-0.5718866708029537,-0.6043306582205822,0.03244398741762844
2025-08-18 10:54:00,65.7,65.9,65.7,65.8,15000,987000.0,66.49,68.16333333333333,65.46166666666667,-0.575317923011184,-0.5985281111787026,0.02321018816751863
2025-08-18 10:58:00,66.4,66.4,66.4,66.4,1000,66400.0,66.47,68.115,65.52791666666667,-0.5235866485531204,-0.5835398186535862,0.05995317010046575
2025-08-18 11:00:00,66.4,66.4,66.4,66.4,3000,199200.0,66.44000000000001,68.06666666666666,65.595,-0.47708964835317147,-0.5622497845935033,0.08516013624033181
2025-08-18 11:01:00,66.4,66.4,66.4,66.4,1000,66400.0,66.41,68.02166666666668,65.66208333333333,-0.4352234556226904,-0.5368445187993407,0.10162106317665032
2025-08-18 11:25:00,65.6,65.8,65.5,65.5,22300,1463140.0,66.33500000000001,67.96166666666667,65.72583333333333,-0.4692573678068186,-0.5233270886008363,0.05406972079401773
2025-08-18 11:26:00,66.0,66.4,66.0,66.4,4000,264400.0,66.33000000000001,67.90833333333333,65.79333333333334,-0.41877957971395574,-0.5024175868234602,0.08363800710950442
2025-08-18 12:03:00,65.4,65.6,65.4,65.6,10000,655000.0,66.26,67.84666666666666,65.85625,-0.4382767020946119,-0.4895894098776905,0.051312707783078615
2025-08-18 12:07:00,66.3,66.3,66.3,66.3,1000,66300.0,66.225,67.79666666666667,65.92208333333333,-0.39271716319518646,-0.4702149605411898,0.07749779734600332
2025-08-18 12:30:00,66.3,66.3,66.3,66.3,1000,66300.0,66.215,67.74666666666667,65.98833333333333,-0.3525469584939884,-0.4466813601317495,0.0941344016377611
2025-08-18 12:43:00,66.3,66.3,66.3,66.3,1000,66300.0,66.19000000000001,67.70166666666667,66.05416666666666,-0.3170569467366988,-0.4207564774527394,0.1036995307160406
2025-08-18 12:48:00,66.4,66.4,66.2,66.2,4000,265400.0,66.175,67.655,66.12083333333334,-0.2936154053686124,-0.395328263035914,0.10171285766730159
2025-08-18 12:49:00,66.2,66.2,66.2,66.2,1000,66200.0,66.185,67.60833333333333,66.18625,-0.27190348087374616,-0.3706433066034805,0.09873982572973433
2025-08-18 12:50:00,66.4,66.4,66.4,66.4,1000,66400.0,66.18,67.565,66.25291666666666,-0.23583968269828404,-0.3436825818224412,0.10784289912415718
2025-08-18 13:08:00,66.1,66.2,66.1,66.2,2000,132300.0,66.185,67.51833333333333,66.31875,-0.2208513544104136,-0.3191163363400357,0.09826498192962213
2025-08-18 13:11:00,66.3,66.3,66.3,66.3,1000,66300.0,66.18,67.47333333333333,66.38458333333332,-0.19861432963318748,-0.2950159349986661,0.0964016053654786
2025-08-18 13:12:00,66.1,66.4,66.1,66.2,3000,198700.0,66.17,67.42666666666666,66.45083333333334,-0.18690595603698057,-0.273393939206329,0.08648798316934841
2025-08-18 13:13:00,66.5,66.5,66.5,66.5,1000,66500.0,66.175,67.38833333333334,66.51791666666666,-0.15167112252385095,-0.2490493758698334,0.09737825334598244
2025-08-18 13:26:00,65.8,66.0,65.8,65.8,18000,1186000.0,66.175,67.335,66.5825,-0.1781774937312548,-0.2348749994421177,0.056697505710862905
2025-08-18 13:27:00,66.5,66.5,66.5,66.5,1000,66500.0,66.185,67.29166666666667,66.64958333333333,-0.14107362509054155,-0.2161147245718025,0.07504109948126095
2025-08-18 13:28:00,65.7,65.7,65.7,65.7,1000,65700.0,66.17,67.24,66.71375,-0.17421362971572307,-0.20773450560058662,0.03352087588486355
2025-08-18 13:29:00,65.7,66.5,65.5,65.5,10000,656800.0,66.155,67.185,66.77708333333334,-0.21414709624868067,-0.20901702373020545,-0.0051300725184752205
2025-08-18 13:30:00,65.7,66.5,65.5,66.3,15000,987900.0,66.15,67.13833333333334,66.84333333333333,-0.17917591366055774,-0.2030488017162759,0.02387288805571816
2025-08-18 14:13:00,66.0,66.0,66.0,66.0,67000,4422000.0,66.13,67.08833333333334,66.90875,-0.17366657216091141,-0.19717235580520304,0.023505783644291622
2025-08-18 14:14:00,66.0,66.0,66.0,66.0,3000,198000.0,66.11,67.03833333333334,66.97458333333333,-0.16737103027757883,-0.1912120906996782,0.02384106042209938
2025-08-18 14:19:00,66.2,66.2,66.2,66.2,70000,4634000.0,66.14500000000001,66.98666666666666,67.04041666666667,-0.1445768475453093,-0.18188504206880446,0.03730819452349515
2025-08-18 14:20:00,66.5,66.5,66.5,66.5,1000,66500.0,66.15,66.94,67.1075,-0.10113893403661223,-0.16573582046236604,0.06459688642575381
2025-08-18 14:21:00,66.5,66.5,66.5,66.5,1000,66500.0,66.19500000000001,66.89666666666666,67.11375000000001,-0.06595380027296471,-0.14577941642448577,0.07982561615152106
2025-08-18 14:37:00,66.5,66.5,66.5,66.5,4000,266000.0,66.20500000000001,66.85166666666666,67.11166666666666,-0.03763548977127584,-0.12415063109384379,0.08651514132256795
2025-08-18 14:38:00,66.5,66.5,66.3,66.3,7000,464500.0,66.20500000000001,66.79833333333333,67.10875,-0.03097430074834051,-0.10551536502474314,0.07454106427640263
2025-08-18 14:39:00,66.5,66.5,66.3,66.3,5000,331900.0,66.205,66.74833333333333,67.1075,-0.025402436975412,-0.0894927794148769,0.0640903424394649
2025-08-18 14:40:00,66.5,66.5,66.5,66.5,2000,133000.0,66.22,66.69833333333334,67.10708333333334,-0.004793114224810324,-0.07255284637686359,0.06775973215205326
2025-08-18 14:42:00,66.0,66.0,66.0,66.0,3000,198000.0,66.21000000000001,66.64500000000001,67.10499999999999,-0.028477626437592107,-0.0637378023890093,0.035260175951417186
2025-08-18 14:43:00,66.2,66.2,66.2,66.2,1000,66200.0,66.2,66.58666666666667,67.10416666666667,-0.030754920889904724,-0.057141226089188375,0.02638630519928365
2025-08-18 14:55:00,66.2,66.2,66.0,66.0,6000,396800.0,66.19,66.53,67.10083333333334,-0.04814305847061462,-0.05534159256547363,0.007198534094859009
2025-08-18 14:56:00,66.5,66.5,66.5,66.5,1000,66500.0,66.2,66.48166666666667,67.09958333333333,-0.02133156445583495,-0.04853958694354589,0.02720802248771094
2025-08-27 09:01:00,80.3,80.3,78.0,80.3,8003,635340.9,66.905,66.66333333333334,67.15583333333333,1.1007723874298847,0.1813228079311403,0.9194495794987444
2025-08-27 09:02:00,80.3,80.4,79.7,80.4,29146,2333181.6,67.6,66.84666666666666,67.21416666666667,1.9753464535804568,0.5401275370610037,1.435218916519453
2025-08-27 09:03:00,80.5,81.0,78.2,81.0,16252,1306016.2999999998,68.36,67.03999999999999,67.27458333333334,2.6859062324325578,0.9692832761353147,1.716622956297243
2025-08-27 09:04:00,80.0,80.7,80.0,80.7,3500,280700.0,69.07000000000001,67.26833333333333,67.33208333333333,3.1880723699100457,1.4130410948902612,1.7750312750197845
2025-08-27 09:07:00,80.7,80.7,80.7,80.7,1000,80700.0,69.82,67.50333333333333,67.38958333333333,3.5451760688464162,1.8394680896814926,1.7057079791649237
2025-08-27 09:09:00,80.7,80.7,80.4,80.4,4000,321900.0,70.565,67.73666666666666,67.44708333333332,3.760625678339636,2.223699607413122,1.5369260709265142
2025-08-27 09:11:00,78.2,78.2,78.2,78.2,2000,156400.0,71.16,67.92666666666666,67.49416666666667,3.7110705213518145,2.5211737902008604,1.189896731150954
2025-08-27 09:18:00,78.5,78.5,78.4,78.4,3000,235400.0,71.78,68.11666666666666,67.54208333333334,3.6459082699071956,2.746120686142128,0.8997875837650677
2025-08-27 09:19:00,78.0,78.4,77.7,78.0,26100,2033920.0,72.38,68.3,67.5875,3.521397579802084,2.9011760648741194,0.6202215149279646
2025-08-27 09:20:00,77.6,77.9,77.0,77.0,5000,387700.0,72.91999999999999,68.46666666666667,67.62875,3.303944502599478,2.9817297524191915,0.32221475018028656
2025-08-27 09:21:00,78.3,78.3,78.3,78.3,3000,234900.0,73.51,68.66333333333334,67.67583333333333,3.1996271970692334,3.0253092413492,0.17431795572003317
2025-08-27 09:23:00,78.2,78.2,78.2,78.2,1000,78200.0,74.095,68.85,67.72416666666668,3.073456918410855,3.0349387767615315,0.038518141649323656
2025-08-27 09:24:00,77.7,77.7,77.7,77.7,2000,155400.0,74.655,69.02833333333334,67.76833333333333,2.8996943705342204,3.00788989551607,-0.10819552498184937
2025-08-27 09:25:00,77.7,78.0,77.7,78.0,2200,171300.0,75.24,69.22,67.81458333333333,2.754442296037894,2.957200375620435,-0.20275807958254122
2025-08-27 09:26:00,77.0,77.0,77.0,77.0,1004,77308.0,75.775,69.39,67.85791666666667,2.529479077603014,2.871656116016951,-0.3421770384139369
2025-08-27 09:28:00,76.7,76.7,76.7,76.7,800,61360.0,76.285,69.56,67.89833333333334,2.300468247460543,2.7574185423056696,-0.4569502948451265
2025-08-27 09:31:00,77.5,77.5,77.5,77.5,209000,16197500.0,76.86,69.75166666666668,67.94250000000001,2.158645309343669,2.6376638957132696,-0.4790185863696008
2025-08-27 09:32:00,77.8,77.8,77.8,77.8,447,34776.6,77.44,69.94,67.98916666666666,2.0468621491741175,2.5195035464054394,-0.4726413972313219
2025-08-27 09:33:00,77.0,77.0,77.0,77.0,1000,77000.0,77.99,70.12166666666667,68.03125,1.8721390219851628,2.3900306415213843,-0.5178916195362215
2025-08-27 09:35:00,77.0,77.0,77.0,77.0,2000,154000.0,78.515,70.29833333333333,68.07458333333334,1.7139127653900061,2.254807066295109,-0.5408943009051028
2025-08-27 09:36:00,77.0,77.0,77.0,77.0,5000,385000.0,78.35,70.475,68.11625,1.5704145556315297,2.1179285641623933,-0.5475140085308636
2025-08-27 09:39:00,77.5,77.5,77.5,77.5,32000,2480000.0,78.205,70.66,68.16208333333333,1.479976761027217,1.990338203535358,-0.5103614425081411
2025-08-27 09:41:00,77.8,77.8,77.8,77.8,90000,7002000.0,78.04499999999999,70.86,68.20750000000001,1.4161867309409217,1.875507909016471,-0.4593211780755493
2025-08-27 09:42:00,77.8,77.8,77.8,77.8,70000,5446000.0,77.9,71.05166666666668,68.25583333333333,1.3500699070164188,1.7704203086164607,-0.4203504016000419
2025-08-27 09:43:00,77.8,78.0,77.8,78.0,73000,5680000.0,77.76500000000001,71.25166666666668,68.30208333333333,1.298837980499897,1.676103842993148,-0.377265862493251
2025-08-27 09:44:00,77.8,78.0,77.8,78.0,15000,1168000.0,77.64500000000001,71.455,68.35125,1.2438974343060494,1.5896625612557285,-0.3457651269496791
2025-08-27 09:45:00,78.1,78.2,77.8,77.9,13000,1015100.0,77.63,71.64666666666668,68.40083333333334,1.1787001695181942,1.5074700829082217,-0.3287699133900275
2025-08-27 09:46:00,78.0,78.0,78.0,78.0,4000,312000.0,77.61,71.83999999999999,68.45,1.1221644188209439,1.4304089500907662,-0.3082445312698223
2025-08-27 09:47:00,78.2,78.3,77.9,78.3,4500,351650.0,77.625,72.03833333333334,68.50125,1.089013452675573,1.3621298506077277,-0.2731163979321547
2025-08-27 09:48:00,78.3,78.3,78.3,78.3,1000,78300.0,77.69000000000001,72.25166666666668,68.55416666666666,1.0506300637847659,1.2998298932431354,-0.2491998294583695
2025-08-27 09:50:00,77.9,77.9,77.9,77.9,1000,77900.0,77.66999999999999,72.44333333333333,68.6,0.9766757840123574,1.2351990713969798,-0.2585232873846224
2025-08-27 09:51:00,78.1,78.1,77.8,77.8,6000,468300.0,77.65,72.64666666666668,68.64708333333333,0.8996269803842694,1.1680846531944378,-0.2684576728101684
2025-08-27 09:52:00,78.4,78.4,78.4,78.4,1000,78400.0,77.685,72.84833333333334,68.69583333333334,0.8768721971384963,1.1098421619832495,-0.23296996484475319
2025-08-27 10:04:00,78.4,78.4,78.4,78.4,300,23520.0,77.70500000000001,73.05,68.74583333333334,0.8490515299557586,1.0576840355777513,-0.20863250562199265
2025-08-27 10:21:00,78.3,78.5,78.0,78.0,12000,937700.0,77.75500000000001,73.24499999999999,68.79666666666667,0.7856700781179455,1.0032812440857901,-0.21761116596784458
2025-08-27 10:22:00,78.0,78.0,78.0,78.0,2000,156000.0,77.82000000000001,73.44166666666666,68.845,0.7270587403177302,0.9480367433321781,-0.22097800301444792
2025-08-27 10:57:00,77.7,77.7,77.7,77.7,1000,77700.0,77.83,73.63333333333334,68.89541666666668,0.6489209828922924,0.8882135912442011,-0.2392926083519087
2025-08-27 10:58:00,77.7,77.7,77.7,77.7,500,38850.0,77.825,73.82166666666667,68.94250000000001,0.5803068312582127,0.8266322392470035,-0.24632540798879077
2025-08-27 10:59:00,77.7,78.0,77.7,78.0,2000,155700.0,77.875,74.01833333333333,68.99166666666666,0.5438677457186003,0.7700793405413229,-0.22621159482272257
2025-08-27 11:03:00,78.0,78.0,77.5,77.5,722,56205.0,77.9,74.205,69.0375,0.46923464171214846,0.7099104007754881,-0.2406757590633396
2025-08-27 11:06:00,77.3,77.3,77.3,77.3,2000,154600.0,77.915,74.39,69.08291666666668,0.3894595927986728,0.6458202391801251,-0.2563606463814523
2025-08-27 11:08:00,77.3,77.6,77.3,77.6,4000,310100.0,77.92,74.575,69.12791666666665,0.34645111182318544,0.5859464137087372,-0.2394953018855518
2025-08-27 11:13:00,77.2,77.5,77.2,77.5,2000,154700.0,77.905,74.77000000000001,69.17291666666667,0.300829639699117,0.5289230589068132,-0.2280934192076962
2025-08-27 11:21:00,77.2,77.2,77.2,77.2,200,15440.0,77.875,74.94833333333334,69.22375000000001,0.23772643914948333,0.47068373495534727,-0.23295729580586394
2025-08-27 11:22:00,77.2,77.5,77.0,77.0,7000,539900.0,77.825,75.13666666666667,69.2675,0.16962306049494202,0.4104716000632662,-0.2408485395683242
2025-08-27 12:05:00,77.8,77.8,77.8,77.8,1000,77800.0,77.815,75.34166666666667,69.32041666666666,0.17815035003344803,0.3640073500573026,-0.18585700002385458
2025-08-27 12:07:00,77.8,77.8,77.5,77.5,3000,233100.0,77.795,75.52833333333335,69.37208333333334,0.1588694475347694,0.322979769552796,-0.1641103220180266
2025-08-27 12:08:00,78.0,78.0,78.0,78.0,200,15600.0,77.795,75.72833333333334,69.42,0.18183888919494962,0.29475159348122676,-0.11291270428627714
2025-08-27 12:12:00,78.0,78.0,77.8,77.8,2200,171200.0,77.77000000000001,75.92500000000001,69.46708333333335,0.18180823648775402,0.27216292208253223,-0.09035468559477822
2025-08-27 12:14:00,78.0,78.0,78.0,78.0,2000,156000.0,77.755,76.12166666666667,69.52000000000001,0.19566674805346906,0.2568636872767196,-0.061196939223250535
2025-08-27 13:03:00,78.2,78.2,77.9,77.9,2000,156100.0,77.75500000000001,76.31166666666667,69.56625,0.1963175277923881,0.2447544553798533,-0.048436927587465206
2025-08-27 13:06:00,78.2,78.2,78.2,78.2,1000,78200.0,77.775,76.50666666666666,69.6125,0.21852178510586384,0.23950792132505544,-0.020986136219191598
2025-08-27 13:25:00,78.3,78.3,78.3,78.3,2000,156600.0,77.77000000000001,76.70333333333333,69.65916666666666,0.2414052142248977,0.23988737990502393,0.001517834319873762
2025-08-27 13:28:00,78.3,78.3,78.3,78.3,2000,156600.0,77.765,76.90333333333335,69.77541666666666,0.25658277021018705,0.24322645796605658,0.013356312244130475
2025-08-27 13:36:00,78.2,78.2,77.2,77.2,2060,160080.0,77.725,77.08500000000001,69.88666666666667,0.177800709854381,0.2301413083437215,-0.0523405984893405
2025-08-27 13:37:00,77.4,77.7,77.0,77.5,13000,1005400.0,77.7,77.26833333333335,69.99916666666667,0.13798227840918287,0.2117095023568138,-0.07372722394763093
2025-08-27 13:58:00,76.7,77.0,76.5,76.7,20300,1557540.0,77.65,77.44666666666667,70.10916666666667,0.04139539020101779,0.17764667992565458,-0.1362512897246368
2025-08-27 14:22:00,76.8,76.8,76.8,76.8,100,7680.0,77.605,77.62333333333335,70.21958333333333,-0.02677263207262115,0.13676281752599945,-0.1635354495986206
2025-08-27 14:38:00,76.8,76.8,76.8,76.8,100,7680.0,77.545,77.80333333333334,70.32958333333333,-0.07987552551126953,0.09343514891854565,-0.17331067442981518
2025-08-27 14:39:00,76.8,76.8,76.8,76.8,100,7680.0,77.51,77.97500000000001,70.43958333333333,-0.1205700941539618,0.05063410030404416,-0.17120419445800597
2025-08-27 14:40:00,76.8,76.8,76.8,76.8,350,26880.0,77.485,77.91666666666667,70.55041666666668,-0.1510792850374969,0.010291423235735937,-0.16137070827323283
2025-08-20 09:01:00,66.0,66.0,65.7,65.7,13000,856900.0,76.89,77.67166666666667,70.61375000000001,-1.05873088148428,-0.2035130377082673,-0.8552178437760126
2025-08-20 09:07:00,66.0,66.0,66.0,66.0,1000,66000.0,76.315,77.42166666666667,70.67833333333334,-1.7338569940111341,-0.5095818289688407,-1.2242751650422934
2025-08-20 09:10:00,65.6,65.8,65.6,65.8,11000,722600.0,75.74499999999999,77.17333333333333,70.74208333333334,-2.2589973158596734,-0.8594649263470074,-1.399532389512666
2025-08-20 09:11:00,66.0,66.0,66.0,66.0,1000,66000.0,75.195,76.92833333333333,70.80749999999999,-2.6287340658451797,-1.2133187542466422,-1.4154153115985375
2025-08-20 09:27:00,65.8,66.0,65.6,66.0,23000,1511600.0,74.60499999999999,76.68833333333332,70.8725,-2.8884567723484196,-1.5483463578669978,-1.3401104144814218
2025-08-20 09:48:00,66.0,66.0,66.0,66.0,1000,66000.0,74.03,76.48499999999999,70.93833333333333,-3.059026337017926,-1.8504823536971837,-1.208543983320742
2025-08-20 09:56:00,66.1,66.2,65.9,66.2,5000,330400.0,73.44,76.28166666666668,71.00416666666666,-3.141848345382712,-2.1087555520342898,-1.0330927933484224
2025-08-20 10:02:00,66.2,66.2,66.2,66.2,1000,66200.0,72.86,76.08500000000001,71.07,-3.170932843726831,-2.321191010372798,-0.8497418333540332
2025-08-20 10:03:00,66.2,66.2,66.2,66.2,1000,66200.0,72.27000000000001,75.905,71.13666666666667,-3.1575838570309003,-2.4884695797044185,-0.6691142773264818
2025-08-20 10:05:00,66.2,66.2,66.2,66.2,1000,66200.0,71.68499999999999,75.70333333333333,71.2025,-3.1111413876021032,-2.6130039412839556,-0.4981374463181476
2025-08-20 10:22:00,66.2,66.2,66.2,66.2,1000,66200.0,71.08500000000001,75.50333333333333,71.26916666666668,-3.0393002347721136,-2.6982631999815876,-0.34103703479052605
2025-08-20 10:26:00,66.2,66.2,66.0,66.0,6200,409600.0,70.47,75.30833333333334,71.33500000000001,-2.964332947115892,-2.7514771494084487,-0.21285579770744345
2025-08-20 10:29:00,66.2,66.2,66.2,66.2,1000,66200.0,69.865,75.11166666666668,71.40083333333334,-2.855861904683053,-2.7723541004633696,-0.08350780421968329
2025-08-20 10:43:00,65.7,65.7,65.7,65.7,1000,65700.0,69.28999999999999,74.92333333333335,71.46458333333334,-2.778218074803391,-2.7735268953313743,-0.004691179472016582
2025-08-20 10:47:00,66.2,66.2,66.0,66.0,11000,727200.0,68.715,74.74499999999999,71.52958333333332,-2.6617937855836686,-2.7511802733818334,0.08938648779816472
2025-08-20 10:58:00,65.8,65.8,65.8,65.8,2000,131600.0,68.16999999999999,74.55,71.48208333333334,-2.5561987580117034,-2.7121839703078074,0.15598521229610407
2025-08-20 11:01:00,66.2,66.2,66.2,66.2,100,6620.0,67.64,74.35666666666667,71.43708333333332,-2.4124283089680176,-2.6522328380398497,0.23980452907183203
2025-08-20 12:02:00,66.2,66.2,66.2,66.2,2000,132400.0,67.11,74.17666666666668,71.39166666666667,-2.27229558326178,-2.576245387084236,0.30394980382245596
2025-08-20 12:03:00,66.2,66.2,66.2,66.2,200,13240.0,66.58000000000001,73.99666666666667,71.34750000000001,-2.1366098798365414,-2.4883182856346973,0.3517084057981559
2025-08-20 12:14:00,65.8,66.0,65.8,66.0,6000,395400.0,66.04,73.81333333333333,71.30041666666666,-2.0219090024539526,-2.3950364289985484,0.37312742654459585
2025-08-20 12:15:00,65.8,65.8,65.8,65.8,1000,65800.0,66.045,73.61833333333334,71.2525,-1.9249563606020246,-2.3010204153192437,0.37606405471721915
2025-08-20 12:28:00,66.1,66.1,66.1,66.1,1000,66100.0,66.05,73.42333333333335,71.20708333333333,-1.8031278650131526,-2.2014419052580254,0.3983140402448728
2025-08-20 12:29:00,66.0,66.1,66.0,66.1,5000,330100.0,66.06500000000001,73.22833333333332,71.16083333333333,-1.6871297232838458,-2.0985794688631896,0.4114497455793438
2025-08-20 12:38:00,65.8,66.0,65.8,66.0,4000,263400.0,66.06500000000001,73.02833333333334,71.11416666666668,-1.5849986467348458,-1.995863304437521,0.4108646577026751
2025-08-20 13:14:00,65.8,65.8,65.8,65.8,1000,65800.0,66.055,72.825,71.06666666666666,-1.5028731748319757,-1.8972652785164121,0.39439210368443645
2025-08-20 13:16:00,66.1,66.2,65.9,66.0,23000,1519600.0,66.055,72.62666666666668,71.02416666666666,-1.4054486806079893,-1.798901958934728,0.3934532783267386
2025-08-20 13:17:00,66.2,66.2,66.0,66.2,11000,727200.0,66.05499999999999,72.43,70.97833333333332,-1.2971480235309798,-1.6985511718539785,0.4014031483229987
2025-08-20 13:18:00,66.2,66.2,66.0,66.2,10000,661000.0,66.05499999999999,72.22833333333332,70.93541666666667,-1.1975147677181468,-1.5983438910268122,0.4008291233086654
2025-08-20 13:22:00,65.9,65.9,65.9,65.9,90000,5931000.0,66.03999999999999,72.02166666666668,70.89124999999999,-1.1297392565517725,-1.5046229641318045,0.374883707580032
2025-08-20 13:24:00,66.1,66.1,66.1,66.1,90000,5949000.0,66.035,71.825,70.84458333333333,-1.0478098474436308,-1.41326034079417,0.36545049335053914
2025-08-20 13:25:00,66.2,66.4,66.0,66.2,33000,2182100.0,66.035,71.63166666666667,70.79833333333335,-0.9637020785133927,-1.3233486883380146,0.3596466098246218
2025-08-20 13:26:00,66.9,67.0,66.9,67.0,2000,133900.0,66.08500000000001,71.44166666666666,70.75541666666668,-0.8230056546675968,-1.223280081603931,0.4002744269363343
2025-08-20 13:28:00,66.0,67.2,63.9,67.2,20000,1319700.0,66.135,71.25500000000001,70.71833333333332,-0.6874400159887841,-1.1161120684809018,0.4286720524921177
2025-08-20 13:29:00,67.0,67.0,67.0,67.0,1000,67000.0,66.2,71.07166666666667,70.67625,-0.589347962710633,-1.010759247326848,0.421411284616215
2025-08-20 13:30:00,65.7,65.9,65.7,65.7,6000,394400.0,66.185,70.86666666666666,70.63000000000001,-0.6094827020202445,-0.9305039382655274,0.3210212362452829
2025-08-20 13:35:00,65.8,65.8,65.8,65.8,5000,329000.0,66.185,70.66833333333334,70.58416666666666,-0.6103349028808225,-0.8664701311885865,0.25613522830776403
2025-08-20 13:36:00,66.9,66.9,66.9,66.9,1000,66900.0,66.22,70.48833333333333,70.545,-0.5162979103598389,-0.796435687022837,0.2801377766629981
2025-08-20 13:51:00,66.5,66.5,66.5,66.5,500,33250.0,66.235,70.29666666666667,70.50333333333333,-0.46864729900738666,-0.730878009419747,0.26223071041236035
2025-08-20 14:04:00,66.0,66.0,66.0,66.0,2000,132000.0,66.225,70.105,70.45666666666666,-0.46585952887076587,-0.6778743133099508,0.21201478443918498
2025-08-20 14:11:00,66.5,66.5,66.5,66.5,1000,66500.0,66.25,69.925,70.41499999999999,-0.4184803980928393,-0.6259955302665285,0.20751513217368922
2025-08-20 14:20:00,66.9,66.9,66.9,66.9,1000,66900.0,66.30499999999999,69.74666666666667,70.37375,-0.3446821571916985,-0.5697328556515625,0.22505069845986403
2025-08-08 09:01:00,60.0,60.7,60.0,60.5,21009,1268540.0,66.025,69.46333333333334,70.30458333333334,-0.7934763313324851,-0.614481550787747,-0.17899478054473805
2025-08-08 09:02:00,61.0,62.0,61.0,62.0,10700,657550.0,65.82000000000001,69.21000000000001,70.24083333333334,-1.0163951135643572,-0.6948642633430692,-0.321530850221288
2025-08-08 09:03:00,62.0,63.0,62.0,63.0,2000,125000.0,65.67,68.97666666666667,70.18458333333335,-1.0996916510558208,-0.7758297408856196,-0.32386191017020116
2025-08-08 09:04:00,63.1,64.0,63.1,64.0,4000,253300.0,65.58,68.74666666666667,70.12916666666666,-1.0726482926681626,-0.8351934512421283,-0.23745484142603435
2025-08-08 09:05:00,63.2,63.2,63.2,63.2,3002,189726.4,65.44,68.50833333333334,70.10625,-1.1030542279180793,-0.8887656065773185,-0.21428862134076077
2025-08-08 09:06:00,63.1,63.1,63.0,63.0,7000,441300.0,65.28,68.25833333333334,70.08125,-1.130260539262963,-0.9370645931144475,-0.19319594614851554
2025-08-08 09:07:00,63.0,63.0,62.7,62.7,3000,188700.0,65.105,68.00666666666667,70.055,-1.1626271873050982,-0.9821771119525777,-0.18045007535252044
2025-08-08 09:08:00,61.5,61.5,61.5,61.5,900,55350.0,64.885,67.73166666666667,70.02375,-1.270462855289061,-1.0398342606198745,-0.23062859466918662
2025-08-08 09:09:00,62.0,62.0,62.0,62.0,3000,186000.0,64.68,67.46666666666667,69.99041666666668,-1.300585240686317,-1.0919844566331631,-0.20860078405315385
2025-08-08 09:11:00,62.9,62.9,62.7,62.9,9000,565300.0,64.515,67.21166666666667,69.95875000000001,-1.2375690441663636,-1.1211013741398033,-0.11646767002656033
2025-08-08 09:12:00,62.9,62.9,62.9,62.9,1000,62900.0,64.31,66.955,69.92916666666666,-1.1740940292955457,-1.1316999051709518,-0.04239412412459398
2025-08-08 09:14:00,63.2,63.2,63.2,63.2,2000,126400.0,64.11,66.70333333333333,69.90083333333334,-1.0870512794190503,-1.1227701800205716,0.035718900601521275
2025-08-08 09:15:00,63.2,63.5,63.2,63.5,8000,506500.0,63.935,66.475,69.87375,-0.9825357200637299,-1.0947232880292033,0.11218756796547336
2025-08-08 09:16:00,64.0,64.0,64.0,64.0,3000,192000.0,63.85,66.25,69.84666666666666,-0.8495672821635338,-1.0456920868560693,0.19612480469253546
2025-08-08 09:17:00,63.3,63.3,63.3,63.3,1000,63300.0,63.725,66.02666666666667,69.815,-0.7915485085133724,-0.9948633711875299,0.20331486267415744
2025-08-08 09:19:00,63.8,63.8,63.8,63.8,1000,63800.0,63.56999999999999,65.81,69.78916666666667,-0.6971856686619446,-0.935327830682413,0.23814216202046834
2025-08-08 09:22:00,63.8,63.8,63.8,63.8,1000,63800.0,63.43499999999999,65.59333333333333,69.76541666666667,-0.6153095329531553,-0.8713241711365615,0.2560146381834062
2025-08-08 09:23:00,63.8,64.0,63.8,64.0,7000,447800.0,63.334999999999994,65.38000000000001,69.74416666666667,-0.5281950729767146,-0.8026983515045921,0.2745032785278775
2025-08-08 09:24:00,63.7,65.2,63.7,63.8,3000,192700.0,63.2,65.16333333333333,69.72041666666668,-0.4698781020780487,-0.7361343016192835,0.2662561995412348
2025-08-08 09:35:00,65.0,65.0,65.0,65.0,2000,130000.0,63.105000000000004,65.15166666666667,69.70166666666667,-0.32310693568077653,-0.6535288284315821,0.3304218927508056
2025-08-08 09:36:00,65.0,65.0,65.0,65.0,1000,65000.0,63.330000000000005,65.135,69.685,-0.204433150774868,-0.5637096929002393,0.3592765421253713
2025-08-08 09:37:00,65.0,65.2,65.0,65.2,11000,716000.0,63.489999999999995,65.125,69.66875,-0.09317097569731914,-0.4696019494596553,0.37643097376233614
2025-08-08 09:38:00,65.4,65.4,65.2,65.2,4000,261400.0,63.6,65.11166666666666,69.65291666666667,-0.0049379784063887655,-0.37666915524900196,0.3717311768426132
2025-08-08 09:43:00,66.0,66.0,66.0,66.0,2000,132000.0,63.7,65.11166666666666,69.64125,0.12806437535040516,-0.27572244912912053,0.4037868244795257
2025-08-08 09:44:00,66.0,66.0,66.0,66.0,1000,66000.0,63.839999999999996,65.11166666666666,69.62958333333334,0.23080907558320973,-0.17441614418665446,0.4052252197698642
2025-08-08 09:47:00,66.4,66.4,66.4,66.4,3000,199200.0,64.01,65.115,69.61958333333334,0.3405855891492706,-0.07141579751946943,0.41200138666874003
2025-08-08 09:49:00,67.1,67.1,67.1,67.1,1000,67100.0,64.22999999999999,65.13000000000001,69.61125,0.47855196770787245,0.03857775552599898,0.4399742121818735
2025-08-08 09:50:00,66.8,66.8,66.8,66.8,2000,133600.0,64.49499999999999,65.14,69.60166666666667,0.5572600766331988,0.14231421974743896,0.4149458568857598
2025-08-08 09:56:00,66.7,66.7,66.7,66.7,2000,133400.0,64.72999999999999,65.14833333333334,69.59208333333335,0.6045982237782965,0.23477102055361052,0.369827203224686
2025-08-08 09:57:00,66.7,68.0,66.7,68.0,7100,474900.0,64.985,65.17833333333333,69.58541666666666,0.7385002111566052,0.3355168586742095,0.40298335248239575
2025-08-08 09:58:00,68.0,68.0,68.0,68.0,4000,272000.0,65.24,65.21166666666666,69.58083333333335,0.8349932188044988,0.4354121307002674,0.39958108810423143
2025-08-08 10:04:00,67.7,67.7,67.7,67.7,1000,67700.0,65.465,65.23666666666666,69.57541666666665,0.8771459374026449,0.523758892040743,0.3533870453619019
2025-08-08 10:05:00,67.7,68.0,67.7,68.0,2000,135700.0,65.69,65.275,69.57083333333334,0.9241072304649833,0.6038285597255911,0.3202786707393922
2025-08-08 10:06:00,68.5,68.5,68.5,68.5,1000,68500.0,65.91499999999999,65.31666666666666,69.56833333333333,0.9902551696965531,0.6811138817197836,0.30914128797676954
2025-08-08 10:07:00,68.5,68.5,68.5,68.5,1000,68500.0,66.175,65.36166666666666,69.56708333333333,1.0307955190125,0.751050209178327,0.279745309834173
2025-08-08 10:08:00,68.5,68.5,68.2,68.5,7200,492600.0,66.41,65.4,69.56583333333333,1.0508109434735644,0.8110023560373745,0.23980858743618994
2025-08-08 10:09:00,69.0,69.0,69.0,69.0,2000,138000.0,66.67,65.44666666666667,69.56666666666666,1.0944035302339614,0.867682590876692,0.22672093935726945
2025-08-08 10:10:00,69.0,69.0,68.8,68.8,5000,344600.0,66.91,65.49,69.56625000000001,1.100131015243008,0.9141722757499552,0.18595873949305275
2025-08-08 10:14:00,69.3,69.3,69.3,69.3,2000,138600.0,67.18499999999999,65.545,69.56791666666666,1.1319672953470388,0.957731279669372,0.17423601567766678
2025-08-08 10:15:00,68.8,68.8,68.8,68.8,3000,206400.0,67.375,65.595,69.56583333333333,1.1041242977607624,0.9870098832876503,0.1171144144731121
2025-08-08 10:16:00,68.8,68.8,68.8,68.8,5000,344000.0,67.565,65.64,69.56541666666666,1.0697273703326573,1.0035533806966517,0.06617398963600563
2025-08-08 10:18:00,69.3,69.3,69.3,69.3,1000,69300.0,67.77000000000001,65.69333333333333,69.56541666666666,1.0704736252498606,1.0169374296072935,0.053536195642567064
2025-08-08 10:21:00,69.5,69.5,69.5,69.5,2000,139000.0,67.985,65.75166666666667,69.565,1.0748135842277406,1.028512660531383,0.04630092369635763
2025-08-08 10:22:00,69.5,69.9,69.0,69.9,7055,489217.0,68.18,65.82,69.56583333333333,1.0978740810425762,1.0423849446336217,0.055489136408954476
2025-08-08 10:24:00,69.9,69.9,69.9,69.9,2000,139800.0,68.375,65.885,69.56833333333334,1.1034300363129717,1.0545939629694918,0.048836073343479836
2025-08-08 10:25:00,69.6,70.0,69.6,70.0,2000,139600.0,68.55499999999999,65.94833333333334,69.57125,1.1031854994300687,1.0643122702616072,0.038873229168461476
2025-08-08 10:26:00,70.0,70.0,70.0,70.0,1000,70000.0,68.7,66.01166666666667,69.57500000000002,1.0904219961807229,1.0695342154454304,0.020887780735292516
2025-08-08 10:27:00,70.0,70.0,70.0,70.0,2000,140000.0,68.86,66.08,69.57875,1.0679956389776208,1.0692265001518686,-0.0012308611742477549
2025-08-08 10:28:00,69.9,69.9,69.9,69.9,100,6990.0,69.02000000000001,66.14333333333333,69.58,1.0302770327475343,1.0614366066710017,-0.031159573923467354
2025-08-08 10:31:00,69.7,69.7,69.7,69.7,100,6970.0,69.105,66.20166666666667,69.58166666666668,0.9730299534191431,1.04375527602063,-0.07072532260148678
2025-08-08 10:32:00,70.0,70.0,70.0,70.0,1000,70000.0,69.20500000000001,66.25166666666667,69.58458333333333,0.9410212165844314,1.0232084641333903,-0.0821872475489589
2025-08-08 10:35:00,70.2,70.2,70.2,70.2,1000,70200.0,69.33,66.30166666666668,69.58833333333334,0.9211736738611194,1.0028015060789361,-0.08162783221781678
2025-08-08 10:36:00,69.7,69.7,69.7,69.7,2000,139400.0,69.41499999999999,66.34666666666666,69.59125,0.8552398592048291,0.9732891767041147,-0.1180493174992856
2025-08-08 10:37:00,69.9,69.9,69.9,69.9,4000,279600.0,69.485,66.41666666666667,69.595,0.809790404882051,0.9405894223397021,-0.1307990174576511
2025-08-08 10:40:00,69.9,69.9,69.9,69.9,1020,71298.0,69.55499999999999,66.485,69.59875000000001,0.7649534773655517,0.9054622333448721,-0.14050875597932033
2025-08-08 10:46:00,70.0,70.2,69.7,69.7,7000,489300.0,69.615,66.53166666666667,69.60166666666667,0.7051529959510106,0.8654003858660999,-0.16024738991508936
2025-08-08 10:47:00,69.9,69.9,69.9,69.9,1000,69900.0,69.66,66.58833333333334,69.60541666666667,0.666219251299168,0.8255641589527136,-0.1593449076535456
2025-08-08 10:48:00,70.2,70.2,70.2,70.2,1000,70200.0,69.73,66.65833333333333,69.61041666666667,0.6520549869559744,0.7908623245533659,-0.1388073375973915
2025-08-08 10:50:00,70.2,70.2,70.2,70.2,1000,70200.0,69.775,66.72,69.61541666666668,0.6335268027901719,0.7593952202007273,-0.12586841741055532
2025-08-08 11:03:00,70.2,70.3,69.7,69.7,2003,140709.1,69.82,66.76666666666667,69.61916666666667,0.571904700634164,0.7218971162874147,-0.14999241565325072
2025-08-08 11:08:00,69.7,70.0,69.7,70.0,5000,348800.0,69.88,66.925,69.62333333333335,0.541039467313837,0.6857255864926992,-0.1446861191788622
2025-08-08 11:10:00,69.2,69.5,69.2,69.3,5000,346400.0,69.88000000000001,67.04666666666667,69.62416666666668,0.4548511566803626,0.6395507005302319,-0.1846995438498693
2025-08-08 11:11:00,69.5,69.5,69.5,69.5,1000,69500.0,69.88000000000001,67.155,69.62708333333333,0.39809562946975063,0.5912596863181356,-0.193164056848385
2025-08-08 11:12:00,69.2,69.2,68.7,69.0,13000,896800.0,69.83500000000001,67.23833333333333,69.62791666666666,0.3092063061056507,0.5348490102756387,-0.225642704169988
2025-08-08 11:13:00,68.5,68.8,68.0,68.5,6000,411100.0,69.76500000000001,67.32666666666667,69.62541666666668,0.19615391536618176,0.4671099912937473,-0.27095607592756554
2025-08-08 11:14:00,67.6,67.6,67.6,67.6,700,47320.0,69.64500000000001,67.40333333333334,69.61958333333334,0.03354986090801049,0.38039796521659996,-0.3468481043085895
2025-08-08 11:16:00,67.6,68.5,67.6,68.5,6000,410100.0,69.57000000000001,67.5,69.6175,-0.02243394085731154,0.2998315840018177,-0.32226552485912924
2025-08-08 11:22:00,68.5,68.5,68.5,68.5,2000,137000.0,69.495,67.61666666666666,69.61416666666668,-0.06604023636167256,0.22665721992911964,-0.2926974562907922
2025-08-08 11:23:00,68.7,68.7,68.7,68.7,1000,68700.0,69.435,67.72833333333332,69.61166666666666,-0.08349770165584403,0.1646262356121269,-0.2481239372679709
2025-08-08 11:24:00,69.0,69.0,69.0,69.0,1000,69000.0,69.4,67.83,69.61125,-0.07229203826345554,0.1172425808370104,-0.18953461910046593
2025-08-08 11:25:00,68.7,69.0,68.7,69.0,5000,343800.0,69.35,67.93166666666666,69.61041666666667,-0.0626888314658629,0.08125629837643573,-0.14394512984229862
2025-08-08 11:56:00,69.0,69.0,68.7,68.7,6000,413700.0,69.275,68.02333333333334,69.60708333333334,-0.07838217279007154,0.04932860414313427,-0.12771077693320582
2025-08-08 12:03:00,68.3,68.3,68.3,68.3,2000,136600.0,69.20500000000001,68.10333333333332,69.60291666666667,-0.12169311345388678,0.015124260623730054,-0.13681737407761685
2025-08-08 12:10:00,68.3,68.3,68.3,68.3,1,68.3,69.125,68.175,69.59791666666666,-0.15423937051579628,-0.018748465604175223,-0.13549090491162105
2025-08-08 12:17:00,68.3,68.3,68.3,68.3,1000,68300.0,69.04499999999999,68.25833333333334,69.59416666666667,-0.1779808611424727,-0.050594944711834726,-0.12738591643063796
2025-08-08 12:20:00,68.3,68.3,68.3,68.3,1000,68300.0,68.975,68.33333333333333,69.58833333333334,-0.19455347219025043,-0.07938665020751788,-0.11516682198273255
2025-08-08 12:21:00,68.6,68.6,68.6,68.6,1000,68600.0,68.91,68.41333333333334,69.58500000000001,-0.18138895409730083,-0.09978711098547448,-0.08160184311182635
2025-08-08 12:24:00,68.6,68.6,68.6,68.6,1000,68600.0,68.83,68.49,69.58166666666666,-0.1690077623823356,-0.11363124126484671,-0.055376521117488905
2025-08-08 12:25:00,68.6,68.6,68.3,68.3,8000,547000.0,68.73499999999999,68.56500000000001,69.57708333333335,-0.18131300804859052,-0.1271675946215955,-0.054145413426995026
2025-08-08 12:32:00,68.3,68.3,68.3,68.3,1000,68300.0,68.66499999999999,68.61999999999999,69.5725,-0.1888876249318514,-0.13951160068364668,-0.049376024248204725
2025-08-08 12:42:00,68.3,68.6,68.3,68.3,26000,1778800.0,68.58000000000001,68.675,69.56791666666666,-0.19266958830270653,-0.15014319820745867,-0.04252639009524786
2025-08-08 13:04:00,69.3,69.3,69.3,69.3,50,3465.0,68.58,68.74333333333333,69.5775,-0.11366492042171217,-0.14284754265030938,0.029182622228597216
2025-08-08 13:11:00,69.3,69.3,69.3,69.3,1000,69300.0,68.57,68.81166666666667,69.58874999999999,-0.050471349626960205,-0.12437230404563955,0.07390095441867935
2025-08-08 13:12:00,69.3,69.3,69.3,69.3,1000,69300.0,68.585,68.86666666666666,69.60083333333334,-0.00038554516238775705,-0.0995749522689892,0.09918940710660144
2025-08-08 13:13:00,68.3,68.3,68.3,68.3,100,6830.0,68.57499999999999,68.905,69.60708333333334,-0.040912216363508946,-0.08784240508789316,0.04693018872438422
2025-08-08 13:17:00,68.3,68.8,68.3,68.8,675,46352.5,68.635,68.945,69.61458333333333,-0.0323116058645212,-0.07673624524321877,0.044424639378697575
2025-08-08 13:20:00,68.8,68.8,68.8,68.8,1000,68800.0,68.65,68.97333333333333,69.62208333333334,-0.025205012386805947,-0.0664299986719362,0.04122498628513026
2025-08-08 13:22:00,68.2,68.2,68.2,68.2,1000,68200.0,68.635,68.99666666666667,69.62708333333333,-0.06721317974886176,-0.06658663488732132,-0.0006265448615404429
2025-08-08 13:24:00,68.2,68.2,68.2,68.2,211,14390.2,68.60999999999999,69.02166666666668,69.63416666666667,-0.09935959942285422,-0.0731412277944279,-0.026218371628426315
2025-08-08 13:27:00,68.2,68.5,68.2,68.5,24000,1640400.0,68.585,69.03,69.64041666666667,-0.09948161370391517,-0.07840930497632537,-0.021072308727589806
2025-08-08 13:30:00,68.5,68.5,68.5,68.5,1000,68500.0,68.55999999999999,69.03833333333334,69.64666666666668,-0.0984435153349068,-0.08241614704804166,-0.016027368286865143
2025-08-08 13:32:00,68.8,68.8,68.8,68.8,1000,68800.0,68.565,69.05666666666667,69.65625,-0.07257670304767316,-0.08044825824796797,0.00787155520029481
2025-08-08 13:46:00,68.8,68.8,68.8,68.8,1000,68800.0,68.59,69.07,69.66458333333334,-0.05148359708989858,-0.0746553260163541,0.023171728926455526
2025-08-08 13:51:00,68.4,68.4,68.4,68.4,1000,68400.0,68.595,69.06833333333334,69.6725,-0.06627978362337217,-0.07298021753775773,0.006700433914385559
2025-08-08 13:57:00,68.8,68.8,68.5,68.5,8000,548900.0,68.60499999999999,69.06833333333334,69.68291666666667,-0.06913970431344296,-0.07221211489289478,0.0030724105794518175
2025-08-08 14:05:00,68.8,68.8,68.8,68.8,1000,68800.0,68.63000000000001,69.07333333333334,69.69250000000001,-0.04666084212686883,-0.0671018603396896,0.020441018212820766
2025-08-08 14:21:00,68.8,68.8,68.8,68.8,1000,68800.0,68.64,69.07,69.70375,-0.02851745047496479,-0.05938497836674463,0.030867527891779843
2025-08-08 14:22:00,68.8,68.8,68.8,68.8,1000,68800.0,68.65,69.07,69.71374999999999,-0.013977557294992948,-0.050303494152394296,0.03632593685740135
2025-08-08 14:28:00,68.4,68.4,68.4,68.4,1,68.4,68.655,69.055,69.72208333333333,-0.03433544660077814,-0.04710988464207107,0.012774438041292926
2025-08-08 15:00:00,69.0,69.0,69.0,69.0,1000,69000.0,68.69000000000001,69.05833333333334,69.73291666666667,-0.002030824870544734,-0.0380940726877658,0.03606324781722107
2025-08-22 09:01:00,70.3,70.3,70.0,70.3,9000,631800.0,68.78999999999999,69.08333333333333,69.75166666666668,0.12700591095651248,-0.005074075958910137,0.1320799869154226
2025-08-22 09:04:00,70.6,70.6,70.2,70.3,8653,610105.7000000001,68.84,69.1,69.76833333333333,0.22665570784714362,0.04127188080230063,0.185383827044843
2025-08-22 09:07:00,70.0,70.3,70.0,70.3,6000,420900.0,68.89,69.11333333333333,69.78625000000001,0.30214593950964286,0.09344669254376911,0.20869924696587375
2025-08-22 09:20:00,70.0,70.3,70.0,70.3,11000,771500.0,68.94,69.11999999999999,69.805,0.3578474493362762,0.14632684390227055,0.21152060543400567
2025-08-22 09:21:00,69.7,70.0,69.7,70.0,20000,1396400.0,69.025,69.12166666666667,69.82000000000001,0.3734785758461925,0.19175719029105495,0.18172138555513753
2025-08-22 09:23:00,69.4,70.0,69.4,70.0,3000,208800.0,69.085,69.12166666666667,69.83500000000001,0.38146901882863915,0.2296995559985718,0.15176946283006734
2025-08-22 09:25:00,70.3,70.3,70.3,70.3,1000,70300.0,69.16,69.12666666666668,69.85125,0.40731373605046883,0.26522239200895126,0.14209134404151758
2025-08-22 09:26:00,70.3,70.3,70.3,70.3,1000,70300.0,69.265,69.13166666666666,69.87124999999999,0.4229206941467538,0.29676205243651177,0.12615864171024205
2025-08-22 09:27:00,70.3,70.3,70.0,70.0,3000,210300.0,69.355,69.13333333333334,69.88625,0.4063971348872002,0.3186890689266495,0.0877080659605507
2025-08-22 09:31:00,70.5,70.5,70.5,70.5,200,14100.0,69.45500000000001,69.14666666666668,69.90666666666667,0.4287060598560686,0.34069246711253337,0.08801359274353521
2025-08-22 09:36:00,70.5,70.5,70.5,70.5,1000,70500.0,69.555,69.155,69.92416666666666,0.4412990231808891,0.36081377832620454,0.08048524485468456
2025-08-22 09:42:00,70.5,70.5,70.5,70.5,1000,70500.0,69.64,69.16,69.94166666666666,0.4461362562908704,0.37787827391913775,0.06825798237173264
2025-08-22 09:43:00,70.3,70.5,70.2,70.2,11000,773300.0,69.71,69.16833333333334,69.95791666666668,0.42091031349907837,0.3864846818351259,0.03442563166395246
2025-08-22 09:44:00,70.0,70.3,70.0,70.0,13000,910900.0,69.79,69.17,69.97375000000001,0.380395283522617,0.38526680217262416,-0.004871518650007178
2025-08-22 10:08:00,70.3,70.3,70.3,70.3,1000,70300.0,69.88000000000001,69.17666666666666,69.99083333333333,0.36824937361487287,0.38186331646107396,-0.0136139428462011
2025-08-22 10:11:00,70.3,70.3,70.0,70.0,5000,350600.0,69.94,69.18166666666666,70.00583333333334,0.3306051493439668,0.3716116830376526,-0.04100653369368579
2025-08-22 10:12:00,70.3,70.3,70.0,70.0,7000,491200.0,70.0,69.18333333333334,70.02166666666668,0.29734423119047904,0.3567581926682179,-0.059413961477738864
2025-08-22 10:15:00,70.2,70.2,70.2,70.2,1000,70200.0,70.07000000000001,69.18333333333334,70.03791666666667,0.2838509849882769,0.34217675113222973,-0.05832576614395285
2025-08-22 10:36:00,70.3,70.3,70.0,70.3,7000,491200.0,70.16499999999999,69.18499999999999,70.055,0.278021792265875,0.3293457593589588,-0.051323967093083844
2025-08-22 10:37:00,70.3,70.5,70.0,70.5,1002,70140.8,70.24,69.19833333333332,70.07166666666667,0.28624083737207684,0.32072477496158247,-0.03448393758950563
2025-08-22 10:39:00,70.5,70.6,70.2,70.6,11000,774500.0,70.255,69.20833333333333,70.09166666666668,0.2973954643085932,0.31605891283098464,-0.018663448522391435
2025-08-22 10:40:00,70.6,70.8,70.3,70.8,9002,634041.6000000001,70.28,69.23333333333333,70.10958333333335,0.31870013824109833,0.3165871579130074,0.00211298032809093
2025-08-22 10:47:00,70.3,70.8,70.3,70.8,2002,140741.59999999998,70.30499999999999,69.25500000000001,70.13083333333334,0.3317599239347686,0.31962171111735965,0.012138212817408955
2025-08-22 10:55:00,70.8,70.8,70.8,70.8,1,70.8,70.33000000000001,69.285,70.15291666666667,0.3382112098892378,0.3233396108717353,0.014871599017502513
2025-08-22 10:56:00,70.3,70.6,70.2,70.6,7301,514050.6,70.36,69.32,70.17083333333333,0.323456961450276,0.3233630809874435,9.38804628325407e-05
2025-08-22 10:58:00,70.6,70.8,70.3,70.8,3002,211641.59999999998,70.4,69.37333333333332,70.19083333333334,0.3241656618305626,0.3235235971560673,0.0006420646744952907
2025-08-22 10:59:00,70.8,70.8,70.8,70.8,10,708.0,70.42499999999998,69.41166666666666,70.21083333333334,0.32102671583984943,0.3230242208928238,-0.0019975050529743577
2025-08-22 11:21:00,70.8,70.8,70.8,70.8,1,70.8,70.45,69.45,70.23,0.3149090035583413,0.32140117742592733,-0.0064921738675860485
2025-08-22 11:23:00,70.8,70.8,70.0,70.8,7001,491770.8,70.49,69.485,70.24791666666667,0.30652721754225354,0.3184263854491926,-0.011899167906939068
2025-08-22 11:27:00,70.8,71.0,70.5,71.0,19002,1342642.0,70.515,69.51833333333335,70.26666666666667,0.312421519466497,0.3172254122526535,-0.004803892786156505
2025-08-22 11:28:00,71.0,71.0,71.0,71.0,10,710.0,70.53999999999999,69.55166666666668,70.28541666666666,0.3134792030884199,0.3164761704198068,-0.0029969673313868794
2025-08-22 11:29:00,70.9,70.9,70.9,70.9,10,709.0,70.55999999999999,69.58833333333334,70.30458333333334,0.30275825204476803,0.3137325867447991,-0.010974334700031063
2025-08-22 11:37:00,70.9,70.9,70.9,70.9,261,18504.9,70.595,69.63166666666666,70.32374999999999,0.2909084100356836,0.30916775140297603,-0.01825934136729246
2025-08-22 11:43:00,70.9,70.9,70.9,70.9,1000,70900.0,70.64000000000001,69.675,70.34208333333332,0.2783091502276136,0.3029960311679036,-0.02468688094028998
2025-08-22 11:44:00,71.0,71.0,71.0,71.0,2,142.0,70.675,69.72,70.36291666666666,0.2732435290078712,0.2970455307358971,-0.023802001728025934
2025-08-22 11:50:00,71.0,71.0,71.0,71.0,10,710.0,70.725,69.765,70.38291666666667,0.26616085108348386,0.2908685948054145,-0.02470774372193063
2025-08-22 11:51:00,71.0,71.0,71.0,71.0,1000,71000.0,70.775,69.805,70.40375,0.2575785723554418,0.28421059031541995,-0.02663201795997816
2025-08-22 11:54:00,71.0,71.0,71.0,71.0,1,71.0,70.81500000000001,69.845,70.4225,0.24791919645905125,0.27695231154414623,-0.029033115085094985
2025-08-22 12:01:00,71.0,71.0,71.0,71.0,10,710.0,70.85,69.89,70.38374999999999,0.2375260193726092,0.26906705310983886,-0.03154103373722966
2025-08-22 12:02:00,70.4,71.0,70.4,70.9,3002,211641.9,70.86999999999999,69.93333333333334,70.34416666666668,0.2186991596111767,0.25899347441010645,-0.04029431479892975
2025-08-22 12:04:00,70.2,71.0,70.2,71.0,5502,386992.0,70.89,69.97833333333332,70.30250000000001,0.20943368077118407,0.24908151568232198,-0.03964783491113791
2025-08-22 12:05:00,71.0,71.1,71.0,71.1,1002,71142.20000000001,70.905,70.00833333333334,70.2625,0.20776490184216811,0.2408181929142912,-0.0330532910721231
2025-08-22 12:07:00,71.1,71.1,70.9,70.9,1500,106550.0,70.91,70.035,70.22166666666666,0.1881353468198057,0.23028162369539412,-0.04214627687558842
2025-08-22 12:08:00,70.8,71.1,70.8,71.1,502,35542.2,70.925,70.065,70.18291666666667,0.1865664892174408,0.22153859679980348,-0.03497210758236269
2025-08-22 12:12:00,71.1,71.1,71.1,71.1,1000,71100.0,70.95,70.11166666666668,70.15333333333335,0.18321121344104085,0.213873120128051,-0.030661906687010132
2025-08-22 12:24:00,71.1,71.1,71.1,71.1,1001,71171.1,70.965,70.15,70.12291666666667,0.17849455904709544,0.2067974079118599,-0.028302848864764474
2025-08-22 12:35:00,71.1,71.2,70.8,71.2,4003,284013.5,70.985,70.19,70.09458333333333,0.1807422564986041,0.20158637762920878,-0.020844121130604687
2025-08-22 12:48:00,70.7,71.2,70.7,71.2,4002,283242.4,71.005,70.24,70.07041666666667,0.18044353220562925,0.1973578085444929,-0.016914276338863637
2025-08-22 12:49:00,70.2,71.2,70.2,71.2,12002,843442.3999999999,71.025,70.29,70.04083333333332,0.17815315240680718,0.19351687731695577,-0.01536372491014859
2025-08-22 12:50:00,71.0,71.0,71.0,71.0,10,710.0,71.025,70.33166666666668,70.01083333333332,0.15837404398996568,0.18648831065155777,-0.028114266661592086
2025-08-22 13:23:00,71.0,71.0,71.0,71.0,250,17750.0,71.025,70.37333333333335,69.98291666666665,0.1410727591165113,0.17740520034454849,-0.03633244122803719
2025-08-22 14:19:00,70.3,70.6,70.3,70.3,7000,493000.0,70.995,70.39833333333333,69.95083333333332,0.07006949878412172,0.15593806003246313,-0.08586856124834141
2025-08-22 14:21:00,70.2,70.2,70.2,70.2,400,28080.0,70.96000000000001,70.42166666666667,69.92249999999999,0.005664442982009632,0.12588333662237244,-0.12021889364036281
2025-08-22 14:22:00,70.2,70.6,70.2,70.6,3001,210970.6,70.945,70.45833333333333,69.89708333333333,-0.012951078720305986,0.09811645355383676,-0.11106753227414275
2025-08-22 14:23:00,70.3,70.3,70.3,70.3,5000,351500.0,70.91,70.48833333333333,69.86708333333333,-0.051319922461772194,0.06822917835071497,-0.11954910081248717
2025-08-22 14:24:00,70.6,70.6,70.6,70.6,2,141.2,70.89,70.51833333333335,69.83708333333333,-0.05686451602034026,0.04321043947650392,-0.10007495549684418
2025-08-22 14:25:00,70.6,70.8,70.3,70.8,5002,352541.6,70.88,70.55166666666666,69.81124999999999,-0.044606126175679606,0.025647126346067216,-0.07025325252174683
2025-08-22 14:26:00,70.8,70.8,70.5,70.8,5002,353541.6,70.86999999999999,70.585,69.78541666666666,-0.03449364266575117,0.013618972543703539,-0.04811261520945471
2025-08-22 14:27:00,70.9,71.0,70.8,71.0,1004,71083.9,70.86999999999999,70.62833333333333,69.76041666666667,-0.010223250825603714,0.008850527869842088,-0.0190737786954458
2025-08-22 14:30:00,70.1,71.0,70.1,71.0,502,35192.0,70.875,70.66166666666666,69.73333333333333,0.008908517719532938,0.008862125839780258,4.639187975268022e-05
2025-08-22 14:58:00,71.0,71.0,71.0,71.0,30,2130.0,70.875,70.67333333333333,69.705,0.023796273500252596,0.011848955371874727,0.01194731812837787
2025-08-22 15:00:00,71.0,71.0,71.0,71.0,1,71.0,70.86999999999999,70.68499999999999,69.67666666666668,0.03518928702077062,0.01651702170165391,0.018672265319116713
2025-08-12 09:04:00,69.2,69.2,69.2,69.2,3000,207600.0,70.785,70.66666666666666,69.64,-0.0998753238907426,-0.006761447416825401,-0.09311387647391721
2025-08-12 09:05:00,69.5,69.5,69.5,69.5,3000,208500.0,70.705,70.65333333333334,69.60458333333332,-0.180625371483643,-0.041534232230188935,-0.13909113925345407
2025-08-12 09:07:00,69.8,69.8,69.8,69.8,2000,139600.0,70.64,70.65,69.57083333333334,-0.21790104556373535,-0.07680759489689824,-0.1410934506668371
2025-08-12 09:08:00,69.5,69.5,69.2,69.2,4750,329600.0,70.545,70.63666666666667,69.53416666666665,-0.2924856785830201,-0.11994321163412265,-0.17254246694889747
2025-08-12 09:16:00,69.6,69.6,69.6,69.6,2000,139200.0,70.465,70.625,69.49791666666667,-0.31567893033792416,-0.15909035537488297,-0.15658857496304118
2025-08-12 09:17:00,69.3,69.3,69.3,69.3,1000,69300.0,70.37,70.60833333333333,69.46041666666666,-0.3541844246719563,-0.19810916923429767,-0.15607525543765866
2025-08-12 09:18:00,69.4,69.5,69.4,69.5,2000,138900.0,70.285,70.6,69.42541666666666,-0.36436184131916605,-0.23135970365127137,-0.13300213766789468
2025-08-12 09:32:00,69.8,69.8,69.8,69.8,100,6980.0,70.225,70.58833333333334,69.39208333333333,-0.34425170517303627,-0.2539381039556244,-0.09031360121741189
2025-08-12 09:38:00,69.8,69.8,69.5,69.5,4000,278900.0,70.15,70.57166666666667,69.35499999999999,-0.3485044280765237,-0.27285136877980426,-0.07565305929671945
2025-08-12 09:39:00,69.9,69.9,69.6,69.6,6000,419100.0,70.115,70.55666666666666,69.31833333333334,-0.33988756507410756,-0.28625860803866493,-0.053628957035442626
2025-08-12 09:40:00,70.0,70.0,70.0,70.0,1000,70000.0,70.10499999999999,70.55333333333333,69.28500000000001,-0.2973542671084033,-0.2884777398526126,-0.00887652725579069
2025-08-12 09:41:00,69.7,69.7,69.7,69.7,1000,69700.0,70.06,70.54833333333333,69.25041666666667,-0.2845734294759126,-0.2876968777772726,0.003123448301360021
2025-08-12 09:44:00,69.5,69.8,69.3,69.3,14000,972200.0,70.01,70.53166666666667,69.21541666666667,-0.30322578256183874,-0.2908026587341858,-0.012423123827652927
2025-08-12 09:45:00,69.6,69.6,69.6,69.6,3000,208800.0,69.96,70.525,69.18166666666666,-0.2904522611042495,-0.29073257920819856,0.0002803181039490732
2025-08-12 09:59:00,69.3,69.6,69.3,69.6,16000,1110600.0,69.9,70.51833333333333,69.14666666666666,-0.2771345190949859,-0.288012967185556,0.010878448090570147
2025-08-12 10:00:00,69.3,69.6,69.3,69.6,6000,416700.0,69.84,70.50833333333334,69.11375,-0.263542162602306,-0.283118806268906,0.019576643666600002
2025-08-12 10:05:00,69.7,69.7,69.7,69.7,3000,209100.0,69.775,70.49833333333332,69.08208333333333,-0.2419123429843637,-0.2748775136119976,0.03296517062763388
2025-08-12 10:08:00,69.3,69.6,69.3,69.6,6000,416700.0,69.705,70.48333333333333,69.04875,-0.23018627527248725,-0.2659392659440955,0.035752990671608254
2025-08-12 10:17:00,69.6,69.6,69.3,69.6,4400,305940.0,69.635,70.46666666666665,69.01583333333333,-0.21837597976860934,-0.25642660870899825,0.03805062894038891
2025-08-12 10:18:00,69.7,69.8,69.4,69.5,8000,557400.0,69.56,70.445,68.98375,-0.21461149206879782,-0.24806358538095816,0.03345209331216034
2025-08-12 10:19:00,69.5,69.5,69.5,69.5,1000,69500.0,69.575,70.42333333333333,68.9525,-0.20921639210946807,-0.24029414672666016,0.031077754617192088
2025-08-12 10:20:00,69.5,69.5,69.5,69.5,1000,69500.0,69.575,70.40166666666666,68.91791666666667,-0.2026052295531997,-0.2327563632919681,0.030151133738768404
2025-08-12 10:22:00,69.5,69.8,69.5,69.8,9000,627000.0,69.575,70.38833333333334,68.88583333333334,-0.17118502835322147,-0.2204420963042188,0.049257067950997324
2025-08-12 10:26:00,69.9,69.9,69.9,69.9,5000,349500.0,69.61,70.37333333333335,68.85208333333334,-0.13664002708995326,-0.20368168246136573,0.06704165537141246
2025-08-12 10:27:00,69.9,69.9,69.6,69.6,17000,1185300.0,69.61,70.35333333333332,68.81791666666666,-0.13194932778581858,-0.18933521152625632,0.05738588374043774
2025-08-12 10:28:00,69.6,69.6,69.6,69.6,1000,69600.0,69.625,70.33333333333333,68.78291666666665,-0.1267705824303107,-0.1768222857070672,0.05005170327675651
2025-08-12 10:29:00,69.9,69.9,69.9,69.9,2000,139800.0,69.64500000000001,70.31833333333333,68.74958333333333,-0.09733685792180324,-0.16092520015001444,0.06358834222821119
2025-08-12 10:40:00,69.5,69.7,69.4,69.4,11000,764600.0,69.625,70.29166666666667,68.71291666666666,-0.1130530354958097,-0.1513507672191735,0.038297731723363815
2025-08-12 10:41:00,69.3,69.6,69.3,69.3,8000,555300.0,69.615,70.26333333333332,68.67541666666666,-0.13205513433018723,-0.14749164064137626,0.015436506311189035
2025-08-12 10:42:00,69.6,69.6,69.6,69.6,1000,69600.0,69.615,70.24166666666666,68.63916666666667,-0.12150629285477521,-0.14229457108405605,0.020788278229280838
2025-08-12 10:58:00,69.5,69.5,69.5,69.5,4000,278000.0,69.59,70.21833333333333,68.60708333333334,-0.11983405189421603,-0.13780246724608805,0.01796841535187202
2025-08-12 11:14:00,69.6,69.6,69.3,69.3,11000,763800.0,69.57,70.19166666666666,68.57291666666667,-0.13311267733088528,-0.1368645092630475,0.0037518319321622196
2025-08-12 11:16:00,69.6,69.6,69.6,69.6,1000,69600.0,69.58500000000001,70.16833333333332,68.54333333333332,-0.1180675812789076,-0.13310512366621952,0.01503754238731192
2025-08-12 11:23:00,69.8,69.8,69.8,69.8,1000,69800.0,69.595,70.14833333333333,68.51416666666667,-0.0889801974059452,-0.12428013841416466,0.035299941008219454
2025-08-12 11:31:00,69.8,69.8,69.8,69.8,2000,139600.0,69.60499999999999,70.12833333333333,68.48499999999999,-0.06517691719317042,-0.11245949416996583,0.0472825769767954
2025-08-12 11:32:00,69.2,69.3,69.2,69.3,2000,138500.0,69.59,70.1,68.45375,-0.0856709065741228,-0.10710177665079723,0.021430870076674435
2025-08-12 11:34:00,69.2,69.2,69.1,69.1,10000,691500.0,69.56,70.06833333333333,68.42166666666667,-0.11670556028769852,-0.10902253337817751,-0.00768302690952101
2025-08-12 11:36:00,69.0,69.8,69.0,69.2,14000,972600.0,69.53999999999999,70.04,68.43625,-0.13171327404860733,-0.11356068151226348,-0.018152592536343853
2025-08-12 11:37:00,69.8,69.8,69.8,69.8,1000,69800.0,69.55,70.02,68.45208333333333,-0.09410720051030808,-0.10966998531187241,0.015562784801564339
2025-08-12 11:43:00,69.6,69.6,69.6,69.6,1000,69600.0,69.55499999999999,69.99499999999999,68.46791666666667,-0.07952572180639095,-0.10364113261077613,0.024115410804385187
2025-08-12 11:56:00,69.6,69.6,69.6,69.6,1000,69600.0,69.55999999999999,69.97333333333334,68.48291666666667,-0.06719521032262321,-0.09635194815314556,0.029156737830522347
2025-08-12 11:58:00,69.5,69.5,69.5,69.5,100,6950.0,69.55999999999999,69.94666666666667,68.4975,-0.06474600377184458,-0.09003075927688538,0.025284755505040793
2025-08-12 11:59:00,69.5,69.5,69.5,69.5,1000,69500.0,69.54499999999999,69.92000000000002,68.51208333333334,-0.062089263553744445,-0.0844424601322572,0.022353196578512757
2025-08-12 12:03:00,69.2,69.6,69.2,69.6,2000,138800.0,69.53,69.895,68.52624999999999,-0.05132299399764406,-0.07781856690533458,0.026495572907690515
2025-08-12 12:06:00,69.1,69.1,69.1,69.1,1000,69100.0,69.505,69.86,68.53833333333334,-0.082189044983636,-0.07869266252099487,-0.003496382462641126
2025-08-12 12:07:00,69.2,69.2,69.2,69.2,1000,69200.0,69.485,69.82666666666665,68.55083333333333,-0.09745801319220959,-0.08244573265523782,-0.015012280536971775
2025-08-12 12:10:00,69.1,69.5,69.1,69.5,2000,138600.0,69.465,69.79833333333333,68.56458333333333,-0.08437862346170277,-0.08283231081653082,-0.0015463126451719517
2025-08-12 12:17:00,69.2,69.2,69.2,69.2,1000,69200.0,69.455,69.76833333333333,68.57708333333333,-0.09710128252227435,-0.08568610515767953,-0.011415177364594811
2025-08-12 12:18:00,69.5,69.5,69.5,69.5,1000,69500.0,69.465,69.74333333333333,68.59166666666667,-0.08203098654384178,-0.084955081434912,0.0029240948910702197
2025-08-12 12:30:00,69.2,69.2,69.2,69.2,1000,69200.0,69.44500000000001,69.72499999999998,68.60416666666666,-0.09322057246907889,-0.08660817964174539,-0.006612392827333502
2025-08-12 12:31:00,69.1,69.1,69.1,69.1,1000,69100.0,69.425,69.70666666666666,68.61833333333334,-0.10890220733961087,-0.09106698518131849,-0.017835222158292377
2025-08-12 12:32:00,69.5,69.5,69.5,69.5,1000,69500.0,69.435,69.68833333333333,68.63291666666667,-0.08803850580127914,-0.09046128930531064,0.002422783504031495
2025-08-12 12:35:00,69.1,69.1,69.1,69.1,1000,69100.0,69.41,69.66833333333334,68.64666666666666,-0.10259784498575186,-0.09288860044139889,-0.009709244544352971
2025-08-12 12:36:00,69.5,69.5,69.1,69.1,2000,138600.0,69.375,69.64333333333333,68.65875000000001,-0.11283552844953704,-0.09687798604302653,-0.01595754240651051
2025-08-12 12:38:00,69.5,69.5,69.2,69.2,2000,138700.0,69.345,69.61666666666666,68.67125,-0.11159342257700189,-0.09982107334982161,-0.011772349227180276
2025-08-12 12:39:00,69.5,69.5,69.5,69.5,1000,69500.0,69.35499999999999,69.595,68.68499999999999,-0.08541691885834268,-0.09694024245152584,0.011523323593183157
2025-08-12 12:47:00,69.1,69.5,69.1,69.5,2000,138600.0,69.375,69.57,68.69958333333332,-0.06393484991797038,-0.09033916394481475,0.026404314026844372
2025-08-12 12:48:00,69.1,69.1,69.1,69.1,1000,69100.0,69.37,69.53833333333334,68.71333333333334,-0.07828439875480342,-0.08792821090681249,0.009643812152009074
2025-08-12 12:50:00,69.1,69.4,69.0,69.4,10000,692000.0,69.35,69.51166666666667,68.72708333333331,-0.06470316894029793,-0.08328320251350958,0.018580033573211654
2025-08-12 12:52:00,69.4,69.4,69.0,69.0,2000,138400.0,69.32000000000001,69.47833333333332,68.73916666666666,-0.08523407812903372,-0.08367337763661442,-0.001560700492419298
2025-08-12 12:53:00,69.5,69.5,69.5,69.5,1000,69500.0,69.31500000000001,69.48333333333333,68.75375,-0.06046217987943692,-0.07903113808517892,0.018568958205742003
2025-08-12 12:59:00,69.0,69.5,69.0,69.1,3000,207600.0,69.295,69.47666666666667,68.7675,-0.0722738017080502,-0.07767967080975319,0.005405869101702987
2025-08-12 13:00:00,69.5,69.5,69.5,69.5,1000,69500.0,69.295,69.47166666666666,68.78208333333333,-0.04879545639761318,-0.07190282792732519,0.023107371529712012
2025-08-12 13:04:00,69.0,69.0,69.0,69.0,1000,69000.0,69.265,69.46833333333333,68.79375,-0.06973070771965695,-0.07146840388579155,0.001737696166134603
2025-08-12 13:05:00,69.5,69.5,69.5,69.5,1000,69500.0,69.285,69.46666666666667,68.80749999999999,-0.04545227832559817,-0.06626517877375288,0.020812900448154703
2025-08-12 13:06:00,69.0,69.2,69.0,69.2,5000,345200.0,69.285,69.46499999999999,68.82125,-0.04984436608437193,-0.06298101623587668,0.013136650151504753
2025-08-12 13:07:00,69.3,69.6,69.1,69.6,8000,554800.0,69.28999999999999,69.46666666666667,68.83583333333333,-0.020808601609516586,-0.05454653331060466,0.033737931701088075
2025-08-12 13:08:00,69.0,69.0,69.0,69.0,1000,69000.0,69.28,69.45333333333333,68.8475,-0.0456858960909301,-0.05277440586666976,0.00708850977573966
2025-08-12 13:11:00,69.5,69.5,69.5,69.5,1000,69500.0,69.28,69.45333333333333,68.85791666666665,-0.02476997699697847,-0.0471735200927315,0.02240354309575303
2025-08-12 13:12:00,69.0,69.0,69.0,69.0,1000,69000.0,69.27,69.44333333333334,68.86541666666668,-0.047986621843634225,-0.04733614044291205,-0.0006504814007221721
2025-08-12 13:13:00,69.1,69.5,69.1,69.1,4000,276900.0,69.27,69.42833333333333,68.87416666666667,-0.057652236787944844,-0.04939935971191862,-0.008252877076026226
2025-08-12 13:15:00,69.5,69.5,69.5,69.5,1000,69500.0,69.27,69.425,68.89,-0.03265917457295586,-0.046051322684126074,0.013392148111170211
2025-08-12 13:17:00,69.1,69.1,69.1,69.1,1000,69100.0,69.27000000000001,69.42166666666665,68.90375,-0.044614363155815795,-0.045763930778464024,0.0011495676226482288
2025-08-12 13:18:00,69.5,69.5,69.0,69.0,2000,138500.0,69.265,69.41166666666666,68.9125,-0.061449746083624746,-0.048901093839496174,-0.012548652244128572
2025-08-12 13:19:00,69.5,69.5,69.5,69.5,1000,69500.0,69.28,69.41,68.925,-0.03405353902041952,-0.045931582875680846,0.011878043855261325
2025-08-12 13:20:00,69.0,69.0,69.0,69.0,1000,69000.0,69.255,69.4,68.9375,-0.05208723959458439,-0.04716271421946156,-0.004924525375122828
2025-08-12 13:22:00,69.5,69.6,69.1,69.6,5000,346800.0,69.25999999999999,69.39833333333334,68.95041666666665,-0.01775937264164895,-0.04128204590389904,0.02352267326225009
2025-08-12 13:23:00,69.1,69.6,69.1,69.6,6000,416000.0,69.285,69.39833333333333,68.96166666666666,0.009338065827364517,-0.031158023557646332,0.04049608938501085
2025-08-12 13:25:00,69.1,69.6,69.1,69.1,12000,831000.0,69.27000000000001,69.39,68.99749999999999,-0.00942420392857457,-0.026811259631831983,0.017387055703257413
2025-08-12 13:26:00,69.5,69.5,69.0,69.0,11000,760300.0,69.27000000000001,69.38166666666666,69.02666666666666,-0.03199379756722465,-0.027847767218910517,-0.0041460303483141295
2025-08-12 13:27:00,69.4,69.4,69.4,69.4,1000,69400.0,69.26500000000001,69.38000000000001,69.05333333333333,-0.017403094035486788,-0.025758832582225773,0.008355738546738985
2025-08-12 13:28:00,69.4,69.4,69.4,69.4,1000,69400.0,69.28,69.37833333333333,69.07583333333332,-0.005773305296543185,-0.021761727125089256,0.01598842182854607
2025-08-12 13:59:00,68.9,68.9,68.9,68.9,3000,206700.0,69.25,69.36333333333333,69.09958333333334,-0.03648189468573548,-0.024705760637218504,-0.01177613404851698
2025-08-12 14:00:00,69.1,69.1,69.1,69.1,3000,207300.0,69.255,69.35,69.125,-0.044171166774859216,-0.02859884186474665,-0.015572324910112567
2025-08-12 14:01:00,69.5,69.5,69.5,69.5,1000,69500.0,69.255,69.34833333333334,69.15333333333334,-0.017783318220466526,-0.02643573713589063,0.008652418915424103
2025-08-12 14:11:00,68.8,69.3,68.8,69.3,14000,964300.0,69.25999999999999,69.34333333333332,69.18583333333332,-0.012860834957393763,-0.023720756700191255,0.010859921742797492
2025-08-12 14:12:00,69.3,69.5,69.3,69.5,6000,416000.0,69.255,69.33666666666666,69.21708333333332,0.007096789649935431,-0.01755724743016592,0.02465403708010135
2025-08-12 14:24:00,69.5,69.5,69.5,69.5,2000,139000.0,69.28,69.33833333333334,69.24458333333332,0.022652230129764916,-0.009515351918179751,0.03216758204794467
2025-08-12 14:25:00,69.1,69.1,69.0,69.0,6000,414100.0,69.255,69.33333333333333,69.27,-0.005304643911742346,-0.00867321031689227,0.003368566405149924
2025-08-12 14:29:00,69.3,69.4,69.0,69.1,14000,969500.0,69.26,69.325,69.29458333333334,-0.019170517945269694,-0.010772671842567756,-0.008397846102701938
2025-08-12 14:31:00,69.5,69.5,69.5,69.5,1000,69500.0,69.28,69.325,69.31958333333334,0.0020932048825414995,-0.008199496497545904,0.010292701380087404
2025-08-12 14:43:00,69.0,69.0,69.0,69.0,1000,69000.0,69.25500000000001,69.32,69.34041666666667,-0.02115707728805205,-0.010791012655647135,-0.010366064632404916
2025-08-12 14:44:00,69.0,69.0,69.0,69.0,1000,69000.0,69.25,69.30999999999999,69.36416666666668,-0.039132004033817225,-0.016459210931281155,-0.02267279310253607
2025-08-12 14:46:00,69.4,69.4,69.4,69.4,1000,69400.0,69.27,69.30333333333333,69.38749999999999,-0.020860143176122392,-0.017339397380249404,-0.0035207457958729878
2025-08-12 14:47:00,69.3,69.3,69.3,69.3,2000,138600.0,69.26,69.295,69.41041666666666,-0.01428406822293482,-0.016728331548786488,0.002444263325851667
2025-08-12 14:48:00,69.2,69.2,69.2,69.2,2000,138400.0,69.27,69.29333333333332,69.43208333333332,-0.016946299319741343,-0.01677192510297746,-0.0001743742167638826
2025-08-12 14:49:00,69.2,69.2,68.9,68.9,8000,552100.0,69.235,69.28999999999999,69.45333333333333,-0.04277059662557292,-0.021971659407496555,-0.020798937218076366
2025-08-12 14:52:00,69.2,69.5,68.9,69.5,13000,898700.0,69.22999999999999,69.295,69.47208333333333,-0.0146526461201546,-0.020507856750028166,0.005855210629873566
2025-08-12 14:57:00,68.9,69.4,68.9,69.4,6000,413900.0,69.245,69.28833333333334,69.49041666666668,-0.00043313907323749845,-0.016492913214670033,0.016059774141432535
2025-08-12 15:00:00,68.8,69.5,68.8,69.4,17000,1173400.0,69.265,69.28500000000001,69.50791666666666,0.010712436408809367,-0.011051843289974153,0.02176427969878352
2025-08-15 09:01:00,67.0,67.2,67.0,67.2,1500,100600.0,69.155,69.24499999999999,69.51624999999999,-0.15617592965406857,-0.04007666056279305,-0.11609926909127552
2025-08-15 09:02:00,67.2,67.2,67.2,67.2,1000,67200.0,69.045,69.20666666666666,69.52125,-0.28514914033405603,-0.08909115651704566,-0.19605798381701037
2025-08-15 09:03:00,67.2,67.2,67.2,67.2,1000,67200.0,68.96000000000001,69.16833333333334,69.52624999999999,-0.3829469647661625,-0.14786231816686907,-0.23508464659929346
2025-08-15 09:09:00,66.6,67.2,66.5,67.2,6500,432900.0,68.86500000000001,69.12833333333333,69.52958333333332,-0.4552051239107726,-0.2093308793156498,-0.2458742445951228
2025-08-15 09:10:00,66.5,66.8,66.5,66.8,8000,532900.0,68.73,69.08999999999999,69.52833333333334,-0.5385389508883378,-0.2751724936301875,-0.26336645725815033
2025-08-15 09:15:00,67.3,67.5,67.0,67.5,5000,336400.0,68.64000000000001,69.06166666666667,69.53125,-0.5418513344076388,-0.32850826178567777,-0.213343072621961
2025-08-15 09:16:00,67.3,67.3,67.0,67.0,4000,268900.0,68.51500000000001,69.02,69.5325,-0.5781576025847954,-0.37843812994550136,-0.19971947263929407
2025-08-15 09:17:00,66.5,66.8,66.5,66.8,5000,333400.0,68.38000000000001,68.98,69.52749999999999,-0.6159684098166451,-0.42594418591973016,-0.19002422389691498
2025-08-15 09:21:00,67.2,67.2,67.2,67.2,1000,67200.0,68.29,68.94166666666666,69.52416666666666,-0.6066638467097647,-0.46208811807773714,-0.14457572863202756
2025-08-15 09:22:00,66.5,66.8,66.5,66.6,21000,1399300.0,68.16499999999999,68.89833333333333,69.51958333333333,-0.6403236465923072,-0.4977352237806512,-0.142588422811656
2025-08-15 09:24:00,66.3,66.5,66.3,66.5,14000,929200.0,68.015,68.855,69.51333333333334,-0.6673753570804308,-0.5316632504406072,-0.13571210663982358
2025-08-15 09:28:00,66.1,66.3,66.0,66.0,25000,1654200.0,67.865,68.79666666666667,69.50291666666666,-0.720850339860803,-0.5695006683246464,-0.15134967153615664
2025-08-15 09:33:00,66.4,66.4,66.4,66.4,1000,66400.0,67.735,68.75166666666668,69.49416666666667,-0.7226230432943055,-0.6001251433185782,-0.12249789997572724
2025-08-15 09:43:00,66.3,66.3,66.3,66.3,5000,331500.0,67.58000000000001,68.705,69.485,-0.723754101046552,-0.6248509348641731,-0.09890316618237893
2025-08-15 09:47:00,66.3,66.3,66.3,66.3,2000,132600.0,67.42999999999999,68.65666666666667,69.47375000000001,-0.7163923474217029,-0.643159217375679,-0.07323313004602383
2025-08-15 09:48:00,66.3,66.3,66.1,66.1,2000,132400.0,67.275,68.6,69.46249999999999,-0.7184149923319012,-0.6582103723669236,-0.06020461996497761
2025-08-15 10:05:00,66.3,66.4,66.1,66.4,5000,331400.0,67.15,68.54833333333333,69.45041666666665,-0.6878809962663155,-0.664144497146802,-0.023736499119513477
2025-08-15 10:16:00,66.3,66.4,66.1,66.4,5000,331400.0,66.995,68.50333333333333,69.44041666666666,-0.656119250103643,-0.6625394477381703,0.00642019763452728
2025-08-15 10:17:00,66.2,66.2,66.2,66.2,1000,66200.0,66.835,68.45,69.42958333333333,-0.6397119646473612,-0.6579739511200086,0.018261986472647318
2025-08-15 10:18:00,66.1,66.1,66.1,66.1,1000,66100.0,66.67,68.40166666666666,69.41625,-0.6275442969577085,-0.6518880202875486,0.024343723329840028
2025-08-15 10:20:00,66.0,66.0,66.0,66.0,3000,198000.0,66.61,68.34333333333332,69.40166666666667,-0.6188369299990626,-0.6452778022298514,0.026440872230788837
2025-08-15 10:21:00,66.4,66.4,66.4,66.4,1000,66400.0,66.57000000000001,68.29833333333333,69.38708333333332,-0.5730538142337593,-0.6308330046306331,0.057779190396873736
2025-08-15 10:22:00,65.8,66.4,65.8,66.4,16000,1054400.0,66.53,68.24666666666667,69.37249999999999,-0.5306533239420332,-0.6107970684929132,0.08014374455087991
2025-08-15 10:59:00,66.5,66.5,66.5,66.5,1000,66500.0,66.495,68.205,69.35791666666665,-0.4834090272867826,-0.585319460251687,0.10191043296490443
2025-08-15 11:29:00,66.1,66.5,66.1,66.5,3000,198800.0,66.47999999999999,68.155,69.34333333333332,-0.44088533016616793,-0.5564326342345832,0.11554730406841529
2025-08-15 11:39:00,66.1,66.2,66.1,66.2,2000,132300.0,66.41499999999999,68.105,69.3275,-0.4264763329330208,-0.5304413739742707,0.10396504104124993
2025-08-15 11:42:00,66.3,66.3,66.1,66.1,4000,265000.0,66.36999999999999,68.04666666666667,69.31166666666667,-0.41830431136364155,-0.5080139614521448,0.08970965008850329
2025-08-15 11:45:00,66.0,66.0,66.0,66.0,81000,5346000.0,66.33,67.99666666666666,69.29625,-0.4151119376399066,-0.4894335566896972,0.07432161904979057
2025-08-15 11:46:00,66.0,66.0,66.0,66.0,13000,858000.0,66.27,67.93833333333333,69.27958333333332,-0.40788016976358676,-0.4731228793044751,0.06524270954088834
2025-08-15 11:47:00,66.2,66.2,66.2,66.2,8000,529600.0,66.25,67.89166666666667,69.26291666666665,-0.3816116317435245,-0.45482062979228505,0.07320899804876052
2025-08-15 11:48:00,66.2,66.2,66.2,66.2,1000,66200.0,66.235,67.84333333333333,69.24833333333332,-0.35668201783329323,-0.4351929074004867,0.07851088956719349
2025-08-15 11:49:00,66.2,66.2,66.2,66.2,76000,5031200.0,66.245,67.78833333333333,69.23291666666667,-0.3330855167032496,-0.4147714292610393,0.08168591255778973
2025-08-15 11:54:00,66.5,66.6,66.0,66.1,11000,730400.0,66.22999999999999,67.73833333333333,69.21708333333332,-0.318779591126102,-0.3955730616340519,0.07679347050794993
2025-08-15 11:55:00,67.0,67.0,66.2,66.9,14000,930700.0,66.26,67.70333333333333,69.20541666666666,-0.24012076520524772,-0.3644826023482911,0.12436183714304339
2025-08-15 11:56:00,66.8,66.8,66.4,66.5,5000,332700.0,66.27000000000001,67.65333333333334,69.19125000000001,-0.20766589287175918,-0.33311926045298473,0.12545336758122555
2025-08-15 11:57:00,67.0,67.0,66.9,66.9,2000,133900.0,66.31,67.61833333333333,69.1775,-0.14796289155212605,-0.296087986672813,0.14812509512068694
2025-08-15 12:00:00,66.9,66.9,66.9,66.9,1000,66900.0,66.33500000000001,67.57333333333334,69.16375,-0.09950084901903722,-0.2567705591420578,0.1572697101230206
2025-08-15 12:01:00,66.6,66.6,66.6,66.6,1000,66600.0,66.345,67.52333333333334,69.15083333333332,-0.08432972339888067,-0.22228239199342237,0.1379526685945417
2025-08-15 12:09:00,66.3,66.3,66.3,66.3,140,9282.0,66.35,67.47666666666667,69.13541666666666,-0.09541411531016308,-0.19690873665677053,0.10149462134660744
2025-08-15 12:14:00,66.3,66.5,66.2,66.2,7000,464300.0,66.35499999999999,67.43,69.12249999999999,-0.11098833557899468,-0.17972465644121538,0.0687363208622207
2025-08-15 12:31:00,66.2,66.2,66.2,66.2,1000,66200.0,66.365,67.37666666666668,69.10875,-0.12192553566906383,-0.16816483228678508,0.04623929661772125
2025-08-15 12:33:00,66.1,66.3,66.1,66.3,11000,728100.0,66.36,67.325,69.0975,-0.12112789430752002,-0.1587574446909321,0.037629550383412064
2025-08-15 12:36:00,66.5,66.6,66.3,66.4,6000,398800.0,66.36,67.28333333333333,69.08874999999999,-0.11114537877573127,-0.14923503150789194,0.03808965273216067
2025-08-15 12:38:00,66.9,66.9,66.9,66.9,1000,66900.0,66.38000000000001,67.24666666666667,69.08583333333333,-0.06217166570921506,-0.13182235834815656,0.0696506926389415
2025-08-15 12:47:00,66.4,66.5,66.4,66.5,2000,132900.0,66.38000000000001,67.19666666666667,69.0775,-0.05500227039262029,-0.1164583407570493,0.061456070364429016
2025-08-15 13:02:00,66.3,66.5,66.3,66.5,4000,265400.0,66.39500000000001,67.15,69.06916666666666,-0.04875841627969635,-0.10291835586157873,0.05415993958188238
2025-08-15 13:29:00,66.4,66.4,66.4,66.4,1000,66400.0,66.41,67.09833333333333,69.05958333333334,-0.05128806429628696,-0.09259229754852039,0.041304233252233424
2025-08-15 13:30:00,66.4,66.7,66.4,66.7,2000,133100.0,66.44500000000001,67.05166666666666,69.05,-0.028753878961197188,-0.07982461383105575,0.05107073486985857
2025-08-15 13:32:00,66.8,66.8,66.8,66.8,1000,66800.0,66.485,67.015,69.04083333333332,-0.002794002941257645,-0.06441849165309613,0.06162448871183848
2025-08-15 13:33:00,66.5,66.5,66.5,66.5,1160,77140.0,66.5,66.97166666666666,69.03166666666667,-0.006354852179867976,-0.052805763758450495,0.04645091157858252
2025-08-15 13:48:00,66.3,66.3,66.3,66.3,1000,66300.0,66.505,66.91833333333334,69.02333333333333,-0.025026687313498996,-0.04724994846946019,0.022223261155961196
2025-08-15 13:56:00,66.5,66.5,66.5,66.5,3000,199500.0,66.52,66.87666666666667,69.01583333333333,-0.02341599760548263,-0.042483158296664686,0.019067160691182056
2025-08-15 14:07:00,66.5,66.5,66.5,66.5,1000,66500.0,66.53999999999999,66.835,69.00833333333334,-0.021887212249012578,-0.03836396908713427,0.016476756838121692
2025-08-15 14:09:00,66.8,66.8,66.8,66.8,1000,66800.0,66.535,66.79166666666667,69.00208333333332,0.0034916049077651223,-0.029992854288154392,0.03348445919591951
2025-08-15 14:17:00,66.8,66.8,66.8,66.8,1000,66800.0,66.55,66.75,68.99458333333334,0.023335503194033436,-0.019327182791716826,0.042662685985750265
2025-08-15 14:21:00,66.8,66.8,66.8,66.8,1000,66800.0,66.545,66.71,68.98708333333335,0.03861678529074197,-0.007738389175225064,0.046355174465967035
2025-08-15 14:28:00,66.5,66.5,66.5,66.5,1000,66500.0,66.525,66.67,68.97958333333332,0.02621759849711225,-0.0009471916407575994,0.02716479013786985
2025-08-15 14:44:00,66.8,66.8,66.8,66.8,1000,66800.0,66.535,66.625,68.97333333333333,0.040135983789895135,0.00726944344537295,0.03286654034452219
2025-08-15 14:46:00,66.3,66.5,66.3,66.5,4000,265400.0,66.54499999999999,66.57666666666667,68.96583333333334,0.026651687551577652,0.011145892266613892,0.01550579528496376
2025-08-15 14:48:00,66.1,66.3,66.1,66.3,5000,330900.0,66.55,66.525,68.95333333333333,-0.00017107089783507945,0.008882499633724098,-0.009053570531559177
2025-08-15 14:51:00,66.1,66.3,66.1,66.3,4000,264600.0,66.555,66.51,68.94083333333333,-0.02118410306304952,0.002869179094369373,-0.024053282157418893
2025-08-15 14:52:00,66.8,66.8,66.8,66.8,1000,66800.0,66.58000000000001,66.50333333333333,68.93041666666666,0.0024801492640449396,0.0027913731283044866,-0.00031122386425954697
2025-08-01 09:01:00,50.4,50.4,50.4,50.4,3000,151200.0,65.78,66.22333333333333,68.85583333333332,-1.2872698541749799,-0.25522087233235247,-1.0320489818426273
2025-08-01 09:10:00,50.4,50.4,50.4,50.4,2000,100800.0,64.955,65.94333333333333,68.77916666666667,-2.2830880066793497,-0.660794299201752,-1.6222937074775978
2025-08-01 09:12:00,50.2,50.2,50.2,50.2,3000,150600.0,64.14,65.66666666666667,68.70166666666667,-3.053223732924323,-1.1392801859462665,-1.9139435469780566
2025-08-01 09:14:00,50.1,50.4,50.1,50.4,2000,100500.0,63.334999999999994,65.38166666666667,68.6275,-3.605857436017402,-1.632595635960494,-1.973261800056908
2025-08-01 09:24:00,50.1,50.3,50.1,50.3,7000,351100.0,62.53000000000001,65.10333333333334,68.55291666666666,-4.005717375067341,-2.1072199837818637,-1.8984973912854777
2025-08-01 09:51:00,50.3,50.3,50.3,50.3,2000,100600.0,61.71,64.82833333333333,68.47708333333334,-4.2733487532395955,-2.5404457376734104,-1.732903015566185
2025-08-01 10:02:00,50.3,50.4,50.3,50.4,4000,201300.0,60.89,64.54833333333333,68.40166666666667,-4.426355117867551,-2.9176276137122388,-1.5087275041553125
2025-08-01 10:27:00,50.4,50.4,50.4,50.4,2000,100800.0,60.085,64.27833333333334,68.325,-4.49578910590521,-3.2332599121508334,-1.2625291937543768
2025-08-01 10:45:00,50.2,50.2,50.2,50.2,8000,401600.0,59.28000000000001,64.00666666666666,68.2475,-4.514909306152319,-3.489589790951131,-1.025319515201188
2025-08-01 10:47:00,50.4,50.4,50.4,50.4,8000,403200.0,58.475,63.74666666666666,68.1725,-4.462483146161858,-3.684168461993277,-0.7783146841685813
2025-08-01 10:49:00,50.2,50.2,50.2,50.2,5000,251000.0,57.660000000000004,63.476666666666674,68.09625,-4.38650842655494,-3.8246364549056104,-0.5618719716493294
2025-08-01 11:00:00,50.1,50.3,50.1,50.3,16000,802800.0,56.834999999999994,63.21,68.01916666666666,-4.269018165591632,-3.913512797042815,-0.35550536854881676
2025-08-01 11:01:00,50.4,50.4,50.4,50.4,10000,504000.0,56.015,62.945,67.94250000000001,-4.120340403690562,-3.954878318372365,-0.16546208531819762
2025-08-01 11:03:00,50.2,50.2,50.2,50.2,10000,502000.0,55.185,62.67999999999999,67.865,-3.972853947458205,-3.9584734441895337,-0.01438050326867124
2025-08-01 11:08:00,50.4,50.4,50.4,50.4,10000,504000.0,54.379999999999995,62.41333333333333,67.79,-3.7960727757951602,-3.92599331051066,0.1299205347154997
2025-08-01 11:11:00,50.2,50.2,50.2,50.2,10000,502000.0,53.55,62.14333333333334,67.71166666666666,-3.630263336164056,-3.8668473156413397,0.2365839794772837
2025-08-01 11:12:00,50.2,50.2,50.2,50.2,7000,351400.0,52.735,61.876666666666665,67.62791666666666,-3.4589851331919377,-3.78527487915146,0.3262897459595222
2025-08-01 11:16:00,50.4,50.4,50.4,50.4,12000,604800.0,51.94,61.615,67.545,-3.2694197589751326,-3.682103855116195,0.4126840961410623
2025-08-01 14:15:00,50.2,50.2,50.2,50.2,2000,100400.0,51.135000000000005,61.35166666666667,67.46125,-3.099595950013537,-3.5656022740956637,0.4660063240821266
2025-08-01 14:40:00,50.4,50.4,50.4,50.4,1000,50400.0,50.315000000000005,61.085,67.37833333333334,-2.915265661510702,-3.435534951578672,0.52026929006797
2025-08-19 09:01:00,66.4,66.6,65.8,66.0,27000,1789900.0,51.095,61.07833333333333,67.36166666666666,-1.4931804991622073,-3.047064061095379,1.553883561933172
2025-08-19 09:02:00,66.4,66.4,66.4,66.4,1000,66400.0,51.895,61.07666666666667,67.34666666666666,-0.33008607852835326,-2.503668464581974,2.1735823860536208
2025-08-19 09:03:00,66.4,66.4,66.4,66.4,1000,66400.0,52.705,61.075,67.33041666666666,0.5849318986466443,-1.8859483919362503,2.470880290582895
2025-08-19 09:06:00,65.8,66.0,65.8,66.0,16000,1054200.0,53.485,61.07166666666667,67.3125,1.263251602716558,-1.2561083930056887,2.5193599957222466
2025-08-19 09:07:00,65.6,66.0,65.6,65.8,12000,788600.0,54.260000000000005,61.06666666666667,67.295,1.764348218694792,-0.6520170706655923,2.4163652893603844
2025-08-19 09:10:00,65.1,66.4,65.1,66.0,16000,1048500.0,55.045,61.06666666666667,67.27625,2.1527931660430397,-0.09105502332386578,2.2438481893669056
2025-08-19 09:21:00,65.4,65.4,65.4,65.4,2000,130800.0,55.795,61.056666666666665,67.25500000000001,2.384733872187198,0.40410275577834714,1.9806311164088506
2025-08-19 09:22:00,65.8,65.9,65.6,65.7,8000,526400.0,56.56,61.048333333333325,67.235,2.563208968201131,0.8359239982629041,1.727284969938227
2025-08-19 09:23:00,66.0,66.0,65.6,65.8,17000,1119800.0,57.34000000000001,61.041666666666664,67.21666666666667,2.6818067332467876,1.205100545259681,1.4767061879871066
2025-08-19 09:24:00,66.0,66.0,65.6,65.6,8000,526800.0,58.1,61.031666666666666,67.19833333333334,2.7282088940860163,1.5097222150249483,1.218486679061068
2025-08-19 09:25:00,65.8,65.9,65.6,65.7,13000,855400.0,58.875,61.025,67.17916666666666,2.741450371734004,1.7560678463667596,0.9853825253672444
2025-08-19 09:26:00,66.4,66.4,66.4,66.4,1000,66400.0,59.67999999999999,61.016666666666666,67.16416666666666,2.776423604971214,1.960138998087651,0.816284606883563
2025-08-19 09:27:00,66.0,66.0,66.0,66.0,1000,66000.0,60.46,61.00833333333333,67.1475,2.7402752993311807,2.1161662583363574,0.6241090409948233
2025-08-19 09:28:00,65.8,65.8,65.8,65.8,1000,65800.0,61.24000000000001,60.99,67.12916666666666,2.664771352754734,2.225887277220033,0.438884075534701
2025-08-19 09:30:00,66.2,66.2,65.9,66.0,3000,198100.0,62.02,60.975,67.11125,2.591202490305882,2.298950319837203,0.29225217046867913
2025-08-19 09:32:00,66.2,66.2,66.2,66.2,1000,66200.0,62.81999999999999,60.968333333333334,67.09333333333333,2.5199881110048707,2.3431578780707367,0.17683023293413402
2025-08-19 09:37:00,66.2,66.2,65.9,66.0,6000,396100.0,63.61,60.96333333333333,67.07416666666667,2.419521140202029,2.3584305304969955,0.06109060970503366
2025-08-19 09:40:00,65.8,66.0,65.8,66.0,3000,197700.0,64.39,60.96,67.05416666666666,2.3132348110522116,2.3493913866080387,-0.036156575555827075
2025-08-19 09:42:00,65.8,66.0,65.8,66.0,3000,197700.0,65.17999999999999,60.95666666666666,67.03416666666666,2.2036003957803842,2.320233188442508,-0.11663279266212356
2025-08-19 09:44:00,65.8,66.0,65.8,66.0,3000,197700.0,65.96000000000001,60.95166666666667,67.01416666666667,2.0925922311568073,2.274704996985368,-0.18211276582856062
2025-08-19 09:48:00,65.4,65.8,65.3,65.5,19000,1243100.0,65.935,60.93666666666666,66.99291666666666,1.9418867776066335,2.208141353109621,-0.2662545755029875
2025-08-19 09:49:00,65.5,66.0,65.3,66.0,10000,655300.0,65.91499999999999,60.92166666666666,66.97291666666666,1.8415689803510205,2.134826878557901,-0.29325789820688053
2025-08-19 09:50:00,65.3,65.3,65.3,65.3,3000,195900.0,65.85999999999999,60.901666666666664,66.95,1.686145418622523,2.0450905865708253,-0.3589451679483022
2025-08-19 09:52:00,65.5,65.5,65.5,65.5,1000,65500.0,65.835,60.885,66.92791666666668,1.5611139053751515,1.9482952503316906,-0.3871813449565391
2025-08-19 09:53:00,65.2,65.2,65.2,65.2,999,65134.8,65.80499999999999,60.864999999999995,66.90458333333332,1.421432646786755,1.8429227296227035,-0.42149008283594847
2025-08-19 09:54:00,65.5,65.5,65.5,65.5,1000,65500.0,65.78,60.845,66.88166666666666,1.3197287245675113,1.7382839286116651,-0.4185552040441538
2025-08-19 09:57:00,66.0,66.0,66.0,66.0,100,6600.0,65.80999999999999,60.83166666666666,66.86083333333333,1.2648925607254569,1.6436056550344236,-0.3787130943089667
2025-08-19 10:06:00,66.0,66.0,66.0,66.0,1000,66000.0,65.825,60.82333333333333,66.84041666666666,1.2075150242597488,1.5563875288794888,-0.34887250461974006
2025-08-19 10:09:00,66.0,66.0,66.0,66.0,500,33000.0,65.835,60.818333333333335,66.82,1.1488002589460393,1.4748700748927992,-0.3260698159467599
2025-08-19 10:20:00,65.2,65.5,65.2,65.2,16000,1045600.0,65.815,60.79666666666667,66.79625,1.0258892575299257,1.3850739114202246,-0.35918465389029897
2025-08-19 10:21:00,65.2,65.4,65.2,65.2,9000,588200.0,65.78999999999999,60.775,66.77208333333334,0.9179004187277968,1.291639212881739,-0.3737387941539423
2025-08-19 10:22:00,66.0,66.0,66.0,66.0,100,6600.0,65.77000000000001,60.76166666666666,66.75125,0.8866510388260878,1.210641578070609,-0.32399053924452126
2025-08-19 10:41:00,66.0,66.0,66.0,66.0,2000,132000.0,65.77000000000001,60.748333333333335,66.73041666666667,0.8520636210817116,1.1389259866728296,-0.286862365591118
2025-08-19 10:53:00,65.1,65.3,65.0,65.0,24000,1562000.0,65.72999999999999,60.718333333333334,66.70541666666666,0.7354830103579815,1.05823739140986,-0.3227543810518785
2025-08-19 10:56:00,65.1,65.1,65.1,65.1,2000,130200.0,65.68499999999999,60.695,66.68083333333333,0.6437405602427191,0.9753380251764318,-0.33159746493371267
2025-08-19 10:58:00,65.3,66.0,65.3,66.0,6000,393900.0,65.675,60.68166666666666,66.66041666666666,0.6363213692949472,0.9075346940001349,-0.27121332470518766
2025-08-19 11:02:00,65.3,65.3,65.3,65.3,1000,65300.0,65.64000000000001,60.66166666666666,66.63666666666667,0.5674166314379221,0.8395110814876924,-0.2720944500497703
2025-08-19 11:03:00,65.3,65.3,65.1,65.1,8000,521800.0,65.595,60.641666666666666,66.61166666666666,0.491010735607631,0.7698110123116801,-0.27880027670404917
2025-08-19 11:05:00,65.1,65.1,65.1,65.1,7000,455700.0,65.55,60.62166666666666,66.5875,0.42555300257127726,0.7009594103635997,-0.2754064077923224
2025-08-19 11:06:00,65.9,65.9,65.9,65.9,2000,131800.0,65.545,60.60666666666667,66.56583333333334,0.43323651084682524,0.6474148304602448,-0.2141783196134196
2025-08-19 11:23:00,65.0,65.2,65.0,65.2,6000,390200.0,65.53,60.85333333333334,66.54125,0.3784787294576262,0.5936276102597211,-0.21514888080209493
2025-08-19 11:25:00,65.2,65.9,65.2,65.9,13000,851800.0,65.525,61.111666666666665,66.51958333333333,0.3871046417087314,0.5523230165495232,-0.16521837484079183
2025-08-19 11:26:00,65.3,65.4,65.2,65.2,3000,195900.0,65.52,61.36166666666667,66.49458333333334,0.33361093031903977,0.5085805993034265,-0.1749696689843867
2025-08-19 11:27:00,65.3,65.5,65.3,65.5,3000,196200.0,65.52000000000001,61.61333333333334,66.47083333333333,0.31182969284483875,0.4692304180117089,-0.15740072516687015
2025-08-19 11:28:00,65.8,65.8,65.3,65.5,4000,262000.0,65.535,61.86666666666667,66.44708333333332,0.2912110060163968,0.4336265356126465,-0.1424155295962497
2025-08-19 11:29:00,65.5,65.5,65.5,65.5,1000,65500.0,65.535,62.120000000000005,66.42416666666666,0.27173812025604605,0.4012488525413265,-0.12951073228528043
2025-08-19 11:30:00,66.0,66.0,66.0,66.0,1000,66000.0,65.535,62.38,66.40333333333334,0.2932708949992815,0.3796532610329175,-0.08638236603363603
2025-08-19 11:31:00,66.0,66.0,65.4,65.6,12000,790500.0,65.51500000000001,62.63333333333333,66.38375,0.2748903521912922,0.3587006792645925,-0.08381032707330027
2025-08-19 11:35:00,66.0,66.0,66.0,66.0,1000,66000.0,65.51500000000001,62.89666666666667,66.36625,0.2892658203366949,0.344813707479013,-0.05554788714231812
2025-08-19 11:40:00,66.0,66.0,65.4,65.6,8000,526500.0,65.535,63.15,66.34541666666668,0.265323343010877,0.32891563458538586,-0.06359229157450885
2025-08-19 11:43:00,66.1,66.1,65.0,65.2,12000,785900.0,65.535,63.4,66.32416666666667,0.211632532080273,0.3054590140843633,-0.09382648200409033
2025-08-19 11:49:00,65.2,65.2,65.2,65.2,1200,78240.0,65.495,63.64833333333333,66.30166666666666,0.16715531517361626,0.27779827430221393,-0.11064295912859767
2025-08-19 11:57:00,66.0,66.0,66.0,66.0,1000,66000.0,65.495,63.90833333333333,66.28166666666667,0.19422125275190183,0.2610828699921515,-0.0668616172402497
2025-08-19 12:04:00,66.0,66.0,66.0,66.0,500,33000.0,65.545,64.17166666666667,66.26166666666667,0.21321341179184117,0.25150897835208946,-0.038295566560248295
2025-08-19 12:13:00,66.0,66.0,66.0,66.0,5000,330000.0,65.59,64.43166666666667,66.24083333333334,0.2256635260049933,0.24633988788267022,-0.020676361877676935
2025-08-19 12:25:00,65.1,65.1,65.1,65.1,10000,651000.0,65.545,64.67999999999999,66.21625,0.1610513530836215,0.22928218092286048,-0.06823082783923898
2025-08-19 12:27:00,65.8,65.8,65.8,65.8,1000,65800.0,65.57,64.94,66.19458333333334,0.16443439306735286,0.21631262335175896,-0.05187823028440611
2025-08-19 12:29:00,65.8,65.8,65.8,65.8,1000,65800.0,65.60499999999999,65.19666666666666,66.17291666666667,0.16521102675183386,0.20609230403177395,-0.04088127727994009
2025-08-19 12:35:00,65.7,65.7,65.7,65.7,500,32850.0,65.635,65.455,66.15833333333333,0.15595954571543302,0.1960657523685058,-0.04010620665307277
2025-08-19 12:37:00,65.7,65.7,65.7,65.7,1000,65700.0,65.625,65.71,66.1425,0.14693391760184227,0.1862393854151731,-0.03930546781333083
2025-08-19 12:40:00,65.0,65.2,65.0,65.0,8000,520200.0,65.615,65.69333333333333,66.1225,0.08234764010427398,0.16546103635299328,-0.0831133962487193
2025-08-19 12:44:00,65.2,65.2,65.2,65.2,1000,65200.0,65.58000000000001,65.67333333333333,66.10583333333334,0.04676183704944492,0.14172119649228362,-0.0949593594428387
2025-08-19 12:51:00,65.6,65.6,65.6,65.6,1000,65600.0,65.6,65.66,66.08916666666667,0.050257155601357795,0.12342838831409846,-0.07317123271274066
2025-08-19 12:56:00,65.0,65.2,65.0,65.2,16000,1041200.0,65.58500000000001,65.64666666666666,66.07208333333334,0.02051409001552429,0.10284552865438362,-0.08233143863885933
2025-08-19 12:57:00,65.2,65.2,65.2,65.2,3000,195600.0,65.57000000000001,65.63666666666667,66.05416666666666,-0.003022660400915811,0.08167189084332374,-0.08469455124423955
2025-08-19 12:58:00,65.2,65.7,65.2,65.7,2000,130900.0,65.58,65.63166666666667,66.03708333333333,0.01845735178451946,0.0690289830315629,-0.05057163124704343
2025-08-19 13:00:00,65.2,66.0,65.2,65.2,4000,261600.0,65.53999999999999,65.62833333333333,66.01916666666666,-0.004809958916752066,0.0542611946418999,-0.059071153558651966
2025-08-19 13:01:00,65.2,65.2,65.2,65.2,7000,456400.0,65.52,65.62,66.00083333333333,-0.022984519051163943,0.038812051903287126,-0.06179657095445107
2025-08-19 13:04:00,65.2,65.2,65.2,65.2,1000,65200.0,65.48,65.61,65.98083333333334,-0.03696191495076562,0.023657258532476574,-0.060619173483242195
2025-08-19 13:05:00,65.2,65.4,65.2,65.4,3000,195800.0,65.47,65.60666666666667,65.96291666666667,-0.03153723179575252,0.012618360466830755,-0.044155592262583275
2025-08-19 13:09:00,65.2,65.2,65.2,65.2,2000,130400.0,65.47,65.59833333333333,65.94583333333334,-0.04288214121223177,0.0015182601310182466,-0.04440040134325002
2025-08-19 13:11:00,65.5,65.5,65.0,65.0,2000,130500.0,65.46,65.575,65.92666666666666,-0.06723633359024461,-0.01223265861323433,-0.05500367497701028
2025-08-19 13:12:00,65.0,65.2,65.0,65.2,5000,325600.0,65.41999999999999,65.56166666666667,65.90833333333333,-0.06959661156629693,-0.023705449203846853,-0.045891162362450076
2025-08-19 13:13:00,64.9,64.9,64.9,64.9,5000,324500.0,65.36500000000001,65.54666666666667,65.88875,-0.09458433235589325,-0.03788122583425614,-0.05670310652163711
2025-08-19 13:19:00,65.2,65.2,65.2,65.2,1000,65200.0,65.32500000000002,65.53333333333333,65.87,-0.08915209841777028,-0.04813540035095897,-0.041016698066811304
2025-08-19 13:21:00,65.3,65.3,65.3,65.3,1000,65300.0,65.33500000000001,65.51833333333335,65.85208333333334,-0.07590288837030812,-0.053688897954828806,-0.022213990415479314
2025-08-19 13:33:00,65.3,65.3,65.3,65.3,1000,65300.0,65.31,65.50666666666667,65.83416666666668,-0.06465746296709085,-0.05588261095728122,-0.008774852009809632
2025-08-19 13:38:00,65.0,65.0,65.0,65.0,1000,65000.0,65.27000000000001,65.49,65.81541666666666,-0.07904173123560554,-0.06051443501294609,-0.018527296222659452
2025-08-19 13:44:00,65.3,65.3,65.3,65.3,1000,65300.0,65.25,65.47833333333334,65.79791666666667,-0.06547907268544861,-0.0615073625474466,-0.003971710138002016
2025-08-19 13:49:00,65.5,65.5,65.5,65.5,1000,65500.0,65.24,65.47,65.78125,-0.03815244193890521,-0.05683637842573833,0.01868393648683312
2025-08-19 13:51:00,65.1,65.1,65.1,65.1,44000,2864400.0,65.245,65.46333333333334,65.76166666666667,-0.04821673475071009,-0.05511244969073269,0.006895714940022599
2025-08-19 13:52:00,65.1,65.1,65.1,65.1,26000,1692600.0,65.24,65.44833333333334,65.74166666666666,-0.05555238598788037,-0.05520043695016223,-0.00035194903771813835
2025-08-19 13:55:00,65.3,65.3,65.3,65.3,71000,4636300.0,65.225,65.44833333333334,65.72375000000001,-0.04471219951001615,-0.053102789462133024,0.008390589952116875
2025-08-19 13:56:00,65.5,65.5,65.5,65.5,1000,65500.0,65.24,65.44833333333334,65.70666666666666,-0.01975521922668122,-0.04643327541504266,0.026678056188361443
2025-08-19 13:58:00,65.5,65.5,65.5,65.5,1000,65500.0,65.255,65.45333333333333,65.68833333333333,2.3101157438532027e-05,-0.03714200010054643,0.03716510125798496
2025-08-19 14:28:00,65.5,65.5,65.5,65.5,1000,65500.0,65.245,65.45333333333333,65.67208333333333,0.01551867295516729,-0.02660986548940368,0.04212853844457097
2025-08-19 14:41:00,65.6,65.6,65.6,65.6,1000,65600.0,65.26500000000001,65.44666666666667,65.65666666666667,0.03545943521314143,-0.014196005348894656,0.049655440562036086
2025-08-19 14:45:00,65.6,65.6,65.6,65.6,1000,65600.0,65.285,65.44,65.64,0.05067844341853345,-0.0012211155954090316,0.05189955901394248
2025-08-19 14:57:00,65.6,65.6,65.4,65.4,4000,262200.0,65.295,65.43,65.62291666666667,0.04607021972283576,0.00823715146823993,0.03783306825459583
2025-08-19 14:58:00,65.7,65.7,65.7,65.7,3000,197100.0,65.30999999999999,65.43833333333333,65.60791666666667,0.06586639523507642,0.019763000221607235,0.04610339501346919
2025-08-21 09:04:00,66.5,66.8,66.5,66.8,6000,399900.0,65.39000000000001,65.465,65.59625,0.1683748929129223,0.04948537875987026,0.11888951415305203
2025-08-21 09:05:00,67.0,67.0,67.0,67.0,3000,201000.0,65.49000000000001,65.48166666666667,65.58458333333334,0.2627234321999623,0.0921329894478887,0.1705904427520736
2025-08-21 09:07:00,66.5,66.8,66.5,66.8,5000,333100.0,65.57000000000001,65.495,65.57208333333332,0.31769481275591716,0.13724535410949443,0.18044945864642273
2025-08-21 09:14:00,67.2,67.2,67.2,67.2,1000,67200.0,65.68499999999999,65.53166666666667,65.56333333333333,0.3890519364079523,0.18760667056918603,0.2014452658387663
2025-08-21 09:15:00,67.2,67.2,67.0,67.0,4200,281800.0,65.775,65.56333333333333,65.55458333333334,0.42457045851244857,0.23499942815783856,0.18957103035461
2025-08-21 09:16:00,67.0,67.0,67.0,67.0,3000,201000.0,65.85999999999999,65.58,65.54541666666667,0.4475599506625514,0.27751153265878115,0.17004841800377024
2025-08-21 09:22:00,67.3,67.3,67.0,67.0,8000,537500.0,65.94500000000001,65.60833333333333,65.53375,0.4604712627384231,0.31410347867470956,0.14636778406371354
2025-08-21 09:26:00,67.0,67.0,67.0,67.0,3000,201000.0,66.045,65.64,65.52291666666666,0.4653394273250626,0.3443506684047802,0.12098875892028244
2025-08-21 09:32:00,67.3,67.3,67.0,67.3,4000,268600.0,66.14500000000001,65.67666666666668,65.51333333333334,0.48778212690348255,0.3730369601045207,0.11474516679896185
2025-08-21 09:36:00,67.4,67.4,67.4,67.4,1000,67400.0,66.24,65.70166666666667,65.50458333333333,0.5077838758392517,0.3999863432514669,0.10779753258778474
2025-08-21 09:38:00,67.4,67.4,67.4,67.4,1000,67400.0,66.35499999999999,65.73833333333333,65.49583333333334,0.5176680509217988,0.42352268478553334,0.09414536613626545
2025-08-21 09:42:00,67.4,67.4,67.1,67.1,2000,134500.0,66.455,65.75833333333334,65.48541666666667,0.4955810877993372,0.43793436538829417,0.05764672241104302
2025-08-21 09:50:00,67.4,67.4,67.4,67.4,1000,67400.0,66.56,65.795,65.47833333333334,0.4965604632697733,0.44965958496459,0.0469008783051833
2025-08-21 10:06:00,67.4,67.4,67.1,67.1,6000,403500.0,66.64,65.82166666666666,65.46958333333333,0.46773734760392927,0.45327513749245796,0.014462210111471308
2025-08-21 10:09:00,66.8,66.8,66.8,66.8,3000,200400.0,66.705,65.84333333333333,65.45833333333333,0.4158931704001674,0.4457987440739999,-0.02990557367383251
2025-08-21 10:10:00,66.7,67.0,66.7,66.7,25000,1671500.0,66.765,65.86333333333333,65.44791666666667,0.3625577817601737,0.4291505516112347,-0.066592769851061
2025-08-21 10:11:00,67.1,67.1,67.1,67.1,1000,67100.0,66.84,65.88166666666667,65.43791666666667,0.34854791565466314,0.4130300244199205,-0.06448210876525734
2025-08-21 10:21:00,66.7,66.7,66.7,66.7,2000,133400.0,66.89500000000001,65.9,65.4275,0.30169063690355813,0.39076214691664807,-0.08907151001308994
2025-08-21 10:22:00,67.0,67.0,67.0,67.0,1000,67000.0,66.975,65.91666666666667,65.41875,0.2854726477179099,0.36970424707690047,-0.08423159935899055
2025-08-21 10:23:00,67.1,67.1,67.1,67.1,7,469.7,67.045,65.94166666666666,65.40875,0.2774902043648382,0.35126143853448805,-0.07377123416964987
2025-08-21 10:29:00,67.1,67.1,66.8,67.1,5000,334600.0,67.05999999999999,65.97333333333333,65.40041666666666,0.2680738717735238,0.3346239251822952,-0.0665500534087714
2025-08-21 11:05:00,67.1,67.1,67.1,67.1,1000,67100.0,67.065,66.00500000000001,65.39208333333333,0.2576414303213568,0.3192274262101076,-0.0615859958887508
2025-08-21 11:29:00,67.1,67.1,66.8,66.8,9000,602700.0,67.065,66.01833333333333,65.38208333333334,0.22260015647341902,0.2999019722627699,-0.07730181578935086
2025-08-21 11:47:00,67.3,67.3,67.3,67.3,1000,67300.0,67.07,66.04,65.37291666666667,0.23249545295752228,0.28642066840172037,-0.053925215444198094
2025-08-21 12:06:00,67.3,67.5,67.0,67.5,20103,1351601.0,67.095,66.065,65.36458333333333,0.25355307324612397,0.2798471493706011,-0.02629407612447715
2025-08-21 12:08:00,67.5,67.5,67.5,67.5,1000,67500.0,67.12,66.105,65.35791666666667,0.26716171508766706,0.2773100625140143,-0.010148347426347237
2025-08-21 12:11:00,67.5,67.5,67.5,67.5,1000,67500.0,67.14500000000001,66.13333333333334,65.35,0.274779178466801,0.27680388570457165,-0.002024707237770651
2025-08-21 12:12:00,67.5,67.5,67.5,67.5,1000,67500.0,67.17,66.16166666666668,65.34375,0.27761588990665587,0.2769662865449885,0.0006496033616673613
2025-08-21 12:18:00,67.0,67.6,67.0,67.6,10000,672800.0,67.18499999999999,66.19333333333333,65.33583333333334,0.28465187875660547,0.2785034049873119,0.006148473769293561
2025-08-21 12:25:00,67.6,67.7,67.3,67.7,14000,945500.0,67.2,66.22666666666666,65.33,0.29489771755635275,0.28178226750112007,0.01311545005523268
2025-08-21 12:26:00,67.4,67.4,67.4,67.4,1000,67400.0,67.2,66.26666666666667,65.32125,0.275632802455803,0.28055237449205667,-0.00491957203625365
2025-08-21 12:27:00,67.5,67.5,67.5,67.5,3000,202500.0,67.22,66.30499999999999,65.315,0.2653753014231057,0.27751695987826647,-0.012141658455160742
2025-08-21 12:32:00,67.8,67.8,67.8,67.8,3000,203400.0,67.24,66.34166666666667,65.30791666666667,0.2782462017373888,0.27766280825009093,0.0005833934872978563
2025-08-21 12:37:00,68.0,68.0,68.0,68.0,1000,68000.0,67.285,66.38833333333334,65.30291666666668,0.30111375951369723,0.2823529985028122,0.01876076101088503
2025-08-21 12:38:00,68.0,68.0,67.8,67.8,5000,339400.0,67.33500000000001,66.43166666666666,65.29541666666667,0.299644025469334,0.2858112038961166,0.013832821573217413
2025-08-21 12:46:00,68.3,68.3,68.0,68.0,5200,354500.0,67.4,66.47,65.29125,0.3110321936628395,0.2908554018494612,0.020176791813378336
2025-08-21 12:48:00,67.7,67.7,67.7,67.7,22,1489.4,67.42999999999999,66.51166666666667,65.28375,0.292478397305473,0.29118000094066354,0.0012983963648094399
2025-08-21 12:50:00,68.3,68.6,68.0,68.3,11000,751600.0,67.51,66.56333333333333,65.28083333333333,0.32247210788240466,0.2974384223290118,0.02503368555339286
2025-08-21 12:51:00,69.2,69.3,68.9,69.0,10000,691200.0,67.60999999999999,66.62666666666667,65.28041666666667,0.3981370138001523,0.3175781406232399,0.0805588731769124
2025-08-21 12:52:00,69.8,69.8,69.8,69.8,1000,69800.0,67.74499999999999,66.7,65.28166666666667,0.5166991251168866,0.3574023375219693,0.15929678759491733
2025-08-21 12:59:00,69.9,70.0,69.9,70.0,4000,279700.0,67.89,66.78,65.28541666666666,0.6196557750075868,0.4098530250190928,0.20980274998849402
2025-08-21 13:00:00,70.0,70.2,69.8,70.2,10000,700600.0,68.04499999999999,66.86666666666666,65.29041666666666,0.7092126286255649,0.4697249457403873,0.23948768288517758
2025-08-21 13:01:00,70.3,70.3,70.0,70.0,18506,1296920.0,68.205,66.94666666666666,65.29249999999999,0.7553416435271032,0.5268482852977305,0.22849335822937267
2025-08-21 13:02:00,70.0,70.0,70.0,70.0,2000,140000.0,68.34,67.03166666666667,65.29666666666667,0.7828747276405466,0.5780535737662937,0.20482115387425281
2025-08-21 13:03:00,69.7,69.7,69.7,69.7,5000,348500.0,68.45,67.10666666666667,65.29708333333333,0.7715929590383581,0.6167614508207067,0.15483150821765146
2025-08-21 13:04:00,70.3,70.3,70.3,70.3,1000,70300.0,68.59,67.19,65.3,0.8018241322527473,0.6537739871071149,0.14805014514563242
2025-08-21 13:12:00,70.0,70.0,70.0,70.0,3000,210000.0,68.715,67.26833333333333,65.30375,0.792440303491901,0.6815072503840721,0.11093305310782886
2025-08-21 13:17:00,69.8,69.8,69.8,69.8,1000,69800.0,68.83,67.34833333333333,65.30708333333334,0.7601032262178222,0.6972264455508222,0.06287678066699998
2025-08-21 13:18:00,70.3,70.3,70.3,70.3,1000,70300.0,68.965,67.43166666666667,65.31083333333333,0.765991804123118,0.7109795172652814,0.055012286857836545
2025-08-21 13:20:00,70.3,70.3,70.3,70.3,500,35150.0,69.095,67.51166666666667,65.31458333333333,0.7618761109819872,0.7211588360086226,0.040717274973364526
2025-08-21 13:21:00,69.8,69.8,69.8,69.8,2480,173104.0,69.215,67.59,65.31833333333333,0.7100831763445541,0.718943704075809,-0.008860527731254897
2025-08-21 13:23:00,69.8,69.8,69.8,69.8,2000,139600.0,69.33,67.66833333333334,65.32124999999999,0.6614125503312351,0.7074374733268943,-0.04602492299565919
2025-08-21 13:24:00,69.8,70.0,69.8,70.0,11000,769600.0,69.44,67.74666666666666,65.32333333333332,0.6316972444765838,0.6922894275568323,-0.060592183080248496
2025-08-21 13:34:00,70.0,70.0,70.0,70.0,1000,70000.0,69.53999999999999,67.82166666666666,65.32625,0.6012171929439916,0.6740749806342642,-0.07285778769027262
2025-08-21 13:37:00,69.7,69.7,69.7,69.7,3000,209100.0,69.635,67.89166666666667,65.32708333333333,0.546553708775221,0.6485707262624556,-0.10201701748723457
2025-08-21 13:40:00,70.0,70.0,70.0,70.0,1000,70000.0,69.735,67.96666666666667,65.32916666666667,0.5214292843264587,0.6231424378752562,-0.10171315354879751
2025-08-21 14:03:00,70.0,70.0,69.7,69.7,11000,768200.0,69.83500000000001,68.035,65.33208333333333,0.47187106819907854,0.5928881639400208,-0.12101709574094222
2025-08-21 14:04:00,70.0,70.0,69.7,69.7,6000,419700.0,69.905,68.10333333333334,65.33458333333333,0.4276659579203681,0.5598437227360903,-0.1321777648157222
2025-08-21 14:06:00,70.0,70.0,70.0,70.0,1000,70000.0,69.95500000000001,68.18,65.33666666666666,0.4120902623126028,0.5302930306513928,-0.11820276833878995
2025-08-21 14:10:00,70.1,70.1,69.8,69.8,8000,560200.0,69.95500000000001,68.24833333333333,65.34,0.37923648071321736,0.5000817206637577,-0.1208452399505403
2025-08-21 14:14:00,69.8,69.8,69.8,69.8,500,34900.0,69.94500000000001,68.29833333333333,65.34333333333333,0.34917455517850726,0.4699002875667076,-0.12072573238820034
2025-08-21 14:16:00,69.9,69.9,69.9,69.9,44000,3075600.0,69.93,68.34666666666666,65.34541666666667,0.3296197752845984,0.4418441851102858,-0.11222440982568738
2025-08-21 14:17:00,69.9,69.9,69.9,69.9,15000,1048500.0,69.925,68.39833333333333,65.34791666666666,0.31054272807102734,0.41558389370243415,-0.10504116563140681
2025-08-21 14:19:00,69.9,69.9,69.9,69.9,1000,69900.0,69.92,68.44333333333334,65.35083333333334,0.2920573750909199,0.39087858998013136,-0.09882121488921147
2025-08-21 14:20:00,69.9,69.9,69.9,69.9,1000,69900.0,69.92999999999999,68.49166666666666,65.355,0.27424625950717996,0.36755212388554115,-0.09330586437836119
2025-08-21 14:25:00,70.2,70.2,70.2,70.2,60000,4212000.0,69.925,68.545,65.35791666666667,0.2810979922035983,0.35026129754915264,-0.06916330534555432
2025-08-21 14:27:00,70.0,70.0,70.0,70.0,5000,350000.0,69.925,68.595,65.36041666666667,0.26730834696913064,0.33367070743314825,-0.06636236046401761
2025-08-21 14:28:00,70.3,70.5,70.0,70.5,11000,771700.0,69.96000000000001,68.65333333333334,65.365,0.2933442847829326,0.3256054229031051,-0.032261138120172506
2025-08-21 14:29:00,70.0,70.3,70.0,70.2,5000,350500.0,69.955,68.70166666666665,65.3775,0.28646823281616207,0.3177779848857165,-0.03130975206955444
2025-08-21 14:31:00,70.3,70.3,70.0,70.0,5000,350900.0,69.94,68.74499999999999,65.38916666666667,0.26186200141408733,0.3065947881913907,-0.04473278677730336
2025-08-21 14:33:00,70.5,70.5,70.5,70.5,1000,70500.0,69.975,68.79666666666667,65.40291666666667,0.2794854725216993,0.3011729250574524,-0.021687452535753104
2025-08-21 14:40:00,70.3,70.3,70.3,70.3,500,35150.0,70.0,68.85,65.41583333333332,0.2741535997710116,0.2957690600001643,-0.021615460229152672
2025-08-21 14:45:00,70.3,70.3,70.3,70.3,1000,70300.0,70.015,68.89833333333333,65.43041666666667,0.2668519490430299,0.28998563780873743,-0.02313368876570754
2025-08-21 14:58:00,70.3,70.3,70.0,70.3,5400,378720.0,70.03,68.95166666666667,65.44208333333333,0.2580902346659002,0.28360655718016997,-0.025516322514269774
2025-08-25 09:01:00,71.0,72.0,71.0,71.8,2011,142784.59999999998,70.135,69.03500000000001,65.46208333333334,0.3679425640323757,0.30047375855061115,0.06746880548176454
2025-08-25 09:02:00,71.8,71.8,71.8,71.8,1000,71800.0,70.225,69.11999999999999,65.48291666666667,0.44981612619660893,0.3303422320798107,0.11947389411679821
2025-08-25 09:03:00,71.8,72.1,71.5,72.1,2002,143444.2,70.345,69.20333333333333,65.50333333333334,0.5327675936905791,0.37082730440196443,0.1619402892886147
2025-08-25 09:24:00,70.7,71.0,70.7,71.0,3048,215793.6,70.41,69.275,65.52166666666668,0.5039373463574748,0.39744931279306656,0.10648803356440822
2025-08-25 09:26:00,70.6,70.6,70.6,70.6,1000,70600.0,70.44,69.33500000000001,65.53875000000001,0.4436978380895624,0.40669901785236573,0.036998820237196695
2025-08-25 09:28:00,70.6,70.6,70.6,70.6,1300,91780.0,70.47999999999999,69.39333333333335,65.55791666666667,0.39144525653391327,0.4036482655886753,-0.012203009054762015
2025-08-25 09:31:00,71.3,71.3,71.3,71.3,1000,71300.0,70.55499999999999,69.46333333333332,65.57833333333333,0.4018861654970465,0.4032958455703496,-0.00140968007330311
2025-08-25 09:41:00,70.9,70.9,70.9,70.9,2000,141800.0,70.60499999999999,69.52666666666667,65.5975,0.37357763359641183,0.3973522031755621,-0.02377456957915025
2025-08-25 09:48:00,70.3,70.3,70.3,70.3,900,63270.0,70.625,69.58500000000001,65.61416666666666,0.29927804155349236,0.37773737085114817,-0.07845932929765581
2025-08-25 09:51:00,70.9,70.9,70.6,70.6,2000,141500.0,70.66,69.64,65.63291666666666,0.26158715842524316,0.3545073283659672,-0.09292016994072405
2025-08-25 09:53:00,71.0,71.0,70.7,70.7,6000,425100.0,70.7,69.69333333333333,65.65083333333334,0.2370534219751903,0.33101654708781186,-0.09396312511262156
2025-08-25 09:59:00,71.0,71.0,71.0,71.0,1000,71000.0,70.74,69.75166666666665,65.67,0.2390619940217107,0.31262563647459163,-0.07356364245288094
2025-08-25 10:10:00,71.0,71.0,70.7,70.7,5000,354100.0,70.775,69.805,65.68875,0.2139796844396784,0.292896446067609,-0.0789167616279306
2025-08-25 10:11:00,70.3,70.3,70.3,70.3,160,11248.0,70.765,69.85166666666666,65.70625,0.15998095545729996,0.26631334794554723,-0.10633239248824727
2025-08-25 10:12:00,71.1,71.1,71.1,71.1,1000,71100.0,70.81,69.91000000000001,65.7275,0.1796687779872599,0.24898443395388975,-0.06931565596662986
2025-08-25 10:16:00,70.7,71.0,70.7,71.0,4000,283100.0,70.86,69.96499999999999,65.74666666666667,0.18506899475019623,0.23620134611315108,-0.05113235136295485
2025-08-25 10:17:00,71.0,71.0,70.7,70.7,4000,283400.0,70.87,70.02,65.76458333333333,0.16325926150462067,0.22161292919144504,-0.05835366768682437
2025-08-25 10:18:00,71.0,71.0,71.0,71.0,1000,71000.0,70.905,70.07833333333333,65.78333333333333,0.16824298318967124,0.2109389399910903,-0.04269595680141908
2025-08-25 10:34:00,71.1,71.1,71.1,71.1,1000,71100.0,70.94500000000001,70.13333333333334,65.8025,0.1782075174649691,0.2043926554858661,-0.026185138020897003
2025-08-25 10:44:00,71.1,71.1,71.1,71.1,1000,71100.0,70.98499999999999,70.18499999999999,65.82291666666667,0.18398363386339156,0.20031085116137123,-0.016327217297979674
2025-08-25 11:52:00,71.1,71.1,70.8,70.8,4000,283500.0,70.93499999999999,70.23499999999999,65.8425,0.16248077766428537,0.1927448364619541,-0.03026405879766872
2025-08-25 11:59:00,70.8,70.8,70.8,70.8,1000,70800.0,70.885,70.28166666666667,65.8625,0.1437821777628301,0.1829523047221293,-0.03917012695929922
2025-08-25 12:06:00,70.7,70.7,70.7,70.7,3000,212100.0,70.815,70.33166666666666,65.88208333333333,0.11951652624159692,0.17026514902602286,-0.050748622784425934
2025-08-25 12:14:00,70.4,70.7,70.4,70.7,5000,352600.0,70.8,70.37166666666666,65.90083333333334,0.09914296420939195,0.15604071206269668,-0.05689774785330473
2025-08-25 12:36:00,70.8,70.8,70.8,70.8,1000,70800.0,70.80999999999999,70.40166666666666,65.92,0.09002814536125925,0.1428381987224092,-0.05281005336114994
2025-08-25 12:50:00,70.5,70.5,70.5,70.5,2000,141000.0,70.80499999999999,70.41333333333334,65.93791666666667,0.05792931982085747,0.12585642294209884,-0.06792710312124137
2025-08-25 13:00:00,70.3,70.3,70.3,70.3,1000,70300.0,70.75500000000001,70.41833333333334,65.95541666666666,0.016166088188668937,0.10391835599141284,-0.08775226780274391
2025-08-25 13:02:00,71.0,71.0,71.0,71.0,1000,71000.0,70.76,70.43166666666666,65.97250000000001,0.03910183448040527,0.09095505168921134,-0.05185321720880606
2025-08-25 13:04:00,71.0,71.0,71.0,71.0,1000,71000.0,70.795,70.44833333333332,65.99125000000001,0.0566258313245811,0.0840892076162853,-0.0274633762917042
2025-08-25 13:13:00,70.6,70.6,70.6,70.6,1000,70600.0,70.795,70.45833333333333,66.00666666666666,0.037801317953778835,0.07483162968378401,-0.03703031173000518
2025-08-25 13:14:00,70.3,70.3,70.3,70.3,5000,351500.0,70.775,70.46833333333332,66.02083333333333,-0.0013096405897670138,0.05960337562907381,-0.06091301621884082
2025-08-25 13:15:00,70.3,70.3,70.3,70.3,61000,4288300.0,70.74,70.46833333333332,66.03625,-0.031937204798069274,0.04129525954364519,-0.07323246434171446
2025-08-25 13:18:00,70.7,70.7,70.4,70.7,11000,776800.0,70.74,70.47999999999999,66.05458333333334,-0.023660371003472846,0.028304133434221584,-0.05196450443769443
2025-08-25 13:20:00,70.7,70.8,70.6,70.8,69000,4871900.0,70.765,70.49666666666667,66.07374999999999,-0.00892883032675229,0.020857540682026807,-0.029786371008779098
2025-08-25 13:21:00,70.8,70.8,70.5,70.5,5000,353100.0,70.73499999999999,70.5,66.09166666666667,-0.02121689583272257,0.012442653379076931,-0.033659549211799505
2025-08-25 13:26:00,70.5,70.5,70.5,70.5,3000,211500.0,70.71,70.50333333333333,66.10916666666667,-0.03060250959572386,0.003833620784116771,-0.034436130379840627
2025-08-25 13:30:00,70.4,70.4,70.4,70.4,2000,140800.0,70.69500000000001,70.51333333333334,66.12583333333333,-0.04558437212118349,-0.006049977796943285,-0.039534394324240205
2025-08-25 13:32:00,70.8,70.8,70.5,70.5,6000,423900.0,70.67,70.525,66.14083333333333,-0.04882561059986301,-0.014605104357527234,-0.034220506242335774
2025-08-25 13:35:00,70.8,70.8,70.5,70.5,5000,353400.0,70.64,70.53333333333333,66.1575,-0.05080862524155805,-0.0218458085343334,-0.028962816707224646
2025-08-25 13:39:00,70.5,70.8,70.5,70.8,5000,353100.0,70.625,70.54666666666665,66.17541666666666,-0.027851629587729576,-0.02304697274501264,-0.004804656842716935
2025-08-25 13:56:00,70.8,70.8,70.8,70.8,100,7080.0,70.625,70.565,66.19375,-0.00954798194341322,-0.02034717458469276,0.010799192641279539
2025-08-25 14:05:00,70.8,70.8,70.5,70.5,5000,353100.0,70.60999999999999,70.57333333333332,66.20958333333333,-0.019030332285396412,-0.02008380612483349,0.001053473839437078
2025-08-25 14:07:00,70.8,70.8,70.5,70.5,3000,212100.0,70.6,70.58666666666666,66.225,-0.026242654265175247,-0.021315575752901845,-0.004927078512273402
2025-08-25 14:08:00,70.9,70.9,70.9,70.9,1000,70900.0,70.61,70.60666666666667,66.24333333333333,0.00031455961692472556,-0.016989548678936532,0.017304108295861258
2025-08-25 14:09:00,70.5,70.5,70.5,70.5,2000,141000.0,70.595,70.61500000000001,66.26083333333332,-0.010790923063666469,-0.01574982355588252,0.004958900492216051
2025-08-25 14:12:00,70.5,70.5,70.5,70.5,2000,141000.0,70.595,70.62666666666668,66.27749999999999,-0.019368826325518285,-0.016473624109809674,-0.00289520221570861
2025-08-25 14:19:00,70.5,70.8,70.5,70.8,5000,353100.0,70.61999999999999,70.64333333333333,66.29541666666667,-0.0019370545070103162,-0.013566310189249801,0.011629255682239485
2025-08-25 14:21:00,70.8,70.8,70.8,70.8,2000,141600.0,70.60999999999999,70.65833333333333,66.31208333333333,0.011742391271084784,-0.008504569897182884,0.020246961168267668
2025-08-25 14:22:00,70.8,70.8,70.5,70.5,3000,211800.0,70.585,70.66833333333332,66.3275,-0.0016055345867727056,-0.007124762835100848,0.005519228248328142
2025-08-25 14:23:00,70.9,70.9,70.6,70.6,17000,1203200.0,70.58500000000001,70.68,66.34333333333333,-0.004067806588366807,-0.00651337158575404,0.0024455649973872335
2025-08-25 14:31:00,71.0,71.0,70.6,70.6,12500,884450.0,70.6,70.69166666666666,66.36041666666667,-0.005950580303718311,-0.006400813329346894,0.000450233025628583
2025-08-25 14:43:00,70.6,70.6,70.6,70.6,2000,141200.0,70.61500000000001,70.69833333333332,66.37625,-0.007357875034500694,-0.006592225670377655,-0.0007656493641230392
2025-08-25 14:44:00,70.6,70.9,70.6,70.9,2000,141500.0,70.625,70.71333333333332,66.39458333333333,0.01555501798308967,-0.002162776939684189,0.01771779492277386
2025-08-25 14:45:00,70.6,70.9,70.6,70.9,4000,283300.0,70.63000000000001,70.72,66.41375,0.03332944962953377,0.0049356683741594055,0.028393781255374364
2025-08-13 09:02:00,69.4,69.4,69.4,69.4,3000,208200.0,70.575,70.70666666666666,66.42666666666666,-0.07278265605634715,-0.01060799651194191,-0.062174659544405236
2025-08-13 09:05:00,69.1,69.4,69.1,69.4,12000,830400.0,70.52000000000001,70.69666666666667,66.4375,-0.15508948921700494,-0.039504295052954524,-0.11558519416405041
2025-08-13 09:07:00,69.4,69.4,69.1,69.1,4000,277000.0,70.455,70.67333333333333,66.51541666666667,-0.2417391221580658,-0.0799512604739768,-0.161787861684089
2025-08-13 09:08:00,69.4,69.4,69.4,69.4,1000,69400.0,70.4,70.65833333333333,66.59458333333333,-0.28294052549185267,-0.120549113477552,-0.16239141201430068
2025-08-13 09:12:00,69.4,69.4,69.4,69.4,1000,69400.0,70.345,70.64333333333335,66.67458333333335,-0.311996433796196,-0.15883857754128083,-0.15315785625491518
2025-08-13 09:15:00,69.4,69.4,69.1,69.1,2000,138500.0,70.26,70.62333333333335,66.7525,-0.35513714333610835,-0.19809829070024637,-0.15703885263586198
2025-08-13 09:17:00,69.4,69.4,69.4,69.4,1000,69400.0,70.19000000000001,70.58333333333333,66.83208333333333,-0.3609580736783613,-0.2306702472958694,-0.1302878263824919
2025-08-13 09:25:00,68.9,69.2,68.7,68.7,13000,895800.0,70.1,70.53166666666667,66.90875,-0.4172456051581577,-0.2679853188683271,-0.14926028628983057
2025-08-13 09:26:00,69.0,69.0,69.0,69.0,3000,207000.0,70.025,70.48,66.98625,-0.43265896338127163,-0.300920047770916,-0.1317389156103556
2025-08-13 09:27:00,68.8,69.1,68.8,69.1,6000,413700.0,69.935,70.44833333333334,67.06416666666667,-0.4318271618366225,-0.32710147058405736,-0.10472569125256515
2025-08-13 09:28:00,68.7,69.1,68.7,69.0,15000,1033250.0,69.86,70.42166666666667,67.1425,-0.4342315661895526,-0.34852748970515646,-0.08570407648439615
2025-08-13 09:29:00,68.6,68.9,68.5,68.8,11000,755400.0,69.775,70.39166666666667,67.21916666666667,-0.44712126685135445,-0.3682462451343961,-0.07887502171695837
2025-08-13 09:30:00,68.5,68.8,68.5,68.8,8000,548600.0,69.675,70.35,67.29666666666667,-0.452124636123699,-0.3850219233322567,-0.06710271279144231
2025-08-13 09:31:00,68.5,68.5,68.5,68.5,4000,274000.0,69.56,70.30999999999999,67.3725,-0.4748238612102966,-0.40298231090786474,-0.07184155030243189
2025-08-13 09:34:00,68.4,68.7,68.4,68.7,4000,274200.0,69.47,70.28333333333333,67.44874999999999,-0.47124264028146,-0.41663437678258386,-0.05460826349887615
2025-08-13 09:41:00,68.9,68.9,68.9,68.9,1000,68900.0,69.385,70.25500000000001,67.52666666666667,-0.447112137955088,-0.4227299290170847,-0.024382208938003247
2025-08-13 09:53:00,68.5,68.5,68.5,68.5,2000,137000.0,69.28,70.21833333333333,67.60208333333334,-0.45502001062865816,-0.42918794533939947,-0.025832065289258688
2025-08-13 09:56:00,68.3,68.3,68.3,68.3,2000,136600.0,69.16499999999999,70.17333333333335,67.6775,-0.47198464009511554,-0.4377472842905427,-0.03423735580457282
2025-08-13 09:57:00,68.3,68.3,68.3,68.3,1000,68300.0,69.035,70.13333333333334,67.75291666666666,-0.4798972741204466,-0.44617728225652353,-0.03371999186392305
2025-08-13 09:59:00,68.1,68.4,68.0,68.3,17000,1159000.0,68.905,70.1,67.8275,-0.4806277164580024,-0.4530673690968194,-0.027560347361183013
2025-08-13 10:00:00,67.8,67.8,67.8,67.8,2000,135600.0,68.825,70.045,67.90083333333332,-0.5156088012927427,-0.46557565553600405,-0.05003314575673862
2025-08-13 10:01:00,67.8,68.3,67.8,68.1,3000,204200.0,68.76,69.99666666666667,67.97458333333333,-0.5132081264334403,-0.4751021497154913,-0.038105976717948964
2025-08-13 10:02:00,68.3,68.3,68.3,68.3,1000,68300.0,68.72,69.95666666666668,67.98416666666667,-0.4895243142054113,-0.4779865826134753,-0.011537731591935996
2025-08-13 10:05:00,67.8,67.8,67.8,67.8,1000,67800.0,68.64,69.90333333333334,67.99,-0.505276036087082,-0.4834444733081967,-0.02183156277888537
2025-08-13 10:07:00,67.8,67.8,67.8,67.8,1000,67800.0,68.55999999999999,69.84833333333333,67.99583333333334,-0.511858997264028,-0.48912737809936296,-0.022731619164664985
2025-08-13 10:08:00,68.4,68.4,68.4,68.4,1000,68400.0,68.525,69.80333333333334,68.00583333333333,-0.4633201891005143,-0.4839659402995933,0.020645751199078965
2025-08-13 10:13:00,67.8,67.8,67.8,67.8,1000,67800.0,68.445,69.75333333333333,68.01416666666667,-0.4678744540538844,-0.4807476430504516,0.012873188996567198
2025-08-13 10:14:00,67.7,68.0,67.7,68.0,6000,407100.0,68.41,69.70666666666666,68.0225,-0.4501562917916573,-0.47462937279869283,0.024473081007035546
2025-08-13 10:15:00,67.7,67.7,67.7,67.7,100,6770.0,68.345,69.65666666666668,68.03208333333333,-0.45507617843188086,-0.4707187339253305,0.015642555493449617
2025-08-13 10:16:00,67.7,67.7,67.7,67.7,1000,67700.0,68.275,69.60666666666667,68.04041666666667,-0.453744737156498,-0.46732393457156407,0.01357919741506608
2025-08-13 10:19:00,67.7,68.0,67.7,68.0,18000,1221000.0,68.225,69.56,68.04958333333333,-0.42359908103296107,-0.45857896386384356,0.03497988283088249
2025-08-13 10:20:00,68.0,68.0,68.0,68.0,3000,204000.0,68.185,69.51833333333335,68.05958333333334,-0.39515334952839964,-0.44589384099675483,0.05074049146835519
2025-08-13 10:24:00,68.1,68.1,68.1,68.1,3000,204300.0,68.15,69.48166666666665,68.06958333333334,-0.36038642769972284,-0.42879235833734847,0.06840593063762562
2025-08-13 10:25:00,68.0,68.0,68.0,68.0,1000,68000.0,68.125,69.43166666666666,68.07625,-0.3370176265211171,-0.4104374119741022,0.07341978545298511
2025-08-13 10:34:00,68.1,68.1,68.1,68.1,5000,340500.0,68.095,69.38333333333334,68.08500000000001,-0.30689087201912457,-0.38972810398310676,0.08283723196398218
2025-08-13 10:49:00,67.5,67.8,67.5,67.8,7000,474000.0,68.03999999999999,69.33666666666666,68.09333333333333,-0.3037215814888583,-0.3725267994842571,0.06880521799539879
2025-08-13 10:51:00,67.5,67.5,67.5,67.5,1000,67500.0,67.99,69.28999999999999,68.09958333333333,-0.32170892843535626,-0.36236322527447695,0.040654296839120696
2025-08-13 10:53:00,67.8,67.8,67.8,67.8,1000,67800.0,67.965,69.24833333333335,68.10625,-0.3082037566306468,-0.351531331545711,0.04332757491506417
2025-08-13 10:54:00,67.3,67.6,67.3,67.3,8000,539300.0,67.91499999999999,69.19166666666666,68.11166666666666,-0.3339965279331665,-0.3480243708232021,0.014027842890035613
2025-08-13 10:58:00,67.8,67.8,67.1,67.1,1100,74510.0,67.85499999999999,69.13000000000001,68.11625,-0.3663527273532736,-0.35169004212921645,-0.01466268522405717
2025-08-13 10:59:00,67.8,67.8,67.5,67.5,2000,135300.0,67.84,69.08,68.1225,-0.3556192342795299,-0.3524758805592792,-0.003143353720250708
2025-08-13 11:24:00,67.3,67.5,67.3,67.5,3000,202300.0,67.80999999999999,69.03,68.12875,-0.3431571615376612,-0.3506121367549556,0.007454975217294435
2025-08-13 11:28:00,67.2,67.5,67.2,67.5,3000,201900.0,67.77,68.98166666666665,68.13708333333334,-0.32948280640898986,-0.3463862706857625,0.01690346427677264
2025-08-13 11:31:00,67.1,67.4,67.1,67.4,7000,470300.0,67.75,68.93,68.14291666666666,-0.32299169847159703,-0.3417073562429294,0.018715657771332384
2025-08-13 11:32:00,67.3,67.3,67.1,67.1,3270,219671.0,67.715,68.87333333333332,68.15041666666666,-0.33815687944975537,-0.34099726088429466,0.0028403814345392964
2025-08-13 11:33:00,67.0,67.1,67.0,67.1,10000,670400.0,67.65,68.81166666666667,68.15708333333333,-0.34618479184632633,-0.34203476707670105,-0.004150024769625282
2025-08-13 11:36:00,66.8,66.8,66.8,66.8,3000,200400.0,67.6,68.74499999999999,68.16375000000001,-0.37246096489951697,-0.34812000664126425,-0.02434095825825272
2025-08-13 11:37:00,66.7,67.0,66.5,66.8,12000,801800.0,67.53999999999999,68.68333333333334,68.16916666666667,-0.3888031407685446,-0.3562566334667204,-0.032546507301824235
2025-08-13 11:38:00,66.0,66.0,66.0,66.0,3000,198000.0,67.455,68.60833333333333,68.16916666666667,-0.4609936986058898,-0.3772040464945543,-0.08378965211133549
2025-08-13 11:50:00,65.7,66.0,65.7,65.7,23000,1513100.0,67.35499999999999,68.52166666666668,68.16791666666667,-0.5362313869558903,-0.40900951458682155,-0.1272218723690688
2025-08-13 11:51:00,65.8,67.1,65.6,67.1,15000,991400.0,67.30999999999999,68.46499999999999,68.1725,-0.4773864831052492,-0.42268490829050714,-0.05470157481474208
2025-08-13 11:59:00,66.0,66.0,66.0,66.0,60000,3960000.0,67.21,68.39,68.17583333333333,-0.5135919119048395,-0.44086630901337365,-0.0727256028914659
2025-08-13 12:00:00,67.0,67.0,66.3,67.0,63000,4179000.0,67.155,68.32666666666665,68.18333333333332,-0.4563330095466114,-0.4439596491200213,-0.012373360426590096
2025-08-13 12:04:00,67.1,67.2,67.1,67.2,2000,134300.0,67.115,68.26666666666667,68.18833333333333,-0.39031725402895745,-0.43323117010180856,0.04291391607285111
2025-08-13 12:09:00,67.2,67.2,67.2,67.2,1000,67200.0,67.07,68.21166666666667,68.19333333333333,-0.3341474483780331,-0.4134144257570535,0.07926697737902039
2025-08-13 12:18:00,67.2,67.2,67.2,67.2,1000,67200.0,67.03999999999999,68.155,68.2025,-0.28633181775833805,-0.38799790415731045,0.1016660863989724
2025-08-13 12:20:00,67.2,67.2,67.2,67.2,1000,67200.0,67.025,68.09833333333333,68.21125,-0.24560638843796312,-0.35951960101344105,0.11391321257547793
2025-08-13 12:25:00,66.3,66.5,66.3,66.3,7000,464500.0,66.95,68.02666666666667,68.2125,-0.282694939387099,-0.3441546686881727,0.061459729301073684
2025-08-13 12:26:00,66.2,66.2,66.2,66.2,5000,331000.0,66.89500000000001,67.94833333333334,68.21625,-0.31650853412631363,-0.3386254417758009,0.02211690764948726
2025-08-13 12:29:00,66.1,66.3,66.1,66.3,4000,265000.0,66.855,67.87166666666666,68.22125,-0.3314165239176958,-0.3371836582041799,0.005767134286484066
2025-08-13 12:35:00,66.4,66.4,66.4,66.4,3000,199200.0,66.8,67.82166666666667,68.22666666666666,-0.33134253843896033,-0.336015434251136,0.00467289581217567
2025-08-13 12:36:00,66.2,66.2,66.2,66.2,5000,331000.0,66.735,67.76833333333333,68.22791666666666,-0.34346300521842466,-0.3375049484445938,-0.005958056773830878
2025-08-13 12:37:00,66.5,66.5,66.5,66.5,50,3325.0,66.685,67.725,68.23333333333333,-0.32511336517134737,-0.3350266317899445,0.00991326661859715
2025-08-13 12:38:00,66.0,66.5,66.0,66.5,8000,530100.0,66.64,67.67666666666666,68.23583333333333,-0.3070318709444848,-0.3294276796208526,0.022395808676367812
2025-08-13 12:41:00,66.2,66.2,66.2,66.2,1000,66200.0,66.595,67.62333333333333,68.24,-0.31329814332008254,-0.32620177236069864,0.012903629040616094
2025-08-13 12:42:00,65.9,65.9,65.9,65.9,3000,197700.0,66.535,67.57000000000001,68.24166666666666,-0.3385688906990225,-0.3286751960283634,-0.009893694670659092
2025-08-13 12:43:00,66.1,66.1,66.1,66.1,1000,66100.0,66.5,67.515,68.24416666666667,-0.3385551584095907,-0.3306511885046089,-0.007903969904981822
2025-08-13 12:55:00,66.1,66.1,66.1,66.1,1000,66100.0,66.465,67.47166666666666,68.24666666666666,-0.3346862210499637,-0.3314581950136799,-0.0032280260362838042
2025-08-13 12:58:00,65.9,66.2,65.9,66.2,2000,132100.0,66.475,67.425,68.2475,-0.3198637063545249,-0.32913929728184893,0.009275590927324051
2025-08-13 12:59:00,66.2,66.2,66.0,66.0,2000,132200.0,66.49,67.37333333333332,68.24916666666667,-0.32055987055206003,-0.3274234119358912,0.006863541383831162
2025-08-13 13:00:00,66.0,66.1,66.0,66.1,2000,132100.0,66.44000000000001,67.325,68.24958333333333,-0.3094749864270341,-0.3238337268341198,0.014358740407085735
2025-08-13 13:04:00,66.0,66.0,66.0,66.0,1000,66000.0,66.44000000000001,67.27833333333334,68.25125,-0.30524067565755786,-0.3201151165988074,0.014874440941249567
2025-08-13 13:08:00,66.2,66.4,66.0,66.2,16000,1059400.0,66.4,67.235,68.25541666666666,-0.2824902535372189,-0.31259014398648977,0.03009989044927086
2025-08-13 13:09:00,66.8,66.8,66.5,66.5,4000,266900.0,66.365,67.20166666666667,68.26083333333332,-0.23751496266187644,-0.29757510772156714,0.060060145059690706
2025-08-13 13:13:00,67.2,67.2,67.2,67.2,1000,67200.0,66.365,67.17666666666666,68.26583333333333,-0.14373073234459355,-0.2668062326461724,0.12307550030157888
2025-08-13 13:17:00,66.3,66.5,66.3,66.5,10000,663800.0,66.33,67.13666666666667,68.26791666666666,-0.1244555577957982,-0.23833609767609756,0.11388053988029936
2025-08-13 13:22:00,66.5,66.8,66.3,66.8,5000,332600.0,66.30999999999999,67.10833333333333,68.27125,-0.08400400442796752,-0.20746967902647157,0.12346567459850405
2025-08-13 13:23:00,65.8,65.8,65.8,65.8,1000,65800.0,66.285,67.06666666666666,68.27416666666666,-0.13112596114061148,-0.19220093544929956,0.06107497430868808
2025-08-13 13:30:00,67.1,67.1,67.1,67.1,1000,67100.0,66.33,67.04666666666667,68.27958333333332,-0.06284685644378385,-0.16633011964819644,0.10348326320441259
2025-08-13 13:31:00,67.1,67.1,67.1,67.1,2000,134200.0,66.36999999999999,67.02666666666667,68.28500000000001,-0.008635627904183707,-0.1347912212993939,0.12615559339521018
2025-08-13 13:38:00,67.1,67.1,67.1,67.1,2000,134200.0,66.405,67.015,68.29083333333332,0.03393596856307113,-0.10104578332690088,0.13498175188997202
2025-08-13 13:44:00,66.0,66.6,66.0,66.6,2415,160490.0,66.425,66.99,68.29458333333334,0.0270170088885493,-0.07543322488381085,0.10245023377236015
2025-08-13 13:53:00,67.1,67.1,66.6,66.6,2000,133700.0,66.42999999999999,66.96166666666666,68.30125,0.02128828539552785,-0.05608892282794311,0.07737720822347097
2025-08-13 13:59:00,66.2,66.2,66.2,66.2,12000,794400.0,66.41499999999999,66.935,68.30541666666666,-0.015351464183268604,-0.04794143109900821,0.03258996691573961
2025-08-13 14:01:00,66.4,66.4,66.4,66.4,12000,796800.0,66.425,66.91166666666668,68.30874999999999,-0.027928459275685213,-0.043938836734343616,0.016010377458658402
2025-08-13 14:02:00,67.0,67.0,67.0,67.0,1000,67000.0,66.47999999999999,66.88833333333334,68.31625,0.010399290543944062,-0.03307121127868608,0.04347050182263014
2025-08-13 14:15:00,66.3,66.3,66.1,66.1,7000,463300.0,66.47999999999999,66.86,68.32,-0.03148522786568719,-0.0327540145960863,0.0012687867303991102
2025-08-13 14:26:00,66.0,66.0,66.0,66.0,1000,66000.0,66.475,66.82666666666667,68.32124999999999,-0.07191913570380848,-0.04058703881763074,-0.03133209688617774
2025-08-13 14:33:00,66.6,66.6,66.6,66.6,1000,66600.0,66.495,66.80833333333334,68.32708333333333,-0.05491528417294944,-0.04345268788869448,-0.011462596284254958
2025-08-13 14:50:00,66.3,66.5,66.3,66.3,8000,531000.0,66.51,66.785,68.33166666666666,-0.06489898700009178,-0.047741947710973946,-0.017157039289117833
2025-08-13 14:51:00,66.5,66.5,66.5,66.5,1000,66500.0,66.53,66.76,68.33708333333333,-0.05602697084471231,-0.049398952337721624,-0.006628018506990685
2025-08-13 14:53:00,66.0,66.2,66.0,66.2,10000,660800.0,66.53999999999999,66.72999999999999,68.34041666666667,-0.0723691009697518,-0.05399298206412767,-0.018376118905624128
2025-08-13 14:55:00,66.0,66.0,66.0,66.0,2000,132000.0,66.53,66.695,68.34375,-0.10030246102817841,-0.06325487785693783,-0.037047583171240586
2025-08-13 15:00:00,66.6,66.6,66.6,66.6,1000,66600.0,66.535,66.67166666666667,68.35041666666667,-0.07318127633290317,-0.06524015755213089,-0.007941118780772277
2025-08-06 09:01:00,50.5,50.5,50.5,50.5,5000,252500.0,65.7,66.37833333333333,68.28916666666667,-1.3354289945763966,-0.31927792495698415,-1.0161510696194125
2025-08-06 09:04:00,50.6,50.6,50.6,50.6,2000,101200.0,64.905,66.09166666666665,68.22958333333334,-2.3011737425497785,-0.7156570884755432,-1.5855166540742354
2025-08-06 09:11:00,50.3,50.4,50.2,50.4,9000,452700.0,64.08500000000001,65.80666666666666,68.16791666666667,-3.047541579365955,-1.1820339866536258,-1.8655075927123292
2025-08-06 09:16:00,50.2,50.4,50.2,50.4,13000,654000.0,63.315,65.51666666666667,68.10583333333334,-3.5975728865083667,-1.6651417666245745,-1.9324311198837922
2025-08-06 09:24:00,50.0,50.0,50.0,50.0,5000,250000.0,62.46,65.22833333333332,68.04208333333332,-4.019419946104179,-2.1359974025204957,-1.8834225435836833
2025-08-06 09:31:00,50.0,50.2,50.0,50.2,16000,801400.0,61.614999999999995,64.94666666666666,67.98041666666667,-4.288167130162385,-2.566431348048874,-1.7217357821135115
2025-08-06 09:50:00,50.4,50.5,50.3,50.5,16000,807000.0,60.78499999999999,64.66333333333333,67.91875,-4.425924415334343,-2.938329961505968,-1.487594453828375
2025-08-06 10:48:00,50.6,50.6,50.4,50.4,13000,656800.0,59.975,64.37833333333333,67.85583333333334,-4.4913932351661074,-3.248942616237996,-1.2424506189281113
2025-08-06 10:49:00,50.7,50.7,50.7,50.7,2000,101400.0,59.18000000000001,64.09833333333333,67.79583333333333,-4.467570877653493,-3.492668268521096,-0.9749026091323971
2025-08-06 10:52:00,50.3,50.5,50.3,50.5,15000,755500.0,58.395,63.81666666666667,67.735,-4.413948564757241,-3.676924327768326,-0.7370242369889155
2025-08-06 11:02:00,50.5,50.5,50.5,50.5,1000,50500.0,57.6,63.54,67.67333333333333,-4.321635373003687,-3.8058665368153988,-0.5157688361882884
2025-08-06 12:08:00,50.3,50.5,50.3,50.5,20000,1008000.0,56.775,63.263333333333335,67.61083333333333,-4.200060816809263,-3.8847053928141717,-0.31535542399509087
2025-08-06 12:54:00,50.7,50.7,50.7,50.7,2000,101400.0,56.00500000000001,62.995,67.54916666666666,-4.040991739257407,-3.9159626621028196,-0.12502907715458766
2025-08-06 12:56:00,50.7,50.7,50.5,50.5,3500,176850.0,55.230000000000004,62.723333333333336,67.48666666666666,-3.8862681971383495,-3.9100237691099258,0.023755571971576295
2025-08-06 13:33:00,50.3,50.6,50.3,50.5,11000,553950.0,54.425,62.465,67.42375,-3.72075809209192,-3.8721706337063253,0.15141254161440543
2025-08-06 13:53:00,50.5,50.5,50.5,50.5,2000,101000.0,53.635000000000005,62.211666666666666,67.36083333333333,-3.5486831312482323,-3.807473133214707,0.25879000196647484
2025-08-06 14:53:00,50.6,50.6,50.5,50.5,8000,404300.0,52.835,61.934999999999995,67.29875,-3.3734257330801185,-3.7206636531877897,0.3472379201076712
2025-08-05 09:01:00,50.4,50.5,50.4,50.5,5000,252200.0,52.05,61.67666666666666,67.23541666666667,-3.197672207642654,-3.6160653640787626,0.4183931564361085
2025-08-05 09:13:00,50.2,50.4,50.2,50.4,8000,402200.0,51.27,61.4,67.16708333333332,-3.0315100756601083,-3.4991543063950323,0.467644230734924
2025-08-05 09:17:00,50.2,50.4,50.2,50.4,11000,553400.0,50.46,61.120000000000005,67.09791666666666,-2.866778945751726,-3.372679234266371,0.5059002885146451
2025-08-05 09:25:00,50.2,50.5,50.2,50.5,10000,503500.0,50.46,60.84166666666667,67.03,-2.697069041171062,-3.2375571956473093,0.5404881544762472
2025-08-05 09:30:00,50.2,50.4,50.2,50.4,13000,653200.0,50.45,60.56166666666666,66.96,-2.5413468191643247,-3.098315120350713,0.5569683011863882
2025-08-05 09:32:00,50.4,50.4,50.4,50.4,6000,302400.0,50.45,60.28166666666666,66.89083333333333,-2.390381011960592,-2.9567282986726893,0.5663472867120971
2025-08-05 09:33:00,50.4,50.4,50.4,50.4,2000,100800.0,50.45,60.016666666666666,66.82166666666666,-2.2448621486304816,-2.814355068664248,0.5694929200337664
2025-08-05 09:45:00,50.1,50.3,50.1,50.3,15000,752500.0,50.465,59.751666666666665,66.75208333333333,-2.11324637652136,-2.6741333302356707,0.5608869537143106
2025-08-05 09:51:00,50.3,50.5,50.3,50.3,15000,755500.0,50.47,59.485,66.68249999999999,-1.9860460265609703,-2.5365158695007306,0.5504698429397603
2025-08-05 09:59:00,50.5,50.5,50.5,50.5,2000,101000.0,50.47,59.22,66.6125,-1.847800213611258,-2.3987727383228363,0.5509725247115784
2025-08-05 10:13:00,50.5,50.5,50.5,50.5,1000,50500.0,50.475,58.958333333333336,66.54208333333334,-1.7184304147063756,-2.262704273599544,0.5442738588931686
2025-08-05 10:21:00,50.2,50.4,50.2,50.4,20000,1006000.0,50.459999999999994,58.690000000000005,66.47125,-1.6054662655392278,-2.131256671987481,0.525790406448253
2025-08-05 11:30:00,50.4,50.4,50.4,50.4,1000,50400.0,50.455,58.42166666666667,66.40166666666667,-1.498665678407825,-2.0047384732715496,0.5060727948637247
2025-08-05 11:49:00,50.1,50.3,50.1,50.3,14000,702200.0,50.445,58.15666666666666,66.33041666666666,-1.4058884015566306,-1.8849684589285658,0.47908005737193515
2025-08-05 12:16:00,50.4,50.4,50.4,50.4,2000,100800.0,50.44,57.898333333333326,66.26083333333334,-1.3092009236640294,-1.7698149518756585,0.4606140282116291
2025-08-05 12:25:00,50.1,50.3,50.0,50.3,13000,651400.0,50.42,57.635,66.19208333333333,-1.2265061655012843,-1.6611531946007838,0.4346470290994995
2025-08-05 12:31:00,50.3,50.3,50.3,50.3,1000,50300.0,50.410000000000004,57.37166666666666,66.12375,-1.1477395468210645,-1.5584704650448402,0.4107309182237757
2025-08-05 12:32:00,50.2,50.2,50.2,50.2,5000,251000.0,50.394999999999996,57.105000000000004,66.05333333333333,-1.0809253635608158,-1.4629614447480355,0.38203608118721966
2025-08-05 13:35:00,50.3,50.3,50.3,50.3,8000,402400.0,50.385000000000005,56.843333333333334,65.985,-1.0082826232451154,-1.3720256804474515,0.36374305720233613
2025-08-05 13:36:00,50.4,50.4,50.4,50.4,1000,50400.0,50.38,56.58166666666666,65.91583333333332,-0.9319011871203315,-1.2840007817820276,0.35209959466169605
2025-08-05 13:58:00,50.0,50.2,50.0,50.2,10000,500400.0,50.365,56.318333333333335,65.84541666666667,-0.8773926410155042,-1.202679153628723,0.3252865126132187
2025-08-05 13:59:00,50.0,50.0,50.0,50.0,3000,150000.0,50.345,56.04833333333333,65.77416666666667,-0.8406421545685205,-1.1302717538166824,0.2896295992481619
2025-08-05 14:07:00,50.2,50.2,50.2,50.2,1000,50200.0,50.334999999999994,55.776666666666664,65.70375,-0.7863146548785096,-1.061480334029048,0.27516567915053836
2025-08-05 14:52:00,50.2,50.4,50.2,50.4,27000,1357800.0,50.33,55.49666666666667,65.63541666666666,-0.7188351077723354,-0.9929512887777054,0.27411618100537005
2025-08-26 09:01:00,71.1,71.2,70.6,70.9,9007,640094.2,51.355,55.57000000000001,65.65041666666667,0.9775529716729281,-0.5988504366875786,1.5764034083605067
2025-08-26 09:03:00,71.2,71.2,70.9,70.9,5000,355400.0,52.379999999999995,55.63833333333333,65.66458333333334,2.295491746489894,-0.01998200005208395,2.315473746541978
2025-08-26 09:08:00,71.2,71.2,70.9,70.9,4000,284500.0,53.40500000000001,55.72333333333333,65.67875,3.3019054105602805,0.6443954820703892,2.6575099284898913
2025-08-26 09:14:00,71.3,71.3,71.0,71.0,5000,355900.0,54.44,55.78833333333333,65.69333333333333,4.060754800808475,1.3276673458180066,2.7330874549904682
2025-08-26 09:16:00,71.0,71.0,70.8,70.8,2000,141800.0,55.464999999999996,55.85,65.70708333333333,4.593064097432453,1.9807466961408964,2.612317401291557
2025-08-26 09:18:00,71.0,71.0,71.0,71.0,1000,71000.0,56.489999999999995,55.915,65.72125,4.973727345813842,2.579342826075486,2.394384519738356
2025-08-26 09:19:00,71.8,71.8,71.5,71.5,5000,358400.0,57.54,55.99666666666667,65.73708333333333,5.255173168952389,3.114508894650867,2.140664274301522
2025-08-26 09:24:00,71.5,71.5,71.5,71.5,2000,143000.0,58.59499999999999,56.07833333333333,65.75416666666666,5.415791142420446,3.574765344204783,1.8410257982156626
2025-08-26 09:25:00,71.5,71.8,71.5,71.8,4000,286900.0,59.665,56.17166666666666,65.77208333333333,5.50384464137781,3.9605812036393893,1.5432634377384211
2025-08-26 09:26:00,71.5,71.8,71.5,71.8,5000,358100.0,60.74000000000001,56.26166666666666,65.78875,5.510110549206203,4.270487072752753,1.23962347645345
2025-08-26 09:31:00,71.8,71.8,71.5,71.5,16000,1146700.0,61.795,56.336666666666666,65.80333333333333,5.428294829707568,4.5020486241437165,0.9262462055638512
2025-08-26 09:32:00,71.5,71.5,71.5,71.5,500,35750.0,62.855000000000004,56.42666666666666,65.81875,5.302333285032489,4.662105556321471,0.6402277287110181
2025-08-26 09:33:00,71.5,71.8,71.5,71.8,2000,143300.0,63.93000000000001,56.52333333333333,65.83458333333334,5.167151638520309,4.763114772761239,0.4040368657590703
2025-08-26 09:44:00,71.8,71.8,71.5,71.8,5300,379940.0,65.01,56.61,65.85166666666666,5.002355173150136,4.810962852839019,0.19139232031111675
2025-08-26 09:46:00,72.1,72.1,72.1,72.1,1,72.1,66.1,56.70666666666666,65.8675,4.840165860701703,4.816803454411556,0.023362406290146964
2025-08-26 09:48:00,71.5,72.1,71.5,72.1,6001,429972.1,67.185,56.8,65.88041666666668,4.657935876752617,4.785029938879768,-0.12709406212715102
2025-08-26 09:49:00,71.5,71.5,71.5,71.5,1000,71500.0,68.25,56.888333333333335,65.8875,4.414217959108726,4.71086754292556,-0.2966495838168344
2025-08-26 09:51:00,71.5,71.8,71.5,71.5,8000,572900.0,69.325,56.980000000000004,65.89375,4.172966394469114,4.603287313234271,-0.4303209187651573
2025-08-26 09:53:00,71.6,71.6,71.6,71.6,132000,9451200.0,70.395,57.06333333333334,65.89958333333333,3.944373671238992,4.471504584835215,-0.5271309135962232
2025-08-26 09:55:00,71.6,72.1,71.6,72.1,66001,4725672.1,71.47999999999999,57.42333333333333,65.90833333333333,3.7602127208878784,4.329246212045748,-0.56903349115787
2025-08-26 09:57:00,72.1,72.1,72.1,72.1,2000,144200.0,71.53999999999999,57.781666666666666,65.91708333333334,3.5730756490072366,4.178012099438046,-0.6049364504308095
2025-08-26 09:58:00,72.2,73.6,71.9,73.5,5004,360694.2,71.67,58.166666666666664,65.93291666666667,3.497420385864203,4.041893756723278,-0.544473370859075
2025-08-26 10:00:00,71.9,73.5,71.9,72.4,122044,8779788.5,71.745,58.53333333333333,65.94166666666666,3.310540388975909,3.895623083173804,-0.585082694197895
2025-08-26 10:01:00,72.4,72.4,72.1,72.4,5001,361172.4,71.815,58.906666666666666,65.95166666666667,3.1263974809981647,3.7417779627386762,-0.6153804817405115
2025-08-26 10:02:00,71.7,72.4,71.7,72.4,3003,215617.19999999998,71.89500000000001,59.27666666666667,65.9625,2.94649751057689,3.5827218723063194,-0.6362243617294294
2025-08-26 10:11:00,72.4,72.4,71.7,72.3,3001,216472.3,71.96000000000001,59.64,65.97083333333333,2.7639947131177394,3.4189764404686036,-0.6549817273508642
2025-08-26 10:13:00,72.4,72.4,72.4,72.4,1,72.4,72.00500000000001,60.00666666666667,65.97958333333332,2.597486883619922,3.2546785290988676,-0.6571916454789455
2025-08-26 10:15:00,72.4,72.4,72.1,72.1,4000,289300.0,72.035,60.36333333333333,65.98916666666666,2.4134994173909092,3.086442706757276,-0.6729432893663669
2025-08-26 10:16:00,72.8,72.8,72.8,72.8,2,145.6,72.08500000000001,60.735,66.00166666666667,2.297685882113015,2.9286913418284244,-0.6310054597154093
2025-08-26 10:18:00,72.8,72.8,72.5,72.8,5002,363245.6,72.13499999999999,61.10666666666666,66.01333333333334,2.1807643273270543,2.7791059389281507,-0.5983416116010964
2025-08-26 10:21:00,72.8,72.8,72.8,72.8,2,145.6,72.2,61.47833333333333,66.025,2.064307105459676,2.636146172234456,-0.5718390667747801
2025-08-26 10:22:00,72.0,72.0,72.0,72.0,2000,144000.0,72.225,61.833333333333336,66.03458333333333,1.8857231611993797,2.486061570027441,-0.6003384088280614
2025-08-26 10:23:00,71.9,72.8,71.9,72.8,97002,6974445.6,72.275,62.205000000000005,66.04625,1.7881349067367438,2.3464762373693016,-0.5583413306325578
2025-08-26 10:27:00,72.8,73.3,72.5,73.3,8002,582046.6000000001,72.35,62.585,66.06125,1.7311853067248677,2.2234180512404147,-0.492232744515547
2025-08-26 10:28:00,73.0,73.6,73.0,73.6,4002,292747.2,72.425,62.97,66.0775,1.6907696906845047,2.1168883791292328,-0.4261186884447281
2025-08-26 10:29:00,72.5,73.6,72.5,73.6,2001,145073.6,72.5,63.355000000000004,66.0925,1.639837003579558,2.0214781040192977,-0.38164110043973976
2025-08-26 10:31:00,73.6,73.6,72.5,73.3,1252,91871.6,72.59,63.735,66.10708333333334,1.5573132515334862,1.9286451335221353,-0.3713318819886491
2025-08-26 10:34:00,73.3,73.8,73.0,73.8,4002,292747.6,72.705,64.125,66.12375,1.5147967705682106,1.8458754609313506,-0.33107869036313997
2025-08-26 10:36:00,73.8,74.8,73.5,74.8,12002,887049.6000000001,72.865,64.53166666666667,66.14416666666666,1.5439955758453578,1.785499483914152,-0.24150390806879418
2025-08-26 10:37:00,74.8,75.3,74.5,75.3,10002,746650.6000000001,73.02499999999999,64.945,66.16666666666667,1.5891627813947338,1.7462321434102686,-0.15706936201553479
2025-08-26 10:43:00,75.3,75.3,75.3,75.3,500,37650.0,73.185,65.36,66.18916666666667,1.606440075983059,1.718273729924827,-0.11183365394176792
2025-08-26 10:45:00,75.0,75.0,75.0,75.0,1000,75000.0,73.26,65.77000000000001,66.21041666666666,1.577737784552454,1.6901665408503526,-0.1124287562978985
2025-08-26 10:46:00,75.3,75.3,75.3,75.3,1,75.3,73.405,66.185,66.23166666666667,1.5612019404452582,1.6643736207693338,-0.10317168032407564
2025-08-26 10:48:00,73.2,75.3,73.2,74.3,3002,220850.59999999998,73.5,66.585,66.24958333333333,1.4506829521510838,1.621635487045684,-0.17095253489460016
2025-08-26 10:49:00,75.2,75.2,74.0,75.2,2004,148300.80000000002,73.64,67.0,66.26916666666666,1.4193568735485087,1.581179764346249,-0.16182289079774037
2025-08-26 10:51:00,73.0,73.0,73.0,73.0,100,7300.0,73.675,67.375,66.28083333333333,1.2031400669675776,1.505571824870515,-0.3024317579029374
2025-08-26 10:52:00,75.2,75.2,75.2,75.2,1,75.2,73.815,67.78666666666668,66.3025,1.195527012615372,1.4435628624194865,-0.24803584980411442
2025-08-26 11:05:00,75.2,75.2,75.2,75.2,3000,225600.0,73.97,68.2,66.32208333333332,1.1759381294321258,1.3900379158220144,-0.21409978638988858
2025-08-26 11:06:00,75.0,75.3,75.0,75.3,10201,765435.3,74.095,68.615,66.34291666666667,1.1551669174859143,1.3430637161547945,-0.1878967986688802
2025-08-26 11:10:00,74.9,75.3,74.9,75.3,10002,751250.6000000001,74.22,69.03166666666668,66.36375,1.125728880576645,1.2995967490391647,-0.17386786846251967
2025-08-26 11:14:00,75.3,75.3,75.3,75.3,1,75.3,74.345,69.44666666666667,66.38458333333332,1.0898360723932967,1.2576446137099913,-0.16780854131669454
2025-08-26 11:20:00,75.3,75.6,75.3,75.6,1003,75526.50000000001,74.525,69.86833333333333,66.40041666666666,1.073226766011544,1.2207610441703018,-0.14753427815875786
2025-08-26 11:21:00,75.2,76.2,75.2,75.6,2254,170204.2,74.66499999999999,70.28999999999999,66.41625,1.047983272225153,1.1862054897812722,-0.1382222175561192
2025-08-26 11:22:00,75.2,75.6,75.2,75.6,801,60235.6,74.78,70.71333333333334,66.43083333333333,1.0162627768400796,1.1522169471930337,-0.1359541703529541
2025-08-26 11:23:00,75.6,75.6,75.6,75.6,1000,75600.0,74.88,71.13499999999999,66.45,0.9798291946798088,1.1177393966903888,-0.13791020201058002
2025-08-26 11:24:00,75.6,75.6,75.6,75.6,500,37800.0,74.97999999999999,71.555,66.47083333333333,0.9401182206832459,1.0822151614889604,-0.14209694080571444
2025-08-26 11:27:00,75.6,75.6,75.3,75.6,11000,830100.0,75.095,71.97833333333332,66.49166666666666,0.8982920362621911,1.0454305364436065,-0.1471385001814154
2025-08-26 11:29:00,75.6,75.6,75.6,75.6,1000,75600.0,75.185,72.405,66.50958333333332,0.8552852873709185,1.0074014866290688,-0.15211619925815034
2025-08-26 11:33:00,75.6,75.6,75.6,75.6,1,75.6,75.225,72.82833333333333,66.52916666666667,0.8118437002068646,0.968289929344628,-0.1564462291377634
2025-08-26 11:35:00,75.6,75.6,75.6,75.6,1000,75600.0,75.24,73.24833333333332,66.55125000000001,0.7685564886087377,0.92834324119745,-0.15978675258871233
2025-08-26 11:38:00,75.0,75.0,75.0,75.0,2000,150000.0,75.225,73.31666666666666,66.56958333333334,0.678020280221503,0.8782786490022607,-0.20025836878075776
2025-08-26 11:39:00,75.6,75.6,75.6,75.6,1,75.6,75.255,73.395,66.58999999999999,0.6472238744455012,0.832067694090909,-0.18484381964540775
2025-08-26 11:42:00,75.6,75.6,75.6,75.6,1000,75600.0,75.27,73.47333333333333,66.60916666666667,0.6157198656529488,0.7887981284033171,-0.1730782627503683
2025-08-26 11:46:00,75.0,75.5,75.0,75.5,2002,150151.0,75.33,73.54833333333333,66.62916666666666,0.5760432790986556,0.7462471585423849,-0.17020387944372928
2025-08-26 11:47:00,75.5,75.5,75.5,75.5,1000,75500.0,75.345,73.62666666666665,66.65083333333332,0.5383930385891631,0.7046763345517406,-0.16628329596257752
2025-08-26 11:50:00,75.0,75.5,75.0,75.5,201,15075.5,75.47,73.70166666666665,66.66916666666665,0.5027594537046411,0.6642929583823208,-0.16153350467767968
2025-08-26 11:53:00,75.5,75.5,75.5,75.5,1000,75500.0,75.48499999999999,73.76833333333333,66.68791666666667,0.4691119504053347,0.6252567567869236,-0.1561448063815889
2025-08-26 11:54:00,75.3,76.2,75.3,76.2,7004,527803.2999999999,75.535,73.84666666666666,66.71083333333334,0.4932443971035383,0.5988542848502466,-0.10560988774670832
2025-08-26 11:57:00,75.6,76.2,75.6,76.2,2002,151352.40000000002,75.58,73.92,66.7325,0.5065305659171884,0.5803895410636349,-0.07385897514644657
2025-08-26 11:58:00,75.9,76.2,75.9,76.2,1001,75976.2,75.625,73.99333333333333,66.75375,0.5111675293362339,0.5665451387181547,-0.05537760938192082
2025-08-26 12:05:00,76.0,76.2,76.0,76.2,3001,228076.2,75.66999999999999,74.07166666666666,66.775,0.5089752068943199,0.5550311523533877,-0.04605594545906788
2025-08-26 12:11:00,76.2,76.2,76.2,76.2,5,381.0,75.7,74.14999999999999,66.7975,0.5014572880934764,0.5443163795014055,-0.042859091407929095
2025-08-26 12:20:00,76.2,76.2,75.9,75.9,3000,228300.0,75.715,74.21833333333333,66.81875,0.46592094386952,0.5286372923750284,-0.06271634850550845
2025-08-26 12:21:00,76.3,76.3,76.3,76.3,2,152.6,75.75,74.29333333333334,66.84208333333333,0.4646782702596539,0.5158454879519535,-0.051167217692299594
2025-08-26 12:31:00,76.3,76.3,76.3,76.3,1000,76300.0,75.785,74.36333333333332,66.86541666666666,0.4584091867161959,0.504358227704802,-0.04594904098860608
2025-08-26 12:43:00,76.3,76.4,76.0,76.4,7002,533352.8,75.825,74.435,66.88875,0.45625068323666085,0.49473671881117376,-0.03848603557451291
2025-08-26 12:45:00,76.4,76.4,76.4,76.4,2,152.8,75.865,74.51666666666667,66.91333333333334,0.4493601100462854,0.48566139705819616,-0.036301287011910766
2025-08-26 12:46:00,76.4,76.6,76.3,76.6,7003,535129.7999999999,75.91499999999999,74.60166666666667,66.93958333333333,0.4547950158367797,0.4794881208139129,-0.024693104977133173
2025-08-26 12:47:00,76.3,76.8,76.3,76.8,2002,152753.59999999998,75.975,74.68833333333333,66.96374999999999,0.4698246996801885,0.4775554365871681,-0.007730736906979618
2025-08-26 12:49:00,76.8,76.8,76.8,76.8,1500,115200.0,76.035,74.76666666666667,66.98791666666666,0.47624596537312414,0.47729354234435933,-0.0010475769712351979
2025-08-26 12:50:00,76.8,77.8,76.5,77.8,3002,229955.59999999998,76.175,74.86166666666666,67.01791666666666,0.5556216468661859,0.4929591632487247,0.06266248361746118
2025-08-26 12:51:00,77.8,78.0,77.5,78.0,7002,544155.8,76.29499999999999,74.93666666666667,67.05,0.6274331164477331,0.5198539538885265,0.10757916255920663
2025-08-26 12:52:00,78.0,78.9,77.7,78.9,17006,1324970.4,76.46000000000001,75.045,67.08583333333334,0.7483403006902876,0.5655512232488787,0.18278907744140882
2025-08-26 12:53:00,78.9,79.2,78.9,79.2,2002,157958.40000000002,76.64500000000001,75.15833333333333,67.12124999999999,0.8584716809294406,0.6241353147849912,0.23433636614444942
2025-08-26 12:54:00,79.2,80.3,78.5,80.3,5104,404169.19999999995,76.885,75.29,67.16083333333333,1.022723085037839,0.7038528688355609,0.3188702162022782
2025-08-26 12:56:00,80.3,80.3,80.0,80.3,5002,400760.6,77.125,75.42333333333333,67.20166666666667,1.13975511862661,0.7910333187937708,0.34872179983283913
2025-08-26 12:57:00,80.3,80.5,80.0,80.5,8002,641661.0,77.375,75.55833333333332,67.24333333333333,1.234412636468221,0.879709182328661,0.35470345413956006
2025-08-26 13:02:00,80.5,80.5,80.5,80.5,2000,161000.0,77.59,75.69833333333332,67.28541666666666,1.2945071289484673,0.9626687716526223,0.331838357295845
2025-08-26 13:03:00,80.3,80.3,80.3,80.3,1251,100455.3,77.79499999999999,75.82333333333332,67.32625,1.3108830745788964,1.0323116322378774,0.27857144234101905
2025-08-26 13:04:00,80.3,80.5,80.0,80.5,3002,240961.0,78.00999999999999,75.95166666666665,67.36791666666667,1.3247288089095122,1.0907950675722045,0.2339337413373077
2025-08-26 13:05:00,80.5,80.8,80.2,80.8,3003,241142.09999999998,78.24000000000001,76.085,67.40958333333333,1.3444116057906683,1.1415183752158973,0.20289323057477104
2025-08-26 13:07:00,80.5,80.5,80.2,80.2,4000,321700.0,78.44,76.22166666666666,67.44875,1.2966484226543713,1.1725443847035921,0.12410403795077918
2025-08-26 13:08:00,79.7,80.8,79.7,80.8,1002,79861.6,78.68499999999999,76.355,67.49166666666666,1.292313752987397,1.1964982583603532,0.09581549462704375
2025-08-26 13:09:00,80.8,80.8,80.8,80.8,1000,80800.0,78.91,76.48,67.53458333333333,1.2741904220176963,1.2120366910918219,0.062153730925874395
2025-08-26 13:10:00,79.7,80.3,79.7,80.3,5001,399480.3,79.11,76.59166666666667,67.57375,1.205584502630984,1.2107462533996545,-0.005161750768670537
2025-08-26 13:12:00,80.0,80.3,80.0,80.3,11001,880380.3,79.30499999999999,76.70333333333333,67.61458333333333,1.1380945714575574,1.1962159170112352,-0.05812134555367776
2025-08-26 13:15:00,80.3,80.3,80.3,80.3,1000,80300.0,79.5,76.82,67.65541666666667,1.0722481060486473,1.1714223548187177,-0.09917424877007042
2025-08-26 13:17:00,80.3,80.6,80.0,80.6,2002,160461.2,79.7,76.93333333333334,67.69624999999999,1.032371267269042,1.1436121373087826,-0.1112408700397407
2025-08-26 13:18:00,80.2,80.6,80.2,80.6,7003,562341.7999999999,79.89,77.02999999999999,67.73708333333333,0.9893638150369526,1.1127624728544168,-0.12339865781746417
2025-08-26 13:19:00,80.2,80.6,80.2,80.6,6001,481580.6,80.08,77.11833333333334,67.77916666666667,0.9443937163931508,1.0790887215621636,-0.13469500516901278
2025-08-26 13:21:00,80.6,80.6,80.2,80.6,1125,90275.0,80.22,77.20666666666668,67.82083333333334,0.8983984115708665,1.0429506595639042,-0.14455224799303767
2025-08-26 13:23:00,80.6,80.6,80.6,80.6,1000,80600.0,80.35,77.3,67.8625,0.852124045552614,1.0047853367616462,-0.15266129120903216
2025-08-26 13:24:00,80.2,80.6,80.2,80.6,1001,80280.6,80.43499999999999,77.38833333333334,67.90416666666667,0.806158385047695,0.965059946418856,-0.15890156137116096
2025-08-26 13:25:00,80.6,80.6,80.2,80.5,2001,160780.6,80.5,77.49166666666666,67.94416666666666,0.7529812050504177,0.9226441981451684,-0.16966299309475075
2025-08-26 13:26:00,80.6,80.6,80.6,80.6,1,80.6,80.515,77.58166666666666,67.98458333333333,0.710714397872465,0.8802582380906278,-0.1695438402181627
2025-08-26 13:30:00,80.6,80.6,80.6,80.6,1000,80600.0,80.53,77.70833333333333,68.03125,0.6695000686262489,0.838106604197752,-0.16860653557150307
2025-08-26 13:33:00,79.9,80.6,79.9,80.4,2202,176041.2,80.525,77.795,68.07708333333333,0.6136255933635368,0.793210402030909,-0.17958480866737214
2025-08-26 13:34:00,80.2,80.6,79.7,80.0,6001,480580.6,80.5,77.875,68.1225,0.5309475789170932,0.7407578374081459,-0.20981025849105273
2025-08-26 13:35:00,80.6,80.6,80.6,80.6,1001,80680.6,80.515,77.96333333333334,68.16916666666667,0.5079839199756861,0.694203053921654,-0.1862191339459679
2025-08-26 13:38:00,79.5,80.6,79.5,80.6,1002,79661.20000000001,80.52000000000001,78.05166666666668,68.21583333333334,0.48420345875405246,0.6522031348881338,-0.1679996761340813
2025-08-26 13:47:00,80.8,80.8,80.8,80.8,1000,80800.0,80.52,78.14333333333333,68.26458333333333,0.4760084710874537,0.6169642021279977,-0.14095573104054404
2025-08-26 14:05:00,79.5,79.5,79.5,79.5,1000,79500.0,80.485,78.20833333333333,68.30666666666666,0.36045959504001246,0.5656632807104007,-0.20520368567038827
2025-08-26 14:06:00,80.5,80.5,79.8,80.5,1002,79961.0,80.47,78.28999999999999,68.35583333333334,0.34559412696819436,0.5216494499619595,-0.17605532299376514
2025-08-26 14:15:00,79.5,80.5,79.5,80.5,1001,79580.5,80.455,78.37166666666666,68.40375,0.33000899811456463,0.4833213595924805,-0.15331236147791588
2025-08-26 14:16:00,79.0,79.0,79.0,79.0,2000,158000.0,80.39,78.42833333333333,68.445,0.19437952111395873,0.4255329918967762,-0.23115347078281745
2025-08-26 14:17:00,80.5,80.5,80.5,80.5,1,80.5,80.4,78.50999999999999,68.49291666666666,0.2055600787788734,0.3815384092731956,-0.1759783304943222
2025-08-26 14:19:00,80.5,80.5,80.5,80.5,1000,80500.0,80.41,78.59166666666667,68.54166666666667,0.21197720995475322,0.34762616940950714,-0.13564895945475391
2025-08-26 14:41:00,78.1,78.1,78.1,78.1,1000,78100.0,80.285,78.63333333333334,68.58041666666666,0.023136190677107038,0.2827281736630271,-0.25959198298592007
2025-08-26 14:42:00,80.3,80.3,80.3,80.3,2,160.6,80.27,78.71166666666666,68.62958333333333,0.05041874035214278,0.23626628700085023,-0.18584754664870745
2025-08-26 14:52:00,79.0,80.3,79.0,80.3,1001,79080.3,80.25500000000001,78.79,68.67791666666666,0.07121938479437517,0.20325690655955525,-0.13203752176518008
2025-08-26 14:56:00,80.3,80.3,80.3,80.3,124,9957.2,80.24,78.87833333333333,68.72541666666667,0.08670456907483981,0.17994643906261218,-0.09324186998777237
2025-08-26 15:00:00,78.1,80.3,78.1,80.3,3005,235501.49999999994,80.225,78.95666666666666,68.77458333333334,0.09784874970398505,0.16352690119088675,-0.0656781514869017
2025-08-28 09:01:00,76.8,76.8,75.8,75.8,3000,229400.0,79.985,78.96000000000001,68.80583333333334,-0.2535094990874711,0.08011962113521516,-0.33362912022268626
2025-08-28 09:02:00,76.8,77.3,76.8,76.8,7000,539100.0,79.79999999999998,78.98166666666667,68.84124999999999,-0.44612910142737405,-0.025130123377302714,-0.42099897805007136
2025-08-28 09:03:00,76.5,76.8,76.5,76.8,5000,383100.0,79.60999999999999,79.00333333333334,68.87666666666665,-0.5919578029594419,-0.1384956592937306,-0.4534621436657113
2025-08-28 09:18:00,75.8,75.8,75.5,75.8,6000,453900.0,79.37,79.00833333333334,68.91000000000001,-0.7792371810491403,-0.2666439636448126,-0.5125932174043277
2025-08-28 09:25:00,77.1,77.1,77.1,77.1,1000,77100.0,79.205,79.03500000000001,68.9475,-0.813382139027695,-0.3759915987213891,-0.43739054030630586
2025-08-28 09:44:00,75.2,77.1,74.7,75.8,17000,1280600.0,78.99499999999999,79.02833333333334,68.97874999999999,-0.934568278309726,-0.48770693463905657,-0.44686134367066943
2025-08-28 09:45:00,74.7,77.0,74.6,77.0,11000,824800.0,78.815,79.04166666666667,69.01708333333333,-0.9231378372536483,-0.5747931151619751,-0.3483447220916732
2025-08-28 09:46:00,75.0,75.0,75.0,75.0,1000,75000.0,78.535,79.02166666666668,69.04708333333333,-1.063206433722499,-0.6724757788740799,-0.39073065484841896
2025-08-28 09:48:00,77.1,77.1,77.1,77.1,1000,77100.0,78.35,79.03666666666666,69.08333333333333,-0.9933091069248974,-0.7366424444842435,-0.25666666244065384
2025-08-28 10:02:00,77.1,77.1,77.1,77.1,500,38550.0,78.22999999999999,79.05166666666668,69.12208333333334,-0.927226482147006,-0.7747592520167961,-0.1524672301302099
2025-08-28 10:13:00,76.3,77.1,76.0,77.1,6000,459100.0,78.05999999999999,79.07166666666666,69.16,-0.864885662367783,-0.7927845340869936,-0.0721011282807894
2025-08-28 10:34:00,75.7,76.0,75.7,76.0,4000,303100.0,77.835,79.06666666666665,69.19458333333333,-0.8939361806334176,-0.8130148633962784,-0.08092131723713925
2025-08-28 10:35:00,76.6,76.6,76.6,76.6,1000,76600.0,77.715,79.07166666666667,69.23166666666667,-0.8586460034269123,-0.8221410914024053,-0.03650491202450701
2025-08-28 10:40:00,76.6,76.6,76.3,76.3,3000,229500.0,77.505,79.07,69.26625,-0.845143488482492,-0.8267415708184227,-0.01840191766406929
2025-08-28 10:42:00,76.3,76.3,76.3,76.3,1000,76300.0,77.29499999999999,79.06833333333334,69.30083333333333,-0.8249333301815085,-0.82637992269104,0.0014465925095314969
2025-08-28 10:43:00,77.0,77.0,77.0,77.0,1000,77000.0,77.24,79.075,69.33791666666666,-0.7438577551003078,-0.8098754891728936,0.06601773407258582
2025-08-28 10:47:00,77.0,77.0,77.0,77.0,1000,77000.0,77.075,79.07833333333333,69.37541666666667,-0.671859993938682,-0.7822723901260514,0.11041239618736942
2025-08-28 11:13:00,77.1,77.1,77.1,77.1,100,7710.0,76.91499999999999,79.08333333333333,69.41291666666667,-0.5998177594794356,-0.7457814639967284,0.1459637045172928
2025-08-28 11:19:00,76.0,76.0,76.0,76.0,35,2660.0,76.7,79.05333333333333,69.44708333333334,-0.6242881711198436,-0.7214828054213516,0.09719463430150799
2025-08-28 11:20:00,76.0,76.0,76.0,76.0,1000,76000.0,76.48499999999999,79.02,69.48250000000002,-0.6363457509393129,-0.7044553945249439,0.06810964358563099
2025-08-28 11:21:00,76.0,76.0,76.0,76.0,1000,76000.0,76.495,78.97166666666665,69.51666666666667,-0.6385407693056919,-0.6912724694810936,0.05273170017540163
2025-08-28 11:22:00,77.0,77.0,77.0,77.0,1000,77000.0,76.505,78.93499999999999,69.55708333333334,-0.5532116153841287,-0.6636602986617006,0.11044868327757196
2025-08-28 11:52:00,76.9,76.9,76.9,76.9,1000,76900.0,76.50999999999999,78.87833333333333,69.59791666666666,-0.4880310917659898,-0.6285344572825585,0.14050336551656872
2025-08-28 12:15:00,76.9,76.9,76.9,76.9,150,11535.0,76.565,78.82166666666667,69.63708333333334,-0.43140212207353557,-0.589107990240754,0.15770586816721843
2025-08-28 12:27:00,76.9,76.9,76.9,76.9,1000,76900.0,76.55499999999999,78.76166666666667,69.67625,-0.38211843217689534,-0.5477100786279823,0.16559164645108693
2025-08-28 12:28:00,76.1,76.1,76.0,76.0,6000,456300.0,76.565,78.68666666666667,69.71166666666666,-0.4109461004097028,-0.5203572829843264,0.10941118257462357
2025-08-28 12:30:00,76.9,76.9,76.9,76.9,1000,76900.0,76.56,78.63000000000001,69.75125,-0.35705386212590895,-0.4876965988126429,0.13064273668673393
2025-08-28 12:40:00,75.9,76.2,75.9,75.9,8000,607800.0,76.605,78.55333333333333,69.78791666666667,-0.3905336884035364,-0.46826401673082163,0.07773032832728521
2025-08-28 12:42:00,75.7,76.0,75.7,76.0,6000,455100.0,76.55,78.47333333333333,69.825,-0.40433658718626475,-0.4554785308219103,0.05114194363564556
2025-08-28 12:44:00,75.7,76.0,75.7,76.0,4000,303100.0,76.495,78.40333333333334,69.86333333333333,-0.41054299976889297,-0.44649142461130686,0.035948424842413895
2025-08-28 12:49:00,76.9,76.9,76.9,76.9,1000,76900.0,76.485,78.33833333333334,69.90541666666667,-0.3389321492308568,-0.42497956953521693,0.08604742030436013
2025-08-28 12:55:00,75.0,76.9,75.0,76.9,1012,77800.0,76.53,78.27333333333333,69.95083333333334,-0.2789643073650865,-0.39577651710119083,0.11681220973610434
2025-08-28 13:46:00,76.0,76.0,76.0,76.0,518,39368.0,76.5,78.20166666666665,69.99375,-0.3005967468450166,-0.376740563049956,0.07614381620493943
2025-08-28 13:47:00,76.0,76.3,76.0,76.3,22000,1675300.0,76.5,78.135,70.03208333333333,-0.29018801143075734,-0.35943005272611633,0.06924204129535899
2025-08-28 14:00:00,76.9,76.9,76.9,76.9,1000,76900.0,76.53,78.07833333333333,70.07750000000001,-0.23086278554858097,-0.3337165992906093,0.10285381374202834
2025-08-28 14:28:00,76.8,76.8,76.8,76.8,2000,153600.0,76.52000000000001,78.015,70.11833333333334,-0.18972920076285504,-0.30491911958505846,0.11518991882220342
2025-08-28 14:42:00,75.8,75.8,75.8,75.8,1000,75800.0,76.46000000000001,77.935,70.15416666666667,-0.23511195683371966,-0.2909576870347907,0.05584573020107103
2025-08-28 14:43:00,76.9,76.9,76.9,76.9,1000,76900.0,76.45,77.87333333333332,70.19458333333334,-0.1802396209139232,-0.2688140738106172,0.08857445289669402
2025-08-28 14:56:00,76.9,76.9,76.9,76.9,1000,76900.0,76.49499999999999,77.81166666666667,70.23499999999999,-0.13519446176408678,-0.24209015140131113,0.10689568963722434
2025-08-28 14:58:00,76.9,76.9,76.9,76.9,500,38450.0,76.54,77.75,70.27541666666667,-0.09836199278041136,-0.2133445196771312,0.11498252689671984
2025-08-28 15:00:00,77.2,77.2,77.2,77.2,1000,77200.0,76.60000000000001,77.69333333333333,70.32083333333334,-0.04445208696380121,-0.1795660331344652,0.135113946170664
2025-08-07 09:01:00,50.7,50.7,50.7,50.7,28,1419.6,75.285,77.19666666666667,70.25625,-2.115668518737536,-0.5667865302550795,-1.5488819884824565
2025-08-07 09:32:00,50.7,50.7,50.5,50.5,12000,607600.0,73.965,76.69500000000001,70.19041666666665,-3.730260668774079,-1.19948135795888,-2.5307793108151992
2025-08-07 09:33:00,50.8,50.8,50.6,50.6,10000,507000.0,72.65,76.195,70.12458333333333,-4.944767217449154,-1.948538529856935,-2.996228687592219
2025-08-07 09:37:00,50.6,50.6,50.6,50.6,1000,50600.0,71.33500000000001,75.69833333333334,70.05958333333334,-5.83995306364816,-2.7268214366151806,-3.1131316270329794
2025-08-07 09:40:00,50.6,50.6,50.6,50.6,2000,101200.0,70.06500000000001,75.20833333333333,69.99333333333334,-6.474757324189859,-3.4764086141301167,-2.9983487100597426
2025-08-07 09:41:00,50.6,50.6,50.6,50.6,2000,101200.0,68.75,74.70833333333333,69.92708333333333,-6.898324681318634,-4.160791827567821,-2.737532853750813
2025-08-07 09:44:00,50.6,50.6,50.6,50.6,1000,50600.0,67.485,74.20833333333333,69.86208333333333,-7.15156606161819,-4.758946674377896,-2.3926193872402948
2025-08-07 09:57:00,50.9,50.9,50.7,50.7,27000,1371900.0,66.22,73.70666666666668,69.79875,-7.260498014142122,-5.259256942330741,-2.001241071811381
2025-08-07 09:58:00,50.7,50.9,50.7,50.9,8000,406600.0,64.965,73.23,69.73541666666667,-7.247148426927069,-5.656835239250007,-1.5903131876770615
2025-08-07 10:08:00,51.0,51.0,51.0,51.0,1000,51000.0,63.67,72.73833333333333,69.6725,-7.146123554585621,-5.954692902317131,-1.1914306522684903
2025-08-07 10:09:00,51.0,51.0,50.8,50.9,10000,509300.0,62.370000000000005,72.24500000000002,69.60875,-6.993512916089209,-6.162456905071547,-0.8310560110176617
2025-08-07 10:13:00,51.0,51.0,51.0,51.0,3000,153000.0,61.120000000000005,71.77833333333335,69.54625,-6.786270815659385,-6.287219687189116,-0.49905112847026967
2025-08-07 10:14:00,51.0,51.0,51.0,51.0,2000,102000.0,59.855000000000004,71.28666666666668,69.48333333333333,-6.546565229104289,-6.3390887955721515,-0.20747643353213707
2025-08-07 10:17:00,52.5,52.5,52.5,52.5,3000,157500.0,58.635000000000005,70.82000000000001,69.42708333333333,-6.164498855260781,-6.304170807509879,0.13967195224909723
2025-08-07 10:20:00,52.6,52.6,52.6,52.6,2000,105200.0,57.425,70.395,69.37041666666667,-5.78693119649153,-6.2007228853062095,0.41379168881467976
2025-08-07 10:24:00,52.6,52.6,52.6,52.6,450,23670.0,56.265,69.93333333333334,69.3125,-5.425168145359024,-6.045611937316773,0.620443791957749
2025-08-07 10:29:00,52.1,52.3,52.1,52.3,4000,208600.0,55.035000000000004,69.46666666666667,69.25041666666667,-5.103841901362216,-5.857257930125862,0.7534160287636462
2025-08-07 10:48:00,52.3,52.3,52.3,52.3,1000,52300.0,53.80499999999999,69.0,69.19125000000001,-4.793927130124139,-5.644591770125518,0.8506646400013791
2025-08-07 10:50:00,52.3,52.3,52.1,52.1,6000,313000.0,52.565,68.53,69.13000000000001,-4.5124391796655345,-5.418161252033522,0.9057220723679871
2025-08-07 11:48:00,52.1,52.1,52.1,52.1,50,2605.0,51.31,68.135,69.07291666666667,-4.240476378825711,-5.18262427739196,0.9421478985662484
2025-08-07 12:21:00,52.3,52.3,52.3,52.3,1000,52300.0,51.39,67.72666666666667,69.01125,-3.9631211772694357,-4.938723657367455,0.9756024800980194
2025-08-07 12:25:00,52.3,52.6,52.1,52.6,27000,1415100.0,51.495000000000005,67.32333333333334,68.95083333333334,-3.676724695397482,-4.686323864973461,1.0095991695759787
2025-08-07 12:27:00,52.9,52.9,52.9,52.9,3000,158700.0,51.61,66.94166666666666,68.89166666666667,-3.3865083669177807,-4.4263607653623245,1.0398523984445438
2025-08-07 12:34:00,53.2,53.2,53.0,53.0,6000,318600.0,51.73,66.54,68.83500000000001,-3.112561005665391,-4.163600813422938,1.0510398077575465
2025-08-07 12:35:00,53.2,53.2,53.2,53.2,1000,53200.0,51.86,66.16333333333334,68.77916666666667,-2.8465046855312863,-3.9001815878446076,1.0536769023133212
2025-08-07 12:36:00,53.2,53.2,53.0,53.0,8000,424800.0,51.980000000000004,65.76333333333334,68.72416666666666,-2.621571617784838,-3.644459593832654,1.0228879760478162
2025-08-07 12:42:00,53.3,53.3,53.3,53.3,3000,159900.0,52.114999999999995,65.40166666666667,68.66958333333334,-2.3915349223392184,-3.3938746595339673,1.002339737194749
2025-08-07 12:44:00,53.3,53.3,53.3,53.3,2,106.6,52.24499999999999,65.005,68.6125,-2.1840527829178455,-3.151910284210743,0.9678575012928974
2025-08-07 12:45:00,54.4,54.4,54.4,54.4,1000,54400.0,52.42,64.62666666666667,68.56375,-1.9088567730245387,-2.9032995819735024,0.9944428089489636
2025-08-07 12:48:00,54.4,54.4,54.4,54.4,2000,108800.0,52.589999999999996,64.24833333333333,68.51541666666667,-1.671494010025235,-2.656938467583849,0.9854444575586143
2025-08-07 12:49:00,55.1,55.1,54.4,54.4,3865,212356.0,52.765,63.888333333333335,68.46458333333334,-1.4664776685297625,-2.4188463077730322,0.9523686392432698
2025-08-07 12:50:00,55.2,55.2,55.2,55.2,2012,111062.4,52.975,63.531666666666666,68.41833333333332,-1.2253226697110406,-2.180141580160634,0.9548189104495934
2025-08-07 12:51:00,55.2,55.2,55.2,55.2,1000,55200.0,53.185,63.17999999999999,68.37124999999999,-1.0224197769646182,-1.948597219521431,0.9261774425568128
2025-08-07 12:57:00,55.2,55.2,55.2,55.2,1000,55200.0,53.32000000000001,62.82833333333334,68.32541666666665,-0.8517987666708109,-1.7292375289513071,0.8774387622804962
2025-08-07 13:04:00,55.2,55.2,55.2,55.2,4000,220800.0,53.45,62.465,68.28041666666667,-0.7084142285013542,-1.5250728688613164,0.8166586403599623
2025-08-07 13:05:00,55.2,55.2,55.0,55.0,6000,330200.0,53.57000000000001,62.098333333333336,68.23208333333334,-0.6039572344540503,-1.3408497419798633,0.736892507525813
2025-08-07 13:08:00,55.2,55.2,55.0,55.0,12000,661200.0,53.705,61.730000000000004,68.25083333333333,-0.5152350056767645,-1.1757267947192436,0.6604917890424791
2025-08-07 13:09:00,55.2,55.2,55.0,55.2,11000,606200.0,53.85,61.38333333333334,68.27,-0.42389724802303164,-1.0253608853800011,0.6014636373569695
2025-08-07 13:16:00,55.2,55.5,55.2,55.5,1065,59088.0,54.02,61.041666666666664,68.29125,-0.32357396498351676,-0.8850035013007043,0.5614295363171875
2025-08-07 13:19:00,57.0,57.0,57.0,57.0,6000,342000.0,54.265,60.725,68.31875,-0.12162752995274673,-0.7323283070311127,0.610700777078366
2025-08-07 13:21:00,57.2,57.2,57.2,57.2,1000,57200.0,54.510000000000005,60.394999999999996,68.34875000000001,0.05393309612494335,-0.5750760263999015,0.6290091225248449
2025-08-07 13:28:00,57.8,57.8,57.8,57.8,2000,115600.0,54.77,60.076666666666675,68.38041666666666,0.23872922087385717,-0.41231497694514974,0.6510441978190069
2025-08-07 13:29:00,57.8,57.8,57.3,57.3,1103,63701.9,54.989999999999995,59.75,68.40875,0.34090590868712667,-0.26167079981869446,0.6025767085058211
2025-08-07 13:32:00,58.8,58.8,58.8,58.8,1000,58800.0,55.279999999999994,59.44833333333334,68.44375,0.5367320212623312,-0.1019902356024893,0.6387222568648205
2025-08-07 13:50:00,58.7,58.7,58.7,58.7,500,29350.0,55.55499999999999,59.16,68.47708333333334,0.6760632260290933,0.053620456723827266,0.622442769305266
2025-08-07 13:51:00,58.7,58.7,58.5,58.5,7000,410500.0,55.83,58.85333333333333,68.51041666666667,0.7615670106636898,0.19520976751179983,0.56635724315189
2025-08-07 13:54:00,58.5,58.5,58.5,58.5,2000,117000.0,56.089999999999996,58.563333333333325,68.54375,0.8198783289880751,0.32014347980705493,0.4997348491810202
2025-08-07 13:55:00,58.5,58.5,58.5,58.5,2000,117000.0,56.35,58.27166666666666,68.57708333333333,0.856220492017286,0.42735888224910124,0.42886160976818477
2025-08-07 14:06:00,58.5,58.5,58.3,58.3,10000,584200.0,56.544999999999995,57.97666666666667,68.60875,0.8589817822308632,0.5136834622454537,0.3452983199854095
2025-08-07 14:07:00,58.7,58.9,58.5,58.9,11000,645900.0,56.77,57.67666666666667,68.64375,0.8992194679283259,0.5907906633820281,0.30842880454629773
2025-08-07 14:23:00,59.8,60.0,59.8,60.0,5000,299400.0,57.05,57.395,68.68333333333334,1.008246492700664,0.6742818292457554,0.3339646634549086
2025-08-07 14:24:00,60.3,60.3,60.3,60.3,50,3015.0,57.30499999999999,57.13333333333333,68.72416666666666,1.1061081617650146,0.7606470957496073,0.34546106601540727
2025-08-07 14:25:00,60.3,60.9,60.3,60.9,11500,697950.0,57.59000000000001,56.876666666666665,68.76749999999998,1.2180384362540124,0.8521253638504884,0.365913072403524
2025-08-07 14:26:00,60.9,60.9,60.9,60.9,3000,182700.0,57.875,56.61,68.81083333333332,1.2918523158536104,0.940070754251113,0.3517815616024974
2025-08-07 14:39:00,61.0,61.0,61.0,61.0,2000,122000.0,58.165,56.34666666666667,68.855,1.3429389472680597,1.0206443928545024,0.32229455441355737
2025-08-07 14:48:00,60.6,60.6,60.6,60.6,1000,60600.0,58.44500000000001,56.093333333333334,68.8975,1.335751106384599,1.0836657355605217,0.25208537082407734
2025-08-07 14:51:00,60.7,60.7,60.7,60.7,1000,60700.0,58.73,55.82333333333333,68.94,1.3228745802635373,1.131507504501125,0.1913670757624124
2025-09-01 09:03:00,76.2,77.0,76.2,77.0,6000,459600.0,59.81999999999999,55.825,69.05083333333333,2.597995540365119,1.4248051116739238,1.1731904286911952
2025-09-01 09:16:00,77.3,77.3,76.8,77.0,13000,1002500.0,60.894999999999996,55.82666666666667,69.16166666666666,3.5674151468222988,1.853327118703599,1.7140880281186999
2025-09-01 09:17:00,78.4,78.4,78.4,78.4,1000,78400.0,61.964999999999996,55.846666666666664,69.27833333333334,4.397958540521557,2.3622534030671907,2.0357051374543667
2025-09-01 09:18:00,76.8,76.8,76.8,76.8,1000,76800.0,62.94499999999999,56.281666666666666,69.38875,4.870914663328428,2.8639856551194383,2.0069290082089895
2025-09-01 09:19:00,78.4,78.4,78.4,78.4,1000,78400.0,63.975,56.74666666666667,69.50583333333334,5.313590660817226,3.3539066562589963,1.95968400455823
2025-09-01 09:20:00,78.4,78.4,78.4,78.4,50,3920.0,65.03,57.21,69.62208333333334,5.599862845051291,3.8030978940174553,1.7967649510338357
2025-09-01 09:21:00,77.3,77.3,77.0,77.0,8000,616600.0,65.94,57.65,69.7325,5.648653156402176,4.1722089464944,1.4764442099077764
2025-09-01 09:22:00,77.3,77.3,77.0,77.0,5000,385900.0,66.85499999999999,58.089999999999996,69.84333333333332,5.622507068071357,4.462268570809791,1.1602384972615658
2025-09-01 09:23:00,77.4,77.5,77.1,77.5,6000,463900.0,67.80499999999999,58.53833333333333,69.95625,5.577834126295684,4.6853816819069705,0.8924524443887139
2025-09-01 09:25:00,77.5,77.5,77.5,77.5,500,38750.0,68.755,58.986666666666665,70.06958333333334,5.479268896969501,4.844159124919477,0.6351097720500238
2025-09-01 09:36:00,77.3,77.3,77.3,77.3,2000,154600.0,69.69500000000001,59.43,70.18166666666666,5.323649199953607,4.940057139926303,0.38359206002730417
2025-09-01 09:41:00,76.8,76.8,76.8,76.8,2000,153600.0,70.62,59.86166666666667,70.29208333333334,5.101170529072732,4.972279817755589,0.12889071131714314
2025-09-01 09:43:00,76.7,77.0,76.7,77.0,8000,614500.0,71.525,60.295,70.40333333333335,4.884685296569799,4.954760913518431,-0.07007561694863185
2025-09-01 09:44:00,76.7,77.0,76.7,77.0,1565,120355.0,72.375,60.730000000000004,70.51500000000001,4.659408430117992,4.8956904168383435,-0.2362819867203516
2025-09-01 09:54:00,77.2,77.2,77.2,77.2,1000,77200.0,73.22,61.166666666666664,70.62708333333333,4.4457652050617895,4.805705374483033,-0.3599401694212432
2025-09-01 10:18:00,77.2,77.2,77.2,77.2,2000,154400.0,74.035,61.60333333333333,70.73875,4.227716920985728,4.690107683783572,-0.4623907627978445
2025-09-01 10:19:00,76.9,76.9,76.9,76.9,500,38450.0,74.83500000000001,62.01,70.85,3.9847706366414,4.549040274355138,-0.5642696377137382
2025-09-01 10:31:00,77.0,77.3,76.7,77.0,11000,847300.0,75.635,62.416666666666664,70.9625,3.7569948225637546,4.390631183996862,-0.6336363614331075
2025-09-01 10:46:00,77.1,77.1,77.1,77.1,1000,77100.0,76.46,62.825,71.07458333333332,3.5437004403369485,4.22124503526488,-0.6775445949279311
2025-09-01 10:47:00,77.3,77.3,77.3,77.3,1000,77300.0,77.29,63.24166666666667,71.18666666666667,3.3521598224631077,4.047427992704526,-0.6952681702414178
2025-09-01 10:48:00,77.0,77.0,77.0,77.0,3207,246939.0,77.29,63.65333333333333,71.21208333333333,3.1399595113372953,3.8659342964310794,-0.7259747850937841
2025-09-01 10:49:00,77.3,77.3,77.3,77.3,1000,77300.0,77.305,64.07333333333334,71.23875000000001,2.9618543158816095,3.685118300321186,-0.7232639844395763
2025-09-01 11:14:00,76.7,77.0,76.7,77.0,3200,245500.0,77.235,64.48833333333333,71.26416666666667,2.7646282588621176,3.5010202920293727,-0.7363920331672551
2025-09-01 11:15:00,76.6,76.8,76.5,76.8,8000,612900.0,77.235,64.89666666666666,71.28833333333334,2.562646268218799,3.3133454872672585,-0.7506992190484594
2025-09-01 11:16:00,76.4,76.7,76.4,76.7,6000,459300.0,77.15,65.29833333333333,71.31291666666668,2.367217115797743,3.1241198129733556,-0.7569026971756125
2025-09-01 11:20:00,77.2,77.2,77.2,77.2,1000,77200.0,77.09,65.70333333333333,71.33874999999999,2.227012314148226,2.94469831320833,-0.7176859990601043
2025-09-01 11:40:00,77.2,77.2,77.2,77.2,2000,154400.0,77.1,66.10666666666665,71.3625,2.0917861896177214,2.7741158884902086,-0.6823296988724872
2025-09-01 11:45:00,77.2,77.2,77.2,77.2,3000,231600.0,77.11,66.50666666666667,71.38625,1.9620017764998892,2.611693066092145,-0.6496912895922557
2025-09-01 11:55:00,76.8,77.0,76.7,77.0,7000,537500.0,77.08500000000001,66.90666666666667,71.40791666666668,1.8220054211910366,2.4537555371119235,-0.6317501159208869
2025-09-01 11:57:00,76.5,76.8,76.4,76.7,10000,765600.0,77.045,67.29666666666667,71.42833333333333,1.6676264485565753,2.296529719400854,-0.6289032708442788
2025-09-01 12:00:00,77.2,77.2,77.2,77.2,500,38600.0,77.03999999999999,67.69500000000001,71.45208333333333,1.5675560118936005,2.1507349778994036,-0.5831789660058031
2025-09-01 12:07:00,77.2,77.2,77.2,77.2,2000,154400.0,77.06,68.075,71.47583333333333,1.4712893619508804,2.014845854709699,-0.5435564927588183
2025-09-01 12:15:00,77.2,77.2,77.2,77.2,2000,154400.0,77.07000000000001,68.455,71.49833333333332,1.3790999426287982,1.8876966722935187,-0.5085967296647205
2025-09-01 12:17:00,77.2,77.2,77.2,77.2,2000,154400.0,77.08,68.835,71.52083333333333,1.2911555264348067,1.7683884431217765,-0.47723291668696977
2025-09-01 12:26:00,77.2,77.2,77.2,77.2,1000,77200.0,77.08,69.20166666666667,71.54208333333334,1.207539182961625,1.6562185910897465,-0.44867940812812135
2025-09-01 12:36:00,76.9,76.9,76.9,76.9,5000,384500.0,77.06500000000001,69.56333333333333,71.56208333333332,1.1043350485258117,1.5458418825769598,-0.4415068340511481
2025-09-01 12:37:00,77.2,77.2,77.2,77.2,1000,77200.0,77.08000000000001,69.93,71.58583333333333,1.0348237175743833,1.4436382495764446,-0.4088145320020613
2025-09-01 12:43:00,77.3,77.3,77.0,77.0,6000,462900.0,77.08000000000001,70.29333333333332,71.60875,0.952615994264022,1.3454337985139602,-0.3928178042499382
2025-09-01 12:44:00,77.3,77.3,77.3,77.3,1000,77300.0,77.09,70.66499999999999,71.6325,0.901283835040644,1.256603805819297,-0.35531997077865296
2025-09-01 12:49:00,77.3,77.4,77.0,77.2,22207,1714580.4,77.08500000000001,71.035,71.65374999999999,0.8428180825432321,1.173846661164084,-0.331028578620852
2025-09-01 12:51:00,77.6,77.6,77.6,77.6,1000,77600.0,77.115,71.40833333333333,71.67666666666668,0.8193156487342179,1.1029404586781109,-0.28362480994389294
2025-09-01 13:02:00,77.0,77.3,77.0,77.3,10000,771500.0,77.115,71.77166666666668,71.69250000000001,0.7676335065905846,1.0358790682606056,-0.268245561670021
2025-09-01 13:06:00,77.5,77.5,76.7,76.7,10000,770100.0,77.1,72.1,71.71041666666666,0.6705305917305822,0.9628093729546009,-0.29227878122401874
2025-09-01 13:07:00,77.4,77.4,77.4,77.4,1000,77400.0,77.13000000000001,72.43666666666667,71.73125,0.6426518910085832,0.8987778765653974,-0.2561259855568142
2025-09-01 13:16:00,77.3,77.3,77.3,77.3,1000,77300.0,77.16,72.76166666666667,71.75166666666665,0.6055087278673028,0.8401240468257786,-0.23461531895847576
2025-09-01 13:17:00,77.3,77.3,77.0,77.0,4000,308600.0,77.15,73.08999999999999,71.77125,0.5455759507296278,0.7812144276065485,-0.23563847687692063
2025-09-01 13:20:00,77.4,77.4,77.4,77.4,20,1548.0,77.16,73.4,71.79208333333332,0.5243115133627612,0.7298338447577911,-0.20552233139502996
2025-09-01 13:21:00,77.0,77.3,77.0,77.3,5000,385600.0,77.165,73.71,71.81375,0.493699073678016,0.6826068905418362,-0.1889078168638202
2025-09-01 13:25:00,77.4,77.4,77.4,77.4,4000,309600.0,77.185,74.025,71.83291666666668,0.4720659762192838,0.6404987076773258,-0.16843273145804194
2025-09-01 13:36:00,77.2,77.2,77.2,77.2,37000,2856400.0,77.21000000000001,74.33666666666666,71.85125000000001,0.43378288303971146,0.599155542749803,-0.16537265971009152
2025-09-01 13:40:00,77.5,77.6,77.3,77.6,53000,4108000.0,77.22999999999999,74.65499999999999,71.87124999999999,0.4307544438473059,0.5654753229693036,-0.1347208791219977
2025-09-01 13:41:00,77.9,78.5,77.6,78.5,20000,1558900.0,77.29499999999999,74.99166666666666,71.89833333333333,0.49526772432223254,0.5514338032398894,-0.0561660789176569
2025-09-01 13:43:00,78.3,78.3,78.0,78.0,5000,390900.0,77.335,75.30999999999999,71.92,0.500282200770414,0.5412034827459944,-0.040921281975580426
2025-09-01 13:46:00,78.3,78.3,78.0,78.0,5000,390900.0,77.375,75.60999999999999,71.93958333333333,0.4985096999731695,0.5326647261914295,-0.03415502621825994
2025-09-01 13:49:00,77.6,77.8,77.5,77.8,7000,543100.0,77.405,75.90166666666666,71.95708333333333,0.4754855503460078,0.5212288910223452,-0.04574334067633734
2025-09-01 14:14:00,78.3,78.3,78.0,78.0,6000,468900.0,77.46000000000001,76.18666666666667,71.97541666666666,0.4679824638820378,0.5105796055942837,-0.042597141712245934
2025-09-01 14:15:00,78.3,78.3,78.0,78.2,14000,1094400.0,77.50999999999999,76.475,71.99583333333334,0.472725259799077,0.5030087364352424,-0.030283476636165374
2025-09-01 14:30:00,78.5,78.5,78.5,78.5,1000,78500.0,77.585,76.76666666666667,72.01541666666667,0.4949855670298149,0.5014041025541569,-0.006418535524342017
2025-09-01 14:31:00,78.5,78.5,78.5,78.5,1000,78500.0,77.645,77.065,72.03083333333333,0.5067851175150935,0.5024803055463443,0.0043048119687492115
2025-09-01 14:32:00,78.0,78.2,78.0,78.2,3000,234400.0,77.695,77.35666666666667,72.04291666666667,0.48632282667006166,0.49924880977108776,-0.012925983101026106
2025-09-01 14:37:00,78.5,78.5,78.5,78.5,1000,78500.0,77.74,77.38166666666667,72.05625,0.4886806007752966,0.49713516797192964,-0.008454567196633012
2025-09-01 15:00:00,77.2,77.2,77.2,77.2,1000,77200.0,77.735,77.385,72.06541666666666,0.38125514629049917,0.47395916363564355,-0.09270401734514438
2025-09-02 09:01:00,78.5,78.5,78.5,78.5,2000,157000.0,77.825,77.38666666666667,72.07875,0.3964488198845544,0.45845709488542574,-0.06200827500087136
2025-09-02 09:02:00,78.5,78.5,78.0,78.0,4000,312500.0,77.85499999999999,77.40666666666668,72.09416666666668,0.3639487200521643,0.4395554199187735,-0.07560669986660923
2025-09-02 09:10:00,78.3,78.3,78.3,78.3,1000,78300.0,77.905,77.405,72.10708333333334,0.35826973904327986,0.4232982837436748,-0.06502854470039493
2025-09-02 09:40:00,78.3,78.3,78.0,78.3,8000,625500.0,77.97,77.40333333333334,72.12916666666666,0.3497375489190375,0.40858613677874733,-0.05884858785970981
2025-09-02 09:41:00,78.5,78.5,78.5,78.5,3000,235500.0,78.025,77.42833333333333,72.14291666666666,0.35502158743798873,0.3978732269105957,-0.04285163947260695
2025-09-02 09:50:00,78.5,78.5,78.5,78.5,3000,235500.0,78.085,77.45333333333333,72.15666666666667,0.35511567360028096,0.3893217162485328,-0.03420604264825183
2025-09-02 09:51:00,78.6,78.6,78.6,78.6,2000,157200.0,78.14500000000001,77.47166666666666,72.17041666666665,0.35911969354393136,0.38328131170761254,-0.024161618163681176
2025-09-02 09:52:00,78.6,78.6,78.3,78.3,2832,221895.6,78.2,77.485,72.18291666666667,0.33423259015457063,0.3734715673970042,-0.03923897724243358
2025-09-02 09:53:00,78.6,78.8,78.3,78.5,19000,1492500.0,78.245,77.50500000000001,72.19625,0.326879644876243,0.36415318289285203,-0.03727353801660904
2025-09-02 09:54:00,79.0,79.1,79.0,79.1,4000,316100.0,78.275,77.54333333333332,72.21083333333333,0.3652569140185591,0.3643739291179935,0.0008829849005655976
2025-09-02 09:57:00,79.1,79.1,79.1,79.1,1000,79100.0,78.33000000000001,77.57833333333333,72.22541666666666,0.39116210307285826,0.3697315639089665,0.02143053916389176
2025-09-02 10:03:00,79.1,79.1,78.8,79.0,6000,473600.0,78.38000000000001,77.61166666666666,72.23958333333333,0.39902329560175076,0.3755899102475234,0.023433385354227343
2025-09-02 10:06:00,79.1,79.1,78.8,78.8,10000,788900.0,78.42999999999999,77.63833333333334,72.25291666666666,0.3846806595990131,0.3774080601178214,0.007272599481191688
2025-09-02 10:17:00,78.8,78.8,78.8,78.8,1000,78800.0,78.47,77.665,72.26625,0.3690597264390618,0.37573839338206955,-0.006678666943007727
2025-09-02 10:20:00,79.2,79.2,79.2,79.2,2000,158400.0,78.52000000000001,77.70333333333333,72.28125,0.38452412665346003,0.37749554003634767,0.0070285866171123645
2025-09-02 10:25:00,78.8,78.8,78.8,78.8,1000,78800.0,78.535,77.73333333333333,72.29458333333334,0.36034923648919914,0.374066279326918,-0.013717042837718851
2025-09-02 10:37:00,78.4,78.8,78.4,78.8,6000,470800.0,78.55,77.76166666666667,72.30791666666667,0.33730225147174053,0.36671347375588254,-0.029411222284142002
2025-09-02 10:39:00,78.3,78.6,78.0,78.6,8000,626100.0,78.57000000000001,77.78333333333333,72.32041666666666,0.29944718057235775,0.3532602151191776,-0.05381303454681985
2025-09-02 10:53:00,78.2,78.5,78.2,78.5,7000,548000.0,78.57000000000001,77.80833333333334,72.335,0.25839893778140777,0.33428795965162367,-0.0758890218702159
2025-09-02 11:13:00,78.5,79.0,78.5,79.0,4000,314500.0,78.66,77.83666666666666,72.34916666666666,0.2631799562468302,0.320066358970665,-0.05688640272383477
2025-09-02 11:15:00,78.8,78.8,78.8,78.8,1000,78800.0,78.675,77.86666666666666,72.3625,0.24797215069983736,0.3056475173164995,-0.057675366616662116
2025-09-02 11:16:00,77.7,78.0,77.7,78.0,10000,778500.0,78.675,77.88666666666667,72.37291666666667,0.16941364606101672,0.2784007430654029,-0.10898709700438619
2025-09-02 11:20:00,78.5,78.5,78.5,78.5,1000,78500.0,78.685,77.91666666666667,72.38541666666667,0.14582036013531763,0.25188466647938584,-0.10606430634406822
2025-09-02 11:35:00,78.2,78.5,78.2,78.5,9000,706200.0,78.69500000000001,77.93833333333333,72.39791666666666,0.12567382147403805,0.22664249747831627,-0.10096867600427822
2025-09-02 12:20:00,78.8,78.8,78.8,78.8,1000,78800.0,78.71000000000001,77.965,72.41166666666666,0.13238893994200396,0.20779178597105383,-0.07540284602904987
2025-09-02 12:31:00,78.0,78.0,78.0,78.0,43000,3354000.0,78.685,77.97833333333334,72.41916666666667,0.07232370295888302,0.18069816936861968,-0.10837446640973666
2025-09-02 12:38:00,77.8,78.3,77.8,78.0,44139,3455714.2,78.655,77.99500000000002,72.42666666666668,0.0244398426107324,0.14944650401704224,-0.12500666140630984
2025-09-02 12:45:00,78.8,78.8,78.8,78.8,1000,78800.0,78.67999999999999,78.02999999999999,72.4375,0.050463144701396345,0.12964983215391307,-0.07918668745251672
2025-09-02 12:54:00,78.8,78.8,78.8,78.8,3000,236400.0,78.695,78.05666666666666,72.44833333333332,0.07027669312340379,0.1177752043478112,-0.047498511224407416
2025-09-02 12:56:00,78.4,78.5,78.4,78.5,3000,235400.0,78.66499999999999,78.07833333333333,72.45791666666666,0.06106763056943976,0.10643368959213692,-0.045366059022697164
2025-09-02 13:08:00,77.8,78.0,77.7,78.0,11000,856100.0,78.60999999999999,78.09166666666667,72.46666666666667,0.013270585769959098,0.08780106882770135,-0.07453048305774225
2025-09-02 13:11:00,78.1,78.1,78.1,78.1,500,39050.0,78.565,78.10666666666667,72.47416666666668,-0.016351265121599567,0.06697060203784116,-0.08332186715944073
2025-09-02 13:16:00,78.3,78.3,78.0,78.0,4538,354864.0,78.525,78.11999999999999,72.48125,-0.047350136730401005,0.04410645428419273,-0.09145659101459373
2025-09-02 13:19:00,78.9,78.9,78.9,78.9,1000,78900.0,78.53,78.15333333333334,72.49166666666666,0.0006974725416739602,0.035424657935688976,-0.034727185394015016
2025-09-02 14:51:00,78.9,78.9,78.9,78.9,4,315.6,78.515,78.18166666666667,72.50208333333333,0.038333662455215745,0.03600645883959433,0.002327203615621415
2025-09-03 09:01:00,78.8,78.8,78.8,78.8,3000,236400.0,78.515,78.21166666666666,72.51125,0.05940664700337095,0.040686496472349655,0.018720150531021294
2025-09-03 09:02:00,78.5,78.8,78.5,78.8,5000,393100.0,78.515,78.23666666666666,72.51958333333333,0.07523982125616158,0.04759716142911204,0.027642659827049533
2025-09-03 09:03:00,78.8,78.8,78.8,78.8,1000,78800.0,78.525,78.26333333333334,72.52791666666666,0.08678729599830604,0.055435188342950845,0.03135210765535519
2025-09-03 09:07:00,78.5,78.5,78.5,78.5,3000,235500.0,78.525,78.27833333333334,72.53083333333332,0.07091380987321827,0.05853091264900434,0.012382897224213929
2025-09-03 09:16:00,78.5,78.5,78.5,78.5,5000,392500.0,78.5,78.29833333333333,72.53291666666665,0.05766918330944293,0.05835856678109207,-0.0006893834716491382
2025-09-03 09:19:00,78.8,78.8,78.8,78.8,1,78.8,78.5,78.33333333333333,72.53250000000001,0.07056676439695764,0.06080020630426519,0.009766558092692446
2025-09-03 10:03:00,78.2,78.5,78.2,78.5,6000,469500.0,78.525,78.35166666666667,72.52958333333335,0.055935903261570274,0.05982734569572622,-0.0038914424341559423
2025-09-03 10:13:00,77.7,78.0,77.4,77.7,12000,931200.0,78.485,78.35833333333333,72.51875,-0.01998213213806821,0.04386545012896733,-0.06384758226703555
2025-09-03 10:14:00,78.8,78.8,78.8,78.8,1000,78800.0,78.5,78.38833333333334,72.5125,0.008514929952099237,0.036795346093593716,-0.02828041614149448
2025-09-03 10:44:00,76.7,77.2,76.5,77.0,24000,1844300.0,78.41,78.38166666666667,72.49791666666667,-0.11284509182856084,0.006867258509162797,-0.11971235033772364
2025-09-03 10:45:00,78.2,78.2,78.2,78.2,1000,78200.0,78.42,78.39666666666668,72.48833333333332,-0.11091525029685556,-0.01668924325204088,-0.09422600704481468
2025-09-03 10:51:00,76.7,77.0,76.6,77.0,7000,536900.0,78.37,78.39,72.47458333333333,-0.20386577046092214,-0.05412454869381715,-0.14974122176710497
2025-09-03 10:54:00,76.9,79.0,76.9,79.0,6000,463700.0,78.38000000000001,78.42,72.46833333333332,-0.11482283588334496,-0.06626420613172272,-0.04855862975162224
2025-09-03 10:57:00,78.3,78.6,78.0,78.3,8000,627000.0,78.355,78.43166666666667,72.45791666666668,-0.09959178644641042,-0.07292972219466026,-0.02666206425175016
2025-09-03 10:59:00,78.0,78.0,78.0,78.0,1000,78000.0,78.33000000000001,78.42333333333335,72.44875,-0.11045530285397831,-0.08043483832652387,-0.030020464527454438
2025-09-03 11:00:00,78.7,78.7,77.2,77.2,2000,155900.0,78.29,78.41000000000001,72.43374999999999,-0.18152551881030377,-0.10065297442327986,-0.0808725443870239
2025-09-03 11:02:00,78.7,78.7,78.7,78.7,1000,78700.0,78.32,78.42166666666667,72.425,-0.1154805253993203,-0.10361848461848797,-0.011862040780832334
2025-09-03 11:18:00,77.4,77.4,77.3,77.3,8000,618900.0,78.285,78.41333333333334,72.4125,-0.17410076673944275,-0.11771494104267895,-0.0563858256967638
2025-09-03 11:19:00,77.6,77.6,77.6,77.6,1000,77600.0,78.22,78.40666666666668,72.40124999999999,-0.19411262799749807,-0.1329944784336428,-0.06111814956385528
2025-09-03 11:21:00,77.6,78.5,77.6,78.5,3000,233700.0,78.2,78.41166666666668,72.39375,-0.13578445515983617,-0.13355247377888146,-0.0022319813809547062
2025-09-03 11:24:00,77.7,77.7,77.7,77.7,19000,1476300.0,78.14500000000001,78.39833333333334,72.38166666666667,-0.15235600686638406,-0.137313180396382,-0.015042826470002074
2025-09-03 11:25:00,77.7,77.7,77.7,77.7,16000,1243200.0,78.09,78.385,72.36958333333332,-0.16360316553257803,-0.14257117742362121,-0.021031988108956817
2025-09-03 11:26:00,78.0,78.6,78.0,78.6,36000,2808600.0,78.08,78.39166666666667,72.36125,-0.09875574664674502,-0.13380809126824597,0.03505234462150095
2025-09-03 11:27:00,78.6,78.6,78.6,78.6,1000,78600.0,78.085,78.39333333333333,72.35291666666667,-0.04682394271458179,-0.11641126155751313,0.06958731884293134
2025-09-03 11:42:00,78.6,78.6,78.3,78.6,5000,392100.0,78.09,78.41666666666667,72.34458333333333,-0.00560302575672722,-0.09424961439735595,0.08864658864062873
2025-09-03 11:44:00,77.6,77.6,77.5,77.5,6000,465300.0,78.025,78.4,72.33166666666668,-0.06099287115149821,-0.08759826574818441,0.026605394596686205
2025-09-03 11:46:00,77.8,77.8,77.8,77.8,3000,233400.0,77.99,78.39666666666668,72.32041666666667,-0.07976277428242895,-0.08603116745503332,0.006268393172604372
2025-09-03 11:47:00,77.6,77.6,77.6,77.6,1000,77600.0,77.98499999999999,78.38499999999999,72.30791666666666,-0.10951397731342638,-0.09072772942671195,-0.01878624788671443
2025-09-03 11:48:00,77.2,77.5,77.2,77.5,21000,1624500.0,77.91999999999999,78.37166666666667,72.295,-0.13955250986118983,-0.10049268551360754,-0.03905982434758229
2025-09-03 11:50:00,77.8,77.8,77.8,77.8,1000,77800.0,77.96,78.36,72.28416666666665,-0.13756500675918915,-0.10790714976272388,-0.029657856996465268
2025-09-03 11:51:00,77.8,77.8,77.8,77.8,500,38900.0,77.94,78.34833333333334,72.275,-0.13444015382444263,-0.11321375057506763,-0.021226403249374998
2025-09-03 11:54:00,77.2,77.2,77.2,77.2,900,69480.0,77.94999999999999,78.325,72.26083333333332,-0.17832307356134436,-0.126235615172323,-0.052087458389021346
2025-09-03 11:55:00,77.2,77.5,77.2,77.5,10000,773500.0,77.87499999999999,78.31166666666667,72.24791666666667,-0.18674048277331678,-0.13833658869252177,-0.04840389408079501
2025-09-03 11:56:00,77.2,77.5,77.2,77.5,10000,773500.0,77.835,78.295,72.23416666666665,-0.19120722238072574,-0.14891071543016257,-0.04229650695056317
2025-09-03 11:57:00,77.1,77.9,77.1,77.9,8000,618200.0,77.83,78.275,72.22749999999999,-0.16061897310014217,-0.1512523669641585,-0.009366606135983668
2025-09-03 11:58:00,78.3,78.8,78.0,78.0,5000,391700.0,77.86999999999999,78.25666666666666,72.21708333333332,-0.12684619690480758,-0.14637113295228832,0.019524936047480734
2025-09-03 12:01:00,78.3,78.3,78.3,78.3,1000,78300.0,77.85,78.24499999999999,72.20791666666666,-0.07500887997792915,-0.13209868235741648,0.057089802379487326
2025-09-03 12:02:00,78.0,78.0,78.0,78.0,1000,78000.0,77.88499999999999,78.23166666666665,72.20374999999999,-0.05747241936593639,-0.11717342975912046,0.05970101039318407
2025-09-03 12:21:00,77.7,78.0,77.7,78.0,4010,311880.0,77.905,78.21833333333332,72.19333333333333,-0.04307807080252246,-0.10235435796780087,0.05927628716527841
2025-09-03 12:28:00,77.8,77.8,77.8,77.8,1000,77800.0,77.86999999999999,78.195,72.18208333333332,-0.047263945052804957,-0.0913362753848017,0.04407233033199674
2025-09-03 12:30:00,77.5,78.3,77.5,78.3,2000,155800.0,77.9,78.18666666666667,72.18291666666667,-0.010118815818103144,-0.07509278347146199,0.06497396765335885
2025-09-03 12:59:00,77.1,77.1,77.1,77.1,1000,77100.0,77.86999999999999,78.15833333333333,72.16958333333334,-0.07662768817475296,-0.0753997644121202,-0.0012279237626327683
2025-09-03 13:00:00,78.3,78.3,78.3,78.3,1000,78300.0,77.85499999999999,78.15333333333334,72.16125000000001,-0.032136033318280965,-0.06674701819335235,0.03461098487507139
2025-09-03 13:03:00,78.3,78.3,78.3,78.3,1000,78300.0,77.84,78.15,72.15291666666666,0.0030883234304468488,-0.05277994986859251,0.05586827329903936
2025-09-03 13:04:00,78.0,78.0,78.0,78.0,1000,78000.0,77.80999999999999,78.13333333333334,72.14333333333333,0.0067189354309533655,-0.040880172808683335,0.0475991082396367
2025-09-03 13:05:00,78.3,78.3,78.3,78.3,2000,156600.0,77.85,78.125,72.15375,0.033418486879440934,-0.026020440871058478,0.059438927750499415
2025-09-03 13:23:00,77.5,77.5,77.5,77.5,2000,155000.0,77.83500000000001,78.11666666666666,72.15666666666668,-0.009861562406001667,-0.02278866517804712,0.012927102772045451
2025-09-03 13:25:00,78.4,78.4,78.4,78.4,1000,78400.0,77.875,78.115,72.16333333333334,0.02813682134365081,-0.012603567873707531,0.04074038921735834
2025-09-03 13:29:00,77.1,77.1,77.1,77.1,3000,231300.0,77.855,78.09166666666667,72.16875,-0.046116716417657244,-0.019306197582497478,-0.026810518835159766
2025-09-03 13:31:00,77.4,78.4,77.1,78.4,9000,696100.0,77.885,78.085,72.17416666666666,-6.331476150478466e-05,-0.01545762101829894,0.015394306256794155
2025-09-03 13:57:00,77.0,77.3,77.0,77.3,25000,1928000.0,77.85999999999999,78.07333333333332,72.18041666666666,-0.05173015603075726,-0.02271212802079061,-0.029018028009966647
2025-09-03 14:19:00,77.7,77.7,77.7,77.7,1000,77700.0,77.885,78.06833333333333,72.18333333333334,-0.05971152561743054,-0.030112007540118602,-0.029599518077311936
2025-09-03 14:30:00,77.7,77.9,77.7,77.9,8000,622500.0,77.905,78.05333333333334,72.19541666666667,-0.049329846226740415,-0.033955575277442966,-0.015374270949297449
2025-09-03 14:31:00,78.0,78.0,78.0,78.0,3000,234000.0,77.93,78.04,72.19916666666667,-0.03265668036534919,-0.033695796295024213,0.0010391159296750246
2025-09-03 14:38:00,78.9,78.9,78.9,78.9,1000,78900.0,77.97999999999999,78.04666666666667,72.20666666666666,0.05257336901740928,-0.016441963232537514,0.0690153322499468
2025-09-04 09:06:00,78.0,78.0,78.0,78.0,2000,156000.0,77.97999999999999,78.04666666666667,72.21041666666666,0.04695505022590396,-0.0037625605408492164,0.05071761076675318
2025-09-04 09:09:00,78.2,78.5,78.2,78.5,8000,627100.0,77.99,78.05333333333333,72.22083333333333,0.08190417310748899,0.01337078618881843,0.06853338691867056
2025-09-04 09:20:00,77.7,78.0,77.7,78.0,12040,937320.0,77.99,78.05333333333333,72.22666666666666,0.06846654376276717,0.024389937703608183,0.04407660605915899
2025-09-04 09:53:00,77.4,77.7,77.3,77.7,7000,541800.0,77.975,78.03333333333333,72.2325,0.033226617139263226,0.026157273590739192,0.007069343548524034
2025-09-04 09:58:00,78.2,78.2,78.2,78.2,1000,78200.0,77.995,78.02166666666666,72.24041666666668,0.04512437699675331,0.029950694271942017,0.015173682724811295
2025-09-04 10:56:00,77.5,77.5,77.5,77.5,4000,310000.0,77.955,78.0,72.2425,-0.001908710032239469,0.02357881341110572,-0.02548752344334519
2025-09-04 10:57:00,78.0,78.0,78.0,78.0,1000,78000.0,78.0,77.98666666666666,72.24666666666667,0.001149796825771432,0.019093010094038864,-0.017943213268267432
2025-09-04 11:08:00,78.0,78.2,78.0,78.2,7000,546400.0,77.995,77.97666666666667,72.25125,0.019487375739302593,0.019171883223091612,0.00031549251621098076
2025-09-04 11:26:00,77.7,78.0,77.7,78.0,8000,622200.0,77.98,77.96833333333333,72.25958333333332,0.017677930435183953,0.018873092665510082,-0.0011951622303261293
2025-09-04 12:33:00,78.0,78.0,78.0,78.0,1000,78000.0,77.98,77.96000000000001,72.26791666666666,0.016058815961187634,0.01831023732464559,-0.002251421363457958
2025-09-04 12:34:00,78.0,78.0,78.0,78.0,1000,78000.0,77.965,77.94666666666667,72.27624999999999,0.014607272530426485,0.01756964436580177,-0.0029623718353752847
2025-09-04 12:39:00,78.0,78.0,78.0,78.0,1000,78000.0,77.99,77.93833333333333,72.28041666666667,0.013303558759560019,0.01671642724455342,-0.0034128684849934025
2025-09-04 12:40:00,78.0,78.0,78.0,78.0,1000,78000.0,77.97,77.94333333333334,72.28500000000001,0.012130523084266542,0.015799246412496047,-0.003668723328229505
2025-09-04 12:45:00,78.1,78.1,77.8,77.8,2100,163410.0,78.005,77.92666666666666,72.28875,-0.004881177494198141,0.01166316163115721,-0.01654433912535535
2025-09-04 12:49:00,77.7,77.7,77.7,77.7,2000,155400.0,77.97,77.93833333333333,72.29208333333334,-0.02613101495603587,0.004104326313718593,-0.03023534126975446
2025-09-04 12:51:00,78.0,78.0,78.0,78.0,2000,156000.0,78.00500000000001,77.935,72.30041666666668,-0.018550334734314333,-0.0004266058958879936,-0.01812372883842634
2025-09-04 12:54:00,78.2,78.2,78.2,78.2,100,7820.0,78.03,77.955,72.30583333333334,0.0035547604221335405,0.00036966736771631346,0.003185093054417227
2025-09-04 12:57:00,78.2,78.2,78.2,78.2,100,7820.0,78.045,77.94166666666666,72.31541666666665,0.020833057078348816,0.004462345309842816,0.016370711768505998
2025-09-04 12:58:00,78.2,78.2,78.2,78.2,3000,234600.0,78.05499999999999,77.94,72.32458333333332,0.034132770332320206,0.010396430314338297,0.02373634001798191
2025-09-04 13:12:00,77.8,77.8,77.8,77.8,2000,155600.0,78.0,77.93666666666667,72.33208333333332,0.012254964245471456,0.01076813710056493,0.0014868271449065256
2025-09-04 13:13:00,77.8,78.2,77.7,78.2,5000,389100.0,78.01,77.95333333333333,72.3375,0.026883407177479057,0.013991191115947757,0.0128922160615313
2025-09-04 13:24:00,78.1,78.1,78.1,78.1,2,156.2,77.99000000000001,77.94333333333334,72.3425,0.030060866372892292,0.017205126167336666,0.012855740205555626
2025-09-04 13:25:00,77.7,77.7,77.7,77.7,3000,233100.0,77.975,77.95,72.34958333333333,0.0002989228208747363,0.01382388549804428,-0.013524962677169544
2025-09-04 13:32:00,78.0,78.0,78.0,78.0,1000,78000.0,77.99000000000001,77.95666666666666,72.35666666666665,0.0009093781824702774,0.01124098403492948,-0.010331605852459203
2025-09-04 13:34:00,77.3,77.9,77.2,77.8,10000,773800.0,77.97,77.945,72.36041666666667,-0.014577124063379188,0.006077362415267746,-0.020654486478646934
2025-09-04 13:35:00,77.8,77.8,77.8,77.8,1000,77800.0,77.985,77.94666666666667,72.36458333333333,-0.02654430247180528,-0.00044697056214686143,-0.02609733190965842
2025-09-04 13:39:00,77.8,77.8,77.8,77.8,1000,77800.0,77.975,77.94833333333332,72.37291666666667,-0.035617797777874216,-0.007481136005292335,-0.02813666177258188
2025-09-04 14:26:00,78.3,78.3,78.3,78.3,1000,78300.0,77.97999999999999,77.94333333333333,72.37875,-0.002434720906222765,-0.006471852985478422,0.004037132079255657
2025-09-04 14:46:00,77.5,77.5,77.5,77.5,1000,77500.0,77.955,77.925,72.38125,-0.040226501466548825,-0.013222782681692507,-0.02700371878485632
2025-09-04 14:58:00,78.1,78.1,78.1,78.1,1000,78100.0,77.96000000000001,77.91666666666667,72.38625,-0.02151377681761346,-0.014880981508876701,-0.0066327953087367605
2025-09-05 09:01:00,78.1,78.1,78.1,78.1,3000,234300.0,77.965,77.92666666666666,72.39,-0.006607638966528384,-0.013226313000407039,0.006618674033878655
2025-09-05 09:06:00,78.2,78.2,78.2,78.2,3000,234600.0,77.975,77.93333333333334,72.50458333333334,0.013123467771109176,-0.007956356846103794,0.021079824617212972
2025-09-05 09:08:00,78.3,78.3,78.0,78.0,6000,468900.0,77.975,77.94000000000001,72.61916666666667,0.012478340938542942,-0.003869417289174446,0.016347758227717387
2025-09-05 09:14:00,77.8,78.0,77.7,78.0,13000,1012500.0,77.985,77.94833333333334,72.73333333333333,0.01183069637241374,-0.000729394556856808,0.012560090929270549
2025-09-05 09:15:00,77.8,77.8,77.8,77.8,1000,77800.0,77.99,77.94833333333332,72.84666666666666,-0.0047659561665369665,-0.00153670687879284,-0.0032292492877441263
2025-09-05 09:16:00,78.0,78.0,78.0,78.0,1000,78000.0,77.99,77.95166666666665,72.96083333333333,-0.0017603026723662651,-0.001581426037507525,-0.00017887663485874014
2025-09-05 09:18:00,78.0,78.0,78.0,78.0,2000,156000.0,77.97999999999999,77.96499999999999,73.075,0.0006146144831404854,-0.001142217933377923,0.0017568324165184084
2025-09-05 09:19:00,78.3,78.3,77.9,77.9,4000,312800.0,77.965,77.97166666666666,73.18875000000001,-0.005508907568625432,-0.002015555860427425,-0.0034933517081980068
2025-09-05 09:21:00,77.9,77.9,77.9,77.9,1000,77900.0,77.95,77.97833333333332,73.30208333333333,-0.010243759232324123,-0.0036611965348067655,-0.006582562697517358
2025-09-05 09:29:00,78.3,78.3,78.0,78.0,12000,937800.0,77.96,77.98,73.41499999999999,-0.005859454875022152,-0.0041008482028498435,-0.0017586066721723085
2025-09-05 09:30:00,78.3,78.3,78.0,78.0,13000,1016700.0,77.95,77.98,73.52749999999999,-0.0023576841691692607,-0.003752215396113727,0.0013945312269444663
2025-09-05 09:38:00,78.0,78.0,78.0,78.0,1000,78000.0,77.945,77.975,73.64041666666667,0.00041273657382134843,-0.002919225002126712,0.0033319615759480605
2025-09-05 09:39:00,78.0,78.3,78.0,78.3,8000,624900.0,77.975,77.98,73.75416666666666,0.02651021451691804,0.0029666629016822403,0.0235435516152358
2025-09-05 09:42:00,78.6,78.6,78.3,78.3,2000,156900.0,77.99000000000001,77.985,73.86791666666667,0.04665484578839596,0.011704299479024988,0.03495054630937097
2025-09-05 09:48:00,78.6,78.6,78.3,78.3,4000,314100.0,78.015,77.99333333333334,73.97541666666667,0.06190599740234859,0.021744639063689713,0.04016135833865887
2025-09-05 10:02:00,78.3,78.3,78.3,78.3,1000,78300.0,78.03999999999999,77.99333333333333,74.0825,0.0731494239101238,0.032025596032976535,0.041123827877147266
2025-09-05 10:03:00,78.0,78.0,78.0,78.0,5000,390000.0,78.05,78.00833333333334,74.18833333333333,0.057193140702139544,0.037059104966809135,0.02013403573533041
2025-09-05 10:23:00,78.3,78.3,78.0,78.0,6000,468900.0,78.035,78.00333333333333,74.29541666666667,0.04404000553118692,0.038455285079684695,0.005584720451502226
2025-09-05 10:45:00,77.7,78.0,77.7,78.0,4000,311100.0,78.06,77.99833333333332,74.40249999999999,0.03323296224304784,0.03741082051235733,-0.004177858269309491
2025-09-05 12:03:00,77.7,77.7,77.7,77.7,1000,77700.0,78.03999999999999,77.99333333333334,74.50916666666667,0.00045555838775612756,0.030019768087437088,-0.02956420969968096
2025-09-05 12:05:00,78.3,78.3,78.3,78.3,1000,78300.0,78.05,77.99333333333333,74.61833333333334,0.022633312536598282,0.028542476977269332,-0.00590916444067105
2025-09-05 12:19:00,78.3,78.3,78.0,78.0,18000,1406400.0,78.03999999999999,78.00166666666665,74.72541666666666,0.015819492424867576,0.025997880066788985,-0.010178387641921409
2025-09-05 12:54:00,78.0,78.0,78.0,78.0,500,39000.0,78.03999999999999,77.99499999999999,74.83125,0.010300750258409153,0.022858454105113023,-0.01255770384670387
2025-09-05 13:16:00,78.0,78.0,78.0,78.0,500,39000.0,78.03999999999999,78.00999999999999,74.93583333333332,0.005859561948412306,0.01945867567377288,-0.013599113725360573
2025-09-05 13:33:00,78.0,78.0,78.0,78.0,1000,78000.0,78.05,78.00333333333333,75.03999999999999,0.0023132228229343355,0.016029585103605172,-0.013716362280670837
2025-09-05 13:55:00,77.8,77.8,77.8,77.8,1000,77800.0,78.03999999999999,78.01166666666667,75.1425,-0.016446025469946335,0.00953446298889487,-0.025980488458841204
2025-09-05 13:57:00,78.1,78.1,78.1,78.1,1000,78100.0,78.045,78.01833333333335,75.24708333333335,-0.007024399198328979,0.0062226905514500995,-0.01324708974977908
2025-09-05 14:04:00,77.7,78.1,77.6,78.1,7000,544200.0,78.05499999999999,78.02166666666666,75.35041666666666,0.0004372669597643153,0.005065605833112943,-0.004628338873348628
2025-09-05 14:23:00,78.0,78.0,77.7,77.7,7000,544500.0,78.045,78.01666666666667,75.45208333333333,-0.025630513309081948,-0.0010736179953260369,-0.024556895313755912
2025-09-05 14:25:00,78.2,78.2,78.2,78.2,1000,78200.0,78.055,78.00500000000001,75.55125000000001,-0.005875862370899654,-0.002034066870440761,-0.003841795500458893
2025-09-05 14:32:00,77.9,77.9,77.9,77.9,4000,311600.0,78.05,78.00333333333333,75.64916666666666,-0.014263234286886473,-0.004479900353729904,-0.009783333933156568
2025-09-05 14:33:00,78.2,78.2,78.2,78.2,200,15640.0,78.06,77.99833333333332,75.74833333333332,0.0032596308420380637,-0.0029319941145763105,0.006191624956614374
2025-09-05 14:35:00,78.2,78.2,78.2,78.2,200,15640.0,78.055,78.00166666666668,75.84416666666668,0.01695122453742215,0.0010446496158233827,0.015906574921598766
2025-09-05 14:47:00,77.9,77.9,77.9,77.9,15000,1168500.0,78.035,78.00500000000001,75.93875,0.003553456355334106,0.0015464109637255276,0.0020070453916085783
2025-09-05 14:48:00,77.9,77.9,77.9,77.9,35000,2726500.0,78.015,78.0,76.03333333333333,-0.0069838657970819895,-0.00015964438843597633,-0.006824221408646013
2025-09-05 14:50:00,78.2,78.2,78.2,78.2,50000,3910000.0,78.01,78.01166666666668,76.12916666666666,0.008771609619657283,0.0016266064131826763,0.007145003206474607
2025-09-05 14:54:00,78.3,78.3,78.3,78.3,1000,78300.0,78.025,78.01666666666667,76.22625,0.02899288967981306,0.007099863066508756,0.021893026613304306
2025-09-05 14:56:00,78.3,78.3,78.0,78.0,15000,1172100.0,78.025,78.01333333333332,76.32208333333332,0.020573745685027234,0.009794639590212453,0.010779106094814781
2025-09-05 14:59:00,78.2,78.2,78.2,78.2,3000,234600.0,78.035,78.01666666666667,76.41791666666667,0.029697507561650127,0.01377521318449999,0.015922294377150138
2025-09-08 09:01:00,78.2,78.2,78.2,78.2,1000,78200.0,78.06,78.02,76.5125,0.03650732091158204,0.018321634729916405,0.018185686181665637
2025-09-08 09:10:00,78.3,78.3,78.0,78.0,5000,390900.0,78.045,78.02,76.6,0.025472190961679075,0.019751745976268942,0.005720444985410134
2025-09-08 09:12:00,78.0,78.0,78.0,78.0,500,39000.0,78.045,78.02,76.68666666666668,0.01653615249995255,0.019108627281005666,-0.0025724747810531162
2025-09-08 09:21:00,79.9,79.9,79.9,79.9,3000,239700.0,78.14,78.05166666666666,76.77874999999999,0.16091348814957485,0.04746959945471951,0.11344388869485533
2025-09-08 09:28:00,79.3,79.3,78.1,78.1,4000,313600.0,78.14500000000001,78.05666666666667,76.86541666666668,0.12860611877934502,0.06369690331964463,0.0649092154597004
2025-09-08 09:30:00,78.0,78.3,78.0,78.0,6000,468900.0,78.14500000000001,78.06166666666667,76.94541666666667,0.09385127247755065,0.06972777715122584,0.02412349532632481
2025-09-08 09:48:00,78.8,78.8,78.5,78.5,4000,314900.0,78.18,78.07,77.02791666666667,0.105438201757039,0.07686986207238848,0.028568339684650515
2025-09-08 09:49:00,79.3,79.3,79.0,79.0,5000,395900.0,78.225,78.08333333333333,77.11333333333333,0.1532007451895936,0.09213603869582951,0.06106470649376408
2025-09-08 09:59:00,79.3,79.3,79.0,79.0,4000,316900.0,78.27000000000001,78.09666666666666,77.19875,0.18887566388815458,0.11148396373429453,0.07739170015386004
2025-09-08 10:07:00,78.2,78.5,78.2,78.5,6000,470100.0,78.31,78.10166666666667,77.28208333333333,0.1747876296618074,0.12414469691979713,0.05064293274201026
2025-09-08 10:08:00,79.4,79.4,79.1,79.1,6000,475500.0,78.35499999999999,78.12333333333332,77.36875,0.2096213620524452,0.14124002994632676,0.06838133210611844
2025-09-08 10:25:00,78.2,78.8,78.2,78.8,6000,470400.0,78.4,78.13333333333334,77.45166666666665,0.2105922764661443,0.15511047925029028,0.05548179721585403
2025-09-08 10:54:00,78.5,78.5,78.2,78.2,10000,783200.0,78.4,78.13499999999999,77.52749999999999,0.16108980455135224,0.1563063443105027,0.004783460240849552
2025-09-08 11:00:00,78.8,78.8,78.8,78.8,2000,157600.0,78.42999999999999,78.15333333333334,77.60458333333332,0.1683332831987343,0.15871173208814904,0.009621551110585269
2025-09-08 11:08:00,78.8,78.8,78.5,78.5,4000,314300.0,78.46000000000001,78.16166666666666,77.67791666666668,0.14815842136177082,0.1566010699428734,-0.00844264858110258
2025-09-08 11:12:00,78.3,78.3,78.3,78.3,1000,78300.0,78.47999999999999,78.17,77.75041666666667,0.1147090746648729,0.1482226708872733,-0.03351359622240041
2025-09-08 11:14:00,78.3,78.3,78.3,78.3,1000,78300.0,78.485,78.17833333333333,77.8225,0.08719509563267991,0.13601715583635463,-0.048822060203674716
2025-09-08 11:16:00,78.8,78.8,78.8,78.8,1000,78800.0,78.51,78.19500000000001,77.89833333333334,0.1045309229364193,0.12971990925636756,-0.02518898631994826
2025-09-08 11:18:00,78.7,78.7,78.7,78.7,1000,78700.0,78.545,78.20166666666667,77.97333333333334,0.1089446802491949,0.12556486345493303,-0.01662018320573813
2025-09-08 11:38:00,78.3,78.5,78.1,78.4,15000,1174000.0,78.55499999999999,78.21666666666667,77.97916666666667,0.08722959346862069,0.11789780945767056,-0.03066821598904987
2025-09-08 12:28:00,78.0,78.0,78.0,78.0,219,17082.0,78.54499999999999,78.21499999999999,77.98333333333333,0.03731344748989329,0.10178093706411512,-0.06446748957422183
2025-09-08 12:31:00,78.2,78.2,78.2,78.2,1000,78200.0,78.55499999999999,78.21666666666667,77.9825,0.013734547392715513,0.08417165912983521,-0.0704371117371197
2025-09-08 12:41:00,78.7,78.7,78.7,78.7,1132,89088.4,78.59,78.225,77.99041666666668,0.034990570993002734,0.07433544150246872,-0.03934487050946599
2025-09-08 12:42:00,78.7,78.7,78.7,78.7,3000,236100.0,78.53,78.23666666666666,77.99166666666666,0.05124539779103543,0.06971743276018207,-0.018472034969146636
2025-09-08 12:47:00,78.8,78.8,78.8,78.8,1000,78800.0,78.565,78.25,77.99333333333334,0.0713738757918776,0.07004872136652117,0.0013251544253564257
2025-09-08 12:48:00,78.2,78.8,78.2,78.8,2000,157000.0,78.60499999999999,78.26666666666667,78.00083333333333,0.08633067336185718,0.07330511176558838,0.013025561596268803
2025-09-08 12:49:00,78.2,78.5,78.2,78.5,3000,234900.0,78.60499999999999,78.275,78.00708333333334,0.07313351278719438,0.07327079196990958,-0.00013727918271520811
2025-09-08 12:50:00,78.2,78.5,77.9,78.2,24000,1873500.0,78.565,78.27833333333335,78.01,0.03802880278954035,0.06622239413383574,-0.028193591344295388
2025-09-08 13:02:00,77.8,78.1,77.8,78.1,5000,389600.0,78.52,78.28166666666667,78.0125,0.0021145279732479594,0.05340082090171818,-0.05128629292847022
2025-09-08 13:04:00,77.8,77.8,77.8,77.8,2000,155600.0,78.48499999999999,78.28,78.01458333333333,-0.04997915774291073,0.03272482517279239,-0.08270398291570312
2025-09-08 13:08:00,78.5,78.5,78.5,78.5,1000,78500.0,78.455,78.28833333333334,78.02166666666666,-0.03438328008186886,0.019303204121860137,-0.053686484203729
2025-09-08 13:44:00,77.9,77.9,77.9,77.9,40000,3116000.0,78.41,78.28666666666666,78.02541666666666,-0.06963570322398027,0.0015154226526920508,-0.07115112587667233
2025-09-08 13:45:00,77.9,78.2,77.9,78.2,10000,780500.0,78.41,78.29,78.03041666666667,-0.07252992986555284,-0.013293647850956936,-0.05923628201459591
2025-09-08 13:50:00,78.2,78.2,78.2,78.2,40000,3128000.0,78.38000000000001,78.28833333333334,78.03458333333334,-0.07397093444380687,-0.025429105169526924,-0.04854182927427994
2025-09-08 13:52:00,78.5,78.5,78.5,78.5,1000,78500.0,78.38000000000001,78.29166666666667,78.04,-0.05032532909122267,-0.030408349953866078,-0.019916979137356593
2025-09-08 13:59:00,77.9,78.2,77.9,78.2,10000,780500.0,78.375,78.28999999999999,78.04541666666665,-0.05515768581963698,-0.03535821712702027,-0.019799468692616715
2025-09-08 14:00:00,77.9,78.2,77.9,78.2,10000,780500.0,78.36999999999999,78.28833333333334,78.05041666666666,-0.05831514267728721,-0.03994960223707366,-0.018365540440213553
2025-09-08 14:11:00,77.8,77.8,77.8,77.8,4000,311200.0,78.32000000000001,78.28500000000001,78.05333333333333,-0.0920332055409574,-0.05036632289785042,-0.04166688264310698
2025-09-08 14:16:00,78.5,78.5,78.5,78.5,1000,78500.0,78.30999999999999,78.29333333333334,78.05833333333334,-0.061561223960723055,-0.052605303110424946,-0.008955920850298109
2025-09-08 14:25:00,78.3,78.3,78.3,78.3,100,7830.0,78.305,78.29833333333335,78.06375000000001,-0.05294002786270369,-0.052672248060880694,-0.00026777980182299266
2025-09-08 14:34:00,78.3,78.3,78.3,78.3,300,23490.0,78.32000000000001,78.30833333333334,78.06791666666666,-0.045582224334481225,-0.05125424331560081,0.005672018981119582
2025-09-08 14:42:00,78.3,78.3,78.3,78.3,1000,78300.0,78.325,78.30833333333334,78.07333333333332,-0.03929810790258159,-0.04886301623299697,0.00956490833041538
2025-09-08 14:43:00,78.3,78.3,78.3,78.3,1000,78300.0,78.30499999999999,78.31333333333333,78.07958333333333,-0.033926813172143966,-0.04587577562082638,0.011948962448682411
2025-09-08 14:46:00,78.3,78.4,78.0,78.4,4000,313000.0,78.28999999999999,78.32000000000001,78.08666666666666,-0.021354695498189358,-0.04097155959629897,0.019616864098109615
2025-09-08 14:48:00,78.0,78.4,78.0,78.3,3100,242140.0,78.265,78.325,78.09125,-0.019238595377586876,-0.036624966752556554,0.017386371374969678
2025-09-09 09:01:00,78.3,78.3,78.3,78.3,3000,234900.0,78.24,78.33,78.09583333333333,-0.017361438925519224,-0.032772261187149085,0.015410822261629861
2025-09-09 09:12:00,78.1,78.4,78.1,78.4,11000,860600.0,78.235,78.34,78.10083333333334,-0.007715673170480386,-0.027760943583815343,0.020045270413334957
2025-09-09 09:23:00,78.0,78.3,78.0,78.3,4050,316215.0,78.24,78.34333333333332,78.10625,-0.008047729366154499,-0.023818300740283176,0.015770571374128677
2025-09-09 09:27:00,78.0,78.0,78.0,78.0,1000,78000.0,78.235,78.34166666666667,78.11166666666666,-0.03214779927027678,-0.0254842004462819,-0.006663598823994879
2025-09-09 09:28:00,78.6,78.6,78.6,78.6,1000,78600.0,78.275,78.35666666666665,78.11749999999999,-0.002800015870136008,-0.020947363531052723,0.018147347660916715
2025-09-09 09:39:00,77.9,78.2,77.9,78.2,6000,468300.0,78.26,78.35666666666665,78.12166666666667,-0.01168366117349251,-0.019094623059540683,0.007410961886048173
2025-09-09 09:40:00,78.3,78.3,78.3,78.3,1000,78300.0,78.28,78.36333333333333,78.12625,-0.010533427024569164,-0.01738238385254638,0.006848956827977214
2025-09-09 09:41:00,78.3,78.3,78.3,78.3,1000,78300.0,78.285,78.36500000000001,78.13083333333334,-0.00951220736915559,-0.01580834855586822,0.00629614118671263
2025-09-09 09:43:00,78.0,78.0,78.0,78.0,2000,156000.0,78.275,78.36166666666666,78.13416666666667,-0.03253532920757607,-0.01915374468620979,-0.013381584521366278
2025-09-09 09:44:00,78.6,78.6,77.9,78.6,8000,625500.0,78.28,78.37333333333332,78.14125,-0.002339366782322827,-0.015790869105432398,0.013451502323109571
2025-09-09 09:52:00,78.6,78.6,78.3,78.3,5000,392100.0,78.285,78.38000000000001,78.14583333333333,-0.0025865259445083666,-0.01315000047324759,0.010563474528739224
2025-09-09 09:56:00,77.9,78.2,77.9,78.2,10000,780200.0,78.285,78.37999999999998,78.15083333333334,-0.010727901060803902,-0.012665580590758852,0.001937679529954951
2025-09-09 09:57:00,78.3,78.6,78.0,78.3,8000,627000.0,78.31,78.38000000000001,78.155,-0.009007008048669718,-0.011933866082341028,0.0029268580336713097
2025-09-09 09:58:00,78.8,78.8,78.5,78.5,6000,471900.0,78.30999999999999,78.38833333333334,78.16041666666666,0.008398329873074317,-0.007867426891257958,0.016265756764332277
2025-09-09 09:59:00,78.8,78.8,78.5,78.5,6000,471900.0,78.32,78.39333333333333,78.16416666666666,0.02193928317504401,-0.001906084877997563,0.023845368053041573
2025-09-09 10:00:00,78.8,78.8,78.8,78.8,1000,78800.0,78.345,78.40333333333334,78.17041666666665,0.05622989578284887,0.009721111254171728,0.04650878452867714
2025-09-09 10:22:00,78.6,79.0,78.3,79.0,14000,1101600.0,78.38,78.42,78.17999999999999,0.09840937978287911,0.02745876495991321,0.0709506148229659
2025-09-09 10:31:00,79.0,79.0,78.7,78.7,5000,394100.0,78.4,78.43166666666666,78.18541666666667,0.1064028857113044,0.043247589110191456,0.06315529660111295
2025-09-09 10:32:00,79.0,79.0,79.0,79.0,1000,79000.0,78.42999999999999,78.41666666666667,78.19250000000001,0.1353846594647905,0.06167500318111128,0.07370965628367923
2025-09-09 10:39:00,79.0,79.0,79.0,79.0,2000,158000.0,78.465,78.43166666666666,78.20083333333334,0.1565483322407175,0.08064966899303254,0.07589866324768497
2025-09-09 10:40:00,78.8,78.8,78.5,78.5,4000,314600.0,78.475,78.44,78.20541666666666,0.13145949088577424,0.0908116333715809,0.04064785751419335
2025-09-09 10:44:00,78.2,78.5,78.2,78.5,4000,313100.0,78.47999999999999,78.44,78.21041666666666,0.11030487739246553,0.09471028217575783,0.015594595216707696
2025-09-09 10:45:00,79.0,79.0,79.0,79.0,1000,79000.0,78.515,78.44,78.21708333333332,0.13235975425790514,0.1022401765921873,0.030119577665717837
2025-09-09 10:56:00,78.0,78.0,78.0,78.0,3000,234000.0,78.515,78.42333333333333,78.22041666666665,0.06835876314953282,0.09546389390365642,-0.027105130754123602
2025-09-09 10:57:00,79.0,79.0,79.0,79.0,2000,158000.0,78.535,78.43166666666666,78.22625,0.09720859902590462,0.09581283492810608,0.0013957640977985408
2025-09-09 10:59:00,78.0,78.0,78.0,78.0,3000,234000.0,78.525,78.41333333333334,78.22416666666666,0.03893187671791054,0.08443664328606698,-0.04550476656815644
2025-09-09 11:04:00,78.9,78.9,78.9,78.9,1000,78900.0,78.555,78.415,78.22791666666667,0.06462467973338448,0.08047425057553048,-0.015849570842146
2025-09-09 11:05:00,78.0,78.0,78.0,78.0,3000,234000.0,78.53999999999999,78.41166666666668,78.22791666666667,0.01222303332404806,0.066824007125234,-0.054600973801185934
2025-09-09 11:13:00,78.9,78.9,78.9,78.9,1000,78900.0,78.585,78.41333333333334,78.2325,0.042823190315900206,0.06202384376336724,-0.019200653447467034
2025-09-09 11:30:00,78.0,78.0,78.0,78.0,3000,234000.0,78.55499999999999,78.405,78.2325,-0.005485213070173245,0.04852203239665914,-0.05400724546683239
2025-09-09 11:35:00,77.9,78.2,77.9,78.2,22000,1716800.0,78.55,78.40333333333334,78.2325,-0.027316751756458757,0.03335427556603556,-0.06067102732249432
2025-09-09 11:42:00,78.7,78.7,78.7,78.7,1000,78700.0,78.575,78.41,78.23333333333333,-0.004223891732820562,0.025838642106264336,-0.030062533839084898
2025-09-09 11:46:00,78.0,78.3,78.0,78.3,4000,312300.0,78.575,78.40166666666666,78.2325,-0.01799189152362146,0.017072535380287177,-0.03506442690390864
2025-09-09 11:54:00,77.9,78.2,77.9,78.2,21000,1638600.0,78.56,78.39333333333333,78.2325,-0.03655095812297304,0.006347836679635131,-0.04289879480260817
2025-09-09 11:55:00,77.9,78.2,77.9,78.2,7000,545600.0,78.545,78.39000000000001,78.23125,-0.050675002232182464,-0.005056731102728391,-0.045618271129454074
2025-09-09 11:58:00,78.7,78.7,78.7,78.7,1000,78700.0,78.54,78.40166666666667,78.2375,-0.02127731596750948,-0.008300848075684611,-0.01297646789182487
2025-09-09 12:05:00,77.9,78.2,77.9,78.2,6000,468300.0,78.5,78.40166666666667,78.23624999999998,-0.037888504039713666,-0.014218379268490424,-0.023670124771223242
2025-09-09 12:19:00,78.4,78.4,78.4,78.4,1000,78400.0,78.485,78.39666666666666,78.23791666666666,-0.03451677385082519,-0.01827805818495738,-0.01623871566586781
2025-09-09 12:33:00,78.1,78.1,78.1,78.1,1000,78100.0,78.44000000000001,78.38666666666667,78.23708333333333,-0.055413375282867605,-0.02570512160453943,-0.029708253678328175
2025-09-09 12:35:00,78.6,78.6,78.6,78.6,1000,78600.0,78.42,78.38333333333334,78.23833333333333,-0.0312678251195706,-0.02681766230754567,-0.004450162812024934
2025-09-09 14:01:00,78.5,78.5,78.0,78.0,1040,81140.0,78.39500000000001,78.37000000000002,78.23625,-0.059857290659792284,-0.033425587977995,-0.026431702681797287
2025-09-09 14:06:00,78.5,78.5,78.5,78.5,1000,78500.0,78.39500000000001,78.37000000000002,78.23625,-0.04168827032053457,-0.03507812444650291,-0.006610145874031657
2025-09-09 14:29:00,78.0,78.0,78.0,78.0,39000,3042000.0,78.345,78.36666666666666,78.23375000000001,-0.0668642427576458,-0.04143534810873149,-0.025428894648914305
2025-09-09 14:30:00,78.0,78.2,78.0,78.0,17000,1327000.0,78.345,78.36500000000001,78.2325,-0.08582702181510626,-0.05031368285000645,-0.03551333896509981
2025-09-09 14:37:00,78.3,78.3,78.3,78.3,50000,3915000.0,78.31,78.37333333333332,78.23166666666665,-0.07577419034372213,-0.0554057843487496,-0.020368405994972527
2025-09-09 14:41:00,78.0,78.0,78.0,78.0,1000,78000.0,78.31,78.365,78.22708333333334,-0.09096614072547027,-0.06251785562409375,-0.028448285101376522
2025-09-09 14:42:00,78.4,78.4,78.4,78.4,1000,78400.0,78.285,78.37333333333335,78.22416666666668,-0.06992318286815191,-0.06399892107290538,-0.005924261795246535
2025-09-09 14:55:00,78.3,78.3,78.3,78.3,100,7830.0,78.3,78.375,78.22125000000001,-0.06061689756263888,-0.06332251637085208,0.0027056188082131977
2025-09-10 09:01:00,78.3,78.3,78.3,78.3,3000,234900.0,78.27000000000001,78.37666666666665,78.21916666666667,-0.052634857536233426,-0.06118498460392835,0.008550127067694924
2025-09-10 09:04:00,78.0,78.3,78.0,78.3,8000,624600.0,78.285,78.37333333333332,78.21708333333332,-0.0457812950365053,-0.05810424669044375,0.01232295165393845
2025-09-10 09:14:00,78.3,78.3,78.3,78.3,1000,78300.0,78.28999999999999,78.375,78.21333333333332,-0.03988997062745625,-0.054461391477846254,0.014571420850390003
2025-09-10 09:25:00,78.3,78.3,78.0,78.0,4000,312900.0,78.255,78.37166666666667,78.21,-0.05875129799213141,-0.055319372780703285,-0.0034319252114281273
2025-09-10 09:27:00,78.0,78.0,78.0,78.0,2000,156000.0,78.24,78.375,78.20666666666666,-0.07285916076510546,-0.05882733037758373,-0.014031830387521725
2025-09-10 09:28:00,78.3,78.3,78.3,78.3,1000,78300.0,78.245,78.37166666666667,78.20541666666668,-0.05915040184633824,-0.058891944671334635,-0.0002584571750036055
2025-09-10 09:34:00,78.3,78.6,78.3,78.6,3000,235200.0,78.265,78.37666666666665,78.20583333333335,-0.023804218626821694,-0.051874399462432046,0.028070180835610352
2025-09-10 09:35:00,78.0,78.3,78.0,78.3,4000,312300.0,78.24499999999999,78.37666666666665,78.20291666666667,-0.019771690820931553,-0.04545385773413195,0.025682166913200397
2025-09-10 09:47:00,78.3,78.3,78.3,78.3,10,783.0,78.24999999999999,78.37666666666668,78.20083333333332,-0.016386984524899617,-0.03964048309228549,0.023253498567385872
2025-09-10 09:56:00,78.4,78.4,78.4,78.4,1000,78400.0,78.25,78.37833333333333,78.2025,-0.005571194868181806,-0.03282662544746475,0.027255430579282945
2025-09-10 10:23:00,78.4,78.4,78.4,78.4,1000,78400.0,78.26500000000001,78.37833333333333,78.20208333333333,0.0029662038072189034,-0.025668059596528018,0.02863426340374692
2025-09-10 11:11:00,78.3,78.6,78.0,78.6,7000,548000.0,78.265,78.38333333333334,78.2025,0.02557566198531447,-0.01541931528015952,0.04099497726547399
2025-09-10 11:15:00,78.6,78.6,78.6,78.6,1000,78600.0,78.29499999999999,78.38833333333334,78.20166666666665,0.04299816440990867,-0.0037358193421458794,0.04673398375205455
2025-09-10 11:39:00,78.6,78.6,78.3,78.6,11000,862800.0,78.3,78.39166666666667,78.20416666666667,0.05615826557551884,0.008242997641387067,0.04791526793413177
2025-09-10 11:51:00,78.6,78.6,78.3,78.3,5000,392100.0,78.315,78.39166666666667,78.20541666666666,0.041897281980766365,0.014973854509262929,0.026923427471503437
2025-09-10 11:55:00,78.6,78.6,78.6,78.6,1000,78600.0,78.345,78.40166666666667,78.20458333333333,0.05417830871442675,0.0228147453502957,0.03136356336413105
2025-09-10 12:04:00,78.0,78.3,78.0,78.3,7000,546300.0,78.345,78.39666666666668,78.20250000000001,0.03925115520131328,0.02610202732049922,0.01314912788081406
2025-09-10 12:16:00,78.5,78.5,78.5,78.5,1000,78500.0,78.37,78.40166666666667,78.20250000000001,0.043063201250006955,0.02949426210640077,0.013568939143606185
2025-09-10 12:59:00,77.7,78.0,77.7,78.0,10095,785610.0,78.35,78.39666666666668,78.20250000000001,0.00567305839642529,0.024730021364405674,-0.019056962967980384
2025-09-10 13:02:00,78.3,78.3,78.3,78.3,1000,78300.0,78.35,78.39666666666668,78.20333333333333,0.00024576062342873684,0.019833169216210287,-0.01958740859278155
2025-09-10 13:07:00,77.6,77.9,77.6,77.9,14000,1087900.0,78.33,78.395,78.20291666666665,-0.03591802835113356,0.008682929702741515,-0.044600958053875074
2025-09-10 13:08:00,78.2,78.2,78.2,78.2,1000,78200.0,78.325,78.38833333333334,78.2,-0.03991053505939135,-0.0010357632496850607,-0.03887477180970629
2025-09-10 13:16:00,78.2,78.3,78.2,78.3,4000,312900.0,78.325,78.38833333333334,78.19749999999999,-0.0346065384911185,-0.007749918297971751,-0.026856620193146746
2025-09-10 13:19:00,77.4,77.4,77.4,77.4,6000,464400.0,78.295,78.375,78.19166666666666,-0.10185148091208873,-0.026570230820795154,-0.07528125009129358
2025-09-10 13:22:00,78.0,78.0,78.0,78.0,1000,78000.0,78.295,78.36999999999999,78.18833333333333,-0.10551231635972158,-0.04235864792858045,-0.06315366843114113
2025-09-10 14:00:00,78.0,78.3,78.0,78.3,3000,234300.0,78.29499999999999,78.36666666666666,78.18625,-0.08324644878894105,-0.050536208100652576,-0.032710240688288476
2025-09-10 14:22:00,77.3,77.3,77.3,77.3,6000,463800.0,78.22999999999999,78.34666666666666,78.18125,-0.1446250830421576,-0.06935398308895359,-0.07527109995320401
2025-09-10 14:25:00,77.2,77.5,77.2,77.5,9000,695700.0,78.19,78.325,78.17708333333333,-0.17511119155345511,-0.0905054247818539,-0.08460576677160121
2025-09-10 14:27:00,77.9,77.9,77.9,77.9,1000,77900.0,78.17,78.30666666666666,78.17333333333333,-0.16509191826114034,-0.10542272347771119,-0.05966919478342915
2025-09-10 14:32:00,77.9,78.0,77.9,78.0,3000,233800.0,78.15,78.295,78.17125,-0.1473834629094739,-0.11381487136406374,-0.03356859154541017
2025-09-11 09:01:00,78.0,78.0,78.0,78.0,5000,390000.0,78.13,78.27833333333334,78.1725,-0.13182973335578652,-0.11741784376240831,-0.014411889593378205
2025-09-11 09:23:00,77.2,77.5,77.2,77.5,11100,858450.0,78.075,78.25333333333333,78.16708333333332,-0.15802746965012204,-0.12553976893995106,-0.032487700710170986
2025-09-11 09:25:00,77.3,77.3,77.3,77.3,50,3865.0,78.01,78.23333333333333,78.16833333333332,-0.19270629472801204,-0.13897307409756327,-0.053733220630448775
2025-09-11 09:27:00,77.3,77.3,77.3,77.3,50,3865.0,77.945,78.21333333333334,78.16458333333334,-0.2176802312451258,-0.15471450552707577,-0.06296572571805004
2025-09-11 09:30:00,76.0,76.0,76.0,76.0,1000,76000.0,77.83,78.16333333333334,78.16041666666666,-0.3384697230321052,-0.1914655490280817,-0.14700417400402352
2025-09-11 09:32:00,76.8,76.8,76.8,76.8,1000,76800.0,77.74000000000001,78.14333333333335,78.15125000000002,-0.3654304961069954,-0.22625853844386445,-0.13917195766313095
2025-09-11 09:34:00,76.8,76.8,76.8,76.8,50,3840.0,77.66499999999999,78.10666666666667,78.145,-0.38238915881687774,-0.25748466251846713,-0.1249044962984106
2025-09-11 09:35:00,76.0,76.5,76.0,76.5,12000,913800.0,77.56500000000001,78.08166666666668,78.13875,-0.41524977309025246,-0.2890376846328242,-0.12621208845742826
2025-09-11 09:37:00,76.8,77.0,75.0,77.0,9000,685900.0,77.51500000000001,78.05,78.13791666666667,-0.3963770375711988,-0.31050555522049916,-0.08587148235069963
2025-09-11 09:39:00,76.5,77.0,76.5,77.0,4000,306500.0,77.45,78.03333333333333,78.13083333333334,-0.3770735890868053,-0.32381916199376043,-0.0532544270930449
2025-09-11 09:40:00,77.9,77.9,77.9,77.9,1000,77900.0,77.45,78.01666666666667,78.13333333333334,-0.28585779794845223,-0.3162268891846988,0.030369091236246593
2025-09-11 09:53:00,77.9,77.9,77.9,77.9,1000,77900.0,77.435,78.015,78.13458333333332,-0.21113479579793193,-0.29520847050734544,0.08407367470941352
2025-09-11 10:11:00,76.0,76.3,76.0,76.3,10000,760300.0,77.33500000000001,77.98333333333333,78.12541666666667,-0.2778203662407037,-0.29173084965401713,0.013910483413313413
2025-09-11 10:12:00,77.0,77.0,77.0,77.0,1000,77000.0,77.315,77.955,78.12249999999999,-0.2710603958897053,-0.28759675890115477,0.01653636301144945
2025-09-11 10:35:00,77.0,77.0,77.0,77.0,200,15400.0,77.265,77.93333333333334,78.11958333333334,-0.2626751154621161,-0.28261243021334703,0.01993731475123095
2025-09-11 10:49:00,75.7,76.0,75.7,76.0,5000,379100.0,77.15,77.89666666666668,78.10875,-0.3328840824722761,-0.29266676066513286,-0.040217321807143214
2025-09-11 10:57:00,77.0,77.0,77.0,77.0,1000,77000.0,77.135,77.87666666666665,78.10208333333334,-0.3043254773381108,-0.29499850399972843,-0.009326973338382338
2025-09-11 10:59:00,76.0,76.3,76.0,76.3,7000,532300.0,77.075,77.83666666666666,78.09249999999999,-0.3343228610382454,-0.30286337540743186,-0.03145948563081352
2025-09-11 11:12:00,76.6,76.6,76.6,76.6,50,3830.0,77.01,77.81,78.08874999999999,-0.33008351366896704,-0.3083074030597389,-0.021776110609228128
2025-09-11 11:14:00,76.6,76.6,76.6,76.6,100,7660.0,76.94,77.78,78.08375,-0.3230004521840044,-0.311246012884592,-0.01175443929941239
2025-09-11 11:16:00,76.6,76.6,76.3,76.6,6000,458700.0,76.86999999999999,77.75500000000001,78.07958333333335,-0.31377012820364314,-0.31175083594840225,-0.00201929225524089
2025-09-11 11:17:00,77.0,77.0,77.0,77.0,1000,77000.0,76.845,77.72833333333332,78.07750000000001,-0.27105383302583164,-0.3036114353638881,0.03255760233805649
2025-09-11 11:34:00,77.3,77.3,77.3,77.3,1000,77300.0,76.845,77.71666666666667,78.07541666666667,-0.21056609369249202,-0.2850023670296089,0.07443627333711689
2025-09-11 12:21:00,77.3,77.3,77.3,77.3,50,3865.0,76.845,77.69666666666666,78.07333333333332,-0.1607758011242879,-0.2601570538485447,0.0993812527242568
2025-09-11 12:34:00,77.3,77.3,77.3,77.3,50,3865.0,76.91,77.68499999999999,78.07375,-0.11993410978311658,-0.23211246503545907,0.11217835525234249
2025-09-11 12:40:00,77.3,77.3,77.3,77.3,50,3865.0,76.935,77.67333333333333,78.07291666666667,-0.08656886317925228,-0.20300374466421775,0.11643488148496547
2025-09-11 12:51:00,76.2,76.6,76.2,76.6,5004,382404.8,76.925,77.64500000000001,78.06916666666667,-0.11528191654456066,-0.18545937904028637,0.0701774624957257
2025-09-11 12:52:00,77.3,77.3,77.3,77.3,1000,77300.0,76.965,77.63333333333334,78.06666666666666,-0.08062368865077474,-0.16449224096238405,0.0838685523116093
2025-09-11 13:12:00,75.7,76.3,75.7,76.3,3100,234730.0,76.92999999999999,77.59833333333333,78.05958333333334,-0.13232309769524875,-0.158058412308957,0.02573531461370826
2025-09-11 13:16:00,77.0,77.0,77.0,77.0,1000,77000.0,76.92999999999999,77.57666666666665,78.05416666666666,-0.11547992133183982,-0.1495427141135336,0.034062792781693774
2025-09-11 13:17:00,75.7,76.0,75.7,76.0,8000,606500.0,76.83500000000001,77.53833333333334,78.04583333333333,-0.1807397698068769,-0.15578212525220225,-0.02495764455467464
2025-09-11 13:18:00,77.0,77.0,77.0,77.0,1000,77000.0,76.78999999999999,77.51666666666667,78.04166666666667,-0.1500374884718383,-0.15463319789612948,0.004595709424291189
2025-09-11 13:24:00,77.0,77.0,77.0,77.0,100,7700.0,76.825,77.49499999999999,78.03833333333334,-0.12427316561992541,-0.14856119144088867,0.02428802582096326
2025-09-11 13:47:00,76.1,77.0,76.1,77.0,600,46110.0,76.825,77.47833333333332,78.03291666666665,-0.10267122417619134,-0.1393831979879492,0.036711973811757864
2025-09-11 14:23:00,76.9,76.9,76.9,76.9,1000,76900.0,76.82000000000001,77.46000000000001,78.03208333333333,-0.09255379171541733,-0.13001731673344283,0.037463525018025495
2025-09-11 14:26:00,76.9,77.0,76.6,76.6,4000,307400.0,76.85,77.43166666666666,78.025,-0.10750390825793943,-0.12551463503834215,0.01801072678040272
2025-09-11 14:27:00,77.0,77.0,77.0,77.0,1000,77000.0,76.85,77.405,78.01958333333333,-0.08608301485668335,-0.11762831100201039,0.03154529614532704
2025-09-11 14:39:00,76.4,77.3,76.4,77.3,520,40178.0,76.9,77.38833333333334,78.01666666666667,-0.04438763666645684,-0.10298017613489968,0.05859253946844284
2025-09-12 09:01:00,77.3,77.3,77.3,77.3,2000,154600.0,76.93499999999999,77.37166666666667,78.0125,-0.011214475558247727,-0.0846270360195693,0.07341256046132157
2025-09-12 09:32:00,77.6,77.6,77.6,77.6,1000,77600.0,76.985,77.35833333333333,78.01291666666665,0.03883531705426435,-0.05993456540480256,0.09876988245906691
2025-09-12 09:51:00,77.0,77.3,77.0,77.3,4000,308300.0,77.02000000000001,77.33999999999999,78.00833333333334,0.0536739258867982,-0.037212867146482406,0.09088679303328061
2025-09-12 10:33:00,76.7,77.0,76.2,76.2,25000,1915200.0,76.98,77.3,78.00458333333333,-0.02306133985280212,-0.03438256168774635,0.011321221834944231
2025-09-12 10:35:00,77.5,77.5,77.5,77.5,1000,77500.0,76.99,77.28166666666667,78.00083333333333,0.02078494869711278,-0.023349059610774527,0.04413400830788731
2025-09-12 10:54:00,76.5,76.5,76.5,76.5,1000,76500.0,76.95,77.24666666666666,77.9975,-0.024871491313021465,-0.023653545951223917,-0.0012179453617975483
2025-09-12 10:55:00,77.5,77.5,77.5,77.5,1000,77500.0,76.96000000000001,77.23333333333333,77.99666666666667,0.019413309149825864,-0.01504017493101396,0.03445348408083983
2025-09-12 11:17:00,76.5,77.5,76.5,77.5,2000,154000.0,76.97,77.21499999999999,77.99499999999999,0.05388814359622529,-0.0012545112255661064,0.0551426548217914
2025-09-12 12:13:00,77.2,77.2,77.2,77.2,100,7720.0,77.0,77.19666666666666,77.99166666666666,0.0563526076941514,0.0102669125583774,0.046085695135774
2025-09-12 12:49:00,77.0,77.0,77.0,77.0,2000,154000.0,76.98499999999999,77.17166666666665,77.98375000000001,0.041686844720231875,0.016550898990748297,0.025135945729483578
2025-09-12 12:51:00,77.2,77.2,77.2,77.2,50,3860.0,77.03,77.15833333333333,77.98041666666668,0.04567592678088772,0.022375904548776183,0.02330002223211154
2025-09-12 13:10:00,76.2,76.5,76.2,76.5,9000,686700.0,77.005,77.12833333333333,77.97208333333334,-0.0075597032488730065,0.016388782989246346,-0.023948486238119352
2025-09-12 13:12:00,77.0,77.0,77.0,77.0,1000,77000.0,77.05499999999999,77.11333333333333,77.96791666666668,-0.009296339844851786,0.01125175842242672,-0.020548098267278506
2025-09-12 13:38:00,76.5,76.5,76.5,76.5,1000,76500.0,77.03,77.08500000000001,77.96291666666667,-0.05043705125372355,-0.0010860035128033385,-0.049351047740920216
2025-09-12 13:43:00,76.8,76.8,76.8,76.8,1000,76800.0,77.02000000000001,77.06,77.95708333333333,-0.058163397215039936,-0.012501482253250661,-0.04566191496178927
2025-09-12 14:45:00,76.8,76.9,76.5,76.9,3500,268550.0,77.015,77.05166666666668,77.95458333333333,-0.055576763455775335,-0.0211165384937556,-0.03446022496201974
2025-09-15 09:01:00,76.9,76.9,76.9,76.9,3000,230700.0,77.015,77.03333333333333,77.95,-0.05291684511497863,-0.027476599818000207,-0.02544024529697842
2025-09-15 09:06:00,76.5,76.8,76.5,76.8,6000,459900.0,77.025,77.00833333333334,77.94416666666666,-0.058207030516186364,-0.03362268595763745,-0.024584344558548916
2025-09-15 09:07:00,76.5,76.8,76.5,76.8,5000,383100.0,77.015,77.0,77.93916666666665,-0.061688434685038374,-0.03923583570311764,-0.022452598981920736
2025-09-15 09:11:00,76.9,76.9,76.9,76.9,1000,76900.0,76.995,76.99,77.93458333333334,-0.05573582046193337,-0.04253583265488079,-0.01319998780705258
2025-09-15 09:23:00,76.8,76.8,76.5,76.5,6000,459900.0,76.95500000000001,76.96666666666667,77.92833333333333,-0.08234575723345472,-0.05049781757059558,-0.03184793966285914
2025-09-15 09:28:00,76.8,76.8,76.8,76.8,1000,76800.0,76.91499999999999,76.94666666666667,77.92333333333333,-0.07832396117429141,-0.056063046291334746,-0.022260914882956666
2025-09-15 09:35:00,76.8,76.8,76.8,76.8,1000,76800.0,76.89,76.92666666666668,77.91833333333332,-0.07428040060173657,-0.059706517153415115,-0.014573883448321459
2025-09-15 09:37:00,76.8,76.8,76.8,76.8,1000,76800.0,76.91999999999999,76.915,77.91416666666667,-0.07026586852235539,-0.06181838742720318,-0.008447481095152212
2025-09-15 10:08:00,76.5,76.5,76.5,76.5,5000,382500.0,76.86999999999999,76.90166666666667,77.90916666666666,-0.09025145314936367,-0.06750500057163529,-0.02274645257772838
2025-09-15 10:10:00,76.8,76.8,76.8,76.8,1000,76800.0,76.88499999999999,76.89333333333335,77.90416666666667,-0.08094954420302258,-0.07019390929791275,-0.010755634905109834
2025-09-15 10:23:00,76.2,76.5,76.2,76.5,11000,839700.0,76.835,76.90166666666667,77.89708333333333,-0.09667084580684104,-0.07548929659969841,-0.02118154920714263
2025-09-15 10:26:00,76.8,76.8,75.7,76.0,12445,944009.0,76.75999999999999,76.88833333333332,77.88791666666667,-0.14777248272370969,-0.08994593382450068,-0.057826548899209004
2025-09-15 10:27:00,75.1,75.1,75.0,75.0,6000,450300.0,76.65,76.85833333333333,77.87458333333333,-0.2658974406189998,-0.1251362351834005,-0.14076120543559928
2025-09-15 10:28:00,76.0,76.0,75.0,75.3,5000,376300.0,76.56500000000001,76.83833333333332,77.86416666666668,-0.3314836903589793,-0.16640572621851626,-0.16507796414046302
2025-09-15 10:29:00,76.0,76.0,76.0,76.0,2000,152000.0,76.50500000000001,76.82166666666666,77.855,-0.32325088100584765,-0.19777475717598256,-0.1254761238298651
2025-09-15 10:31:00,76.0,76.0,76.0,76.0,2000,152000.0,76.48,76.80499999999999,77.84625,-0.3131169035240049,-0.22084318644558704,-0.09227371707841786
2025-09-15 10:34:00,75.0,76.2,75.0,76.2,3775,283862.5,76.44000000000001,76.77666666666667,77.84,-0.28565447782141007,-0.23380544472075168,-0.05184903310065839
2025-09-15 10:37:00,75.0,75.3,75.0,75.3,4000,300300.0,76.38000000000001,76.73333333333333,77.82875,-0.33267788243823304,-0.25357993226424796,-0.07909795017398508
2025-09-15 10:38:00,76.3,76.3,76.3,76.3,500,38150.0,76.355,76.73333333333333,77.82249999999999,-0.2859563005005441,-0.2600552059115072,-0.025901094589036888
2025-09-15 10:51:00,76.3,76.3,76.3,76.3,1000,76300.0,76.325,76.72166666666666,77.81625,-0.2460923112274287,-0.2572626269746915,0.011170315747262793
2025-09-15 11:02:00,76.3,76.3,76.3,76.3,2000,152600.0,76.29499999999999,76.71000000000001,77.81,-0.2120553702159924,-0.24822117562295168,0.03616580540695927
2025-09-15 11:12:00,75.0,75.0,75.0,75.0,5000,375000.0,76.205,76.69333333333334,77.79625000000001,-0.28667536947806127,-0.2559120143939736,-0.030763355084087673
2025-09-15 11:13:00,76.0,76.0,76.0,76.0,500,38000.0,76.16499999999999,76.67666666666668,77.79,-0.26209929631325224,-0.25714947077782935,-0.0049498255354228915
2025-09-15 11:14:00,74.6,75.0,74.5,74.8,9000,672000.0,76.05999999999999,76.65166666666666,77.77624999999999,-0.33558414729454,-0.2728364060811715,-0.06274774121336851
2025-09-15 11:15:00,75.0,75.0,75.0,75.0,1000,75000.0,75.98499999999999,76.62499999999999,77.76333333333334,-0.37337901176940136,-0.2929449272188175,-0.08043408455058387
2025-09-15 11:16:00,75.4,75.4,75.4,75.4,500,37700.0,75.91499999999999,76.605,77.75166666666665,-0.3668265094432144,-0.3077212436636969,-0.05910526577951747
2025-09-15 11:17:00,74.0,74.0,74.0,74.0,151,11174.0,75.775,76.56166666666667,77.73499999999999,-0.4691933351484039,-0.3400156619606383,-0.12917767318776557
2025-09-15 11:19:00,75.4,75.4,75.4,75.4,500,37700.0,75.70500000000001,76.535,77.72416666666666,-0.43236741984452465,-0.3584860135374156,-0.07388140630710904
2025-09-15 11:27:00,75.4,75.4,75.4,75.4,1000,75400.0,75.65,76.50333333333333,77.71416666666667,-0.3985879429557997,-0.3665063994210925,-0.03208154353470721
2025-09-15 11:32:00,75.4,75.4,75.4,75.4,400,30160.0,75.58,76.47166666666666,77.70333333333333,-0.3675802280947522,-0.3667211651558245,-0.0008590629389277349
2025-09-15 11:33:00,75.4,75.4,75.4,75.4,100,7540.0,75.525,76.44000000000001,77.69250000000001,-0.3390974859318874,-0.3611964293110371,0.02209894337914975
2025-09-15 11:38:00,75.4,75.4,75.4,75.4,200,15080.0,75.49499999999999,76.40833333333333,77.68208333333332,-0.31291758838627004,-0.35154066112608373,0.03862307273981369
2025-09-15 11:41:00,75.4,75.4,75.4,75.4,300,22620.0,75.51500000000001,76.38833333333332,77.67166666666667,-0.28884026024212517,-0.33900058094929203,0.05016032070716686
2025-09-15 11:42:00,75.4,75.4,75.4,75.4,500,37700.0,75.52,76.35666666666667,77.66083333333334,-0.2666846298130565,-0.32453739072204496,0.05785276090898844
2025-09-15 11:45:00,75.3,75.3,75.3,75.3,200,15060.0,75.485,76.34,77.64958333333334,-0.2542642968009545,-0.3104827719378269,0.05621847513687239
2025-09-15 11:53:00,73.1,74.0,73.0,73.3,22500,1650050.0,75.35,76.27833333333334,77.63000000000001,-0.4011798273834728,-0.3286221830269561,-0.07255764435651668
2025-09-15 11:54:00,73.2,73.2,73.0,73.0,6000,438600.0,75.19000000000001,76.22833333333332,77.60791666666667,-0.5356443618582887,-0.3700266187932227,-0.165617743065066
2025-09-15 11:55:00,73.3,73.3,73.3,73.3,1000,73300.0,75.09,76.16666666666667,77.58708333333333,-0.6109582351720917,-0.4182129420689965,-0.19274529310309518
2025-09-15 11:56:00,73.3,73.3,73.3,73.3,1000,73300.0,74.94,76.105,77.56625,-0.6630023440627042,-0.4671708224677381,-0.19583152159496608
2025-09-15 12:00:00,74.0,74.0,74.0,74.0,50,3700.0,74.825,76.055,77.54833333333333,-0.6403816049420925,-0.5018129789626091,-0.13856862597948338
2025-09-15 12:02:00,75.0,75.0,75.0,75.0,500,37500.0,74.76,76.02333333333333,77.53583333333333,-0.5355889277969936,-0.5085681687294861,-0.02702075906750756
2025-09-15 12:09:00,73.0,73.0,73.0,73.0,1000,73000.0,74.66,75.96333333333334,77.515,-0.6069269849875951,-0.5282399319811079,-0.07868705300648726
2025-09-15 12:12:00,74.9,74.9,74.9,74.9,500,37450.0,74.605,75.92833333333333,77.50208333333333,-0.5043351268322311,-0.5234589709513325,0.019123844119101396
2025-09-15 12:21:00,73.5,73.5,73.5,73.5,2000,147000.0,74.54,75.865,77.48458333333333,-0.5298903932138472,-0.5247452554038354,-0.005145137810011802
2025-09-15 12:23:00,74.9,74.9,74.9,74.9,500,37450.0,74.535,75.825,77.47041666666668,-0.43219277692350033,-0.5062347597077684,0.0740419827842681
2025-09-15 13:21:00,73.5,74.0,73.5,73.7,9000,663600.0,74.45,75.76,77.4525,-0.44645028237211193,-0.49427786424063713,0.047827581868525204
2025-09-15 13:22:00,73.8,75.0,73.8,75.0,1500,111300.0,74.5,75.72166666666666,77.44,-0.3488292364145025,-0.46518813867541026,0.11635890226090778
2025-09-15 13:24:00,74.0,74.0,74.0,74.0,5000,370000.0,74.42999999999999,75.685,77.42333333333333,-0.3481423287677785,-0.44177897669388394,0.09363664792610543
2025-09-15 13:25:00,75.0,75.0,75.0,75.0,500,37500.0,74.41,75.64333333333335,77.41083333333333,-0.2638646395429305,-0.40619610926369326,0.14233146972076277
2025-09-15 13:26:00,75.0,75.0,75.0,75.0,2000,150000.0,74.39,75.61833333333334,77.39916666666666,-0.19482810650873716,-0.3639225087127021,0.16909440220396493
2025-09-15 13:27:00,73.6,75.0,73.6,75.0,2000,148600.0,74.36999999999999,75.57666666666667,77.38624999999999,-0.13851939137929037,-0.31884188524601975,0.18032249386672938
2025-09-15 13:29:00,73.7,74.0,73.7,74.0,5000,368800.0,74.3,75.51833333333335,77.36916666666666,-0.1725963878860597,-0.28959278577402775,0.11699639788796806
2025-09-15 13:30:00,73.6,74.9,73.6,74.9,3500,258250.0,74.275,75.47999999999999,77.3575,-0.12553310722459798,-0.2567808500641418,0.13124774283954382
2025-09-15 13:31:00,73.5,73.8,73.5,73.8,4000,294300.0,74.19500000000001,75.42666666666666,77.33916666666666,-0.17497887756418606,-0.24042045556415065,0.06544157799996458
2025-09-15 13:32:00,74.7,74.7,74.7,74.7,500,37350.0,74.16499999999999,75.38499999999999,77.32583333333334,-0.13992950814289884,-0.22032226607990033,0.08039275793700149
2025-09-15 13:41:00,74.6,74.6,74.6,74.6,1000,74600.0,74.22999999999999,75.35333333333332,77.31083333333332,-0.11885174568298851,-0.20002816200051796,0.08117641631752945
2025-09-15 14:02:00,73.2,73.5,73.2,73.2,13000,952800.0,74.24,75.28999999999999,77.28999999999999,-0.21266430505846756,-0.2025553906121079,-0.010108914446359668
2025-09-15 14:05:00,74.5,74.5,74.5,74.5,500,37250.0,74.3,75.25666666666666,77.27583333333334,-0.18003694496738376,-0.1980517014831631,0.01801475651577933
2025-09-15 14:15:00,74.3,74.3,74.3,74.3,2000,148600.0,74.35,75.215,77.26083333333332,-0.16837691133511612,-0.19211674345355373,0.02373983211843761
2025-09-15 14:17:00,74.5,74.5,74.5,74.5,1000,74500.0,74.375,75.175,77.24541666666666,-0.14136831619491375,-0.18196705800182575,0.040598741806912
2025-09-15 14:18:00,73.7,73.7,73.7,73.7,100000,7370000.0,74.31,75.12166666666667,77.22625,-0.18241436483214102,-0.18205651936788883,-0.00035784546425218777
2025-09-15 14:21:00,74.4,74.4,74.4,74.4,1000,74400.0,74.38000000000001,75.08166666666668,77.21125,-0.1566536979258899,-0.17697595507948907,0.02032225715359917
2025-09-15 14:22:00,74.0,74.0,74.0,74.0,100000,7400000.0,74.33500000000001,75.03500000000001,77.19375,-0.16659444382071342,-0.17489965282773395,0.008305209007020531
2025-09-15 14:24:00,74.4,74.7,74.4,74.7,14000,1043400.0,74.39500000000001,74.99833333333335,77.17916666666666,-0.1166438094782336,-0.16324848415783388,0.04660467467960028
2025-09-15 14:25:00,74.8,74.8,74.8,74.8,1000,74800.0,74.39000000000001,74.97000000000001,77.16583333333332,-0.06820221494234602,-0.14423923031473632,0.0760370153723903
2025-09-15 14:26:00,73.9,74.2,73.7,74.0,8000,591000.0,74.405,74.92333333333335,77.14916666666666,-0.0932898293094695,-0.13404935011368296,0.04075952080421347
2025-09-15 14:28:00,73.3,73.6,73.2,73.6,7000,513100.0,74.33500000000001,74.86999999999999,77.12291666666667,-0.1437910675821854,-0.13599769360738345,-0.007793373974801954
2025-09-15 14:30:00,74.3,74.3,74.3,74.3,1000,74300.0,74.35,74.82833333333333,77.10708333333332,-0.12587846431912908,-0.1339738477497326,0.008095383430603509
2025-09-15 14:31:00,74.2,74.8,74.2,74.8,4000,297400.0,74.34,74.8,77.09375,-0.07052382114358124,-0.12128384242850232,0.050760021284921075
2025-09-15 14:46:00,73.3,73.3,73.3,73.3,1000,73300.0,74.25500000000001,74.74166666666669,77.07208333333332,-0.1460092281012777,-0.12622891956305743,-0.01978030853822027
2025-09-15 14:48:00,73.6,73.6,73.5,73.5,2000,147100.0,74.18,74.69166666666666,77.04916666666666,-0.18753187767667612,-0.13848951118578118,-0.04904236649089494
2025-09-15 14:51:00,74.7,74.7,73.6,73.6,2000,148300.0,74.16,74.65166666666666,77.02666666666666,-0.2099495446924209,-0.15278151788710914,-0.057168026805311745
2025-09-15 14:58:00,74.7,74.7,74.7,74.7,1000,74700.0,74.15,74.64666666666668,77.01083333333332,-0.1373713687680862,-0.14969948806330458,0.012328119295218376
2025-09-16 09:01:00,74.8,74.8,74.8,74.8,3000,224400.0,74.2,74.63833333333334,76.99291666666666,-0.07096543186135307,-0.13395267682291429,0.06298724496156122
2025-09-16 09:05:00,74.4,74.8,74.4,74.7,9050,675140.0,74.2,74.61666666666666,76.97583333333334,-0.026106473522901297,-0.11238343616291169,0.08627696264001039
2025-09-16 09:31:00,74.2,74.5,74.2,74.5,14000,1041200.0,74.19500000000001,74.59166666666667,76.96041666666666,-0.006617472277412162,-0.09123024338581179,0.08461277110839963
2025-09-16 09:32:00,75.2,75.2,75.2,75.2,1000,75200.0,74.295,74.575,76.94541666666667,0.06456755687250393,-0.060070683334148646,0.12463824020665257
2025-09-16 09:35:00,74.7,74.7,74.7,74.7,100,7470.0,74.30499999999999,74.56500000000001,76.92958333333334,0.07971745085750115,-0.03211305649581868,0.11183050735331983
2025-09-16 09:36:00,75.1,75.1,75.1,75.1,1000,75100.0,74.345,74.545,76.91625,0.12258739684737918,-0.0011729658271790984,0.12376036267455828
2025-09-16 10:23:00,75.1,75.1,75.1,75.1,1000,75100.0,74.375,74.525,76.90291666666666,0.15477795399787908,0.030017218137832546,0.12476073586004653
2025-09-16 10:31:00,74.0,75.0,74.0,75.0,7000,519000.0,74.44,74.50333333333333,76.88708333333332,0.1702574166770603,0.058065257845678106,0.11219215883138219
2025-09-16 10:52:00,74.9,75.0,74.9,75.0,4000,299700.0,74.47,74.50333333333333,76.87166666666666,0.18044494536671607,0.08254119534988572,0.09790375001683035
2025-09-16 11:04:00,75.0,75.0,75.0,75.0,2000,150000.0,74.52,74.48666666666666,76.8575,0.1863702747347844,0.10330701122686546,0.08306326350791894
2025-09-16 11:10:00,74.1,75.1,74.1,75.1,2000,149200.0,74.53999999999999,74.49166666666669,76.84541666666668,0.19686595700622433,0.12201880038273724,0.0748471566234871
2025-09-16 11:18:00,74.3,74.3,74.3,74.3,1000,74300.0,74.515,74.48,76.82916666666667,0.13902791938976122,0.12542062418414207,0.013607295205619152
2025-09-16 11:19:00,75.1,75.1,75.1,75.1,1000,75100.0,74.57,74.475,76.81416666666665,0.15594651761743705,0.13152580287080107,0.024420714746635985
2025-09-16 12:06:00,74.3,74.6,74.2,74.5,18100,1345260.0,74.615,74.48333333333333,76.79666666666665,0.11956141346399818,0.12913292498944048,-0.009571511525442306
2025-09-16 12:08:00,75.0,75.0,75.0,75.0,1000,75000.0,74.65,74.47666666666667,76.78083333333332,0.1295780821362058,0.12922195641879355,0.0003561257174122534
2025-09-16 12:10:00,74.0,74.3,74.0,74.3,8000,592600.0,74.625,74.45833333333333,76.76208333333334,0.0801087703308383,0.1193993192012025,-0.039290548870364206
2025-09-16 12:11:00,73.9,74.2,73.9,74.2,7000,517600.0,74.66999999999999,74.43833333333333,76.74416666666666,0.032460634069281014,0.10201158217481822,-0.0695509481055372
2025-09-16 12:12:00,75.0,75.0,73.7,74.0,12000,887200.0,74.695,74.41499999999999,76.72666666666666,-0.021194864529576307,0.07737029283393931,-0.09856515736351562
2025-09-16 12:13:00,75.0,75.0,75.0,75.0,1000,75000.0,74.765,74.40833333333333,76.71374999999999,0.01678096835767917,0.06525242793868728,-0.04847145958100811
2025-09-16 12:28:00,73.5,74.4,73.5,74.4,14000,1032000.0,74.75,74.39166666666667,76.69958333333334,-0.0015203701877197773,0.051897868313405864,-0.05341823850112564
2025-09-16 12:31:00,74.4,74.4,74.4,74.4,2000,148800.0,74.72999999999999,74.375,76.68250000000002,-0.015841699587241465,0.038349954733276403,-0.05419165432051787
2025-09-16 12:32:00,74.5,75.2,74.5,75.2,10000,746600.0,74.755,74.37333333333332,76.67125,0.036936081647738206,0.03806718011616877,-0.0011310984684305622
2025-09-16 12:38:00,75.2,75.2,75.2,75.2,40,3008.0,74.78999999999999,74.405,76.65875,0.07786527114356545,0.04602679832164811,0.03183847282191734
2025-09-16 12:42:00,74.0,74.0,74.0,74.0,3000,222000.0,74.72999999999999,74.42166666666667,76.64124999999999,0.013318450707032525,0.039485128798725,-0.026166678091692472
2025-09-16 12:43:00,75.1,75.1,75.1,75.1,1000,75100.0,74.75,74.45166666666667,76.62708333333333,0.05034509052788394,0.04165712114455679,0.008687969383327152
2025-09-16 13:00:00,74.1,74.3,74.0,74.3,9000,667200.0,74.71000000000001,74.46833333333333,76.61083333333335,0.01496316912796658,0.03631833074123875,-0.021355161613272167
2025-09-16 13:01:00,74.1,74.3,74.0,74.3,9000,667200.0,74.67,74.47333333333333,76.59458333333333,-0.012928229907615219,0.026469018611467953,-0.039397248519083175
2025-09-16 13:07:00,74.3,74.3,74.3,74.3,1100,81730.0,74.635,74.46166666666666,76.58,-0.034633135363904444,0.01424858781639347,-0.04888172318029792
2025-09-16 13:13:00,74.3,74.3,74.3,74.3,1000,74300.0,74.6,74.48333333333333,76.5625,-0.051243723566244626,0.0011501255398658477,-0.052393849106110474
2025-09-16 13:16:00,74.3,75.0,74.3,75.0,12000,894700.0,74.6,74.485,76.54874999999998,-0.007833287273882661,-0.0006465570228838546,-0.0071867302509988065
2025-09-16 13:17:00,74.1,74.1,74.0,74.0,6000,444300.0,74.54499999999999,74.49333333333334,76.53083333333332,-0.053505073229729305,-0.011218260264252948,-0.04228681296547636
2025-09-16 13:18:00,75.0,75.0,75.0,75.0,1000,75000.0,74.58,74.49499999999999,76.51708333333333,-0.008905987317874065,-0.010755805674977173,0.0018498183571031088
2025-09-16 13:19:00,73.8,74.1,73.7,74.1,7000,516600.0,74.53,74.50166666666668,76.49958333333333,-0.04565706260268598,-0.017736057060518937,-0.027921005542167046
2025-09-16 13:21:00,74.1,74.1,74.1,74.1,1000,74100.0,74.51,74.48666666666666,76.48166666666665,-0.07393033169930163,-0.02897491198827548,-0.04495541971102615
2025-09-16 13:22:00,74.1,75.0,74.1,75.0,6000,445800.0,74.51,74.50333333333333,76.46791666666667,-0.02344437065876548,-0.027868803722373485,0.004424433063608006
2025-09-16 13:26:00,73.7,74.0,73.7,74.0,7000,516200.0,74.495,74.48666666666666,76.45,-0.06339475023489172,-0.03497399302487714,-0.02842075721001458
2025-09-16 13:27:00,75.0,75.0,75.0,75.0,1000,75000.0,74.535,74.48666666666666,76.43583333333332,-0.01420037810522956,-0.030819270040947623,0.016618891935718062
2025-09-16 13:30:00,73.7,74.1,73.7,74.1,8000,590300.0,74.53999999999999,74.47166666666666,76.41833333333334,-0.047290822982517966,-0.034113580629261696,-0.01317724235325627
2025-09-16 13:33:00,73.6,73.9,73.6,73.9,4000,294700.0,74.485,74.47,76.40124999999999,-0.08863187440509535,-0.045017239384428434,-0.04361463502066691
2025-09-16 13:34:00,73.8,73.8,73.8,73.8,4000,295200.0,74.455,74.45166666666667,76.38125,-0.1279887451845383,-0.061611540544450415,-0.06637720464008787
2025-09-16 13:37:00,73.9,73.9,73.9,73.9,1000,73900.0,74.43,74.45333333333333,76.36333333333333,-0.1493881311777301,-0.07916685867110636,-0.07022127250662373
2025-09-16 13:39:00,73.9,75.1,73.9,75.1,7000,518800.0,74.425,74.46000000000001,76.35,-0.06872510731281523,-0.07707850839944813,0.008353401086632906
2025-09-16 13:49:00,74.0,74.0,74.0,74.0,6000,444000.0,74.365,74.45,76.33208333333332,-0.0924936771358773,-0.08016154214673397,-0.012332134989143331
2025-09-16 13:50:00,75.0,75.0,75.0,75.0,1000,75000.0,74.41499999999999,74.48,76.31958333333333,-0.030289637229330424,-0.07018716116325327,0.039897523933922846
2025-09-16 14:08:00,74.9,74.9,74.9,74.9,1000,74900.0,74.405,74.48666666666666,76.30416666666666,0.010813694745635871,-0.05398698998147544,0.06480068472711131
2025-09-16 14:09:00,74.5,74.5,74.5,74.5,50000,3725000.0,74.41499999999999,74.49,76.28833333333334,0.010985095070807915,-0.04099257297101877,0.051977668041826686
2025-09-16 14:18:00,73.8,74.8,73.7,73.8,21000,1553400.0,74.39,74.47833333333332,76.27,-0.04484625903421602,-0.041763310183658225,-0.003082948850557793
2025-09-16 14:19:00,74.7,74.7,74.7,74.7,2000,149400.0,74.41,74.49499999999999,76.25500000000001,-0.01628283266025221,-0.036667214678977024,0.020384382018724813
2025-09-16 14:20:00,74.7,74.8,74.0,74.8,69000,5154500.0,74.435,74.50166666666665,76.23958333333333,0.014258687520595004,-0.02648203423906262,0.04074072175965762
2025-09-16 14:21:00,74.4,74.4,74.4,74.4,6000,446400.0,74.405,74.50833333333334,76.22250000000001,0.006115904898521762,-0.01996244641154574,0.026078351310067503
2025-09-16 14:22:00,74.7,74.7,74.7,74.7,3000,224100.0,74.44,74.50833333333334,76.20541666666668,0.023598158913713974,-0.011250325346493796,0.03484848426020777
2025-09-16 14:23:00,73.9,74.8,73.8,74.8,7000,517900.0,74.42999999999999,74.50833333333334,76.18791666666668,0.04500336466448118,4.1265570120291327e-07,0.04500295200877998
2025-09-16 14:50:00,73.7,74.0,73.7,74.0,10000,738200.0,74.425,74.50833333333334,76.16833333333334,-0.0025566976636923755,-0.0005110094081775129,-0.0020456882555148627
2025-09-16 14:51:00,74.0,74.6,74.0,74.6,10000,741200.0,74.45,74.525,76.15,0.0080735292605425,0.0012058983255664902,0.00686763093497601
2025-09-16 14:52:00,74.2,74.7,73.8,73.8,10000,740400.0,74.39,74.51666666666667,76.12833333333333,-0.04750761522059577,-0.008536804383665966,-0.0389708108369298
2025-09-16 14:57:00,74.0,74.3,74.0,74.0,12000,890400.0,74.39,74.50333333333333,76.10958333333333,-0.0745582826605613,-0.021741100039045037,-0.052817182621516266
2025-09-16 14:58:00,75.0,75.0,75.0,75.0,1000,75000.0,74.39,74.53166666666667,76.095,-0.015130078715685613,-0.020418895774373155,0.005288817058687542
2025-09-17 09:01:00,75.0,75.0,75.0,75.0,3000,225000.0,74.435,74.55666666666666,76.07833333333333,0.031602902480059925,-0.010014536123486538,0.04161743860354646
2025-09-17 09:02:00,75.1,78.6,75.1,78.3,17000,1299400.0,74.655,74.635,76.07958333333335,0.3311047777475977,0.05820932665073034,0.27289545109686736
2025-09-17 09:04:00,78.3,78.3,78.0,78.0,6000,468900.0,74.865,74.69000000000001,76.07541666666667,0.5380523463731919,0.1541779305952227,0.3838744157779692
2025-09-17 09:05:00,78.3,78.9,78.0,78.9,11000,862200.0,75.115,74.75833333333334,76.07916666666667,0.7658539759644896,0.27651313966907615,0.4893408362954134
2025-09-17 09:11:00,78.9,78.9,78.9,78.9,8000,631200.0,75.30499999999999,74.82833333333335,76.07916666666667,0.935603355547812,0.40833118284482345,0.5272721727029885
2025-09-17 09:12:00,79.1,79.1,79.1,79.1,1000,79100.0,75.56,74.905,76.08375,1.0738901531638305,0.541442976908625,0.5324471762552055
2025-09-17 09:15:00,78.3,78.3,78.1,78.1,4000,312600.0,75.715,74.95333333333333,76.08041666666668,1.090224366074807,0.6511992547418615,0.43902511133294553
2025-09-17 09:16:00,78.3,79.1,78.0,79.1,5000,392000.0,75.925,75.02666666666666,76.08500000000001,1.1703696968047694,0.7550333431544431,0.4153363536503263
2025-09-17 09:19:00,76.1,76.1,76.0,76.0,6000,456300.0,76.0,75.04166666666667,76.07583333333334,0.9725306288945745,0.7985328003024695,0.173997828592105
2025-09-17 09:20:00,78.0,78.0,78.0,78.0,2000,156000.0,76.21000000000001,75.08999999999999,76.07291666666667,0.9659896995758288,0.8320241801571414,0.1339655194186874
2025-09-17 09:21:00,78.0,78.0,78.0,78.0,1000,78000.0,76.375,75.14,76.07166666666667,0.9498566102283661,0.8555906661713863,0.09426594405697974
2025-09-17 09:27:00,78.3,78.3,78.3,78.3,1000,78300.0,76.55,75.195,76.07208333333332,0.9503237725888454,0.8745372874548782,0.07578648513396713
2025-09-17 10:02:00,76.1,76.1,76.0,76.0,6000,456300.0,76.63,75.21166666666666,76.06291666666667,0.756384098967132,0.8509066497573291,-0.09452255079019711
2025-09-17 10:04:00,78.0,78.0,78.0,78.0,1000,78000.0,76.795,75.25999999999999,76.05999999999999,0.7553614589619002,0.8317976115982434,-0.07643615263634318
2025-09-17 10:27:00,78.0,78.0,78.0,78.0,50,3900.0,76.955,75.32166666666667,76.05916666666667,0.7459521374881319,0.8146285167762212,-0.06867637928808923
2025-09-17 10:37:00,77.8,78.0,77.5,78.0,6000,466900.0,77.155,75.36999999999999,76.05749999999999,0.730079282914815,0.79771867000394,-0.06763938708912498
2025-09-17 10:42:00,76.1,76.1,76.0,76.0,6000,456300.0,77.225,75.395,76.04875,0.5497791343697429,0.7481307628771007,-0.19835162850735777
2025-09-17 10:43:00,77.4,77.4,77.4,77.4,1000,77400.0,77.405,75.43499999999999,76.04375,0.5139339566279233,0.7012914016272652,-0.18735744499934193
2025-09-17 10:44:00,77.4,77.4,77.4,77.4,2000,154800.0,77.575,75.48666666666666,76.04124999999999,0.47999333068629824,0.6570317874390719,-0.17703845675277363
2025-09-17 10:47:00,77.5,77.5,77.5,77.5,1000,77500.0,77.7,75.54166666666667,76.03708333333333,0.4559088706957226,0.616807204090402,-0.1608983333946794
2025-09-17 11:38:00,76.5,77.4,76.5,77.4,3000,230400.0,77.82000000000001,75.59833333333333,76.03458333333333,0.42386652887182663,0.578219069046687,-0.15435254017486033
2025-09-17 11:40:00,76.1,76.1,76.0,76.0,6000,456300.0,77.70500000000001,75.615,76.02624999999999,0.28225083053263234,0.5190254213438761,-0.23677459081124375
2025-09-17 11:42:00,77.4,77.4,77.4,77.4,1000,77400.0,77.675,75.665,76.02250000000001,0.279762738323484,0.4711728847397976,-0.19141014641631365
2025-09-17 12:01:00,75.8,77.1,75.7,77.1,9000,683600.0,77.58500000000001,75.71,76.01875,0.2506935750448207,0.4270770228008023,-0.17638344775598158
2025-09-17 12:02:00,77.3,77.3,77.3,77.3,1000,77300.0,77.50500000000001,75.74499999999999,76.01416666666665,0.24101609868638718,0.38986483797791927,-0.14884873929153208
2025-09-17 12:03:00,75.4,75.7,75.2,75.5,17000,1282100.0,77.325,75.75,76.0025,0.0870976645174153,0.3293114032858185,-0.2422137387684032
2025-09-17 12:07:00,76.4,76.4,76.4,76.4,3000,229200.0,77.24000000000001,75.78999999999999,75.99458333333334,0.03730860453296714,0.27091084353524825,-0.2336022390022811
2025-09-17 12:21:00,76.0,76.0,76.0,76.0,1000,76000.0,77.085,75.80499999999999,75.985,-0.03403391943814427,0.20992189094056973,-0.243955810378714
2025-09-17 12:26:00,75.4,75.5,75.2,75.5,12000,904200.0,77.05999999999999,75.825,75.97333333333334,-0.1294272482538048,0.1420520631016948,-0.27147931135549963
2025-09-17 12:27:00,75.9,75.9,75.2,75.5,3000,226600.0,76.93499999999999,75.84500000000001,75.96291666666667,-0.20269065688997046,0.07310351910336174,-0.2757941759933322
2025-09-17 12:29:00,75.1,75.4,74.9,75.2,16050,1204460.0,76.79499999999999,75.86,75.95125000000002,-0.2817125222671564,0.0021403108292581,-0.28385283309641446
2025-09-17 12:31:00,74.7,75.0,74.7,74.7,15000,1122300.0,76.615,75.86666666666666,75.93624999999999,-0.38029988092712586,-0.07434772752201872,-0.3059521534051071
2025-09-17 12:34:00,75.3,75.3,75.3,75.3,1000,75300.0,76.58,75.87166666666667,75.9225,-0.4053435393538649,-0.140546889888388,-0.2647966494654769
2025-09-17 12:35:00,74.7,75.0,74.7,75.0,7000,523500.0,76.42999999999999,75.88833333333334,75.90875000000001,-0.4442769635987105,-0.20129290463045255,-0.24298405896825795
2025-09-17 12:37:00,75.3,75.3,75.3,75.3,2000,150600.0,76.295,75.89333333333335,75.89625000000001,-0.44578574939055216,-0.2501914735824725,-0.19559427580807964
2025-09-17 12:58:00,75.0,75.0,75.0,75.0,1000,75000.0,76.14500000000001,75.90833333333333,75.88208333333334,-0.46581929097229136,-0.29331703706043627,-0.17250225391185509
2025-09-17 12:59:00,74.6,74.8,74.5,74.8,7000,522100.0,76.08500000000001,75.92,75.86708333333333,-0.4921610196648629,-0.33308583358132166,-0.15907518608354126
2025-09-17 13:03:00,74.8,74.8,74.8,74.8,1000,74800.0,75.95500000000001,75.91666666666667,75.85125,-0.507190453601595,-0.3679067575853764,-0.1392836960162186
2025-09-17 13:09:00,74.8,74.9,74.8,74.9,2000,149700.0,75.83,75.93166666666666,75.83583333333334,-0.5052084949639806,-0.3953671050610973,-0.10984138990288328
2025-09-17 13:10:00,75.0,75.0,75.0,75.0,1000,75000.0,75.705,75.93166666666666,75.82083333333334,-0.48992110862438665,-0.41427790577375523,-0.07564320285063142
2025-09-17 13:12:00,75.8,75.8,75.8,75.8,1000,75800.0,75.625,75.96,75.81041666666667,-0.40854300127999466,-0.4131309248750032,0.004587923595008536
2025-09-17 13:49:00,75.0,75.0,75.0,75.0,3000,225000.0,75.575,75.97833333333332,75.79541666666667,-0.40394712798988053,-0.41129416549797865,0.00734703750809812
2025-09-17 14:00:00,75.3,75.3,75.0,75.0,3000,225300.0,75.45500000000001,75.99833333333332,75.78166666666667,-0.39574298648918216,-0.40818392969621936,0.012440943207037203
2025-09-17 14:06:00,75.4,75.4,75.4,75.4,2000,150800.0,75.36999999999999,76.02333333333334,75.76875,-0.35289651680642464,-0.39712644711826045,0.04422993031183581
2025-09-17 14:08:00,74.6,75.0,74.5,74.8,8000,597100.0,75.245,76.01833333333335,75.75541666666666,-0.36316898053866,-0.3903349538023404,0.02716597326368042
2025-09-17 14:10:00,74.8,75.4,74.8,75.4,3000,225000.0,75.24,76.04166666666667,75.74333333333333,-0.3192152814053486,-0.3761110193229421,0.0568957379175935
2025-09-17 14:21:00,75.4,75.4,75.4,75.4,100,7540.0,75.19000000000001,76.04833333333333,75.73291666666667,-0.28114084155554053,-0.3571169837694618,0.0759761422139213
2025-09-17 14:43:00,75.4,75.4,75.4,75.4,100,7540.0,75.16,76.05666666666667,75.72125000000001,-0.24810655572956364,-0.33531489816148224,0.0872083424319186
2025-09-18 09:01:00,75.4,75.4,75.4,75.4,3000,226200.0,75.155,76.07166666666667,75.70916666666668,-0.21939756762398588,-0.31213143205398297,0.09273386442999709
2025-09-18 09:02:00,74.7,75.0,74.3,74.7,15000,1120200.0,75.115,76.08666666666666,75.69791666666667,-0.25024496933471596,-0.2997541395101296,0.04950917017541362
2025-09-18 09:04:00,75.9,75.9,75.9,75.9,1000,75900.0,75.15,76.10666666666667,75.68916666666668,-0.1758348713093909,-0.27497028586998185,0.09913541456059094
2025-09-18 09:25:00,75.7,75.7,75.7,75.7,200,15140.0,75.2,76.12166666666667,75.67833333333333,-0.1314869612176608,-0.24627362093951763,0.11478665972185684
2025-09-18 09:37:00,74.7,75.0,74.7,75.0,6000,449100.0,75.185,76.13166666666666,75.66875,-0.15108347654502552,-0.22723559206061922,0.0761521155155937
2025-09-18 09:38:00,75.7,75.7,75.7,75.7,1000,75700.0,75.22,76.14833333333333,75.66125000000001,-0.10887466688360803,-0.203563407025217,0.09468874014160897
2025-09-18 09:39:00,74.6,75.6,74.6,75.6,5000,374300.0,75.23499999999999,76.16166666666668,75.65166666666667,-0.08254155769721194,-0.179359037159616,0.09681747946240407
2025-09-18 09:47:00,75.6,75.6,75.6,75.6,20,1512.0,75.265,76.18833333333333,75.64166666666667,-0.06096955981386998,-0.15568114169046682,0.09471158187659684
2025-09-18 10:00:00,74.3,75.0,74.2,74.5,9000,669500.0,75.25,76.18666666666667,75.62708333333333,-0.13112289982194625,-0.1507694933167627,0.019646593494816456
2025-09-18 10:02:00,74.9,75.7,74.9,75.7,5000,375400.0,75.295,76.21833333333333,75.61958333333334,-0.08886556906105625,-0.13838870846562143,0.04952313940456518
2025-09-18 10:43:00,74.8,74.8,74.8,74.8,1000,74800.0,75.28999999999999,76.23166666666665,75.60916666666667,-0.1265401324927211,-0.13601899327104136,0.009478860778320247
2025-09-18 10:45:00,74.8,75.1,74.8,74.8,8000,599300.0,75.28,76.22833333333332,75.59875000000001,-0.15461518780250572,-0.13973823217733425,-0.014876955625171467
2025-09-18 10:46:00,74.5,74.5,74.5,74.5,2000,149000.0,75.215,76.22,75.5925,-0.19878094124689483,-0.1515467739912464,-0.04723416725564844
2025-09-18 10:51:00,75.1,75.1,75.1,75.1,1000,75100.0,75.22,76.16666666666667,75.58541666666666,-0.1832551817945216,-0.15788845555190145,-0.025366726242620152
2025-09-18 11:06:00,75.1,75.1,75.1,75.1,1000,75100.0,75.225,76.11833333333333,75.57833333333333,-0.1690027471034341,-0.160111313862208,-0.008891433241226099
2025-09-18 11:29:00,74.8,74.8,74.8,74.8,2000,149600.0,75.19500000000001,76.05,75.57124999999999,-0.17984197636707222,-0.16405744636318087,-0.01578453000389135
2025-09-18 11:35:00,75.1,75.1,75.1,75.1,1000,75100.0,75.21,75.98666666666668,75.56333333333333,-0.16235314486287677,-0.16371658606312006,0.0013634412002432872
2025-09-18 11:47:00,74.2,74.5,74.2,74.5,9000,668700.0,75.16499999999999,75.91000000000001,75.55291666666668,-0.1946641384722625,-0.16990609654494856,-0.02475804192731393
2025-09-18 11:48:00,74.9,74.9,74.9,74.9,1000,74900.0,75.14,75.85666666666665,75.54041666666667,-0.18585179285599907,-0.1730952358071587,-0.012756557048840378
2025-09-18 11:50:00,74.0,74.0,74.0,74.0,2000,148000.0,75.07000000000001,75.77166666666668,75.52416666666666,-0.24862443611556273,-0.18820107586883952,-0.06042336024672321
2025-09-18 11:52:00,74.9,74.9,74.9,74.9,1000,74900.0,75.045,75.75333333333334,75.51833333333335,-0.22317708327203434,-0.1951962773494785,-0.027980805922555835
2025-09-18 11:54:00,74.9,74.9,74.9,74.9,1000,74900.0,75.05499999999999,75.70166666666667,75.50958333333332,-0.20069636998125873,-0.19629629587583458,-0.0044000741054241455
2025-09-18 12:05:00,74.9,74.9,74.9,74.9,100,7490.0,75.00500000000001,75.65,75.50083333333333,-0.18079613740322031,-0.19319626418131175,0.012400126778091436
2025-09-18 12:32:00,74.1,74.1,74.1,74.1,3000,222300.0,74.925,75.58,75.49291666666666,-0.226962096068263,-0.19994943055870204,-0.027012665509560968
2025-09-18 12:33:00,74.4,74.4,74.4,74.4,1000,74400.0,74.89500000000001,75.55333333333333,75.48208333333334,-0.23661392013838167,-0.20728232847463798,-0.02933159166374369
2025-09-18 12:37:00,74.4,74.4,74.1,74.1,2000,148500.0,74.815,75.48833333333333,75.47291666666666,-0.26541105956496835,-0.21890807469270407,-0.046502984872264286
2025-09-18 12:38:00,74.6,74.6,74.6,74.6,1000,74600.0,74.76500000000001,75.43166666666667,75.46458333333334,-0.245062253593602,-0.2241389104728837,-0.020923343120718307
2025-09-18 12:39:00,74.6,74.6,74.6,74.6,1000,74600.0,74.715,75.375,75.45625,-0.22632672465769588,-0.22457647330984618,-0.0017502513478497017
2025-09-18 12:52:00,74.3,74.6,74.3,74.6,3000,223500.0,74.72,75.35166666666667,75.44791666666667,-0.20906866951239067,-0.2214749125503551,0.01240624303796442
2025-09-18 12:57:00,74.7,74.7,74.7,74.7,50,3735.0,74.66999999999999,75.30666666666667,75.43833333333332,-0.18518764431863133,-0.21421745890401034,0.02902981458537901
2025-09-18 13:12:00,74.1,74.7,73.9,74.3,12000,889000.0,74.645,75.25500000000001,75.42583333333333,-0.19627587079853015,-0.21062914128291432,0.014353270484384173
2025-09-18 13:13:00,74.2,74.2,74.2,74.2,5000,371000.0,74.615,75.2,75.41291666666666,-0.21070367364404774,-0.21064404775514103,-5.962588890670584e-05
2025-09-18 13:43:00,74.2,74.2,74.2,74.2,1000,74200.0,74.6,75.14666666666668,75.4,-0.21960632631623866,-0.21243650346736057,-0.007169822848878099
2025-09-18 13:45:00,73.8,74.1,73.5,73.9,21000,1549600.0,74.54,75.11166666666668,75.38583333333334,-0.24801032682788104,-0.21955126813946468,-0.02845905868841636
2025-09-18 13:47:00,73.9,74.7,73.9,74.7,7000,518400.0,74.52,75.06666666666666,75.37791666666666,-0.2036201810540632,-0.21636505072238443,0.012744869668321224
2025-09-18 13:50:00,74.7,74.8,74.7,74.8,5000,373700.0,74.52000000000001,75.02833333333335,75.3675,-0.15854391093435538,-0.20480082276477865,0.04625691183042327
2025-09-18 14:14:00,74.0,74.0,74.0,74.0,50000,3700000.0,74.465,74.97333333333334,75.35791666666667,-0.18523864048805194,-0.20088838630943331,0.015649745821381372
2025-09-18 14:15:00,74.3,74.3,74.3,74.3,50000,3715000.0,74.45500000000001,74.95333333333333,75.34666666666666,-0.18011070905019722,-0.19673285085758613,0.016622141807388913
2025-09-18 14:16:00,74.8,75.9,74.5,75.1,13000,972600.0,74.465,74.93166666666666,75.34291666666667,-0.11022289143876662,-0.17943085897382224,0.06920796753505562
2025-09-18 14:17:00,74.8,74.8,74.8,74.8,7000,523600.0,74.505,74.91166666666666,75.33375000000001,-0.07814300138491603,-0.159173287456041,0.08103028607112497
2025-09-18 14:20:00,75.3,75.3,75.3,75.3,1000,75300.0,74.525,74.90833333333333,75.32666666666667,-0.01223262597083874,-0.12978515515900055,0.11755252918816181
2025-09-18 14:48:00,74.3,74.3,74.0,74.0,11000,815900.0,74.47999999999999,74.88333333333334,75.31416666666668,-0.06415774351283687,-0.11665967282976782,0.05250192931693094
2025-09-18 14:51:00,74.5,74.5,74.5,74.5,1000,74500.0,74.46,74.87166666666666,75.30416666666666,-0.06422263339887024,-0.10617226494358831,0.04194963154471806
2025-09-18 14:58:00,74.9,74.9,74.9,74.9,1000,74900.0,74.5,74.875,75.29708333333333,-0.03163275928224607,-0.09126436381131986,0.05963160452907379
2025-09-19 09:01:00,75.0,75.3,75.0,75.3,9000,675900.0,74.54499999999999,74.875,75.29,0.02616993706874382,-0.06777750363530713,0.09394744070405095
2025-09-19 09:04:00,74.6,74.8,74.5,74.8,12000,895200.0,74.58,74.87166666666666,75.27958333333335,0.03127267709226089,-0.047967467489793525,0.07924014458205442
2025-09-19 09:08:00,75.4,75.4,75.4,75.4,1000,75400.0,74.61999999999999,74.87333333333335,75.27166666666666,0.08277741440876696,-0.021818491110081422,0.10459590551884838
2025-09-19 09:15:00,75.4,75.4,75.4,75.4,2000,150800.0,74.66,74.87999999999998,75.2625,0.12218679647260444,0.006982566406455759,0.11520423006614869
2025-09-19 09:16:00,74.7,74.7,74.7,74.7,6000,448200.0,74.665,74.87833333333334,75.25166666666668,0.09583019499586953,0.024752092124338522,0.07107810287153102
2025-09-19 09:18:00,74.2,74.8,74.2,74.8,3200,237560.0,74.67,74.87833333333333,75.24583333333334,0.08206556198707915,0.03621478609688666,0.04585077589019249
2025-09-19 09:37:00,74.2,74.5,74.2,74.5,9000,668700.0,74.68,74.87166666666666,75.23333333333333,0.04641446134500882,0.03825472114651109,0.008159740198497724
2025-09-19 09:38:00,74.8,75.5,74.6,75.5,9000,673800.0,74.745,74.87999999999998,75.22916666666667,0.09772582737933533,0.050148942393075956,0.04757688498625937
2025-09-19 09:40:00,74.2,74.5,74.0,74.0,8000,593600.0,74.735,74.85,75.21458333333334,0.017155235783661738,0.04355020107119312,-0.02639496528753138
2025-09-19 09:41:00,74.3,75.0,74.2,75.0,11000,818900.0,74.78999999999999,74.85,75.20416666666667,0.03360670691772327,0.041561502240499155,-0.007954795322775883
2025-09-19 10:04:00,74.2,74.5,74.2,74.5,6000,446100.0,74.78,74.84166666666667,75.19291666666666,0.00622701385276514,0.034494604562952356,-0.028267590710187217
2025-09-19 10:05:00,74.2,75.2,74.2,75.2,5000,372300.0,74.8,74.83833333333334,75.18541666666667,0.04054518009699848,0.03570471966976158,0.0048404604272368965
2025-09-19 10:06:00,74.8,74.8,74.8,74.8,3000,224400.0,74.84,74.83833333333332,75.17541666666666,0.03506174703937859,0.03557612514368499,-0.0005143781043063997
2025-09-19 10:08:00,74.2,75.2,74.2,75.2,6000,446200.0,74.885,74.83500000000001,75.17,0.062274877868432554,0.0409158756886345,0.021359002179798053
2025-09-19 10:23:00,74.2,74.5,74.0,74.0,8000,594300.0,74.83000000000001,74.81166666666668,75.1575,-0.012840474078814168,0.030164605735144765,-0.04300507981395893
2025-09-19 10:26:00,75.0,75.0,75.0,75.0,1000,75000.0,74.84,74.805,75.15124999999999,0.008226876664267024,0.02577705992096922,-0.017550183256702195
2025-09-19 11:58:00,75.1,75.1,75.1,75.1,100,7510.0,74.83,74.8,75.14416666666666,0.032616090190444424,0.027144865974864263,0.005471224215580162
2025-09-19 12:38:00,75.0,75.0,75.0,75.0,1000,75000.0,74.88,74.805,75.13625,0.04337554705351465,0.030391002190594346,0.012984544862920305
2025-09-19 12:41:00,75.0,75.0,75.0,75.0,1000,75000.0,74.905,74.78999999999999,75.12833333333333,0.0513110127205465,0.034575004296584784,0.016736008423961717
2025-09-19 12:47:00,75.1,75.1,75.1,75.1,1000,75100.0,74.91499999999999,74.78,75.12125,0.06492072499277413,0.040644148435822654,0.024276576556951472
2025-09-19 12:50:00,75.1,75.1,74.8,74.8,6000,450000.0,74.89000000000001,74.77666666666667,75.11291666666668,0.05091214372465913,0.042697747493589955,0.008214396231069176
2025-09-19 12:51:00,75.3,75.3,75.0,75.0,6000,450900.0,74.9,74.765,75.105,0.055310980124573916,0.04522039401978675,0.010090586104787164
2025-09-19 13:08:00,75.1,75.1,74.8,74.8,4000,300100.0,74.87,74.75166666666665,75.09791666666666,0.04217262140512901,0.04461083949685521,-0.002438218091726202
2025-09-19 13:17:00,74.3,74.3,74.3,74.3,3000,222900.0,74.815,74.73,75.0875,-0.008487604046337083,0.033991150788216754,-0.042478754834553836
2025-09-19 13:18:00,74.8,74.8,74.5,74.5,4000,298900.0,74.80499999999999,74.73,75.07791666666667,-0.03212752308613176,0.02076741601334705,-0.05289493909947881
2025-09-19 13:19:00,75.0,75.0,75.0,75.0,1000,75000.0,74.815,74.71833333333332,75.07041666666666,-0.010396661671890683,0.014534600476299503,-0.024931262148190185
2025-09-19 13:21:00,74.5,74.5,74.5,74.5,1000,74500.0,74.815,74.71333333333334,75.06208333333332,-0.03313861741089852,0.004999956898859896,-0.038138574309758415
2025-09-19 13:23:00,74.9,74.9,74.9,74.9,1000,74900.0,74.785,74.71499999999999,75.05416666666666,-0.018669909030805343,0.0002659837129268471,-0.01893589274373219
2025-09-19 13:25:00,74.9,74.9,74.9,74.9,2000,149800.0,74.83,74.72166666666666,75.04749999999999,-0.007121263900742747,-0.0012114658098070722,-0.005909798090935675
2025-09-19 13:27:00,75.0,75.0,75.0,75.0,2000,150000.0,74.83,74.72,75.04333333333332,0.009985181872394833,0.0010278637266333095,0.008957318145761523
2025-09-19 14:09:00,75.1,75.1,75.1,75.1,1000,75100.0,74.85999999999999,74.72000000000001,75.04375,0.03125108460777426,0.007072507902861502,0.024178576704912757
2025-09-19 14:20:00,75.1,75.5,74.8,75.5,25000,1880900.0,74.875,74.73166666666665,75.04458333333334,0.07946509860720141,0.02155102604372949,0.05791407256347192
2025-09-19 14:22:00,75.6,75.6,75.6,75.6,1000,75600.0,74.91499999999999,74.74,75.04291666666667,0.12431123380781628,0.042103067596546855,0.08220816621126942
2025-09-19 14:23:00,75.0,75.1,75.0,75.1,2000,150100.0,74.91,74.75,75.03916666666667,0.11814440259681191,0.05731133459659987,0.06083306800021204
2025-09-19 14:24:00,75.5,75.5,75.5,75.5,3000,226500.0,74.98499999999999,74.76,75.03625000000001,0.14387529663267173,0.07462412700381427,0.06925116962885747
2025-09-19 14:31:00,75.2,75.8,75.2,75.8,59000,4440100.0,75.02499999999999,74.78999999999999,75.03833333333334,0.18632684840854097,0.09696467128475962,0.08936217712378135
2025-09-19 14:32:00,75.5,76.0,75.5,76.0,5000,379000.0,75.07,74.80833333333332,75.03708333333334,0.2334176442624596,0.12425526588029963,0.10916237838215996
2025-09-19 14:37:00,75.5,76.0,75.5,76.0,51000,3851000.0,75.11999999999999,74.82666666666665,75.03583333333334,0.26765211230458874,0.15293463516515748,0.11471747713943126
2025-09-19 14:38:00,76.4,77.0,76.4,77.0,10100,775840.0,75.22,74.86166666666666,75.03875,0.37119590222584975,0.19658688857729598,0.17460901364855377
2025-09-19 14:39:00,78.8,78.8,78.8,78.8,1000,78800.0,75.405,74.94,75.05458333333333,0.5916795450162766,0.2756054198650921,0.3160741251511845
2025-09-19 14:41:00,78.0,78.5,78.0,78.5,2000,156500.0,75.59,75.00833333333334,75.065,0.7337487290256917,0.36723408169721206,0.3665146473284796
2025-09-19 14:44:00,76.7,77.0,76.7,77.0,6000,461100.0,75.69000000000001,75.05666666666666,75.07416666666667,0.7170365657393347,0.43719457850563664,0.2798419872336981
2025-09-19 14:45:00,76.7,76.7,76.7,76.7,3000,230100.0,75.785,75.09166666666665,75.08125,0.6718400097088448,0.4841236647462783,0.1877163449625665
2025-09-19 14:48:00,78.8,78.8,78.8,78.8,1000,78800.0,76.01,75.16166666666666,75.09541666666668,0.7962946736768544,0.5465578665323937,0.24973680714446067
2025-09-19 14:55:00,78.8,78.8,78.8,78.8,8,630.4,76.225,75.23166666666665,75.11541666666668,0.884727305860622,0.6141917543980394,0.27053555146258257
2025-09-19 15:00:00,78.8,78.8,78.5,78.8,5000,393100.0,76.41499999999999,75.3,75.12958333333333,0.9439297691856723,0.6801393573555661,0.2637904118301062
2025-09-22 09:04:00,78.8,78.8,78.8,78.8,1000,78800.0,76.63,75.375,75.14375,0.979556431116265,0.740022772107706,0.23953365900855905
2025-09-22 09:13:00,78.8,78.8,78.8,78.8,3000,236400.0,76.82499999999999,75.45166666666665,75.15791666666668,0.9963060217329485,0.7912794220327546,0.20502659970019388
2025-09-22 09:17:00,77.2,77.5,77.2,77.5,11000,850700.0,76.955,75.50666666666666,75.16666666666667,0.8943713018829555,0.8118977980027949,0.08247350388016061
2025-09-22 09:21:00,78.2,78.5,78.2,78.5,6000,470100.0,77.13,75.58333333333331,75.17958333333334,0.8840877316086448,0.826335784723965,0.05775194688467988
2025-09-22 09:22:00,78.2,78.2,78.2,78.2,1000,78200.0,77.285,75.64166666666667,75.19125000000001,0.8420241055349607,0.8294734488861643,0.012550656648796399
2025-09-22 09:24:00,78.2,78.5,78.2,78.5,4900,384080.0,77.43499999999999,75.70333333333333,75.20416666666667,0.8234041807702681,0.8282595952629851,-0.004855414492716981
2025-09-22 09:27:00,78.8,78.8,78.8,78.8,1000,78800.0,77.595,75.78333333333332,75.21875,0.8233640211310274,0.8272804804365935,-0.003916459305566167
2025-09-22 09:32:00,78.2,78.5,78.2,78.5,6000,470100.0,77.765,75.85333333333332,75.24041666666668,0.7900178673267106,0.8198279578146169,-0.029810090487906282
2025-09-22 09:39:00,78.8,78.8,78.8,78.8,1000,78800.0,77.93,75.91499999999999,75.26458333333333,0.7788205346614774,0.8116264731839891,-0.03280593852251168
2025-09-22 10:14:00,78.3,78.3,78.3,78.3,1000,78300.0,78.055,75.97333333333333,75.28541666666666,0.7212862081042744,0.7935584201680462,-0.07227221206377188
2025-09-22 10:20:00,78.0,78.0,78.0,78.0,3000,234000.0,78.155,76.01833333333335,75.305,0.6440580467491372,0.7636583454842645,-0.11960029873512723
2025-09-22 10:21:00,78.8,78.8,78.8,78.8,1000,78800.0,78.295,76.09833333333334,75.325,0.6400296235022438,0.7389326010878604,-0.09890297758561661
2025-09-22 10:25:00,78.2,78.5,78.2,78.5,4000,313100.0,78.37,76.16499999999999,75.33958333333334,0.605648042627891,0.7122756893958666,-0.10662764676797565
2025-09-22 10:37:00,78.3,78.3,78.3,78.3,1000,78300.0,78.345,76.22166666666666,75.36166666666668,0.5558545186650292,0.6809914552496992,-0.12513693658466996
2025-09-22 10:52:00,78.0,78.0,78.0,78.0,3000,234000.0,78.32,76.26666666666667,75.37458333333333,0.48657635010535216,0.6421084342208299,-0.1555320841154777
2025-09-22 11:01:00,77.5,77.5,77.5,77.5,90000,6975000.0,78.345,76.31166666666668,75.39125,0.3868675131984247,0.5910602500163489,-0.20419273681792416
2025-09-22 11:02:00,77.5,77.5,77.5,77.5,10000,775000.0,78.385,76.34666666666666,75.40208333333334,0.3043393074941463,0.5337160615119084,-0.22937675401776214
2025-09-22 11:05:00,77.8,78.9,77.8,78.1,109000,8484700.0,78.35,76.39166666666667,75.42041666666667,0.2840754505179319,0.4837879393131131,-0.19971248879518116
2025-09-22 11:06:00,78.8,78.8,78.8,78.8,1000,78800.0,78.35,76.46,75.43625,0.32080233806628655,0.4511908190637478,-0.13038848099746125
2025-09-22 11:30:00,78.6,78.6,78.6,78.6,16,1257.6,78.34,76.52333333333334,75.45541666666668,0.32996668200797785,0.4269459916525939,-0.09697930964461604
2025-09-22 11:45:00,78.6,78.6,78.6,78.6,1001,78678.6,78.33,76.59166666666667,75.47041666666668,0.3333864194892584,0.4082340772199268,-0.07484765773066843
2025-09-22 12:05:00,78.3,78.3,78.3,78.3,1000,78300.0,78.305,76.63833333333334,75.48416666666667,0.3083348016242837,0.38825422210079824,-0.07991942047651451
2025-09-22 12:18:00,78.0,78.0,78.0,78.0,1000,78000.0,78.33000000000001,76.705,75.49666666666667,0.26126205484547427,0.3628557886497335,-0.10159373380425923
2025-09-22 12:38:00,78.0,78.0,78.0,78.0,1000,78000.0,78.305,76.75500000000001,75.51333333333334,0.2214043523282072,0.3345655013854283,-0.11316114905722108
2025-09-22 12:40:00,78.5,78.5,78.5,78.5,1000,78500.0,78.32000000000001,76.82166666666667,75.52833333333334,0.22753972098473696,0.31316034530529,-0.08562062432055306
2025-09-22 13:02:00,77.7,77.7,77.7,77.7,1000,77700.0,78.28,76.86333333333332,75.54458333333334,0.16593592467877727,0.28371546117998747,-0.1177795365012102
2025-09-22 13:04:00,78.5,78.5,78.5,78.5,1000,78500.0,78.265,76.925,75.56041666666667,0.17959749823189952,0.2628918685903699,-0.08329437035847037
2025-09-22 13:13:00,78.5,78.6,78.3,78.3,10000,784000.0,78.25500000000001,76.97666666666666,75.57583333333334,0.17229989918396882,0.24477347470908967,-0.07247357552512085
2025-09-22 13:16:00,78.6,78.7,78.4,78.4,7000,550300.0,78.23499999999999,77.04999999999998,75.59750000000001,0.17259608341498733,0.23033799645026923,-0.057741913035281894
2025-09-22 13:29:00,78.8,78.8,78.5,78.5,17250,1356825.0,78.24499999999999,77.10833333333332,75.61416666666668,0.1788384376311285,0.2200380846864411,-0.041199647055312594
2025-09-22 13:41:00,78.5,78.5,78.5,78.5,5000,392500.0,78.27,77.16499999999999,75.63166666666667,0.18169112611808202,0.2123686929727693,-0.030677566854687283
2025-09-22 13:58:00,78.2,78.8,78.2,78.8,8000,627700.0,78.27,77.22833333333332,75.64958333333334,0.20578720825322705,0.21105239602886086,-0.005265187775633812
2025-09-22 14:16:00,78.8,78.8,78.8,78.8,1000,78800.0,78.285,77.29166666666667,75.67083333333333,0.22232075171235977,0.21330606716556066,0.009014684546799101
2025-09-22 14:31:00,78.1,78.1,78.1,78.1,3000,234300.0,78.275,77.34166666666667,75.68625,0.17690035696709572,0.2060249251258677,-0.029124568158771985
2025-09-22 14:32:00,78.0,78.0,78.0,78.0,3000,234000.0,78.275,77.39500000000001,75.70291666666667,0.1313214111471126,0.1910842223301167,-0.05976281118300411
2025-09-22 14:40:00,78.9,78.9,78.9,78.9,1000,78900.0,78.345,77.46000000000001,75.72041666666665,0.16590974235769806,0.186049326335633,-0.020139583977934944
2025-09-23 09:01:00,78.9,78.9,77.7,78.0,10505,817744.5,78.37,77.51333333333334,75.73375,0.11932328114254176,0.17270411729701476,-0.053380836154473005
2025-09-23 09:02:00,78.0,78.0,78.0,78.0,1000,78000.0,78.36500000000001,77.575,75.75041666666667,0.08146410747092148,0.15445611533179612,-0.07299200786087465
2025-09-23 09:06:00,79.1,79.1,78.8,79.1,7000,552800.0,78.38,77.65166666666667,75.77333333333334,0.13862328356898956,0.15128954897923483,-0.012666265410245264
2025-09-23 09:13:00,79.1,79.1,78.8,78.8,4000,315800.0,78.39,77.71499999999999,75.79208333333334,0.15789473739431514,0.1526105866622509,0.00528415073206423
2025-09-23 09:14:00,79.2,79.4,78.9,79.3,15000,1187200.0,78.425,77.795,75.81083333333332,0.21108012443815483,0.1643044942174317,0.04677563022072312
2025-09-23 09:19:00,77.8,77.8,77.8,77.8,2000,155600.0,78.4,77.84333333333332,75.82958333333333,0.13068599606010878,0.15758079458596713,-0.026894798525858354
2025-09-23 09:20:00,79.3,79.3,79.0,79.3,5000,395600.0,78.465,77.91666666666667,75.85374999999999,0.18586796389998028,0.16323822844876978,0.022629735451210498
2025-09-23 09:28:00,79.3,79.3,79.3,79.3,270,21411.0,78.53,77.98833333333333,75.87750000000001,0.22698354595230796,0.17598729194947743,0.05099625400283053
2025-09-23 09:35:00,79.3,79.3,79.3,79.3,2000,158600.0,78.57,78.05833333333334,75.89666666666668,0.25660990173743414,0.1921118139070688,0.06449808783036534
2025-09-23 09:56:00,78.5,78.5,78.5,78.5,2000,157000.0,78.61,78.10833333333333,75.91208333333334,0.21307944086552766,0.1963053392987606,0.016774101566767063
2025-09-23 10:00:00,79.2,79.2,79.2,79.2,1000,79200.0,78.64500000000001,78.16833333333334,75.93083333333334,0.232386579032962,0.2035215872456009,0.0288649917873611
2025-09-23 10:11:00,78.7,79.0,78.7,79.0,6000,473100.0,78.67999999999999,78.23333333333333,75.94958333333334,0.22891055817797223,0.20859938143207518,0.020311176745897053
2025-09-23 10:16:00,79.2,79.2,79.2,79.2,1000,79200.0,78.72,78.295,75.96624999999999,0.23953292864000275,0.21478609087366074,0.02474683776634201
2025-09-23 10:36:00,78.7,79.0,78.7,79.0,5500,433750.0,78.745,78.34833333333334,75.98416666666665,0.22917116272121518,0.21766310524317167,0.01150805747804351
2025-09-23 10:55:00,79.0,79.0,79.0,79.0,3000,237000.0,78.77000000000001,78.39833333333334,76.00041666666667,0.21844133286778344,0.21781875076809407,0.0006225820996893783
2025-09-23 10:59:00,78.0,78.0,78.0,78.0,3000,234000.0,78.73,78.43166666666667,76.0125,0.12777333132601143,0.19980966687967755,-0.07203633555366612
2025-09-23 11:01:00,78.9,79.0,78.9,79.0,4000,315700.0,78.74,78.465,76.02916666666667,0.13505312121405666,0.1868583577465534,-0.051805236532496746
2025-09-23 11:20:00,78.5,78.5,78.5,78.5,1000,78500.0,78.76,78.46000000000001,76.04375,0.0993315535056638,0.1693529968983755,-0.07002144339271169
2025-09-23 11:24:00,78.9,78.9,78.9,78.9,1000,78900.0,78.80499999999999,78.46666666666667,76.06,0.10212141865144986,0.15590668124899038,-0.05378526259754052
2025-09-23 11:59:00,79.2,79.2,79.2,79.2,1000,79200.0,78.82,78.50333333333333,76.07708333333333,0.12707505751323822,0.15014035650183996,-0.02306529898860174
2025-09-23 12:30:00,78.3,78.3,78.3,78.3,3000,234900.0,78.835,78.53,76.09375,0.0733826086726026,0.1347888069359925,-0.06140619826338989
2025-09-23 12:32:00,78.2,78.2,78.2,78.2,3000,234600.0,78.845,78.52,76.10666666666667,0.02250239822855349,0.11233152519450468,-0.08982912696595119
2025-09-23 12:44:00,78.5,78.9,78.2,78.9,6000,470800.0,78.83500000000001,78.52166666666668,76.125,0.038223003741279626,0.09750982090385966,-0.05928681716258004
2025-09-23 12:45:00,77.7,77.7,77.7,77.7,3000,233100.0,78.78,78.50333333333333,76.13625,-0.04562236805064401,0.06888338311295893,-0.11450575116360294
2025-09-23 12:48:00,78.6,78.6,78.6,78.6,1000,78600.0,78.745,78.5,76.15416666666667,-0.038998401585047304,0.04730702617335768,-0.08630542775840498
2025-09-23 12:49:00,78.3,78.3,78.3,78.3,1000,78300.0,78.77,78.49166666666666,76.17125000000001,-0.05729588197142732,0.026386444544400676,-0.08368232651582799
2025-09-23 12:52:00,78.9,78.9,78.9,78.9,1000,78900.0,78.75,78.51500000000001,76.19166666666666,-0.023115322365640623,0.016486091162392413,-0.039601413528033036
2025-09-23 13:29:00,79.0,79.0,79.0,79.0,1000,79000.0,78.735,78.52333333333334,76.20833333333333,0.011904948805451454,0.015569862691004221,-0.003664913885552767
2025-09-23 13:30:00,78.6,78.6,78.6,78.6,1000,78600.0,78.7,78.52999999999999,76.22583333333334,0.007297982357670207,0.01391548662433742,-0.006617504266667212
2025-09-23 13:32:00,78.6,78.6,78.6,78.6,1000,78600.0,78.70500000000001,78.53166666666667,76.24333333333333,0.0036053678204410744,0.01185346286355815,-0.008248095043117076
2025-09-23 13:35:00,79.0,79.0,79.0,79.0,600,47400.0,78.69500000000001,78.53500000000001,76.25916666666667,0.03258003884886307,0.015998778060619136,0.016581260788243932
2025-09-23 13:41:00,78.6,78.9,78.6,78.9,6000,472500.0,78.69,78.54166666666667,76.27458333333334,0.046932501462606524,0.022185522741016615,0.02474697872158991
2025-09-23 13:49:00,78.6,78.9,78.6,78.9,5000,393600.0,78.675,78.54333333333334,76.295,0.057642465032202495,0.029276911199253797,0.028365553832948698
2025-09-23 13:56:00,79.1,79.1,79.1,79.1,1000,79100.0,78.67999999999999,78.55666666666666,76.31166666666667,0.08133098389689053,0.039687725738781154,0.041643258158109375
2025-09-24 09:01:00,79.1,79.1,79.1,79.1,4005,316795.5,78.685,78.575,76.33166666666666,0.09896351595445196,0.05154288378191532,0.04742063217253664
2025-09-24 09:19:00,79.4,79.4,79.4,79.4,1000,79400.0,78.755,78.585,76.35291666666667,0.13558201239894174,0.06835070950532061,0.06723130289362113
2025-09-24 09:20:00,79.4,79.4,79.4,79.4,1000,79400.0,78.775,78.6,76.37416666666667,0.16272662343207855,0.08722589229067221,0.07550073114140635
2025-09-24 09:23:00,79.4,79.6,79.2,79.3,14000,1112000.0,78.815,78.61666666666666,76.39500000000001,0.1741621263961406,0.1046131391117659,0.0695489872843747
2025-09-24 09:24:00,79.4,79.7,79.4,79.7,4000,317900.0,78.855,78.645,76.41458333333334,0.21304564437203055,0.12629964016381884,0.08674600420821171
2025-09-24 09:26:00,79.7,79.7,79.4,79.7,12000,954600.0,78.88000000000001,78.68166666666666,76.43833333333333,0.24108206849135172,0.14925612582932543,0.09182594266202629
2025-09-24 09:27:00,79.7,79.7,79.4,79.4,25000,1987400.0,78.935,78.71333333333332,76.45666666666668,0.2363689299125582,0.166678686645972,0.06969024326658621
2025-09-24 09:28:00,79.7,79.7,79.7,79.7,1000,79700.0,79.01,78.74000000000001,76.48,0.253914260884585,0.18412580149369462,0.0697884593908904
2025-09-24 09:33:00,79.7,79.7,79.7,79.7,1000,79700.0,79.05,78.75500000000001,76.50333333333333,0.2647669930035903,0.20025403979567377,0.06451295320791653
2025-09-24 09:39:00,79.7,79.7,79.7,79.7,1000,79700.0,79.15,78.77333333333333,76.52291666666666,0.27025255813384774,0.21425374346330858,0.05599881467053916
2025-09-24 09:40:00,79.7,79.7,79.4,79.7,5000,397600.0,79.205,78.79166666666667,76.54666666666667,0.271470564339765,0.22569710763859988,0.045773456701165144
2025-09-24 09:41:00,79.4,79.7,79.4,79.4,19000,1508900.0,79.26,78.81,76.56500000000001,0.24539953712969975,0.22963759353681987,0.015761943592879885
2025-09-24 09:42:00,79.7,79.7,79.7,79.7,2000,159400.0,79.3,78.83833333333334,76.58833333333332,0.24610856667020187,0.23293178816349627,0.013176778506705594
2025-09-24 09:43:00,79.9,79.9,79.6,79.6,6000,478500.0,79.33,78.865,76.61208333333335,0.23588221013731925,0.23352187255826087,0.0023603375790583747
2025-09-24 09:49:00,79.8,79.8,79.8,79.8,1000,79800.0,79.39000000000001,78.88666666666667,76.63708333333334,0.24113640704018735,0.2350447794546462,0.0060916275855411595
2025-09-24 09:55:00,79.1,79.4,79.1,79.4,8000,633400.0,79.42999999999999,78.915,76.66000000000001,0.21059611792374255,0.2301550471484655,-0.019558929224722937
2025-09-24 10:01:00,79.0,79.3,79.0,79.0,9000,711900.0,79.42999999999999,78.92333333333335,76.67625000000001,0.15235975331199825,0.21459598838117205,-0.062236235069173806
2025-09-24 10:02:00,79.0,79.2,78.9,79.2,8000,631900.0,79.44500000000001,78.93833333333333,76.69791666666667,0.12095109439040641,0.19586700958301892,-0.07491591519261251
2025-09-24 10:03:00,79.6,79.6,79.6,79.6,1000,79600.0,79.47999999999999,78.95833333333333,76.71708333333335,0.12687364259269884,0.18206833618495494,-0.055194693592256094
2025-09-24 10:17:00,78.6,78.6,78.6,78.6,1000,78600.0,79.45500000000001,78.96000000000001,76.7325,0.050295882436756756,0.1557138454353153,-0.10541796299855855
2025-09-24 10:19:00,79.6,79.6,79.6,79.6,1000,79600.0,79.47999999999999,78.97833333333334,76.75375000000001,0.06949796912441286,0.13847067017313483,-0.06897270104872197
2025-09-24 10:25:00,78.6,79.1,78.6,79.1,3000,236300.0,79.465,78.98333333333333,76.77583333333334,0.04386429950220361,0.11954939603894858,-0.07568509653674498
2025-09-24 10:26:00,78.6,78.9,78.6,78.9,12000,945000.0,79.44,78.985,76.79333333333334,0.007326646100182188,0.0971048460511953,-0.08977819995101312
2025-09-24 10:33:00,79.7,79.7,79.7,79.7,1000,79700.0,79.46000000000001,79.01166666666667,76.81375,0.04243444874985869,0.086170766590928,-0.04373631784106931
2025-09-24 10:43:00,79.7,79.7,79.7,79.7,1000,79700.0,79.46000000000001,79.03999999999999,76.83583333333333,0.06945697847538668,0.08282800896781974,-0.013371030492433059
2025-09-24 10:45:00,79.2,79.7,78.9,79.7,5000,396200.0,79.46,79.05333333333333,76.85666666666665,0.08983694360534855,0.0842297958953255,0.005607147710023047
2025-09-24 10:47:00,79.7,79.7,79.7,79.7,1000,79700.0,79.475,79.08166666666666,76.87708333333333,0.10478036991965212,0.08833991070019083,0.016440459219461287
2025-09-24 10:49:00,78.6,78.9,78.6,78.9,4000,314700.0,79.435,79.09666666666666,76.8975,0.051476440451736494,0.08096721665049997,-0.029490776198763474
2025-09-24 10:58:00,79.7,79.7,79.7,79.7,1000,79700.0,79.435,79.10666666666665,76.91875,0.07294514026517618,0.07936280137343521,-0.006417661108259032
2025-09-24 11:31:00,79.7,79.7,79.7,79.7,1000,79700.0,79.435,79.12166666666667,76.94333333333334,0.08893406302196638,0.08127705370314145,0.007657009318824931
2025-09-24 11:33:00,78.5,78.8,78.5,78.8,11000,864100.0,79.39,79.11333333333333,76.96333333333334,0.02865263141521268,0.0707521692455557,-0.04209953783034302
2025-09-24 11:34:00,78.8,79.0,78.8,79.0,4000,315400.0,79.37,79.13333333333334,76.98,-0.002948520201655924,0.05601203135611338,-0.0589605515577693
2025-09-24 11:38:00,79.0,79.0,79.0,79.0,2000,158000.0,79.33500000000001,79.12833333333333,76.99666666666667,-0.027673655853604373,0.03927489391416983,-0.0669485497677742
2025-09-24 11:45:00,79.7,79.7,79.7,79.7,1000,79700.0,79.34,79.13499999999999,77.0025,0.009110624257871791,0.03324203998291022,-0.02413141572503843
2025-09-24 12:10:00,79.7,79.7,79.7,79.7,2000,159400.0,79.335,79.14166666666667,77.00958333333332,0.03782639215994266,0.03415891041831671,0.0036674817416259484
2025-09-24 12:11:00,79.4,79.7,79.4,79.7,2500,198800.0,79.35,79.16166666666668,77.01291666666667,0.05989343091900423,0.03930581451845422,0.020587616400550013
2025-09-24 12:20:00,79.8,79.8,79.8,79.8,1000,79800.0,79.39,79.17166666666665,77.01666666666667,0.08447708315564739,0.04834006824589286,0.03613701490975453
2025-09-24 12:22:00,79.8,79.8,79.8,79.8,1000,79800.0,79.42,79.18499999999999,77.01958333333333,0.10277507755010618,0.05922707010673554,0.04354800744337064
2025-09-24 12:23:00,79.8,79.8,79.8,79.8,1000,79800.0,79.43,79.195,77.02666666666666,0.11593988708933978,0.07056963350325639,0.04537025358608339
2025-09-24 12:24:00,79.8,79.8,79.5,79.5,8000,636900.0,79.475,79.20333333333333,77.02833333333334,0.10100132035125853,0.07665597087285682,0.02434534947840171
2025-09-24 12:27:00,79.9,79.9,79.9,79.9,1000,79900.0,79.49,79.21833333333332,77.04458333333334,0.12005513478324303,0.08533580365493407,0.03471933112830897
2025-09-24 12:28:00,79.9,79.9,79.9,79.9,1000,79900.0,79.53,79.25,77.0525,0.1336151872894078,0.09499168038182883,0.03862350690757897
2025-09-24 12:43:00,79.7,79.7,79.2,79.7,2100,167320.0,79.57000000000001,79.26166666666667,77.05958333333334,0.12676206389919287,0.10134575708530164,0.025416306813891232
2025-09-24 12:46:00,79.1,79.7,79.1,79.5,10000,792800.0,79.56,79.27833333333334,77.06458333333333,0.10399380980258854,0.10187536762875903,0.0021184421738295184
2025-09-24 12:47:00,79.8,79.8,79.2,79.5,8000,634800.0,79.55,79.28833333333334,77.07916666666667,0.0849703194442668,0.0984943579918606,-0.013524038547593792
2025-09-24 12:57:00,79.5,79.5,79.5,79.5,2000,159000.0,79.54,79.29333333333334,77.08541666666666,0.06909755270261542,0.09261499693401157,-0.02351744423139615
2025-09-24 13:11:00,79.5,79.5,79.5,79.5,1000,79500.0,79.53,79.31333333333333,77.09166666666667,0.05587418784574538,0.08526683511635834,-0.029392647270612957
2025-09-24 13:12:00,79.5,79.5,79.5,79.5,1000,79500.0,79.56,79.33500000000001,77.09791666666666,0.044877258822879185,0.07718891985766252,-0.032311661034783334
2025-09-24 13:13:00,79.0,79.5,79.0,79.5,6000,474500.0,79.55,79.345,77.1125,0.03575000948789864,0.06890113778370975,-0.033151128295811114
2025-09-24 13:16:00,79.5,79.5,79.2,79.5,15000,1191000.0,79.53999999999999,79.375,77.12124999999999,0.02819162314867185,0.06075923485670217,-0.03256761170803032
2025-09-24 13:18:00,79.7,79.7,79.7,79.7,1000,79700.0,79.58500000000001,79.39333333333333,77.13083333333334,0.037902954385472754,0.05618797876245629,-0.01828502437698354
2025-09-24 13:19:00,79.4,79.4,79.4,79.4,1000,79400.0,79.60499999999999,79.41166666666668,77.13875000000002,0.02114798080307878,0.04917997917058079,-0.02803199836750201
2025-09-24 13:21:00,79.8,79.8,79.8,79.8,1000,79800.0,79.645,79.42666666666666,77.14875,0.03968869402709174,0.04728172214188299,-0.007593028114791248
2025-09-24 13:26:00,78.7,78.7,78.7,78.7,91000,7161700.0,79.595,79.42166666666667,77.16000000000001,-0.03398668671223959,0.031028040371058475,-0.06501472708329806
2025-09-24 13:27:00,78.7,78.7,78.7,78.7,9000,708300.0,79.545,79.42333333333335,77.16541666666666,-0.09132225069078004,0.006557982158690767,-0.09788023284947081
2025-09-24 13:28:00,78.7,78.7,78.7,78.7,3000,236100.0,79.495,79.425,77.17208333333333,-0.1352025671903192,-0.021794127711111236,-0.11340843947920796
2025-09-24 13:29:00,79.0,79.7,79.0,79.7,102000,8058700.0,79.49000000000001,79.43666666666667,77.18208333333334,-0.08826888277039302,-0.0350890787229676,-0.05317980404742542
2025-09-24 13:31:00,79.5,79.5,79.5,79.5,7000,556500.0,79.475,79.44666666666667,77.19875,-0.06644598035853733,-0.041360459050081545,-0.02508552130845578
2025-09-24 13:39:00,79.8,79.8,79.8,79.8,1000,79800.0,79.475,79.46166666666666,77.21291666666666,-0.024659421712684093,-0.038020251582602055,0.013360829869917962
2025-09-24 13:49:00,78.7,79.0,78.7,79.0,20000,1577000.0,79.45,79.46000000000001,77.22541666666666,-0.05545730970568741,-0.04150766320721913,-0.013949646498468277
2025-09-24 14:05:00,79.8,79.8,79.8,79.8,1000,79800.0,79.44500000000001,79.47166666666666,77.24333333333333,-0.01513705317933045,-0.0362335412016414,0.02109648802231095
2025-09-24 15:00:00,79.9,79.9,79.9,79.9,1000,79900.0,79.44500000000001,79.48,77.26166666666667,0.024602601400346202,-0.02406631268124388,0.04866891408159008
2025-09-25 09:01:00,79.8,79.8,79.8,79.8,5,399.0,79.45,79.48666666666666,77.28083333333332,0.0474800789040728,-0.009757034364180541,0.05723711326825334
2025-09-25 09:08:00,79.3,79.6,79.3,79.6,5000,397100.0,79.455,79.49166666666666,77.30125000000001,0.048908529040559756,0.0019760783167675215,0.046932450723792235
2025-09-25 09:12:00,79.8,80.2,79.5,79.9,17000,1359700.0,79.475,79.49499999999999,77.32041666666666,0.0734019469077225,0.016261252034958523,0.05714069487276398
2025-09-25 09:13:00,80.3,80.3,80.3,80.3,1000,80300.0,79.515,79.50500000000001,77.34249999999999,0.1236642891465749,0.03774185945728181,0.08592242968929309
2025-09-25 09:14:00,80.2,80.2,80.2,80.2,1000,80200.0,79.55,79.51833333333335,77.36291666666666,0.15365712948587884,0.06092491346300123,0.09273221602287761
2025-09-25 09:18:00,80.2,80.2,80.2,80.2,1000,80200.0,79.58500000000001,79.52666666666666,77.38458333333332,0.17540471517068568,0.08382087380453813,0.09158384136614754
2025-09-25 09:29:00,79.5,79.8,79.0,79.3,25000,1982400.0,79.575,79.52,77.40333333333334,0.11864963597591327,0.09078662623881317,0.027863009737100097
2025-09-25 09:30:00,79.3,79.3,79.0,79.0,6000,474900.0,79.55,79.50833333333334,77.42083333333333,0.048899649302228454,0.08240923085149623,-0.03350958154926778
2025-09-25 09:31:00,79.7,79.7,79.7,79.7,1000,79700.0,79.55,79.50833333333334,77.44083333333333,0.049535418725383806,0.07583446842627375,-0.026299049700889948
2025-09-25 09:35:00,79.8,79.8,79.8,79.8,1000,79800.0,79.57000000000001,79.515,77.46083333333333,0.05744623045322328,0.07215682083166367,-0.014710590378440386
2025-09-25 10:02:00,79.8,79.8,79.8,79.8,1000,79800.0,79.57000000000001,79.51666666666667,77.47749999999999,0.0629895019727087,0.07032335705987268,-0.007333855087163985
2025-09-25 10:11:00,79.8,79.8,79.8,79.8,2000,159600.0,79.625,79.52000000000001,77.4975,0.0666146918871533,0.0695816240253288,-0.0029669321381755043
2025-09-25 10:13:00,79.1,79.1,79.1,79.1,1000,79100.0,79.64500000000001,79.50833333333334,77.51458333333333,0.012855342767252864,0.05823636777371361,-0.04538102500646075
2025-09-25 10:14:00,79.0,79.0,78.5,78.8,26000,2047200.0,79.65,79.49833333333332,77.52874999999999,-0.053341928967896024,0.03592070842539168,-0.08926263739328771
2025-09-25 10:16:00,79.6,79.6,79.6,79.6,1000,79600.0,79.645,79.50833333333334,77.54875,-0.04078033925648583,0.02058049888901618,-0.061360838145502014
2025-09-25 10:28:00,79.6,79.8,79.6,79.8,3000,239000.0,79.66,79.51833333333333,77.56708333333334,-0.014519488750323717,0.013560501361148199,-0.028079990111471914
2025-09-25 12:26:00,79.4,79.4,79.1,79.1,5000,396400.0,79.625,79.51,77.5825,-0.04961973990644708,0.0009244531076291399,-0.05054419301407622
2025-09-25 12:27:00,79.8,79.8,79.8,79.8,1000,79800.0,79.66499999999999,79.53,77.60083333333333,-0.020714013719313584,-0.0034032402577594064,-0.01731077346155418
2025-09-26 09:01:00,79.6,79.6,79.6,79.6,1000,79600.0,79.655,79.52999999999999,77.61833333333334,-0.01378543606590199,-0.005479679419387924,-0.008305756646514065
2025-09-26 09:08:00,79.6,79.9,79.6,79.9,6000,478500.0,79.655,79.54333333333334,77.64,0.015731659657603814,-0.0012374116039895755,0.016969071261593388
2025-09-26 09:12:00,79.9,80.3,79.6,80.3,6000,479800.0,79.67999999999999,79.56666666666666,77.65833333333333,0.07058714309158631,0.013127499335125607,0.057459643756460704
2025-09-26 09:13:00,80.0,81.0,80.0,81.0,25000,2011900.0,79.75,79.58833333333334,77.68041666666667,0.16860112990634946,0.044222225449370385,0.12437890445697908
2025-09-26 09:14:00,81.3,82.5,81.0,82.5,7000,569400.0,79.88,79.635,77.71166666666667,0.36312945427795285,0.10800367121508692,0.25512578306286593
2025-09-26 09:16:00,81.2,81.2,80.9,81.2,7000,567500.0,79.925,79.66000000000001,77.73458333333333,0.407695754520347,0.16794208787613898,0.23975366664420802
2025-09-26 09:17:00,81.2,82.3,80.9,82.3,10000,813700.0,80.03,79.70333333333335,77.7625,0.5257155538040337,0.23949678106171793,0.2862187727423158
2025-09-26 09:28:00,82.5,82.5,82.0,82.0,6000,493500.0,80.11999999999999,79.75500000000001,77.78916666666667,0.588258524139647,0.3092491296773038,0.2790093944623432
2025-09-26 09:30:00,82.5,82.5,82.5,82.5,3000,247500.0,80.28,79.80166666666668,77.8225,0.6704416658654111,0.38148763691492527,0.28895402895048583
2025-09-26 09:32:00,82.6,82.6,82.3,82.5,12000,990300.0,80.455,79.84833333333334,77.85083333333334,0.7271898063529108,0.45062807080252243,0.2765617355503883
2025-09-26 09:33:00,82.8,82.8,82.8,82.8,2000,165600.0,80.60999999999999,79.91499999999999,77.88416666666667,0.7872951607935192,0.5179614888007219,0.26933367199279734
2025-09-26 09:34:00,82.8,82.9,82.6,82.6,5000,414100.0,80.75,79.975,77.91666666666667,0.809459809876131,0.5762611530158037,0.23319865686032726
2025-09-26 09:35:00,83.1,83.1,82.8,82.8,6000,497700.0,80.9,80.03833333333334,77.95125,0.8335550784180441,0.6277199380962518,0.2058351403217923
2025-09-26 09:36:00,83.1,83.1,82.5,83.0,4130,341390.0,81.06,80.09333333333333,77.98416666666665,0.8588883505985336,0.6739536205967083,0.18493473000182536
2025-09-26 09:37:00,83.0,84.0,83.0,84.0,3000,250000.0,81.30499999999999,80.165,78.02125,0.9487205342089027,0.7289070033191473,0.21981353088975542
2025-09-26 09:38:00,83.0,83.0,83.0,83.0,1000,83000.0,81.515,80.22,78.05541666666666,0.9285181648528464,0.7688292356258872,0.1596889292269592
2025-09-26 09:39:00,84.0,84.7,83.9,84.7,19000,1598700.0,81.77000000000001,80.30166666666668,78.09541666666665,1.0377212297180023,0.8226076344443104,0.2151135952736919
2025-09-26 09:40:00,84.2,84.5,84.0,84.0,6000,505300.0,81.98,80.37166666666667,78.13499999999999,1.0556128477209796,0.8692086770996443,0.1864041706213353
2025-09-26 09:41:00,84.3,84.3,82.7,83.0,12002,995668.6,82.175,80.425,78.16875,0.9778286413390163,0.8909326699475189,0.0868959713914974
2025-09-26 09:42:00,83.0,83.0,82.6,82.9,6000,496600.0,82.33,80.48166666666665,78.20583333333335,0.897766044984607,0.8922993449549366,0.005466700029670424
2025-09-26 09:46:00,82.7,82.7,82.7,82.7,1000,82700.0,82.485,80.52833333333335,78.23833333333333,0.8088535715447449,0.8756101902728983,-0.06675661872815342
2025-09-26 09:47:00,82.7,82.9,82.6,82.9,5200,429780.0,82.635,80.57833333333333,78.27166666666668,0.7459295131910721,0.8496740548565332,-0.1037445416654611
2025-09-26 09:54:00,82.0,82.0,82.0,82.0,6000,492000.0,82.72,80.61666666666666,78.30125,0.6163345442451345,0.8030061527342535,-0.186671608489119
2025-09-26 09:56:00,82.3,83.0,82.0,83.0,5000,411900.0,82.82000000000001,80.675,78.33833333333334,0.5875483486977942,0.7599145919269616,-0.1723662432291675
2025-09-26 10:01:00,81.8,81.8,81.8,81.8,3000,245400.0,82.785,80.71333333333334,78.36916666666666,0.4625728581840889,0.7004462451783872,-0.23787338699429827
2025-09-26 10:02:00,81.7,81.7,81.7,81.7,2000,163400.0,82.81,80.75,78.40083333333334,0.35140889429804645,0.630638775002319,-0.27922988070427257
2025-09-26 10:03:00,82.9,82.9,82.6,82.9,7000,579400.0,82.84,80.80666666666666,78.43541666666667,0.3560364565605596,0.5757183113139671,-0.2196818547534075
2025-09-26 10:34:00,82.8,82.8,82.8,82.8,1000,82800.0,82.88000000000001,80.86166666666666,78.46958333333333,0.3476274360361913,0.5301001362584119,-0.18247270022222062
2025-09-26 10:44:00,81.7,82.0,81.7,82.0,9000,736800.0,82.855,80.90333333333334,78.50041666666667,0.27325994205230586,0.4787320974171907,-0.20547215536488483
2025-09-26 10:45:00,82.4,82.7,82.1,82.1,7000,576200.0,82.83500000000001,80.94666666666667,78.53125,0.2198579460016532,0.4269572671340833,-0.20709932113243007
2025-09-26 10:46:00,82.7,82.7,82.7,82.7,1000,82700.0,82.83000000000001,80.99666666666667,78.56625,0.22337651951180248,0.3862411176096271,-0.1628645980978246
2025-09-26 11:01:00,82.3,82.5,82.0,82.5,8000,657900.0,82.825,81.04833333333333,78.60083333333334,0.20763321933301881,0.35051953795430546,-0.14288631862128665
2025-09-26 11:02:00,82.5,82.6,82.5,82.6,2000,165100.0,82.815,81.09500000000001,78.63583333333334,0.2009097423344457,0.3205975788303335,-0.11968783649588782
2025-09-26 11:05:00,81.5,82.6,81.4,81.7,18000,1468200.0,82.75,81.145,78.66833333333332,0.12155761941723142,0.2807895869477131,-0.1592319675304817
2025-09-26 11:06:00,82.0,82.0,80.0,82.0,16000,1300300.0,82.65,81.2,78.69874999999999,0.0819335046596592,0.24101837049010233,-0.15908486583044312
2025-09-26 11:11:00,82.0,82.8,81.7,82.8,12000,986300.0,82.64,81.26833333333335,78.73208333333334,0.11377291897028385,0.21556928018613866,-0.10179636121585481
2025-09-26 11:29:00,81.0,82.7,80.0,82.3,15000,1212500.0,82.52,81.31166666666667,78.76666666666667,0.09753573167554919,0.19196257048402077,-0.09442683880847158
2025-09-26 11:31:00,81.5,82.3,81.5,82.3,4000,326800.0,82.43499999999999,81.35833333333333,78.8,0.0837027703286708,0.1703106104529508,-0.08660784012428
2025-09-26 12:09:00,80.1,80.1,80.1,80.1,50,4005.0,82.28999999999999,81.36333333333333,78.82083333333334,-0.10358747312349692,0.11553099373766125,-0.21911846686115816
2025-09-26 12:21:00,82.3,82.3,82.3,82.3,1000,82300.0,82.26,81.41833333333334,78.85208333333334,-0.07364578382677678,0.07769563822477364,-0.15134142205155043
2025-09-26 12:24:00,81.5,81.5,81.5,81.5,3000,244500.0,82.2,81.44666666666667,78.87791666666666,-0.11316559097234347,0.039523392385350214,-0.15268898335769368
2025-09-26 12:28:00,82.3,82.3,82.3,82.3,1000,82300.0,82.16999999999999,81.48666666666666,78.9125,-0.07902110265651174,0.015814493376977816,-0.09483559603348957
2025-09-26 12:56:00,82.3,82.3,82.3,82.3,10,823.0,82.18499999999999,81.52833333333334,78.945,-0.05136919753549307,0.002377755194483635,-0.053746952729976705
2025-09-26 12:59:00,80.5,80.5,80.5,80.5,2000,161000.0,82.05999999999999,81.54333333333332,78.96833333333333,-0.1727089391354184,-0.03263958367149679,-0.14006935546392163
2025-09-26 13:00:00,82.3,82.3,82.3,82.3,1000,82300.0,82.08500000000001,81.58333333333333,78.99749999999999,-0.12221775162385029,-0.050555217261967496,-0.0716625343618828
2025-09-26 13:02:00,80.5,80.8,80.5,80.8,6000,483900.0,82.03999999999999,81.59166666666667,79.0225,-0.20092445369742507,-0.08062906454905902,-0.12029538914836604
2025-09-26 13:03:00,82.3,82.3,82.3,82.3,1000,82300.0,82.01,81.62666666666668,79.05125000000001,-0.1406413917471241,-0.09263152998867205,-0.04800986175845204
2025-09-26 13:39:00,80.1,80.1,80.1,80.1,71,5687.1,81.87499999999999,81.625,79.07083333333334,-0.2673068971507462,-0.1275666034210869,-0.1397402937296593
2025-09-26 13:41:00,82.3,82.3,82.3,82.3,1000,82300.0,81.89,81.675,79.10249999999999,-0.18800144529147644,-0.1396535717951648,-0.048347873496311644
2025-09-26 13:42:00,82.3,82.3,82.0,82.0,4000,328300.0,81.885,81.725,79.1325,-0.1476567015807575,-0.14125419775228334,-0.006402503828474154
2025-09-26 13:43:00,82.3,82.3,82.3,82.3,1000,82300.0,81.865,81.76833333333335,79.16499999999999,-0.09043325050733131,-0.13109000830329293,0.04065675779596162
2025-09-26 14:09:00,80.5,80.5,80.5,80.5,1000,80500.0,81.765,81.78,79.18583333333332,-0.1881592275807833,-0.142503852158791,-0.0456553754219923
2025-09-26 14:13:00,80.5,80.5,80.5,80.5,1000,80500.0,81.66,81.79166666666667,79.21291666666666,-0.262580899332562,-0.16651926159354521,-0.0960616377390168
2025-09-26 14:14:00,80.0,80.0,79.7,79.7,93000,7414800.0,81.56,81.78999999999999,79.2325,-0.38171376581236416,-0.20955816243730904,-0.17215560337505512
2025-09-26 14:17:00,80.0,80.0,80.0,80.0,80000,6400000.0,81.46000000000001,81.805,79.25541666666666,-0.4467698433584957,-0.2570004986215464,-0.18976934473694929
2025-09-26 14:18:00,81.0,82.5,80.7,82.5,26000,2124300.0,81.44500000000001,81.86666666666666,79.28583333333333,-0.2932181110273149,-0.26424402110270007,-0.02897408992461481
2025-09-26 14:20:00,82.5,82.5,82.5,82.5,3000,247500.0,81.45500000000001,81.91499999999999,79.31791666666666,-0.16957253030030017,-0.2453097229422201,0.07573719264191991
2025-09-26 14:21:00,82.5,83.0,82.5,83.0,3000,248000.0,81.49000000000001,81.96833333333333,79.35041666666666,-0.030880721693080204,-0.20242392269239215,0.17154320099931195
2025-09-26 14:26:00,82.5,82.5,82.5,82.5,100,8250.0,81.61,82.025,79.38583333333332,0.03824682888742359,-0.15428977237642902,0.1925366012638526
2025-09-26 14:27:00,83.0,83.0,82.3,82.3,4000,329900.0,81.61,82.06666666666666,79.41624999999999,0.07601631348596527,-0.10822855520395015,0.1842448686899154
2025-09-26 14:28:00,83.0,83.0,83.0,83.0,1000,83000.0,81.685,82.12333333333335,79.44916666666667,0.16058196308897266,-0.05446645154536558,0.21504841463433824
2025-09-26 14:36:00,83.0,83.0,83.0,83.0,100,8300.0,81.72,82.175,79.4825,0.22500710778547273,0.0014282603208020978,0.22357884746467063
2025-09-26 14:42:00,83.0,83.0,83.0,83.0,100,8300.0,81.75500000000001,82.22,79.51583333333333,0.27291846493758953,0.0557263012441596,0.21719216369342992
2025-09-26 14:44:00,83.0,83.0,83.0,83.0,200,16600.0,81.88000000000001,82.25333333333333,79.54874999999998,0.3073456710831266,0.10605017521195303,0.20129549587117357
2025-09-26 14:47:00,83.0,83.0,83.0,83.0,200,16600.0,81.91499999999999,82.26166666666667,79.58291666666666,0.33081603862071063,0.1510033478937046,0.17981269072700604
2025-09-30 09:01:00,82.6,82.6,82.2,82.5,5000,411700.0,82.0,82.28333333333333,79.61416666666666,0.3055484799835284,0.18191237431166937,0.12363610567185904
2025-09-30 09:05:00,82.4,82.4,82.4,82.4,18,1483.2,82.005,82.285,79.64583333333333,0.27429271774660435,0.20038844299865638,0.07390427474794797
2025-09-30 09:09:00,81.7,82.0,81.2,81.5,17000,1385800.0,82.075,82.27666666666666,79.67583333333333,0.17488387020775065,0.19528752844047526,-0.02040365823272461
2025-09-30 09:10:00,81.0,81.5,80.7,81.2,13002,1053362.4,82.02,82.25499999999998,79.70375,0.07107484298830968,0.17044499135004215,-0.09937014836173247
2025-09-30 09:11:00,80.7,81.0,79.3,79.3,12000,968500.0,81.88499999999999,82.20166666666665,79.72166666666666,-0.16263393723188813,0.1038292056336561,-0.26646314286554423
2025-09-30 09:14:00,82.0,82.0,82.0,82.0,1000,82000.0,81.86999999999999,82.18833333333333,79.75291666666666,-0.12850111333338532,0.05736314184024781,-0.18586425517363314
2025-09-30 09:34:00,79.0,79.3,79.0,79.3,6000,474900.0,81.81,82.13333333333334,79.77125,-0.3156790876199551,-0.0172453040517928,-0.2984337835681623
2025-09-30 09:35:00,82.0,82.0,82.0,82.0,1000,82000.0,81.885,82.11999999999999,79.80083333333333,-0.24334639980891382,-0.06246552320321702,-0.1808808766056968
2025-09-30 09:58:00,82.0,82.0,82.0,82.0,50,4100.0,82.0,82.10333333333332,79.83,-0.18390231220985243,-0.08675288100454412,-0.0971494312053083
2025-09-30 10:04:00,80.0,81.5,80.0,81.5,10000,802400.0,82.075,82.06166666666667,79.85666666666665,-0.17511959614552097,-0.1044262240327395,-0.07069337211278147
2025-09-30 10:29:00,79.0,79.0,79.0,79.0,1000,79000.0,81.9,81.99499999999999,79.87124999999999,-0.36567308531283516,-0.15667559628875866,-0.2089974890240765
2025-09-30 10:31:00,81.5,81.5,81.5,81.5,1000,81500.0,81.85,81.94166666666666,79.89583333333333,-0.3113697154546031,-0.18761442012192758,-0.12375529533267554
2025-09-30 11:17:00,79.0,79.0,79.0,79.0,3000,237000.0,81.65,81.85833333333333,79.91208333333333,-0.46470616681403953,-0.24303276946035002,-0.22167339735368952
2025-09-30 11:20:00,81.3,81.3,81.3,81.3,2000,162600.0,81.59,81.83,79.93624999999999,-0.39606998292968854,-0.2736402121542178,-0.12242977077547074
2025-09-30 11:26:00,78.9,78.9,78.9,78.9,1000,78900.0,81.41999999999999,81.76333333333334,79.94916666666667,-0.5292345684000139,-0.32475908340337706,-0.20447548499663687
2025-09-30 11:29:00,81.3,81.3,81.3,81.3,1000,81300.0,81.33500000000001,81.74,79.97125,-0.43608164170694863,-0.3470235950640914,-0.08905804664285721
2025-09-30 11:36:00,81.2,81.2,80.0,80.0,2000,161200.0,81.185,81.69166666666666,79.98791666666666,-0.46183269182826336,-0.36998541441692584,-0.09184727741133752
2025-09-30 11:38:00,79.0,79.0,79.0,79.0,1000,79000.0,80.985,81.64166666666667,79.99624999999999,-0.5565170451503292,-0.4072917405636065,-0.14922530458672267
2025-09-30 11:40:00,81.2,81.2,81.2,81.2,1000,81200.0,80.895,81.61166666666666,80.00625,-0.44885929296505367,-0.415605251043896,-0.03325404192115766
2025-09-30 11:58:00,81.2,81.3,80.9,81.3,6000,486400.0,80.81,81.60333333333332,80.01791666666666,-0.3514196376294194,-0.40276812836100073,0.05134849073158132
2025-09-30 12:04:00,81.2,81.3,81.2,81.3,4000,324900.0,80.75,81.59666666666666,80.03583333333333,-0.2710732451285196,-0.37642915171450453,0.10535590658598493
2025-09-30 12:31:00,81.5,81.5,81.5,81.5,1000,81500.0,80.70500000000001,81.57333333333334,80.05583333333333,-0.1890802225693733,-0.3389593658854783,0.14987914331610502
2025-09-30 13:10:00,79.0,81.5,79.0,81.5,2000,160500.0,80.70500000000001,81.55166666666668,80.06708333333333,-0.1226859146091357,-0.2957046756302098,0.1730187610210741
2025-09-30 13:18:00,81.4,81.4,81.4,81.4,100,8140.0,80.715,81.54166666666667,80.07791666666667,-0.07724666005785252,-0.25201307251573835,0.17476641245788582
2025-09-30 13:19:00,79.0,79.0,79.0,79.0,1000,79000.0,80.7,81.49,80.07875,-0.23221879213237173,-0.24805421643906503,0.015835424306693296
2025-09-30 13:22:00,81.4,81.4,81.4,81.4,1000,81400.0,80.67,81.46833333333333,80.08958333333334,-0.15953634527187432,-0.2303506422056269,0.07081429693375257
2025-09-30 13:49:00,81.4,81.4,81.4,81.4,10,814.0,80.775,81.45,80.10041666666666,-0.10077333026413271,-0.2044351798173281,0.10366184955319538
2025-10-01 09:01:00,81.4,81.4,81.0,81.3,8000,649600.0,80.74,81.42833333333333,80.11625,-0.061562724998637464,-0.17586068885359,0.11429796385495253
2025-10-01 09:06:00,80.7,81.0,80.4,80.7,12000,968400.0,80.675,81.41166666666666,80.12541666666667,-0.07800384366530011,-0.15628931981593203,0.07828547615063192
2025-10-01 09:11:00,81.0,81.0,80.4,80.7,5000,402900.0,80.63499999999999,81.39,80.13583333333332,-0.0899961293025342,-0.14303068171325248,0.05303455241071828
2025-10-01 09:15:00,81.3,81.3,81.3,81.3,1000,81300.0,80.75,81.365,80.1475,-0.050502949909457584,-0.1245251353524935,0.07402218544303592
2025-10-01 09:24:00,80.0,80.0,79.5,79.8,6000,478400.0,80.66499999999999,81.32333333333334,80.15166666666666,-0.13864358770794638,-0.1273488258235841,-0.011294761884362292
2025-10-01 09:25:00,81.0,81.0,81.0,81.0,1000,81000.0,80.765,81.30166666666668,80.16208333333333,-0.11039316333115323,-0.12395769332509791,0.013564529993944682
2025-10-01 09:31:00,80.3,81.2,80.0,81.2,7000,562700.0,80.76,81.32,80.17208333333333,-0.07104718225726003,-0.11337559111153035,0.04232840885427032
2025-10-01 10:28:00,79.7,81.1,79.7,81.1,1500,120950.0,80.87,81.3,80.18375,-0.04738811238730989,-0.10017809536668626,0.05278998297937637
2025-10-01 11:18:00,79.8,79.8,79.8,79.8,3000,239400.0,80.79499999999999,81.27166666666666,80.19125000000001,-0.13201547231953725,-0.10654557075725647,-0.02546990156228078
2025-10-01 11:21:00,80.8,80.8,80.8,80.8,1000,80800.0,80.835,81.24666666666667,80.19958333333334,-0.11704242984684754,-0.1086449425751747,-0.008397487271672846
2025-10-01 11:23:00,79.7,79.7,79.7,79.7,2000,159400.0,80.86999999999999,81.20333333333333,80.20458333333335,-0.19172688454948172,-0.1252613309700361,-0.06646555357944561
2025-10-01 11:28:00,80.6,80.6,80.6,80.6,1000,80600.0,80.84,81.205,80.21416666666666,-0.17626055265496632,-0.13546117530702215,-0.04079937734794417
2025-10-01 11:31:00,79.7,80.0,79.7,80.0,3010,240797.0,80.775,81.16666666666667,80.2225,-0.20999763675294503,-0.15036846759620673,-0.0596291691567383
2025-10-01 11:33:00,80.5,80.5,80.5,80.5,1000,80500.0,80.735,81.16166666666666,80.23499999999999,-0.19415064980118757,-0.15912490403720292,-0.03502574576398465
2025-10-01 11:37:00,79.8,79.8,79.8,79.8,3000,239400.0,80.65,81.11999999999999,80.24458333333332,-0.23536283210620468,-0.1743724896510033,-0.06099034245520138
2025-10-01 11:40:00,80.7,80.7,80.7,80.7,1000,80700.0,80.61,81.13000000000001,80.25541666666666,-0.19317450961460736,-0.17813289364372412,-0.015041615970883243
2025-10-01 11:41:00,79.7,80.0,79.7,80.0,8000,638200.0,80.54,81.09166666666667,80.26041666666667,-0.21376001752445006,-0.18525831841986934,-0.028501699104580724
2025-10-01 11:43:00,80.7,80.7,80.7,80.7,1000,80700.0,80.625,81.07,80.26916666666666,-0.17161179702618767,-0.18252901414113304,0.010917217114945366
2025-10-01 12:10:00,80.7,80.7,80.7,80.7,50,4035.0,80.59,81.04333333333332,80.27791666666667,-0.13663399695461464,-0.17335001070382938,0.03671601374921474
2025-10-01 12:13:00,80.7,80.7,80.7,80.7,50,4035.0,80.55499999999999,81.04666666666667,80.28791666666667,-0.10767265505289458,-0.16021453957364243,0.052541884520747845
2025-10-01 12:36:00,79.0,79.0,79.0,79.0,1,79.0,80.44,81.02166666666668,80.29208333333334,-0.2193676418244479,-0.17204516002380355,-0.047322481800644356
2025-10-01 12:37:00,80.6,80.8,80.0,80.8,6000,483300.0,80.445,81.03999999999999,80.30375000000001,-0.16078829935970873,-0.1697937878909846,0.009005488531275863
2025-10-01 12:41:00,80.8,81.0,80.5,81.0,12000,968000.0,80.46000000000001,81.05666666666666,80.31416666666668,-0.0971060418803944,-0.15525623868886657,0.058150196808472165
2025-10-01 12:49:00,80.5,80.7,80.4,80.7,8000,644100.0,80.42999999999999,81.02666666666667,80.32666666666667,-0.07003753768002241,-0.13821249848709774,0.06817496080707533
2025-10-01 13:05:00,79.7,80.0,79.7,80.0,9000,718200.0,80.44,80.985,80.33291666666668,-0.1038723274070037,-0.13134446427107893,0.027472136864075236
2025-10-01 13:06:00,80.0,80.0,80.0,80.0,2000,160000.0,80.39,80.935,80.34,-0.1291973355702396,-0.13091503853091108,0.0017177029606714744
2025-10-01 13:10:00,79.5,80.8,79.2,79.2,9500,757300.0,80.28999999999999,80.88000000000001,80.34333333333332,-0.2113841956916218,-0.14700886996305323,-0.06437532572856858
2025-10-01 13:11:00,80.8,80.8,80.8,80.8,1000,80800.0,80.275,80.855,80.35291666666667,-0.14573134597829096,-0.1467533651661008,0.0010220191878098361
2025-10-01 13:12:00,79.2,80.7,79.2,80.7,3000,239400.0,80.32000000000001,80.81666666666666,80.36208333333333,-0.10061038000938538,-0.13752476813475772,0.036914388125372344
2025-10-01 13:38:00,79.0,80.7,79.0,80.7,2000,159700.0,80.31500000000001,80.77833333333334,80.36999999999999,-0.06411263880858087,-0.12284234226952236,0.05872970346094149
2025-10-01 13:55:00,80.7,80.7,80.5,80.5,4000,322600.0,80.355,80.73666666666666,80.37708333333333,-0.05074133001809855,-0.1084221398192376,0.057680809801139044
2025-10-01 14:13:00,80.4,80.7,80.4,80.7,2200,177480.0,80.35999999999999,80.69833333333332,80.38791666666665,-0.023732568657834463,-0.09148422558695697,0.06775165692912251
2025-10-01 14:28:00,80.5,80.5,80.0,80.0,7017,562368.5,80.35999999999999,80.64833333333333,80.39625,-0.05814185740796063,-0.08481575195115772,0.026673894543197088
2025-10-01 14:29:00,80.1,80.1,80.1,80.1,3000,240300.0,80.34,80.60833333333333,80.40124999999999,-0.07646090862351684,-0.08314478328562955,0.006683874662112704
2025-10-01 14:30:00,79.7,79.7,79.2,79.2,105000,8318500.0,80.31,80.555,80.40625,-0.16173696403599536,-0.09886321943570273,-0.06287374460029263
2025-10-01 14:32:00,79.5,79.5,79.5,79.5,50000,3975000.0,80.25,80.52166666666668,80.4125,-0.2027739081450619,-0.11964535717757459,-0.08312855096748732
2025-10-01 14:35:00,79.5,79.5,79.5,79.5,50000,3975000.0,80.225,80.49333333333334,80.41416666666666,-0.23261454631433764,-0.1422391950049272,-0.09037535130941043
2025-10-01 14:36:00,80.8,81.3,80.8,81.3,18000,1458500.0,80.25500000000001,80.52666666666667,80.42458333333333,-0.10975334207302012,-0.1357420244185458,0.025988682345525677
2025-10-02 09:01:00,81.3,81.3,81.3,81.3,3000,243900.0,80.285,80.51500000000001,80.43291666666667,-0.012243813484261068,-0.11104238223168884,0.09879856874742778
2025-10-02 09:22:00,81.0,81.0,81.0,81.0,3000,243000.0,80.3,80.54333333333334,80.44625,0.040360447529550925,-0.08076181627944089,0.12112226380899181
2025-10-02 09:23:00,81.5,81.5,81.5,81.5,1000,81500.0,80.425,80.53500000000001,80.45541666666668,0.12100070390755491,-0.04040931224204172,0.16141001614959663
2025-10-02 09:35:00,80.7,81.5,80.7,81.5,5000,404600.0,80.46000000000001,80.52666666666667,80.46458333333334,0.1828014665523483,0.004232843516836295,0.17856862303551202
2025-10-02 09:40:00,80.2,80.5,80.2,80.5,6000,482100.0,80.435,80.51,80.46958333333333,0.14936558011676482,0.033259390836822014,0.1161061892799428
2025-10-02 09:41:00,80.0,80.0,80.0,80.0,3000,240000.0,80.4,80.52666666666667,80.47583333333334,0.0815811610562065,0.042923744880698916,0.03865741617550758
2025-10-02 09:42:00,80.3,80.6,80.3,80.6,2000,160900.0,80.42999999999999,80.51166666666667,80.48166666666665,0.07540725824742367,0.04942044755404387,0.025986810693379797
2025-10-02 09:47:00,80.6,81.6,80.3,81.6,5000,403400.0,80.51,80.555,80.49249999999999,0.14948289270496673,0.06943293658422846,0.08004995612073827
2025-10-02 10:06:00,80.0,80.0,80.0,80.0,2000,160000.0,80.55,80.53333333333333,80.49583333333334,0.07818052206394555,0.07118245368017188,0.006998068383773662
2025-10-02 10:08:00,81.6,81.6,81.6,81.6,1000,81600.0,80.59,80.57833333333333,80.50666666666667,0.14906122287723633,0.08675820751958478,0.06230301535765155
2025-10-02 10:34:00,81.3,81.3,81.3,81.3,50,4065.0,80.61999999999999,80.57833333333333,80.51625,0.1789642081540137,0.10519940764647057,0.07376480050754314
2025-10-02 10:50:00,81.0,81.0,81.0,81.0,1000,81000.0,80.63499999999999,80.595,80.52875,0.17642137088478194,0.11944380029413286,0.056977570590649076
2025-10-02 10:57:00,80.7,80.7,80.7,80.7,1000,80700.0,80.645,80.62333333333332,80.53583333333334,0.14848699557828127,0.12525243935096256,0.02323455622731871
2025-10-02 10:58:00,81.3,81.3,81.3,81.3,1000,81300.0,80.675,80.625,80.5475,0.17277217736859996,0.13475638695449005,0.03801579041410991
2025-10-02 11:00:00,81.0,81.0,81.0,81.0,1000,81000.0,80.725,80.61999999999999,80.55625,0.1658984915647892,0.14098480787654988,0.02491368368823932
2025-10-02 11:01:00,80.7,80.7,80.7,80.7,1000,80700.0,80.755,80.60999999999999,80.5625,0.13469092016219975,0.13972603033367986,-0.005035110171480117
2025-10-02 11:02:00,81.5,81.5,81.5,81.5,1000,81500.0,80.86999999999999,80.60999999999999,80.57583333333334,0.1725232682637312,0.14628547791969013,0.026237790344041084
2025-10-02 11:14:00,80.7,81.5,80.0,80.1,16050,1295850.0,80.9,80.58666666666666,80.58375,0.08851700802119922,0.13473178393999194,-0.04621477591879272
2025-10-02 11:16:00,81.0,81.0,81.0,81.0,2000,162000.0,80.975,80.58,80.5925,0.09348626842351848,0.12648268083669725,-0.03299641241317877
2025-10-02 11:37:00,80.2,80.2,80.2,80.2,1000,80200.0,80.91999999999999,80.6,80.60291666666667,0.032496529212536984,0.10768545051186519,-0.0751889212993282
2025-10-02 11:51:00,80.2,80.2,80.2,80.2,1100,88220.0,80.865,80.57999999999998,80.60958333333333,-0.01565778531700346,0.08301680334609146,-0.09867458866309492
2025-10-02 11:59:00,81.4,81.4,81.4,81.4,1000,81400.0,80.885,80.58,80.62249999999999,0.04251940740563498,0.07491732415800018,-0.0323979167523652
2025-10-02 12:06:00,80.2,80.2,80.2,80.2,3000,240600.0,80.82000000000001,80.56166666666667,80.62791666666666,-0.008111218323421099,0.05831161566171592,-0.06642283398513701
2025-10-02 12:13:00,81.4,81.4,81.4,81.4,1000,81400.0,80.815,80.57333333333332,80.63791666666667,0.04803984377858228,0.0562572612850892,-0.008217417506506917
2025-10-02 12:14:00,80.2,80.2,80.2,80.2,1000,80200.0,80.8,80.56500000000001,80.64458333333333,-0.0042411171817065,0.04415758559173006,-0.04839870277343656
2025-10-02 12:20:00,81.4,81.4,81.4,81.4,1000,81400.0,80.87,80.56666666666666,80.65625,0.05057284351528324,0.0454406371764407,0.005132206338842538
2025-10-02 12:33:00,80.2,80.5,80.1,80.2,18000,1444600.0,80.85,80.57333333333332,80.66125000000001,-0.0027845701097675146,0.03579559571919906,-0.038580165828966576
2025-10-02 12:50:00,80.0,80.0,80.0,80.0,3000,240000.0,80.77,80.55666666666666,80.66583333333332,-0.06051149451560889,0.016534177672237468,-0.07704567218784636
2025-10-02 12:52:00,80.4,80.4,80.4,80.4,1000,80400.0,80.78999999999999,80.54333333333334,80.67208333333335,-0.07314072025218366,-0.0014008019126467617,-0.0717399183395369
2025-10-02 12:53:00,79.9,80.2,79.9,80.2,16000,1280800.0,80.72,80.52833333333334,80.67666666666666,-0.09815631625374976,-0.02075190478086737,-0.07740441147288239
2025-10-02 12:54:00,80.0,80.8,80.0,80.8,4000,320800.0,80.69500000000001,80.54500000000002,80.68375,-0.06877359156833052,-0.030356242138360006,-0.03841734942997051
2025-10-02 14:15:00,80.5,80.5,80.5,80.5,17,1368.5,80.67,80.54,80.68833333333333,-0.06890081762311695,-0.0380651572353114,-0.030835660387805552
2025-10-02 14:24:00,80.6,80.6,80.6,80.6,1000,80600.0,80.66499999999999,80.555,80.69333333333334,-0.060238093676034055,-0.04249974452345593,-0.017738349152578124
2025-10-02 14:35:00,80.0,80.0,80.0,80.0,50000,4000000.0,80.6,80.545,80.69624999999999,-0.10062783310581835,-0.05412536223992842,-0.04650247086588993
2025-10-02 14:36:00,80.0,80.0,80.0,80.0,35000,2800000.0,80.55,80.545,80.6975,-0.1311254599171292,-0.06952538177536859,-0.06160007814176062
2025-10-02 14:37:00,80.3,80.3,80.3,80.3,45000,3613500.0,80.53,80.54166666666667,80.7,-0.12959368081011746,-0.08153904158231837,-0.048054639227799095
2025-10-02 14:38:00,80.3,80.3,80.3,80.3,40000,3212000.0,80.47,80.55,80.70374999999999,-0.12691671791075976,-0.09061457684800665,-0.036302141062753104
2025-10-02 14:40:00,80.7,80.7,80.7,80.7,1000,80700.0,80.50000000000001,80.55,80.70791666666666,-0.0914642060333648,-0.09078450268507829,-0.0006797033482865145
2025-10-02 15:00:00,79.9,79.9,79.9,79.9,1000,79900.0,80.445,80.54833333333333,80.70875000000001,-0.1264633581974408,-0.0979202737875508,-0.028543084409890007
2025-10-03 09:01:00,80.7,80.7,80.7,80.7,1000,80700.0,80.47,80.54833333333335,80.71291666666667,-0.08862550467129893,-0.09606131996430044,0.00743581529300151
2025-10-03 09:05:00,80.8,80.8,80.8,80.8,1000,80800.0,80.5,80.55,80.7175,-0.04999327749645488,-0.08684771147073134,0.03685443397427646
2025-10-03 09:13:00,80.8,80.8,80.8,80.8,1000,80800.0,80.47,80.55166666666666,80.72333333333333,-0.01915613908317937,-0.07330939699322095,0.05415325791004158
2025-10-03 09:15:00,80.8,81.6,80.8,81.3,5000,406900.0,80.525,80.58999999999999,80.73,0.04510835556068571,-0.04962584648243961,0.09473420204312533
2025-10-03 09:21:00,82.3,82.3,82.3,82.3,1000,82300.0,80.57000000000001,80.61500000000001,80.74125,0.17471605528950818,-0.004757466128050041,0.1794735214175582
2025-10-03 09:22:00,82.3,82.3,82.0,82.0,5000,410600.0,80.66,80.63166666666667,80.75041666666667,0.250337859290255,0.04626159895561098,0.204076260334644
2025-10-03 09:27:00,82.3,82.3,82.0,82.0,6000,492900.0,80.69,80.65333333333334,80.76124999999999,0.3067328583302924,0.09835585083054729,0.2083770074997451
2025-10-03 09:28:00,82.3,82.3,82.0,82.0,6000,492900.0,80.78,80.68666666666667,80.77374999999999,0.34742144323823254,0.14816896931208437,0.19925247392614817
2025-10-03 09:29:00,82.3,82.5,82.0,82.2,14000,1152500.0,80.89000000000001,80.72333333333333,80.78625000000001,0.39129516140555154,0.19679420773077783,0.1945009536747737
2025-10-03 09:32:00,82.5,82.5,82.2,82.2,4000,329700.0,80.97999999999999,80.77333333333333,80.79708333333333,0.42120995300211916,0.24167735678504612,0.17953259621707304
2025-10-03 09:52:00,81.6,81.6,81.6,81.6,3000,244800.0,81.05,80.78666666666666,80.80958333333334,0.3919841064979721,0.27173870672763134,0.12024539977034077
2025-10-03 09:55:00,82.5,82.5,82.5,82.5,1000,82500.0,81.135,80.81666666666666,80.82166666666666,0.43641417996056475,0.30467380137421807,0.13174037858634668
2025-10-03 09:59:00,81.5,81.5,81.5,81.5,1000,81500.0,81.185,80.83,80.83166666666666,0.3864786058362739,0.32103476226662925,0.06544384356964467
2025-10-03 10:02:00,81.5,81.5,81.5,81.5,2000,163000.0,81.23,80.84666666666666,80.84249999999999,0.3429509781794877,0.32541800544920096,0.017532972730286756
2025-10-03 10:03:00,82.0,82.0,82.0,82.0,50,4100.0,81.33000000000001,80.86833333333334,80.85208333333334,0.34482590262869905,0.32929958488510064,0.015526317743598417
2025-10-03 10:04:00,82.0,82.0,82.0,82.0,2000,164000.0,81.43,80.90166666666667,80.86166666666666,0.34236522061448227,0.331912712030977,0.010452508583505271
2025-10-03 10:08:00,81.5,81.5,81.5,81.5,3000,244500.0,81.49,80.925,80.86916666666666,0.29664969800377605,0.3248601092255368,-0.028210411221760767
2025-10-03 10:09:00,81.8,81.8,81.5,81.5,7050,575780.0,81.55,80.96333333333334,80.87666666666665,0.2574520697702525,0.31137850133448,-0.053926431564227495
2025-10-03 10:11:00,81.8,81.8,81.8,81.8,1000,81800.0,81.60499999999999,81.00166666666668,80.88875000000002,0.24773937449020877,0.2986506759656258,-0.050911301475417
2025-10-03 10:20:00,81.2,81.2,81.2,81.2,2000,162400.0,81.67,81.03,80.895,0.18944322434782634,0.2768091856420659,-0.08736596129423957
2025-10-03 10:21:00,81.2,81.7,81.2,81.5,9000,732800.0,81.71000000000001,81.03333333333333,80.90249999999999,0.1655423292294529,0.25455581435954333,-0.08901348513009044
2025-10-03 10:28:00,81.1,81.3,81.0,81.3,10000,810600.0,81.735,81.03333333333333,80.91291666666667,0.12897561847599093,0.22943977518283284,-0.10046415670684192
2025-10-03 10:35:00,81.5,81.5,81.5,81.5,1000,81500.0,81.77000000000001,81.04166666666667,80.92333333333335,0.1148110944557601,0.2065140390374183,-0.0917029445816582
2025-10-03 11:05:00,81.4,81.4,81.4,81.4,1000,81400.0,81.775,81.03999999999999,80.93333333333334,0.09442793638341129,0.1840968185066169,-0.08966888212320562
2025-10-03 11:06:00,80.7,81.0,80.7,81.0,4000,323100.0,81.71000000000001,81.03166666666667,80.93875,0.04547329189500715,0.15637211318429498,-0.11089882128928782
2025-10-03 11:09:00,81.3,81.3,81.3,81.3,1000,81300.0,81.675,81.045,80.94541666666666,0.030531923228636515,0.1312040751931633,-0.10067215196452678
2025-10-03 11:51:00,81.3,81.3,81.3,81.3,3000,243900.0,81.64,81.06666666666666,80.95208333333333,0.018477780561525492,0.10865881626683573,-0.09018103570531023
2025-10-03 12:07:00,80.2,80.2,80.2,80.2,4000,320800.0,81.55,81.06,80.95374999999999,-0.07892620905587933,0.07114181120229271,-0.15006802025817204
2025-10-03 12:13:00,80.0,81.3,80.0,81.3,9000,722200.0,81.505,81.055,80.96000000000001,-0.06659114440790859,0.04359522008025245,-0.11018636448816103
2025-10-03 12:49:00,81.4,81.4,81.4,81.4,2000,162800.0,81.465,81.07833333333333,80.96666666666667,-0.04819083855086603,0.02523800835402875,-0.07342884690489479
2025-10-03 13:45:00,81.4,81.4,81.4,81.4,1,81.4,81.455,81.075,80.97458333333334,-0.03322546115799696,0.013545314451623608,-0.04677077560962057
2025-10-03 13:57:00,81.1,81.1,80.2,80.2,106000,8503900.0,81.34,81.05666666666667,80.97583333333334,-0.11684830837261018,-0.012533410113223158,-0.10431489825938701
2025-10-03 13:58:00,80.2,81.0,80.2,81.0,3050,244650.0,81.315,81.05666666666667,80.98041666666668,-0.1172155156390744,-0.03346983121839341,-0.08374568442068098
2025-10-03 14:01:00,80.5,80.5,80.5,80.5,80000,6440000.0,81.265,81.05333333333334,80.98375000000001,-0.15605346417389399,-0.05798655780949354,-0.09806690636440044
2025-10-03 14:02:00,80.5,80.5,80.5,80.5,20000,1610000.0,81.19,81.04,80.98791666666668,-0.18470366927469684,-0.08332998010253422,-0.10137368917216262
2025-10-03 14:06:00,80.5,80.5,80.5,80.5,6000,483000.0,81.115,81.03166666666668,80.99208333333334,-0.20504552604283788,-0.10767308929059498,-0.0973724367522429
2025-10-03 14:12:00,81.5,81.5,81.5,81.5,1000,81500.0,81.115,81.04500000000002,81.00041666666668,-0.13887409728805267,-0.11391329089008652,-0.024960806397966148
2025-10-03 14:32:00,81.5,81.5,81.5,81.5,1000,81500.0,81.115,81.04500000000002,81.00875,-0.08544777450539698,-0.10822018761314861,0.022772413107751632
2025-10-03 14:47:00,80.2,80.5,79.9,80.4,21017,1685068.5,81.045,81.05,81.0125,-0.1303650683422859,-0.11264916375897609,-0.017715904583309808
2025-10-03 14:48:00,81.4,81.4,81.4,81.4,1000,81400.0,81.05499999999999,81.05666666666666,81.02041666666668,-0.08429895874620286,-0.10697912275642145,0.022680164010218593
2025-10-07 09:01:00,81.0,81.0,81.0,81.0,1000,81000.0,81.03,81.07,81.02666666666667,-0.07915543745299658,-0.10141438569573648,0.022258948242739898
2025-10-07 09:03:00,81.0,81.0,81.0,81.0,1000,81000.0,81.015,81.08333333333333,81.03208333333333,-0.07422355681073611,-0.09597621991873642,0.02175266310800031
2025-10-07 09:11:00,81.0,81.0,81.0,81.0,1000,81000.0,80.99,81.07666666666665,81.03875,-0.06951369526125006,-0.09068371498723916,0.0211700197259891
2025-10-07 09:30:00,80.7,80.7,80.7,80.7,6000,484200.0,80.955,81.08500000000001,81.0425,-0.08896307786193347,-0.09033958756217804,0.0013765097002445686
2025-10-07 09:32:00,81.0,81.0,81.0,81.0,1000,81000.0,80.955,81.07833333333335,81.05208333333333,-0.07925574995238094,-0.08812282004021862,0.008867070087837686
2025-10-07 09:33:00,81.0,81.3,81.0,81.3,3000,243300.0,80.955,81.09666666666665,81.06291666666668,-0.046815470251701186,-0.07986135008251515,0.03304587983081396
2025-10-07 09:43:00,80.6,80.8,80.5,80.8,9000,725700.0,80.92999999999999,81.08666666666666,81.07166666666667,-0.06075182695059311,-0.07603944545613074,0.015287618505537628
2025-10-07 09:44:00,80.8,80.8,80.4,80.7,9000,725300.0,80.955,81.095,81.07583333333334,-0.07895550439899068,-0.07662265724470274,-0.0023328471542879425
2025-10-07 09:46:00,80.8,80.8,80.8,80.8,1000,80800.0,80.92999999999999,81.10833333333333,81.08125,-0.08434065904489785,-0.07816625760474177,-0.006174401440156074
2025-10-07 09:48:00,80.4,80.7,80.4,80.7,10000,805500.0,80.895,81.11333333333332,81.08500000000001,-0.09557585816583014,-0.08164817771695945,-0.013927680448870688
2025-10-07 09:50:00,80.8,80.8,80.8,80.8,1000,80800.0,80.86500000000001,81.12333333333332,81.0925,-0.09531197305356898,-0.08438093678428137,-0.010931036269287611
2025-10-07 10:21:00,80.1,80.1,80.1,80.1,279,22347.9,80.86,81.11166666666666,81.09375,-0.14985950496784994,-0.0974766504209951,-0.052382854546854846
2025-10-07 10:22:00,80.8,80.8,80.8,80.8,1000,80800.0,80.85,81.11666666666666,81.09750000000001,-0.13504791880420441,-0.10499090409763698,-0.030057014706567436
2025-10-07 10:23:00,80.1,80.8,80.1,80.8,6000,483200.0,80.865,81.11999999999999,81.10166666666667,-0.1219043921084193,-0.10837360169979346,-0.013530790408625842
2025-10-07 12:37:00,80.8,80.8,80.8,80.8,2000,161600.0,80.88,81.13333333333334,81.10666666666665,-0.11021753339109353,-0.10874238803805349,-0.0014751453530400388
2025-10-07 12:38:00,80.1,80.1,80.1,80.1,1000,80100.0,80.86,81.135,81.1075,-0.15564557817506852,-0.11812302606545651,-0.037522552109612015
2025-10-07 12:39:00,80.7,80.7,80.1,80.1,1050,84135.0,80.78999999999999,81.13166666666666,81.10666666666667,-0.18946361237135534,-0.1323911433266363,-0.05707246904471905
2025-10-07 12:41:00,80.1,80.1,80.1,80.1,1000,80100.0,80.72,81.12833333333333,81.10625,-0.21380009372317943,-0.14867293340594492,-0.0651271603172345
2025-10-07 12:42:00,80.5,80.5,80.5,80.5,1000,80500.0,80.725,81.125,81.1075,-0.19852183730397144,-0.15864271418555023,-0.039879123118421206
2025-10-07 12:48:00,80.1,80.1,80.1,80.1,3000,240300.0,80.66,81.12833333333334,81.11083333333335,-0.21619816817434412,-0.17015380498330904,-0.04604436319103508
2025-10-07 12:49:00,80.4,80.4,80.4,80.4,1000,80400.0,80.63000000000001,81.12333333333332,81.11666666666666,-0.20365172463203862,-0.17685338891305497,-0.026798335718983657
2025-10-07 12:55:00,80.0,80.0,80.0,80.0,2000,160000.0,80.58000000000001,81.11,81.11791666666666,-0.22340990448201126,-0.18616469202684624,-0.03724521245516502
2025-10-07 12:56:00,80.5,80.5,80.5,80.5,1000,80500.0,80.555,81.105,81.12083333333334,-0.19645793821652546,-0.1882233412647821,-0.008234596951743361
2025-10-07 12:59:00,80.0,80.3,80.0,80.3,8000,641200.0,80.535,81.08833333333334,81.12291666666667,-0.18905730438214619,-0.18839013388825493,-0.0006671704938912559
2025-10-07 13:01:00,79.8,80.8,79.8,80.8,14050,1124305.0,80.525,81.06333333333333,81.12708333333333,-0.14121854790924715,-0.1789558166924534,0.03773726878320624
2025-10-07 13:09:00,80.8,80.8,80.8,80.8,1000,80800.0,80.5,81.04333333333332,81.13416666666667,-0.10212871251982847,-0.16359039585792842,0.061461683338099954
2025-10-07 13:15:00,80.1,80.1,80.1,80.1,6000,480600.0,80.46499999999999,81.01166666666667,81.13958333333333,-0.12617936898087123,-0.156108190482517,0.029928821501645775
2025-10-07 13:16:00,80.7,80.7,80.7,80.7,1000,80700.0,80.465,80.99,81.14416666666666,-0.09572128650471257,-0.1440308096869561,0.04830952318224355
2025-10-07 13:19:00,80.4,80.4,80.4,80.4,3000,241200.0,80.44500000000001,80.96000000000001,81.14666666666668,-0.0946988995333129,-0.13416442765622746,0.03946552812291457
2025-10-07 13:21:00,79.8,79.8,79.8,79.8,3000,239400.0,80.4,80.92,81.14958333333334,-0.14068194222485886,-0.13546793056995374,-0.005214011654905121
2025-10-07 13:22:00,80.1,80.1,80.1,80.1,1000,80100.0,80.36499999999998,80.895,81.15083333333334,-0.15117370567578803,-0.1386090855911206,-0.012564620084667438
2025-10-07 13:25:00,79.8,79.8,79.8,79.8,1000,79800.0,80.35,80.85,81.15166666666666,-0.18160259492452724,-0.14720778745780191,-0.034394807466725325
2025-10-07 13:26:00,80.4,80.4,80.4,80.4,1000,80400.0,80.33,80.83166666666666,81.15375,-0.15551009966441143,-0.14886824989912384,-0.0066418497652875885
2025-10-07 13:33:00,79.7,80.0,79.7,80.0,11050,882200.0,80.28999999999999,80.80666666666666,81.15249999999999,-0.1652038985385218,-0.15213537962700344,-0.013068518911518362
2025-10-07 13:34:00,80.3,80.3,80.3,80.3,1000,80300.0,80.26500000000001,80.77833333333334,81.14958333333333,-0.14698446576423407,-0.15110519685444956,0.00412073109021549
2025-10-07 13:36:00,80.3,80.3,80.0,80.3,16000,1282400.0,80.275,80.75,81.14041666666665,-0.1310349447500272,-0.1470911464335651,0.016056201683537913
2025-10-07 14:05:00,79.7,80.0,79.7,80.0,90000,7186500.0,80.27000000000001,80.725,81.13541666666667,-0.14097722948532976,-0.14586836304391804,0.004891133558588279
2025-10-07 14:06:00,80.3,80.3,80.3,80.3,1000,80300.0,80.28,80.705,81.12708333333333,-0.12322856676246374,-0.1413404037876272,0.018111837025163446
2025-10-07 14:29:00,80.3,80.3,80.0,80.0,4000,320300.0,80.255,80.675,81.11875,-0.1318502291104835,-0.13944236885219846,0.007592139741714965
2025-10-07 14:36:00,79.6,80.0,79.6,80.0,3400,270800.0,80.25,80.655,81.10833333333333,-0.13710252605997653,-0.13897440029375407,0.0018718742337775485
2025-10-07 14:38:00,79.6,79.6,79.6,79.6,3000,238800.0,80.21,80.62333333333332,81.09625,-0.17156398348693358,-0.14549231693238998,-0.0260716665545436
2025-10-07 14:48:00,80.0,80.0,80.0,80.0,1000,80000.0,80.21,80.60166666666666,81.08458333333333,-0.16469972382444098,-0.14933379831080018,-0.015365925513640799
2025-10-07 14:57:00,79.9,79.9,79.9,79.9,1000,79900.0,80.17999999999999,80.575,81.07333333333334,-0.16542203065496608,-0.15255144477963337,-0.012870585875332713
2025-10-07 14:58:00,79.9,80.0,79.6,80.0,7000,558600.0,80.16499999999999,80.55166666666668,81.06166666666668,-0.1561255812412412,-0.15326627207195495,-0.002859309169286256
2025-10-08 09:01:00,80.3,80.3,80.0,80.3,9000,721800.0,80.14,80.53999999999999,81.05041666666668,-0.12313120541861622,-0.1472392587412872,0.02410805332267099
2025-10-08 09:06:00,79.7,80.0,79.7,80.0,11000,878200.0,80.1,80.51833333333333,81.03375000000001,-0.1198093302821519,-0.14175327304946014,0.02194394276730824
2025-10-08 09:08:00,80.2,80.2,79.5,80.2,7000,557900.0,80.105,80.5,81.02208333333334,-0.09988695710934792,-0.1333800098614377,0.033493052752089775
2025-10-08 09:09:00,79.8,79.8,79.8,79.8,1100,87780.0,80.06,80.49333333333333,81.00166666666668,-0.11504877918639522,-0.1297137637264292,0.014664984540033982
2025-10-08 09:30:00,79.1,79.1,79.0,79.0,4000,316300.0,79.99,80.45499999999998,80.98083333333334,-0.18943426623607706,-0.14165786422835877,-0.047776402007718294
2025-10-08 09:31:00,79.7,79.7,79.7,79.7,1000,79700.0,79.985,80.42666666666668,80.96708333333335,-0.18971424308428197,-0.15126913999954342,-0.03844510308473856
2025-10-08 09:32:00,79.7,80.1,79.7,80.1,7000,558700.0,79.98499999999999,80.405,80.95541666666666,-0.155862780579767,-0.15218786811558815,-0.0036749124641788367
2025-10-08 09:33:00,80.1,80.1,79.8,80.1,6000,479700.0,80.0,80.40333333333334,80.94458333333333,-0.12756476544855389,-0.14726324758218132,0.019698482133627432
2025-10-08 09:37:00,79.9,79.9,79.9,79.9,1000,79900.0,79.975,80.38499999999999,80.93208333333334,-0.11989464230644842,-0.14178952652703475,0.02189488422058633
2025-10-08 09:39:00,79.9,79.9,79.9,79.9,2000,159800.0,79.97,80.375,80.92333333333335,-0.11251896585828547,-0.1359354143932849,0.02341644853499944
2025-10-08 09:45:00,80.1,80.1,79.8,79.8,6000,479100.0,79.945,80.36333333333332,80.91000000000001,-0.11343524253442183,-0.13143538002151228,0.01800013748709045
2025-10-08 09:50:00,80.1,80.1,80.1,80.1,1000,80100.0,79.93499999999999,80.35666666666665,80.90291666666667,-0.08892878987289521,-0.12293406199178887,0.03400527211889366
2025-10-08 10:27:00,80.2,80.2,80.2,80.2,1000,80200.0,79.945,80.335,80.89666666666668,-0.06073793619364665,-0.11049483683216044,0.04975690063851379
2025-10-08 10:33:00,79.7,80.2,79.7,80.2,6000,478700.0,79.94,80.31333333333332,80.88541666666667,-0.03795891480740465,-0.09598765242720927,0.05802873761980462
2025-10-08 11:48:00,79.6,79.6,79.5,79.5,7000,557100.0,79.91499999999999,80.29833333333333,80.87166666666667,-0.07551997879473049,-0.09189411770071353,0.016374138905983035
2025-10-08 11:49:00,80.2,80.2,80.2,80.2,1000,80200.0,79.925,80.27833333333335,80.86416666666668,-0.04824708045094894,-0.08316471025076062,0.03491762979981168
2025-10-08 12:46:00,79.6,79.6,79.6,79.6,10,796.0,79.925,80.25500000000001,80.85375,-0.07419284863802034,-0.08137033792821258,0.0071774892901922405
2025-10-08 12:49:00,80.1,80.1,80.1,80.1,500,40050.0,79.93,80.24000000000001,80.84291666666667,-0.053789187261642724,-0.07585410779489861,0.022064920533255886
2025-10-08 13:22:00,80.0,80.0,80.0,80.0,1000,80000.0,79.935,80.22333333333334,80.8325,-0.045167638465201776,-0.06971681392895925,0.02454917546375747
2025-10-08 13:26:00,79.6,79.6,79.6,79.6,3000,238800.0,79.91499999999999,80.20499999999998,80.82,-0.0698069647532833,-0.06973484409382406,-7.212065945923218e-05
2025-10-08 13:31:00,79.6,79.6,79.6,79.6,15000,1194000.0,79.88,80.18166666666666,80.81125,-0.0883157592553232,-0.07345102712612389,-0.01486473212919931
2025-10-08 13:32:00,79.6,79.6,79.6,79.6,15000,1194000.0,79.86,80.15333333333335,80.80125000000001,-0.10181050413007142,-0.0791229225269134,-0.022687581603158022
2025-10-08 13:34:00,79.9,79.9,79.9,79.9,30000,2397000.0,79.845,80.13833333333334,80.78916666666666,-0.08729145234669033,-0.08075662849086879,-0.006534823855821548
2025-10-08 13:35:00,80.0,80.3,79.8,80.3,13000,1039700.0,79.87,80.13166666666667,80.78083333333332,-0.04301252058084515,-0.07320780690886407,0.03019528632801892
2025-10-08 13:40:00,80.3,80.3,80.3,80.3,1000,80300.0,79.935,80.12333333333335,80.77250000000001,-0.007830878649414785,-0.06013242125697421,0.052301542607559426
2025-10-08 14:10:00,80.3,80.3,80.3,80.3,1000,80300.0,79.965,80.11666666666666,80.77333333333334,0.019822326609116203,-0.04414147168375613,0.06396379829287233
2025-10-08 14:53:00,79.7,79.7,79.7,79.7,1,79.7,79.94500000000001,80.09833333333334,80.7625,-0.006601200058511836,-0.036633417358707274,0.030032217300195438
2025-10-08 15:00:00,80.2,80.2,80.2,80.2,1000,80200.0,79.95,80.1,80.75708333333333,0.012657873920488782,-0.02677515910286806,0.039433033023356844
2025-10-09 09:01:00,80.5,80.5,80.5,80.5,1000,80500.0,79.98,80.095,80.74958333333332,0.051534266651387384,-0.011113273952016969,0.06264754060340436
2025-10-09 09:33:00,80.0,80.3,80.0,80.3,6000,480900.0,80.0,80.08666666666667,80.74125000000001,0.06545127786047544,0.004199636410481518,0.06125164144999393
2025-10-09 09:34:00,80.3,80.3,80.3,80.3,1000,80300.0,80.025,80.07833333333333,80.74041666666668,0.07560903561277144,0.018481516250939505,0.05712751936183193
2025-10-09 09:52:00,80.3,80.3,80.3,80.3,1000,80300.0,80.035,80.08166666666666,80.73208333333334,0.08270575139462721,0.031326363279677055,0.05137938811495016
2025-10-09 11:40:00,80.3,80.3,80.3,80.3,1000,80300.0,80.03999999999999,80.08500000000001,80.73,0.08732334066651504,0.04252575875704465,0.044797581909470384
2025-10-09 11:49:00,79.7,79.7,79.7,79.7,2000,159400.0,80.015,80.07833333333333,80.71916666666667,0.04208272439046823,0.042437151883729374,-0.00035442749326114464
2025-10-09 11:53:00,80.3,80.3,80.3,80.3,1000,80300.0,80.05499999999999,80.075,80.72,0.054021469765160646,0.04475401546001563,0.009267454305145015
2025-10-09 12:28:00,79.7,80.0,79.7,80.0,14000,1117000.0,80.04499999999999,80.07333333333332,80.71041666666666,0.038827934434621625,0.043568799254936834,-0.004740864820315209
2025-10-09 12:40:00,80.0,80.3,80.0,80.3,4000,320300.0,80.08,80.07166666666667,80.70333333333333,0.0504133077860871,0.04493770096116689,0.0054756068249202094
2025-10-09 12:43:00,80.2,80.2,80.2,80.2,2000,160400.0,80.085,80.075,80.69458333333334,0.05093844864222774,0.04613785049737907,0.004800598144848671
2025-10-09 13:04:00,79.6,79.6,79.6,79.6,5000,398000.0,80.065,80.06,80.69083333333334,0.0029061407814623408,0.037491508554195724,-0.03458536777273338
2025-10-09 13:05:00,80.2,80.2,80.2,80.2,1000,80200.0,80.095,80.05833333333334,80.68958333333333,0.013104120197894531,0.032614030882935484,-0.019509910685040953
2025-10-09 14:01:00,79.6,79.6,79.6,79.6,1,79.6,80.095,80.03833333333333,80.68916666666668,-0.026918592455317025,0.02070750621528498,-0.04762609867060201
2025-10-09 14:10:00,80.2,80.2,80.2,80.2,1000,80200.0,80.125,80.02833333333335,80.69000000000001,-0.010105406158473329,0.014544923740533318,-0.024650329899006646
2025-10-13 09:01:00,80.2,80.2,79.9,79.9,8000,640700.0,80.125,80.025,80.67916666666666,-0.020749144459713875,0.007486110100483878,-0.028235254560197754
2025-10-13 09:02:00,79.0,79.0,79.0,79.0,3000,237000.0,80.05999999999999,79.99666666666667,80.66458333333334,-0.1006466699725479,-0.014140445914122484,-0.08650622405842541
2025-10-13 09:03:00,80.0,80.0,80.0,80.0,3000,240000.0,80.04499999999999,79.99,80.65208333333334,-0.08232539600142275,-0.027777435931582543,-0.0545479600698402
2025-10-13 09:06:00,79.0,79.0,79.0,79.0,3000,237000.0,79.97999999999999,79.97666666666667,80.6375,-0.14680502014368813,-0.051582952774003675,-0.09522206736968444
2025-10-13 09:07:00,79.3,79.3,79.3,79.3,6000,475800.0,79.96,79.96333333333334,80.625,-0.17171862857260578,-0.0756100879337241,-0.09610854063888168
2025-10-13 09:08:00,79.6,79.9,79.6,79.9,2000,159500.0,79.945,79.96499999999999,80.61208333333335,-0.1414176821442794,-0.08877160677583518,-0.052646075368444234
2025-10-13 09:23:00,80.0,80.0,80.0,80.0,1000,80000.0,79.91999999999999,79.95833333333333,80.59958333333334,-0.10808881890677924,-0.092635049202024,-0.015453769704755232
2025-10-13 09:25:00,79.2,79.5,79.2,79.5,4000,317100.0,79.88,79.95,80.58500000000001,-0.12063072014341003,-0.09823418339030122,-0.022396536753108806
2025-10-13 09:27:00,79.8,79.8,79.8,79.8,1000,79800.0,79.85499999999999,79.94166666666666,80.57166666666667,-0.10515066304797926,-0.09961747932183684,-0.005533183726142421
2025-10-13 09:28:00,80.0,80.0,80.0,80.0,1000,80000.0,79.84,79.93666666666667,80.55916666666667,-0.07586969907806917,-0.09486792327308333,0.01899822419501415
2025-10-13 09:53:00,80.0,80.0,80.0,80.0,1000,80000.0,79.825,79.93666666666667,80.54875,-0.05206416093551525,-0.08630717080556972,0.03424300987005448
2025-10-13 09:54:00,80.1,80.1,79.8,79.8,4000,320100.0,79.83,79.92833333333333,80.53791666666666,-0.048774190471291945,-0.07880057473871417,0.030026384267422226
2025-10-13 09:56:00,80.1,80.1,80.1,80.1,1000,80100.0,79.82000000000001,79.92999999999999,80.53208333333333,-0.02170912312215023,-0.06738228441540138,0.04567316129325115
2025-10-13 09:57:00,79.8,80.1,79.8,80.1,3000,239700.0,79.825,79.93166666666666,80.52749999999999,-0.00025690086147278635,-0.05395720770461566,0.05370030684314287
2025-10-13 10:09:00,79.5,79.8,79.5,79.8,11000,876000.0,79.79999999999998,79.935,80.52958333333332,-0.007378300504953472,-0.04464142626468322,0.037263125759729746
2025-10-13 10:10:00,80.1,80.1,80.1,80.1,1000,80100.0,79.795,79.93666666666667,80.52166666666668,0.011057962458195902,-0.033501548520107394,0.044559510978303296
2025-10-13 10:15:00,80.1,80.1,79.8,80.1,6000,479700.0,79.82,79.94,80.525,0.02537631136142693,-0.02172597654380053,0.047102287905227455
2025-10-13 11:12:00,79.5,79.8,79.5,79.8,6000,477900.0,79.79999999999998,79.93666666666667,80.51583333333333,0.012373578321373202,-0.014906065570765783,0.027279643892138987
2025-10-13 11:16:00,80.1,80.1,79.8,79.8,3000,239700.0,79.81,79.92833333333334,80.50666666666667,0.002045242425907645,-0.011515803971431097,0.013561046397338742
2025-10-13 11:19:00,80.2,80.2,80.2,80.2,1000,80200.0,79.80999999999999,79.93166666666667,80.50125,0.02583876567106813,-0.0040448900429312495,0.029883655713999382
2025-10-13 12:09:00,79.6,79.6,79.6,79.6,3000,238800.0,79.795,79.92166666666665,80.50375000000001,-0.00367729179409082,-0.003971370393163164,0.0002940785990723435
2025-10-13 12:10:00,79.5,79.5,79.5,79.5,3000,238500.0,79.82000000000001,79.91666666666667,80.49541666666667,-0.034737709559721,-0.010124638226474733,-0.024613071333246264
2025-10-13 12:11:00,79.8,79.8,79.8,79.8,2000,159600.0,79.81,79.93,80.49875,-0.03474529943811433,-0.015048770468802654,-0.019696528969311677
2025-10-13 12:18:00,80.1,80.1,80.1,80.1,1000,80100.0,79.865,79.93666666666667,80.49375,-0.01042366416403695,-0.014123749207849513,0.0037000850438125635
2025-10-13 12:48:00,79.4,79.7,79.4,79.7,13000,1033700.0,79.885,79.93,80.49708333333334,-0.023158295625506753,-0.015930658491380964,-0.007227637134125789
2025-10-13 12:49:00,79.4,79.4,79.4,79.4,2000,158800.0,79.86,79.91833333333332,80.48916666666668,-0.05680328271782287,-0.024105183336669347,-0.03269809938115352
2025-10-13 12:52:00,79.7,79.7,79.7,79.7,3000,239100.0,79.845,79.915,80.48791666666668,-0.05858436055119398,-0.03100101877957428,-0.027583341771619703
2025-10-13 12:54:00,79.4,79.7,79.4,79.7,8000,635800.0,79.85499999999999,79.91166666666666,80.49083333333333,-0.05931216386164806,-0.03666324779598904,-0.022648916065659018
2025-10-13 13:01:00,79.7,79.7,79.7,79.7,1000,79700.0,79.85,79.91000000000001,80.48458333333333,-0.05920645803524849,-0.04117188984384094,-0.01803456819140755
2025-10-13 13:03:00,79.7,79.7,79.7,79.7,3000,239100.0,79.83500000000001,79.90333333333334,80.47791666666667,-0.05844892260958545,-0.04462729639698985,-0.013821626212595604
2025-10-13 13:04:00,80.0,80.0,80.0,80.0,1000,80000.0,79.83500000000001,79.9,80.47250000000001,-0.03325770342871692,-0.042353377803335264,0.009095674374618341
2025-10-13 13:11:00,79.5,80.1,79.5,80.1,3000,239100.0,79.85,79.89833333333334,80.46666666666667,-0.005164780099775612,-0.034915658262623335,0.029750878162847723
2025-10-13 13:12:00,80.0,80.0,80.0,80.0,1000,80000.0,79.845,79.90666666666668,80.46041666666666,0.00892699493115856,-0.026147127623866954,0.03507412255502551
2025-10-13 13:27:00,79.7,80.0,79.7,80.0,84012,6708360.0,79.84,79.90333333333334,80.45458333333333,0.01986582727812447,-0.016944536643468667,0.036810363921593134
2025-10-13 13:33:00,79.7,79.7,79.7,79.7,60000,4782000.0,79.83500000000001,79.905,80.4575,0.0042781223957888415,-0.012700004835617165,0.016978127231406008
2025-10-13 13:34:00,80.0,80.0,80.0,80.0,60000,4800000.0,79.83,79.90333333333334,80.45166666666665,0.01594840350055904,-0.0069703231683819235,0.022918726668940962
2025-10-13 14:57:00,80.0,80.0,80.0,80.0,2000,160000.0,79.825,79.90333333333334,80.44583333333334,0.024910037944465557,-0.0005942509458124257,0.025504288890277983
2025-10-14 09:01:00,80.1,80.1,80.0,80.0,5000,400300.0,79.83500000000001,79.91000000000001,80.44041666666666,0.031647386435338376,0.005854076530417736,0.02579330990492064
2025-10-14 09:03:00,80.0,80.3,80.0,80.3,3000,240300.0,79.85999999999999,79.92166666666667,80.43875,0.06049690577793854,0.0167826423799219,0.04371426339801664
2025-10-14 09:06:00,79.7,80.0,79.7,80.0,6000,479100.0,79.85,79.92833333333333,80.43583333333332,0.05847875818848536,0.025121865541634595,0.033356892646850766
2025-10-14 09:07:00,79.2,79.5,79.0,79.3,11100,878350.0,79.83500000000001,79.91833333333334,80.42750000000001,0.0003907079894531762,0.020175634031198313,-0.019784926041745136
2025-10-14 09:08:00,80.0,80.0,80.0,80.0,1000,80000.0,79.86,79.91333333333334,80.42833333333334,0.010716130676954094,0.01828373336034947,-0.007567602683395375
2025-10-14 09:28:00,79.2,79.2,79.2,79.2,20,1584.0,79.83,79.895,80.42083333333333,-0.045133935658199675,0.005600199556639637,-0.05073413521483931
2025-10-14 09:31:00,80.0,80.3,80.0,80.3,6000,480300.0,79.84,79.89500000000001,80.41708333333334,-0.0006274755429274137,0.004354664536726227,-0.004982140079653641
2025-10-14 09:46:00,79.3,79.3,79.3,79.3,3000,237900.0,79.82000000000001,79.88833333333332,80.40958333333333,-0.04552267088801898,-0.005620802548222817,-0.039901868339796163
2025-10-14 09:47:00,79.6,79.6,79.6,79.6,1000,79600.0,79.83,79.87833333333333,80.40875,-0.05624656842748266,-0.01574595572407479,-0.040500612703407865
2025-10-14 09:48:00,79.6,79.6,79.3,79.3,3000,238500.0,79.80999999999999,79.85833333333333,80.40249999999999,-0.08793911985098646,-0.03018458854945713,-0.05775453130152933
2025-10-14 09:49:00,80.0,80.0,80.0,80.0,1000,80000.0,79.825,79.85333333333332,80.40374999999999,-0.05592685535539488,-0.03533304191064469,-0.02059381344475019
2025-10-14 09:56:00,79.3,79.3,79.3,79.3,1000,79300.0,79.80499999999999,79.83666666666667,80.39833333333333,-0.08604913410836446,-0.045476260350188646,-0.04057287375817581
2025-10-14 09:57:00,80.0,80.0,80.0,80.0,1000,80000.0,79.82000000000001,79.83166666666666,80.39833333333333,-0.05282813730106284,-0.04694663574036349,-0.005881501560699345
2025-10-14 10:22:00,79.3,79.3,79.3,79.3,1000,79300.0,79.785,79.815,80.39333333333335,-0.08203871658535888,-0.05396505190936258,-0.028073664675996306
2025-10-14 10:23:00,79.3,80.0,79.3,80.0,2000,159300.0,79.78,79.82,80.39416666666668,-0.048149128086308224,-0.05280186714475171,0.004652739058443489
2025-10-14 10:24:00,79.5,79.5,79.5,79.5,6000,477000.0,79.75500000000001,79.80666666666666,80.38916666666667,-0.060934788059000766,-0.05442845132760153,-0.006506336731399234
2025-10-14 10:25:00,80.0,80.0,80.0,80.0,1000,80000.0,79.75500000000001,79.80666666666666,80.38916666666667,-0.03037158959818953,-0.04961707898171913,0.0192454893835296
2025-10-14 10:49:00,80.0,80.0,80.0,80.0,2000,160000.0,79.77000000000001,79.80166666666666,80.38625,-0.006079948757417242,-0.040909652936858755,0.03482970417944151
2025-10-14 10:53:00,80.0,80.0,80.0,80.0,2000,160000.0,79.77000000000001,79.79833333333333,80.38333333333334,0.013021250747556223,-0.03012347219997576,0.04314472294753198
2025-10-14 11:00:00,79.8,79.8,79.5,79.5,5000,398400.0,79.745,79.79666666666665,80.37833333333333,-0.012047852212916155,-0.02650834820256384,0.014460495989647687
2025-10-14 11:01:00,80.0,80.0,80.0,80.0,1000,80000.0,79.745,79.79333333333332,80.3825,0.008334450051250997,-0.01953978855180087,0.027874238603051868
2025-10-14 11:54:00,79.5,79.8,79.5,79.8,6000,477900.0,79.72,79.79666666666667,80.37833333333333,0.008254094844531323,-0.013981011872534432,0.022235106717065755
2025-10-14 11:58:00,80.0,80.0,80.0,80.0,1000,80000.0,79.72,79.79333333333332,80.37416666666667,0.02405149068150081,-0.006374511361727382,0.030426002043228192
2025-10-14 12:27:00,80.0,80.0,80.0,80.0,1000,80000.0,79.755,79.795,80.37124999999999,0.03615427669984683,0.0021312462505874634,0.03402303044925937
2025-10-14 12:56:00,79.5,79.8,79.5,79.8,12000,955800.0,79.74499999999999,79.80833333333334,80.37041666666666,0.02927008595410996,0.007559014191291964,0.021711071762817995
2025-10-14 12:59:00,80.0,80.0,80.0,80.0,1000,80000.0,79.785,79.80833333333334,80.37041666666666,0.039497342937323765,0.013946679940498327,0.025550662996825436
2025-10-14 13:02:00,80.0,80.0,80.0,80.0,1000,80000.0,79.77,79.825,80.37375,0.0470600389448208,0.020569351741362825,0.02649068720345798
2025-10-14 13:33:00,80.0,80.0,80.0,80.0,1000,80000.0,79.80499999999999,79.83666666666666,80.37041666666666,0.052448931384375896,0.026945267669965443,0.025503663714410454
2025-10-14 14:56:00,79.7,79.7,79.7,79.7,40000,3188000.0,79.81,79.83333333333333,80.36625000000001,0.03214166555912357,0.02798454724779707,0.004157118311326497
2025-10-14 14:57:00,79.7,79.7,79.7,79.7,1000,79700.0,79.83000000000001,79.82833333333333,80.36208333333335,0.015865127769430387,0.025560663352123734,-0.009695535582693347
2025-10-14 14:59:00,80.0,80.0,80.0,80.0,40000,3200000.0,79.83000000000001,79.83666666666666,80.36,0.026863679327149725,0.02582126654712893,0.001042412780020794
2025-10-14 15:00:00,80.3,80.3,79.9,80.0,17051,1366774.9,79.86500000000001,79.83999999999999,80.35708333333334,0.03517463933019371,0.027691941103741888,0.0074826982264518255
2025-10-15 09:01:00,80.3,80.3,80.0,80.0,7000,561200.0,79.86500000000001,79.83999999999999,80.35708333333334,0.04128522463933848,0.030410597810861213,0.010874626828477268
2025-10-15 09:20:00,79.7,80.0,79.6,79.6,10000,797900.0,79.88,79.83333333333333,80.355,0.01369340145262754,0.02706715853921448,-0.013373757086586939
2025-10-15 09:21:00,79.5,79.7,79.4,79.7,7000,556400.0,79.865,79.83166666666666,80.35708333333334,-0.00010296601790571458,0.02163313362779044,-0.021736099645696155
2025-10-15 09:22:00,79.3,79.3,79.3,79.3,1000,79300.0,79.85499999999999,79.81833333333334,80.35625,-0.04281974433791902,0.008742558034648545,-0.051562302372567564
2025-10-15 09:24:00,79.9,79.9,79.9,79.9,1000,79900.0,79.85,79.815,80.35791666666667,-0.02793608354205901,0.0014068297193070328,-0.02934291326136604
2025-10-15 09:27:00,79.9,79.9,79.9,79.9,2000,159800.0,79.845,79.81666666666666,80.35208333333334,-0.01595673581263668,-0.0020658833870817106,-0.013890852425554968
2025-10-15 09:29:00,80.0,80.0,80.0,80.0,1000,80000.0,79.845,79.81500000000001,80.34666666666665,0.0015878441555656764,-0.001335137878552233,0.002922982034117909
2025-10-15 10:43:00,79.5,80.0,79.5,80.0,2000,159500.0,79.86999999999999,79.81333333333333,80.34249999999999,0.015315502601822573,0.0019949902175227293,0.013320512384299843
2025-10-15 11:18:00,79.7,80.0,79.7,80.0,4000,319100.0,79.86999999999999,79.81666666666666,80.33624999999999,0.025896254916105477,0.006775243157239281,0.019121011758866196
2025-10-15 11:19:00,80.1,80.1,80.1,80.1,1000,80100.0,79.885,79.82166666666666,80.33041666666666,0.04186811208636243,0.013793816943063912,0.028074295143298518
2025-10-15 11:41:00,79.6,79.8,79.5,79.8,20000,1592000.0,79.875,79.815,80.3275,0.0299729219823206,0.017029637950915253,0.012943284031405346
2025-10-15 11:42:00,79.8,79.8,79.8,79.8,5000,399000.0,79.865,79.81833333333334,80.32666666666665,0.020311756835468486,0.0176860617278259,0.0026256951076425866
2025-10-15 11:48:00,80.0,80.0,80.0,80.0,1000,80000.0,79.875,79.82666666666667,80.32416666666667,0.028465410844802363,0.019841931551221194,0.00862347929358117
2025-10-15 11:50:00,79.5,79.5,79.5,79.5,1000,79500.0,79.85,79.82166666666667,80.31541666666666,-0.005356830724466022,0.01480217909608375,-0.020159009820549773
2025-10-15 11:51:00,80.0,80.0,80.0,80.0,1000,80000.0,79.85,79.82,80.31541666666666,0.008091348453177716,0.013460012967502545,-0.00536866451432483
2025-10-15 12:17:00,80.0,80.0,80.0,80.0,2000,160000.0,79.85,79.825,80.30874999999999,0.0185354620715259,0.014475102788307216,0.004060359283218682
2025-10-15 12:31:00,80.0,80.0,79.7,79.7,3100,247100.0,79.85,79.83,80.30208333333333,0.002575317902739016,0.012095145811193576,-0.00951982790845456
2025-10-15 12:32:00,80.0,80.0,80.0,80.0,1000,80000.0,79.865,79.835,80.29791666666667,0.013973207025173906,0.012470758053989643,0.0015024489711842632
2025-10-15 13:02:00,79.5,79.5,79.5,79.5,1000,79500.0,79.84,79.83166666666666,80.29291666666667,-0.017142101577192648,0.006548186127753184,-0.02369028770494583
2025-10-15 13:09:00,80.0,80.0,80.0,80.0,1000,80000.0,79.84,79.83666666666666,80.2875,-0.001438800891563119,0.004950788723889923,-0.006389589615453042
2025-10-15 13:37:00,79.5,79.5,79.5,79.5,3000,238500.0,79.815,79.83333333333333,80.28125,-0.029005288378414207,-0.001840426696570905,-0.027164861681843303
2025-10-15 13:38:00,80.0,80.0,79.8,79.8,3000,239600.0,79.825,79.83,80.27749999999999,-0.026340795231320158,-0.006740500403520758,-0.0196002948277994
2025-10-15 13:39:00,80.0,80.0,80.0,80.0,1000,80000.0,79.84,79.82833333333333,80.27125,-0.007998633418281997,-0.006992127006473006,-0.0010065064118089913
2025-10-15 14:31:00,79.4,79.4,79.4,79.4,1000,79400.0,79.845,79.81833333333333,80.26833333333335,-0.041400089166828025,-0.013873719438544013,-0.02752636972828401
2025-10-15 14:32:00,80.0,80.0,80.0,80.0,1000,80000.0,79.85,79.81833333333333,80.26416666666667,-0.019234277127466726,-0.014945830976328558,-0.0042884461511381675
2025-10-16 09:01:00,80.0,80.3,80.0,80.0,7000,560300.0,79.855,79.82333333333332,80.26333333333334,-0.0016487061322152385,-0.012286406007505895,0.010637699875290656
2025-10-16 09:02:00,80.3,80.3,80.3,80.3,1000,80300.0,79.87,79.82833333333333,80.26375,0.03607957548665297,-0.00261320970867412,0.03869278519532709
2025-10-16 09:14:00,79.7,80.0,79.7,80.0,5000,399100.0,79.87,79.82833333333333,80.25791666666667,0.0412959833021489,0.006168628893490487,0.03512735440865841
2025-10-16 09:15:00,80.3,80.3,80.3,80.3,1000,80300.0,79.885,79.83333333333333,80.25833333333334,0.06884392693763175,0.018703688502318745,0.050140238435313005
2025-10-16 09:31:00,79.2,79.5,79.2,79.5,12000,951300.0,79.85499999999999,79.82,80.25041666666667,0.025824863667011755,0.020127923535257348,0.005696940131754407
2025-10-16 09:32:00,79.8,79.8,79.8,79.8,1000,79800.0,79.85499999999999,79.81666666666666,80.24874999999999,0.01575779285762735,0.01925389739973135,-0.0034961045421040005
2025-10-16 09:43:00,79.8,80.1,79.8,80.1,3000,239700.0,79.87,79.82999999999998,80.24333333333334,0.03162253461259468,0.02172762484230402,0.009894909770290658
2025-10-16 11:01:00,79.5,79.5,79.5,79.5,1000,79500.0,79.845,79.82166666666666,80.24041666666668,-0.004171443039354017,0.016547811265972413,-0.02071925430532643
2025-10-16 11:02:00,80.0,80.0,80.0,80.0,1000,80000.0,79.87,79.835,80.24041666666668,0.007718419974509061,0.014781933007679743,-0.007063513033170682
2025-10-16 11:27:00,79.8,80.0,79.5,80.0,6000,478100.0,79.87,79.82999999999998,80.23875,0.016945880512722056,0.015214722508688208,0.001731158004033848
2025-10-16 11:28:00,79.5,79.5,79.5,79.5,2000,159000.0,79.845,79.83333333333333,80.23583333333335,-0.015903782946068645,0.008991021417736837,-0.024894804363805482
2025-10-16 11:32:00,80.0,80.0,80.0,80.0,1000,80000.0,79.86,79.83999999999999,80.2325,-0.0015734191836287437,0.00687813329746372,-0.008451552481092464
2025-10-16 11:40:00,79.5,79.5,79.5,79.5,2000,159000.0,79.83500000000001,79.84333333333332,80.22833333333332,-0.03021403539045764,-0.0005403004401205537,-0.029673734950337084
2025-10-16 11:42:00,80.1,80.1,79.5,79.9,4000,319000.0,79.85499999999999,79.84166666666667,80.22541666666666,-0.020400113211877624,-0.004512262994471969,-0.015887850217405654
2025-10-16 12:22:00,79.9,80.0,79.5,80.0,9000,718000.0,79.85499999999999,79.85333333333334,80.22541666666666,-0.004501454944190186,-0.004510101384415612,8.646440225425732e-06
2025-10-16 12:43:00,79.5,79.5,79.5,79.5,2000,159000.0,79.85499999999999,79.84500000000001,80.22333333333333,-0.031879982455890854,-0.009984077598710664,-0.02189590485718019
2025-10-16 12:45:00,79.8,80.0,79.5,80.0,7000,558500.0,79.865,79.85666666666667,80.22208333333333,-0.013081051219117512,-0.010603472322792034,-0.0024775788963254785
2025-10-16 12:47:00,79.5,79.6,79.2,79.6,8000,635200.0,79.845,79.85,80.21916666666668,-0.03011230393995845,-0.014505238646225318,-0.015607065293733133
2025-10-16 12:49:00,79.9,79.9,79.9,79.9,3000,239700.0,79.86999999999999,79.85666666666667,80.21583333333334,-0.019181093918518854,-0.015440409700684027,-0.0037406842178348276
2025-10-16 12:50:00,80.0,80.0,80.0,80.0,1000,80000.0,79.86999999999999,79.85666666666667,80.21624999999999,-0.0024209596405171396,-0.012836519688650651,0.010415560048133512
2025-10-16 12:53:00,79.2,79.2,79.2,79.2,1,79.2,79.83,79.84333333333333,80.21,-0.05307987483992349,-0.020885190718905225,-0.032194684121018266
2025-10-16 12:54:00,80.0,80.0,80.0,80.0,1000,80000.0,79.815,79.84333333333333,80.20666666666666,-0.028347345439598826,-0.022377621663043946,-0.005969723776554879
2025-10-16 13:16:00,79.8,79.8,79.8,79.8,1000,79800.0,79.80499999999999,79.84833333333334,80.2025,-0.02460137687305064,-0.022822372705045287,-0.0017790041680053534
2025-10-16 13:25:00,79.2,79.2,79.2,79.2,1000,79200.0,79.75,79.83500000000001,80.19375,-0.06924939150755449,-0.03210777646554713,-0.03714161504200736
2025-10-16 13:26:00,79.8,80.1,79.5,80.1,8000,637800.0,79.78,79.83999999999999,80.18458333333334,-0.03164599110429833,-0.03201541939329737,0.000369428288999038
2025-10-16 14:55:00,79.3,79.3,79.3,79.3,1000,79300.0,79.75500000000001,79.82833333333333,80.17333333333335,-0.06564166325441079,-0.038740668165520055,-0.026900995088890732
2025-10-16 14:58:00,80.0,80.0,80.0,80.0,1000,80000.0,79.75,79.82833333333333,80.165,-0.03568794014404375,-0.0381301225612248,0.0024421824171810477
2025-10-17 09:01:00,80.0,80.0,79.7,80.0,9000,719100.0,79.775,79.83166666666666,80.15666666666668,-0.011813223289550479,-0.03286674270688993,0.021053519417339454
2025-10-17 09:03:00,79.7,79.7,79.7,79.7,3000,239100.0,79.75999999999999,79.82666666666665,80.14625,-0.016904961101104732,-0.02967438638573289,0.012769425284628159
2025-10-17 09:05:00,80.0,80.0,80.0,80.0,1000,80000.0,79.75999999999999,79.82666666666665,80.13708333333332,0.00323005868870041,-0.02309349737084623,0.02632355605954664
2025-10-17 09:34:00,79.2,79.2,79.2,79.2,1000,79200.0,79.74499999999999,79.81333333333333,80.12708333333333,-0.04484911450947493,-0.027444620798571972,-0.017404493710902958
2025-10-17 09:35:00,80.0,80.0,80.0,80.0,1000,80000.0,79.74499999999999,79.81833333333334,80.11666666666666,-0.018189217562053273,-0.025593540151268232,0.0074043225892149594
2025-10-17 09:50:00,79.6,79.6,79.6,79.6,1000,79600.0,79.75,79.81666666666666,80.10875000000001,-0.029003381291985875,-0.026275508379411765,-0.0027278729125741093
2025-10-17 10:09:00,80.0,80.0,79.6,79.6,3000,239200.0,79.735,79.81,80.10083333333334,-0.037145493829214615,-0.028449505469372336,-0.00869598835984228
2025-10-17 10:18:00,79.7,79.7,79.4,79.4,4000,318500.0,79.70500000000001,79.8,80.09,-0.059055747311901996,-0.03457075383787827,-0.024484993474023727
2025-10-17 10:19:00,79.9,79.9,79.3,79.3,2000,159200.0,79.69500000000001,79.78833333333334,80.07875,-0.08352610833324547,-0.044361824736951716,-0.03916428359629376
2025-10-17 10:20:00,79.8,79.8,79.8,79.8,1000,79800.0,79.685,79.79166666666667,80.07166666666667,-0.061860139237907674,-0.047861487637142916,-0.013998651600764758
2025-10-17 10:22:00,79.8,79.9,79.6,79.6,6000,478600.0,79.68499999999999,79.78999999999999,80.06375,-0.06013483422887589,-0.050316156955489515,-0.009818677273386374
2025-10-17 10:23:00,80.0,80.0,80.0,80.0,1000,80000.0,79.69,79.80166666666666,80.05624999999999,-0.026188970370185416,-0.0454907196384287,0.019301749268243282
2025-10-17 10:29:00,79.8,79.8,79.8,79.8,1000,79800.0,79.68,79.8,80.05041666666668,-0.015249174237354168,-0.03944241055821379,0.024193236320859624
2025-10-17 10:30:00,79.5,79.5,79.5,79.5,1000,79500.0,79.69500000000001,79.79333333333332,80.04208333333334,-0.030435953059367193,-0.03764111905844447,0.007205165999077279
2025-10-17 10:31:00,80.0,80.0,80.0,80.0,1000,80000.0,79.69500000000001,79.79333333333332,80.03666666666666,-0.002101538141445758,-0.03053320287504473,0.028431664733598972
2025-10-17 11:18:00,79.3,79.3,79.3,79.3,3000,237900.0,79.67,79.78166666666667,80.02749999999999,-0.03571871690215289,-0.031570305680466364,-0.004148411221686528
2025-10-17 11:19:00,79.2,79.5,79.2,79.5,9000,713700.0,79.685,79.77333333333333,80.01958333333333,-0.04569549551065677,-0.03439534364650445,-0.01130015186415232
2025-10-17 11:20:00,79.9,80.0,79.5,80.0,7000,558200.0,79.68,79.77166666666668,80.01541666666667,-0.013105273673915008,-0.03013732965198656,0.01703205597807155
2025-10-17 11:32:00,79.3,79.3,79.3,79.3,3000,237900.0,79.67999999999999,79.76333333333334,80.00708333333334,-0.043262732079028865,-0.032762410137395025,-0.01050032194163384
2025-10-17 11:33:00,80.0,80.0,80.0,80.0,1000,80000.0,79.67999999999999,79.76666666666667,80.00166666666665,-0.010556892002369977,-0.028321306510390016,0.01776441450802004
2025-10-17 11:36:00,80.0,80.0,80.0,80.0,30,2400.0,79.67999999999999,79.76666666666667,80.00083333333333,0.0151876481374984,-0.019619515580812333,0.03480716371831073
2025-10-17 11:57:00,79.2,80.0,79.2,80.0,10000,793700.0,79.69500000000001,79.775,79.99541666666666,0.03518479328255353,-0.008658653808139159,0.04384344709069268
2025-10-17 11:58:00,79.1,79.9,79.1,79.9,6000,477000.0,79.69000000000001,79.77333333333333,79.98916666666668,0.042473897959922624,0.001567856545473201,0.04090604141444942
2025-10-17 11:59:00,80.0,80.0,80.0,80.0,1000,80000.0,79.73,79.77333333333333,79.98333333333333,0.055677909909874757,0.012389867218353516,0.04328804269152124
2025-10-17 13:01:00,79.8,80.0,79.5,80.0,11000,877100.0,79.73,79.77833333333334,79.9825,0.06538842742156703,0.022989579258996223,0.04239884816257081
2025-10-17 13:05:00,79.5,79.9,79.5,79.6,7000,557800.0,79.72999999999999,79.77166666666668,79.97666666666666,0.04034238356408082,0.026460140120013145,0.013882243444067674
2025-10-17 13:06:00,80.0,80.0,80.0,80.0,1000,80000.0,79.75,79.78,79.97458333333333,0.05216850437587084,0.03160181297118469,0.02056669140468615
2025-10-17 14:00:00,79.7,79.7,79.7,79.7,2000,159400.0,79.765,79.775,79.97125,0.03690784684235382,0.03266301974541851,0.004244827096935307
2025-10-17 14:04:00,80.0,80.0,80.0,80.0,1000,80000.0,79.8,79.78333333333333,79.96916666666667,0.048462512913332034,0.03582291837900122,0.012639594534330813
2025-10-17 14:22:00,79.5,79.5,79.5,79.5,3000,238500.0,79.785,79.77833333333334,79.96083333333333,0.017076994730629735,0.032073733649326926,-0.01499673891869719
2025-10-17 14:24:00,80.0,80.0,80.0,80.0,1000,80000.0,79.805,79.77833333333334,79.95458333333333,0.032178631542109315,0.032094713227883404,8.391831422591145e-05
2025-10-17 14:32:00,79.4,79.7,79.4,79.7,4000,317900.0,79.79,79.78333333333333,79.95166666666667,0.019712066291361907,0.029618183840579102,-0.009906117549217195
2025-10-17 14:34:00,79.9,80.0,79.9,80.0,4000,319700.0,79.8,79.78333333333333,79.94583333333334,0.0336517993138159,0.030424906935226464,0.003226892378589436
2025-10-17 14:47:00,79.6,79.6,79.6,79.6,50000,3980000.0,79.80499999999999,79.77666666666667,79.94,0.012280914367721607,0.026796108421725494,-0.014515194054003887
2025-10-17 14:48:00,79.9,79.9,79.9,79.9,50000,3995000.0,79.8,79.77,79.93541666666667,0.019329014032550162,0.025302689543890432,-0.00597367551134027
2025-10-17 14:49:00,79.7,80.0,79.7,80.0,2000,159700.0,79.83500000000001,79.77,79.93125,0.03260796375248276,0.026763744385608898,0.005844219366873862
2025-10-17 14:50:00,80.1,80.1,80.1,80.1,1000,80100.0,79.865,79.76666666666667,79.92875,0.05061730653872587,0.0315344568162323,0.01908284972249357
2025-10-17 14:58:00,79.4,80.2,79.4,80.2,2000,159600.0,79.875,79.77833333333334,79.92541666666666,0.07212756306311974,0.03965307806560979,0.03247448499750995
2025-10-20 09:01:00,80.2,80.3,79.9,79.9,7000,560600.0,79.905,79.77999999999999,79.91958333333332,0.0642267376840806,0.04456780998930396,0.019658927694776646
2025-10-20 09:02:00,80.2,80.2,80.2,80.2,1500,120300.0,79.91499999999999,79.78166666666668,79.91708333333332,0.08123632762719524,0.05190151351688222,0.029334814110313016
2025-10-20 09:05:00,80.0,80.0,80.0,80.0,3000,240000.0,79.91499999999999,79.79,79.91416666666666,0.07768274336463321,0.05705775948643242,0.02062498387820079
2025-10-20 09:15:00,80.3,80.3,80.3,80.3,1000,80300.0,79.92999999999999,79.795,79.91208333333333,0.09794494665334241,0.06523519691981443,0.032709749733527985
2025-10-20 09:28:00,80.3,80.3,80.3,80.3,1000,80300.0,79.95,79.8,79.91041666666666,0.11270371052165729,0.074728899640183,0.03797481088147428
2025-10-20 09:33:00,79.8,79.8,79.8,79.8,3000,239400.0,79.94,79.805,79.90625,0.08309643195102012,0.07640240610235044,0.006694025848669682
2025-10-20 09:35:00,80.1,80.1,80.1,80.1,1000,80100.0,79.945,79.80666666666667,79.90625,0.08288450222244137,0.07769882532636863,0.005185676896072744
2025-10-20 09:36:00,80.1,80.1,80.1,80.1,200,16020.0,79.97,79.81666666666666,79.90333333333334,0.08177390768041448,0.0785138417971778,0.0032600658832366847
2025-10-20 09:40:00,79.3,79.5,79.2,79.5,7000,555000.0,79.94500000000001,79.80999999999999,79.89791666666666,0.03210863950441478,0.0692328013386252,-0.03712416183421041
2025-10-20 09:41:00,80.0,80.0,80.0,80.0,1000,80000.0,79.96,79.80999999999999,79.89458333333333,0.03271723407303284,0.06192968788550672,-0.02921245381247388
2025-10-20 10:12:00,80.0,80.0,80.0,80.0,300,24000.0,79.96,79.81833333333333,79.89416666666668,0.03282120720714943,0.05610799174983527,-0.023286784542685846
2025-10-20 10:13:00,80.0,80.0,79.7,80.0,5000,399100.0,79.98499999999999,79.81833333333333,79.89375,0.03252863678848428,0.05139212075756508,-0.018863483969080802
2025-10-20 10:38:00,79.2,80.0,79.2,80.0,7000,557300.0,79.98499999999999,79.825,79.89333333333335,0.03192871823499388,0.04749944025305085,-0.015570722018056968
2025-10-20 10:39:00,79.3,79.3,79.0,79.0,7000,554500.0,79.95,79.80999999999999,79.88708333333334,-0.04867724323267453,0.02826410355590577,-0.0769413467885803
2025-10-20 10:41:00,80.0,80.0,80.0,80.0,1000,80000.0,79.95,79.80999999999999,79.88666666666667,-0.031503255855696466,0.016310631673585322,-0.047813887529281784
2025-10-20 10:47:00,79.2,80.0,79.2,80.0,8000,634700.0,79.97,79.82333333333332,79.885,-0.01768884117736036,0.009510737103396186,-0.027199578280756545
2025-10-20 10:52:00,79.0,79.3,79.0,79.3,11000,869900.0,79.94,79.81166666666667,79.88208333333334,-0.06250445541880367,-0.00489230140104379,-0.05761215401775988
2025-10-20 10:53:00,79.3,79.3,79.3,79.3,3000,237900.0,79.905,79.80333333333333,79.87708333333333,-0.09690410241232428,-0.023294661603299897,-0.07360944080902437
2025-10-20 10:54:00,80.0,80.0,79.0,79.3,11000,871200.0,79.865,79.805,79.87291666666667,-0.12275107253644535,-0.043185943789928995,-0.07956512874651636
2025-10-20 10:55:00,79.9,80.0,79.9,80.0,4000,319700.0,79.85499999999999,79.80333333333334,79.86958333333332,-0.08576221924298011,-0.05170119888053922,-0.03406102036244089
2025-10-20 11:04:00,79.5,79.5,79.5,79.5,3000,238500.0,79.83500000000001,79.80666666666667,79.86416666666666,-0.09569104108719273,-0.060499167321869926,-0.035191873765322804
2025-10-20 11:05:00,79.9,80.0,79.9,80.0,6000,479500.0,79.825,79.80666666666667,79.86375,-0.06249349647983138,-0.060898033153462226,-0.0015954633263691523
2025-10-20 12:42:00,79.0,79.0,79.0,79.0,5000,395000.0,79.775,79.79,79.85666666666665,-0.11554392738310071,-0.07182721199938993,-0.043716715383710775
2025-10-20 12:48:00,79.3,80.1,79.0,80.1,14000,1112900.0,79.765,79.79666666666667,79.85541666666667,-0.06804162763630472,-0.0710700951267729,0.003028467490468173
2025-10-20 12:50:00,79.2,79.2,79.2,79.2,3000,237600.0,79.71,79.78333333333333,79.85291666666666,-0.10184419475619677,-0.07722491505265767,-0.024619279703539096
2025-10-20 12:52:00,79.9,80.0,79.9,80.0,4000,319700.0,79.72,79.79666666666665,79.85249999999999,-0.06334940609222883,-0.07444981326057191,0.011100407168343082
2025-10-20 13:22:00,79.2,80.0,79.1,80.0,13000,1035400.0,79.715,79.79666666666665,79.85333333333332,-0.032467740830242064,-0.06605339877450594,0.03358565794426388
2025-10-21 09:01:00,80.0,80.1,79.8,79.8,9000,719700.0,79.69999999999999,79.8,79.85083333333334,-0.0238571171539661,-0.057614142450397976,0.033757025296431875
2025-10-21 09:02:00,79.5,79.5,79.5,79.5,3000,238500.0,79.7,79.79833333333333,79.84875000000001,-0.040770649975641504,-0.05424544395544669,0.013474793979805187
2025-10-21 09:03:00,80.0,80.0,80.0,80.0,2000,160000.0,79.7,79.80833333333334,79.84750000000001,-0.013671330676672255,-0.0461306212996918,0.03245929062301955
2025-10-21 09:29:00,79.1,79.3,79.0,79.3,10000,790600.0,79.665,79.80833333333334,79.84333333333333,-0.04812432745751494,-0.04652936253125643,-0.0015949649262585047
2025-10-21 09:30:00,79.3,80.0,79.3,80.0,7000,556100.0,79.665,79.81166666666667,79.84333333333333,-0.018728534878889036,-0.040969197000782956,0.02224066212189392
2025-10-21 09:36:00,79.5,79.5,79.5,79.5,5000,397500.0,79.64000000000001,79.81,79.83999999999999,-0.03537025254658488,-0.03984940810994334,0.004479155563358463
2025-10-21 09:37:00,79.9,80.0,79.9,80.0,6000,479500.0,79.69000000000001,79.81,79.83999999999999,-0.00811951564752178,-0.03350342961745903,0.02538391396993725
2025-10-21 09:42:00,79.3,79.3,79.3,79.3,1000,79300.0,79.655,79.80166666666668,79.83708333333333,-0.042517148952853745,-0.035306173484537975,-0.0072109754683157695
2025-10-21 09:43:00,80.0,80.0,80.0,80.0,1000,80000.0,79.655,79.81,79.83874999999999,-0.013141879902008213,-0.030873314768032022,0.01773143486602381
2025-10-21 10:10:00,79.2,79.5,78.7,78.7,72000,5673300.0,79.625,79.78833333333334,79.83333333333333,-0.09368100665814438,-0.043434853146054504,-0.05024615351208988
2025-10-21 10:13:00,78.1,78.4,78.1,78.4,13000,1016800.0,79.58,79.77333333333333,79.82708333333332,-0.1796454962060352,-0.07067698175805065,-0.10896851444798455
2025-10-21 10:14:00,79.8,79.8,79.8,79.8,1000,79800.0,79.60499999999999,79.77833333333334,79.82625,-0.13326843820274803,-0.08319527304699013,-0.050073165155757896
2025-10-21 10:21:00,79.0,79.0,79.0,79.0,10000,790000.0,79.55499999999999,79.76166666666667,79.82083333333334,-0.15923207152549423,-0.09840263274269097,-0.060829438782803266
2025-10-21 10:25:00,79.0,79.0,79.0,79.0,40000,3160000.0,79.53,79.75666666666666,79.81666666666666,-0.17775933898319352,-0.11427397399079149,-0.06348536499240202
2025-10-21 10:26:00,79.8,79.8,79.8,79.8,1000,79800.0,79.52000000000001,79.75333333333333,79.815,-0.12643159309982366,-0.11670549781259794,-0.00972609528722572
2025-10-21 10:28:00,78.7,78.7,78.7,78.7,50000,3935000.0,79.505,79.73166666666665,79.81041666666667,-0.172526019053322,-0.12786960206074277,-0.04465641699257922
2025-10-21 10:30:00,79.8,79.8,79.0,79.0,51000,4029800.0,79.45,79.71499999999999,79.81041666666667,-0.1827421531302349,-0.1388441122746412,-0.043898040855593706
2025-10-21 10:31:00,79.9,79.9,79.9,79.9,1000,79900.0,79.485,79.715,79.81124999999999,-0.11686884332574721,-0.1344490584848624,0.017580215159115203
2025-10-21 10:35:00,78.7,79.0,78.7,79.0,29000,2282900.0,79.435,79.69833333333334,79.80666666666666,-0.13572173344103078,-0.1347035934760961,-0.001018139964934689
2025-10-21 10:38:00,79.9,79.9,79.9,79.9,1000,79900.0,79.43,79.69666666666667,79.80583333333334,-0.07715095807904504,-0.12319306639668588,0.04604210831764084
2025-10-21 10:41:00,79.0,80.1,79.0,80.1,30000,2375000.0,79.44500000000001,79.705,79.80666666666666,-0.014428544811636357,-0.10144016207967597,0.08701161726803962
2025-10-21 11:11:00,79.0,80.1,79.0,80.1,17000,1346500.0,79.475,79.70666666666666,79.80749999999999,0.03487737492565657,-0.07417665467860947,0.10905402960426604
2025-10-21 11:12:00,80.0,80.3,80.0,80.3,6000,480500.0,79.49000000000001,79.71666666666667,79.80958333333334,0.08906432201412429,-0.04152845934006271,0.130592781354187
2025-10-21 11:13:00,80.9,80.9,80.9,80.9,1000,80900.0,79.57,79.73166666666665,79.81291666666667,0.17836675267301416,0.002450583062552676,0.1759161696104615
2025-10-21 11:32:00,79.8,80.8,79.8,80.8,3000,240400.0,79.60999999999999,79.75333333333333,79.81541666666666,0.23832316697644274,0.04962509984533071,0.18869806713111203
2025-10-21 11:39:00,79.2,79.2,79.2,79.2,4000,316800.0,79.595,79.74,79.81124999999999,0.15494630448509383,0.07068934077328334,0.08425696371181049
2025-10-21 11:40:00,80.8,80.8,80.8,80.8,1000,80800.0,79.63499999999999,79.75833333333334,79.81666666666666,0.21549210960458254,0.09964989453954319,0.11584221506503935
2025-10-21 11:47:00,79.2,79.5,79.2,79.5,10000,793500.0,79.645,79.75,79.81375,0.15676882746623733,0.11107368112488203,0.0456951463413553
2025-10-21 11:48:00,80.8,80.8,80.8,80.8,1000,80800.0,79.685,79.77,79.81875,0.21267772234398308,0.13139448936870227,0.08128323297528081
2025-10-21 11:59:00,79.3,79.3,79.3,79.3,3000,237900.0,79.715,79.76,79.81541666666666,0.13439919015597468,0.13199542952615675,0.002403760629817925
2025-10-21 12:00:00,80.5,80.5,80.5,80.5,1000,80500.0,79.82000000000001,79.76833333333335,79.81750000000001,0.16726473684448706,0.13904929098982283,0.028215445854664234
2025-10-21 12:02:00,79.3,79.3,79.3,79.3,1000,79300.0,79.795,79.75500000000001,79.81625,0.09538145021193145,0.13031572283424456,-0.034934272622313106
2025-10-21 12:03:00,80.5,80.5,80.5,80.5,1000,80500.0,79.87,79.76,79.82,0.1337021635315807,0.1309930109737118,0.00270915255786891
2025-10-21 12:13:00,79.3,79.6,79.3,79.6,6000,476700.0,79.9,79.75500000000001,79.82,0.09040697124888197,0.12287580302874583,-0.03246883177986386
2025-10-21 12:16:00,80.5,80.5,80.5,80.5,1000,80500.0,79.93499999999999,79.75999999999999,79.8225,0.1272508294746899,0.12375080831793465,0.0035000211567552536
2025-10-21 12:32:00,79.3,79.3,79.3,79.3,2000,158600.0,79.965,79.74833333333332,79.81833333333334,0.058940452535082954,0.11078873716136432,-0.05184828462628137
2025-10-21 12:33:00,80.5,80.5,80.5,80.5,1000,80500.0,80.04,79.75166666666668,79.81916666666666,0.10047573610053462,0.10872613694919839,-0.00825040084866377
2025-10-21 12:45:00,79.6,79.6,79.6,79.6,1000,79600.0,80.025,79.74000000000001,79.81625,0.060077730505355476,0.0989964556604298,-0.03891872515507433
2025-10-21 12:46:00,80.3,80.3,80.3,80.3,1000,80300.0,80.09,79.74833333333332,79.81874999999998,0.0835826807598039,0.09591370068030464,-0.01233101992050073
2025-10-21 12:48:00,79.4,79.4,79.4,79.4,5000,397000.0,80.065,79.73666666666666,79.81541666666666,0.02925085909863867,0.08258113236397145,-0.05333027326533278
2025-10-21 12:50:00,80.0,80.0,80.0,80.0,1000,80000.0,80.06,79.735,79.81333333333333,0.03421309729462507,0.07290752535010218,-0.03869442805547711
2025-10-21 12:56:00,79.3,80.0,79.3,80.0,3000,238600.0,80.055,79.74333333333334,79.81208333333332,0.0377109979063448,0.0658682198613507,-0.028157221955005904
2025-10-21 13:06:00,79.3,79.3,79.3,79.3,1000,79300.0,80.005,79.73166666666667,79.80791666666666,-0.015818692473715146,0.049530837394337536,-0.06534952986805267
2025-10-21 13:08:00,79.7,80.0,79.5,80.0,8000,638000.0,79.96000000000001,79.73166666666667,79.80666666666666,-0.001737182743298149,0.0392772333668104,-0.04101441611010855
2025-10-21 14:03:00,79.4,79.4,79.4,79.4,3000,238200.0,79.89000000000001,79.72166666666666,79.80291666666668,-0.038548111783654804,0.02371216433671736,-0.06226027612037216
2025-10-21 14:16:00,80.0,80.0,80.0,80.0,1000,80000.0,79.93,79.72166666666666,79.80416666666666,-0.019086040669577642,0.01515252333545836,-0.034238564005036
2025-10-22 09:01:00,80.0,80.2,79.7,79.7,8000,640000.0,79.875,79.73333333333333,79.80166666666668,-0.027552098450073004,0.006611598978352086,-0.03416369742842509
2025-10-22 09:02:00,79.7,80.0,79.7,80.0,2000,159700.0,79.9,79.73333333333333,79.80166666666668,-0.009939441743043176,0.0033013908340730324,-0.013240832577116208
2025-10-22 09:07:00,79.1,79.1,79.1,79.1,1000,79100.0,79.815,79.71833333333333,79.79666666666667,-0.0678219535339224,-0.01092327803952606,-0.05689867549439634
2025-10-22 09:08:00,80.0,80.0,80.0,80.0,1000,80000.0,79.85,79.73,79.79583333333333,-0.04060372825857428,-0.016859368083335706,-0.023744360175238573
2025-10-22 09:14:00,79.1,79.1,79.1,79.1,3000,237300.0,79.78,79.72666666666666,79.79374999999999,-0.0906110591310636,-0.03160970629288129,-0.05900135283818231
2025-10-22 09:16:00,80.1,80.1,80.1,80.1,1000,80100.0,79.82000000000001,79.74,79.79333333333334,-0.04898590743138698,-0.03508494652058243,-0.013900960910804547
2025-10-22 09:27:00,79.1,79.1,79.1,79.1,1000,79100.0,79.75,79.725,79.79124999999999,-0.09558744490392712,-0.047185446197251374,-0.04840199870667575
2025-10-22 09:29:00,80.0,80.0,80.0,80.0,1000,80000.0,79.77000000000001,79.73333333333333,79.79041666666666,-0.05921443358009526,-0.04959124367382016,-0.0096231899062751
2025-10-22 09:32:00,79.1,79.1,79.1,79.1,6000,474600.0,79.7,79.71833333333332,79.78708333333334,-0.1018371234707729,-0.06004041963321072,-0.04179670383756218
2025-10-22 09:39:00,80.0,80.0,80.0,80.0,1000,80000.0,79.73499999999999,79.73499999999999,79.79125,-0.06227556001221046,-0.060487447709010676,-0.0017881123031997861
2025-10-22 09:45:00,79.1,79.1,79.1,79.1,2000,158200.0,79.66499999999999,79.71833333333333,79.7875,-0.1023652118892926,-0.06886300054506707,-0.03350221134422553
2025-10-22 09:46:00,80.0,80.0,80.0,80.0,1000,80000.0,79.685,79.73166666666667,79.79166666666667,-0.06081305638683432,-0.06725301171342052,0.0064399553265862
2025-10-22 09:52:00,79.1,79.1,79.1,79.1,1000,79100.0,79.625,79.71666666666667,79.79083333333332,-0.09935979431070052,-0.07367436823287653,-0.025685426077823995
2025-10-22 09:57:00,79.1,80.0,79.1,80.0,7000,557000.0,79.655,79.71666666666667,79.79124999999999,-0.05663305286290665,-0.07026610515888256,0.013633052295975903
2025-10-22 10:05:00,79.0,79.0,78.7,78.7,20000,1574900.0,79.59,79.69833333333334,79.78583333333333,-0.1262159984196245,-0.08145608381103095,-0.04475991460859355
2025-10-22 10:06:00,78.7,78.7,78.7,78.7,38000,2990600.0,79.525,79.685,79.7825,-0.17929419224984144,-0.10102370549879307,-0.07827048675104838
2025-10-22 10:07:00,78.7,78.7,78.7,78.7,20000,1574000.0,79.49499999999999,79.66333333333334,79.77791666666667,-0.21883643308834166,-0.1245862510167028,-0.09425018207163886
2025-10-22 10:08:00,78.7,78.7,78.7,78.7,20000,1574000.0,79.42999999999999,79.65333333333334,79.77250000000001,-0.24732295872433951,-0.14913359255823017,-0.09818936616610935
2025-10-22 10:10:00,79.8,79.8,79.8,79.8,1000,79800.0,79.44999999999999,79.65,79.77166666666668,-0.17907367871011104,-0.15512160978860634,-0.0239520689215047
2025-10-22 10:11:00,79.1,79.1,79.0,79.0,77000,6083100.0,79.39999999999999,79.64166666666667,79.76833333333335,-0.1873789587136514,-0.16157307957361536,-0.025805879140036042
2025-10-22 10:13:00,79.8,80.0,79.7,80.0,7000,558700.0,79.41499999999999,79.64166666666667,79.76791666666666,-0.11197849195046672,-0.15165416204898563,0.03967567009851891
2025-10-22 10:23:00,79.1,80.0,79.1,80.0,21000,1663400.0,79.41499999999999,79.65333333333334,79.7675,-0.05162794400835935,-0.13164891844086038,0.08002097443250103
2025-10-22 11:40:00,79.1,79.5,79.1,79.5,6000,475000.0,79.43499999999999,79.645,79.76625,-0.04364243842398707,-0.11404762243748572,0.07040518401349864
2025-10-22 11:44:00,79.9,80.0,79.9,80.0,6000,479500.0,79.43499999999999,79.66666666666667,79.76583333333333,0.0029974014318270292,-0.09063861766362316,0.09363601909545019
2025-10-22 11:52:00,79.5,79.5,79.5,79.5,1000,79500.0,79.455,79.685,79.76333333333334,-0.0003816118028510118,-0.07258721649146874,0.07220560468861772
2025-10-22 11:53:00,80.0,80.0,80.0,80.0,1000,80000.0,79.45,79.68833333333333,79.76416666666667,0.03686140189421394,-0.050697492814332196,0.08755889470854614
2025-10-22 12:06:00,79.5,79.5,79.5,79.5,5000,397500.0,79.47,79.69666666666667,79.76291666666665,0.025734288387440074,-0.03541113657397774,0.06114542496141782
2025-10-22 12:07:00,79.8,80.3,79.8,80.3,6000,479300.0,79.485,79.71833333333333,79.76333333333334,0.08054085998881533,-0.012220737261419123,0.09276159725023445
2025-10-22 12:13:00,79.5,79.5,79.5,79.5,5000,397500.0,79.50500000000001,79.71333333333334,79.76291666666665,0.05874497323787864,0.001972404838440433,0.05677256839943821
2025-10-22 12:14:00,79.8,80.2,79.8,80.2,6000,479200.0,79.515,79.73833333333333,79.76583333333333,0.09683942124512157,0.020945808119776668,0.0758936131253449
2025-10-22 12:28:00,79.1,80.2,79.1,80.2,9000,714200.0,79.57,79.75833333333334,79.7675,0.12558191559558907,0.041873029614939154,0.0837088859806499
2025-10-22 12:38:00,79.7,80.0,79.7,80.0,5000,399100.0,79.57,79.75999999999999,79.76708333333335,0.13071541498017325,0.05964150668798598,0.07107390829218727
2025-10-22 12:41:00,79.8,79.9,79.8,79.9,2000,159700.0,79.61,79.775,79.76791666666666,0.1252705450965408,0.07276731436969695,0.05250323072684383
2025-10-22 12:44:00,80.2,80.2,80.2,80.2,1000,80200.0,79.62,79.78,79.77125,0.1435086607706637,0.08691558364989031,0.0565930771207734
2025-10-22 12:51:00,79.5,79.5,79.5,79.5,2000,159000.0,79.66,79.77,79.77041666666666,0.10032190056354295,0.08959684703262084,0.01072505353092211
2025-10-22 12:52:00,79.2,79.5,79.2,79.2,11000,872700.0,79.68499999999999,79.75500000000001,79.76833333333335,0.04141122632076133,0.07995972289024894,-0.03854849656948761
2025-10-22 12:53:00,79.1,79.1,79.1,79.1,4000,316400.0,79.70500000000001,79.735,79.76583333333333,-0.013192991120959618,0.06132918008800723,-0.07452217120896684
2025-10-22 12:56:00,80.2,80.2,80.2,80.2,1000,80200.0,79.78,79.72333333333334,79.76791666666666,0.03192556206425934,0.055448456483257656,-0.023522894418998318
2025-10-22 14:00:00,79.1,79.1,79.1,79.1,3000,237300.0,79.745,79.695,79.76416666666665,-0.02083825594806399,0.04019111399699332,-0.06102936994505731
2025-10-22 14:14:00,80.0,80.0,80.0,80.0,1000,80000.0,79.795,79.70833333333333,79.76375,0.009854915192690328,0.03412387423613272,-0.024268959043442395
2025-10-23 09:01:00,80.0,80.3,80.0,80.3,6000,480300.0,79.81,79.7,79.76500000000001,0.05772158870531996,0.03884341712997017,0.018878171575349788
2025-10-23 09:02:00,79.7,79.7,79.7,79.7,1000,79700.0,79.795,79.70333333333333,79.76375,0.04670292449208091,0.04041531860239232,0.006287605889688588
2025-10-23 09:03:00,80.3,80.3,80.3,80.3,1000,80300.0,79.83500000000001,79.695,79.76625,0.08540108871828522,0.049412472625570907,0.035988616092714316
2025-10-23 09:05:00,79.7,79.7,79.7,79.7,2000,159400.0,79.82000000000001,79.70166666666665,79.765,0.06688368361096764,0.052906714822650254,0.013976968788317383
2025-10-23 09:07:00,80.3,80.3,79.7,80.3,7000,560300.0,79.86,79.69833333333332,79.76625,0.0994767857791885,0.06222072901395791,0.0372560567652306
2025-10-23 09:08:00,79.7,79.7,79.7,79.7,1000,79700.0,79.845,79.70499999999998,79.765,0.07601580558871035,0.0649797443289084,0.011036061259801944
2025-10-23 09:09:00,80.0,80.0,80.0,80.0,1000,80000.0,79.87,79.69666666666666,79.76375,0.08070004269769981,0.0681238040026667,0.012576238695033118
2025-10-23 09:18:00,79.2,79.2,79.2,79.2,5000,396000.0,79.815,79.69000000000001,79.76041666666667,0.019632706612767947,0.05842558452468694,-0.038792877911918995
2025-10-23 09:20:00,79.9,79.9,79.9,79.9,1000,79900.0,79.835,79.68,79.76291666666665,0.02740464892100647,0.05222139740395085,-0.02481674848294438
2025-10-23 09:22:00,79.9,80.0,79.9,80.0,3000,239800.0,79.825,79.69166666666666,79.76291666666665,0.041158681795891994,0.05000885428233908,-0.008850172486447087
2025-10-23 09:26:00,79.7,79.7,79.7,79.7,4000,318800.0,79.8,79.67833333333333,79.76500000000001,0.027533964740072747,0.04551387637388582,-0.017979911633813073
2025-10-23 09:29:00,79.9,80.0,79.6,79.6,7000,558500.0,79.78,79.67833333333333,79.76208333333332,0.008568343516955679,0.03812476980249979,-0.029556426285544113
2025-10-23 09:31:00,80.0,80.0,80.0,80.0,1000,80000.0,79.785,79.67333333333335,79.765,0.025520425538559266,0.035603900949711685,-0.010083475411152419
2025-10-23 09:59:00,79.7,79.7,79.7,79.7,3000,239100.0,79.75999999999999,79.67833333333333,79.76541666666667,0.014579516290098127,0.031399024017788976,-0.01681950772769085
2025-10-23 10:01:00,80.0,80.0,80.0,80.0,1000,80000.0,79.785,79.67833333333333,79.76833333333335,0.029773054442543412,0.031073830102739862,-0.0013007756601964501
2025-10-23 10:02:00,79.5,80.0,79.2,79.5,12000,952100.0,79.8,79.67,79.76625,0.00145148969652098,0.025149362021496088,-0.023697872324975108
2025-10-23 10:03:00,79.5,80.3,79.5,80.3,5000,398300.0,79.86,79.68666666666667,79.77041666666666,0.0430633521924193,0.028732160055680734,0.014331192136738568
2025-10-23 10:13:00,79.2,79.5,79.2,79.5,8000,634500.0,79.825,79.67833333333333,79.76833333333335,0.011356824493290674,0.025257092943202723,-0.013900268449912049
2025-10-23 10:16:00,79.5,80.2,79.5,80.2,3000,239200.0,79.88,79.69166666666666,79.77208333333333,0.04222656120204249,0.028650986594970677,0.013575574607071813
2025-10-23 10:17:00,79.5,79.5,79.5,79.5,1000,79500.0,79.85499999999999,79.68333333333334,79.77,0.010090582142467497,0.024938905704470042,-0.014848323562002545
2025-10-23 10:18:00,80.0,80.0,80.0,80.0,1000,80000.0,79.84,79.68833333333333,79.77208333333333,0.024683868267956655,0.02488789821716737,-0.0002040299492107149
2025-10-23 10:41:00,79.5,79.5,79.5,79.5,1000,79500.0,79.83,79.68,79.77,-0.004049982981499056,0.019100321977434085,-0.02315030495893314
2025-10-23 10:42:00,79.8,79.8,79.8,79.8,1000,79800.0,79.805,79.69166666666666,79.76916666666666,-0.002584482017610412,0.014763361178425185,-0.0173478431960356
2025-10-23 10:45:00,79.9,79.9,79.9,79.9,5,399.5,79.815,79.69,79.76875,0.00657036326198579,0.013124761595137306,-0.006554398333151516
2025-10-23 10:46:00,79.9,80.0,79.9,80.0,4000,319800.0,79.8,79.705,79.77083333333333,0.02164529488263156,0.014828868252636159,0.006816426629995402
2025-10-23 10:52:00,79.5,79.5,79.5,79.5,3000,238500.0,79.78999999999999,79.695,79.76875,-0.006676571168256373,0.010527780368457652,-0.017204351536714027
2025-10-23 10:53:00,80.2,80.2,80.2,80.2,1000,80200.0,79.8,79.71333333333332,79.77041666666666,0.027050474759619192,0.013832319246689961,0.013218155512929231
2025-10-23 11:17:00,79.5,79.5,79.5,79.5,700,55650.0,79.815,79.70499999999998,79.76833333333333,-0.002673924866797961,0.010531070423992376,-0.013204995290790337
2025-10-23 11:20:00,80.2,80.2,80.2,80.2,1000,80200.0,79.83000000000001,79.72333333333334,79.76916666666666,0.029908655766249126,0.014406587492443728,0.015502068273805398
2025-10-23 11:31:00,79.6,79.6,79.6,79.6,3000,238800.0,79.80999999999999,79.71666666666667,79.76833333333335,0.007232231410213785,0.01297171627599774,-0.0057394848657839545
2025-10-23 11:32:00,80.0,80.0,80.0,80.0,1000,80000.0,79.825,79.73166666666665,79.76833333333335,0.021292215388683644,0.014635816098534923,0.006656399290148721
2025-10-23 13:18:00,80.0,80.0,80.0,80.0,1000,80000.0,79.845,79.73166666666665,79.76833333333335,0.03206522602265238,0.01812169808335842,0.013943527939293963
2025-10-23 13:24:00,79.4,79.4,79.4,79.4,1000,79400.0,79.815,79.73666666666668,79.76583333333333,-0.007723044574916571,0.01295274955170342,-0.02067579412661999
2025-10-23 13:29:00,80.0,80.0,80.0,80.0,1000,80000.0,79.83,79.73666666666668,79.76708333333333,0.009055068712740422,0.012173213383910822,-0.0031181446711704003
2025-10-23 13:37:00,80.0,80.0,80.0,80.0,376,30080.0,79.83,79.75833333333334,79.76833333333333,0.02209712249977258,0.014157995207083177,0.007939127292689405
2025-10-23 13:40:00,79.4,80.0,79.4,80.0,3000,238800.0,79.85499999999999,79.78,79.76833333333333,0.03206343674889922,0.01773908351544639,0.014324353233452831
2025-10-23 14:56:00,79.3,79.3,79.3,79.3,3000,237900.0,79.80499999999999,79.78999999999999,79.76541666666665,-0.016334048517435917,0.010924457108869927,-0.027258505626305843
2025-10-23 15:00:00,79.8,80.3,79.8,80.3,7000,559400.0,79.845,79.81666666666666,79.76666666666667,0.025705916570373688,0.01388074900117068,0.011825167569203009
2025-10-27 09:01:00,80.3,80.3,80.3,80.3,4000,321200.0,79.85,79.825,79.76958333333333,0.0583502662366584,0.022774652448268227,0.03557561378839017
2025-10-27 09:03:00,80.0,80.0,79.7,80.0,10000,799100.0,79.875,79.84166666666667,79.77083333333333,0.05932973943689035,0.030085669845992657,0.029244069590897693
2025-10-27 09:04:00,80.5,80.5,80.5,80.5,1000,80500.0,79.9,79.85,79.77583333333334,0.09930705046913602,0.04392994597062134,0.05537710449851468
2025-10-27 09:07:00,80.0,80.0,80.0,80.0,1000,80000.0,79.925,79.85,79.77624999999999,0.08961056138647905,0.05306606905379288,0.03654449233268617
2025-10-27 09:10:00,80.3,80.3,80.3,80.3,1000,80300.0,79.95,79.86333333333333,79.77791666666667,0.10492401795833928,0.06343765883470218,0.0414863591236371
2025-10-27 09:14:00,79.0,79.0,79.0,79.0,6000,474000.0,79.905,79.84666666666666,79.77375,0.01202232133563541,0.05315459133488882,-0.04113226999925341
2025-10-27 09:15:00,79.0,79.0,79.0,79.0,2000,158000.0,79.855,79.83833333333334,79.76958333333333,-0.06090091472302106,0.030343490123306838,-0.0912444048463279
2025-10-27 09:16:00,80.0,80.0,80.0,80.0,1000,80000.0,79.88000000000001,79.83833333333334,79.76958333333333,-0.037568396937359694,0.016761112711173528,-0.054329509648533225
2025-10-27 09:42:00,79.0,79.0,79.0,79.0,3000,237000.0,79.82000000000001,79.83,79.765,-0.09863188417722313,-0.0063174866665058095,-0.09231439751071732
2025-10-27 09:44:00,79.9,80.0,79.9,80.0,4000,319700.0,79.845,79.825,79.76583333333333,-0.06557755783607888,-0.018169500900420427,-0.04740805693565846
2025-10-27 09:59:00,79.5,79.5,79.5,79.5,2,159.0,79.81,79.825,79.76458333333333,-0.07881901089830023,-0.030299402899996396,-0.048519607998303835
2025-10-27 10:01:00,80.0,80.0,80.0,80.0,1000,80000.0,79.83000000000001,79.82166666666667,79.76458333333333,-0.04840910647811825,-0.03392134361562077,-0.014487762862497477
2025-10-27 10:02:00,79.1,79.1,79.0,79.0,9000,711300.0,79.78,79.80166666666668,79.7625,-0.10380409183007089,-0.0478978932585108,-0.05590619857156009
2025-10-27 10:03:00,79.9,80.0,79.9,80.0,4000,319700.0,79.78,79.80166666666668,79.7625,-0.06624968899379269,-0.05156825240556718,-0.014681436588225509
2025-10-27 10:39:00,79.5,79.5,79.5,79.5,4000,318000.0,79.785,79.795,79.76041666666667,-0.07595778148396448,-0.05644615822124664,-0.01951162326271784
2025-10-27 10:42:00,79.9,80.0,79.9,80.0,6000,479500.0,79.785,79.79166666666667,79.76166666666667,-0.0428121812243063,-0.05371936282185858,0.01090718159755228
2025-10-27 11:08:00,79.4,79.4,79.4,79.4,1000,79400.0,79.755,79.78999999999999,79.75916666666667,-0.06421876585024222,-0.05581924342753531,-0.00839952242270691
2025-10-27 11:10:00,79.9,80.0,79.9,80.0,4000,319700.0,79.755,79.80333333333333,79.76125,-0.032395220860863105,-0.05113443891420087,0.018739218053337767
2025-10-27 11:18:00,79.6,79.6,79.6,79.6,4000,318400.0,79.77000000000001,79.81166666666667,79.75958333333332,-0.039001899620060954,-0.0487079310553729,0.009706031435311943
2025-10-27 11:19:00,79.9,79.9,79.9,79.9,2000,159800.0,79.75,79.80666666666666,79.76125,-0.019801982412914754,-0.04292674132688127,0.023124758913966516
2025-10-27 11:21:00,80.0,80.0,80.0,80.0,1000,80000.0,79.73499999999999,79.82166666666667,79.76208333333334,0.003443559358046855,-0.033652681189895645,0.0370962405479425
2025-10-27 11:25:00,79.5,79.5,79.5,79.5,488,38796.0,79.71,79.81333333333333,79.76,-0.018269404318360216,-0.030576025815588558,0.012306621497228342
2025-10-27 11:28:00,80.0,80.0,80.0,80.0,2000,160000.0,79.68499999999999,79.80833333333334,79.7625,0.004813252679539914,-0.023498170116562862,0.028311422796102777
2025-10-27 11:56:00,79.6,79.6,79.6,79.6,5000,398000.0,79.66499999999999,79.80666666666667,79.76083333333332,-0.009065728335528433,-0.02061168176035598,0.011545953424827546
2025-10-27 11:58:00,79.9,80.3,79.9,80.3,6000,479800.0,79.66499999999999,79.80666666666667,79.76208333333332,0.03600419512372355,-0.009288506383540071,0.04529270150726362
2025-10-27 12:04:00,79.8,79.8,79.8,79.8,3000,239400.0,79.705,79.80833333333334,79.75999999999999,0.031019044613174174,-0.0012269961841972204,0.032246040797371395
2025-10-27 12:05:00,80.2,80.2,80.2,80.2,1000,80200.0,79.765,79.80666666666667,79.76083333333332,0.05866863843409931,0.01075213073946209,0.04791650769463722
2025-10-27 12:27:00,80.2,80.2,80.2,80.2,1,80.2,79.775,79.81500000000001,79.76041666666667,0.07966283714357303,0.02453427202028428,0.055128565123288745
2025-10-27 12:36:00,79.6,79.6,79.6,79.6,2000,159200.0,79.80499999999999,79.80833333333334,79.76083333333332,0.04734019696273606,0.02909545700877464,0.01824473995396142
2025-10-27 12:37:00,80.2,80.2,80.2,80.2,1000,80200.0,79.815,79.825,79.7625,0.06933994956222023,0.03714435551946377,0.03219559404275646
2025-10-27 12:54:00,80.2,80.2,80.2,80.2,900,72180.0,79.85,79.83,79.76291666666665,0.08578602411097336,0.04687268923776569,0.03891333487320767
2025-10-27 13:33:00,79.7,79.7,79.7,79.7,20000,1594000.0,79.835,79.825,79.76375,0.05780746685871918,0.04905964476195639,0.008747822096762788
2025-10-27 13:34:00,79.6,79.6,79.6,79.6,3000,238800.0,79.865,79.82333333333334,79.76208333333332,0.027250962266677448,0.044697908262900606,-0.017446945996223158
2025-10-27 13:37:00,80.0,80.0,80.0,80.0,20000,1600000.0,79.865,79.83,79.76208333333332,0.03490896052343828,0.042740118715008144,-0.007831158191569862
2025-10-28 09:01:00,80.2,80.3,80.2,80.3,4000,320900.0,79.905,79.835,79.76541666666665,0.06444261772718107,0.04708061851744273,0.01736199920973834
2025-10-28 09:20:00,80.0,80.0,80.0,80.0,3000,240000.0,79.905,79.83999999999999,79.76541666666665,0.06291551020616737,0.05024759685518767,0.0126679133509797
2025-10-28 09:37:00,79.5,80.3,79.5,80.3,3000,239300.0,79.95,79.845,79.76875,0.08493369650501847,0.05718481678515384,0.027748879719864637
2025-10-28 09:38:00,79.7,79.7,79.7,79.7,3000,239100.0,79.935,79.84833333333333,79.76791666666666,0.05335325902970567,0.056418505234064206,-0.0030652462043585377
2025-10-28 09:39:00,80.3,80.3,79.7,79.7,38680,3083396.0,79.94,79.83833333333334,79.76666666666667,0.02800273668830755,0.05073535152491288,-0.022732614836605332
2025-10-28 09:40:00,80.3,80.3,80.0,80.0,41000,3280300.0,79.94500000000001,79.84666666666666,79.76875,0.0317537207605767,0.046939025372045654,-0.015185304611468955
2025-10-28 09:41:00,80.3,80.3,80.3,80.3,1000,80300.0,79.96000000000001,79.84833333333333,79.77,0.05826228411336842,0.049203677120310214,0.009058606993058209
2025-10-28 09:43:00,80.3,80.3,80.3,80.3,1000,80300.0,80.0,79.86166666666666,79.77291666666666,0.07836714390128918,0.05503637047650601,0.023330773424783173
2025-10-28 09:44:00,79.7,79.7,79.7,79.7,2000,159400.0,79.985,79.85666666666665,79.77208333333333,0.04536249394708136,0.05310159517062108,-0.00773910122353972
2025-10-28 09:45:00,80.3,80.3,80.0,80.0,1640,131500.0,80.005,79.865,79.77208333333333,0.04291882239954248,0.05106504061640536,-0.008146218216862885
2025-10-28 09:46:00,79.7,79.7,79.7,79.7,2000,159400.0,79.975,79.86333333333333,79.77416666666666,0.016583537598464204,0.044168740012817134,-0.02758520241435293
2025-10-28 09:48:00,80.3,80.3,80.3,80.3,1000,80300.0,80.0,79.86999999999999,79.77541666666666,0.04362474138567052,0.044059940287387814,-0.0004351989017172958
2025-10-28 09:51:00,79.7,79.7,79.7,79.7,1000,79700.0,79.975,79.86500000000001,79.775,0.01645047379577136,0.038538046989064524,-0.022087573193293165
2025-10-28 09:52:00,80.0,80.0,80.0,80.0,1000,80000.0,79.965,79.87333333333335,79.77833333333334,0.018904247350150172,0.03461128706128166,-0.015707039711131486
2025-10-28 10:17:00,80.0,80.0,80.0,80.0,40,3200.0,79.985,79.87000000000002,79.77791666666667,0.02061128648989552,0.03181128694700443,-0.011200000457108908
2025-10-28 10:23:00,80.0,80.3,79.5,80.3,4000,319800.0,79.99,79.88333333333334,79.78208333333332,0.045645447793233984,0.03457811911625034,0.011067328676983644
2025-10-28 10:48:00,79.6,79.7,79.6,79.7,5000,398300.0,79.965,79.875,79.78083333333332,0.016875683027564037,0.03103763189851308,-0.014161948870949043
2025-10-28 10:50:00,80.3,80.3,80.3,80.3,1000,80300.0,79.99499999999999,79.88666666666667,79.78208333333332,0.04200620142451328,0.033231345803713126,0.008774855620800152
2025-10-28 10:55:00,79.6,79.6,79.6,79.6,3000,238800.0,79.99499999999999,79.88000000000001,79.78166666666668,0.005376195024126673,0.027660315647795836,-0.022284120623669162
2025-10-28 11:01:00,80.3,80.3,80.3,80.3,1000,80300.0,80.01,79.885,79.78291666666668,0.03245666072155018,0.02861958466254671,0.0038370760590034705
2025-10-28 11:13:00,80.3,80.3,80.3,80.3,300,24090.0,80.01,79.9,79.7875,0.05330367332526009,0.03355640239508939,0.0197472709301707
2025-10-28 11:14:00,80.3,80.3,80.3,80.3,1000,80300.0,80.025,79.90499999999999,79.78875,0.0690293535894142,0.04065099263395436,0.02837836095545984
2025-10-28 12:20:00,79.4,79.4,79.4,79.4,5000,397000.0,79.98,79.895,79.78791666666666,0.008768512160045816,0.03427449653917265,-0.025505984379126836
2025-10-28 12:21:00,80.2,80.2,80.2,80.2,1000,80200.0,80.005,79.89833333333333,79.79041666666667,0.025273339961401575,0.03247426522361844,-0.007200925262216863
2025-10-28 12:33:00,79.7,79.7,79.7,79.7,20000,1594000.0,80.005,79.905,79.79166666666667,-0.001969582302052686,0.025585495718484213,-0.0275550780205369
2025-10-28 12:37:00,80.0,80.0,80.0,80.0,5000,400000.0,80.005,79.9,79.79458333333334,0.0006403171474147484,0.02059646000427032,-0.019956142856855572
2025-10-28 12:38:00,80.0,80.0,80.0,80.0,15000,1200000.0,79.99,79.895,79.79541666666667,0.0026778131018687645,0.01701273062379001,-0.014334917521921245
2025-10-28 12:50:00,80.2,80.2,80.2,80.2,1000,80200.0,79.985,79.89833333333333,79.79791666666667,0.020198041406899847,0.01764979278041198,0.002548248626487868
2025-10-28 13:13:00,79.3,79.3,79.3,79.3,1000,79300.0,79.965,79.87833333333333,79.79500000000002,-0.038100332900057765,0.006499767644318029,-0.04460010054437579
2025-10-28 13:14:00,80.2,80.2,80.2,80.2,1000,80200.0,79.975,79.88166666666666,79.79666666666665,-0.011546633762790748,0.0028904873628962727,-0.01443712112568702
2025-10-28 14:56:00,79.3,79.3,79.3,79.3,1000,79300.0,79.955,79.865,79.79583333333333,-0.06240573975195218,-0.010168758060073424,-0.05223698169187876
2025-10-28 14:58:00,80.2,80.2,80.2,80.2,1000,80200.0,79.95,79.88499999999999,79.79666666666665,-0.0297465693474237,-0.014084320317543482,-0.01566224902988022
2025-10-29 09:01:00,80.2,80.3,79.7,80.0,10000,800000.0,79.965,79.90166666666666,79.79958333333333,-0.019774323938207772,-0.015222321041676343,-0.004552002896531428
2025-10-29 09:21:00,79.5,79.8,79.5,79.8,6000,477900.0,79.955,79.89833333333333,79.80083333333333,-0.027690378686685335,-0.017715932570678144,-0.009974446116007191
2025-10-29 09:23:00,80.1,80.1,80.1,80.1,1000,80100.0,79.96000000000001,79.91666666666667,79.80125,-0.009645232080089272,-0.01610179247256037,0.006456560392471097
2025-10-29 09:33:00,79.4,80.1,79.4,80.1,9000,716200.0,79.95,79.91833333333332,79.80458333333333,0.004602620470151919,-0.011960909884017911,0.016563530354169832
2025-10-29 09:41:00,79.8,79.8,79.8,79.8,3000,239400.0,79.955,79.92333333333333,79.80375000000001,-0.008218607537145317,-0.011212449414643394,0.0029938418774980765
2025-10-29 09:43:00,80.2,80.2,80.2,80.2,1000,80200.0,79.95,79.92666666666666,79.80458333333333,0.01373876205869351,-0.006222207119976012,0.019960969178669522
2025-10-29 10:09:00,79.8,79.8,79.5,79.5,1100,87480.0,79.94500000000001,79.93499999999999,79.8025,-0.025055193523584762,-0.009988804400697764,-0.015066389122886999
2025-10-29 10:13:00,80.2,80.2,80.2,80.2,1000,80200.0,79.94,79.93833333333333,79.80375,0.0006766668438586976,-0.00785571015178647,0.008532376995645168
2025-10-29 10:53:00,79.5,79.5,79.5,79.5,35000,2782500.0,79.9,79.93833333333333,79.80166666666666,-0.03501121083799319,-0.013286810289027817,-0.02172440054896537
2025-10-29 10:54:00,79.5,79.5,79.5,79.5,35000,2782500.0,79.86,79.93,79.79958333333333,-0.0625728106076906,-0.023144010352760376,-0.03942880025493022
2025-10-29 10:55:00,80.2,80.2,80.0,80.0,4000,320200.0,79.89,79.94000000000001,79.80125,-0.04356753623228826,-0.02722871552866596,-0.016338820703622303
2025-10-29 10:59:00,79.5,79.5,79.4,79.4,14000,1112600.0,79.85,79.93,79.79875,-0.0760441157246845,-0.036991795567869676,-0.039052320156814826
2025-10-29 11:00:00,80.2,80.2,80.2,80.2,1000,80200.0,79.875,79.94,79.80083333333333,-0.036804465860072355,-0.03695432962631021,0.00014986376623785796
2025-10-29 11:03:00,79.8,79.8,79.8,79.8,80000,6384000.0,79.865,79.93833333333333,79.8,-0.03755055823552311,-0.037073575348152796,-0.0004769828873703169
2025-10-29 11:04:00,80.2,80.2,80.2,80.2,1000,80200.0,79.875,79.94166666666666,79.80291666666668,-0.005798345045519682,-0.030818529287626174,0.025020184242106492
2025-10-29 12:15:00,80.2,80.2,80.2,80.2,1000,80200.0,79.875,79.95333333333333,79.80375,0.019144823066838512,-0.020825858816733236,0.03997068188357175
2025-10-29 12:56:00,79.7,79.7,79.7,79.7,1000,79700.0,79.89500000000001,79.94833333333334,79.80375,-0.0014170232618511136,-0.016944091705756812,0.015527068443905698
2025-10-29 12:57:00,80.2,80.2,80.2,80.2,1000,80200.0,79.89500000000001,79.95833333333333,79.80458333333333,0.022375456375328895,-0.00908018208953967,0.03145563846486857
2025-10-29 14:25:00,79.7,79.7,79.7,79.7,3000,239100.0,79.915,79.94833333333332,79.805,0.0008752571580430413,-0.007089094240023128,0.007964351398066168
2025-10-29 14:33:00,80.2,80.2,80.2,80.2,1000,80200.0,79.91499999999999,79.955,79.80625,0.023906437176862028,-0.0008899879566460952,0.02479642513350812
2025-10-30 09:02:00,80.2,80.2,80.2,80.2,1000,80200.0,79.925,79.95499999999998,79.80708333333332,0.04167837095597804,0.007623683825878734,0.034054687130099306
2025-10-30 09:16:00,79.6,79.6,79.6,79.6,3000,238800.0,79.915,79.945,79.805,0.0072640356438284925,0.007551754189468687,-0.00028771854564019466
2025-10-30 09:17:00,79.5,79.5,79.5,79.5,1000,79500.0,79.88499999999999,79.94333333333334,79.80208333333333,-0.027758751687841254,0.0004896530140066971,-0.028248404701847953
2025-10-30 09:19:00,79.4,79.8,79.4,79.8,2000,159200.0,79.87,79.93666666666667,79.80166666666668,-0.030950294449823446,-0.005798336478759334,-0.025151957971064114
2025-10-30 09:20:00,79.8,79.8,79.8,79.8,1000,79800.0,79.87,79.93,79.8,-0.033098081007508995,-0.011258285384509268,-0.021839795622999727
2025-10-30 09:22:00,79.9,80.1,79.5,80.1,13000,1038000.0,79.865,79.93666666666667,79.80041666666668,-0.010472009723557107,-0.011101030252318837,0.0006290205287617298
2025-10-30 09:29:00,80.2,80.2,80.2,80.2,1000,80200.0,79.9,79.94666666666666,79.8,0.015351516321970848,-0.005810520937460899,0.02116203725943175
2025-10-30 09:30:00,79.6,80.2,79.6,80.2,2000,159800.0,79.9,79.95,79.79958333333333,0.035408677567644986,0.00243331876356028,0.032975358804084705
2025-10-30 09:38:00,79.7,80.1,79.7,80.1,4000,319200.0,79.92999999999999,79.94666666666667,79.80083333333333,0.04274225201859849,0.010495105414567926,0.032247146604030566
2025-10-30 09:39:00,79.8,79.8,79.8,79.8,2000,159600.0,79.945,79.94333333333334,79.79958333333335,0.024069214884534063,0.013209927308561156,0.010859287575972907
2025-10-30 09:40:00,79.6,80.1,79.6,80.1,5000,399000.0,79.95,79.94000000000001,79.79958333333333,0.0330966733705651,0.01718727652096195,0.01590939684960315
2025-10-30 09:55:00,79.5,79.5,79.5,79.5,3000,238500.0,79.95500000000001,79.93666666666668,79.79958333333333,-0.008070949449461295,0.0121356313268773,-0.020206580776338596
2025-10-30 09:57:00,80.0,80.0,80.0,80.0,1000,80000.0,79.94500000000001,79.94166666666666,79.79958333333333,-0.00034676847427306257,0.009639151366647229,-0.009985919840920291
2025-10-30 10:00:00,80.0,80.0,80.0,80.0,1000,80000.0,79.95500000000001,79.94166666666666,79.79958333333333,0.005708892044452796,0.008853099502208342,-0.0031442074577555466
2025-10-30 10:05:00,79.8,80.0,79.8,80.0,5000,399200.0,79.94500000000001,79.93666666666668,79.79958333333333,0.010388296815037279,0.00916013896477413,0.0012281578502631486
2025-10-30 10:16:00,79.6,79.9,79.4,79.7,13000,1035100.0,79.92,79.92666666666668,79.79833333333333,-0.00999551194665571,0.005329008782488162,-0.015324520729143871
2025-10-30 10:23:00,79.9,80.0,79.9,80.0,6000,479500.0,79.935,79.93166666666667,79.8025,-0.0019201995867632604,0.003879167108637877,-0.005799366695401138
2025-10-30 10:39:00,80.2,80.2,80.2,80.2,1000,80200.0,79.93499999999999,79.935,79.80333333333333,0.020382910662007703,0.0071799158193118435,0.01320299484269586
2025-10-30 11:37:00,79.6,80.1,79.6,79.9,5000,399400.0,79.94500000000001,79.93833333333332,79.80291666666666,0.0136929496242999,0.008482522580309456,0.005210427043990443
2025-10-30 11:43:00,79.6,79.6,79.6,79.6,1000,79600.0,79.91499999999999,79.92666666666668,79.80416666666666,-0.015636141782735535,0.003658789707700457,-0.01929493149043599
2025-10-30 11:44:00,79.6,79.6,79.6,79.6,1000,79600.0,79.885,79.925,79.80541666666666,-0.03843658500154845,-0.004760285234149328,-0.03367629976739912
2025-10-30 11:45:00,80.0,80.0,80.0,80.0,1000,80000.0,79.905,79.925,79.80833333333334,-0.023953324446452484,-0.008598893076609961,-0.015354431369842523
2025-10-30 12:25:00,79.6,79.6,79.6,79.6,1000,79600.0,79.91,79.91833333333332,79.80666666666667,-0.04424190008624862,-0.015727494478537697,-0.028514405607710923
2025-10-30 12:26:00,80.0,80.0,80.0,80.0,1000,80000.0,79.91999999999999,79.91333333333334,79.80875,-0.027724494674842504,-0.01812689451779866,-0.009597600157043844
2025-10-30 12:31:00,79.6,79.6,79.6,79.6,2000,159200.0,79.91,79.91166666666666,79.80708333333334,-0.046376390780707766,-0.023776793770380483,-0.022599597010327283
2025-10-30 12:32:00,80.0,80.0,80.0,80.0,1000,80000.0,79.905,79.90666666666668,79.81125,-0.02855236190889343,-0.024731907398083074,-0.0038204545108103567
2025-10-30 12:46:00,79.8,79.8,79.8,79.8,1000,79800.0,79.885,79.91000000000001,79.80999999999999,-0.030216699836557837,-0.025828865885778027,-0.00438783395077981
2025-10-30 12:56:00,79.5,79.5,79.5,79.5,2000,159000.0,79.85,79.89666666666668,79.81125,-0.055107942374363006,-0.03168468118349503,-0.023423261190867975
2025-10-30 12:58:00,80.0,80.0,80.0,80.0,1000,80000.0,79.845,79.89166666666667,79.81125,-0.03409557749799319,-0.03216686044639466,-0.0019287170515985275
2025-10-30 13:03:00,80.0,80.0,79.6,79.6,3000,239200.0,79.83500000000001,79.88000000000001,79.80958333333335,-0.04915317678292297,-0.035564123713700324,-0.013589053069222645
2025-10-30 13:04:00,80.1,80.1,80.1,80.1,1000,80100.0,79.835,79.89166666666667,79.81083333333332,-0.02050425113112908,-0.032552149197186075,0.012047898066056995
2025-10-30 14:14:00,80.1,80.1,80.1,80.1,1000,80100.0,79.865,79.89,79.81333333333332,0.002175155019173758,-0.025606688353914105,0.027781843373087863
2025-10-30 14:25:00,80.1,80.1,80.1,80.1,684,54788.4,79.86999999999999,79.89666666666668,79.81375,0.01991913243018928,-0.01650152419709343,0.03642065662728271
2025-10-31 09:01:00,80.1,80.3,79.8,79.8,6100,488180.0,79.85999999999999,79.89333333333335,79.81583333333333,0.009662486442451268,-0.01126872206918449,0.020931208511635758
2025-10-31 09:07:00,79.2,80.0,79.2,80.0,10000,797600.0,79.85999999999999,79.89333333333335,79.81583333333333,0.01747095484017791,-0.005520786687312009,0.02299174152748992
2025-10-31 09:13:00,79.8,79.8,79.8,79.8,2000,159600.0,79.865,79.88666666666668,79.81708333333333,0.00743518558097378,-0.002929592233654851,0.01036477781462863
2025-10-31 09:19:00,80.1,80.1,79.7,80.0,7000,559200.0,79.865,79.89833333333334,79.81708333333333,0.015442087892637346,0.0007447437916035894,0.014697344101033757
2025-10-31 09:39:00,80.0,80.0,80.0,80.0,2000,160000.0,79.855,79.89500000000001,79.82,0.021539323744889316,0.0049036597822607365,0.01663566396262858
2025-10-31 09:52:00,80.3,80.3,80.3,80.3,1000,80300.0,79.875,79.91166666666666,79.82124999999999,0.05000252193401877,0.013923432212612349,0.03607908972140642
2025-10-31 10:17:00,79.5,80.3,79.5,80.3,1100,88250.0,79.91,79.91333333333334,79.82791666666667,0.07173291912569368,0.02548532959522862,0.046247589530465066
2025-10-31 10:53:00,79.5,79.5,79.5,79.5,3000,238500.0,79.905,79.905,79.83250000000001,0.024123026109180046,0.025212868898018905,-0.0010898427888388594
2025-10-31 10:54:00,80.3,80.3,80.3,80.3,1000,80300.0,79.91999999999999,79.91333333333334,79.83458333333333,0.05036458541408706,0.03024321220123254,0.02012137321285452
2025-10-31 11:21:00,80.3,80.3,80.3,80.3,2000,160600.0,79.955,79.91666666666667,79.83999999999999,0.07035025626079516,0.03826462101314507,0.032085635247650096
2025-10-31 11:31:00,79.6,79.6,79.6,79.6,1000,79600.0,79.935,79.90833333333333,79.84249999999999,0.029366377223198015,0.03648497225515566,-0.007118595031957643
2025-10-31 11:32:00,80.2,80.2,79.8,79.8,9100,728180.0,79.945,79.90833333333333,79.8425,0.012876256869247982,0.031763229177974125,-0.018886972308726144
2025-10-31 11:33:00,79.5,79.5,79.5,79.5,2000,159000.0,79.91999999999999,79.89666666666668,79.84583333333333,-0.024121714996311994,0.0205862403431169,-0.044707955339428895
2025-10-31 11:35:00,80.1,80.1,80.1,80.1,1000,80100.0,79.93499999999999,79.90666666666668,79.85041666666666,-0.004970590788460072,0.015474874116801507,-0.020445464905261578
2025-10-31 11:36:00,79.6,80.2,79.6,80.2,2000,159800.0,79.97,79.90666666666667,79.85166666666667,0.018067704141216723,0.015993440121684552,0.0020742640195321703
2025-10-31 11:38:00,80.2,80.2,80.2,80.2,2000,160400.0,79.97999999999999,79.91833333333332,79.85666666666667,0.035911750548905275,0.0199771022071287,0.015934648341776575
2025-10-31 11:51:00,80.1,80.1,80.1,80.1,4000,320400.0,80.005,79.92833333333333,79.8575,0.04150567009281758,0.024282815784266477,0.017222854308551104
2025-10-31 11:58:00,79.8,79.8,79.8,79.8,1000,79800.0,79.99000000000001,79.925,79.85625,0.021483747569192246,0.023723002141251635,-0.002239254572059389
2025-10-31 11:59:00,80.2,80.2,79.9,79.9,2000,160100.0,79.97999999999999,79.93333333333334,79.85541666666667,0.013529435078368124,0.021684288728674936,-0.008154853650306812
2025-10-31 12:01:00,80.2,80.2,80.2,80.2,1000,80200.0,79.985,79.93333333333334,79.855,0.03107486620291411,0.023562404223522772,0.007512461979391337
2025-10-31 12:07:00,79.9,79.9,79.9,79.9,2000,159800.0,79.99000000000001,79.935,79.85083333333334,0.020535533138613005,0.02295703000654082,-0.002421496867927815
2025-10-31 12:11:00,80.2,80.2,80.2,80.2,1000,80200.0,80.0,79.935,79.84833333333333,0.03597582167071778,0.025560788339376216,0.010415033331341562
2025-10-31 12:27:00,79.7,80.2,79.7,80.2,5000,399000.0,80.02,79.935,79.8525,0.04766293295176638,0.029981217261854255,0.017681715689912125
2025-10-31 12:28:00,79.7,80.0,79.7,80.0,6000,479700.0,80.02,79.94,79.84916666666666,0.040321918337738794,0.032049357477031165,0.008272560860707628
2025-10-31 12:33:00,80.3,80.3,80.3,80.3,1000,80300.0,80.035,79.94166666666666,79.85249999999999,0.05804252605224747,0.03724799119207443,0.02079453486017304
2025-10-31 14:02:00,79.7,80.0,79.7,80.0,13000,1037600.0,80.02,79.94666666666667,79.84916666666666,0.04733311584509181,0.03926501612267791,0.008068099722413902
2025-10-31 14:58:00,80.3,80.3,80.3,80.3,1000,80300.0,80.02000000000001,79.94833333333334,79.85333333333332,0.06233476749649469,0.04387896639744127,0.01845580109905342
2025-10-31 15:00:00,80.3,80.3,80.3,80.3,1000,80300.0,80.06,79.95,79.85249999999999,0.07337783055676539,0.049778739229306104,0.023599091327459285
2025-11-03 09:01:00,80.3,80.3,80.0,80.0,7000,561800.0,80.045,79.95666666666666,79.85541666666667,0.05726196451502119,0.05127538428644913,0.005986580228572062
2025-11-03 09:04:00,80.0,80.0,80.0,80.0,2000,160000.0,80.03,79.96499999999999,79.85333333333332,0.04398301574140362,0.04981691057744003,-0.005833894836036413
2025-11-03 09:09:00,79.8,80.0,79.7,80.0,9000,718500.0,80.05,79.96833333333332,79.85499999999999,0.03307804999863606,0.046469138461679244,-0.013391088463043183
2025-11-03 09:21:00,79.7,79.7,79.7,79.7,1000,79700.0,80.045,79.96666666666667,79.85166666666666,0.0002256916531848674,0.037220449099980374,-0.036994757446795506
2025-11-03 09:22:00,80.3,80.3,80.3,80.3,1000,80300.0,80.08500000000001,79.97,79.85583333333332,0.022347340338029653,0.034245827347590234,-0.01189848700956058
2025-11-03 09:31:00,80.3,80.3,80.3,80.3,1000,80300.0,80.095,79.97166666666666,79.855,0.039424445828018406,0.03528155104367587,0.0041428947843425365
2025-11-03 09:32:00,80.0,80.0,80.0,80.0,2000,160000.0,80.08500000000001,79.96833333333332,79.85666666666667,0.028423039065714306,0.03390984864808356,-0.005486809582369252
2025-11-03 09:56:00,80.2,80.2,80.2,80.2,1000,80200.0,80.08500000000001,79.97,79.85625,0.03543420996059865,0.034214720910586575,0.001219489050012075
2025-11-03 10:26:00,79.7,79.7,79.7,79.7,1000,79700.0,80.06500000000001,79.96833333333333,79.8575,0.000637444023993794,0.02749926553326802,-0.026861821509274224
2025-11-03 10:30:00,80.2,80.2,80.2,80.2,1000,80200.0,80.085,79.97,79.85833333333333,0.013253796136083906,0.024650171653831196,-0.01139637551774729
2025-11-03 11:28:00,79.6,79.6,79.6,79.6,3000,238800.0,80.07000000000001,79.97166666666665,79.85666666666665,-0.02487588578337352,0.014744960166390252,-0.03962084594976377
2025-11-03 11:29:00,80.2,80.2,80.2,80.2,1000,80200.0,80.07000000000001,79.975,79.86041666666667,-0.006602834457765994,0.010475401241559002,-0.017078235699324998
2025-11-03 11:52:00,79.5,80.0,79.5,80.0,3000,239000.0,80.075,79.975,79.86041666666667,-0.008165511231652545,0.006747218746916693,-0.014912729978569237
2025-11-03 12:31:00,79.5,79.8,79.5,79.8,17000,1353900.0,80.055,79.97166666666665,79.86208333333333,-0.025251192336739336,0.0003475365301854852,-0.02559872886692482
2025-11-03 12:32:00,79.5,79.8,79.5,79.8,13000,1035000.0,80.035,79.97333333333333,79.86125,-0.03834964685113107,-0.0073919001460778285,-0.03095774670505324
2025-11-03 12:33:00,80.0,80.0,80.0,80.0,1000,80000.0,80.035,79.97333333333333,79.8625,-0.032220519797164116,-0.01235762407629509,-0.019862895720869026
2025-11-03 13:01:00,80.0,80.0,79.7,80.0,11000,879100.0,80.02000000000001,79.97,79.8625,-0.02705131176573161,-0.015296361614182397,-0.011754950151549214
2025-11-03 13:08:00,80.1,80.1,79.8,79.8,11000,879600.0,80.01,79.96833333333333,79.86541666666668,-0.038647501350624225,-0.019966589561470766,-0.01868091178915346
2025-11-03 13:09:00,79.8,79.8,79.8,79.8,211,16837.8,79.98499999999999,79.97166666666666,79.86458333333333,-0.0472924077051573,-0.025431753190208076,-0.021860654514949226
2025-11-03 13:12:00,80.2,80.2,80.2,80.2,1000,80200.0,79.97999999999999,79.98166666666665,79.86916666666667,-0.021617705758359307,-0.024668943703838327,0.0030512379454790198
2025-11-03 13:22:00,79.9,79.9,79.9,79.9,1000,79900.0,79.975,79.97999999999999,79.86833333333333,-0.025187466845522977,-0.02477264833217526,-0.00041481851334771586
2025-11-03 13:23:00,80.2,80.2,80.2,80.2,1000,80200.0,79.985,79.99000000000001,79.87291666666667,-0.0037656276192734595,-0.0205712441895949,0.016805616570321442
2025-11-03 13:30:00,79.9,80.2,79.9,80.2,4000,319900.0,79.99499999999999,79.99333333333334,79.87375,0.01306077778724557,-0.013844839794226807,0.026905617581472377
2025-11-03 14:32:00,79.7,80.0,79.7,80.0,8000,638200.0,80.00999999999999,80.0,79.8775,0.010140602219294692,-0.009047751391522507,0.0191883536108172
2025-11-03 15:00:00,80.2,80.2,79.9,80.2,5000,400100.0,80.005,80.00333333333333,79.87833333333333,0.023691568914244954,-0.002499887330369013,0.026191456244613966
2025-11-04 09:01:00,80.2,80.3,80.2,80.3,4000,320900.0,80.005,80.01166666666667,79.88333333333334,0.042015641750296595,0.006403218485764111,0.03561242326453248
2025-11-04 09:10:00,80.2,80.2,80.2,80.2,2000,160400.0,80.015,80.02333333333333,79.88416666666667,0.047916090362605246,0.014705792861132341,0.033210297501472905
2025-11-04 09:23:00,79.7,80.0,79.7,80.0,6000,479100.0,80.005,80.02333333333333,79.88791666666667,0.03603848069573701,0.01897233042805328,0.017066150267683728
2025-11-04 09:36:00,80.2,80.2,80.2,80.2,1000,80200.0,80.03,80.03333333333333,79.88875000000002,0.04227638217388119,0.023633140777218863,0.018643241396662326
2025-11-04 09:49:00,79.7,80.0,79.7,80.0,6000,479100.0,80.02000000000001,80.03166666666667,79.89416666666668,0.030727428834268267,0.025051998388628746,0.0056754304456395205
2025-11-04 09:55:00,80.2,80.2,80.2,80.2,1000,80200.0,80.05,80.03333333333333,79.90041666666666,0.03728334939344791,0.027498268589592582,0.009785080803855324
2025-11-04 10:05:00,79.7,80.0,79.7,80.0,4000,319100.0,80.03999999999999,80.03166666666667,79.90583333333332,0.02604045696098467,0.027206706263871006,-0.0011662493028863352
2025-11-04 10:18:00,79.5,80.2,79.5,80.2,2000,159700.0,80.05,80.03833333333334,79.91208333333333,0.032889581614028884,0.028343281333902588,0.004546300280126297
2025-11-04 10:25:00,79.5,79.5,79.5,79.5,1000,79500.0,80.035,80.03,79.91083333333333,-0.01795956096962925,0.01908271287319622,-0.03704227384282547
2025-11-04 10:29:00,80.2,80.2,80.2,80.2,1000,80200.0,80.05499999999999,80.03666666666666,79.91583333333332,-0.0017535095925040878,0.014915468380056156,-0.016668977972560242
2025-11-04 10:44:00,79.5,79.8,79.5,79.5,9000,716400.0,80.03,80.02833333333334,79.91375,-0.044876933617928216,0.0029569879804592788,-0.047833921598387494
2025-11-04 10:45:00,80.2,80.2,80.2,80.2,1000,80200.0,80.03999999999999,80.03166666666667,79.91458333333334,-0.022311218155010692,-0.002096653246634717,-0.020214564908375976
2025-11-04 11:01:00,79.5,79.5,79.5,79.5,1000,79500.0,80.025,80.01833333333335,79.91458333333334,-0.06021772349710375,-0.013720867296728528,-0.04649685620037522
2025-11-04 11:02:00,80.2,80.2,80.2,80.2,1000,80200.0,80.045,80.01666666666667,79.91541666666667,-0.03338985476517564,-0.017654664790417954,-0.015735189974757688
2025-11-04 11:31:00,79.5,79.8,79.5,79.8,8000,636900.0,80.025,80.02166666666668,79.91666666666667,-0.04389919003484977,-0.02290356983930432,-0.020995620195545447
2025-11-04 11:33:00,79.5,79.5,79.5,79.5,5000,397500.0,80.005,80.00833333333334,79.91458333333334,-0.07556434798078726,-0.033435725467600916,-0.042128622513186345
2025-11-04 11:35:00,80.0,80.0,80.0,80.0,1000,80000.0,79.99499999999999,80.00333333333333,79.91666666666667,-0.05962606035458862,-0.03867379244499846,-0.020952267909590157
2025-11-04 11:49:00,80.0,80.0,80.0,80.0,2000,160000.0,79.985,80.01,79.91541666666667,-0.046459298706096774,-0.04023089369721813,-0.006228405008878647
2025-11-04 11:56:00,79.7,80.0,79.7,80.0,3000,239400.0,79.985,80.01333333333334,79.9175,-0.035614009110190636,-0.03930751677981263,0.0036935076696219954
2025-11-04 12:31:00,79.5,79.8,79.5,79.8,8000,636900.0,79.965,80.01833333333335,79.91583333333332,-0.04266554564775049,-0.039979122553400206,-0.002686423094350285
2025-11-04 12:32:00,80.1,80.1,80.1,80.1,1000,80100.0,79.95500000000001,80.01833333333333,79.91541666666666,-0.023772412785206143,-0.0367377805997614,0.012965367814555255
2025-11-04 13:04:00,80.1,80.1,80.1,80.1,1000,80100.0,79.95,80.01666666666667,79.91583333333332,-0.00869919002639108,-0.031130062485087335,0.022430872458696256
2025-11-04 13:24:00,79.5,79.5,79.5,79.5,2000,159000.0,79.925,80.00500000000001,79.91416666666667,-0.04465379681049342,-0.033834809350168554,-0.010818987460324864
2025-11-04 13:25:00,79.5,79.5,79.5,79.5,3000,238500.0,79.89,79.99499999999999,79.91125000000001,-0.07231448535289076,-0.041530744550713,-0.03078374080217776
2025-11-04 13:26:00,79.8,79.8,79.8,79.8,3000,239400.0,79.88,79.99499999999999,79.9125,-0.06923024434931335,-0.04707064451043307,-0.02215959983888028
2025-11-04 13:27:00,80.1,80.1,79.8,80.1,13000,1040400.0,79.875,79.99833333333332,79.91624999999999,-0.04209324362744837,-0.04607516433383614,0.003981920706387768
2025-11-04 14:45:00,79.5,79.8,79.5,79.8,7000,557400.0,79.865,79.99166666666666,79.91916666666667,-0.044283989573258964,-0.045716929381720714,0.00143293980846175
2025-11-04 14:48:00,80.0,80.0,80.0,80.0,1000,80000.0,79.85499999999999,79.99333333333333,79.91833333333334,-0.02954130916529607,-0.04248180533843579,0.01294049617313972
2025-11-05 09:01:00,80.0,80.3,80.0,80.3,6000,480900.0,79.895,79.99499999999999,79.92333333333335,0.006277500945401471,-0.032729944081668336,0.039007445027069806
2025-11-05 09:03:00,79.7,80.0,79.7,80.0,4000,319100.0,79.885,79.99166666666666,79.92333333333335,0.010337508856110844,-0.0241164534941125,0.03445396235022334
2025-11-05 09:16:00,79.5,80.0,79.5,80.0,4000,318500.0,79.91,79.99166666666666,79.92208333333333,0.013400620366141425,-0.016613038722061716,0.03001365908820314
2025-11-05 09:18:00,79.5,79.8,79.5,79.8,13000,1035900.0,79.89,79.98333333333333,79.9225,-0.0003066355204879301,-0.013351758081746958,0.013045122561259028
2025-11-05 09:19:00,79.6,79.6,79.6,79.6,3000,238800.0,79.89500000000001,79.97666666666666,79.91958333333332,-0.026996860098108755,-0.01608077848501932,-0.010916081613089434
2025-11-05 09:21:00,79.5,80.0,79.5,80.0,22000,1753300.0,79.885,79.97166666666665,79.92083333333333,-0.0156915162760356,-0.016002926043222575,0.00031140976718697574
2025-11-05 09:25:00,79.7,80.0,79.7,80.0,4000,319100.0,79.89500000000001,79.96666666666667,79.91958333333332,-0.0066552324692708,-0.01413338732843222,0.00747815485916142
2025-11-05 09:32:00,80.0,80.0,80.0,80.0,100,8000.0,79.92,79.96666666666667,79.92083333333333,0.0005003201709996574,-0.011206645828545844,0.011706965999545502
2025-11-05 09:34:00,79.6,79.6,79.6,79.6,3000,238800.0,79.9,79.96000000000001,79.91916666666667,-0.025808011181140955,-0.014126918899064868,-0.011681092282076087
2025-11-05 09:35:00,79.5,79.5,79.5,79.5,3000,238500.0,79.875,79.95166666666667,79.92041666666667,-0.054103051286887194,-0.022122145376629338,-0.03198090591025786
2025-11-05 09:36:00,79.9,80.1,79.6,80.1,6000,479000.0,79.88,79.95833333333331,79.92125,-0.027791723149945824,-0.02325606093129264,-0.004535662218653185
2025-11-05 09:39:00,79.6,79.6,79.6,79.6,1000,79600.0,79.87,79.94666666666667,79.91958333333334,-0.04674675981587484,-0.02795420070820908,-0.01879255910766576
2025-11-05 09:42:00,79.9,80.1,79.6,80.1,5000,399400.0,79.86999999999999,79.94333333333334,79.92125,-0.02117880552491158,-0.026599121671549583,0.005420316146638002
2025-11-05 09:45:00,79.6,80.0,79.6,80.0,5000,398400.0,79.865,79.94333333333334,79.92291666666667,-0.008882786573011003,-0.023055854651841866,0.014173068078830862
2025-11-05 10:26:00,79.5,79.5,79.5,79.5,2000,159000.0,79.865,79.93166666666667,79.92083333333333,-0.03903396504004775,-0.026251476729483046,-0.0127824883105647
2025-11-05 10:28:00,80.0,80.0,80.0,80.0,1000,80000.0,79.89,79.93666666666667,79.92208333333333,-0.022325811815761654,-0.02546634374673877,0.003140531930977117
2025-11-05 11:49:00,79.8,80.0,79.8,80.0,5000,399200.0,79.9,79.93333333333334,79.92208333333333,-0.00898095317204195,-0.02216926563179941,0.013188312459757458
2025-11-05 12:29:00,79.5,79.5,79.5,79.5,3000,238500.0,79.86999999999999,79.93166666666667,79.92208333333333,-0.038309272432144326,-0.02539726699186839,-0.012912005440275934
2025-11-05 12:30:00,79.9,80.0,79.6,80.0,10000,798600.0,79.88,79.92833333333333,79.92083333333333,-0.0209646875512135,-0.024510751103737415,0.003546063552523914
2025-11-05 12:43:00,80.0,80.0,80.0,80.0,1000,80000.0,79.88,79.92833333333333,79.92291666666667,-0.007136711504330151,-0.021035943183855963,0.013899231679525812
2025-11-05 13:05:00,79.5,79.5,79.5,79.5,3000,238500.0,79.84,79.92333333333335,79.92,-0.036107536977525,-0.024050261942589773,-0.012057275034935228
2025-11-05 13:06:00,80.0,80.0,80.0,80.0,1000,80000.0,79.84,79.92666666666668,79.92208333333333,-0.01850795537413319,-0.02294180062889846,0.00443384525476527
2025-11-05 13:12:00,80.0,80.0,80.0,80.0,3000,240000.0,79.84,79.92666666666668,79.92208333333333,-0.004508192518244414,-0.01925507900676765,0.014746886488523236
2025-11-05 13:19:00,79.7,79.7,79.7,79.7,5000,398500.0,79.83500000000001,79.92166666666667,79.92291666666667,-0.01741996586454775,-0.01888805637832367,0.0014680905137759229
2025-11-05 13:21:00,80.1,80.1,80.1,80.1,1000,80100.0,79.85999999999999,79.92666666666666,79.92416666666666,0.004571322435225511,-0.014196180615613835,0.018767503050839345
2025-11-05 13:31:00,80.1,80.1,80.1,80.1,150,12015.0,79.865,79.93166666666666,79.925,0.02174886942296439,-0.0070071706078981884,0.02875604003086258
2025-11-05 14:53:00,79.6,79.6,79.6,79.6,300,23880.0,79.845,79.92166666666667,79.92333333333333,-0.004926828742455314,-0.006591102234809614,0.0016642734923543005
2025-11-05 14:55:00,79.6,79.6,79.6,79.6,200,15920.0,79.825,79.91666666666667,79.92374999999998,-0.025770446065862984,-0.01042697100102029,-0.015343475064842694
2025-11-05 14:56:00,80.1,80.1,80.1,80.1,1000,80100.0,79.85,79.91499999999999,79.92333333333335,-0.0019211952957078893,-0.00872581585995781,0.00680462056424992
2025-11-05 14:57:00,79.6,79.6,79.6,79.6,200,15920.0,79.85499999999999,79.90499999999999,79.92375,-0.023100030785812464,-0.011600658845128741,-0.011499371940683723
2025-11-05 14:59:00,79.6,79.6,79.6,79.6,300,23880.0,79.83000000000001,79.89833333333333,79.92125000000001,-0.039429887300443056,-0.017166504536191608,-0.02226338276425145
2025-11-05 15:00:00,80.1,80.1,80.1,80.1,1000,80100.0,79.85499999999999,79.89666666666668,79.92333333333333,-0.011888551096220112,-0.01611091384819731,0.004222362751977196
2025-11-06 09:01:00,80.1,80.1,80.1,80.1,3000,240300.0,79.85499999999999,79.89333333333333,79.92374999999998,0.009824900928137481,-0.01092375089293035,0.02074865182106783
2025-11-06 09:10:00,79.8,79.8,79.8,79.8,3000,239400.0,79.845,79.88666666666667,79.92291666666667,0.0027932761503137726,-0.008180345484281527,0.0109736216345953
2025-11-06 09:11:00,80.1,80.1,80.1,80.1,1000,80100.0,79.875,79.88833333333334,79.92583333333333,0.02118396014319046,-0.002307484358787128,0.023491444501977588
2025-11-06 09:23:00,79.5,79.5,79.5,79.5,1000,79500.0,79.85,79.87666666666668,79.92375,-0.012512044821292534,-0.00434839645128821,-0.008163648370004325
2025-11-06 09:24:00,80.1,80.1,80.1,80.1,1000,80100.0,79.85499999999999,79.87833333333333,79.92416666666666,0.009093786557770045,-0.0016599598494765585,0.010753746407246603
2025-11-06 09:34:00,79.6,79.6,79.6,79.6,60000,4776000.0,79.86,79.86833333333334,79.9225,-0.013968240556152978,-0.004121615990811843,-0.009846624565341135
2025-11-06 09:35:00,80.1,80.1,79.8,79.9,65000,5193400.0,79.85499999999999,79.86666666666666,79.925,-0.007945974157593128,-0.0048864876241681,-0.0030594865334250274
2025-11-06 09:36:00,80.0,80.0,80.0,80.0,1000,80000.0,79.85499999999999,79.86333333333332,79.92374999999998,0.00484008611655895,-0.00294117287602269,0.00778125899258164
2025-11-06 09:52:00,79.7,79.7,79.7,79.7,2000,159400.0,79.865,79.86666666666665,79.92125,-0.009129126900731421,-0.004178763680964437,-0.004950363219766984
2025-11-06 09:53:00,80.0,80.0,80.0,80.0,1000,80000.0,79.865,79.86333333333332,79.92125,0.003961992551822391,-0.0025506124344070714,0.006512604986229463
2025-11-06 10:00:00,79.7,80.0,79.7,80.0,3000,239400.0,79.865,79.87166666666666,79.91916666666665,0.01417341670921246,0.000794193394316836,0.013379223314895624
2025-11-06 10:06:00,79.7,79.7,79.7,79.7,2000,159400.0,79.865,79.86333333333333,79.91791666666667,-0.001919324098636821,0.0002514898957261045,-0.0021708139943629255
2025-11-06 10:07:00,80.0,80.0,80.0,80.0,1000,80000.0,79.86,79.87166666666667,79.91666666666667,0.009425899759591516,0.0020863718684991876,0.007339527891092329
2025-11-06 10:30:00,79.6,79.6,79.6,79.6,5000,398000.0,79.835,79.86166666666666,79.91916666666665,-0.01370164165929566,-0.0010712308370597829,-0.012630410822235878
2025-11-06 10:32:00,80.0,80.0,80.0,80.0,1000,80000.0,79.85499999999999,79.865,79.92333333333333,0.00024346568100952481,-0.0008082915334459213,0.001051757214455446
2025-11-06 11:04:00,80.0,80.0,80.0,80.0,1000,80000.0,79.875,79.87333333333332,79.92333333333333,0.011166345042425974,0.0015866357817284583,0.009579709260697514
2025-11-06 11:39:00,80.0,80.0,80.0,80.0,1000,80000.0,79.86999999999999,79.87333333333332,79.9275,0.019596904712585683,0.005188689567899905,0.01440821514468578
2025-11-06 12:03:00,80.0,80.0,80.0,80.0,1000,80000.0,79.89,79.87333333333332,79.9275,0.025978717505850568,0.00934669515549004,0.01663202235036053
2025-11-06 12:36:00,79.7,79.7,79.7,79.7,5000,398500.0,79.895,79.86833333333333,79.92833333333333,0.006751035591690879,0.008827563242730208,-0.0020765276510393282
2025-11-06 12:37:00,80.0,80.0,80.0,80.0,1000,80000.0,79.89,79.87166666666666,79.92833333333333,0.015541301492632442,0.010170310892710656,0.005370990599921787
2025-11-06 12:48:00,80.0,80.0,80.0,80.0,1000,80000.0,79.885,79.86999999999999,79.93249999999999,0.022251153107433197,0.012586479335655166,0.00966467377177803
2025-11-06 12:50:00,79.6,79.6,79.6,79.6,4000,318400.0,79.875,79.86166666666666,79.93083333333334,-0.004654246944895135,0.009138334079545106,-0.013792581024440241
2025-11-06 12:51:00,79.9,80.0,79.9,80.0,6000,479500.0,79.87,79.86999999999999,79.93291666666667,0.006227895429432806,0.008556246349522647,-0.002328350920089841
2025-11-06 13:03:00,79.9,79.9,79.5,79.5,31000,2466700.0,79.87,79.86999999999999,79.93083333333334,-0.025203222601248854,0.001804352559368345,-0.0270075751606172
2025-11-06 13:04:00,79.5,79.5,79.5,79.5,50000,3975000.0,79.84,79.865,79.93125,-0.04954152621387209,-0.008464823195279745,-0.04107670301859234
2025-11-06 13:07:00,79.8,79.9,79.8,79.9,71000,5665900.0,79.85499999999999,79.86166666666666,79.93083333333333,-0.03613658999910285,-0.01399917655604437,-0.02213741344305848
2025-11-06 13:15:00,79.9,80.0,79.6,80.0,8000,638700.0,79.86,79.865,79.93249999999999,-0.017245126127150456,-0.014648366470265588,-0.0025967596568848682
2025-11-06 13:18:00,79.6,80.0,79.6,80.0,4000,318800.0,79.86,79.865,79.93291666666666,-0.002247596015195086,-0.012168212379251487,0.009920616364056402
2025-11-06 13:20:00,80.0,80.0,79.7,79.7,5000,399100.0,79.86,79.855,79.93166666666666,-0.01440340466234602,-0.012615250835870393,-0.0017881538264756264
2025-11-06 13:21:00,80.0,80.0,80.0,80.0,1000,80000.0,79.86,79.855,79.93374999999999,0.00016857892933330731,-0.010058484882829654,0.010227063812162962
2025-11-06 13:22:00,79.7,80.0,79.7,80.0,5000,398800.0,79.86,79.855,79.93374999999999,0.011583454063227805,-0.005730097093618162,0.017313551156845967
2025-11-06 13:34:00,80.0,80.0,80.0,80.0,1000,80000.0,79.875,79.85833333333333,79.93541666666667,0.020394727127523993,-0.0005051322493897295,0.020899859376913722
2025-11-06 14:59:00,79.6,79.9,79.6,79.9,10000,797500.0,79.87,79.86333333333333,79.93375,0.019088519675008797,0.003413598135489977,0.01567492153951882
2025-11-06 15:00:00,80.0,80.0,80.0,80.0,1000,80000.0,79.89000000000001,79.86333333333333,79.93458333333335,0.025824812757235804,0.007895841059839145,0.01792897169739666
2025-11-07 09:01:00,79.2,79.2,79.2,79.2,21,1663.2,79.85,79.85,79.93041666666666,-0.033009428420584186,-0.00028521283624552364,-0.03272421558433866
2025-11-07 09:03:00,80.0,80.0,80.0,80.0,180,14400.0,79.85,79.85,79.92958333333333,-0.014910791982472915,-0.0032103286654910027,-0.011700463316981912
2025-11-07 09:37:00,79.5,80.0,79.5,80.0,2000,159500.0,79.85,79.85666666666665,79.93125,-0.0005610250639165315,-0.0026804679451761086,0.002119442881259577
2025-11-07 09:40:00,79.5,79.8,79.5,79.8,11000,876300.0,79.84,79.86166666666666,79.92958333333334,-0.0052663526911089775,-0.0031976448943626824,-0.002068707796746295
2025-11-07 09:45:00,80.0,80.0,79.6,79.6,3000,239200.0,79.83500000000001,79.85333333333334,79.92708333333333,-0.024847263479458093,-0.007527568611381766,-0.017319694868076326
2025-11-07 09:47:00,80.0,80.0,80.0,80.0,1000,80000.0,79.83500000000001,79.86,79.92833333333333,-0.007996441293926182,-0.007621343147890649,-0.00037509814603553255
2025-11-07 09:49:00,80.0,80.0,79.7,80.0,6000,479100.0,79.83500000000001,79.85833333333333,79.93,0.00529689735620309,-0.005037695047071901,0.01033459240327499
2025-11-07 09:54:00,79.5,79.8,79.5,79.8,6000,477900.0,79.845,79.85499999999999,79.92916666666666,-0.0003028731869250123,-0.0040907306750425235,0.003787857488117511
2025-11-07 09:58:00,80.0,80.0,80.0,80.0,1000,80000.0,79.845,79.86333333333332,79.92791666666668,0.011267709700220507,-0.0010190425999899166,0.012286752300210424
2025-11-07 10:59:00,79.5,79.8,79.5,79.8,8000,636900.0,79.86,79.85999999999999,79.92708333333333,0.004250158290417971,3.479757809166124e-05,0.00421536071232631
2025-11-07 11:00:00,80.0,80.0,80.0,80.0,1000,80000.0,79.88499999999999,79.85999999999999,79.92583333333332,0.014658057803671909,0.002959449623207712,0.011698608180464197
2025-11-07 11:46:00,79.5,79.5,79.5,79.5,1000,79500.0,79.865,79.85999999999999,79.925,-0.01724068825068059,-0.00108057795156995,-0.01616011029911064
2025-11-07 11:51:00,80.0,80.0,80.0,80.0,1000,80000.0,79.865,79.85999999999999,79.92625,-0.0021500683416775246,-0.001294476029591465,-0.0008555923120860595
2025-11-07 12:16:00,79.5,79.5,79.5,79.5,1000,79500.0,79.84,79.85166666666666,79.92416666666666,-0.030188470768067077,-0.007073274977286589,-0.023115195790780488
2025-11-07 12:20:00,80.0,80.0,79.6,79.6,4000,318800.0,79.83500000000001,79.85333333333332,79.92125000000001,-0.04383464394237535,-0.014425548770304344,-0.029409095172071006
2025-11-07 12:22:00,80.0,80.0,80.0,80.0,1000,80000.0,79.83500000000001,79.85333333333332,79.92,-0.022117718150838073,-0.015963982646411093,-0.00615373550442698
2025-11-07 12:36:00,79.6,79.6,79.6,79.6,100000,7960000.0,79.815,79.84666666666665,79.91958333333334,-0.03675981084234081,-0.02012314828559704,-0.016636662556743773
2025-11-07 12:37:00,80.0,80.0,80.0,80.0,1000,80000.0,79.815,79.85166666666666,79.91958333333334,-0.0159037887534339,-0.019279276379164413,0.0033754876257305125
2025-11-07 12:39:00,79.9,80.0,79.9,80.0,101000,8070000.0,79.82,79.85,79.92083333333333,0.0006176392507484252,-0.015299893253181845,0.01591753250393027
2025-11-07 12:48:00,80.0,80.0,80.0,80.0,1000,80000.0,79.82,79.84833333333333,79.91958333333334,0.013554739376502312,-0.009528966727245014,0.023083706103747326
2025-11-07 12:50:00,80.0,80.0,80.0,80.0,1000,80000.0,79.86,79.85499999999999,79.92083333333333,0.02353617406902231,-0.002915938567991548,0.026452112637013858
2025-11-07 12:51:00,80.0,80.0,80.0,80.0,1000,80000.0,79.86,79.86166666666666,79.92083333333333,0.03108816792706648,0.0038848827310200597,0.02720328519604642
2025-11-07 12:52:00,80.0,80.0,80.0,80.0,1000,80000.0,79.86,79.85999999999999,79.92083333333333,0.036650691115823975,0.010438044407980846,0.02621264670784313
2025-11-07 12:54:00,80.0,80.0,80.0,80.0,2000,160000.0,79.86999999999999,79.86666666666666,79.91958333333334,0.04059112163561451,0.01646865985350758,0.024122461782106933
2025-11-07 13:20:00,79.5,79.5,79.5,79.5,4000,318000.0,79.865,79.865,79.91875,0.0033297367535567446,0.013840875233517413,-0.010511138479960668
2025-11-07 13:31:00,80.0,80.0,80.0,80.0,1000,80000.0,79.865,79.86333333333332,79.9175,0.013984438207742755,0.013869587828362484,0.00011485037938027166
2025-11-07 14:04:00,79.6,79.6,79.6,79.6,10000,796000.0,79.845,79.855,79.9175,-0.009736059948750153,0.009148458272939955,-0.018884518221690107
2025-11-07 14:05:00,79.6,79.6,79.6,79.6,16000,1273600.0,79.83500000000001,79.85166666666667,79.91458333333334,-0.028209543576224405,0.0016768579031070814,-0.029886401479331488
2025-11-07 14:09:00,79.6,79.6,79.6,79.6,44000,3502400.0,79.815,79.84333333333332,79.91166666666666,-0.04236159435470199,-0.007130832548454737,-0.035230761806247256
2025-11-07 14:10:00,80.0,80.0,80.0,80.0,1000,80000.0,79.825,79.85166666666666,79.91041666666666,-0.021057798305307074,-0.009916225699825205,-0.011141572605481868
2025-11-07 14:12:00,79.9,79.9,79.9,79.9,5000,399500.0,79.82000000000001,79.84833333333334,79.9125,-0.012104023072240011,-0.010353785174308168,-0.0017502378979318434
2025-11-07 14:13:00,79.9,79.9,79.9,79.9,65000,5193500.0,79.84,79.85333333333332,79.91125000000001,-0.004951019421596925,-0.009273232023765919,0.004322212602168994
2025-11-07 14:14:00,80.0,80.0,80.0,80.0,1000,80000.0,79.84,79.855,79.9125,0.008686815568751172,-0.0056812225052625,0.014368038074013672
2025-11-07 14:22:00,79.6,80.0,79.6,80.0,4000,318800.0,79.865,79.855,79.9125,0.019272733973522804,-0.0006904312095054379,0.019963165183028243
2025-11-07 14:23:00,79.6,79.6,79.6,79.6,1000,79600.0,79.865,79.85333333333334,79.91083333333333,-0.00456191951532503,-0.0014647288706693567,-0.0030971906446556736
2025-11-07 14:25:00,80.0,80.0,80.0,80.0,1000,80000.0,79.865,79.85333333333334,79.91000000000001,0.008725026264244207,0.0005732221563133565,0.00815180410793085
2025-11-07 14:42:00,79.5,79.5,79.5,79.5,8,636.0,79.86,79.84500000000001,79.91083333333333,-0.020850443865882085,-0.0037115110481257332,-0.01713893281775635
2025-11-07 14:56:00,80.0,80.0,80.0,80.0,500,40000.0,79.86,79.85,79.91000000000001,-0.0038984567158024674,-0.0037489001816610806,-0.00014955653414138684
2025-11-10 09:01:00,80.0,80.0,80.0,80.0,6000,480000.0,79.86,79.85,79.91291666666666,0.00942744155526043,-0.001113631834276778,0.010541073389537208
2025-11-10 09:04:00,79.7,79.7,79.7,79.7,3000,239100.0,79.845,79.85166666666667,79.91083333333334,-0.0041710990193450925,-0.0017251252712904414,-0.002445973748054651
2025-11-10 09:05:00,80.0,80.0,80.0,80.0,1000,80000.0,79.845,79.85166666666667,79.91083333333334,0.00915393157343658,0.0004506860976549635,0.008703245475781617
2025-11-10 09:16:00,79.6,80.0,79.6,80.0,6000,478000.0,79.845,79.85166666666667,79.91166666666666,0.019489452048418343,0.004258439287807641,0.015231012760610702
2025-11-10 09:22:00,79.5,79.5,79.5,79.5,500,39750.0,79.82000000000001,79.84333333333333,79.90916666666666,-0.012521059853497718,0.0009025394595465681,-0.013423599313044286
2025-11-10 09:23:00,80.0,80.0,80.0,80.0,500,40000.0,79.82000000000001,79.84333333333333,79.90875000000001,0.0024282092815042233,0.0012076734239380993,0.001220535857566124
2025-11-10 09:25:00,80.0,80.0,80.0,80.0,1000,80000.0,79.845,79.84833333333334,79.90958333333333,0.014112927728774594,0.0037887242849053994,0.010324203443869194
2025-11-10 09:56:00,79.5,79.8,79.5,79.8,8000,636900.0,79.83500000000001,79.84500000000001,79.90791666666668,0.007152374629328051,0.004461454353789931,0.0026909202755381204
2025-11-10 09:57:00,79.8,79.8,79.8,79.8,3000,239400.0,79.845,79.84166666666667,79.90916666666666,0.0016174412935185956,0.003892651741735664,-0.0022752104482170682
2025-11-10 09:58:00,80.0,80.0,80.0,80.0,1000,80000.0,79.865,79.84833333333333,79.90833333333333,0.013216938636773534,0.005757509120743239,0.007459429516030295
2025-11-10 11:46:00,80.0,80.0,80.0,80.0,1000,80000.0,79.885,79.84833333333333,79.91041666666666,0.02215424352236539,0.009036856001067671,0.01311738752129772
2025-11-10 11:48:00,80.0,80.0,79.7,80.0,7000,558500.0,79.885,79.85666666666665,79.9125,0.02890393545813197,0.013010271892480534,0.015893663565651434
2025-11-10 11:50:00,80.0,80.0,79.7,79.7,5000,399100.0,79.875,79.86,79.91125000000001,0.009931142126220038,0.012394445939228437,-0.0024633038130083985
2025-11-10 11:51:00,80.0,80.0,80.0,80.0,3000,240000.0,79.88000000000001,79.86166666666668,79.91375,0.018884866528551925,0.013692530057093135,0.005192336471458789
2025-11-10 12:07:00,80.0,80.0,79.7,79.7,3000,239400.0,79.86500000000001,79.85666666666667,79.91166666666666,0.001753056683895693,0.011304635382453647,-0.009551578698557954
2025-11-10 12:08:00,80.2,80.2,80.2,80.2,1000,80200.0,79.875,79.86,79.91333333333334,0.028196760575582402,0.0146830604210794,0.013513700154503002
2025-11-10 12:47:00,79.6,79.6,79.6,79.6,1000,79600.0,79.875,79.85833333333333,79.91083333333333,0.0007301837320312643,0.011892485083269773,-0.011162301351238508
2025-11-10 12:53:00,80.2,80.2,80.2,80.2,1000,80200.0,79.885,79.86166666666666,79.91083333333334,0.027065712601256564,0.014927130586867132,0.012138582014389433
2025-11-10 14:26:00,79.6,79.8,79.5,79.8,15000,1194200.0,79.9,79.85833333333333,79.91125000000001,0.015481688637237312,0.01503804219694117,0.0004436464402961422
2025-11-10 14:28:00,80.0,80.0,80.0,80.0,1000,80000.0,79.9,79.85833333333333,79.91041666666666,0.022183872840500385,0.016467208325653016,0.005716664514847369
2025-11-10 14:33:00,79.7,79.7,79.7,79.7,2000,159400.0,79.885,79.855,79.91041666666666,0.0032504402608282135,0.013823854712688054,-0.010573414451859841
2025-11-10 14:43:00,80.0,80.0,79.7,79.7,3000,239400.0,79.88499999999999,79.85,79.90833333333333,-0.011620487717664219,0.008734986226617598,-0.02035547394428182
2025-11-10 14:50:00,80.0,80.0,80.0,80.0,1000,80000.0,79.88499999999999,79.86333333333333,79.90750000000001,0.0007925514754418828,0.007146499276382455,-0.006353947800940572
2025-11-11 09:01:00,80.0,80.0,80.0,80.0,3000,240000.0,79.88499999999999,79.86333333333333,79.90916666666666,0.010508835156954888,0.007818966452496943,0.002689868704457945
2025-11-11 09:04:00,80.0,80.0,80.0,80.0,1000,80000.0,79.91,79.86333333333333,79.91125000000001,0.018001549321567722,0.009855483026311099,0.008146066295256623
2025-11-11 09:08:00,79.7,79.7,79.7,79.7,3000,239100.0,79.895,79.86166666666666,79.91083333333333,-0.0002648603707910979,0.00783141434689066,-0.008096274717681758
2025-11-11 09:14:00,80.0,80.0,80.0,80.0,1000,80000.0,79.895,79.86833333333333,79.91166666666666,0.009358492267637075,0.008136829931039943,0.0012216623365971322
2025-11-11 09:19:00,79.4,79.8,79.4,79.8,6000,477600.0,79.895,79.865,79.91041666666666,0.0008370905767378645,0.006676882060179527,-0.005839791483441662
2025-11-11 09:20:00,80.3,80.3,80.3,80.3,1000,80300.0,79.92,79.86999999999999,79.91083333333334,0.03403727910296084,0.012148961468735791,0.021888317634225045
2025-11-11 09:51:00,80.2,80.2,80.2,80.2,1000,80200.0,79.92999999999999,79.87666666666668,79.91083333333334,0.05168372562232548,0.020055914299453734,0.03162781132287175
2025-11-11 10:11:00,79.6,79.6,79.6,79.6,1000,79600.0,79.91,79.87000000000002,79.90875,0.017057052945219198,0.019456142028606828,-0.00239908908338763
2025-11-11 10:12:00,80.2,80.2,80.2,80.2,1000,80200.0,79.92,79.87666666666668,79.91041666666666,0.03759675893387282,0.023084265409660028,0.014512493524212793
2025-11-11 10:21:00,80.0,80.0,80.0,80.0,1000,80000.0,79.935,79.87666666666668,79.91000000000001,0.03730625212799055,0.025928662753326136,0.011377589374664411
2025-11-11 10:32:00,79.6,79.6,79.6,79.6,1000,79600.0,79.91499999999999,79.87833333333333,79.91041666666666,0.004744672697427177,0.021691864742146346,-0.01694719204471917
2025-11-11 10:33:00,80.2,80.2,80.2,80.2,1000,80200.0,79.94,79.88166666666667,79.91125000000001,0.027042641260976552,0.02276202004591239,0.004280621215064163
2025-11-11 11:09:00,79.6,80.0,79.6,80.0,5010,398800.0,79.93,79.89000000000001,79.91125000000001,0.028249965448821968,0.02385960912649431,0.004390356322327659
2025-11-11 11:19:00,80.0,80.0,80.0,80.0,1,80.0,79.95,79.89666666666668,79.91125000000001,0.028873937784595682,0.024862474858114585,0.004011462926481097
2025-11-11 11:32:00,79.5,79.5,79.5,79.5,4000,318000.0,79.91499999999999,79.88833333333334,79.91041666666666,-0.010852282610841257,0.017719523364323416,-0.028571805975164673
2025-11-11 11:33:00,79.8,80.0,79.8,80.0,4000,319400.0,79.925,79.89500000000001,79.91041666666666,-0.0019671016373337125,0.01378219836399199,-0.015749300001325704
2025-11-11 12:01:00,79.5,79.5,79.5,79.5,1000,79500.0,79.9,79.88666666666668,79.9075,-0.03486940028615493,0.004051878633962605,-0.038921278920117534
2025-11-11 12:02:00,80.0,80.0,80.0,80.0,1000,80000.0,79.91499999999999,79.88666666666668,79.90791666666668,-0.020364142529132323,-0.0008313255986563822,-0.01953281693047594
2025-11-11 12:05:00,80.0,80.0,80.0,80.0,2000,160000.0,79.93,79.88666666666668,79.90958333333333,-0.00876755434308052,-0.0024185713475412102,-0.0063489829955393085
2025-11-11 12:56:00,79.5,80.0,79.5,80.0,2000,159500.0,79.93,79.88666666666668,79.91125000000001,0.0004180068208370358,-0.001851255713865561,0.0022692625347025966
2025-11-11 12:59:00,79.5,80.0,79.5,80.0,1800,143600.0,79.93,79.88666666666668,79.91125000000001,0.007609907939908567,4.0977016889265e-05,0.007568930923019301
2025-11-11 13:15:00,79.5,79.8,79.5,79.8,8000,636900.0,79.92,79.88333333333334,79.91208333333333,-0.0027965502481777094,-0.00052652843612413,-0.0022700218120535794
2025-11-11 13:17:00,80.0,80.0,80.0,80.0,1000,80000.0,79.935,79.88333333333334,79.91208333333333,0.005036527242623379,0.0005860826996253721,0.004450444542998006
2025-11-11 13:33:00,80.0,80.0,80.0,80.0,1000,80000.0,79.935,79.89166666666667,79.91375,0.011116157444888586,0.0026920976486780154,0.00842405979621057
2025-11-11 13:35:00,80.0,80.0,80.0,80.0,1000,80000.0,79.94500000000001,79.89166666666667,79.91375,0.01575272062393651,0.005304222243729715,0.010448498380206797
2025-11-11 13:40:00,80.0,80.0,80.0,80.0,1000,80000.0,79.92999999999999,79.89833333333333,79.91458333333334,0.019205837409529636,0.0080845452768897,0.011121292132639935
2025-11-11 14:02:00,80.0,80.0,80.0,80.0,2000,160000.0,79.92,79.90499999999999,79.91666666666667,0.0216924008465611,0.010806116390823982,0.010886284455737118
2025-11-11 14:03:00,80.0,80.0,79.7,79.7,4000,319400.0,79.925,79.90666666666668,79.91541666666667,-0.0005382676953331611,0.008537239573592554,-0.009075507268925715
2025-11-11 14:08:00,80.2,80.2,80.2,80.2,1000,80200.0,79.925,79.91000000000001,79.91791666666667,0.021936715842443277,0.0112171348273627,0.010719581015080578
2025-11-11 14:15:00,79.6,79.6,79.6,79.6,6000,477600.0,79.905,79.90499999999999,79.91583333333332,-0.008567917748649734,0.007260124312160212,-0.015828042060809948
2025-11-11 14:18:00,80.0,80.0,80.0,80.0,1000,80000.0,79.925,79.90666666666667,79.91541666666667,-0.00046108745394235484,0.005715881958939699,-0.006176969412882054
2025-11-11 14:21:00,79.5,79.5,79.5,79.5,1000,79500.0,79.89,79.89833333333333,79.91291666666666,-0.03399036756545115,-0.002225367945938473,-0.03176499961951268
2025-11-11 14:23:00,80.0,80.0,80.0,80.0,1000,80000.0,79.89,79.89833333333333,79.91375,-0.01998635206803101,-0.005777564770356982,-0.014208787297674028
2025-11-12 09:01:00,80.0,80.0,80.0,80.0,3000,240000.0,79.89,79.90499999999999,79.91375,-0.00878678035844871,-0.006379407887975328,-0.0024073724704733812
2025-11-12 09:07:00,79.7,80.0,79.7,80.0,4000,319100.0,79.91499999999999,79.90499999999999,79.91458333333334,8.794711041559822e-05,-0.005085936888297143,0.005173883998712742
2025-11-12 09:16:00,80.0,80.0,80.0,80.0,1000,80000.0,79.91499999999999,79.91333333333333,79.91458333333334,0.007040078920951487,-0.0026607337264474167,0.009700812647398903
2025-11-12 09:18:00,79.5,80.3,79.5,80.3,6100,487350.0,79.955,79.91833333333332,79.91583333333332,0.03633830095004953,0.005139073208851976,0.031199227741197554
2025-11-12 09:56:00,79.7,80.0,79.7,80.0,6000,478500.0,79.955,79.91833333333332,79.91458333333334,0.03494701278538059,0.011100661124157703,0.02384635166122289
2025-11-12 10:28:00,79.5,79.8,79.5,79.8,12000,955500.0,79.945,79.92,79.9125,0.01750429969014533,0.01238138883735523,0.0051229108527901
2025-11-12 10:30:00,80.2,80.2,80.2,80.2,1000,80200.0,79.955,79.92333333333333,79.91541666666666,0.03554770909201466,0.01701465288828712,0.018533056203727537
2025-11-12 10:36:00,79.5,80.2,79.5,80.2,4000,318700.0,79.965,79.92666666666666,79.91499999999999,0.04927918131178899,0.023467558572987497,0.02581162273880149
2025-11-12 10:43:00,79.8,79.8,79.8,79.8,2010,160398.0,79.965,79.93166666666666,79.91291666666666,0.02756703924679016,0.024287454707748034,0.0032795845390421255
2025-11-12 10:49:00,79.5,80.0,79.5,80.0,4000,318500.0,79.965,79.93166666666666,79.91458333333334,0.026196363392486433,0.02466923644469572,0.0015271269477907141
2025-11-12 10:57:00,80.0,80.0,80.0,80.0,250,20000.0,79.965,79.93166666666666,79.91541666666666,0.024823937997894063,0.024700176755335392,0.00012376124255867108
2025-11-12 12:11:00,80.0,80.0,80.0,80.0,1000,80000.0,79.965,79.93499999999999,79.91749999999999,0.023465782056291573,0.02445329781552663,-0.000987515759235058
2025-11-12 12:44:00,79.5,80.0,79.5,80.0,5000,398000.0,79.965,79.93833333333333,79.91708333333332,0.022134283446135328,0.023989494941648374,-0.0018552114955130462
2025-11-12 12:48:00,79.5,80.0,79.5,80.0,1150,91925.0,79.965,79.93833333333333,79.91624999999999,0.020838843982943445,0.02335936474990739,-0.0025205207669639455
2025-11-12 12:59:00,79.5,79.8,79.5,79.8,7000,558300.0,79.97,79.935,79.91458333333334,0.0036320028766567702,0.01941389237525727,-0.015781889498600498
2025-11-12 13:27:00,80.0,80.0,80.0,80.0,1000,80000.0,79.96,79.935,79.91416666666667,0.006063885168003935,0.016743890933806602,-0.010680005765802667
2025-11-13 09:01:00,80.0,80.2,80.0,80.2,4000,320200.0,79.99,79.94333333333333,79.91583333333332,0.02385451790148352,0.018166016327341987,0.0056885015741415315
2025-11-13 09:02:00,79.7,79.7,79.7,79.7,3000,239100.0,79.975,79.93833333333332,79.91499999999999,-0.0023648384230057218,0.014059845377272444,-0.016424683800278166
2025-11-13 09:04:00,80.0,80.0,80.0,80.0,1000,80000.0,80.0,79.94333333333333,79.91416666666666,0.001051504495677591,0.011458177200953473,-0.010406672705275882
2025-11-13 09:14:00,80.0,80.0,80.0,80.0,2000,160000.0,80.0,79.94,79.91458333333334,0.0037161434832881923,0.009909770457420418,-0.006193626974132225
2025-11-13 09:25:00,79.4,79.4,79.4,79.4,3000,238200.0,79.97,79.93666666666667,79.91125000000001,-0.04210177347493982,-0.0004925383290516325,-0.041609235145888185
2025-11-13 09:26:00,79.4,79.8,79.4,79.8,7000,557800.0,79.96000000000001,79.93,79.90958333333333,-0.04561037766190168,-0.009516106195621645,-0.03609427146628003
2025-11-13 09:27:00,80.2,80.2,80.2,80.2,1000,80200.0,79.97,79.93666666666667,79.91041666666666,-0.015930675783735637,-0.010799020113244445,-0.005131655670491193
2025-11-13 10:06:00,79.5,79.8,79.5,79.8,10000,796500.0,79.94500000000001,79.93333333333334,79.90833333333333,-0.024404633847453283,-0.013520142860086215,-0.010884490987367068
2025-11-13 10:10:00,79.5,79.8,79.5,79.5,13010,1035198.0,79.92,79.93,79.90625,-0.054697283226744275,-0.02175557093341783,-0.032941712293326444
2025-11-13 10:13:00,80.0,80.0,80.0,80.0,1000,80000.0,79.93,79.935,79.905,-0.037921469683723785,-0.024988750683479024,-0.012932719000244761
2025-11-13 10:23:00,79.4,79.8,79.4,79.5,11000,875900.0,79.89500000000001,79.92666666666668,79.90166666666667,-0.06423191241003678,-0.03283738302879058,-0.031394529381246206
2025-11-13 10:24:00,79.8,80.0,79.5,80.0,15000,1197400.0,79.885,79.92666666666668,79.90166666666667,-0.044227479646778534,-0.03511540235238817,-0.009112077294390362
2025-11-13 10:25:00,79.7,79.7,79.7,79.7,10000,797000.0,79.88000000000001,79.92166666666667,79.90041666666667,-0.051982098084152994,-0.03848874149874114,-0.013493356585411856
2025-11-13 10:26:00,80.0,80.0,80.0,80.0,1000,80000.0,79.88000000000001,79.92666666666668,79.90041666666667,-0.03353364132615866,-0.03749772146422464,0.003964080138065984
2025-11-13 10:28:00,79.5,79.5,79.5,79.5,1000,79500.0,79.855,79.91833333333334,79.89958333333334,-0.05858361234109566,-0.04171489963959885,-0.016868712701496806
2025-11-13 10:29:00,80.0,80.0,80.0,80.0,1000,80000.0,79.855,79.92166666666667,79.89833333333334,-0.037655998608173036,-0.04090311943331369,0.0032471208251406564
2025-11-13 10:53:00,79.5,79.5,79.5,79.5,1000,79500.0,79.83000000000001,79.90833333333333,79.895,-0.06071663173925401,-0.04486582189450176,-0.015850809844752255
2025-11-13 10:54:00,80.0,80.0,80.0,80.0,1000,80000.0,79.83000000000001,79.905,79.895,-0.038206112035808815,-0.043533879922763176,0.005327767886954361
2025-11-13 10:59:00,79.5,80.0,79.5,80.0,2000,159500.0,79.84,79.91166666666666,79.89416666666668,-0.020134267686557905,-0.03885395747552212,0.018719689788964218
2025-11-13 11:45:00,80.0,80.0,80.0,80.0,1000,80000.0,79.84,79.90833333333333,79.89541666666668,-0.005745964932160064,-0.032232358966849714,0.02648639403468965
2025-11-13 11:53:00,80.0,80.0,79.7,79.7,5100,406500.0,79.815,79.90333333333334,79.89333333333335,-0.01833922100853158,-0.029453731375186087,0.011114510366654506
2025-11-13 11:55:00,80.0,80.0,80.0,80.0,1000,80000.0,79.83,79.91000000000001,79.89500000000001,-0.004065114276258441,-0.02437600795540056,0.020310893679142118
2025-11-13 13:27:00,79.5,80.0,79.5,80.0,2000,159500.0,79.83,79.90666666666667,79.89416666666668,0.007164628767839076,-0.018067880610752634,0.02523250937859171
2025-11-13 13:43:00,79.5,79.5,79.5,79.5,3000,238500.0,79.80499999999999,79.89833333333333,79.89208333333335,-0.02400482757960276,-0.01925527000452266,-0.0047495575750801
2025-11-13 13:45:00,79.9,80.0,79.9,80.0,6000,479500.0,79.835,79.89833333333333,79.89291666666668,-0.008265742637206586,-0.01705736453105945,0.008791621893852863
2025-11-13 13:52:00,79.6,79.6,79.6,79.6,3000,238800.0,79.825,79.9,79.89208333333333,-0.027749186142315807,-0.019195728853310723,-0.008553457289005084
2025-11-13 13:53:00,79.9,79.9,79.9,79.9,1000,79900.0,79.80999999999999,79.89833333333333,79.89166666666667,-0.018766138334143534,-0.019109810749477287,0.00034367241533375323
2025-11-13 13:55:00,79.5,79.5,79.5,79.5,100,7950.0,79.79499999999999,79.89833333333333,79.88958333333333,-0.043423110697162315,-0.023972470739014297,-0.019450639958148018
2025-11-13 14:03:00,79.9,79.9,79.9,79.9,100,7990.0,79.815,79.89666666666666,79.89,-0.030337569264233366,-0.025245490444058116,-0.0050920788201752505
2025-11-13 14:45:00,79.5,79.5,79.5,79.5,28000,2226000.0,79.78999999999999,79.88833333333332,79.88875,-0.05164846906161813,-0.030526086167570122,-0.021122382894048008
2025-11-13 14:46:00,79.5,79.5,79.5,79.5,12000,954000.0,79.78999999999999,79.87999999999998,79.88583333333332,-0.06775645643494954,-0.03797216022104601,-0.02978429621390353
2025-11-13 14:51:00,79.8,79.8,79.8,79.8,40000,3192000.0,79.78,79.87666666666665,79.88541666666667,-0.05567289718118218,-0.04151230761307325,-0.01416058956810893
2025-11-13 14:54:00,79.9,79.9,79.9,79.9,100,7990.0,79.78999999999999,79.87833333333334,79.88416666666667,-0.03759406417972855,-0.040728658926404315,0.0031345947466757673
2025-11-13 14:55:00,79.9,79.9,79.9,79.9,1000,79900.0,79.785,79.87666666666668,79.88291666666667,-0.023001313945769652,-0.03718318993027739,0.014181875984507736
2025-11-13 14:59:00,79.4,79.9,79.4,79.9,1100,87390.0,79.80499999999999,79.875,79.8825,-0.01130612428731581,-0.032007776801685074,0.020701652514369263
2025-11-14 09:01:00,79.9,80.0,79.9,80.0,4000,319700.0,79.80499999999999,79.875,79.88166666666666,0.00596282629167888,-0.024413656183012285,0.030376482474691165
2025-11-14 09:03:00,79.6,79.6,79.6,79.6,3000,238800.0,79.80999999999999,79.86833333333334,79.87875000000001,-0.012484153468832915,-0.02202775564017641,0.009543602171343497
2025-11-14 09:05:00,79.5,79.9,79.5,79.9,4000,318400.0,79.80499999999999,79.86666666666666,79.8775,-0.002863021902641094,-0.018194808892669348,0.015331786990028254
2025-11-14 09:09:00,79.5,79.5,79.5,79.5,1000,79500.0,79.78,79.86333333333332,79.87541666666667,-0.02720130318948577,-0.019996107752032633,-0.007205195437453137
2025-11-14 09:28:00,79.3,79.3,79.3,79.3,1000,79300.0,79.74499999999999,79.84833333333333,79.87166666666666,-0.0619141867824311,-0.028379723558112333,-0.03353446322431877
2025-11-14 09:29:00,79.3,79.6,79.3,79.6,5000,397400.0,79.74000000000001,79.84833333333334,79.86999999999999,-0.06447369174236428,-0.03559851719496273,-0.02887517454740155
2025-11-14 09:30:00,80.0,80.0,80.0,80.0,100,8000.0,79.74000000000001,79.84833333333334,79.86916666666667,-0.03383542706149001,-0.03524589916826819,0.0014104721067781795
2025-11-14 09:33:00,79.4,79.4,79.4,79.4,3000,238200.0,79.71000000000001,79.84666666666666,79.86666666666666,-0.05730874758715743,-0.03965846885204604,-0.017650278735111387
2025-11-14 09:36:00,79.9,79.9,79.9,79.9,100,7990.0,79.73,79.84500000000001,79.86541666666668,-0.0351603947501502,-0.03875885403166687,0.0035984592815166694
2025-11-14 09:46:00,79.9,79.9,79.9,79.9,1000,79900.0,79.72500000000001,79.84333333333333,79.86708333333334,-0.017407008399217716,-0.034488484905177044,0.017081476505959328
2025-11-14 10:11:00,79.9,79.9,79.9,79.9,1000,79900.0,79.74,79.84166666666667,79.86583333333333,-0.0032992896524888238,-0.0282506458546394,0.024951356202150575
2025-11-14 11:04:00,79.4,79.4,79.4,79.4,1000,79400.0,79.715,79.83166666666668,79.86541666666668,-0.03209467479788941,-0.029019451643289406,-0.003075223154600005
2025-11-14 11:05:00,79.9,79.9,79.9,79.9,100,7990.0,79.735,79.825,79.86416666666666,-0.014403370569397111,-0.026096235428510948,0.011692864859113836
2025-11-14 11:10:00,79.4,79.4,79.4,79.4,2000,158800.0,79.71000000000001,79.81500000000001,79.86375,-0.04026456103915166,-0.02892990055063909,-0.011334660488512567
2025-11-14 11:13:00,79.4,79.4,79.4,79.4,2000,158800.0,79.70500000000001,79.80833333333334,79.86041666666667,-0.06006732210759935,-0.03515738486203115,-0.024909937245568205
2025-11-14 11:21:00,79.7,79.7,79.7,79.7,100,7970.0,79.715,79.8,79.85999999999999,-0.05096615403179783,-0.03831913869598449,-0.01264701533581334
2025-11-14 11:27:00,79.7,79.7,79.7,79.7,2000,159400.0,79.71000000000001,79.79166666666667,79.86083333333333,-0.04325479837088153,-0.039306270630963897,-0.003948527739917634
2025-11-14 13:17:00,79.4,79.9,79.4,79.9,1100,87390.0,79.71000000000001,79.79333333333334,79.86041666666667,-0.020765789823229852,-0.03559817446941709,0.01483238464618724
2025-11-17 09:01:00,79.7,79.7,79.7,79.7,4000,318800.0,79.70000000000002,79.78833333333334,79.85916666666667,-0.018863965008691252,-0.032251332577271925,0.013387367568580673
2025-11-17 09:23:00,80.0,80.0,80.0,80.0,1000,80000.0,79.70500000000001,79.78833333333334,79.85916666666667,0.006772666569730745,-0.024446532747871393,0.03121919931760214
2025-11-17 09:59:00,79.5,79.5,79.5,79.5,3000,238500.0,79.68,79.78,79.85791666666667,-0.013104874690142765,-0.02217820113632567,0.009073326446182906
2025-11-17 10:00:00,79.4,79.4,79.4,79.4,3000,238200.0,79.66999999999999,79.77,79.855,-0.036506311578165196,-0.025043823224693576,-0.01146248835347162
2025-11-17 10:02:00,79.4,79.4,79.4,79.4,90,7146.0,79.64500000000001,79.76,79.85208333333334,-0.05442474433569089,-0.030920007446893043,-0.023504736888797846
2025-11-17 10:14:00,79.8,79.8,79.8,79.8,1000,79800.0,79.66,79.76,79.85333333333332,-0.0359343455635468,-0.0319228750702238,-0.004011470493322997
2025-11-17 10:16:00,79.5,79.5,79.5,79.5,1000,79500.0,79.67,79.75166666666668,79.85333333333332,-0.044969681618852064,-0.034532236379949455,-0.01043744523890261
2025-11-17 10:19:00,79.9,79.9,79.9,79.9,1000,79900.0,79.685,79.74666666666667,79.85375,-0.01962734170071201,-0.03155125744410196,0.011923915743389954
2025-11-17 12:39:00,79.9,79.9,79.9,79.9,1000,79900.0,79.67999999999999,79.75,79.85291666666667,0.0004514413314780086,-0.025150717688985965,0.025602159020463974
2025-11-17 13:18:00,79.4,79.7,79.4,79.7,11020,876494.0,79.69500000000001,79.74500000000002,79.85249999999999,0.00022312101387456096,-0.02007594994841386,0.02029907096228842
2025-11-18 09:01:00,79.9,79.9,79.9,79.9,2000,159800.0,79.69500000000001,79.74333333333334,79.85208333333334,0.015996110838955246,-0.012861537790940038,0.028857648629895285
2025-11-18 09:33:00,79.5,79.5,79.5,79.5,1000,79500.0,79.675,79.74499999999999,79.84875000000001,-0.0037372573703322587,-0.011036681706818484,0.007299424336486225
2025-11-18 09:36:00,80.0,80.0,80.0,80.0,1000,80000.0,79.68,79.74833333333332,79.84875000000001,0.020730756224892843,-0.0046831941204762174,0.02541395034536906
2025-11-18 10:53:00,79.5,79.5,79.5,79.5,3000,238500.0,79.685,79.73666666666666,79.84666666666666,-0.0002214354737049007,-0.0037908423911219543,0.0035694069174170536
2025-11-18 10:54:00,79.4,80.0,79.4,80.0,6000,477600.0,79.69000000000001,79.74,79.84750000000001,0.02325159308692548,0.0016176447044875346,0.021633948382437946
2025-11-18 11:39:00,79.3,79.6,79.3,79.6,4000,317500.0,79.7,79.74166666666666,79.84750000000001,0.009468335200381262,0.0031877828036662808,0.00628055239671498
2025-11-18 11:55:00,79.9,79.9,79.9,79.9,1000,79900.0,79.725,79.74,79.84708333333334,0.02249320910465258,0.007048868063863542,0.015444341040789036
2025-11-18 12:37:00,79.2,79.5,79.2,79.5,9000,713700.0,79.715,79.74,79.84500000000001,0.0005327176153429036,0.005745637974159414,-0.005212920358816511
2025-11-18 12:41:00,79.7,79.7,79.7,79.7,1000,79700.0,79.715,79.73499999999999,79.84375,-0.0007244505613499541,0.004451620267057541,-0.005176070828407495
2025-11-18 12:58:00,79.0,79.0,79.0,79.0,1000,79000.0,79.67,79.72333333333333,79.84124999999999,-0.05754161137714675,-0.007947026061783321,-0.049594585315363426
2025-11-18 13:08:00,79.7,79.7,79.7,79.7,1000,79700.0,79.67,79.71833333333333,79.84208333333332,-0.04556028026271974,-0.015469676901970607,-0.030090603360749136
2025-11-18 14:32:00,79.0,79.0,79.0,79.0,2000,158000.0,79.62,79.71000000000001,79.8375,-0.09149444784813454,-0.030674631091203403,-0.06081981675693114
2025-11-18 14:33:00,79.0,79.0,79.0,79.0,6000,474000.0,79.595,79.69333333333334,79.835,-0.126440084015087,-0.04982772167598013,-0.07661236233910687
2025-11-18 15:00:00,79.3,80.0,79.0,80.0,5000,396900.0,79.625,79.70166666666667,79.83458333333333,-0.0726061512796008,-0.054383407596704264,-0.01822274368289653
2025-11-19 09:01:00,80.0,80.0,80.0,80.0,2000,160000.0,79.655,79.70166666666667,79.83458333333333,-0.02960114812468362,-0.049426955702300136,0.019825807577616518
2025-11-19 09:03:00,79.7,79.7,79.7,79.7,2000,159400.0,79.65,79.69666666666667,79.83541666666666,-0.019502058494765606,-0.043441976260793234,0.02393991776602763
2025-11-19 09:07:00,79.0,79.0,79.0,79.0,3000,237000.0,79.625,79.68,79.83125,-0.06720787649419435,-0.048195156307473466,-0.019012720186720886
2025-11-19 09:32:00,79.7,80.0,79.7,80.0,2000,159700.0,79.63,79.685,79.83125,-0.024046248129138803,-0.04336537467180654,0.019319126542667736
2025-11-19 11:12:00,79.0,79.9,79.0,79.9,3021,238677.9,79.63000000000001,79.68333333333334,79.83291666666668,0.002066665810772861,-0.03427896657529066,0.036345632386063524
2025-11-19 14:21:00,78.7,79.0,78.7,79.0,5035,396865.0,79.595,79.66666666666667,79.82875,-0.04929292202332647,-0.03728175766489783,-0.012011164358428639
2025-11-19 14:57:00,79.7,79.7,79.7,79.7,1000,79700.0,79.58500000000001,79.67,79.8275,-0.033129716799081166,-0.0364513494917345,0.0033216326926533354
2025-11-19 14:58:00,79.7,79.7,79.7,79.7,1000,79700.0,79.595,79.665,79.82833333333333,-0.02008869029234006,-0.03317881765185561,0.01309012735951555
2025-11-20 09:01:00,79.7,79.9,79.7,79.9,4000,319000.0,79.59,79.67,79.82791666666667,0.006311985065295289,-0.02528065710842543,0.03159264217372072
2025-11-20 09:08:00,79.0,79.0,79.0,79.0,3000,237000.0,79.565,79.655,79.82375,-0.044870528373195384,-0.029198631361379422,-0.015671897011815962
2025-11-20 09:16:00,79.8,79.8,79.8,79.8,1000,79800.0,79.55499999999999,79.66000000000001,79.82416666666667,-0.020641779319348075,-0.027487260952973158,0.0068454816336250834
2025-11-20 09:48:00,79.0,79.0,79.0,79.0,1000,79000.0,79.525,79.64500000000001,79.81958333333334,-0.06524157103704908,-0.03503812296978835,-0.030203448067260733
2025-11-20 09:51:00,78.7,79.0,78.7,79.0,4010,315890.0,79.47999999999999,79.63666666666668,79.815,-0.0994409341088982,-0.047918685197610326,-0.05152224891128788
2025-11-20 09:54:00,79.5,79.5,79.5,79.5,1000,79500.0,79.47999999999999,79.63666666666668,79.81458333333333,-0.08521603698159197,-0.05537815555440666,-0.02983788142718531
2025-11-20 10:03:00,79.0,79.0,79.0,79.0,3000,237000.0,79.445,79.62333333333335,79.81208333333333,-0.11298609151739925,-0.06689974274700519,-0.04608634877039405
2025-11-20 10:26:00,79.5,79.5,79.5,79.5,1000,79500.0,79.47,79.61666666666666,79.80958333333334,-0.09356962607947139,-0.07223371941349843,-0.02133590666597296
2025-11-20 11:04:00,78.8,78.8,78.8,78.8,1000,78800.0,79.425,79.59833333333334,79.80625,-0.13313143092348412,-0.08441326171549558,-0.048718169207988535
2025-11-20 11:06:00,78.8,78.8,78.8,78.8,1000,78800.0,79.41499999999999,79.58,79.80291666666666,-0.16260997966536195,-0.10005260530546886,-0.06255737435989309
2025-11-20 11:08:00,78.8,78.8,78.8,78.8,1000,78800.0,79.405,79.56,79.7975,-0.18385260355528033,-0.11681260495543118,-0.06703999859984915
2025-11-20 11:21:00,78.7,79.0,78.7,79.0,10000,788200.0,79.35499999999999,79.55,79.79291666666668,-0.18244608263077566,-0.1299393004905001,-0.05250678214027557
2025-11-20 11:45:00,79.1,79.1,79.1,79.1,2000,158200.0,79.30999999999999,79.53666666666668,79.78999999999999,-0.17128774193346885,-0.13820898877909385,-0.033078753154375
2025-11-20 12:18:00,79.2,79.3,79.2,79.3,4000,316900.0,79.29,79.53333333333333,79.78666666666666,-0.14463903919988752,-0.1394949988632526,-0.005144040336634931
2025-11-20 12:21:00,78.9,78.9,78.9,78.9,3000,236700.0,79.285,79.52666666666667,79.78416666666666,-0.15402094971685187,-0.14240018903397245,-0.011620760682879427
2025-11-20 12:27:00,79.2,79.2,79.2,79.2,1000,79200.0,79.245,79.52,79.78041666666668,-0.13568460097981472,-0.14105707142314092,0.005372470443326199
2025-11-20 12:47:00,79.4,79.4,79.4,79.4,1000,79400.0,79.22,79.51,79.77958333333332,-0.10381783657352628,-0.133609224453218,0.02979138787969171
2025-11-20 12:49:00,79.4,79.4,79.4,79.4,1000,79400.0,79.24,79.51,79.7775,-0.07766788911476397,-0.12242095738552719,0.044753068270763224
2025-11-20 12:50:00,79.4,79.4,79.4,79.4,1000,79400.0,79.225,79.50166666666665,79.775,-0.05629493439222699,-0.10919575278686716,0.05290081839464017
2025-11-20 12:53:00,79.3,79.3,79.3,79.3,1000,79300.0,79.205,79.49166666666666,79.77333333333334,-0.04688541220912157,-0.09673368467131804,0.049848272462196475
2025-11-20 12:54:00,79.3,79.3,79.3,79.3,1000,79300.0,79.175,79.48166666666667,79.77041666666668,-0.03897897275274431,-0.08518274228760331,0.046203769534858996
2025-11-20 13:08:00,78.1,78.1,78.1,78.1,2000,156200.0,79.13000000000001,79.46000000000001,79.7625,-0.12806675981394733,-0.09375954579287213,-0.0343072140210752
2025-11-20 13:21:00,78.9,78.9,78.9,78.9,1000,78900.0,79.08500000000001,79.44333333333334,79.75916666666667,-0.13258776950790718,-0.10152519053587915,-0.031062578972028035
2025-11-20 13:39:00,79.2,79.2,79.2,79.2,1000,79200.0,79.095,79.44,79.75583333333334,-0.1106872754560726,-0.10335760751991784,-0.007329667936154763
2025-11-20 13:44:00,78.5,79.0,78.5,78.5,9000,707500.0,79.07000000000001,79.425,79.75125000000001,-0.14810783110826264,-0.1123076522375868,-0.03580017887067584
2025-11-20 13:45:00,79.0,79.0,79.0,79.0,4000,316000.0,79.045,79.41333333333334,79.74708333333335,-0.13585205184878646,-0.11701653215982674,-0.018835519688959718
2025-11-20 13:47:00,79.3,79.3,79.3,79.3,1000,79300.0,79.06,79.40666666666668,79.74416666666667,-0.10077015012868173,-0.11376725575359777,0.01299710562491603
2025-11-21 09:01:00,79.3,79.3,79.3,79.3,4000,317200.0,79.05,79.39666666666668,79.74125000000001,-0.07213595191346656,-0.10544099498557152,0.03330504307210497
2025-11-21 09:26:00,78.5,78.5,78.5,78.5,2000,157000.0,79.035,79.37666666666668,79.735,-0.11269735272020398,-0.10689226653249803,-0.005805086187705949
2025-11-21 09:27:00,78.5,79.1,78.2,78.2,4000,314000.0,79.005,79.34666666666666,79.72875,-0.16712355161186565,-0.11893852354837157,-0.048185028063494076
2025-11-21 09:28:00,79.1,79.1,79.1,79.1,1000,79100.0,79.02000000000001,79.34,79.725,-0.13606574673652005,-0.12236396818600129,-0.013701778550518767
2025-11-21 09:29:00,78.3,79.2,78.3,79.2,2000,157500.0,79.03,79.33666666666667,79.72166666666666,-0.10220489395116772,-0.11833215333903459,0.01612725938786687
2025-11-21 09:37:00,78.3,78.3,78.3,78.3,2000,156600.0,78.99000000000001,79.31833333333334,79.71624999999999,-0.1463058794446681,-0.1239268985601613,-0.022378980884506808
2025-11-21 09:52:00,78.3,78.3,78.3,78.3,3000,234900.0,78.94,79.29333333333332,79.70916666666666,-0.17919063013677317,-0.1349796448754837,-0.04421098526128947
2025-11-21 09:54:00,78.2,78.5,78.2,78.5,5000,391300.0,78.92,79.27666666666666,79.70499999999998,-0.1869585615321796,-0.1453754282068229,-0.04158313332535671
2025-11-21 09:58:00,78.1,78.1,78.1,78.1,3000,234300.0,78.865,79.24666666666667,79.69916666666667,-0.2228227976792141,-0.16086490210130114,-0.06195789557791295
2025-11-21 09:59:00,78.0,78.0,78.0,78.0,1000,78000.0,78.79499999999999,79.215,79.69125000000001,-0.2563594750288445,-0.17996381668680983,-0.07639565834203466
2025-11-21 10:06:00,78.0,78.0,78.0,78.0,1000,78000.0,78.725,79.18666666666667,79.68291666666667,-0.27971317409161145,-0.1999136881677702,-0.07979948592384126
2025-11-21 10:08:00,78.0,78.3,78.0,78.3,8020,625866.0,78.66999999999999,79.16000000000001,79.67583333333333,-0.27089099331068667,-0.2141091491963535,-0.05678184411433318
2025-11-21 10:24:00,78.4,78.5,78.0,78.0,12000,939100.0,78.60499999999999,79.135,79.66875,-0.2848235753961603,-0.2282520344363149,-0.05657154095984543
2025-11-21 10:28:00,78.5,79.0,77.9,79.0,10000,783900.0,78.59,79.11833333333334,79.66458333333334,-0.21272148357826381,-0.2251459242647047,0.012424440686440885
2025-11-21 10:51:00,77.9,79.0,77.9,79.0,1500,117950.0,78.63499999999999,79.11,79.66041666666666,-0.1538070642499605,-0.21087815226175588,0.05707108801179539
2025-11-21 10:53:00,77.9,78.2,77.9,78.2,6000,468300.0,78.6,79.08,79.65291666666667,-0.1697139201693716,-0.20264530584327906,0.032931385673907465
2025-11-21 10:56:00,78.9,78.9,78.9,78.9,1000,78900.0,78.58500000000001,79.06833333333333,79.64874999999999,-0.12440203896471758,-0.18699665246756678,0.0625946135028492
2025-11-21 11:15:00,78.0,78.0,78.0,78.0,1000,78000.0,78.56,79.03666666666666,79.64041666666665,-0.15927846207829077,-0.1814530143897116,0.02217455231142082
2025-11-21 11:17:00,78.8,78.8,78.8,78.8,1000,78800.0,78.55,79.025,79.63875000000002,-0.12097049201537402,-0.1693565099148441,0.048386017899470085
2025-11-21 12:00:00,77.5,77.5,77.5,77.5,1,77.5,78.46000000000001,78.98833333333333,79.62833333333334,-0.19328224775507863,-0.17414165748289104,-0.01914059027218759
2025-11-21 12:10:00,78.0,78.0,78.0,78.0,1020,79560.0,78.39500000000001,78.97166666666666,79.62000000000002,-0.20784807065363964,-0.18088294011704079,-0.026965130536598853
2025-11-21 13:20:00,77.0,77.0,77.0,77.0,1000,77000.0,78.32000000000001,78.92666666666668,79.60833333333333,-0.2966634809513522,-0.20403904828390307,-0.09262443266744913
2025-11-21 13:41:00,78.2,78.2,78.2,78.2,1000,78200.0,78.32000000000001,78.91333333333334,79.60249999999999,-0.26714092798286515,-0.21665942422369552,-0.05048150375916963
2025-11-21 14:06:00,77.0,77.0,77.0,77.0,1000,77000.0,78.215,78.87999999999998,79.58999999999999,-0.3366928773325384,-0.2406661148454641,-0.09602676248707429
2025-11-21 14:13:00,77.7,77.7,77.7,77.7,20,1554.0,78.14000000000001,78.84166666666667,79.58041666666666,-0.33150773363404085,-0.25883443860317945,-0.0726732950308614
2025-11-21 15:00:00,77.9,79.0,77.5,77.8,17000,1325200.0,78.115,78.80499999999999,79.57208333333332,-0.3156902252248557,-0.2702055959275147,-0.045484629297340984
2025-11-24 09:01:00,78.0,78.0,78.0,78.0,3000,234000.0,78.1,78.77666666666666,79.56375,-0.2837455650726639,-0.27291358975654456,-0.010831975316119347
2025-11-24 09:05:00,78.7,78.7,78.7,78.7,1000,78700.0,78.11,78.77166666666668,79.55916666666667,-0.19964367389844995,-0.25825960658492564,0.05861593268647569
2025-11-24 09:12:00,77.8,78.7,77.8,78.7,2010,156487.0,78.14,78.75,79.55375000000001,-0.13147673723604214,-0.23290303271514892,0.10142629547910678
2025-11-24 09:14:00,77.7,78.0,77.7,78.0,4000,311100.0,78.14,78.71833333333333,79.5475,-0.1324117385719319,-0.21280477388650554,0.08039303531457365
2025-11-24 09:15:00,78.0,78.0,78.0,78.0,4000,312000.0,78.14,78.70166666666667,79.53916666666667,-0.13163532379439857,-0.19657088386808416,0.06493556007368559
2025-11-24 09:18:00,77.1,77.1,77.1,77.1,3000,231300.0,78.08000000000001,78.65833333333333,79.52916666666667,-0.20132177576306276,-0.1975210622470799,-0.003800713515982851
2025-11-24 09:32:00,77.9,78.0,77.6,78.0,5000,389300.0,78.08000000000001,78.62999999999998,79.5225,-0.18183028627110787,-0.19438290705188552,0.012552620780777651
2025-11-24 09:39:00,77.1,77.1,77.1,77.1,1000,77100.0,77.985,78.58333333333333,79.51041666666667,-0.23628190805067106,-0.20276270725164264,-0.033519200799028426
2025-11-24 09:41:00,78.2,78.2,78.2,78.2,1000,78200.0,77.94500000000001,78.57,79.50458333333334,-0.18850147601983736,-0.19991046100528162,0.011408984985444265
2025-11-24 09:54:00,78.2,78.2,78.2,78.2,1000,78200.0,77.94500000000001,78.54333333333332,79.49708333333334,-0.1489184996307813,-0.18971206873038157,0.040793569099600274
2025-11-24 10:28:00,77.1,77.1,77.1,77.1,2000,154200.0,77.85499999999999,78.51166666666667,79.485,-0.20395840702249757,-0.1925613363888048,-0.011397070633692774
2025-11-24 10:50:00,77.0,77.0,77.0,77.0,1000,77000.0,77.80499999999999,78.47833333333332,79.47250000000001,-0.2527337372351184,-0.20459581655806755,-0.04813792067705083
2025-11-24 10:51:00,77.0,77.0,77.0,77.0,2000,154000.0,77.715,78.43666666666667,79.46000000000001,-0.28806787073804685,-0.22129022739406343,-0.06677764334398342
2025-11-24 10:53:00,77.0,77.3,77.0,77.3,4000,308900.0,77.705,78.40833333333333,79.44875,-0.2885368599983167,-0.2347395539149141,-0.05379730608340258
2025-11-24 12:07:00,77.7,77.7,77.7,77.7,1000,77700.0,77.69,78.37833333333333,79.43916666666668,-0.2537073004729251,-0.23853310322651633,-0.015174197246408783
2025-11-24 12:47:00,77.7,77.7,77.7,77.7,1000,77700.0,77.725,78.35999999999999,79.42958333333334,-0.2235279327481976,-0.23553206913085262,0.012004136382655017
2025-11-24 13:39:00,76.8,77.1,76.8,77.1,3010,231171.0,77.66999999999999,78.33166666666668,79.41958333333334,-0.2451990499695853,-0.2374654652985992,-0.007733584670986116
2025-11-24 13:52:00,77.7,77.7,77.7,77.7,1000,77700.0,77.705,78.31333333333333,79.41000000000001,-0.21152030648242715,-0.2322764335353648,0.020756127052937667
2025-11-24 14:17:00,76.9,77.2,76.9,76.9,7000,539200.0,77.66499999999999,78.27833333333334,79.39874999999999,-0.24654100253682998,-0.23512934733565788,-0.0114116552011721
2025-11-24 14:52:00,76.7,76.7,76.7,76.7,1000,76700.0,77.61,78.23833333333333,79.38666666666667,-0.28712370169584744,-0.24552821820769583,-0.04159548348815162
2025-11-24 14:58:00,77.7,77.7,77.7,77.7,1000,77700.0,77.595,78.21166666666666,79.37875000000001,-0.23587511896636215,-0.24359759835942912,0.007722479393066972
2025-11-25 09:01:00,78.0,78.0,77.4,77.7,7000,543600.0,77.54499999999999,78.19166666666666,79.36916666666667,-0.19303505991658199,-0.23348509067085974,0.04045003075427775
2025-11-25 09:09:00,76.1,76.1,76.1,76.1,3000,228300.0,77.415,78.14000000000001,79.35333333333332,-0.28490640898108666,-0.24376935433290514,-0.041137054648181515
2025-11-25 09:10:00,76.0,76.0,76.0,76.0,3000,228000.0,77.31500000000001,78.08333333333333,79.33708333333333,-0.3616157974620364,-0.26733864295873144,-0.09427715450330498
2025-11-25 09:11:00,76.4,76.4,76.4,76.4,1000,76400.0,77.235,78.03333333333333,79.32208333333332,-0.3856859360444105,-0.29100810157586726,-0.09467783446854322
2025-11-25 09:25:00,76.4,76.5,76.1,76.5,9000,687600.0,77.205,77.985,79.30749999999999,-0.39217181742894525,-0.3112408447464829,-0.08093097268246235
2025-11-25 09:26:00,76.6,77.3,76.3,76.6,24000,1839000.0,77.135,77.94000000000001,79.295,-0.384806945950416,-0.32595406498726953,-0.05885288096314645
2025-11-25 09:27:00,77.0,77.3,76.7,77.0,12000,924400.0,77.13000000000001,77.90166666666667,79.2825,-0.34274265124842884,-0.3293117822395014,-0.013430869008927426
2025-11-25 09:28:00,77.6,77.6,77.6,77.6,1000,77600.0,77.1,77.89333333333333,79.27458333333334,-0.25801714797766806,-0.3150528553871348,0.05703570740946673
2025-11-25 09:30:00,77.0,77.0,77.0,77.0,1000,77000.0,77.03999999999999,77.86166666666666,79.26208333333334,-0.2365596494267379,-0.2993542141950554,0.06279456476831752
2025-11-25 09:32:00,77.6,77.6,77.3,77.3,5000,387100.0,77.05,77.83,79.25083333333333,-0.19312075854580257,-0.27810752306520486,0.08498676451940229
2025-11-25 09:42:00,77.6,77.6,77.6,77.6,1000,77600.0,77.08,77.815,79.24208333333333,-0.13295500918272296,-0.24907702028870848,0.11612201110598552
2025-11-25 09:55:00,76.2,77.0,76.2,76.5,6010,458870.0,77.05499999999999,77.77333333333333,79.22749999999999,-0.17205073251155056,-0.23367176273327694,0.06162103022172638
2025-11-25 09:56:00,77.5,77.5,77.5,77.5,1000,77500.0,77.06500000000001,77.74333333333334,79.21708333333332,-0.12094851309669252,-0.21112711280596008,0.09017859970926756
2025-11-25 10:08:00,77.0,77.0,77.0,77.0,1000,77000.0,77.03,77.70499999999998,79.20666666666666,-0.11941887095574089,-0.19278546443591624,0.07336659348017535
2025-11-25 10:09:00,77.5,77.5,77.5,77.5,1000,77500.0,77.02000000000001,77.68833333333332,79.19624999999999,-0.07697349468055847,-0.1696230704848447,0.09264957580428623
2025-11-25 10:12:00,77.1,77.5,77.1,77.5,4000,309000.0,77.04,77.67666666666668,79.18583333333332,-0.04284137942588018,-0.1442667322730518,0.10142535284717163
2025-11-25 10:44:00,77.2,77.2,77.2,77.2,3000,231600.0,77.015,77.645,79.175,-0.03954309676848311,-0.12332200517213807,0.08377890840365496
2025-11-25 10:46:00,77.5,77.5,77.5,77.5,1000,77500.0,77.04499999999999,77.61666666666666,79.16541666666667,-0.012576714666352018,-0.10117294707098087,0.08859623240462886
2025-11-25 11:19:00,77.0,77.5,77.0,77.5,6000,463100.0,77.085,77.60333333333332,79.155,0.00869411706230494,-0.07919953424432372,0.08789365130662866
2025-11-25 12:47:00,77.3,77.3,77.3,77.3,1000,77300.0,77.06500000000001,77.58666666666667,79.14375,0.009305804404547757,-0.06149846651454942,0.07080427091909718
2025-11-25 12:57:00,77.3,77.3,77.3,77.3,1000,77300.0,77.045,77.56666666666666,79.1325,0.009678997571214154,-0.0472629736973967,0.05694197126861086
2025-11-25 12:58:00,77.0,77.0,77.0,77.0,4000,308000.0,77.09,77.54833333333333,79.12124999999999,-0.014070540518389407,-0.040624487061595244,0.026553946543205836
2025-11-25 13:01:00,77.3,77.3,77.3,77.3,1000,77300.0,77.155,77.53666666666666,79.11,-0.00858575650860871,-0.034216740950997936,0.025630984442389225
2025-11-25 13:10:00,77.3,77.3,77.3,77.3,1000,77300.0,77.2,77.525,79.1,-0.004190717680330636,-0.028211536296864473,0.024020818616533837
2025-11-25 13:11:00,77.3,77.3,77.3,77.3,1000,77300.0,77.24,77.50833333333334,79.08791666666666,-0.0006995537245018113,-0.02270913978239194,0.022009586057890128
2025-11-25 13:15:00,77.0,77.0,77.0,77.0,3000,231000.0,77.25999999999999,77.49166666666666,79.07708333333333,-0.021887963118388143,-0.02254490444959118,0.0006569413312030384
2025-11-25 13:16:00,77.5,77.5,77.5,77.5,1000,77500.0,77.285,77.46666666666667,79.06583333333333,0.001646906594316988,-0.017706542240809548,0.019353448835126536
2025-11-25 13:31:00,77.5,77.5,77.5,77.5,2000,155000.0,77.28,77.44166666666666,79.05625,0.020067138915152327,-0.010151806009617173,0.0302189449247695
2025-11-25 14:16:00,77.0,77.0,77.0,77.0,3000,231000.0,77.28,77.42166666666667,79.04375,-0.005615780365261003,-0.009244600880745938,0.0036288205154849356
2025-11-25 14:18:00,77.3,77.3,77.3,77.3,1000,77300.0,77.28,77.395,79.03375,-0.001742104241785114,-0.007744101552953774,0.00600199731116866
2025-11-26 09:01:00,77.6,77.6,77.6,77.6,3000,232800.0,77.28,77.38833333333334,79.025,0.02524430416541179,-0.001146420409280659,0.02639072457469245
2025-11-26 09:04:00,77.3,77.6,77.3,77.6,4000,309500.0,77.335,77.36833333333334,79.015,0.04609981725748469,0.008302827124072414,0.03779699013341227
2025-11-26 09:15:00,77.1,77.4,77.1,77.4,4000,308700.0,77.33,77.36666666666666,79.00416666666666,0.04595983671985948,0.01583422904322983,0.03012560767662965
2025-11-26 09:18:00,77.0,77.0,77.0,77.0,200,15400.0,77.33,77.35,78.99166666666666,0.013417574626615192,0.015350898159906904,-0.0019333235332917118
2025-11-26 09:22:00,77.0,77.3,77.0,77.3,5000,385900.0,77.32,77.355,78.98166666666667,0.011700217435304694,0.014620762014986462,-0.0029205445796817685
2025-11-26 09:24:00,77.0,77.3,77.0,77.3,4000,308300.0,77.31,77.34,78.97041666666668,0.010221373853113391,0.01374088438261185,-0.003519510529498459
2025-11-26 09:35:00,76.8,76.8,76.8,76.8,3000,230400.0,77.28999999999999,77.33666666666666,78.95791666666666,-0.030939787060034973,0.004804750094082484,-0.035744537154117455
2025-11-26 09:36:00,77.4,77.4,77.4,77.4,1000,77400.0,77.285,77.33166666666666,78.94583333333334,-0.014972721826055135,0.0008492557100549592,-0.015821977536110095
2025-11-26 09:37:00,76.0,76.0,76.0,76.0,1000,76000.0,77.21000000000001,77.30166666666668,78.92833333333333,-0.11397319525441674,-0.022115234482839388,-0.09185796077157735
2025-11-26 09:38:00,77.4,77.4,77.4,77.4,1000,77400.0,77.215,77.29166666666667,78.91916666666665,-0.07855791722532501,-0.033403771031336515,-0.0451541461939885
2025-11-26 11:25:00,77.0,77.0,77.0,77.0,5,385.0,77.2,77.26333333333332,78.90583333333332,-0.08182448951333754,-0.04308791472773672,-0.038736574785600816
2025-11-26 12:08:00,76.2,76.5,76.2,76.5,5000,381600.0,77.175,77.22666666666666,78.89124999999999,-0.12333733686703852,-0.05913779915559709,-0.06419953771144143
2025-11-26 12:09:00,77.3,77.3,77.3,77.3,1000,77300.0,77.175,77.21499999999999,78.88166666666667,-0.09063842995763594,-0.06543792531600487,-0.025200504641631066
2025-11-26 13:55:00,77.3,77.3,77.3,77.3,1000,77300.0,77.175,77.20333333333333,78.86958333333334,-0.0639867116672832,-0.06514768258626054,0.001160970918977336
2025-11-26 13:56:00,76.5,76.8,76.1,76.1,3000,229400.0,77.115,77.18666666666667,78.85333333333332,-0.13810303822992864,-0.07973875371499417,-0.05836428451493447
2025-11-26 13:58:00,77.3,77.3,77.3,77.3,1000,77300.0,77.13000000000001,77.175,78.84208333333332,-0.09887106572793414,-0.08356521611758218,-0.01530584961035196
2025-11-26 14:10:00,76.1,76.1,76.1,76.1,3000,228300.0,77.06,77.15833333333333,78.82791666666667,-0.1627335252693598,-0.09939887794793771,-0.06333464732142209
2025-11-26 14:12:00,77.3,77.3,77.3,77.3,1000,77300.0,77.05,77.14333333333335,78.81666666666666,-0.11518720695829643,-0.10255654375000946,-0.012630663208286971
2025-11-26 14:16:00,76.0,76.0,76.0,76.0,2000,152000.0,77.0,77.10666666666667,78.80208333333333,-0.18032684694868806,-0.11811060438974519,-0.06221624255894287
2025-11-26 14:17:00,76.3,76.3,76.3,76.3,1000,76300.0,76.95,77.09333333333332,78.78666666666666,-0.2053755466910303,-0.13556359285000225,-0.06981195384102806
2025-11-26 14:27:00,76.3,77.4,76.1,76.2,12000,917200.0,76.88,77.08,78.77083333333333,-0.23063734225335963,-0.15457834273067372,-0.07605899952268591
2025-11-26 14:28:00,77.0,77.0,77.0,77.0,1000,77000.0,76.85,77.08,78.75833333333334,-0.18398333772522335,-0.16045934172958365,-0.0235239959956397
2025-11-27 09:01:00,77.0,77.4,77.0,77.4,4000,308400.0,76.85,77.08166666666666,78.7475,-0.11342554685303696,-0.15105258275427433,0.037627035901237366
2025-11-27 09:07:00,76.7,77.0,76.5,76.5,8000,613600.0,76.825,77.06166666666667,78.73375000000001,-0.12864749933946484,-0.14657156607131244,0.0179240667318476
2025-11-27 09:08:00,76.5,76.8,76.5,76.8,5000,383100.0,76.8,77.04666666666667,78.72041666666668,-0.11517583818964283,-0.14029242049497853,0.0251165823053357
2025-11-27 09:09:00,76.8,77.3,76.8,77.3,2000,154100.0,76.8,77.05,78.70916666666668,-0.06342253286496202,-0.12491844296897522,0.0614959101040132
2025-11-27 09:20:00,75.7,75.7,75.7,75.7,2000,151400.0,76.745,77.01666666666667,78.69125000000001,-0.14978763515628657,-0.12989228140643752,-0.01989535374984905
2025-11-27 09:21:00,77.3,77.3,77.3,77.3,1000,77300.0,76.74,77.02333333333334,78.68,-0.08811029210637855,-0.12153588354642572,0.03342559144004717
2025-11-27 09:36:00,75.7,75.7,75.7,75.7,1000,75700.0,76.725,77.00666666666666,78.66208333333334,-0.16641880918002983,-0.13051246867314656,-0.035906340506883266
2025-11-27 09:39:00,77.1,77.1,77.1,77.1,1000,77100.0,76.71,76.99666666666666,78.65124999999999,-0.11419421362030846,-0.12724881766257895,0.01305460404227049
2025-11-27 09:42:00,77.0,77.0,77.0,77.0,5,385.0,76.71,76.98499999999999,78.63791666666665,-0.07995335711488849,-0.11778972555304086,0.03783636843815237
2025-11-27 10:29:00,75.7,75.7,75.7,75.7,1000,75700.0,76.66999999999999,76.97833333333332,78.62166666666667,-0.15591902957228854,-0.1254155863568904,-0.030503443215398135
2025-11-27 10:32:00,77.2,77.2,77.2,77.2,1000,77200.0,76.66499999999999,76.99833333333332,78.61,-0.0940013196221372,-0.11913273300993976,0.02513141338780256
2025-11-27 11:04:00,77.2,77.2,77.2,77.2,2,154.4,76.66,77.01166666666667,78.60041666666667,-0.04441905319825423,-0.10418999704760266,0.05977094384934843
2025-11-27 11:06:00,75.7,76.0,75.7,76.0,9000,682200.0,76.655,77.00333333333333,78.58375000000001,-0.10079284385534493,-0.10351056640915111,0.002717722553806187
2025-11-27 11:08:00,76.0,76.0,76.0,76.0,1005,76380.0,76.59,76.99333333333333,78.56708333333334,-0.1438117072607099,-0.11157079457946288,-0.03224091268124703
2025-11-27 11:10:00,76.7,76.8,76.5,76.5,10000,767400.0,76.61,76.98499999999999,78.55250000000001,-0.13599102523059514,-0.11645484070968934,-0.019536184520905803
2025-11-27 11:11:00,77.0,77.0,77.0,77.0,1000,77000.0,76.595,76.975,78.54,-0.08842791509040637,-0.11084945558583276,0.022421540495426384
2025-11-27 12:42:00,77.0,77.0,77.0,77.0,50,3850.0,76.64500000000001,76.975,78.52625000000002,-0.05015564458069832,-0.09871069338480587,0.04855504880410755
2025-11-27 14:01:00,77.2,77.2,77.2,77.2,1000,77200.0,76.69000000000001,76.97333333333333,78.51458333333333,-0.003644257206076418,-0.07969740614905998,0.07605314894298357
2025-11-28 09:01:00,77.3,77.3,77.0,77.3,9000,694200.0,76.745,76.96833333333332,78.50416666666666,0.04081502643167312,-0.05559491963291336,0.09640994606458647
2025-11-28 09:04:00,76.8,76.8,76.8,76.8,1000,76800.0,76.735,76.97333333333334,78.49000000000001,0.03529663012012918,-0.03741660968230485,0.07271323980243402
2025-11-28 09:05:00,75.5,75.5,75.5,75.5,2000,151000.0,76.64,76.94,78.47041666666668,-0.0731328442563779,-0.04455985659711946,-0.028572987659258434
2025-11-28 09:06:00,76.3,77.1,76.0,77.1,11000,841400.0,76.66999999999999,76.94166666666665,78.45916666666668,-0.02961596128346855,-0.04157107753438928,0.01195511625092073
2025-11-28 09:09:00,76.8,76.8,76.8,76.8,2000,153600.0,76.67,76.93,78.44583333333334,-0.019115657401187036,-0.037079993507748835,0.0179643361065618
2025-11-28 09:10:00,77.3,77.3,77.3,77.3,1000,77300.0,76.67,76.92666666666666,78.43458333333335,0.02921495854533873,-0.023821003097131317,0.05303596164247005
2025-11-28 09:24:00,76.2,76.5,76.2,76.5,5000,381600.0,76.71000000000001,76.91499999999999,78.42000000000002,0.0029302279217375826,-0.01847075689335754,0.02140098481509512
2025-11-28 09:26:00,76.0,76.0,76.0,76.0,3000,228000.0,76.64500000000001,76.89,78.40333333333335,-0.05758265479386182,-0.0262931364734584,-0.03128951832040342
2025-11-28 09:30:00,76.7,77.1,76.5,77.1,12000,921400.0,76.715,76.88333333333334,78.39125,-0.01658753265033397,-0.024352015708833514,0.007764483058499545
2025-11-28 09:51:00,76.6,76.6,76.6,76.6,1000,76600.0,76.69,76.87166666666667,78.37791666666665,-0.02416585538516358,-0.02431478364409953,0.00014892825893594863
2025-11-28 09:52:00,77.2,77.2,77.2,77.2,1000,77200.0,76.7,76.86999999999999,78.36625,0.018035354499346568,-0.01584475601541031,0.03388011051475688
2025-11-28 10:06:00,75.8,75.8,75.8,75.8,11000,833800.0,76.705,76.85,78.34791666666666,-0.06078746230907939,-0.024833297274144128,-0.03595416503493526
2025-11-28 10:07:00,77.2,77.2,77.2,77.2,1000,77200.0,76.705,76.84833333333333,78.3375,-0.010169584169702262,-0.021900554653255758,0.011730970483553496
2025-11-28 10:44:00,76.0,76.0,76.0,76.0,2000,152000.0,76.645,76.82666666666665,78.32083333333334,-0.06612230546598141,-0.030744904815800896,-0.03537740065018052
2025-11-28 10:45:00,77.1,77.1,77.1,77.1,1000,77100.0,76.7,76.82333333333332,78.30875,-0.02145708932526702,-0.028887341717694127,0.0074302523924271065
2025-11-28 10:58:00,75.7,75.7,75.7,75.7,805,60938.5,76.68499999999999,76.80166666666666,78.29333333333332,-0.09789936056175463,-0.04268974548650623,-0.0552096150752484
2025-11-28 11:01:00,77.1,77.1,77.1,77.1,1000,77100.0,76.715,76.795,78.28208333333333,-0.04499345499988294,-0.04315048738918158,-0.0018429676107013654
2025-11-28 11:24:00,76.0,76.0,76.0,76.0,3000,228000.0,76.66499999999999,76.77,78.26458333333333,-0.09077950101266197,-0.052676290113877665,-0.0381032108987843
2025-11-28 11:25:00,77.0,77.0,77.0,77.0,1000,77000.0,76.66499999999999,76.77,78.25291666666666,-0.045845155284638395,-0.051310063148029814,0.005464907863391419
2025-11-28 11:30:00,75.7,75.7,75.7,75.7,1000,75700.0,76.59,76.74333333333334,78.23708333333335,-0.11382143535203681,-0.06381233758883123,-0.050009097763205584
2025-11-28 11:31:00,77.0,77.0,77.0,77.0,1000,77000.0,76.575,76.73333333333333,78.22458333333334,-0.06207839055754505,-0.063465548182574,0.0013871576250289452
2025-11-28 13:49:00,75.7,75.7,75.7,75.7,100,7570.0,76.52,76.70166666666665,78.20875,-0.12453522565520814,-0.07567948367710083,-0.04885574197810731
2025-11-28 13:51:00,77.0,77.0,77.0,77.0,2000,154000.0,76.595,76.695,78.19624999999999,-0.06834573491228468,-0.0742127339241376,0.005866999011852919
2025-11-28 14:27:00,75.7,75.7,75.7,75.7,3000,227100.0,76.525,76.67333333333333,78.17958333333333,-0.12724746455914726,-0.08481968005113955,-0.042427784508007715
2025-11-28 14:28:00,76.9,76.9,76.9,76.9,1000,76900.0,76.53,76.66666666666667,78.16666666666667,-0.07621893405956826,-0.0830995308528253,0.006880596793257046
2025-12-01 09:04:00,76.9,76.9,76.9,76.9,1000,76900.0,76.50999999999999,76.66,78.15583333333332,-0.03537072430566468,-0.07355376954339318,0.0381830452377285
2025-12-01 09:42:00,75.8,76.8,75.8,76.8,2000,152600.0,76.525,76.66000000000001,78.1425,-0.010941263965079884,-0.061031268427730524,0.05009000446265064
2025-12-01 09:45:00,75.8,76.8,75.8,76.8,5000,380600.0,76.565,76.65,78.13125,0.008323313383982622,-0.04716035206538789,0.055483665449370514
2025-12-01 09:57:00,75.7,75.7,75.7,75.7,1000,75700.0,76.495,76.645,78.11333333333333,-0.06442749710758733,-0.05061378107382779,-0.01381371603375954
2025-12-01 09:59:00,76.8,76.8,76.8,76.8,1000,76800.0,76.50500000000001,76.635,78.1,-0.03294249111543479,-0.047079523082149195,0.014137031966714404
2025-12-01 10:01:00,75.7,76.0,75.7,76.0,5000,379100.0,76.44500000000001,76.61833333333334,78.08333333333333,-0.07171700219149102,-0.052007018904017564,-0.019709983287473455
2025-12-01 10:02:00,76.7,76.7,76.0,76.3,5000,381900.0,76.47,76.61500000000001,78.06916666666666,-0.07734698092981773,-0.0570750113091776,-0.02027196962064013
2025-12-01 10:05:00,76.8,76.8,76.8,76.8,1000,76800.0,76.45,76.60666666666665,78.05583333333333,-0.04099044597060697,-0.05385809824146348,0.012867652270856511
2025-12-01 10:18:00,75.9,76.8,75.9,76.8,1005,76284.0,76.49,76.59833333333333,78.04249999999999,-0.012038853669565697,-0.04549424932708392,0.033455395657518226
2025-12-01 10:22:00,76.8,76.8,76.8,76.8,5,384.0,76.475,76.61,78.03125,0.010781212704984,-0.03423915692067034,0.04502036962565434
2025-12-01 10:38:00,76.8,76.8,76.8,76.8,1000,76800.0,76.53,76.60166666666667,78.01791666666666,0.028537319263904237,-0.021683861683755423,0.05022118094765966
2025-12-01 10:54:00,76.0,76.0,76.0,76.0,2000,152000.0,76.475,76.6,78.00291666666666,-0.02169407667157941,-0.02168590468132022,-8.17199025918841e-06
2025-12-01 10:55:00,76.8,76.8,76.8,76.8,1000,76800.0,76.515,76.59166666666667,77.99,0.003015730805429939,-0.01674557758397019,0.01976130838940013
2025-12-01 12:31:00,75.7,75.7,75.7,75.7,4000,302800.0,76.45,76.58666666666666,77.97416666666666,-0.06540838847389807,-0.02647813976195577,-0.0389302487119423
2025-12-01 12:32:00,76.7,76.7,76.7,76.7,1000,76700.0,76.5,76.59333333333333,77.96083333333334,-0.03849955442238695,-0.02888242269404201,-0.009617131728344941
2025-12-01 12:34:00,75.7,76.0,75.7,76.0,4010,304160.0,76.45,76.58999999999999,77.94625,-0.07281884906097957,-0.03766970796742953,-0.035149141093550045
2025-12-01 12:35:00,76.7,76.7,76.7,76.7,1000,76700.0,76.5,76.585,77.93458333333334,-0.043036885042084805,-0.03874314338236059,-0.0042937416597242165
2025-12-01 12:58:00,75.7,75.7,75.7,75.7,1,75.7,76.435,76.55666666666666,77.9175,-0.09898506838864307,-0.0507915283836171,-0.04819354000502597
2025-12-01 13:01:00,76.7,76.7,76.7,76.7,1000,76700.0,76.485,76.56,77.90416666666667,-0.061919000430634696,-0.053017022793020625,-0.008901977637614071
2025-12-01 13:37:00,75.8,75.8,75.8,75.8,1000,75800.0,76.42999999999999,76.54333333333332,77.88708333333332,-0.1039678759572098,-0.06320719342585847,-0.04076068253135133
2025-12-01 13:39:00,76.7,76.7,76.7,76.7,1000,76700.0,76.41999999999999,76.53333333333333,77.87375,-0.06393246076056869,-0.06335224689280052,-0.0005802138677681729
2025-12-01 14:09:00,76.5,76.5,76.5,76.5,5,382.5,76.405,76.54666666666667,77.85916666666667,-0.04779152337562209,-0.060240102189364826,0.012448578813742735
2025-12-01 14:10:00,76.7,76.7,76.7,76.7,1000,76700.0,76.4,76.53666666666666,77.84708333333333,-0.01864644111246605,-0.051921369973985075,0.033274928861519025
2025-12-02 09:01:00,77.0,77.2,76.9,77.2,7000,538900.0,76.475,76.56166666666667,77.83583333333334,0.04428655998957254,-0.03267978398127355,0.07696634397084609
2025-12-02 09:02:00,76.0,76.0,76.0,76.0,1000,76000.0,76.435,76.54333333333334,77.82125,-0.0026381435343552084,-0.02667145589188988,0.024033312357534673
2025-12-02 09:03:00,76.5,76.5,76.5,76.5,1000,76500.0,76.46000000000001,76.53500000000001,77.80958333333335,0.0005135918076888402,-0.021234446351974138,0.021748038159662978
2025-12-02 09:10:00,76.9,76.9,76.9,76.9,1000,76900.0,76.49,76.55499999999999,77.79833333333333,0.03488587913484764,-0.01001038125460978,0.04489626038945742
2025-12-02 09:22:00,76.0,76.0,76.0,76.0,1000,76000.0,76.45,76.535,77.78166666666667,-0.010376697792722211,-0.010083644562232267,-0.00029305323048994456
2025-12-02 09:23:00,76.8,76.8,75.3,75.3,3000,227400.0,76.375,76.50333333333333,77.76458333333333,-0.10156103358733048,-0.02837912236725192,-0.07318191122007857
2025-12-02 09:24:00,76.8,76.8,76.8,76.8,1000,76800.0,76.375,76.51666666666667,77.75166666666668,-0.05218624216045953,-0.033140546325893444,-0.019045695834566084
2025-12-02 09:27:00,75.3,75.6,75.3,75.6,4000,301500.0,76.315,76.51,77.73375,-0.10863406947945009,-0.04823925095660478,-0.06039481852284531
2025-12-02 09:28:00,76.8,76.8,76.8,76.8,1000,76800.0,76.35499999999999,76.515,77.72083333333333,-0.05589508439342694,-0.049770417643969216,-0.006124666749457726
2025-12-02 09:31:00,76.0,76.0,75.3,76.0,10000,755400.0,76.315,76.49833333333332,77.70666666666666,-0.07775604953236837,-0.05536754402164905,-0.022388505510719317
2025-12-02 09:33:00,75.1,75.1,75.1,75.1,5000,375500.0,76.285,76.46666666666667,77.68666666666668,-0.1657923492904274,-0.07745250507540474,-0.08833984421502267
2025-12-02 09:34:00,75.1,75.1,75.1,75.1,1000,75100.0,76.205,76.43166666666667,77.66875,-0.2328772867158051,-0.10853746140348483,-0.12433982531232027
2025-12-02 09:35:00,76.0,77.7,75.3,77.7,23000,1744000.0,76.28999999999999,76.43833333333333,77.66166666666666,-0.07537543100387722,-0.10190505532356332,0.0265296243196861
2025-12-02 09:36:00,75.1,75.1,75.1,75.1,2000,150200.0,76.21000000000001,76.41,77.6425,-0.15852496933779037,-0.11322903812640873,-0.04529593121138163
2025-12-02 09:37:00,75.9,75.9,75.1,75.1,3000,226100.0,76.18,76.40333333333334,77.62333333333335,-0.22186406667248093,-0.13495604383562318,-0.08690802283685775
2025-12-02 09:38:00,75.9,77.7,75.6,77.7,11000,836400.0,76.22999999999999,76.41333333333334,77.61416666666666,-0.06155294274185508,-0.12027542361686956,0.058722480875014485
2025-12-02 09:42:00,75.6,75.6,75.6,75.6,2000,151200.0,76.22,76.39333333333335,77.59708333333333,-0.10277296880484244,-0.11677493265446415,0.014001963849621712
2025-12-02 09:43:00,75.6,75.6,75.6,75.6,200,15120.0,76.16499999999999,76.365,77.57874999999999,-0.13389665909573978,-0.1201992779427193,-0.01369738115302048
2025-12-02 09:44:00,76.1,77.7,75.8,77.7,10000,761400.0,76.225,76.385,77.57124999999999,0.010765938643260142,-0.0940062346255234,0.10477217326878355
2025-12-02 09:46:00,75.8,75.8,75.8,75.8,1000,75800.0,76.17999999999999,76.38166666666666,77.55625,-0.027584059579965015,-0.08072179961641174,0.05313774003644672
2025-12-02 09:48:00,76.3,76.6,76.0,76.3,24000,1829300.0,76.13499999999999,76.36833333333333,77.54333333333332,-0.01742996634082772,-0.06806343296129494,0.05063346662046722
2025-12-02 09:49:00,76.4,76.8,76.4,76.8,2000,153200.0,76.175,76.37166666666667,77.53083333333333,0.03061019179627067,-0.04832870800978182,0.07893889980605248
2025-12-02 09:57:00,75.8,75.8,75.8,75.8,3000,227400.0,76.14,76.34833333333334,77.51541666666667,-0.011872421535585431,-0.041037450714942546,0.029165029179357115
2025-12-02 09:58:00,76.7,76.7,76.7,76.7,1000,76700.0,76.13,76.36333333333333,77.50208333333333,0.026773649746147044,-0.027475230622724625,0.05424888036887167
2025-12-02 11:08:00,75.1,76.8,75.1,76.8,2000,151900.0,76.17,76.35666666666667,77.48916666666668,0.06472400588143046,-0.009035383321893605,0.07375938920332406
2025-12-02 11:17:00,75.8,75.8,75.8,75.8,1000,75800.0,76.195,76.35333333333334,77.47291666666666,0.013947515607014793,-0.004438803536111925,0.018386319143126717
2025-12-02 11:18:00,76.8,76.8,76.8,76.8,1000,76800.0,76.195,76.34833333333333,77.46,0.05377849883238639,0.007204656937587741,0.04657384189479865
2025-12-02 12:33:00,75.4,75.4,75.4,75.4,1000,75400.0,76.185,76.34333333333333,77.44291666666666,-0.027308662444966103,0.00030199306107697054,-0.027610655506043073
2025-12-02 12:34:00,76.6,76.6,76.6,76.6,1000,76600.0,76.175,76.335,77.42875,0.005199215898358034,0.0012814376285331837,0.00391777826982485
2025-12-02 13:02:00,76.6,76.6,76.6,76.6,50,3830.0,76.205,76.345,77.41666666666667,0.03060910102890091,0.007146970308606731,0.023462130720294176
2025-12-02 13:03:00,76.3,76.3,76.3,76.3,1000,76300.0,76.265,76.33333333333333,77.40124999999999,0.0262366850938065,0.010964913265646687,0.015271771828159813
2025-12-02 13:04:00,76.7,76.7,76.7,76.7,1000,76700.0,76.345,76.35,77.38916666666667,0.05442084143989234,0.01965609890049582,0.03476474253939652
2025-12-02 13:28:00,76.0,76.0,76.0,76.0,2000,152000.0,76.25999999999999,76.33333333333333,77.37291666666667,0.02004180904506825,0.019733240929410308,0.0003085681156579402
2025-12-02 13:31:00,76.0,76.0,76.0,76.0,31000,2356000.0,76.30499999999999,76.33833333333334,77.35833333333333,-0.007121726979889331,0.01436224734755038,-0.02148397432743971
2025-12-02 13:32:00,76.0,76.0,76.0,76.0,30000,2280000.0,76.35,76.32166666666667,77.34291666666668,-0.028322540367199167,0.005825289804600469,-0.034147830171799634
2025-12-02 13:35:00,76.6,76.6,76.6,76.6,1000,76600.0,76.295,76.33666666666667,77.33291666666668,0.0032531476098967005,0.005310861365659715,-0.0020577137557630147
2025-12-02 13:37:00,76.3,76.3,76.3,76.3,60000,4578000.0,76.33,76.32666666666665,77.31875,0.004023237647686528,0.0050533366220650786,-0.0010300989743785502
2025-12-02 13:38:00,76.0,76.6,76.0,76.6,2000,152600.0,76.38,76.32166666666667,77.30875,0.028512359612918203,0.009745141220235705,0.0187672183926825
2025-12-03 09:16:00,76.4,76.4,76.4,76.4,1000,76400.0,76.315,76.315,77.29791666666667,0.031419650501774754,0.014080043076543518,0.017339607425231236
2025-12-03 09:19:00,75.6,75.6,75.6,75.6,2000,151200.0,76.30499999999999,76.295,77.27958333333335,-0.03047828000411812,0.00516837846041119,-0.03564665846452931
2025-12-03 09:22:00,76.3,76.3,76.3,76.3,1000,76300.0,76.305,76.305,77.26416666666667,-0.022786022936060135,-0.0004225018188830769,-0.022363521117177057
2025-12-03 09:38:00,75.7,76.3,75.7,76.3,9000,682800.0,76.28,76.29666666666667,77.25,-0.016499656025899867,-0.0036379326602864357,-0.01286172336561343
2025-12-03 09:51:00,76.3,77.8,76.3,77.8,3000,230400.0,76.38,76.32666666666665,77.24499999999999,0.1082717101404711,0.01874399589986508,0.08952771424060602
2025-12-03 09:55:00,76.0,76.0,76.0,76.0,3000,228000.0,76.345,76.32166666666666,77.22833333333332,0.06120344477064066,0.027235885674020202,0.033967559096620456
2025-12-03 09:56:00,76.6,76.6,76.6,76.6,1000,76600.0,76.335,76.31833333333334,77.21458333333334,0.07149237139233833,0.03608718281768383,0.035405188574654495
2025-12-03 11:13:00,75.8,75.8,75.8,75.8,1000,75800.0,76.335,76.30166666666668,77.20125,0.014921104541613772,0.03185396716246982,-0.016932862620856047
2025-12-03 11:14:00,76.3,76.3,76.3,76.3,1000,76300.0,76.31,76.29333333333334,77.18708333333333,0.01031488573217132,0.027546150876410117,-0.017231265144238797
2025-12-03 11:16:00,75.8,76.3,75.8,76.3,3000,227900.0,76.35499999999999,76.285,77.17291666666667,0.0065884762862253865,0.02335461595837317,-0.016766139672147785
2025-12-03 11:31:00,75.7,75.7,75.7,75.7,1000,75700.0,76.31,76.28,77.15541666666667,-0.044269405488051916,0.009829811669088152,-0.05409921715714007
2025-12-03 11:32:00,76.3,76.3,76.3,76.3,1000,76300.0,76.295,76.27166666666666,77.14416666666666,-0.035747581744416834,0.0007143329863871524,-0.036461914730803985
2025-12-03 12:59:00,75.8,75.8,75.8,75.8,3000,227400.0,76.27,76.27333333333333,77.1275,-0.06854959924731929,-0.013138453460354143,-0.05541114578696515
2025-12-03 13:05:00,76.1,76.1,75.8,75.8,9200,698860.0,76.225,76.25833333333334,77.11416666666668,-0.09346799359576607,-0.029204361487436537,-0.06426363210832954
2025-12-03 13:06:00,76.2,76.2,76.2,76.2,1000,76200.0,76.235,76.26166666666667,77.10249999999999,-0.08001695790187568,-0.039366880770324374,-0.04065007713155131
2025-12-03 13:27:00,76.2,76.2,76.2,76.2,5,381.0,76.245,76.25333333333333,77.08874999999999,-0.06856652300891142,-0.04520680921804179,-0.02335971379086963
2025-12-04 09:01:00,76.2,76.2,76.2,76.2,2000,152400.0,76.25500000000001,76.26166666666668,77.07708333333333,-0.058813999682413964,-0.04792824731091623,-0.010885752371497734
2025-12-04 09:33:00,76.5,76.5,76.2,76.2,6000,458100.0,76.23499999999999,76.25333333333333,77.06333333333333,-0.050502888817703706,-0.04844317561227373,-0.0020597132054299763
2025-12-04 09:37:00,75.7,76.2,75.7,76.2,3005,227481.0,76.22999999999999,76.26,77.05250000000001,-0.04341580322491723,-0.04743770113480243,0.004021897909885205
2025-12-04 09:53:00,76.5,76.5,76.5,76.5,1000,76500.0,76.225,76.25666666666666,77.04291666666668,-0.013436852367618712,-0.040637531381365694,0.02720067901374698
2025-12-04 10:35:00,75.7,75.7,75.7,75.7,1000,75700.0,76.19,76.24333333333333,77.02999999999999,-0.05361360765185452,-0.04323274663546346,-0.01038086101639106
2025-12-04 10:38:00,76.5,76.5,76.5,76.5,1000,76500.0,76.235,76.24,77.01958333333332,-0.02066247737424476,-0.038718692783219724,0.018056215408974965
2025-12-04 12:04:00,75.7,75.7,75.7,75.7,1000,75700.0,76.205,76.21499999999999,77.00541666666666,-0.05842825875362223,-0.04266060597730023,-0.015767652776322
2025-12-04 12:06:00,76.5,76.5,76.5,76.5,1000,76500.0,76.215,76.22333333333333,76.99375,-0.023533320988136097,-0.03883514897946741,0.015301827991331313
2025-12-04 12:11:00,75.7,76.5,75.7,76.5,8000,607300.0,76.15,76.22333333333333,76.98375,0.0040742037111840546,-0.030253278441337118,0.03432748215252117
2025-12-04 12:17:00,75.7,76.5,75.7,76.5,5000,379600.0,76.175,76.21666666666667,76.9725,0.02565760108286952,-0.01907110253649579,0.044728703619365304
2025-12-04 12:29:00,76.5,76.5,76.5,76.5,66,5049.0,76.17,76.225,76.96041666666666,0.042275275934414935,-0.00680182684231364,0.049077102776728575
2025-12-04 13:03:00,76.3,76.3,76.3,76.3,5,381.5,76.195,76.24166666666666,76.94749999999999,0.03885863627752428,0.002330265781653947,0.036528370495870335
2025-12-04 13:12:00,76.3,76.3,76.3,76.3,1000,76300.0,76.195,76.23333333333333,76.93458333333335,0.03573894838365277,0.009012002302053713,0.026726946081599055
2025-12-05 09:08:00,76.3,76.3,76.3,76.3,1000,76300.0,76.19500000000001,76.24499999999999,76.92208333333333,0.03288746700373224,0.01378709524238942,0.01910037176134282
2025-12-05 09:19:00,76.3,76.3,76.3,76.3,5,381.5,76.225,76.23666666666668,76.90958333333333,0.030278614446771712,0.01708539908326588,0.01319321536350583
2025-12-05 09:24:00,76.5,76.5,76.5,76.5,1000,76500.0,76.235,76.24500000000002,76.90291666666667,0.043844002164846074,0.022437119699581922,0.021406882465264152
2025-12-05 09:27:00,75.4,75.4,75.4,75.4,2000,150800.0,76.215,76.25,76.88833333333334,-0.0337767795621744,0.011194339847230656,-0.044971119409405055
2025-12-05 09:28:00,76.4,76.4,76.4,76.4,1000,76400.0,76.245,76.27166666666666,76.87666666666665,-0.014433782002882367,0.006068715477208051,-0.02050249748009042
2025-12-05 10:43:00,75.4,75.4,75.4,75.4,1000,75400.0,76.20500000000001,76.23333333333333,76.86375,-0.07888660406322856,-0.010922348430879277,-0.06796425563234929
2025-12-05 10:45:00,76.4,76.4,75.4,76.3,9000,681100.0,76.21000000000001,76.25333333333334,76.85249999999999,-0.05668996489040978,-0.020075871722785382,-0.0366140931676244
2025-12-05 12:16:00,76.3,76.3,76.3,76.3,5,381.5,76.215,76.27333333333333,76.83999999999999,-0.03865339613803087,-0.023791376605834483,-0.014862019532196388
2025-12-05 13:02:00,76.3,76.3,76.3,76.3,1000,76300.0,76.22,76.25,76.8275,-0.024081686760652588,-0.023849438636798108,-0.00023224812385447963
2025-12-05 13:04:00,76.3,76.3,76.3,76.3,10,763.0,76.225,76.26166666666667,76.81833333333334,-0.012390670162872652,-0.02155768494201302,0.009167014779140368
2025-12-05 13:37:00,75.2,75.2,75.2,75.2,2000,150400.0,76.16,76.25500000000001,76.80583333333333,-0.09083912530519456,-0.03541397301464933,-0.055425152290545225
2025-12-05 13:39:00,76.3,76.3,76.3,76.3,1000,76300.0,76.19,76.23166666666665,76.79416666666667,-0.0635170987038407,-0.04103459815248761,-0.02248250055135309
2025-12-08 09:01:00,76.3,76.3,76.3,76.3,3000,228900.0,76.17999999999999,76.24000000000001,76.78208333333333,-0.041387110925512616,-0.04110510070709262,-0.00028201021841999657
2025-12-08 09:05:00,76.0,76.0,76.0,76.0,2000,152000.0,76.19500000000001,76.235,76.77250000000001,-0.04750877735645531,-0.04238583603696516,-0.0051229413194901485
2025-12-08 09:09:00,76.4,76.4,76.3,76.3,2000,152700.0,76.185,76.22666666666667,76.76416666666667,-0.02783192025981407,-0.039475052881534946,0.011643132621720877
2025-12-08 09:49:00,76.4,76.4,76.4,76.4,1000,76400.0,76.17999999999999,76.23666666666666,76.75541666666668,-0.004121198372033064,-0.03240428197963457,0.028283083607601504
2025-12-08 11:41:00,75.7,75.7,75.7,75.7,1000,75700.0,76.14,76.22,76.74541666666666,-0.04133791258107067,-0.03419100809992179,-0.00714690448114888
2025-12-08 11:44:00,76.0,76.4,75.7,76.4,11000,836700.0,76.135,76.21333333333334,76.73875,-0.014184763741084794,-0.030189759228154388,0.016004995487069594
2025-12-08 11:59:00,75.7,75.7,75.7,75.7,1000,75700.0,76.105,76.21166666666666,76.72916666666667,-0.04858973529103139,-0.033869754440729795,-0.014719980850301594
2025-12-08 12:00:00,76.3,76.3,76.0,76.0,2000,152300.0,76.09,76.19833333333334,76.71958333333333,-0.051059844222862694,-0.03730777239715638,-0.013752071825706313
2025-12-08 12:02:00,77.7,77.7,76.1,76.3,6000,459300.0,76.09,76.21333333333334,76.7125,-0.028481612255234268,-0.03554254036877196,0.007060928113537694
2025-12-08 12:41:00,75.8,76.3,75.8,76.3,3005,227781.5,76.09,76.20833333333333,76.70125,-0.010467537497063972,-0.030527539794430365,0.020060002297366392
2025-12-08 14:47:00,75.8,75.8,75.8,75.8,1000,75800.0,76.05499999999999,76.195,76.68791666666667,-0.03612069787175187,-0.03164617140989467,-0.004474526461857205
2025-12-08 14:51:00,76.5,76.5,76.5,76.5,1000,76500.0,76.11,76.19833333333332,76.68083333333333,3.275993009310696e-05,-0.02531038514189711,0.025343145071990217
2025-12-09 09:01:00,76.5,76.5,76.5,76.5,2000,153000.0,76.115,76.195,76.67083333333333,0.028357745274220747,-0.014576759058673538,0.04293450433289429
2025-12-09 09:45:00,75.3,75.3,75.3,75.3,1000,75300.0,76.10999999999999,76.18333333333334,76.65958333333334,-0.04549997555615448,-0.02076140235816973,-0.02473857319798475
2025-12-09 09:47:00,76.6,76.6,76.6,76.6,1000,76600.0,76.125,76.19333333333334,76.65041666666666,0.0008565106941915701,-0.016437819747697473,0.017294330441889043
2025-12-09 09:49:00,75.3,76.6,75.3,76.6,2000,151900.0,76.14,76.20333333333333,76.64666666666666,0.0371659342727213,-0.0057170689436137154,0.042883003216335015
2025-12-09 09:52:00,75.3,75.6,75.3,75.3,6000,452700.0,76.09,76.18166666666666,76.63541666666667,-0.03851375875574092,-0.01227640690603916,-0.026237351849701763
2025-12-09 09:57:00,76.4,76.4,75.8,75.8,1121,85571.8,76.065,76.17333333333335,76.63041666666666,-0.05748202242470768,-0.021317530009772868,-0.036164492414934815
2025-12-09 09:58:00,76.5,76.5,76.5,76.5,1000,76500.0,76.13,76.17166666666667,76.62333333333335,-0.015847676040849024,-0.0202235592159881,0.004375883175139077
2025-12-09 10:14:00,75.5,76.5,75.5,76.5,2000,152000.0,76.14,76.17333333333335,76.62125,0.01695242640850836,-0.012788362091088808,0.029740788499597166
2025-12-09 11:47:00,75.5,75.5,75.5,75.5,2000,151000.0,76.1,76.17166666666667,76.61208333333335,-0.03731475744351087,-0.017693641161573223,-0.019621116281937648
2025-12-09 11:49:00,75.8,76.5,75.8,76.5,4000,303900.0,76.125,76.175,76.60666666666667,0.0003655373441517895,-0.01408180546042822,0.014447342804580009
2025-12-09 11:53:00,75.5,75.5,75.5,75.5,2000,151000.0,76.085,76.16166666666666,76.59625000000001,-0.04988910961530735,-0.02124326629140405,-0.028645843323903297
2025-12-09 11:55:00,76.4,76.4,76.4,76.4,1000,76400.0,76.08500000000001,76.13833333333334,76.58666666666666,-0.016898999858582897,-0.02037441300483982,0.0034754131462569234
2025-12-09 12:08:00,75.5,75.5,75.5,75.5,1000,75500.0,76.075,76.13000000000001,76.57333333333332,-0.06265433836988166,-0.028830398077848197,-0.033823940292033464
2025-12-09 12:10:00,76.4,76.4,76.4,76.4,1000,76400.0,76.075,76.12666666666668,76.56666666666666,-0.025993656709275115,-0.02826304980413358,0.0022693930948584663
2025-12-09 13:02:00,76.3,76.3,76.3,76.3,100,7630.0,76.10499999999999,76.13499999999999,76.55958333333334,-0.0049518843916018795,-0.02360081672162724,0.01864893233002536
2025-12-09 13:07:00,75.6,75.6,75.6,75.6,1000,75600.0,76.085,76.12333333333332,76.55333333333334,-0.04425018944880321,-0.02773069126706244,-0.016519498181740772
2025-12-09 13:08:00,76.1,76.1,76.1,76.1,1000,76100.0,76.075,76.12000000000002,76.54541666666667,-0.034649144243488195,-0.029114381862347594,-0.0055347623811406
2025-12-09 13:11:00,75.6,75.6,75.6,75.6,1000,75600.0,76.03999999999999,76.11833333333333,76.53916666666666,-0.06661813567244224,-0.036615132624366525,-0.03000300304807571
2025-12-09 13:12:00,76.3,76.3,76.3,76.3,1000,76300.0,76.065,76.11833333333334,76.53125,-0.03506542940540669,-0.03630519198057456,0.00123976257516787
2025-12-09 13:13:00,76.0,76.3,76.0,76.3,2000,152300.0,76.05499999999999,76.12666666666668,76.52333333333334,-0.009945042108952862,-0.03103316200625022,0.021088119897297357
2025-12-09 13:18:00,75.6,76.3,75.6,76.3,2000,151900.0,76.045,76.135,76.52,0.009849506822547482,-0.02285662824049068,0.03270613506303816
2025-12-09 13:29:00,76.3,76.3,76.3,76.3,5,381.5,76.095,76.13666666666667,76.51708333333333,0.025245811463221912,-0.01323614029974816,0.038481951762970076
2025-12-09 13:33:00,75.6,75.6,75.6,75.6,1000,75600.0,76.04499999999999,76.12666666666668,76.51125,-0.018819714091407036,-0.014352855058079938,-0.004466859033327098
2025-12-09 13:34:00,76.3,76.3,76.3,76.3,1000,76300.0,76.03,76.12833333333333,76.50708333333334,0.002710939267132062,-0.010940096193037537,0.0136510354601696
2025-12-09 13:40:00,75.6,75.6,75.6,75.6,1000,75600.0,76.045,76.11833333333333,76.49833333333332,-0.03629166495929326,-0.016010409946288683,-0.020281255013004575
2025-12-09 13:41:00,76.3,76.3,76.3,76.3,1000,76300.0,76.07000000000001,76.11999999999999,76.49249999999999,-0.0105952247952672,-0.014927372916084385,0.004332148120817185
2025-12-10 09:05:00,75.6,75.6,75.6,75.6,3000,226800.0,76.025,76.105,76.48625,-0.04618239874316998,-0.021178378081501508,-0.025004020661668475
2025-12-10 09:06:00,76.2,76.2,76.2,76.2,1000,76200.0,76.01,76.11333333333333,76.48,-0.0256745447280764,-0.02207761141081649,-0.0035969333172599094
2025-12-10 09:09:00,75.6,75.6,75.6,75.6,3000,226800.0,76.015,76.09833333333333,76.47458333333334,-0.05717779819512714,-0.029097648767678622,-0.028080149427448516
2025-12-10 09:10:00,76.2,76.2,76.2,76.2,1000,76200.0,76.0,76.10666666666667,76.47250000000001,-0.03334498768415983,-0.029947116550974866,-0.0033978711331849668
2025-12-10 10:28:00,75.3,75.6,75.2,75.2,13020,980312.0,75.985,76.08500000000001,76.46208333333334,-0.09406463770909568,-0.042770620782599036,-0.05129401692649664
2025-12-10 10:29:00,75.5,76.9,75.2,76.9,12000,907300.0,76.01,76.09166666666667,76.45875,-0.00495251578892919,-0.035206999783865066,0.030254483994935875
2025-12-10 11:44:00,74.3,74.3,74.3,74.3,1000,74300.0,75.95,76.055,76.45125,-0.14248629473136987,-0.05666285877336604,-0.08582343595800382
2025-12-10 11:46:00,76.0,76.0,74.3,74.3,16000,1192000.0,75.845,76.01833333333335,76.44416666666667,-0.24861690450414642,-0.09505366791952213,-0.15356323658462429
2025-12-10 11:47:00,76.0,76.0,74.2,74.2,7000,521200.0,75.74,75.98333333333333,76.43499999999999,-0.33691163404687074,-0.14342526114499188,-0.19348637290187887
2025-12-10 11:48:00,74.5,75.9,74.2,75.9,15000,1120800.0,75.755,75.97666666666667,76.43249999999999,-0.2666364320185721,-0.16806749531970794,-0.09856893669886418
2025-12-10 11:49:00,75.0,75.2,74.8,74.8,11000,825900.0,75.69,75.95166666666665,76.425,-0.29628820898193453,-0.19371163805215327,-0.10257657092978126
2025-12-10 11:50:00,75.0,75.4,75.0,75.4,2000,150400.0,75.67999999999999,75.93666666666667,76.41833333333334,-0.2682799065004531,-0.20862529174181324,-0.05965461475863984
2025-12-10 11:52:00,75.1,75.4,75.1,75.4,3000,225600.0,75.635,75.91833333333332,76.40916666666665,-0.24327875889814266,-0.21555598517307914,-0.027722773725063515
2025-12-10 11:54:00,75.1,75.1,75.1,75.1,1000,75100.0,75.575,75.91333333333334,76.40124999999999,-0.24485018161543337,-0.22141482446155,-0.023435357153883368
2025-12-10 11:55:00,75.0,75.3,75.0,75.3,3000,225300.0,75.525,75.89500000000001,76.39291666666666,-0.227336621845609,-0.2225991839383618,-0.004737437907247177
2025-12-10 12:20:00,75.3,75.3,75.3,75.3,15,1129.5,75.475,75.89333333333333,76.38333333333334,-0.21102444115022934,-0.22028423538073535,0.009259794230506019
2025-12-10 12:24:00,74.8,75.1,74.8,75.1,3000,224700.0,75.45,75.87333333333332,76.37750000000001,-0.21179382161794535,-0.21858615262817738,0.006792331010232022
2025-12-10 12:50:00,75.1,75.1,75.0,75.0,2020,151502.0,75.385,75.85166666666667,76.36708333333334,-0.21796021575512725,-0.2184609652535674,0.000500749498440145
2025-12-10 12:53:00,75.0,75.0,75.0,75.0,20,1500.0,75.35499999999999,75.83,76.35875000000001,-0.22030755913034739,-0.21883028402892343,-0.0014772751014239527
2025-12-10 13:05:00,74.5,74.5,74.5,74.5,1000,74500.0,75.265,75.8,76.34625000000001,-0.2595220582518891,-0.2269686388735166,-0.03255341937837253
2025-12-10 13:06:00,75.1,75.1,74.8,74.8,2000,149900.0,75.225,75.79333333333334,76.33500000000001,-0.26335652840977275,-0.23424621678076787,-0.029110311629004876
2025-12-10 13:10:00,75.1,75.1,75.1,75.1,1000,75100.0,75.17,75.77333333333333,76.32625,-0.23942790499035027,-0.23528255442268436,-0.004145350567665906
2025-12-10 13:16:00,74.7,74.7,74.7,74.7,2000,149400.0,75.125,75.74666666666666,76.31458333333333,-0.2498607167843545,-0.23819818689501843,-0.011662529889336082
2025-12-10 13:17:00,75.0,75.0,75.0,75.0,2000,150000.0,75.065,75.72999999999999,76.30416666666666,-0.23125553267099974,-0.23680965605021473,0.005554123379214987
2025-12-10 13:29:00,74.5,75.0,74.5,75.0,2050,153250.0,75.05499999999999,75.70833333333331,76.29458333333334,-0.2140434307853809,-0.23225641099724798,0.01821298021186707
2025-12-10 13:53:00,74.5,75.2,74.4,75.2,12000,895400.0,74.97,75.68833333333333,76.28583333333334,-0.18216450844438725,-0.22223803048667587,0.04007352204228862
2025-12-10 14:58:00,74.9,74.9,74.9,74.9,30000,2247000.0,75.0,75.675,76.27708333333334,-0.1790438199043507,-0.21359918837021086,0.03455536846586016
2025-12-10 15:00:00,75.2,75.2,75.2,75.2,1000,75200.0,75.045,75.65499999999999,76.26833333333333,-0.1506268266618349,-0.2010047160285357,0.05037788936670079
2025-12-11 09:01:00,75.2,75.2,75.2,75.2,3000,225600.0,75.095,75.64666666666666,76.25958333333332,-0.12664625558393539,-0.18613302393961567,0.059486768355680286
2025-12-11 09:09:00,75.2,75.2,75.2,75.2,30000,2256000.0,75.05999999999999,75.63333333333334,76.25083333333333,-0.1064147966985729,-0.17018937849140714,0.06377458179283424
2025-12-11 09:45:00,74.8,75.2,74.8,75.2,3010,225152.0,75.08,75.615,76.24333333333334,-0.0893512343616436,-0.15402174966545445,0.06467051530381085
2025-12-11 09:55:00,74.7,74.7,74.7,74.7,1000,74700.0,75.045,75.58833333333334,76.23166666666665,-0.11485013869182126,-0.14618742747072783,0.03133728877890657
2025-12-11 09:56:00,75.3,75.3,75.3,75.3,1000,75300.0,75.03999999999999,75.58,76.22250000000001,-0.08565583138707211,-0.1340811082539967,0.04842527686692458
2025-12-11 10:11:00,75.3,75.3,75.3,75.3,5,376.5,75.05,75.56,76.21541666666667,-0.0618066637678254,-0.11962621935676243,0.05781955558893703
2025-12-11 10:24:00,74.7,74.7,74.7,74.7,130,9711.0,75.02,75.53,76.20458333333335,-0.09028031690068872,-0.11375703886554771,0.02347672196485899
2025-12-11 10:26:00,75.3,75.3,75.3,75.3,1000,75300.0,75.02,75.53,76.195,-0.06369665121390256,-0.10374496133521868,0.04004831012131613
2025-12-11 10:53:00,74.7,75.0,74.7,75.0,5000,374100.0,75.015,75.50333333333333,76.18416666666667,-0.06607472908078194,-0.09621091488433134,0.030136185803549403
2025-12-11 11:03:00,75.4,75.4,75.4,75.4,1000,75400.0,75.035,75.48333333333333,76.17583333333332,-0.03527607522627818,-0.08402394695272071,0.04874787172644253
2025-12-11 11:37:00,75.0,75.0,75.0,75.0,3000,225000.0,75.035,75.47833333333332,76.16749999999999,-0.042652901121186915,-0.07574973778641396,0.033096836665227045
2025-12-11 11:39:00,75.3,75.3,75.3,75.3,1000,75300.0,75.075,75.47,76.15916666666666,-0.02401476868989505,-0.06540274396711018,0.04138797527721513
2025-12-11 12:06:00,74.9,74.9,74.9,74.9,50000,3745000.0,75.08000000000001,75.44333333333333,76.14916666666666,-0.04104740261190898,-0.06053167569606994,0.01948427308416096
2025-12-11 12:12:00,75.2,75.2,75.2,75.2,35000,2632000.0,75.08500000000001,75.42166666666667,76.1425,-0.029992658219057944,-0.05442387220066754,0.0244312139816096
2025-12-11 12:26:00,74.7,74.7,74.7,74.7,2000,149400.0,75.08500000000001,75.40833333333333,76.13125,-0.060875776905930934,-0.055714253141720224,-0.00516152376421071
2025-12-11 12:28:00,75.2,75.2,75.0,75.0,2000,150200.0,75.08500000000001,75.38333333333334,76.12708333333333,-0.06044658753631893,-0.056660720020639974,-0.003785867515678956
2025-12-11 12:35:00,75.2,75.2,75.2,75.2,1000,75200.0,75.095,75.37833333333333,76.11791666666667,-0.04346706210387197,-0.05402198843728638,0.010554926333414413
2025-12-11 12:58:00,74.8,74.8,74.8,74.8,1000,74800.0,75.075,75.35166666666667,76.10875000000001,-0.061577495886382394,-0.055533089927105594,-0.0060444059592768
2025-12-11 13:00:00,75.2,75.2,75.2,75.2,1000,75200.0,75.09,75.34666666666666,76.10333333333334,-0.043156012429520274,-0.05305767442758854,0.009901661998068266
2025-12-11 13:08:00,74.8,74.8,74.8,74.8,1000,74800.0,75.07,75.32,76.09291666666667,-0.060140251744755346,-0.0544741898910219,-0.005666061853733445
2025-12-11 13:11:00,75.2,75.2,75.2,75.2,1000,75200.0,75.07,75.30166666666668,76.08416666666668,-0.040852801045915044,-0.05174991212200054,0.010897111076085493
2025-12-11 13:18:00,74.8,74.8,74.8,74.8,10,748.0,75.05,75.28833333333334,76.07875,-0.0571848234209682,-0.05283689438179407,-0.00434792903917413
2025-12-11 13:19:00,75.2,75.2,75.2,75.2,1000,75200.0,75.05,75.27333333333333,76.07000000000001,-0.0374200566387799,-0.04975352683319124,0.01233347019441134
2025-12-11 13:20:00,75.2,75.2,75.0,75.0,3000,225200.0,75.065,75.26333333333334,76.06541666666666,-0.03746281706141019,-0.047295384878835035,0.009832567817424843
2025-12-11 13:22:00,75.3,75.3,75.3,75.3,1000,75300.0,75.065,75.24666666666667,76.05708333333334,-0.013137768195250032,-0.040463861542118035,0.027326093346868002
2025-12-11 13:59:00,75.0,75.0,75.0,75.0,1000,75000.0,75.05,75.225,76.05291666666668,-0.01786158725229825,-0.03594340668415408,0.018081819431855828
2025-12-11 14:43:00,75.3,75.3,75.3,75.3,1000,75300.0,75.08000000000001,75.20833333333333,76.04875,0.002572589694480598,-0.028240207408427143,0.03081279710290774
2025-12-12 09:01:00,75.3,75.3,75.3,75.3,1000,75300.0,75.08000000000001,75.19166666666666,76.045,0.018552955226056156,-0.018881574881530482,0.03743453010758664
2025-12-12 11:13:00,74.9,74.9,74.9,74.9,20000,1498000.0,75.075,75.18,76.03625000000001,-0.0010470769668700086,-0.015314675298598387,0.014267598331728379
2025-12-12 11:16:00,75.3,75.3,75.3,75.3,1000,75300.0,75.07000000000001,75.16333333333334,76.02749999999999,0.01551753686450752,-0.009148232865977204,0.024665769730484725
2025-12-12 11:18:00,75.2,75.2,75.2,75.2,35000,2632000.0,75.08,75.15666666666668,76.02208333333333,0.020341464659864528,-0.003250293360808856,0.023591758020673384
2025-12-12 13:26:00,75.3,75.3,75.0,75.0,3050,228765.0,75.065,75.135,76.01458333333333,0.007934667751271718,-0.0010133011383927407,0.008947968889664459
2025-12-12 13:27:00,75.3,75.3,75.3,75.3,1000,75300.0,75.08500000000001,75.13000000000001,76.00625,0.022055443190382107,0.0036004477273622305,0.018454995463019878
2025-12-12 14:58:00,74.6,75.3,74.6,75.3,1001,75374.6,75.09,75.115,76.00458333333333,0.0328673847088794,0.009453835123665667,0.02341354958521373
2025-12-15 09:01:00,75.3,75.3,75.3,75.3,1000,75300.0,75.12,75.11,75.99624999999999,0.04096372197028586,0.01575581249298971,0.02520790947729615
2025-12-15 09:11:00,74.6,74.6,74.5,74.5,6000,447300.0,75.095,75.08166666666666,75.99125,-0.016977480710608006,0.009209153852270165,-0.02618663456287817
2025-12-15 09:15:00,74.9,75.2,74.9,75.2,4000,299900.0,75.095,75.08166666666666,75.98333333333333,-0.006339078472436199,0.006099507387328892,-0.012438585859765091
2025-12-15 09:25:00,75.1,75.1,75.1,75.1,3,225.3,75.11,75.05166666666668,75.97541666666667,-0.005909115710650781,0.0036977827677329572,-0.009606898478383738
2025-12-15 09:42:00,75.1,75.1,75.1,75.1,5,375.5,75.10499999999999,75.065,75.97291666666666,-0.00550490994902475,0.0018572442243814154,-0.007362154173406165
2025-12-15 09:57:00,75.1,75.1,75.1,75.1,36,2703.6,75.12,75.07833333333333,75.96416666666666,-0.005125490506713959,0.0004606972781623402,-0.005586187784876299
2025-12-15 09:59:00,75.1,75.1,75.1,75.1,2000,150200.0,75.115,75.09333333333333,75.95541666666666,-0.004769814413677409,-0.0005854050602056099,-0.004184409353471799
2025-12-15 10:12:00,74.5,74.5,74.5,74.5,1000,74500.0,75.1,75.07000000000001,75.94916666666667,-0.05230004181186132,-0.010928332410536756,-0.04137170940132456
2025-12-15 10:13:00,74.5,75.2,74.5,75.2,2000,149700.0,75.1,75.07666666666667,75.94583333333334,-0.03310235624847735,-0.015363137178124878,-0.01773921907035247
2025-12-15 10:15:00,74.5,74.5,74.5,74.5,1000,74500.0,75.075,75.06166666666667,75.9375,-0.073524655522192,-0.02699544084693831,-0.0465292146752537
2025-12-15 10:16:00,75.2,75.2,75.2,75.2,1000,75200.0,75.07000000000001,75.05833333333334,75.92999999999999,-0.04851620446288507,-0.03129959357012767,-0.017216610892757403
2025-12-15 10:18:00,74.5,75.2,74.5,75.2,2000,149700.0,75.08000000000001,75.05999999999999,75.92249999999999,-0.02836979745673318,-0.03071363434744877,0.00234383689071559
2025-12-15 10:19:00,74.5,74.5,74.5,74.5,1000,74500.0,75.03999999999999,75.04666666666665,75.91125000000001,-0.06810272874869838,-0.0381914532276987,-0.029911275520999682
2025-12-15 10:20:00,75.2,75.2,75.2,75.2,1000,75200.0,75.035,75.04500000000002,75.90249999999999,-0.04261596290908187,-0.03907635516397534,-0.003539607745106532
2025-12-15 10:47:00,74.2,74.2,74.2,74.2,64,4748.8,75.0,75.03,75.89166666666667,-0.10193412684773762,-0.051647909500727805,-0.05028621734700981
2025-12-15 10:48:00,75.2,75.2,75.2,75.2,1000,75200.0,74.99499999999999,75.03333333333333,75.89041666666667,-0.0674747495706356,-0.054813277514709366,-0.012661472055926229
2025-12-15 11:19:00,75.2,75.2,75.2,75.2,3000,225600.0,74.995,75.03666666666666,75.8825,-0.03970771894533698,-0.05179216580083489,0.012084446855497914
2025-12-15 11:26:00,74.7,75.0,74.7,75.0,6000,449100.0,74.995,75.045,75.875,-0.03345482920818199,-0.048124698482304315,0.014669869274122324
2025-12-15 11:27:00,75.3,75.3,75.3,75.3,1000,75300.0,74.99499999999999,75.05333333333333,75.86666666666666,-0.0042429659758482785,-0.03934835198101311,0.03510538600516483
2025-12-15 11:31:00,75.3,75.3,75.3,75.3,484,36445.2,74.99499999999999,75.05666666666667,75.86166666666666,0.018692174345503076,-0.02774024671570987,0.046432421061212946
2025-12-15 11:32:00,75.0,75.0,75.0,75.0,1000,75000.0,74.97999999999999,75.06166666666668,75.8575,0.012516661214419855,-0.019688865129683923,0.03220552634410378
2025-12-15 11:33:00,75.3,75.4,75.0,75.4,4000,300700.0,75.025,75.06833333333334,75.85041666666666,0.039444488120679466,-0.007862194479611243,0.04730668260029071
2025-12-15 11:56:00,74.9,74.9,74.9,74.9,2000,149800.0,75.01,75.06666666666668,75.84333333333333,0.02020623868118321,-0.002248507847452351,0.02245474652863556
2025-12-15 11:57:00,75.3,75.3,74.9,75.2,7000,526200.0,75.015,75.06666666666666,75.83500000000001,0.028834889534223862,0.003968171628882893,0.02486671790534097
2025-12-15 13:02:00,74.9,75.2,74.9,75.2,10000,750500.0,75.02,75.07166666666667,75.83250000000001,0.035266625791905426,0.010227862461487401,0.025038763330418025
2025-12-15 13:09:00,75.0,75.5,75.0,75.2,6215,468068.0,75.025,75.07166666666667,75.82416666666667,0.03990383652609353,0.01616305727440863,0.0237407792516849
2025-12-15 13:12:00,74.9,75.2,74.9,75.2,6000,450300.0,75.03,75.07166666666667,75.82083333333334,0.043082234263380315,0.02154689267220297,0.021535341591177346
2025-12-15 13:22:00,74.9,75.2,74.9,75.2,8000,600100.0,75.06500000000001,75.07166666666667,75.81291666666667,0.045081466288166894,0.026253807395395755,0.01882765889277114
2025-12-15 15:00:00,75.5,75.5,75.5,75.5,200,15100.0,75.08000000000001,75.07666666666667,75.81208333333333,0.07006569119320716,0.035016184154958045,0.03504950703824911
2025-12-16 09:01:00,75.5,75.5,75.5,75.5,1000,75500.0,75.13000000000001,75.09,75.80541666666666,0.08884175695990848,0.04578129871594814,0.04306045824396034
2025-12-16 11:58:00,75.2,75.2,75.2,75.2,300,22560.0,75.13,75.08833333333334,75.80208333333333,0.078608284190679,0.052346695810894316,0.026261588379784685
2025-12-16 12:19:00,74.7,74.7,74.7,74.7,2000,149400.0,75.10499999999999,75.07833333333333,75.7925,0.029808745306624473,0.047839105710040346,-0.018030360403415872
2025-12-16 12:22:00,74.7,75.0,74.7,75.0,5000,374100.0,75.13,75.08333333333333,75.78958333333334,0.015167411476610937,0.04130476686335447,-0.026137355386743534
2025-12-16 12:23:00,75.2,75.2,75.2,75.2,1000,75200.0,75.13000000000001,75.08166666666666,75.78208333333332,0.01947784894338156,0.03693938327935989,-0.01746153433597833
2025-12-16 12:46:00,75.3,75.3,75.0,75.0,4000,300600.0,75.17,75.08166666666666,75.77916666666667,0.006678586571837286,0.030887223937855368,-0.024208637366018082
2025-12-16 12:49:00,75.4,75.4,75.0,75.4,6000,451600.0,75.18,75.08166666666668,75.77250000000001,0.02848339711752601,0.030406458573789503,-0.0019230614562634925
2025-12-16 13:53:00,74.5,74.5,74.5,74.5,3000,223500.0,75.14500000000001,75.07333333333334,75.7675,-0.026552530769663463,0.01901466070509891,-0.045567191474762375
2025-12-16 13:54:00,75.4,75.4,75.4,75.4,1000,75400.0,75.16499999999999,75.075,75.76125,0.0024256172477237214,0.01569685201362387,-0.013271234765900149
2025-12-17 09:01:00,75.4,75.4,75.4,75.4,1000,75400.0,75.17,75.08333333333333,75.75500000000001,0.02510165210752291,0.01757781203240368,0.007523840075119231
2025-12-17 09:11:00,75.0,75.0,75.0,75.0,1000,75000.0,75.155,75.07999999999998,75.74749999999999,0.010672885663126408,0.016196826758548225,-0.005523941095421817
2025-12-17 09:12:00,75.4,75.4,75.4,75.4,1000,75400.0,75.17500000000001,75.09166666666667,75.74166666666666,0.03115550015068891,0.019188561436976365,0.011966938713712544
2025-12-17 09:18:00,75.1,75.3,75.1,75.3,3000,225600.0,75.17,75.09666666666666,75.74,0.03887087617198404,0.023125024383977903,0.015745851788006134
2025-12-17 10:42:00,75.0,75.0,75.0,75.0,2000,150000.0,75.175,75.09333333333333,75.7325,0.020541089565625725,0.02260823742030747,-0.002067147854681744
2025-12-17 10:43:00,75.5,75.5,75.5,75.5,2000,151000.0,75.19000000000001,75.105,75.73041666666667,0.04583209903853458,0.027253009743952894,0.018579089294581685
2025-12-17 11:00:00,75.0,75.3,75.0,75.3,3005,225376.5,75.19500000000001,75.10666666666665,75.72625,0.04917027342285962,0.03163646247973424,0.01753381094312538
2025-12-17 11:20:00,75.3,75.3,75.3,75.3,5,376.5,75.2,75.115,75.72,0.05122530721772023,0.03555423142733144,0.01567107579038879
2025-12-17 13:07:00,74.9,75.4,74.9,75.4,2000,150300.0,75.21000000000001,75.11833333333334,75.71416666666667,0.060228820222604895,0.04048914918638613,0.019739671036218764
2025-12-17 13:21:00,75.0,75.0,75.0,75.0,1000,75000.0,75.2,75.12166666666667,75.70666666666666,0.034687654397686174,0.03932885022864614,-0.004641195830959968
2025-12-17 13:24:00,75.4,75.4,75.4,75.4,1000,75400.0,75.195,75.125,75.70083333333334,0.046190300496135706,0.040701140282144055,0.005489160213991651
2025-12-18 09:01:00,75.4,75.4,75.4,75.4,1000,75400.0,75.19,75.13166666666666,75.69833333333332,0.05467595996931607,0.04349610421957846,0.011179855749737608
2025-12-18 09:04:00,75.0,75.0,75.0,75.0,1000,75000.0,75.18,75.12666666666665,75.69083333333333,0.028792348901660603,0.04055535315599489,-0.01176300425433429
2025-12-18 09:06:00,75.4,75.4,75.4,75.4,1000,75400.0,75.215,75.13333333333334,75.68958333333333,0.040093880413877514,0.04046305860757142,-0.0003691781936939059
2025-12-18 09:24:00,75.0,75.4,75.0,75.4,3000,225500.0,75.235,75.13499999999999,75.68416666666666,0.04849144635177538,0.04206873615641222,0.006422710195363161
2025-12-18 09:33:00,75.0,75.0,75.0,75.0,3000,225000.0,75.225,75.13000000000001,75.67999999999999,0.02260929492018704,0.038176847909167186,-0.015567552988980146
2025-12-18 09:35:00,75.3,75.3,75.0,75.3,5000,375600.0,75.24,75.13666666666667,75.67416666666668,0.026005224198343058,0.03574252316700236,-0.009737298968659304
2025-12-18 09:47:00,75.0,75.0,75.0,75.0,1000,75000.0,75.22,75.13166666666666,75.67125000000001,0.0044378727872214085,0.02948159309104617,-0.025043720303824762
2025-12-18 09:49:00,75.3,75.3,75.3,75.3,1000,75300.0,75.26,75.13333333333334,75.66541666666667,0.011421425125675455,0.025869559497972032,-0.014448134372296577
2025-12-18 10:30:00,75.0,75.0,75.0,75.0,2000,150000.0,75.24000000000001,75.13333333333334,75.66208333333334,-0.007168913357020301,0.019261864926973567,-0.02643077828399387
2025-12-18 10:31:00,75.3,75.3,75.3,75.3,1000,75300.0,75.235,75.13333333333334,75.65625,0.002279327585114288,0.015865357458601712,-0.013586029873487424
2025-12-19 09:08:00,75.3,75.3,75.3,75.3,1000,75300.0,75.25,75.13333333333334,75.65124999999999,0.009655820316581298,0.014623450030197629,-0.00496762971361633
2025-12-19 09:26:00,75.3,75.3,75.3,75.3,50,3765.0,75.24499999999999,75.13333333333334,75.64541666666666,0.015325085900300905,0.014763777204218287,0.0005613086960826186
2025-12-19 09:29:00,75.3,75.3,75.3,75.3,5,376.5,75.24499999999999,75.14666666666668,75.6375,0.019592173341663965,0.015729456431707426,0.0038627169099565394
2025-12-19 10:35:00,74.0,74.0,74.0,74.0,5000,370000.0,75.195,75.12666666666668,75.62916666666666,-0.08099164331642328,-0.0036147635179187205,-0.07737687979850456
2025-12-19 10:36:00,74.0,74.0,74.0,74.0,4000,296000.0,75.11999999999999,75.10833333333333,75.61875,-0.15887364618738786,-0.034666540051812564,-0.1242071061355753
2025-12-19 10:37:00,74.3,75.3,74.0,75.3,8000,595700.0,75.12,75.11166666666666,75.61208333333335,-0.114378079819204,-0.050608848005290856,-0.06376923181391314
2025-12-19 10:39:00,74.0,75.0,74.0,75.0,10000,743700.0,75.105,75.11,75.60791666666667,-0.10214505112824668,-0.06091608862988203,-0.04122896249836465
2025-12-19 11:09:00,75.0,75.0,75.0,75.0,1000,75000.0,75.08500000000001,75.10833333333333,75.60666666666667,-0.09139672322361037,-0.06701221554862771,-0.024384507674982653
2025-12-19 11:14:00,75.0,75.0,75.0,75.0,5,375.0,75.08500000000001,75.11666666666666,75.59916666666666,-0.08193411049805377,-0.06999659453851292,-0.011937515959540845
2025-12-19 12:20:00,73.2,75.1,73.2,75.1,16000,1188800.0,75.07000000000001,75.115,75.59708333333333,-0.0656094525450186,-0.06911916613981406,0.0035097135947954605
2025-12-19 14:54:00,74.5,74.5,74.5,74.5,3000,223500.0,75.025,75.115,75.5875,-0.09993504015963595,-0.07528234094377845,-0.0246526992158575
2025-12-19 14:55:00,75.1,75.1,75.1,75.1,1000,75100.0,75.03,75.11333333333333,75.58375000000001,-0.07782619808949676,-0.07579111237292212,-0.002035085716574639
2025-12-22 09:01:00,75.1,75.1,75.1,75.1,1,75.1,75.015,75.11166666666668,75.58375,-0.0596175474865106,-0.07255639939563982,0.012938851909129218
2025-12-22 10:39:00,74.8,76.0,74.0,76.0,9129,683946.0,75.045,75.13666666666668,75.5875,0.027122763356118185,-0.052620566845288215,0.07974333020140639
2025-12-22 10:43:00,74.5,74.5,74.5,74.5,1000,74500.0,75.02000000000001,75.125,75.57416666666667,-0.02488551462593591,-0.047073556401417756,0.022188041775481844
2025-12-22 10:45:00,74.1,74.1,74.1,74.1,3000,222300.0,74.96000000000001,75.12333333333332,75.57,-0.09725797726569851,-0.05711044057427391,-0.0401475366914246
2025-12-22 10:49:00,74.7,75.1,74.4,74.9,18000,1346100.0,74.95500000000001,75.11833333333334,75.56916666666666,-0.08903403229952289,-0.06349515891932371,-0.02553887338019918
2025-12-22 10:50:00,75.0,75.7,75.0,75.7,2000,150700.0,74.975,75.12666666666668,75.56083333333335,-0.017758473909509576,-0.05434782191736088,0.036589348007851304
2025-12-22 11:02:00,75.1,75.1,75.1,75.1,1000,75100.0,74.97999999999999,75.12833333333333,75.55874999999999,-0.009576672049419699,-0.04539359194377264,0.03581691989435294
2025-12-22 11:07:00,75.1,75.1,75.1,75.1,1000,75100.0,74.97,75.125,75.55666666666667,-0.0030572925630423242,-0.03692633206762658,0.03386903950458425
2025-12-22 11:21:00,75.0,75.3,75.0,75.3,4000,300300.0,74.97,75.125,75.54666666666667,0.018039740283128936,-0.025933117597475474,0.04397285788060441
2025-12-22 11:36:00,74.5,75.2,74.5,75.2,4000,298700.0,74.965,75.12833333333333,75.54416666666667,0.026385965558247904,-0.015469300966330798,0.0418552665245787
2025-12-22 12:12:00,74.4,74.4,74.4,74.4,1000,74400.0,74.92,75.11166666666666,75.53625000000001,-0.031193327637112134,-0.01861410630048707,-0.012579221336625063
2025-12-22 12:13:00,74.4,74.4,74.4,74.4,2000,148800.0,74.94000000000001,75.10333333333332,75.52624999999999,-0.07594982996810984,-0.03008125103401163,-0.04586857893409821
2025-12-22 12:19:00,74.9,74.9,74.9,74.9,3000,224700.0,74.985,75.09833333333333,75.5225,-0.07026390068364208,-0.038117780963937725,-0.03214611971970435
2025-12-22 12:20:00,75.0,75.0,75.0,75.0,1000,75000.0,74.97,75.095,75.51541666666665,-0.05703117659258794,-0.041900460089667774,-0.015130716502920166
2025-12-22 13:07:00,74.9,74.9,74.6,74.6,50003,3730224.7,74.95,75.08500000000001,75.50625,-0.0779225616882826,-0.04910488040939075,-0.028817681278891852
2025-12-22 13:17:00,75.0,75.0,75.0,75.0,1000,75000.0,74.95,75.08166666666668,75.50291666666666,-0.06149361768417805,-0.05158262786434822,-0.009910989819829831
2025-12-22 13:20:00,74.9,75.3,74.9,75.3,51000,3820300.0,74.965,75.08333333333333,75.49666666666667,-0.023989532009352388,-0.046064008693349055,0.022074476683996667
2025-12-22 13:27:00,74.6,74.6,74.6,74.6,18000,1342800.0,74.94,75.06833333333333,75.49333333333333,-0.05017305996202026,-0.0468858189470833,-0.0032872410149369577
2025-12-22 13:28:00,74.6,74.6,74.6,74.6,27000,2014200.0,74.945,75.05333333333333,75.485,-0.07011544727579633,-0.05153174461282591,-0.018583702662970415
2025-12-22 13:29:00,74.6,74.6,74.6,74.6,35000,2611000.0,74.92,75.04333333333332,75.47666666666666,-0.08494078836461938,-0.05821355336318461,-0.02672723500143477
2025-12-22 13:30:00,74.6,74.6,74.6,74.6,10000,746000.0,74.895,75.04166666666667,75.46958333333333,-0.0955880978973056,-0.06568846227000882,-0.029899635627296778
2025-12-22 13:31:00,74.6,74.6,74.6,74.6,10000,746000.0,74.825,75.03500000000001,75.46083333333333,-0.10284068402236812,-0.07311890662048069,-0.02972177740188743
2025-12-22 13:32:00,74.9,74.9,74.9,74.9,50000,3745000.0,74.845,75.03,75.45625,-0.0834193120802098,-0.07517898771242652,-0.008240324367783283
2025-12-22 13:33:00,74.9,74.9,74.9,74.9,16000,1198400.0,74.885,75.02833333333334,75.45166666666665,-0.06725249005054934,-0.07359368818005109,0.006341198129501749
2025-12-22 13:41:00,74.9,74.9,74.9,74.9,35000,2621500.0,74.88499999999999,75.02,75.44708333333332,-0.05381976635152341,-0.06963890381434555,0.01581913746282214
2025-12-22 13:45:00,75.2,75.2,75.2,75.2,1000,75200.0,74.86,75.03166666666667,75.44125000000001,-0.018750598024922738,-0.05946124265646099,0.04071064463153825
2025-12-22 14:21:00,75.2,75.2,75.2,75.2,1000,75200.0,74.865,75.02833333333334,75.43666666666667,0.008938928134384128,-0.04578120849829197,0.054720136632676095
2025-12-23 09:01:00,74.5,75.0,74.5,75.0,3000,224000.0,74.86,75.02166666666668,75.42999999999999,0.01457671725481191,-0.03370962334767119,0.0482863406024831
2025-12-23 09:15:00,75.0,75.0,75.0,75.0,5,375.0,74.845,75.02166666666668,75.42416666666666,0.018827672067061485,-0.023202164264724656,0.04202983633178614
2025-12-23 10:58:00,75.0,75.0,74.6,75.0,4000,299300.0,74.83500000000001,75.015,75.42166666666665,0.02194363185367365,-0.014173005041044994,0.03611663689471865
2025-12-23 11:40:00,75.0,75.0,75.0,75.0,1000,75000.0,74.865,75.00999999999999,75.41624999999999,0.024134841010095442,-0.006511435830816905,0.030646276840912347
2025-12-23 11:54:00,74.5,74.5,74.5,74.5,4000,298000.0,74.87,75.00166666666665,75.40875,-0.014309480488563509,-0.008071044762366227,-0.006238435726197282
2025-12-23 11:55:00,74.9,75.0,74.9,75.0,4000,299700.0,74.875,74.99333333333333,75.39708333333333,-0.004380564506163864,-0.007332948711125754,0.00295238420496189
2025-12-23 11:58:00,74.6,74.6,74.6,74.6,1000,74600.0,74.85499999999999,74.98166666666667,75.39125,-0.028460410223573263,-0.011558441013615259,-0.016901969209958005
2025-12-23 11:59:00,74.6,75.0,74.6,74.6,6000,448400.0,74.855,74.97,75.38291666666666,-0.047002051053752325,-0.018647163021642675,-0.02835488803210965
2025-12-23 12:01:00,74.9,75.0,74.6,75.0,7000,524100.0,74.85499999999999,74.96333333333332,75.37958333333333,-0.029084509811823978,-0.020734632379678937,-0.00834987743214504
2025-12-23 12:07:00,74.6,75.0,74.6,75.0,2000,149600.0,74.84,74.96333333333332,75.37416666666667,-0.014715102744077058,-0.019530726452558562,0.004815623708481504
2025-12-23 12:08:00,74.6,74.9,74.6,74.9,4000,298700.0,74.85499999999999,74.955,75.36833333333334,-0.011266534782237159,-0.017877888118494282,0.006611353336257123
2025-12-23 12:23:00,74.5,74.9,74.5,74.9,3000,223900.0,74.87,74.94666666666667,75.365,-0.008436271737707557,-0.015989564842336938,0.007553293104629381
2025-12-23 13:00:00,74.9,74.9,74.9,74.9,3000,224700.0,74.885,74.94500000000001,75.35916666666667,-0.006122689332570985,-0.014016189740383746,0.00789350040781276
2025-12-23 13:11:00,74.5,75.1,74.5,74.8,3000,224400.0,74.89500000000001,74.93499999999999,75.355,-0.01221748728488592,-0.013656449249284183,0.0014389619643982634
2025-12-23 13:18:00,74.5,74.9,74.5,74.9,9000,672100.0,74.91,74.92666666666668,75.35125,-0.008876175284157739,-0.012700394456258894,0.0038242191721011547
2025-12-23 14:58:00,74.5,74.5,74.5,74.5,1000,74500.0,74.89000000000001,74.91833333333334,75.34416666666668,-0.03806601716068769,-0.017773518997144657,-0.020292498163543036
2025-12-23 14:59:00,74.5,75.1,74.5,75.1,1064,79868.0,74.9,74.91499999999999,75.33958333333334,-0.012638502765838666,-0.01674651575088346,0.004108012985044793
2025-12-24 09:01:00,74.5,74.5,74.4,74.4,7000,521200.0,74.875,74.905,75.33208333333333,-0.04841308832239122,-0.023079830265185015,-0.025333258057206202
2025-12-24 09:02:00,74.7,74.9,74.7,74.9,4000,299000.0,74.86,74.89833333333333,75.32666666666665,-0.03600385377755799,-0.025664634967659614,-0.010339218809898378
2025-12-24 09:28:00,74.8,74.8,74.8,74.8,5,374.0,74.84,74.895,75.32083333333334,-0.03384842666946497,-0.027301393308020686,-0.006547033361444285
2025-12-24 13:16:00,74.7,74.7,74.7,74.7,2000,149400.0,74.825,74.88499999999999,75.31333333333332,-0.039751172648365696,-0.029791349176089693,-0.009959823472276003
2025-12-24 13:17:00,74.7,74.8,74.7,74.8,2000,149500.0,74.815,74.87666666666668,75.30958333333335,-0.0359456183851421,-0.03102220301790018,-0.004923415367241918
2025-12-24 13:28:00,74.8,74.8,74.5,74.5,9000,671700.0,74.78999999999999,74.86333333333333,75.30125000000001,-0.0564860460320773,-0.03611497162073561,-0.020371074411341686
2025-12-24 13:30:00,74.8,74.8,74.8,74.8,1000,74800.0,74.78,74.855,75.2975,-0.04800363411975184,-0.03849270412053886,-0.009510929999212978
2025-12-24 13:51:00,74.5,74.9,74.5,74.9,2000,149400.0,74.8,74.86999999999999,75.29083333333332,-0.03283361186228717,-0.037360885668888524,0.0045272738066013535
2025-12-24 14:32:00,74.5,74.5,74.5,74.5,3000,223500.0,74.775,74.87833333333333,75.2825,-0.052482926482667835,-0.04038529383164439,-0.012097632651023447
2025-12-24 14:34:00,74.5,74.5,74.5,74.5,28000,2086000.0,74.77000000000001,74.865,75.27416666666666,-0.06727959262134675,-0.04576415358958487,-0.021515439031761882
2025-12-24 14:36:00,74.8,74.8,74.8,74.8,30000,2244000.0,74.78,74.86166666666666,75.26708333333335,-0.05417407928131013,-0.047446138727929923,-0.0067279405533802045
2025-12-24 14:48:00,74.5,74.5,74.5,74.5,1000,74500.0,74.755,74.85333333333332,75.25958333333334,-0.06722048245613621,-0.05140100747357119,-0.015819474982565022
2025-12-24 14:49:00,74.9,74.9,74.9,74.9,1000,74900.0,74.75,74.85166666666666,75.25375,-0.04476714611213595,-0.050074235201284144,0.005307089089148197
2025-12-26 09:01:00,74.5,74.5,74.5,74.5,2000,149000.0,74.73,74.84166666666667,75.24624999999999,-0.05857416582993835,-0.05177422132701499,-0.006799944502923365
2025-12-26 09:02:00,74.9,74.9,74.5,74.5,4000,298400.0,74.71000000000001,74.84166666666667,75.23875,-0.06872411955950497,-0.05516420097351299,-0.013559918585991981
2025-12-26 09:03:00,74.8,74.8,74.8,74.8,1000,74800.0,74.705,74.83666666666666,75.23166666666665,-0.0519615577287027,-0.05452367232455094,0.002562114595848236
2025-12-26 10:25:00,74.6,74.6,74.3,74.3,11000,819100.0,74.67999999999999,74.82333333333332,75.22708333333334,-0.0781223818472796,-0.05924341422909668,-0.018878967618182918
2025-12-26 10:30:00,74.8,74.8,74.8,74.8,1000,74800.0,74.675,74.80333333333333,75.22041666666668,-0.05784243058009508,-0.05896321749929637,0.00112078691920129
2025-12-26 10:35:00,74.2,74.8,74.2,74.8,2000,149000.0,74.69,74.80833333333334,75.21791666666667,-0.04129440687410124,-0.05542945537425735,0.014135048500156108
2025-12-26 10:46:00,74.8,74.8,74.5,74.5,6000,447900.0,74.66,74.81500000000001,75.21041666666666,-0.051790463436390155,-0.054701656986683916,0.0029111935502937614
2025-12-26 10:47:00,74.8,74.8,74.8,74.8,1000,74800.0,74.68,74.81333333333332,75.20416666666667,-0.035492040931771385,-0.05085973377570142,0.015367692843930032
2025-12-26 11:01:00,74.8,74.8,74.8,74.8,1000,74800.0,74.675,74.79833333333333,75.19791666666667,-0.022318153887624703,-0.04515141779808608,0.02283326391046138
2025-12-26 12:13:00,74.3,74.3,74.3,74.3,1000,74300.0,74.65,74.78500000000001,75.18958333333333,-0.05162843436428943,-0.04644682111132676,-0.005181613252962673
2025-12-26 12:18:00,74.8,74.8,74.8,74.8,1000,74800.0,74.655,74.78,75.18791666666668,-0.034117931212222175,-0.043981043131505845,0.00986311191928367
2025-12-26 12:31:00,74.8,74.8,74.8,74.8,2000,149600.0,74.655,74.77166666666668,75.18166666666666,-0.02001006770321112,-0.039186848045846906,0.019176780342635785
2025-12-26 12:47:00,74.8,74.8,74.5,74.5,6000,447300.0,74.655,74.76,75.17416666666666,-0.032660487259363435,-0.03788157588855021,0.005221088629186778
2025-12-26 12:48:00,74.4,74.4,74.4,74.4,38000,2827200.0,74.635,74.76,75.1675,-0.05017679332461,-0.04034061937576217,-0.00983617394884783
2025-12-26 12:49:00,74.4,74.4,74.4,74.4,12000,892800.0,74.61,74.75999999999999,75.15958333333333,-0.0633285796341454,-0.044938211427438826,-0.018390368206706573
2025-12-26 12:50:00,74.3,74.7,74.3,74.7,53000,3957900.0,74.62,74.75666666666667,75.15249999999999,-0.0489793685702864,-0.045746442856008346,-0.003232925714278051
2025-12-26 13:02:00,74.2,74.8,74.2,74.8,2000,149000.0,74.635,74.75333333333333,75.14875,-0.029201731770157835,-0.04243750063883825,0.013235768868680414
2025-12-26 14:41:00,74.4,74.4,74.4,74.4,10000,744000.0,74.61500000000001,74.75,75.14041666666667,-0.04528248092366027,-0.04300649669580266,-0.0022759842278576164
2025-12-26 14:50:00,74.7,74.7,74.7,74.7,10000,747000.0,74.625,74.74499999999999,75.13625,-0.033433694865323105,-0.04109193632970675,0.007658241464383646
2025-12-29 09:04:00,74.8,74.8,74.8,74.8,1000,74800.0,74.62,74.73666666666666,75.13125,-0.015792239180129286,-0.03603199689979126,0.020239757719661973
2025-12-29 09:28:00,74.5,74.5,74.5,74.5,3000,223500.0,74.62,74.735,75.12375,-0.025722241259487078,-0.03397004577173043,0.00824780451224335
2025-12-29 09:30:00,74.8,74.8,74.8,74.8,1000,74800.0,74.635,74.73833333333333,75.1175,-0.009277402532362089,-0.029031517123856758,0.01975411459149467
2025-12-29 10:38:00,74.3,74.3,74.2,74.2,6000,445500.0,74.60499999999999,74.73166666666667,75.11083333333335,-0.04415079210475881,-0.03205537212003717,-0.012095419984721634
2025-12-29 10:39:00,74.5,74.6,74.2,74.6,6000,446900.0,74.62,74.73166666666665,75.10291666666667,-0.039061273483653736,-0.033456552392760484,-0.005604721090893251
2025-12-29 10:40:00,74.7,74.7,74.7,74.7,1000,74700.0,74.615,74.73333333333333,75.09541666666668,-0.026651408199498405,-0.032095523554108066,0.0054441153546096605
2025-12-29 10:57:00,74.4,74.4,74.4,74.4,51000,3794400.0,74.595,74.725,75.09166666666667,-0.04055648345322993,-0.03378771553393244,-0.006768767919297487
2025-12-29 10:58:00,74.4,74.4,74.4,74.4,19000,1413600.0,74.59,74.71666666666667,75.0825,-0.050988591034325736,-0.03722789063401111,-0.01376070040031463
2025-12-29 11:11:00,74.7,74.7,74.7,74.7,70000,5229000.0,74.58500000000001,74.71333333333334,75.07458333333334,-0.03464920419861528,-0.036712153346931946,0.002062949148316666
2025-12-29 11:17:00,74.5,74.5,74.5,74.5,5000,372500.0,74.57000000000001,74.70166666666667,75.07124999999999,-0.03740724352449831,-0.03685117138244522,-0.0005560721420530892
2025-12-29 11:18:00,74.7,74.7,74.7,74.7,1000,74700.0,74.59,74.69333333333334,75.06666666666666,-0.02318739121828628,-0.034118415349613435,0.010931024131327155
2025-12-29 11:54:00,73.7,74.7,73.7,74.7,3000,222100.0,74.58500000000001,74.68833333333333,75.05916666666667,-0.011782237517195426,-0.02965117978312983,0.017868942265934405
2025-12-29 13:38:00,74.3,74.3,74.3,74.3,20000,1486000.0,74.56,74.67666666666668,75.05,-0.03462113718138937,-0.030645171262781747,-0.0039759659186076254
2025-12-29 13:40:00,74.6,74.6,74.6,74.6,20000,1492000.0,74.565,74.67,75.04625,-0.02818869518402778,-0.03015387604703096,0.0019651808630031797
2025-12-29 13:44:00,74.7,74.7,74.7,74.7,1000,74700.0,74.58000000000001,74.665,75.03875,-0.014850585981719178,-0.027093218033968608,0.01224263205224943
2025-12-29 14:59:00,73.8,73.8,73.8,73.8,1000,73800.0,74.55,74.65333333333334,75.03166666666667,-0.07602613477213538,-0.03687980138160197,-0.03914633339053341
2025-12-29 15:00:00,74.7,74.7,74.7,74.7,1000,74700.0,74.55,74.64833333333334,75.02458333333334,-0.051294429297144006,-0.03976272696471038,-0.011531702332433627
2025-12-30 09:09:00,74.7,74.7,74.7,74.7,1000,74700.0,74.545,74.65,75.02125000000001,-0.031333185072611514,-0.03807681858629061,0.006743633513679098
2025-12-30 09:34:00,74.2,74.2,74.2,74.2,1000,74200.0,74.535,74.64333333333335,75.01208333333334,-0.05522300016652082,-0.04150605490233666,-0.013716945264184162
2025-12-30 09:35:00,74.8,74.8,74.5,74.8,4000,298600.0,74.54,74.64000000000001,75.00583333333334,-0.025447521961851294,-0.038294348314239585,0.01284682635238829
2025-12-30 09:43:00,74.1,74.1,74.1,74.1,2000,148200.0,74.505,74.625,74.99958333333332,-0.057669611437248136,-0.0421694009388413,-0.015500210498406837
2025-12-30 09:45:00,74.8,74.8,74.8,74.8,1000,74800.0,74.52,74.62333333333332,74.99416666666666,-0.02641717884461059,-0.03901895651999516,0.01260177767538457
2025-12-30 09:51:00,74.4,74.4,74.4,74.4,15000,1116000.0,74.5,74.61500000000001,74.98916666666668,-0.03353943617123889,-0.03792305245024391,0.00438361627900502
2025-12-30 09:52:00,74.7,74.7,74.7,74.7,15000,1120500.0,74.525,74.61166666666666,74.9825,-0.014805712581889452,-0.03329958447657302,0.018493871894683565
2025-12-30 10:31:00,74.7,74.7,74.7,74.7,5,373.5,74.53,74.61,74.97583333333334,4.043225399641415e-05,-0.02663158113045913,0.026672013384455545
2025-12-30 10:40:00,74.7,74.7,74.7,74.7,5,373.5,74.53,74.60666666666665,74.96916666666667,0.011671566444462655,-0.01897095161547477,0.030642518059937427
2025-12-30 10:43:00,74.4,74.4,74.4,74.4,20000,1488000.0,74.53,74.605,74.96125,-0.0032803548187843035,-0.01583283225613668,0.012552477437352376
2025-12-30 10:53:00,74.7,74.7,74.7,74.7,20000,1494000.0,74.545,74.59833333333334,74.9575,0.008974183847541894,-0.010871429035400964,0.019845612882942856
2025-12-30 11:14:00,74.1,74.1,74.1,74.1,2,148.2,74.515,74.59333333333332,74.94833333333332,-0.029390199634363512,-0.014575183155193475,-0.014815016479170037
2025-12-30 11:15:00,74.8,74.8,74.8,74.8,1000,74800.0,74.53,74.59166666666667,74.945,-0.003272378150001032,-0.012314622154154986,0.009042244004153955
2025-12-30 11:16:00,74.1,74.1,74.1,74.1,1000,74100.0,74.5,74.58,74.93583333333335,-0.03861286128163499,-0.01757426997965099,-0.021038591301984003
2025-12-30 11:17:00,74.8,74.8,74.8,74.8,1000,74800.0,74.50500000000001,74.58166666666668,74.93249999999999,-0.010020785543943589,-0.016063573092509508,0.006042787548565919
2025-12-30 12:25:00,74.8,74.8,74.8,74.8,1000,74800.0,74.53,74.58166666666666,74.92666666666666,0.012494610382091764,-0.010351936397589254,0.022846546779681016
2025-12-31 09:05:00,74.8,74.8,74.8,74.8,1000,74800.0,74.53999999999999,74.58666666666666,74.92333333333333,0.029992489123216615,-0.002283051293428078,0.032275540416644696
2025-12-31 09:35:00,74.4,74.4,74.4,74.4,27000,2008800.0,74.525,74.58,74.91583333333332,0.011451026722411939,0.000463764309739926,0.010987262412672012
2025-12-31 09:36:00,74.4,74.4,74.4,74.4,23000,1711200.0,74.55499999999999,74.57166666666667,74.9125,-0.0032062560898680204,-0.0002702397701816635,-0.002936016319686357
2025-12-31 09:38:00,74.7,74.7,74.7,74.7,50000,3735000.0,74.55499999999999,74.575,74.90333333333334,0.009278280237708714,0.0016394642313964124,0.007638816006312301
2025-12-31 09:39:00,74.8,74.8,74.8,74.8,1000,74800.0,74.55999999999999,74.58,74.90541666666668,0.026931084708181174,0.006697788326753367,0.020233296381427807
2025-12-31 10:33:00,74.0,75.0,74.0,75.0,12000,895600.0,74.6,74.58333333333333,74.90833333333333,0.056409138527385494,0.016640058366879797,0.0397690801605057
2025-12-31 10:34:00,75.0,76.0,74.5,75.0,10000,750500.0,74.60999999999999,74.59166666666667,74.91166666666668,0.07886164065322987,0.029084374824149817,0.049777265829080056
2025-12-31 10:35:00,75.0,75.1,74.6,74.8,14100,1056080.0,74.64500000000001,74.59,74.90708333333333,0.07959950823726558,0.039187401506772974,0.04041210673049261
2025-12-31 10:36:00,76.2,76.2,76.2,76.2,1000,76200.0,74.715,74.61833333333334,74.91291666666667,0.19095140439870306,0.06954020208515901,0.12141120231354405
2025-12-31 10:38:00,74.8,75.3,74.8,75.0,7000,525200.0,74.74499999999999,74.62666666666668,74.91125000000001,0.1802903383781853,0.09169022934376428,0.08860010903442103
2025-12-31 10:40:00,75.3,75.3,75.0,75.0,5000,375900.0,74.75999999999999,74.63000000000001,74.90958333333334,0.16988306057433533,0.10732879558987851,0.06255426498445682
2025-12-31 10:41:00,75.6,76.4,75.0,76.4,12000,908700.0,74.845,74.66499999999999,74.91499999999999,0.27147413282970945,0.14015786303784472,0.13131626979186473
2025-12-31 10:42:00,76.5,76.8,76.5,76.8,6000,459900.0,74.95,74.69833333333332,74.92125,0.3798833873565144,0.18810296790157868,0.1917804194549357
2025-12-31 10:43:00,77.0,77.0,77.0,77.0,3000,231000.0,75.08,74.73499999999999,74.92833333333333,0.47644467352589004,0.24577130902644098,0.23067336449944906
2025-12-31 10:45:00,77.3,81.0,77.0,81.0,31000,2419000.0,75.395,74.84333333333332,74.95291666666665,0.8657568530201161,0.36976841782517605,0.49598843519494
2025-12-31 10:46:00,83.0,83.3,83.0,83.3,4000,332300.0,75.85499999999999,74.985,74.9875,1.3443831263786166,0.5646913595358642,0.7796917668427523
2025-12-31 10:47:00,83.0,83.0,83.0,83.0,1000,83000.0,76.265,75.12166666666667,75.02083333333333,1.680122991529828,0.7877776859346571,0.8923453055951708
2025-12-31 10:48:00,83.3,83.3,82.0,82.0,6000,495500.0,76.66,75.25,75.05208333333333,1.8442482648929683,0.9990718017263195,0.8451764631666489
2025-12-31 10:49:00,83.3,83.3,83.0,83.0,2000,166300.0,77.07,75.38666666666667,75.08625,2.0315914475576307,1.2055757308925819,0.8260157166650488
2025-12-31 10:50:00,81.1,83.9,81.1,83.6,6000,500300.0,77.51,75.53333333333333,75.12166666666667,2.203081502949516,1.4050768853039688,0.7980046176455471
2025-12-31 10:51:00,84.0,84.0,84.0,84.0,1000,84000.0,77.97,75.69166666666666,75.16041666666666,2.344242298450837,1.5929099679333427,0.7513323305174942
2025-12-31 10:53:00,83.7,83.7,83.7,83.7,1000,83700.0,78.435,75.84666666666666,75.19666666666667,2.4041917274225284,1.75516631983118,0.6490254075913484
2025-12-31 10:59:00,82.0,83.3,82.0,83.3,5000,411300.0,78.88000000000001,75.99500000000002,75.23125,2.391853625022307,1.8825037808694056,0.5093498441529014
2025-12-31 11:01:00,81.2,81.2,81.2,81.2,2000,162400.0,79.20500000000001,76.10333333333332,75.25625,2.187408061887993,1.9434846370731234,0.24392342481486962
2025-12-31 11:02:00,82.8,83.1,82.5,83.1,7000,579000.0,79.62,76.24166666666666,75.29041666666667,2.153869138499118,1.9855615373583226,0.16830760114079557
2025-12-31 11:03:00,83.9,83.9,83.9,83.9,2,167.8,80.06500000000001,76.4,75.32666666666667,2.1668643507898935,2.021822100044637,0.14504225074525667
2025-12-31 11:04:00,81.1,81.1,81.1,81.1,1000,81100.0,80.37,76.50666666666666,75.35125,1.928990350723808,2.003255750180471,-0.07426539945666288
2025-12-31 11:07:00,81.1,81.1,81.1,81.1,1000,81100.0,80.68499999999999,76.61166666666666,75.37583333333333,1.7206390361338748,1.9467324073711516,-0.2260933712372768
2025-12-31 11:08:00,81.5,81.5,81.5,81.5,1000,81500.0,80.95,76.72833333333332,75.40208333333334,1.5697012365419596,1.8713261732053132,-0.30162493666335366
2025-12-31 11:09:00,81.6,83.1,81.3,83.1,6000,490800.0,81.355,76.86666666666666,75.43708333333333,1.5611921202059307,1.8092993626054368,-0.2481072423995061
2025-12-31 11:18:00,83.1,83.1,83.1,83.1,1000,83100.0,81.76,77.015,75.46958333333332,1.536734070424643,1.7547863041692782,-0.21805223374463512
2025-12-31 11:22:00,80.7,82.0,80.7,82.0,2000,162700.0,82.03999999999999,77.13833333333334,75.49749999999999,1.412309853981455,1.6862910141317136,-0.27398116015025864
2025-12-31 11:29:00,81.5,81.5,81.5,81.5,493,40179.5,82.275,77.25166666666665,75.52583333333332,1.258845754443584,1.6008019621940877,-0.3419562077505036
2025-12-31 11:30:00,80.6,80.6,80.6,80.6,10,806.0,82.455,77.355,75.54791666666667,1.0524696564644103,1.4911355010481524,-0.43866584458374214
2025-12-31 11:35:00,80.6,80.6,80.6,80.6,1000,80600.0,82.435,77.45833333333333,75.57124999999999,0.8787850252104761,1.3686654058806174,-0.4898803806701413
2025-12-31 11:36:00,80.6,81.0,80.6,81.0,2000,161600.0,82.32000000000001,77.56333333333332,75.59458333333333,0.7646015104079851,1.247852626786091,-0.4832511163781059
2025-12-31 11:37:00,80.5,80.5,80.5,80.5,3000,241500.0,82.19500000000001,77.66333333333333,75.6175,0.6265420442760217,1.123590510284077,-0.4970484660080554
2025-12-31 11:47:00,82.3,82.3,82.3,82.3,1000,82300.0,82.21000000000001,77.78999999999999,75.64666666666666,0.6548254591951235,1.0298375000662863,-0.3750120408711628
2025-12-31 11:49:00,80.5,80.5,80.5,80.5,1000,80500.0,82.08500000000001,77.88666666666667,75.67,0.525932687873123,0.9290565376276536,-0.40312384975453064
2025-12-31 11:50:00,82.3,82.3,82.3,82.3,1000,82300.0,82.02,78.02,75.69958333333334,0.562544531562466,0.8557541364146162,-0.2932096048521502
2025-12-31 12:16:00,80.0,80.0,80.0,80.0,2000,160000.0,81.82,78.11,75.72166666666666,0.4013424771132179,0.7648718045543366,-0.36352932744111865
2025-12-31 12:21:00,80.0,80.0,80.0,80.0,1000,80000.0,81.63499999999999,78.19833333333332,75.7425,0.2704708677627963,0.6659916171960286,-0.39552074943323234
2025-12-31 12:22:00,80.3,82.3,80.0,80.0,6000,483200.0,81.47,78.30166666666668,75.7625,0.16485384200093733,0.5657640621570104,-0.400910220156073
2025-12-31 12:23:00,80.0,82.2,80.0,82.2,1005,80411.0,81.52,78.42666666666666,75.79333333333332,0.255725359230226,0.5037563215716535,-0.24803096234142752
2025-12-31 12:25:00,80.0,80.0,80.0,80.0,1000,80000.0,81.365,78.515,75.81333333333332,0.14850816778047715,0.4327066908134182,-0.2841985230329411
2025-12-31 12:30:00,82.2,82.2,82.2,82.2,1000,82200.0,81.28,78.64833333333333,75.84416666666667,0.2383122694334503,0.39382780653742466,-0.15551553710397437
2025-12-31 12:53:00,81.0,81.0,81.0,81.0,1000,81000.0,81.275,78.75166666666665,75.86833333333333,0.2102293032705802,0.3571081058840558,-0.14687880261347558
2025-12-31 13:07:00,80.1,82.2,80.1,82.2,2000,162300.0,81.33000000000001,78.88666666666668,75.89916666666666,0.2815576995444644,0.34199802461613754,-0.06044032507167313
2025-12-31 13:08:00,80.1,80.1,80.1,80.1,2000,160200.0,81.26,78.975,75.91958333333332,0.16671176842520197,0.30694077337795045,-0.14022900495274848
2025-12-31 13:09:00,82.2,82.2,82.2,82.2,1000,82200.0,81.215,79.10499999999999,75.94958333333332,0.24235428087106925,0.2940234748765742,-0.05166919400550496
2025-12-31 13:13:00,80.0,80.0,80.0,80.0,1000,80000.0,81.06,79.19333333333333,75.96916666666667,0.12335790992842988,0.25989036188694536,-0.1365324519585155
2025-12-31 13:15:00,80.0,80.3,80.0,80.3,3000,240300.0,80.975,79.28666666666666,75.99125,0.05265297075764863,0.218442883661086,-0.16578991290343736
2025-12-31 13:19:00,80.0,80.0,80.0,80.0,3000,240000.0,80.9,79.375,76.01083333333332,-0.027274294641188135,0.16929944800063115,-0.1965737426418193
2025-12-31 13:20:00,81.9,81.9,81.9,81.9,1000,81900.0,80.965,79.5,76.03833333333334,0.061982398218887624,0.14783603804428244,-0.08585363982539482
2025-12-31 13:25:00,81.9,81.9,81.9,81.9,2000,163800.0,81.03,79.61999999999999,76.06750000000001,0.13120650347141805,0.14451013112970956,-0.013303627658291517
2025-12-31 14:00:00,79.8,79.8,79.8,79.8,2000,159600.0,80.97,79.715,76.08625,0.016425315239402494,0.11889316795164814,-0.10246785271224565
2025-12-31 14:01:00,79.8,79.8,79.8,79.8,1000,79800.0,80.935,79.79833333333335,76.10541666666667,-0.07369014921859218,0.08037650451760008,-0.15406665373619227
2025-12-31 14:05:00,81.3,81.3,81.3,81.3,1000,81300.0,80.885,79.91833333333332,76.13166666666666,-0.02379553989972294,0.05954209563413547,-0.08333763553385841
2025-12-31 14:25:00,81.3,81.3,80.0,81.0,13000,1052500.0,80.91,80.02166666666666,76.15541666666667,-0.008364771460151132,0.04596072221527815,-0.054325493675429284
2025-12-31 14:27:00,81.4,81.4,81.4,81.4,1000,81400.0,80.865,80.13166666666667,76.18083333333334,0.035729018872387996,0.043914381546700125,-0.008185362674312129
2025-12-31 14:33:00,80.0,80.0,80.0,80.0,3000,240000.0,80.865,80.21833333333333,76.20041666666667,-0.04181264418755859,0.02676897639984838,-0.06858162058740697
2025-12-31 14:38:00,81.0,81.0,81.0,81.0,1000,81000.0,80.91499999999999,80.32833333333333,76.2275,-0.022316082263742487,0.016951964667130205,-0.03926804693087269
2025-12-31 14:51:00,79.8,80.1,79.8,80.1,4000,319500.0,80.92,80.42333333333333,76.24791666666667,-0.0785815556024545,-0.0021547393867867412,-0.07642681621566776
2025-12-31 14:53:00,80.9,81.0,79.6,80.6,9000,724000.0,80.84,80.52166666666668,76.27083333333333,-0.08188263521995509,-0.018100318553420418,-0.06378231666653467
2025-12-31 14:54:00,81.0,81.0,81.0,81.0,1000,81000.0,80.89,80.625,76.29541666666667,-0.0516269838066421,-0.024805651604064758,-0.026821332202577344
2025-12-31 14:55:00,80.1,81.0,80.0,81.0,6000,482300.0,80.83,80.725,76.32000000000001,-0.027334071915220193,-0.025311335666295846,-0.002022736248924347
2025-12-31 14:56:00,80.1,80.1,80.1,80.1,1000,80100.0,80.785,80.81,76.34083333333334,-0.07978453613800696,-0.036205975760638075,-0.04357856037736888
2025-12-31 14:57:00,81.4,81.4,81.4,81.4,1000,81400.0,80.74499999999999,80.92,76.36958333333334,-0.016265275501865517,-0.03221783570888356,0.015952560207018046
2025-12-31 14:58:00,80.1,81.4,80.1,81.4,8000,644300.0,80.81,81.00666666666666,76.39541666666666,0.03368588625581026,-0.019037091315944797,0.05272297757175506
2026-01-02 09:01:00,81.4,81.4,80.0,80.0,8000,643900.0,80.7,81.08999999999999,76.41833333333332,-0.03924338457514409,-0.02307834996778466,-0.016165034607359432
2026-01-02 09:03:00,80.0,80.0,80.0,80.0,2000,160000.0,80.7,81.17333333333333,76.43833333333333,-0.09593448411989414,-0.03764957679820656,-0.058284907321687576
2026-01-02 09:16:00,80.3,80.3,80.3,80.3,2000,160600.0,80.7,81.23833333333333,76.45958333333333,-0.11532569334590903,-0.053184800107747066,-0.062140893238161965
2026-01-02 09:17:00,80.3,80.3,80.0,80.0,4000,320900.0,80.7,81.29166666666667,76.4825,-0.15313560720279895,-0.07317496152675745,-0.0799606456760415
2026-01-02 09:27:00,79.7,80.0,79.7,80.0,4000,319100.0,80.60499999999999,81.34166666666667,76.5025,-0.18101362396015475,-0.09474269401343692,-0.08627092994671783
2026-01-02 09:33:00,79.5,79.5,79.5,79.5,950,75525.0,80.485,81.31666666666666,76.52458333333333,-0.24067858154543842,-0.12392987151983723,-0.1167487100256012
2026-01-02 09:35:00,80.3,80.3,80.3,80.3,1000,80300.0,80.51,81.26666666666667,76.54583333333333,-0.2208641912598921,-0.14331673546784823,-0.07754745579204386
2026-01-02 10:14:00,80.3,80.3,80.3,80.3,500,40150.0,80.535,81.22166666666666,76.56708333333334,-0.20282312546626713,-0.15521801346753203,-0.0476051119987351
2026-01-02 10:29:00,80.3,80.3,80.0,80.0,2000,160300.0,80.47,81.18833333333333,76.58791666666667,-0.21030863659129295,-0.16623613809228424,-0.04407249849900871
2026-01-02 10:59:00,80.3,80.3,80.0,80.0,6000,480900.0,80.41999999999999,81.13833333333334,76.6075,-0.2137766736654072,-0.17574424520690884,-0.03803242845849836
2026-01-02 11:31:00,79.8,79.8,79.8,79.8,3000,239400.0,80.34,81.075,76.62625,-0.2300120112743116,-0.18659779842038943,-0.04341421285392216
2026-01-02 11:35:00,79.5,79.5,79.4,79.4,6000,476700.0,80.31,80.99833333333332,76.64458333333333,-0.2720196175345535,-0.20368216224322228,-0.06833745529133123
2026-01-02 11:48:00,80.0,80.0,80.0,80.0,1000,80000.0,80.26,80.93666666666667,76.66375000000001,-0.25396837323663135,-0.21373940444190412,-0.04022896879472723
2026-01-02 12:14:00,80.0,80.0,80.0,80.0,2000,160000.0,80.255,80.88166666666666,76.685,-0.2369314339919839,-0.21837781035192008,-0.018553623640063827
2026-01-02 13:49:00,79.0,79.3,79.0,79.3,5000,395600.0,80.19,80.85,76.70208333333333,-0.27672378718786206,-0.2300470057191085,-0.046676781468753564
2026-01-02 13:50:00,79.0,79.0,79.0,79.0,2000,158000.0,80.09,80.78166666666668,76.71791666666667,-0.32867820878362863,-0.24977324633201253,-0.0789049624516161
2026-01-02 14:11:00,80.3,80.3,80.3,80.3,1000,80300.0,80.055,80.72166666666666,76.73916666666668,-0.26193391563178636,-0.25220538019196737,-0.009728535439818997
2026-01-02 14:12:00,80.3,80.3,80.3,80.3,1000,80300.0,80.065,80.70833333333333,76.76041666666667,-0.20665637637453926,-0.24309557942848176,0.03643920305394249
2026-01-05 09:06:00,80.3,80.3,80.3,80.3,1000,80300.0,80.01,80.695,76.78166666666667,-0.16099270457615944,-0.22667500445801733,0.06568229988185789
2026-01-05 09:07:00,78.5,80.3,78.5,80.3,10000,789800.0,79.955,80.675,76.80166666666668,-0.12338164884151581,-0.20601633333471703,0.08263468449320122
2026-01-05 09:09:00,78.2,80.3,78.2,80.3,7000,550400.0,79.97,80.62833333333333,76.82166666666667,-0.09250823880618952,-0.18331471442901154,0.09080647562282201
2026-01-05 09:28:00,80.3,80.3,80.3,80.3,10,803.0,79.98499999999999,80.58166666666666,76.84291666666667,-0.06726544474653906,-0.16010486049251704,0.09283941574597798
2026-01-05 09:40:00,80.3,80.3,80.0,80.0,5000,400600.0,79.97,80.54833333333333,76.865,-0.07065339305029283,-0.1422145670040722,0.07156117395377937
2026-01-05 09:51:00,80.0,80.0,80.0,80.0,2000,160000.0,79.97,80.52333333333333,76.88583333333332,-0.07250260162956579,-0.12827217392917092,0.055769572299605136
2026-01-05 10:01:00,79.7,79.7,79.7,79.7,1000,79700.0,79.955,80.50833333333334,76.90458333333335,-0.09705679522724608,-0.12202909818878596,0.024972302961539877
2026-01-05 10:03:00,79.7,79.7,79.7,79.7,500,39850.0,79.965,80.49333333333334,76.92416666666668,-0.11518835094932456,-0.1206609487408937,0.005472597791569139
2026-01-05 10:05:00,80.3,80.3,80.3,80.3,1000,80300.0,79.965,80.48166666666667,76.94458333333334,-0.08021805015096106,-0.11257236902290718,0.03235431887194612
2026-01-05 11:45:00,79.7,79.7,79.7,79.7,5,398.5,79.935,80.46833333333333,76.96625,-0.09976874838415029,-0.11001164489515582,0.010242896511005531
2026-01-05 11:48:00,80.3,80.3,80.3,80.3,1000,80300.0,79.95,80.435,76.98666666666666,-0.06608603334309748,-0.10122652258474416,0.03514048924164667
2026-01-05 12:02:00,79.7,80.0,79.7,80.0,6000,479100.0,79.95,80.42666666666668,77.00583333333334,-0.0628749485292559,-0.09355620777364651,0.030681259244390607
2026-01-05 12:03:00,80.3,80.3,80.0,80.0,6000,480900.0,79.96,80.38833333333334,77.02666666666667,-0.05964261770894552,-0.08677348976070633,0.027130872051760804
2026-01-05 12:50:00,79.5,79.8,79.5,79.8,11000,876000.0,79.97999999999999,80.385,77.045,-0.07238489279036742,-0.08389577036663855,0.01151087757627113
2026-01-05 12:51:00,80.2,80.2,80.2,80.2,1000,80200.0,79.99,80.38833333333334,77.06541666666666,-0.049634425771074575,-0.07704350144752575,0.027409075676451178
2026-01-05 13:16:00,80.2,80.2,80.2,80.2,3000,240600.0,80.0,80.39166666666667,77.08708333333334,-0.03124435131695691,-0.06788367142141198,0.03663932010445507
2026-01-05 13:17:00,79.9,80.3,79.9,80.3,3000,240100.0,80.05,80.36,77.10708333333334,-0.008502904364974029,-0.05600751801012439,0.04750461364515036
2026-01-05 13:28:00,80.3,80.3,80.3,80.3,1000,80300.0,80.11500000000001,80.365,77.12791666666666,0.009411367798136894,-0.04292374084847213,0.05233510864660902
2026-01-05 14:52:00,80.0,80.0,80.0,80.0,3000,240000.0,80.1,80.32833333333335,77.14750000000001,-0.0005921097697694222,-0.03445741463273159,0.033865304862962166
2026-01-06 09:11:00,80.3,80.3,80.3,80.3,1000,80300.0,80.1,80.31666666666666,77.16791666666667,0.015508779426539832,-0.024464175820877305,0.03997295524741713
2026-01-06 09:23:00,80.3,80.3,80.3,80.3,1000,80300.0,80.1,80.285,77.19,0.02794669797718541,-0.013982001061264761,0.04192869903845017
2026-01-06 09:35:00,79.7,79.7,79.7,79.7,1000,79700.0,80.07000000000001,80.27833333333334,77.20791666666666,-0.010490222793407611,-0.013283645407693334,0.0027934226142857232
2026-01-06 09:36:00,80.3,80.3,80.0,80.0,4000,320300.0,80.055,80.24166666666666,77.22708333333334,-0.01655344877842424,-0.013937606081839518,-0.0026158426965847224
2026-01-06 10:35:00,80.3,80.3,80.3,80.3,1000,80300.0,80.055,80.24666666666667,77.24916666666667,0.0028164277151319084,-0.010586799322445233,0.013403227037577141
2026-01-06 12:12:00,79.7,79.7,79.7,79.7,3000,239100.0,80.03999999999999,80.23666666666666,77.26708333333333,-0.029903087028827713,-0.01445005686372173,-0.015453030165105982
2026-01-06 12:26:00,80.0,80.0,80.0,80.0,1000,80000.0,80.04,80.23666666666666,77.28625000000001,-0.03126563462562615,-0.017813172416102616,-0.013452462209523532
2026-01-06 13:11:00,79.6,80.0,79.6,80.0,3000,239200.0,80.055,80.20499999999998,77.30708333333334,-0.0319768541430534,-0.020645908761492776,-0.011330945381560625
2026-01-07 09:01:00,80.3,80.3,80.3,80.3,1000,80300.0,80.08500000000001,80.17833333333333,77.32791666666665,-0.00823804488585722,-0.018164335986365666,0.009926291100508446
2026-01-07 09:42:00,79.7,79.7,79.7,79.7,2000,159400.0,80.055,80.17666666666666,77.3475,-0.037408629714136055,-0.022013194731919747,-0.015395434982216308
2026-01-07 09:44:00,80.3,80.3,80.3,80.3,1000,80300.0,80.08500000000001,80.18499999999999,77.36833333333333,-0.011973519483149175,-0.020005259682165634,0.008031740199016459
2026-01-07 09:52:00,79.7,80.0,79.7,80.0,7230,577200.0,80.07000000000001,80.16333333333334,77.38916666666665,-0.015840900134264757,-0.01917238777258546,0.003331487638320703
2026-01-07 10:24:00,79.5,79.9,79.5,79.9,3020,240098.0,80.06500000000001,80.14500000000001,77.40833333333333,-0.02666758411866965,-0.0206714270418023,-0.005996157076867351
2026-01-07 10:27:00,80.0,80.0,80.0,80.0,1000,80000.0,80.06500000000001,80.12166666666666,77.42791666666668,-0.0268689167660483,-0.021910924986651502,-0.004957991779396799
2026-01-07 10:43:00,80.0,80.0,80.0,80.0,1000,80000.0,80.075,80.12166666666666,77.4475,-0.026720457538047526,-0.022872831496930708,-0.003847626041116818
2026-01-07 10:44:00,80.0,80.0,80.0,80.0,1000,80000.0,80.06500000000001,80.10499999999999,77.46708333333332,-0.02629963668945834,-0.023558192535436236,-0.0027414441540221032
2026-01-07 11:06:00,79.5,80.0,79.5,79.8,7000,557900.0,80.045,80.1,77.49125,-0.041624638740401565,-0.027171481776429307,-0.014453156963972258
2026-01-07 11:07:00,80.0,80.0,79.5,80.0,4000,319000.0,80.03,80.08999999999999,77.51624999999999,-0.037202635917168436,-0.029177712604577136,-0.0080249233125913
2026-01-07 13:01:00,79.5,80.0,79.5,80.0,3000,239000.0,80.01500000000001,80.07333333333332,77.53583333333333,-0.033314142127835566,-0.030004998509228824,-0.0033091436186067427
2026-01-07 13:21:00,79.5,80.3,79.5,79.5,12000,956600.0,79.99000000000001,80.04833333333333,77.55458333333333,-0.06977399295240616,-0.0379587973978643,-0.03181519555454186
2026-01-07 13:22:00,79.7,80.3,79.7,80.3,2000,160000.0,79.99,80.05166666666666,77.57666666666665,-0.03372659410608492,-0.037112356739508426,0.0033857626334235086
2026-01-07 13:23:00,79.7,80.3,79.7,80.3,2000,160000.0,79.99,80.03333333333333,77.59875000000001,-0.005099981401926357,-0.030709881671992012,0.025609900270065655
2026-01-07 14:09:00,79.7,79.7,79.7,79.7,5000,398500.0,79.99,80.00500000000001,77.61791666666666,-0.030476852002351507,-0.030663275738063916,0.0001864237357124092
2026-01-07 14:21:00,80.0,80.0,80.0,80.0,1000,80000.0,79.99,80.00500000000001,77.64083333333333,-0.026080077093837417,-0.02974663600921862,0.0036665589153812017
2026-01-08 09:31:00,80.0,80.0,80.0,80.0,1000,80000.0,79.975,80.00500000000001,77.66124999999998,-0.022338101571833135,-0.028264929121741528,0.005926827549908392
2026-01-08 09:34:00,80.0,80.0,80.0,80.0,1000,80000.0,79.99,80.0,77.68166666666666,-0.019151789107908712,-0.02644230111897497,0.007290512011066258
2026-01-08 10:18:00,80.0,80.0,80.0,80.0,1000,80000.0,79.99,80.0,77.69833333333332,-0.01643713644689626,-0.024441268184559228,0.008004131737662967
2026-01-08 10:33:00,79.7,79.7,79.7,79.7,65000,5180500.0,79.975,79.99499999999999,77.72,-0.038054577963805514,-0.027163930140408486,-0.010890647823397027
2026-01-08 10:34:00,79.7,80.2,79.7,80.2,36000,2869700.0,79.97,80.00666666666666,77.74541666666667,-0.01467160960284275,-0.02466546603289534,0.00999385643005259
2026-01-08 10:36:00,80.0,80.0,80.0,80.0,20000,1600000.0,79.98499999999999,80.00166666666668,77.76666666666667,-0.01213883827041684,-0.022160140480399642,0.010021302209982801
2026-01-08 10:37:00,80.0,80.0,80.0,80.0,80000,6400000.0,79.97,79.99666666666666,77.78458333333333,-0.010016138927127827,-0.01973134016974528,0.009715201242617454
2026-01-08 10:47:00,79.7,79.7,79.7,79.7,77000,6136900.0,79.955,79.99166666666666,77.80375000000001,-0.032170535294326896,-0.022219179194661605,-0.009951356099665291
2026-01-08 10:48:00,79.7,80.2,79.7,80.2,24000,1913300.0,79.97,79.99499999999999,77.825,-0.009275312672670566,-0.019630405890263398,0.010355093217592832
2026-01-08 10:50:00,80.0,80.0,80.0,80.0,70000,5600000.0,79.97,79.99833333333332,77.84458333333333,-0.007186174576801818,-0.017141559627571083,0.009955385050769264
2026-01-08 10:51:00,80.0,80.0,80.0,80.0,30000,2400000.0,79.97,80.00833333333334,77.86458333333333,-0.005467491742976449,-0.014806746050652155,0.009339254307675706
2026-01-08 10:54:00,80.2,80.2,80.2,80.2,1000,80200.0,79.98,80.01166666666667,77.88875,0.011895778189412454,-0.009466241202639232,0.021362019392051686
2026-01-08 11:46:00,79.8,79.8,79.8,79.8,6000,478800.0,79.97999999999999,80.00833333333334,77.91125000000001,-0.006544916629266595,-0.008881976287964706,0.0023370596586981107
2026-01-08 11:49:00,80.2,80.2,80.2,80.2,1000,80200.0,79.99,80.02333333333333,77.93333333333334,0.010990663403163126,-0.004907448349739139,0.015898111752902264
2026-01-08 12:21:00,79.7,79.7,79.7,79.7,2000,159400.0,79.975,80.035,77.95291666666667,-0.015281923903643246,-0.006982343460519961,-0.008299580443123285
2026-01-08 12:22:00,80.2,80.2,80.2,80.2,1000,80200.0,80.01,80.03333333333333,77.97625,0.004194333037219167,-0.004747008160972135,0.008941341198191302
2026-01-08 12:31:00,80.2,80.2,80.2,80.2,1000,80200.0,80.005,80.03166666666668,77.99791666666667,0.019405710036039636,8.353547843022021e-05,0.019322174557609414
2026-01-08 12:45:00,80.2,80.2,80.2,80.2,1000,80200.0,80.0,80.03,78.01833333333335,0.031102307855206845,0.006287289953785548,0.024815017901421297
2026-01-09 09:04:00,80.2,80.2,80.2,80.2,1000,80200.0,80.025,80.02833333333334,78.04166666666667,0.03991186674082314,0.013012205311193068,0.026899661429630073
2026-01-09 09:28:00,79.4,79.4,79.4,79.4,2000,158800.0,79.995,80.01333333333334,78.06166666666667,-0.017458557115062945,0.006918052825941865,-0.02437660994100481
2026-01-09 09:29:00,80.2,80.2,80.2,80.2,1000,80200.0,80.005,80.01166666666667,78.08500000000001,0.001609726839603809,0.005856387628674254,-0.0042466607890704455
2026-01-09 09:30:00,79.4,79.4,79.4,79.4,1000,79400.0,79.975,80.00166666666668,78.10499999999999,-0.0472867427325383,-0.00477223844356826,-0.04251450428897004
2026-01-09 09:31:00,80.2,80.2,80.2,80.2,2000,160400.0,79.985,80.00500000000001,78.12833333333333,-0.02123939846303813,-0.008065670447462234,-0.013173728015575894
2026-01-09 09:33:00,80.2,80.2,80.2,80.2,100,8020.0,80.01,80.01333333333334,78.15041666666666,-0.0005898905771175578,-0.006570514473393299,0.005980623896275741
2026-01-09 09:44:00,79.4,79.4,79.4,79.4,3000,238200.0,79.97,80.00833333333334,78.16916666666667,-0.048222442625714734,-0.014900900103857589,-0.03332154252185714
2026-01-09 09:45:00,79.7,80.3,79.7,80.3,4000,319400.0,79.98500000000001,80.00833333333334,78.19166666666666,-0.01319697836035516,-0.014560115755157104,0.0013631373948019433
2026-01-09 10:10:00,79.4,80.0,79.4,80.0,2000,159400.0,79.98500000000001,80.01333333333334,78.21166666666666,-0.00953660631931541,-0.013555413867988766,0.004018807548673356
2026-01-09 10:32:00,79.4,80.0,79.4,80.0,3000,238800.0,80.0,80.00833333333334,78.23166666666667,-0.0065601141923394835,-0.01215635393285891,0.005596239740519426
2026-01-09 10:58:00,79.4,80.0,79.4,80.0,2000,159400.0,79.99000000000001,80.00833333333334,78.25250000000001,-0.004153345555053534,-0.010555752257297836,0.006402406702244302
2026-01-09 11:06:00,79.5,80.0,79.5,80.0,6000,477500.0,79.99000000000001,80.00833333333334,78.27333333333334,-0.002220369038028025,-0.008888675613443874,0.006668306575415849
2026-01-09 12:42:00,80.0,80.0,80.0,80.0,1000,80000.0,79.99000000000001,80.01166666666668,78.29416666666667,-0.0006806253960718323,-0.007247065569969465,0.006566440173897633
2026-01-09 13:19:00,80.0,80.0,79.7,80.0,11000,878500.0,79.97999999999999,80.00833333333334,78.31500000000001,0.0005334828749425924,-0.005690955880987053,0.006224438755929646
2026-01-09 13:24:00,79.5,79.5,79.5,79.5,120000,9540000.0,79.965,79.99666666666667,78.33583333333334,-0.03840741215914534,-0.012234247136618713,-0.026173165022526625
2026-01-09 13:25:00,79.8,79.8,79.8,79.8,76000,6064800.0,79.94500000000001,79.98833333333333,78.35583333333334,-0.04454734516694714,-0.018696866742684403,-0.025850478424262736
2026-01-09 13:26:00,79.8,80.0,79.8,80.0,45000,3591200.0,79.96000000000001,79.98333333333333,78.37833333333333,-0.03289575598313377,-0.021536644590774277,-0.01135911139235949
2026-01-09 13:41:00,79.4,79.4,79.4,79.4,1000,79400.0,79.91999999999999,79.97333333333333,78.39833333333334,-0.07125538547180099,-0.03148039276697963,-0.03977499270482136
2026-01-09 13:48:00,80.0,80.0,80.0,80.0,1000,80000.0,79.91,79.96833333333333,78.41916666666667,-0.05263395119115444,-0.03571110445181459,-0.016922846739339845
2026-01-09 14:52:00,79.5,79.5,79.5,79.5,10000,795000.0,79.875,79.955,78.43791666666668,-0.07733073115710454,-0.04403502979287258,-0.033295701364231954
2026-01-09 14:53:00,80.0,80.0,80.0,80.0,1000,80000.0,79.865,79.96000000000001,78.45916666666668,-0.05591275841069887,-0.046410575516437846,-0.009502182894261024
2026-01-09 14:56:00,79.4,79.7,79.4,79.7,7000,556400.0,79.88,79.955,78.47916666666667,-0.0624267369323519,-0.049613807799620664,-0.012812929132731236
2026-01-09 14:57:00,79.4,80.0,79.4,80.0,6000,477000.0,79.87,79.95,78.50041666666667,-0.04288724162103108,-0.04826849456390275,0.005381252942871673
2026-01-12 09:01:00,80.0,80.0,80.0,80.0,1000,80000.0,79.9,79.955,78.52208333333333,-0.027089776729013693,-0.04403275099692495,0.016942974267911255
2026-01-12 09:44:00,79.3,79.3,79.3,79.3,3000,237900.0,79.85499999999999,79.94333333333334,78.54041666666667,-0.07024458598195338,-0.04927511799393064,-0.02096946798802274
2026-01-12 09:45:00,79.6,80.0,79.3,80.0,7000,556700.0,79.845,79.94333333333334,78.56333333333333,-0.04741437002931548,-0.048902968401007614,0.001488598371692136
2026-01-12 09:47:00,79.6,79.6,79.6,79.6,2000,159200.0,79.855,79.93166666666667,78.58208333333333,-0.06089594590653746,-0.05130156390211359,-0.009594382004423876
2026-01-12 09:49:00,79.6,80.0,79.3,80.0,7000,556800.0,79.84,79.93666666666668,78.60541666666667,-0.03885563132708114,-0.0488123773871071,0.009956746060025959
2026-01-12 10:09:00,79.5,79.5,79.5,79.5,5000,397500.0,79.81500000000001,79.92333333333335,78.62458333333333,-0.06103081926254106,-0.0512560657621939,-0.009774753500347157
2026-01-12 10:10:00,79.8,80.1,79.8,80.1,9000,718800.0,79.82000000000001,79.925,78.64666666666666,-0.029845786228904103,-0.046974009855535945,0.01712822362663184
2026-01-12 11:17:00,79.6,79.6,79.6,79.6,23000,1830800.0,79.8,79.92000000000002,78.66708333333334,-0.04495898500623241,-0.04657100488567524,0.0016120198794428303
2026-01-12 11:18:00,79.6,79.6,79.6,79.6,77000,6129200.0,79.78,79.91333333333334,78.68708333333332,-0.056287457153629816,-0.04851429533926616,-0.0077731618143636536
2026-01-12 11:19:00,79.5,79.5,79.5,79.5,200,15900.0,79.755,79.90499999999999,78.70791666666666,-0.07249879621892319,-0.05331119551519757,-0.01918760070372562
2026-01-12 11:20:00,79.9,79.9,79.9,79.9,35000,2796500.0,79.74999999999999,79.90333333333334,78.72916666666667,-0.05246495877754853,-0.05314194816766777,0.0006769893901192384
2026-01-12 11:21:00,79.9,79.9,79.9,79.9,65000,5193500.0,79.77000000000001,79.905,78.75,-0.03617104102403346,-0.04974776673894091,0.01357672571490745
2026-01-12 11:22:00,80.0,80.0,80.0,80.0,1000,80000.0,79.78,79.905,78.77291666666666,-0.015015737473277113,-0.04280136088580815,0.02778562341253104
2026-01-12 11:25:00,79.5,79.5,79.5,79.5,5000,397500.0,79.755,79.89666666666668,78.79375,-0.03815598981987023,-0.04187228667262057,0.0037162968527503434
2026-01-12 11:28:00,79.9,79.9,79.9,79.9,1000,79900.0,79.78,79.90333333333335,78.815,-0.02394215915329312,-0.03828626116875508,0.014344102015461963
2026-01-12 12:46:00,79.5,79.5,79.5,79.5,1000,79500.0,79.75500000000001,79.89000000000001,78.83583333333333,-0.04444195382588134,-0.03951739970018034,-0.004924554125701003
2026-01-12 12:47:00,79.9,79.9,79.9,79.9,1000,79900.0,79.775,79.88333333333334,78.85666666666667,-0.028087753596977905,-0.037231470479539855,0.00914371688256195
2026-01-12 14:58:00,78.1,78.1,78.1,78.1,3000,234300.0,79.68,79.85666666666667,78.87166666666667,-0.15854428898920503,-0.0614940341814729,-0.09705025480773213
2026-01-12 15:00:00,79.8,79.8,79.8,79.8,1000,79800.0,79.685,79.85333333333332,78.89375,-0.1233345171285265,-0.07386213077088363,-0.04947238635764287
2026-01-13 09:01:00,79.8,79.8,79.8,79.8,1000,79800.0,79.675,79.85,78.91458333333334,-0.09434299197124574,-0.07795830301095606,-0.016384688960289676
2026-01-13 10:09:00,79.8,79.8,79.8,79.8,1000,79800.0,79.66499999999999,79.84666666666666,78.9375,-0.07055370027285335,-0.07647738246333552,0.005923682190482171
2026-01-13 10:50:00,78.1,78.1,78.0,78.0,12000,936600.0,79.6,79.81333333333333,78.95083333333334,-0.1947010791385395,-0.10012212179837633,-0.09457895734016318
2026-01-13 10:52:00,78.3,78.3,78.3,78.3,1000,78300.0,79.515,79.79,78.96541666666667,-0.26581710441348605,-0.13326111832139828,-0.13255598609208777
2026-01-13 11:16:00,78.3,78.3,78.3,78.3,50,3915.0,79.45,79.75833333333335,78.98125,-0.31850553328230546,-0.17031000131357973,-0.14819553196872573
2026-01-13 12:51:00,78.3,78.3,78.3,78.3,1000,78300.0,79.365,79.72999999999999,78.99583333333334,-0.3561559486834369,-0.20747919078755117,-0.14867675789588575
2026-01-13 13:17:00,78.0,78.3,78.0,78.3,2000,156300.0,79.30499999999999,79.70166666666665,79.01041666666667,-0.3815953801380658,-0.24230242865765414,-0.13929295148041168
2026-01-13 13:24:00,77.8,77.8,77.8,77.8,1000,77800.0,79.19,79.67,79.025,-0.43706393321348,-0.28125472956881936,-0.15580920364466067
2026-01-13 13:26:00,78.6,78.6,78.6,78.6,1000,78600.0,79.14000000000001,79.64333333333335,79.04083333333332,-0.4117237519111683,-0.3073485340372892,-0.1043752178738791
2026-01-13 14:20:00,78.2,78.2,78.2,78.2,20000,1564000.0,79.07,79.61333333333333,79.055,-0.4190871568519583,-0.32969625860022306,-0.08939089825173524
2026-01-13 14:21:00,78.2,78.2,78.2,78.2,40000,3128000.0,79.005,79.58333333333333,79.07041666666667,-0.4200802842915863,-0.34777306373849576,-0.07230722055309052
2026-01-13 14:22:00,78.2,78.2,78.2,78.2,40000,3128000.0,78.92,79.55,79.08624999999999,-0.4160711358834135,-0.36143267816747937,-0.05463845771593412
2026-01-13 14:26:00,78.5,78.5,78.5,78.5,30000,2355000.0,78.85,79.52833333333334,79.10333333333332,-0.38425688985554984,-0.3659975205050935,-0.018259369350456356
2026-01-13 14:27:00,78.5,78.5,78.5,78.5,70000,5495000.0,78.775,79.5,79.11916666666666,-0.3549522026273877,-0.36378845692955236,0.00883625430216467
2026-01-13 14:58:00,77.8,77.8,77.8,77.8,1000,77800.0,78.69,79.46833333333333,79.13166666666667,-0.38378810633605553,-0.367788386810853,-0.015999719525202516
2026-01-13 15:00:00,78.6,78.6,78.6,78.6,1000,78600.0,78.625,79.44166666666666,79.14916666666666,-0.3381890211353351,-0.36186851367574946,0.02367949254041435
2026-01-14 09:01:00,78.6,78.6,78.6,78.6,1000,78600.0,78.58,79.41499999999999,79.16541666666666,-0.2986092361930446,-0.3492166581792085,0.050607421986163914
2026-01-14 10:09:00,77.8,78.6,77.8,78.6,3000,234200.0,78.515,79.38833333333334,79.18125,-0.26419647891697196,-0.33221262232676124,0.06801614340978929
2026-01-14 10:10:00,77.8,77.8,77.8,77.8,1000,77800.0,78.5,79.34833333333333,79.195,-0.29804179468168,-0.325378456797745,0.027336662116065003
2026-01-14 10:13:00,77.8,77.8,77.8,77.8,1000,77800.0,78.4,79.32166666666666,79.2075,-0.3211622922787285,-0.32453522389394174,0.003372931615213237
2026-01-14 10:14:00,78.9,78.9,78.9,78.9,1000,78900.0,78.35499999999999,79.3,79.22708333333334,-0.2478673853558604,-0.3092016561863255,0.06133427083046511
2026-01-14 10:19:00,77.8,77.8,77.8,77.8,1000,77800.0,78.255,79.27333333333333,79.24041666666668,-0.2753671889307725,-0.3024347627352149,0.027067573804442413
2026-01-14 10:20:00,78.9,78.9,78.9,78.9,1000,78900.0,78.3,79.25166666666668,79.25791666666667,-0.20602524370961817,-0.28315285893009556,0.0771276152204774
2026-01-14 10:47:00,77.8,77.8,77.8,77.8,2000,155600.0,78.275,79.21166666666666,79.27208333333333,-0.23709893057385045,-0.27394207325884656,0.03684314268499611
2026-01-14 10:48:00,78.9,78.9,78.9,78.9,1000,78900.0,78.30499999999999,79.20333333333333,79.29083333333332,-0.17099314187117898,-0.25335228698131307,0.08235914511013409
2026-01-14 11:05:00,77.8,78.9,77.8,78.9,2000,156700.0,78.33500000000001,79.18,79.30833333333334,-0.11725221748166348,-0.22613227308138314,0.10888005559971967
2026-01-14 12:31:00,78.9,78.9,78.9,78.9,1000,78900.0,78.365,79.16166666666666,79.32666666666667,-0.07381129703425415,-0.19566807787195736,0.12185678083770321
2026-01-14 12:32:00,78.9,78.9,78.9,78.9,1000,78900.0,78.42,79.14333333333333,79.34416666666667,-0.038935233469658215,-0.16432150899149756,0.12538627552183934
2026-01-14 12:47:00,77.8,78.2,77.8,78.2,5000,389800.0,78.4,79.11333333333333,79.35875,-0.06700743171995782,-0.1448586935371896,0.07785126181723179
2026-01-14 12:48:00,77.8,77.8,77.8,77.8,2000,155600.0,78.38000000000001,79.07666666666665,79.37333333333332,-0.1201465336913401,-0.1399162615680197,0.019769727876679605
2026-01-14 12:50:00,78.8,78.8,78.8,78.8,1000,78800.0,78.41,79.05666666666666,79.39083333333333,-0.0806384622023586,-0.12806070169488748,0.047422239492528884
2026-01-14 13:35:00,77.8,77.8,77.8,77.8,9000,700200.0,78.39,79.02,79.40375,-0.12853796787676686,-0.12815615493126337,-0.0003818129455034902
2026-01-14 13:37:00,77.9,77.9,77.9,77.9,105000,8179500.0,78.36,78.99333333333333,79.42083333333333,-0.15662404248917028,-0.13384973244284476,-0.02277431004632552
2026-01-14 13:38:00,77.9,77.9,77.9,77.9,95000,7400500.0,78.33,78.96166666666666,79.43416666666667,-0.17684391242779895,-0.1424485684398356,-0.034395343987963345
2026-01-14 13:42:00,78.2,78.2,78.2,78.2,70000,5474000.0,78.35,78.93166666666666,79.44875,-0.16673875169676933,-0.14730660509122237,-0.019432146605546957
2026-01-14 13:43:00,78.2,78.2,78.2,78.2,130000,10166000.0,78.33,78.91166666666666,79.46541666666666,-0.15692144626139282,-0.14922957332525646,-0.007691872936136351
2026-01-14 13:45:00,78.8,78.8,78.8,78.8,1000,78800.0,78.34,78.89166666666667,79.48208333333334,-0.09957829874068125,-0.13929931840834142,0.03972101966766017
2026-01-14 13:51:00,78.8,78.8,78.8,78.8,1000,78800.0,78.35,78.88000000000001,79.50166666666668,-0.05351653588265037,-0.12214276190320321,0.06862622602055284
2026-01-15 09:03:00,78.8,78.8,78.8,78.8,1000,78800.0,78.4,78.86,79.51833333333335,-0.016818385086395438,-0.10107788653984166,0.08425950145344623
2026-01-15 09:10:00,78.6,78.6,77.8,77.8,3000,234200.0,78.4,78.82833333333333,79.5325,-0.06764668990317091,-0.09439164721250752,0.02674495730933661
2026-01-15 09:11:00,78.6,78.6,78.6,78.6,1000,78600.0,78.385,78.805,79.54875,-0.0428808695755265,-0.08408949168511133,0.04120862210958483
2026-01-15 09:33:00,77.7,78.0,77.7,78.0,4000,311100.0,78.39500000000001,78.77166666666668,79.5625,-0.07085202607578367,-0.0814419985632458,0.01058997248746213
2026-01-15 10:16:00,77.7,77.7,77.7,77.7,3000,233100.0,78.33500000000001,78.74499999999999,79.575,-0.11589094326458849,-0.08833178750351435,-0.027559155761074136
2026-01-15 10:18:00,78.0,78.0,78.0,78.0,1000,78000.0,78.345,78.71166666666666,79.58999999999999,-0.12592552575424065,-0.09585053515365963,-0.030074990600581025
2026-01-15 11:03:00,78.0,78.0,78.0,78.0,2000,156000.0,78.3,78.68499999999999,79.60374999999999,-0.13235232940562014,-0.10315089400405174,-0.0292014354015684
2026-01-15 11:13:00,77.8,77.8,77.8,77.8,4000,311200.0,78.24499999999999,78.64833333333333,79.61916666666667,-0.15183370173184585,-0.11288745554961056,-0.038946246182235286
2026-01-15 11:21:00,77.7,77.7,77.7,77.7,324,25174.0,78.185,78.61833333333333,79.63125,-0.17334379456031002,-0.12497872335175046,-0.048365071208559554
2026-01-15 11:31:00,78.3,78.3,78.3,78.3,100,7830.0,78.155,78.58833333333334,79.64875,-0.14035775567023734,-0.12805452981544785,-0.01230322585478949
2026-01-15 11:36:00,78.3,78.3,78.3,78.3,1000,78300.0,78.16,78.56666666666666,79.66333333333334,-0.11291447442393121,-0.12502651873714452,0.012112044313213305
2026-01-15 12:49:00,77.7,77.7,77.7,77.7,1000,77700.0,78.155,78.53500000000001,79.67541666666668,-0.13798980137427463,-0.12761917526457053,-0.0103706261097041
2026-01-15 13:16:00,77.7,77.7,77.7,77.7,1000,77700.0,78.1,78.50500000000001,79.6875,-0.1560631794536249,-0.1333079761023814,-0.022755203351243508
2026-01-15 13:43:00,77.7,77.7,77.7,77.7,1000,77700.0,78.095,78.46833333333332,79.70125,-0.1684447357328338,-0.1403353280284719,-0.028109407704361905
2026-01-15 13:55:00,78.3,78.3,78.3,78.3,100,7830.0,78.115,78.44166666666666,79.71749999999999,-0.12836253924808716,-0.13794077027239496,0.009578231024307798
2026-01-15 14:12:00,78.0,78.0,78.0,78.0,5000,390000.0,78.12,78.40833333333333,79.73125,-0.11942791192529967,-0.1342381986029759,0.014810286677676227
2026-01-15 14:59:00,78.3,78.3,78.3,78.3,100,7830.0,78.125,78.38833333333334,79.74583333333334,-0.08713522200658019,-0.12481760328369676,0.03768238127711657
2026-01-16 09:01:00,78.3,78.3,78.3,78.3,1000,78300.0,78.13,78.36166666666666,79.75958333333332,-0.06084168748900254,-0.11202242012475794,0.0511807326357554
2026-01-16 09:04:00,77.7,77.7,77.7,77.7,3000,233100.0,78.075,78.33166666666666,79.77083333333333,-0.08741123523176952,-0.10710018314616027,0.019688947914390742
2026-01-16 09:05:00,78.0,78.0,78.0,78.0,1000,78000.0,78.035,78.3,79.78416666666666,-0.08330006910165366,-0.10234016033725896,0.019040091235605294
2026-01-16 09:13:00,78.0,78.0,78.0,78.0,2000,156000.0,77.99499999999999,78.29833333333333,79.79166666666667,-0.07912978146009664,-0.0976980845618265,0.01856830310172987
2026-01-16 09:17:00,77.8,77.8,77.8,77.8,1000,77800.0,77.99499999999999,78.26500000000001,79.80333333333333,-0.09091511414594322,-0.09634149047864986,0.005426376332706637
2026-01-16 09:18:00,78.3,78.3,78.3,78.3,1000,78300.0,77.98,78.24000000000001,79.81708333333333,-0.05922652734258804,-0.0889184978514375,0.02969197050884946
2026-01-16 09:38:00,77.7,78.0,77.7,78.0,4000,311100.0,77.98,78.21000000000001,79.82375,-0.0576559647206949,-0.08266599122528899,0.025010026504594093
2026-01-16 09:39:00,77.5,77.5,77.5,77.5,6000,465000.0,77.97,78.20166666666667,79.82666666666667,-0.09565445879502477,-0.08526368473923615,-0.010390774055788615
2026-01-16 09:42:00,77.8,77.8,77.8,77.8,1000,77800.0,77.96000000000001,78.19333333333333,79.83,-0.10040365547666852,-0.08829167888672264,-0.01211197658994588
2026-01-16 10:07:00,77.8,77.8,77.8,77.8,50,3890.0,77.95,78.18499999999999,79.81666666666666,-0.10298033486570546,-0.09122941008251921,-0.011750924783186248
2026-01-16 12:47:00,77.8,77.8,77.8,77.8,1000,77800.0,77.95,78.17666666666668,79.79375,-0.10382553569908737,-0.09374863520583285,-0.01007690049325452
2026-01-16 13:01:00,78.0,78.0,78.0,78.0,100,7800.0,77.965,78.17166666666667,79.77291666666666,-0.08735011714178142,-0.09246893159302258,0.005118814451241155
2026-01-16 14:16:00,76.0,76.0,76.0,76.0,3000,228000.0,77.85,78.14166666666667,79.74791666666667,-0.23299074229326777,-0.12057329373307164,-0.11241744856019613
2026-01-16 14:33:00,77.4,77.4,77.4,77.4,1000,77400.0,77.805,78.12166666666666,79.72458333333333,-0.2327605683544931,-0.14301074865735594,-0.08974981969713716
2026-01-19 09:01:00,77.5,77.5,77.5,77.5,1000,77500.0,77.795,78.10999999999999,79.69916666666667,-0.2219504825807519,-0.15879869544203515,-0.06315178713871675
2026-01-19 09:34:00,77.5,77.5,77.5,77.5,1000,77500.0,77.785,78.09833333333333,79.67208333333333,-0.21095169193090157,-0.16922929473980844,-0.041722397191093136
2026-01-19 11:34:00,77.5,77.5,77.2,77.2,3000,231900.0,77.76,78.08166666666668,79.645,-0.22386202185559512,-0.1801558401629658,-0.043706181692629326
2026-01-19 11:35:00,77.7,77.7,77.7,77.7,1000,77700.0,77.72999999999999,78.06833333333334,79.62166666666667,-0.1915397786700339,-0.18243262786437944,-0.009107150805654468
2026-01-19 11:47:00,77.2,77.5,77.2,77.5,5000,386600.0,77.705,78.05166666666668,79.60625,-0.17998771032043237,-0.18194364435559005,0.001955934035157675
2026-01-19 11:50:00,77.2,77.2,77.2,77.2,1000,77200.0,77.65,78.04166666666667,79.58166666666668,-0.19281742645314637,-0.18411840077510133,-0.008699025678045036
2026-01-19 11:51:00,77.5,77.5,77.5,77.5,1000,77500.0,77.61,78.02333333333333,79.555,-0.17674022483116403,-0.1826427655863139,0.005902540755149871
2026-01-19 12:44:00,75.5,75.5,75.5,75.5,2000,151000.0,77.5,77.97166666666666,79.53166666666668,-0.32167415262212273,-0.21044904299347567,-0.11122510962864707
2026-01-19 12:47:00,77.4,77.4,77.4,77.4,1000,77400.0,77.47,77.95166666666665,79.51624999999999,-0.2799936213743308,-0.22435795866964672,-0.05563566270468409
2026-01-19 13:07:00,77.4,77.4,77.4,77.4,20,1548.0,77.44,77.945,79.49916666666667,-0.24414712399928362,-0.22831579173557412,-0.015831332263709502
2026-01-20 09:01:00,77.4,77.4,77.4,77.4,1000,77400.0,77.42,77.93833333333333,79.47541666666666,-0.21327995797609844,-0.22530862498367898,0.01202866700758054
2026-01-20 09:05:00,77.4,77.4,77.4,77.4,1000,77400.0,77.375,77.91333333333334,79.45166666666667,-0.18666574006077497,-0.21758004799909822,0.030914307938323254
2026-01-20 11:02:00,77.4,77.4,77.4,77.4,1000,77400.0,77.345,77.90666666666667,79.43250000000002,-0.1636868999270007,-0.20680141838467872,0.043114518457678025
2026-01-20 12:28:00,77.4,77.4,77.4,77.4,1000,77400.0,77.34,77.88166666666666,79.41541666666667,-0.14381815737287695,-0.19420476618231838,0.05038660880944143
2026-01-20 12:41:00,77.2,77.2,77.2,77.2,1000,77200.0,77.31,77.87166666666667,79.40124999999999,-0.1425669413276438,-0.18387720121138348,0.04131025988373968
2026-01-21 09:01:00,77.4,77.4,77.4,77.4,1000,77400.0,77.28999999999999,77.84666666666666,79.38791666666667,-0.12400753341383108,-0.17190326765187303,0.04789573423804194
2026-01-21 09:32:00,77.4,77.4,77.4,77.4,1000,77400.0,77.27000000000001,77.82166666666666,79.37291666666667,-0.10805349549373489,-0.1591333132202454,0.05107981772651052
2026-01-21 10:56:00,76.0,76.0,76.0,76.0,71000,5396000.0,77.17,77.77333333333333,79.35416666666667,-0.2060034259495609,-0.16850733576610852,-0.037496090183452374
2026-01-21 10:57:00,76.0,76.0,76.0,76.0,30000,2280000.0,77.17,77.725,79.32791666666667,-0.28039720706510707,-0.19088531002590825,-0.08951189703919882
2026-01-21 11:00:00,76.0,76.0,76.0,76.0,30000,2280000.0,77.1,77.68833333333332,79.30916666666667,-0.3354875232432164,-0.2198057526693699,-0.11568177057384649
2026-01-21 11:03:00,76.0,76.0,76.0,76.0,40000,3040000.0,77.025,77.65833333333333,79.28291666666665,-0.3748262322346818,-0.2508098485824323,-0.12401638365224948
2026-01-21 11:06:00,76.0,76.0,76.0,76.0,30000,2280000.0,76.95,77.61166666666666,79.26624999999999,-0.40137563406862853,-0.2809230056796716,-0.12045262838895693
2026-01-21 11:25:00,77.4,77.4,77.4,77.4,1000,77400.0,76.96000000000001,77.605,79.25541666666666,-0.30592145449044494,-0.2859226954418263,-0.01999875904861864
2026-01-21 12:06:00,76.3,76.3,76.3,76.3,70000,5341000.0,76.89000000000001,77.57833333333335,79.24,-0.31539841972703186,-0.2918178402988674,-0.02358057942816444
2026-01-21 12:08:00,76.3,76.3,76.3,76.3,10000,763000.0,76.83000000000001,77.55166666666666,79.21541666666667,-0.31922910850524033,-0.297300093940142,-0.021929014565098326
2026-01-21 12:16:00,76.3,76.3,76.3,76.3,120000,9156000.0,76.785,77.52,79.2,-0.318592421838531,-0.3015585595198198,-0.01703386231871118
2026-01-21 12:24:00,77.4,77.4,77.4,77.4,1000,77400.0,76.78,77.50666666666667,79.18,-0.2267136226342643,-0.2865895721427087,0.05987594950844438
2026-01-21 12:39:00,75.5,76.0,75.5,76.0,4000,302500.0,76.805,77.46000000000001,79.15916666666666,-0.2638260890966251,-0.282036875533492,0.01821078643686691
2026-01-21 13:46:00,77.3,77.3,77.3,77.3,1000,77300.0,76.8,77.43499999999999,79.13875,-0.18619253901331945,-0.2628680082294575,0.07667546921613805
2026-01-21 13:47:00,76.0,76.0,76.0,76.0,1000,76000.0,76.73,77.38833333333332,79.12166666666667,-0.22695038394505218,-0.25568448337257643,0.02873409942752425
2026-01-21 13:48:00,77.3,77.3,76.3,76.3,4000,306200.0,76.675,77.36333333333333,79.09708333333333,-0.232365215342341,-0.25102062976652934,0.018655414424188332
2026-01-21 13:49:00,77.4,77.4,77.4,77.4,1000,77400.0,76.675,77.34333333333333,79.08625,-0.1462102802223626,-0.230058559857696,0.0838482796353334
2026-01-21 13:59:00,77.4,77.4,77.4,77.4,1000,77400.0,76.675,77.33333333333333,79.07416666666668,-0.07704376090929088,-0.19945560006801497,0.12241183915872408
2026-01-22 09:10:00,77.5,77.5,77.5,77.5,1000,77500.0,76.67999999999999,77.33,79.06375000000001,-0.013998268445675421,-0.16236413374354708,0.14836586529787166
2026-01-22 09:52:00,77.5,77.5,77.5,77.5,1000,77500.0,76.695,77.32166666666667,79.04541666666667,0.03555587258360049,-0.12278013247811756,0.15833600506171805
2026-01-22 10:54:00,76.0,76.3,76.0,76.0,36000,2736300.0,76.625,77.28833333333334,79.02083333333333,-0.0456829727362873,-0.10736070052975152,0.061677727793464227
2026-01-22 11:00:00,76.0,76.0,76.0,76.0,100000,7600000.0,76.55499999999999,77.25833333333334,79.00500000000001,-0.10881103704404893,-0.10765076783261102,-0.0011602692114379143
2026-01-22 11:01:00,76.0,76.0,76.0,76.0,65000,4940000.0,76.55499999999999,77.23,78.98916666666668,-0.15703033486870766,-0.11752668123983036,-0.0395036536288773
2026-01-22 11:07:00,76.0,76.0,76.0,76.0,1000,76000.0,76.55499999999999,77.19166666666666,78.96708333333335,-0.1930194675248771,-0.13262523849683971,-0.06039422902803737
2026-01-22 11:08:00,77.0,77.0,77.0,77.0,1000,77000.0,76.60499999999999,77.17,78.95041666666667,-0.13924434960561882,-0.13394906071859555,-0.0052952888870232695
2026-01-22 11:09:00,76.3,76.3,76.3,76.3,200000,15260000.0,76.62,77.14666666666668,78.92916666666666,-0.1513664726078474,-0.13743254309644592,-0.013933929511401488
2026-01-22 11:11:00,77.0,77.0,77.0,77.0,1000,77000.0,76.67,77.135,78.91666666666667,-0.10329843253714444,-0.13060572098458562,0.02730728844744118
2026-01-22 11:41:00,75.5,75.5,75.5,75.5,3000,226500.0,76.575,77.09833333333334,78.89375,-0.18411921672634435,-0.14130842013293737,-0.042810796593406975
2026-01-22 11:43:00,77.3,77.3,77.3,77.3,1000,77300.0,76.625,77.08166666666668,78.88208333333334,-0.10175237565832163,-0.13339721123801423,0.03164483557969261
2026-01-22 12:05:00,75.5,75.5,75.5,75.5,8,604.0,76.58500000000001,77.04,78.86083333333333,-0.17965012267730174,-0.14264779352587173,-0.03700232915143001
2026-01-22 12:08:00,77.3,77.3,77.3,77.3,1000,77300.0,76.635,77.02333333333333,78.84541666666665,-0.0950440826189265,-0.1331270513444827,0.03808296872555619
2026-01-22 12:17:00,75.5,75.5,75.5,75.5,22,1661.0,76.53999999999999,76.97666666666666,78.82249999999999,-0.17126391923851259,-0.14075442492328868,-0.0305094943152239
2026-01-22 12:18:00,77.3,77.3,77.3,77.3,100,7730.0,76.60499999999999,76.97,78.81083333333332,-0.08543884628531373,-0.1296913091956937,0.04425246291037996
2026-01-22 13:07:00,77.3,77.3,77.3,77.3,1000,77300.0,76.60499999999999,76.95833333333333,78.79375,-0.017223317945507688,-0.10719771094565649,0.0899743930001488
2026-01-22 13:55:00,76.0,76.0,76.0,76.0,1000,76000.0,76.60499999999999,76.925,78.77125000000001,-0.06728553001038051,-0.0992152747586013,0.03192974474822079
2026-01-22 13:58:00,77.3,77.3,77.3,77.3,1000,77300.0,76.655,76.91666666666667,78.76,-0.0020375704599615574,-0.07977973389887336,0.0777421634389118
2026-01-22 14:09:00,76.0,76.8,76.0,76.8,5000,382400.0,76.625,76.89166666666667,78.74666666666667,0.00921980605914996,-0.06197982590726869,0.07119963196641865
2026-01-22 14:10:00,77.3,77.3,77.3,77.3,100,7730.0,76.62,76.87999999999998,78.73416666666667,0.057820658818442894,-0.038019728962126374,0.09584038778056927
2026-01-23 09:02:00,77.3,77.3,77.3,77.3,1000,77300.0,76.61,76.87666666666665,78.72291666666666,0.09523932512480826,-0.011367918144739442,0.10660724326954771
2026-01-23 10:11:00,76.0,76.0,76.0,76.0,287,21812.0,76.535,76.84666666666666,78.70625,0.01976689188764169,-0.005140956138263215,0.024907848025904906
2026-01-23 10:12:00,77.3,77.3,77.3,77.3,200,15460.0,76.6,76.83833333333334,78.69708333333334,0.06411450810480801,0.008710136710351033,0.055404371394456975
2026-01-23 10:43:00,76.0,76.0,76.0,76.0,50000,3800000.0,76.6,76.80833333333334,78.67916666666666,-0.005574561902861319,0.005853196987708563,-0.011427758890569881
2026-01-23 10:44:00,76.0,76.0,76.0,76.0,55000,4180000.0,76.6,76.775,78.66125000000001,-0.060110732855847004,-0.007339588981002555,-0.052771143874844446
2026-01-23 10:46:00,76.0,76.0,76.0,76.0,5000,380000.0,76.6,76.775,78.64458333333333,-0.10215347952436105,-0.026302367089674258,-0.07585111243468678
2026-01-23 10:47:00,76.0,76.0,76.0,76.0,29000,2204000.0,76.55,76.75166666666668,78.62791666666666,-0.13392881119315803,-0.04782765591037102,-0.086101155282787
2026-01-23 10:48:00,76.0,76.0,76.0,76.0,65000,4940000.0,76.535,76.72666666666667,78.61208333333335,-0.15729775980896932,-0.06972167669009069,-0.08757608311887863
2026-01-23 10:56:00,76.3,76.3,76.3,76.3,200000,15260000.0,76.5,76.70666666666668,78.59916666666666,-0.14988257413975248,-0.08575385618002306,-0.06412871795972942
2026-01-23 10:59:00,77.2,77.2,77.2,77.2,1000,77200.0,76.585,76.70666666666666,78.5875,-0.07057002042012073,-0.0827170890280426,0.012147068607921876
2026-01-23 12:20:00,77.2,77.2,77.2,77.2,1000,77200.0,76.58,76.69833333333332,78.57583333333332,-0.007626338498255336,-0.06769893892208516,0.06007260042382982
2026-01-23 13:15:00,76.0,76.3,76.0,76.3,5000,380600.0,76.61999999999999,76.67833333333333,78.56333333333333,-0.030019449944092003,-0.06016304112648652,0.03014359118239452
2026-01-23 13:16:00,75.9,75.9,75.9,75.9,3000,227700.0,76.55,76.65666666666667,78.55041666666666,-0.07913064039375683,-0.0639565609799406,-0.015174079413816238
2026-01-23 13:17:00,76.8,76.8,76.8,76.8,1000,76800.0,76.615,76.645,78.53583333333333,-0.0449114233341561,-0.0601475334507837,0.0152361101166276
2026-01-26 09:01:00,76.7,76.7,76.7,76.7,1000,76700.0,76.58500000000001,76.66499999999999,78.52083333333333,-0.025566892323553247,-0.05323140522533761,0.027664512901784365
2026-01-26 09:42:00,76.0,76.0,76.0,76.0,1000,76000.0,76.52000000000001,76.64166666666667,78.50291666666666,-0.06596001597820589,-0.05577712737591127,-0.010182888602294618
2026-01-26 09:43:00,76.7,76.7,76.7,76.7,1000,76700.0,76.555,76.63000000000001,78.48791666666666,-0.04101491324635731,-0.052824684550000486,0.011809771303643177
2026-01-26 11:54:00,76.0,76.0,76.0,76.0,55000,4180000.0,76.49,76.60666666666667,78.47,-0.07684407876131161,-0.05762856339226272,-0.019215515369048884
2026-01-26 11:55:00,76.0,76.0,76.0,76.0,145000,11020000.0,76.45,76.58333333333333,78.45208333333333,-0.10403964628716267,-0.06691077997124271,-0.03712886631591995
2026-01-26 12:03:00,76.2,76.2,76.2,76.2,2000,152400.0,76.39500000000001,76.56333333333333,78.43625,-0.10820666191240491,-0.07516995635947515,-0.03303670555292976
2026-01-26 12:12:00,76.3,76.3,76.3,76.3,80000,6104000.0,76.345,76.54500000000002,78.42083333333333,-0.10226108541465351,-0.08058818217051084,-0.02167290324414267
2026-01-26 12:13:00,76.3,76.3,76.3,76.3,120000,9156000.0,76.36,76.52999999999999,78.40666666666667,-0.09643750171510135,-0.08375804607942895,-0.012679455635672396
2026-01-26 12:22:00,76.7,76.7,76.7,76.7,1000,76700.0,76.33000000000001,76.51833333333335,78.39416666666666,-0.058867030136084963,-0.07877984289076016,0.0199128127546752
2026-01-26 12:49:00,75.7,75.7,75.7,75.7,270,20439.0,76.31500000000001,76.49000000000001,78.375,-0.10853270590595798,-0.08473041549379974,-0.023802290412158242
2026-01-26 12:51:00,76.7,76.7,76.7,76.7,1000,76700.0,76.35,76.50166666666668,78.3625,-0.06643564041618788,-0.08107146047827737,0.014635820062089494
2026-01-27 09:01:00,76.3,76.3,76.3,76.3,1000,76300.0,76.36500000000001,76.50666666666667,78.34583333333333,-0.06460533964310855,-0.07777823631124361,0.013172896668135065
2026-01-27 09:19:00,76.0,76.0,76.0,76.0,6760,513760.0,76.36500000000001,76.50666666666667,78.32916666666667,-0.08636672405572199,-0.0794959338601393,-0.0068707901955826906
2026-01-27 09:23:00,76.3,76.3,76.3,76.3,1000,76300.0,76.38000000000001,76.51166666666668,78.31375,-0.07850038165472029,-0.0792968234190555,0.0007964417643352151
2026-01-27 09:24:00,75.7,76.0,75.7,76.0,7000,530500.0,76.36500000000001,76.51166666666668,78.29791666666667,-0.09537432556670922,-0.08251232384858626,-0.012862001718122962
2026-01-27 09:25:00,76.0,76.3,76.0,76.3,2000,152300.0,76.32000000000001,76.49333333333333,78.28166666666667,-0.0835761411608047,-0.08272508731102995,-0.0008510538497747411
2026-01-27 10:49:00,75.4,75.7,75.4,75.7,5000,377600.0,76.245,76.48333333333333,78.26291666666665,-0.12124336259593349,-0.09042874236801067,-0.03081462022792282
2026-01-27 10:52:00,76.2,76.2,76.2,76.2,1000,76200.0,76.24000000000001,76.48166666666667,78.24583333333334,-0.10948698779331778,-0.0942403914530721,-0.01524659634024568
2026-01-27 10:55:00,75.1,75.1,75.1,75.1,2000,150200.0,76.2,76.46166666666666,78.22416666666666,-0.18677772562269013,-0.11274785828699571,-0.07402986733569442
2026-01-27 10:57:00,76.1,76.1,76.1,76.1,1000,76100.0,76.16499999999999,76.44,78.20791666666668,-0.1654325461371684,-0.12328479585703027,-0.04214775028013813
2026-01-27 11:00:00,76.1,76.1,76.1,76.1,1000,76100.0,76.135,76.44166666666666,78.19041666666666,-0.14682384373527668,-0.12799260543267957,-0.018831238302597114
2026-01-27 11:40:00,76.1,76.1,76.1,76.1,5000,380500.0,76.14,76.42166666666667,78.17291666666667,-0.13057116984508355,-0.12850831831516035,-0.002062851529923193
2026-01-27 12:06:00,76.2,76.2,76.2,76.2,200,15240.0,76.115,76.425,78.15833333333333,-0.10837239491863215,-0.12448113363585471,0.016108738717222557
2026-01-27 13:26:00,75.2,75.2,75.2,75.2,2000,150400.0,76.075,76.40666666666668,78.13833333333334,-0.16951725906550053,-0.13348835872178388,-0.03602890034371664
2026-01-27 13:30:00,76.1,76.1,76.1,76.1,1000,76100.0,76.08,76.38499999999999,78.12083333333334,-0.1436960869974797,-0.13552990437692305,-0.008166182620556656
2026-01-27 14:50:00,75.5,75.6,75.5,75.6,2200,166200.0,76.04999999999998,76.355,78.10375,-0.16171430162229683,-0.1407667838259978,-0.020947517796299026
2026-01-27 14:51:00,76.1,76.1,76.1,76.1,100,7610.0,76.03999999999999,76.33166666666666,78.0875,-0.1341021985320623,-0.1394338667672107,0.005331668235148412
2026-01-28 09:01:00,76.1,76.1,76.1,76.1,1000,76100.0,76.03,76.30833333333334,78.07125,-0.11094055424732119,-0.1337352042632328,0.022794650015911605
2026-01-28 09:47:00,75.2,75.2,75.2,75.2,2000,150400.0,75.955,76.295,78.05,-0.16332455881912722,-0.1396530751744117,-0.023671483644715524
2026-01-28 09:48:00,76.1,76.1,76.1,76.1,1000,76100.0,75.975,76.29666666666667,78.03500000000001,-0.13071003751420562,-0.13786446764237048,0.007154430128164857
2026-01-28 09:58:00,75.2,75.5,75.2,75.5,2000,150700.0,75.91499999999999,76.28833333333334,78.01500000000001,-0.1515310246683299,-0.14059777904756238,-0.010933245620767529
2026-01-28 09:59:00,76.0,76.0,75.0,75.0,4000,301000.0,75.85,76.27166666666668,77.99416666666667,-0.2060029544937123,-0.15367881413679238,-0.05232414035691993
2026-01-28 10:00:00,75.9,75.9,75.9,75.9,1000,75900.0,75.845,76.25333333333333,77.97749999999999,-0.1745379085791967,-0.15785063302527325,-0.016687275553923464
2026-01-28 11:15:00,74.6,74.9,74.6,74.9,4000,298700.0,75.775,76.23,77.95625,-0.2276688508561051,-0.17181427659143964,-0.055854574264665474
2026-01-28 11:16:00,74.9,76.0,74.9,76.0,3000,225800.0,75.775,76.21333333333334,77.93958333333333,-0.1789518529151337,-0.17324179185617847,-0.005710061058955246
2026-01-28 11:17:00,74.6,75.8,74.6,75.8,5000,374200.0,75.75,76.21833333333332,77.92208333333333,-0.15469834338401256,-0.1695331021617453,0.014834758777732743
2026-01-28 14:38:00,75.9,75.9,75.9,75.9,100,7590.0,75.75999999999999,76.195,77.90583333333333,-0.12595615394072013,-0.1608177125175403,0.03486155857682016
2026-01-29 09:05:00,74.7,74.7,74.7,74.7,2000,149400.0,75.68499999999999,76.18166666666666,77.88375,-0.19772844250860544,-0.16819985851575334,-0.029528583992852103
2026-01-29 09:09:00,75.9,75.9,75.9,75.9,1000,75900.0,75.725,76.15833333333333,77.86666666666666,-0.15598048121555053,-0.1657559830557128,0.009775501840162265
2026-01-29 10:09:00,75.9,75.9,75.9,75.9,1000,75900.0,75.715,76.165,77.85166666666667,-0.12149440919145604,-0.15690366828286145,0.03540925909140541
2026-01-29 10:43:00,74.7,75.0,74.7,75.0,4000,299700.0,75.66,76.12666666666668,77.82958333333335,-0.16488572701656778,-0.15850008002960272,-0.00638564698696506
2026-01-29 10:51:00,76.0,76.0,76.0,76.0,1000,76000.0,75.655,76.105,77.81166666666667,-0.11723065434944147,-0.1502461948935705,0.03301554054412903
2026-01-29 10:56:00,75.0,75.0,75.0,75.0,1000,75000.0,75.595,76.08833333333334,77.79208333333334,-0.15833017685412187,-0.1518629912856808,-0.006467185568441086
2026-01-29 10:57:00,76.0,76.0,76.0,76.0,1000,76000.0,75.63499999999999,76.06666666666666,77.77541666666667,-0.1089542451771166,-0.14328124206396795,0.03432699688685134
2026-01-29 12:44:00,75.0,75.0,75.0,75.0,3000,225000.0,75.58,76.03666666666666,77.75458333333334,-0.14879983437403155,-0.14438496052598068,-0.004414873848050865
2026-01-29 12:48:00,75.0,75.3,75.0,75.3,81000,6075300.0,75.56500000000001,76.00333333333334,77.735,-0.15439054004825437,-0.1463860764304354,-0.008004463617818952
2026-01-29 12:51:00,75.3,75.3,75.3,75.3,80000,6024000.0,75.525,75.97,77.71541666666667,-0.15701128620271732,-0.1485111183848918,-0.008500167817825505
2026-01-29 12:52:00,76.0,76.0,76.0,76.0,100,7600.0,75.52000000000001,75.97,77.7,-0.1014348191020531,-0.13909585852832407,0.03766103942627097
2026-01-30 09:27:00,75.8,75.8,75.8,75.8,1000,75800.0,75.55,75.945,77.68166666666666,-0.07269046659752121,-0.1258147801421635,0.05312431354464228
2026-01-30 10:43:00,75.0,75.0,75.0,75.0,3000,225000.0,75.495,75.92833333333333,77.66083333333333,-0.11315924493047191,-0.12328367309982517,0.010124428169353258
2026-01-30 10:44:00,75.8,75.8,75.8,75.8,1000,75800.0,75.51,75.925,77.64333333333335,-0.0797583248787248,-0.11457860345560511,0.034820278576880304
2026-01-30 10:47:00,75.7,75.7,75.7,75.7,1000,75700.0,75.545,75.92,77.62666666666665,-0.060657794070337445,-0.1037944415785516,0.04313664750821415
2026-01-30 11:13:00,74.7,74.7,74.7,74.7,300,22410.0,75.485,75.89833333333333,77.60374999999999,-0.12477381359002493,-0.10799031598084627,-0.01678349760917866
2026-01-30 11:15:00,75.8,75.8,75.8,75.8,200,15160.0,75.53,75.895,77.58624999999999,-0.08583595066566829,-0.10355944291781069,0.017723492252142398
2026-01-30 13:04:00,74.7,75.0,74.7,75.0,8000,598500.0,75.47999999999999,75.87333333333332,77.56541666666665,-0.11816855434983609,-0.10648126520421579,-0.011687289145620297
2026-01-30 13:12:00,75.4,75.4,75.4,75.4,100,7540.0,75.46000000000001,75.84333333333333,77.54541666666667,-0.11024488425225343,-0.10723398901382332,-0.0030108952384301085
2026-02-02 09:01:00,75.4,75.4,75.4,75.4,1000,75400.0,75.435,75.81333333333333,77.52708333333334,-0.10278052865726295,-0.10634329694251125,0.003562768285248305
2026-02-02 10:16:00,75.4,75.4,75.4,75.4,1000,75400.0,75.47,75.79833333333333,77.50708333333334,-0.09576109873346184,-0.10422685730070137,0.008465758567239537
2026-02-02 10:45:00,75.7,75.7,75.7,75.7,100,7570.0,75.46000000000001,75.79500000000002,77.49041666666668,-0.06523862687026849,-0.0964292112146148,0.03119058434434631
2026-02-02 13:16:00,74.7,75.0,74.7,75.0,4000,299100.0,75.415,75.76500000000001,77.46875,-0.09642200501882314,-0.09642776997545648,5.764956633333429e-06
2026-02-02 13:18:00,75.7,75.7,75.7,75.7,900,68130.0,75.45000000000002,75.74833333333335,77.45,-0.06391414453669597,-0.08992504488770439,0.02601090035100842
2026-02-02 13:33:00,74.6,74.6,74.6,74.6,2000,149200.0,75.38,75.725,77.42666666666666,-0.12546594450613213,-0.09703322481138996,-0.028432719694742176
2026-02-02 13:34:00,75.7,75.7,75.7,75.7,1000,75700.0,75.41499999999999,75.70833333333333,77.40791666666668,-0.08451119012883623,-0.09452881787487923,0.010017627746042992
2026-02-02 14:33:00,75.4,75.7,75.4,75.7,2300,173710.0,75.4,75.70333333333333,77.3925,-0.05146104137023144,-0.08591526257394967,0.03445422120371823
2026-02-02 14:34:00,75.7,75.7,75.7,75.7,100000,7570000.0,75.43499999999999,75.69833333333332,77.37375,-0.024980599563676265,-0.07372832997189499,0.048747730408218726
2026-02-02 14:36:00,74.6,74.6,74.6,74.6,3000,223800.0,75.4,75.67166666666667,77.35375,-0.09169842322449995,-0.07732234862241599,-0.014376074602083955
2026-02-02 14:37:00,76.0,76.0,76.0,76.0,1000,76000.0,75.435,75.66666666666667,77.33625,-0.031244314431972953,-0.0681067417843274,0.03686242735235444
2026-02-02 14:38:00,76.0,76.0,76.0,76.0,100000,7600000.0,75.435,75.66166666666668,77.31875,0.01647607638190607,-0.0511901781510807,0.06766625453298677
2026-02-02 14:39:00,76.0,77.4,76.0,77.4,2100,159740.0,75.515,75.67333333333333,77.31041666666667,0.1653569970892761,-0.00788074310300933,0.1732377401922854
2026-02-03 09:01:00,77.4,77.4,77.4,77.4,1000,77400.0,75.635,75.70166666666665,77.29833333333333,0.2801171828618578,0.049718842089964126,0.2303983407718937
2026-02-03 09:15:00,77.4,77.4,77.4,77.4,1000,77400.0,75.715,75.71333333333334,77.2875,0.366836790713748,0.11314243181472092,0.25369435889902703
2026-02-03 12:04:00,77.0,77.0,77.0,77.0,2000,154000.0,75.78,75.725,77.275,0.39869019526193483,0.17025198450416373,0.2284382107577711
2026-02-03 12:09:00,74.6,74.6,74.6,74.6,2000,149200.0,75.775,75.70166666666665,77.2525,0.22765009688501436,0.1817316069803339,0.045918489904680476
2026-02-03 12:11:00,77.0,77.0,77.0,77.0,1000,77000.0,75.83500000000001,75.71333333333332,77.24,0.2825030101579813,0.20188588761586337,0.08061712254211792
2026-02-03 12:46:00,74.6,74.6,74.6,74.6,238,17754.0,75.815,75.69,77.2175,0.13080654038427042,0.18767001816954482,-0.0568634777852744
2026-02-03 12:48:00,77.0,77.0,77.0,77.0,1000,77000.0,75.895,75.70166666666667,77.205,0.20191834850591306,0.19051968423681848,0.011398664269094583
2026-02-04 09:01:00,77.0,77.0,77.0,77.0,1000,77000.0,75.975,75.72333333333333,77.19458333333334,0.2553316642877519,0.20348208024700518,0.051849584040746716
2026-02-04 10:52:00,77.0,77.0,77.0,77.0,100,7700.0,76.05499999999999,75.73666666666666,77.18291666666667,0.29426994116198557,0.22163965243000128,0.0726302887319843
2026-02-04 12:21:00,74.6,75.0,74.5,74.9,10000,746200.0,76.015,75.73333333333333,77.16166666666666,0.15390226701886434,0.2080921753477739,-0.054189908328909575
2026-02-04 12:26:00,74.9,74.9,74.9,74.9,2000,149800.0,76.01,75.71333333333334,77.14291666666666,0.042173721556096666,0.17490848458943847,-0.1327347630333418
2026-02-04 12:29:00,75.4,75.4,75.4,75.4,1000,75400.0,75.99499999999999,75.70166666666665,77.12374999999999,-0.005957460462383324,0.13873529557907413,-0.14469275604145745
2026-02-04 13:06:00,75.0,75.0,75.0,75.0,1001,75075.0,76.015,75.68333333333334,77.10499999999999,-0.0755080166254487,0.09588663313816956,-0.17139464976361826
2026-02-04 13:07:00,75.3,75.3,75.3,75.3,1000,75300.0,75.99499999999999,75.66833333333334,77.08541666666666,-0.1052070789568944,0.05566789071915676,-0.16087496967605117
2026-02-04 13:12:00,75.3,75.3,75.3,75.3,1000,75300.0,75.975,75.67,77.06708333333334,-0.12727663401479106,0.01907898577236719,-0.14635561978715825
2026-02-04 13:15:00,75.3,75.3,75.3,75.3,2000,150600.0,75.95500000000001,75.65666666666668,77.0475,-0.14311714998305547,-0.013360241378717351,-0.1297569086043381
2026-02-04 14:53:00,74.6,74.9,74.6,74.9,4000,298700.0,75.97,75.645,77.02625000000002,-0.18580567787861924,-0.04784932867869774,-0.1379563491999215
2026-02-04 14:55:00,74.9,75.4,74.6,75.4,6000,449300.0,75.94,75.63333333333334,77.00999999999999,-0.1772476222084265,-0.0737289873846435,-0.103518634823783
2026-02-05 09:01:00,75.3,75.3,75.3,75.3,1000,75300.0,75.905,75.61999999999999,76.99041666666666,-0.1764998848917969,-0.09428316688607419,-0.08221671800572272
2026-02-05 09:27:00,74.4,74.4,74.4,74.4,100,7440.0,75.75500000000001,75.60666666666667,76.96875,-0.245697527907069,-0.12456603909027317,-0.12113148881679583
2026-02-05 09:30:00,74.4,74.4,74.4,74.4,1000,74400.0,75.60499999999999,75.57833333333333,76.94541666666667,-0.2971122336551417,-0.15907527800324692,-0.1380369556518948
2026-02-05 09:31:00,75.3,75.3,75.3,75.3,1000,75300.0,75.5,75.575,76.92791666666668,-0.2622136443277867,-0.1797029512681549,-0.08251069305963182
2026-02-05 10:48:00,74.4,74.4,74.4,74.4,1,74.0,75.36999999999999,75.565,76.90416666666667,-0.30367812682825956,-0.20449798638017586,-0.09918014044808371
2026-02-05 10:49:00,75.3,75.3,75.3,75.3,1000,75300.0,75.405,75.555,76.88625,-0.26090895355279997,-0.2157801798147007,-0.04512877373809926
2026-02-05 10:50:00,74.4,74.4,74.4,74.4,2000,148800.0,75.275,75.54666666666665,76.86458333333333,-0.2962218923990747,-0.23186852233157554,-0.06435337006749917
2026-02-05 10:51:00,74.7,74.7,74.7,74.7,1000,74700.0,75.28,75.525,76.84458333333333,-0.29658135283533227,-0.2448110884323269,-0.05177026440300536
2026-02-05 10:53:00,74.4,74.4,74.4,74.4,2000,148800.0,75.15,75.50166666666668,76.82166666666667,-0.3174147608371243,-0.25933182291328644,-0.05808293792383784
2026-02-05 10:59:00,75.2,75.2,75.2,75.2,1000,75200.0,75.06,75.49,76.80208333333333,-0.26630230544438405,-0.26072591941950596,-0.005576386024878088
2026-02-05 13:19:00,75.0,75.0,75.0,75.0,2000,150000.0,74.96000000000001,75.49499999999999,76.78125,-0.23917656625697248,-0.25641604878699925,0.017239482530026773
2026-02-05 13:35:00,74.2,75.2,74.2,75.2,2000,149400.0,74.975,75.48333333333333,76.76333333333334,-0.1992441316656084,-0.2449816653627211,0.0457375336971127
2026-02-05 13:54:00,74.2,74.2,74.2,74.2,2000,148400.0,74.94,75.455,76.73958333333333,-0.2454595275650746,-0.24507723780319185,-0.0003822897618827592
2026-02-05 13:55:00,74.5,75.0,74.5,75.0,2500,186750.0,74.92,75.455,76.72083333333333,-0.215053247685006,-0.23907243977955472,0.024019192094548725
2026-02-06 09:01:00,75.0,75.0,75.0,75.0,1000,75000.0,74.92,75.43833333333333,76.70041666666665,-0.1887799144720077,-0.22901393471804535,0.040234020246037644
2026-02-06 09:27:00,74.2,74.2,74.2,74.2,1000,74200.0,74.86500000000001,75.425,76.68416666666667,-0.2298617199094366,-0.2291834917563236,-0.0006782281531129974
2026-02-06 09:28:00,74.2,74.2,74.2,74.2,1000,74200.0,74.81,75.395,76.66083333333334,-0.25942881283152985,-0.23523255597136486,-0.024196256860164994
2026-02-06 09:29:00,74.8,74.8,74.8,74.8,1000,74800.0,74.785,75.39166666666667,76.64000000000001,-0.23177421255304864,-0.23454088728770164,0.002766674734653002
2026-02-06 09:35:00,74.2,74.5,74.2,74.5,2000,148700.0,74.76500000000001,75.37833333333333,76.61791666666666,-0.23139782529722197,-0.23391227488960573,0.002514449592383755
2026-02-06 09:36:00,74.6,75.5,74.6,75.5,7000,523400.0,74.77000000000001,75.38166666666667,76.6075,-0.14869384297088573,-0.21686858850586174,0.06817474553497602
2026-02-06 09:38:00,74.5,74.5,74.5,74.5,1000,74500.0,74.73,75.35666666666667,76.59166666666667,-0.1619748386642641,-0.20588983853754222,0.04391499987327813
2026-02-06 09:39:00,75.1,75.1,75.1,75.1,1000,75100.0,74.765,75.345,76.57833333333333,-0.12267106219994162,-0.18924608327002213,0.06657502107008051
2026-02-06 09:43:00,74.2,74.2,74.2,74.2,5000,371000.0,74.75500000000001,75.33166666666668,76.56125,-0.16227441611307825,-0.18385174983863337,0.02157733372555512
2026-02-06 09:45:00,74.5,75.4,74.5,75.4,6000,447900.0,74.76,75.325,76.54916666666668,-0.0957269080266343,-0.16622678147623357,0.07049987344959927
2026-02-06 09:46:00,74.2,75.0,74.2,75.0,6000,446000.0,74.79,75.31333333333333,76.5375,-0.07440647396431643,-0.14786271997385014,0.07345624600953371
2026-02-06 10:15:00,75.0,75.0,75.0,75.0,1000,75000.0,74.775,75.31833333333334,76.52250000000001,-0.05685449315805613,-0.12966107461069135,0.07280658145263522
2026-02-06 10:56:00,74.2,74.2,74.2,74.2,3000,222600.0,74.765,75.29166666666667,76.50583333333333,-0.10627269061004085,-0.12498339781056125,0.0187107072005204
2026-02-06 10:58:00,74.9,74.9,74.9,74.9,1000,74900.0,74.775,75.29,76.49208333333333,-0.08793911094295481,-0.11757454043703998,0.029635429494085166
2026-02-06 11:58:00,74.1,74.1,74.1,74.1,1000,74100.0,74.75999999999999,75.26833333333333,76.475,-0.13639070395657882,-0.12133777314094776,-0.015052930815631055
2026-02-06 12:02:00,74.9,74.9,74.9,74.9,1000,74900.0,74.745,75.26,76.46000000000001,-0.10897937991931883,-0.118866094496622,0.009886714577303168
2026-02-06 12:23:00,74.2,74.2,74.2,74.2,1000,74200.0,74.70500000000001,75.24000000000001,76.44208333333334,-0.142101796928074,-0.12351323498291242,-0.01858856194516159
2026-02-06 12:24:00,74.8,74.8,74.8,74.8,1000,74800.0,74.685,75.225,76.42958333333333,-0.1185697669841943,-0.12252454138316882,0.003954774398974514
2026-02-06 13:15:00,74.8,74.8,74.8,74.8,3000,224400.0,74.715,75.22166666666665,76.41375,-0.09878176897134949,-0.11777598690080497,0.01899421792945548
2026-02-06 13:26:00,74.2,74.2,74.2,74.2,1000,74200.0,74.675,75.19666666666667,76.39541666666668,-0.13001588142316223,-0.12022396580527643,-0.009791915617885796
2026-02-06 13:27:00,74.8,74.8,74.8,74.8,1000,74800.0,74.66499999999999,75.2,76.37958333333333,-0.10514214181790749,-0.11720760100780266,0.01206545918989517
2026-02-06 14:04:00,74.2,74.2,74.2,74.2,1000,74200.0,74.66499999999999,75.175,76.36458333333333,-0.1323192160095914,-0.12022992400816042,-0.012089292001430982
2026-02-06 14:06:00,74.8,74.8,74.8,74.8,1000,74800.0,74.695,75.16,76.35208333333334,-0.1042406363477113,-0.1170320664760706,0.012791430128359302
2026-02-06 14:11:00,74.2,74.8,74.2,74.8,2000,149000.0,74.695,75.145,76.335,-0.08105382166847619,-0.10983641751455173,0.028782595846075537
2026-02-06 14:29:00,74.4,74.4,74.4,74.4,29000,2157600.0,74.69,75.14166666666667,76.32083333333334,-0.09387265550475377,-0.10664366511259216,0.01277100960783839
2026-02-06 14:32:00,74.7,74.7,74.7,74.7,30000,2241000.0,74.65,75.11999999999999,76.30333333333333,-0.07891450360435215,-0.10109783281094417,0.022183329206592023
2026-02-06 14:36:00,74.8,74.8,74.8,74.8,100,7480.0,74.66499999999999,75.1,76.29083333333332,-0.05831863526525183,-0.09254199330180571,0.03422335803655388
2026-02-06 14:37:00,74.2,74.5,74.2,74.5,6000,445500.0,74.635,75.05166666666668,76.27250000000001,-0.0654492952814536,-0.08712345369773529,0.02167415841628169
2026-02-06 14:41:00,74.2,74.2,74.2,74.2,3000,222600.0,74.635,74.99833333333335,76.25291666666666,-0.09422175774106734,-0.0885431145064017,-0.005678643234665631
2026-02-06 14:43:00,74.8,74.8,74.8,74.8,1000,74800.0,74.60499999999999,74.955,76.23583333333333,-0.06782728522092896,-0.08439994864930717,0.01657266342837821
2026-02-09 09:12:00,74.1,74.4,74.1,74.4,10000,741300.0,74.575,74.91166666666666,76.21708333333335,-0.07828372657728266,-0.08317670423490227,0.004892977657619604
2026-02-09 09:32:00,74.0,74.0,74.0,74.0,1000,74000.0,74.525,74.90166666666667,76.19958333333334,-0.11749280482995061,-0.09003992435391195,-0.027452880476038666
2026-02-09 09:33:00,74.5,74.5,74.5,74.5,1000,74500.0,74.54,74.86,76.18583333333335,-0.10698717890448961,-0.09342937526402749,-0.013557803640462121
2026-02-09 10:07:00,74.0,74.0,74.0,74.0,1000,74000.0,74.495,74.85,76.16583333333334,-0.13742308817766968,-0.10222811784675594,-0.03519497033091375
2026-02-09 10:08:00,74.0,74.3,74.0,74.3,2000,148300.0,74.50500000000001,74.805,76.15124999999999,-0.13577118703068436,-0.10893673168354162,-0.02683445534714274
2026-02-09 10:30:00,74.3,74.3,74.3,74.3,1000,74300.0,74.475,74.76,76.13625,-0.13292971249066454,-0.11373532784496622,-0.019194384645698323
2026-02-09 10:38:00,74.3,74.5,74.3,74.5,2000,148800.0,74.49,74.71833333333333,76.12208333333334,-0.11323420152636743,-0.11363510258124647,0.00040090105487904093
2026-02-09 11:04:00,74.0,74.0,74.0,74.0,19,1406.0,74.45,74.70333333333335,76.10458333333332,-0.13639886727769124,-0.11818785552053543,-0.01821101175715581
2026-02-09 11:08:00,74.5,74.5,74.2,74.2,4000,297100.0,74.42,74.69166666666666,76.08791666666667,-0.13703900292586013,-0.1219580850016004,-0.015080917924259737
2026-02-09 11:09:00,74.5,74.5,74.5,74.5,1000,74500.0,74.435,74.67666666666668,76.07,-0.1120472117336675,-0.11997591034801382,0.007928698614346322
2026-02-09 11:32:00,74.5,74.5,74.5,74.5,2000,149000.0,74.42,74.66833333333334,76.05208333333333,-0.09118985724710171,-0.1142186997278314,0.023028842480729686
2026-02-09 11:35:00,74.9,74.9,74.9,74.9,100,7490.0,74.455,74.66166666666666,76.03583333333333,-0.04190059253828338,-0.09975507828992179,0.057854485751638415
2026-02-09 11:51:00,74.1,74.1,74.1,74.1,3000,222300.0,74.42,74.64166666666667,76.02041666666668,-0.06662381144120388,-0.09312882492017822,0.02650501347897434
2026-02-09 11:52:00,74.4,74.4,74.4,74.4,1000,74400.0,74.4,74.62666666666665,76.00291666666665,-0.06130298509515342,-0.08676365695517327,0.02546067186001985
2026-02-09 11:53:00,74.8,74.8,74.8,74.8,150,11220.0,74.42,74.625,75.98958333333333,-0.024526805079347014,-0.07431628658000802,0.04978948150066101
2026-02-09 12:29:00,74.8,74.8,74.8,74.8,1000,74800.0,74.425,74.61500000000001,75.9775,0.00456594912196806,-0.05853983943961281,0.06310578856158086
2026-02-09 13:15:00,74.0,74.3,74.0,74.3,9000,666300.0,74.4,74.59833333333334,75.96208333333334,-0.012578655980959752,-0.0493476027478822,0.036768946766922446
2026-02-09 13:16:00,74.2,74.2,74.2,74.2,1000,74200.0,74.385,74.595,75.94625,-0.03384490036665966,-0.0462470622716377,0.012402161904978039
2026-02-09 13:30:00,74.4,74.4,74.4,74.4,100,7440.0,74.39500000000001,74.595,75.93208333333332,-0.034166375023630735,-0.04383092482203631,0.009664549798405572
2026-02-09 13:45:00,74.0,74.0,74.0,74.0,24000,1776000.0,74.35499999999999,74.57333333333332,75.91666666666667,-0.0659377141420805,-0.04825228268604515,-0.017685431456035343
2026-02-09 13:51:00,74.3,74.3,74.3,74.3,25000,1857500.0,74.35,74.57166666666667,75.9,-0.06614673807656857,-0.051831173764149835,-0.014315564312418733
2026-02-09 15:00:00,74.4,74.4,74.4,74.4,100,7440.0,74.36999999999999,74.55666666666666,75.88374999999999,-0.05757948630926535,-0.052980836273172946,-0.004598650036092403
2026-02-10 09:01:00,74.4,74.4,74.4,74.4,1000,74400.0,74.365,74.55666666666667,75.86999999999999,-0.050211075536481076,-0.05242688412583458,0.002215808589353503
2026-02-10 09:02:00,73.7,73.7,73.7,73.7,3000,221100.0,74.35,74.53999999999999,75.85333333333334,-0.09970635398472893,-0.06188277809761346,-0.037823575887115476
2026-02-10 09:03:00,74.0,74.5,74.0,74.5,4000,296500.0,74.36,74.54166666666667,75.84,-0.07353078748141684,-0.06421237997437415,-0.009318407507042686
2026-02-10 09:20:00,73.7,74.7,73.7,74.7,5000,369800.0,74.38000000000001,74.53333333333333,75.825,-0.036230491360797146,-0.05861600225165875,0.022385510890861604
2026-02-10 13:00:00,73.7,74.0,73.7,74.0,4000,295100.0,74.355,74.51666666666667,75.80833333333334,-0.06243418538184642,-0.059379638877696296,-0.0030545465041501227
2026-02-10 13:02:00,74.5,74.5,74.5,74.5,1000,74500.0,74.38000000000001,74.50500000000001,75.79249999999999,-0.04236660451077512,-0.05597703200431206,0.013610427493536942
2026-02-11 09:01:00,74.8,74.8,74.8,74.8,2000,149600.0,74.41,74.515,75.77791666666667,-0.0022297066259113762,-0.045227566928631925,0.04299786030272055
2026-02-11 09:02:00,76.3,76.3,76.3,76.3,100,7630.0,74.5,74.53666666666666,75.77208333333333,0.1489001103109473,-0.00640203148071607,0.15530214179166338
2026-02-11 09:03:00,75.1,75.1,75.1,75.1,1000,75100.0,74.53,74.53833333333333,75.75999999999999,0.16988329896163634,0.028855034607754425,0.1410282643538819
2026-02-11 09:41:00,75.1,75.1,75.1,75.1,1000,75100.0,74.53999999999999,74.55333333333333,75.74791666666667,0.1843871271185975,0.059961453109923055,0.12442567400867445
2026-02-11 10:58:00,74.8,74.8,74.8,74.8,6,448.0,74.575,74.56333333333333,75.73541666666667,0.16971762351371922,0.0819126871906823,0.08780493632303692
2026-02-11 12:25:00,73.3,73.6,73.3,73.6,4000,293500.0,74.535,74.54333333333332,75.71583333333334,0.06056382298552876,0.07764291434965159,-0.017079091364122834
2026-02-11 12:29:00,73.3,73.3,73.3,73.3,2000,146600.0,74.46,74.52333333333333,75.69624999999999,-0.04957734635121369,0.05219886220947853,-0.10177620856069222
2026-02-11 12:31:00,76.7,76.7,76.7,76.7,1000,76700.0,74.55499999999999,74.54333333333332,75.69291666666666,0.13591976993882326,0.06894304375534749,0.06697672618347578
2026-02-23 09:09:00,75.1,75.1,75.1,75.1,1000,75100.0,74.595,74.55333333333333,75.68166666666667,0.15206799757416434,0.08556803451911087,0.06649996305505347
2026-02-23 09:19:00,73.2,73.2,73.2,73.2,240,17568.0,74.54499999999999,74.52166666666668,75.6625,0.011419822672223745,0.07073839214973345,-0.0593185694775097
2026-02-23 09:22:00,75.1,75.1,75.1,75.1,1000,75100.0,74.58000000000001,74.53666666666666,75.65124999999999,0.052662194784133476,0.06712315267661345,-0.014460957892479975
2026-02-23 11:13:00,74.7,74.7,74.7,74.7,100,7470.0,74.615,74.525,75.6375,0.05246562370618335,0.06419164688252743,-0.01172602317634408
2026-02-23 11:44:00,73.5,73.8,73.5,73.8,7000,514800.0,74.59,74.50500000000001,75.62833333333333,-0.020081155613652868,0.04733708638329137,-0.06741824199694424
2026-02-23 11:49:00,73.8,74.5,73.8,74.5,4000,295900.0,74.595,74.49666666666667,75.61625000000001,-0.02085049946121842,0.033699569214389415,-0.054550068675607834
2026-02-23 12:33:00,73.5,73.7,73.4,73.7,8000,588100.0,74.56,74.48833333333333,75.60041666666667,-0.08503331302316042,0.009952992766879443,-0.09498630579003986
2026-02-23 12:34:00,73.8,74.5,73.8,74.5,4000,295900.0,74.6,74.48166666666665,75.58791666666667,-0.0705322887423705,-0.0061440635349705505,-0.06438822520739995
2026-02-23 13:44:00,73.5,73.5,73.5,73.5,2000,147000.0,74.55,74.47166666666666,75.5725,-0.13813938038855156,-0.03254312690568676,-0.1055962534828648
2026-02-23 13:47:00,74.5,74.5,74.5,74.5,1000,74500.0,74.53999999999999,74.46499999999999,75.55916666666667,-0.10976158175934358,-0.047986817876418134,-0.06177476388292545
2026-02-23 14:25:00,74.5,74.5,74.2,74.2,7000,520600.0,74.54999999999998,74.46499999999999,75.54541666666665,-0.11020904344005089,-0.060431262989144696,-0.049777780450906195
2026-02-23 14:37:00,74.6,74.6,74.6,74.6,1000,74600.0,74.55499999999999,74.46166666666666,75.53458333333333,-0.0773948434071059,-0.06382397907273694,-0.013570864334368951
2026-02-24 09:15:00,74.5,74.5,74.5,74.5,1000,74500.0,74.53999999999999,74.45666666666668,75.52208333333333,-0.058780927786898474,-0.06281536881556925,0.004034441028670774
2026-02-24 09:46:00,74.5,74.5,74.5,74.5,1000,74500.0,74.45,74.46166666666666,75.51791666666666,-0.043527507539891985,-0.058957796560433796,0.015430289020541811
2026-02-24 09:50:00,74.5,74.5,74.5,74.5,100,7450.0,74.42,74.45666666666668,75.50583333333334,-0.031080782189206957,-0.05338239368618843,0.022301611496981476
2026-02-24 09:51:00,74.2,74.2,74.2,74.2,2000,148400.0,74.375,74.45666666666666,75.4925,-0.04490650127696938,-0.051687215204344626,0.006780713927375247
2026-02-24 09:53:00,74.2,74.2,74.2,74.2,1000,74200.0,74.345,74.44666666666667,75.47916666666667,-0.05522686237107166,-0.05239514463769004,-0.0028317177333816237
2026-02-24 09:58:00,76.4,76.4,76.4,76.4,100,7640.0,74.485,74.47333333333334,75.475,0.1128153260865048,-0.019353050492851062,0.13216837657935587
2026-02-24 10:00:00,76.4,76.4,76.4,76.4,200,15280.0,74.64000000000001,74.50666666666666,75.47083333333333,0.24318666660356314,0.0331548929264318,0.21003177367713133
2026-02-24 10:20:00,73.8,73.8,73.8,73.8,1000,73800.0,74.495,74.49166666666666,75.45583333333335,0.13515068932657925,0.0535540522064613,0.08159663712011796
2026-02-24 10:25:00,75.3,75.3,75.3,75.3,1000,75300.0,74.505,74.5,75.44791666666667,0.16862505824828133,0.07656825341482532,0.09205680483345602
2026-02-24 14:25:00,73.9,73.9,73.9,73.9,1000,73900.0,74.54,74.49,75.43333333333334,0.08124885089921463,0.07750437291170319,0.0037444779875114437
2026-02-24 14:26:00,75.1,75.1,75.1,75.1,1000,75100.0,74.53999999999999,74.50500000000001,75.42375,0.1075922912849876,0.08352195658636008,0.024070334698627516
2026-02-25 09:01:00,74.9,74.9,74.9,74.9,1000,74900.0,74.55,74.50666666666666,75.41916666666667,0.11105119994866186,0.08902780525882044,0.022023394689841422
2026-02-25 09:04:00,74.9,75.0,74.2,75.0,6000,447400.0,74.61,74.51666666666667,75.415,0.12047283836095346,0.09531681187924705,0.02515602648170641
2026-02-25 09:14:00,73.8,73.8,73.8,73.8,1000,73800.0,74.575,74.51333333333334,75.40583333333333,0.03075505833228931,0.08240446116985552,-0.05164940283756621
2026-02-25 09:20:00,75.0,75.0,75.0,75.0,1000,75000.0,74.64,74.52166666666668,75.40166666666667,0.05583936106387455,0.07709144114865933,-0.021252080084784783
2026-02-25 09:57:00,74.6,74.6,74.3,74.3,5000,372400.0,74.63,74.52666666666667,75.39458333333333,0.019015502963952713,0.06547625351171801,-0.0464607505477653
2026-02-25 09:58:00,75.3,75.3,75.3,75.3,1000,75300.0,74.72,74.54333333333332,75.38583333333332,0.0697202807721311,0.06632505896380063,0.003395221808330476
2026-02-25 10:05:00,75.0,75.0,75.0,75.0,3000,225000.0,74.74499999999999,74.55499999999999,75.38041666666666,0.08472008924552199,0.0700040650201449,0.014716024225377086
2026-02-25 11:50:00,73.9,73.9,73.9,73.9,2000,147800.0,74.73,74.545,75.37041666666667,0.007757317089399862,0.057554715433995894,-0.04979739834459603
2026-02-25 11:51:00,75.3,75.3,75.3,75.3,1000,75300.0,74.765,74.56666666666666,75.36625000000001,0.05905135808286843,0.057854043963770405,0.001197314119098028
2026-02-25 11:53:00,73.8,73.8,73.8,73.8,3000,221400.0,74.72999999999999,74.55999999999999,75.35125,-0.021092072569928177,0.04206482065703069,-0.06315689322695886
2026-02-25 11:54:00,74.1,74.1,74.1,74.1,1000,74100.0,74.71000000000001,74.55333333333333,75.34333333333333,-0.05971052026005452,0.021709752473613644,-0.08142027273366817
2026-02-25 11:55:00,74.0,74.0,74.0,74.0,1000,74000.0,74.685,74.545,75.32958333333335,-0.09726388502855343,-0.002084975026819778,-0.09517891000173366
2026-02-25 12:06:00,73.6,74.1,73.6,74.1,2000,147700.0,74.67999999999999,74.53166666666668,75.32166666666667,-0.11760040859330445,-0.025188061740116723,-0.09241234685318772
2026-02-25 12:10:00,73.6,73.6,73.6,73.6,1000,73600.0,74.65,74.52333333333333,75.31041666666667,-0.17207944661589636,-0.054566338715272666,-0.11751310790062369
2026-02-25 12:12:00,74.1,74.1,74.1,74.1,1000,74100.0,74.535,74.51833333333335,75.29666666666667,-0.1729153943929589,-0.07823614985080993,-0.09467924454214896
2026-02-25 12:14:00,73.6,73.9,73.6,73.9,4000,295300.0,74.41,74.50333333333333,75.28208333333332,-0.18755420938191492,-0.10009976175703093,-0.08745444762488398
2026-02-25 12:15:00,74.3,74.3,74.3,74.3,1000,74300.0,74.435,74.49499999999999,75.26875,-0.1649771646082172,-0.11307524232726819,-0.05190192228094902
2026-02-25 12:50:00,74.3,74.3,74.3,74.3,2000,148600.0,74.385,74.49499999999999,75.25541666666666,-0.14540851511762298,-0.11954189688533916,-0.025866618232283825
2026-02-25 12:55:00,74.6,74.6,74.6,74.6,150,11190.0,74.41999999999999,74.50166666666665,75.24958333333332,-0.10448825109943982,-0.1165311677281593,0.01204291662871948
2026-02-25 13:23:00,74.0,74.0,74.0,74.0,3000,222000.0,74.365,74.49499999999999,75.24125,-0.11910071375073983,-0.11704507693267542,-0.0020556368180644075
2026-02-25 13:30:00,74.8,74.8,74.8,74.8,1000,74800.0,74.35999999999999,74.50833333333334,75.23624999999998,-0.06537428746612761,-0.10671091903936586,0.04133663157323825
2026-02-26 09:01:00,74.8,74.8,74.5,74.5,5000,373400.0,74.335,74.51166666666667,75.22999999999999,-0.04646755134609748,-0.09466224550071219,0.048194694154614706
2026-02-26 09:03:00,74.5,74.8,74.5,74.8,2000,149300.0,74.38499999999999,74.51833333333335,75.22083333333333,-0.007193412775166053,-0.07716847895560297,0.06997506618043692
2026-02-26 13:09:00,74.4,74.4,74.4,74.4,1000,74400.0,74.35499999999999,74.51833333333333,75.21291666666666,-0.008249931982831527,-0.06338476956104869,0.05513483757821716
2026-02-26 13:10:00,74.4,74.7,74.4,74.7,3000,223500.0,74.375,74.53500000000001,75.20333333333333,0.014947951053699171,-0.047718225438099116,0.06266617649179829
2026-02-26 13:25:00,74.7,74.7,74.7,74.7,3000,224100.0,74.345,74.53833333333334,75.2,0.03295258362015829,-0.03158406362644763,0.06453664724660593
2026-02-26 13:45:00,74.5,74.5,74.5,74.5,1000,74500.0,74.32000000000001,74.53500000000001,75.18833333333333,0.03072883325349096,-0.01912148425045991,0.04985031750395087
2026-02-26 13:54:00,74.8,74.8,74.8,74.8,1000,74800.0,74.365,74.54833333333335,75.18541666666667,0.05256801649039744,-0.004783584102288438,0.057351600592685875
2026-02-26 14:04:00,74.0,74.0,74.0,74.0,3000,222000.0,74.3,74.54,75.17166666666667,0.005261758154745166,-0.0027745156508817165,0.008036273805626883
2026-02-26 14:12:00,73.9,73.9,73.9,73.9,3000,221700.0,74.305,74.525,75.165,-0.03983872069119343,-0.01018735665894406,-0.02965136403224937
2026-02-26 14:21:00,74.7,74.7,74.7,74.7,1000,74700.0,74.335,74.49833333333332,75.15416666666667,-0.010902187357487492,-0.010330322798652748,-0.0005718645588347442
2026-03-02 09:01:00,74.7,74.7,74.7,74.7,1000,74700.0,74.36999999999999,74.49166666666666,75.14333333333333,0.01189312721858471,-0.005885632795205256,0.017778760013789967
2026-03-02 09:23:00,73.2,73.2,73.2,73.2,1000,73200.0,74.325,74.46000000000001,75.13166666666666,-0.0900409497057808,-0.02271669617732037,-0.06732425352846043
2026-03-02 09:24:00,74.7,74.7,74.7,74.7,1000,74700.0,74.38000000000001,74.45833333333333,75.12083333333334,-0.04921960313991747,-0.028017277569839794,-0.021202325570077674
2026-03-02 11:11:00,73.4,73.4,73.4,73.4,3000,220200.0,74.345,74.455,75.10666666666665,-0.12037986320210337,-0.04648979469629252,-0.07389006850581084
2026-03-02 11:13:00,74.3,74.7,74.0,74.3,11000,815900.0,74.36500000000001,74.47166666666666,75.09416666666668,-0.10296548161888097,-0.05778493208081021,-0.04518054953807076
2026-03-02 11:14:00,74.3,74.8,74.0,74.8,10000,742300.0,74.39,74.44000000000001,75.08375000000001,-0.04826229967625295,-0.055880405599898764,0.007618105923645813
2026-03-02 11:17:00,74.0,74.0,74.0,74.0,2000,148000.0,74.375,74.42166666666667,75.07541666666667,-0.0686713474457008,-0.058438593969059184,-0.01023275347664162
2026-03-02 11:19:00,74.7,74.7,74.7,74.7,1000,74700.0,74.38000000000001,74.44666666666667,75.06458333333333,-0.028038306838340077,-0.05235853654291536,0.024320229704575286
2026-03-02 13:53:00,73.7,73.7,73.7,73.7,30000,2211000.0,74.365,74.42333333333333,75.05499999999999,-0.07565585842129963,-0.05701800091859222,-0.018637857502707404
2026-03-02 13:54:00,73.7,73.7,73.7,73.7,10000,737000.0,74.31,74.40666666666667,75.04541666666665,-0.11210088193021761,-0.0680345771209173,-0.04406630480930031
2026-03-02 13:57:00,74.0,74.3,74.0,74.3,46000,3405500.0,74.3,74.41499999999999,75.03833333333333,-0.09151392448643492,-0.07273044659402082,-0.018783477892414094
2026-03-02 13:58:00,74.7,74.7,74.0,74.6,5000,371300.0,74.28999999999999,74.41666666666667,75.0325,-0.050410024215821636,-0.06826636211838098,0.017856337902559347
2026-03-03 09:06:00,74.6,74.6,74.6,74.6,1000,74600.0,74.3,74.43166666666666,75.02666666666666,-0.017631640536947657,-0.05813941780209431,0.040507777265146656
2026-03-03 09:13:00,73.5,73.5,73.5,73.5,2000,147000.0,74.24,74.41499999999999,75.015,-0.07949892807587844,-0.062411319856851145,-0.017087608219027293
2026-03-03 09:14:00,74.6,74.6,74.6,74.6,1000,74600.0,74.235,74.43333333333334,75.00416666666666,-0.03931519121235283,-0.057792094127951485,0.018476902915598656
2026-03-03 09:51:00,73.5,74.5,73.5,74.5,3000,221800.0,74.235,74.43333333333334,74.99291666666667,-0.01536137810033722,-0.049305950922428635,0.033944572822091415
2026-03-03 10:04:00,73.3,74.5,73.3,74.5,10000,735100.0,74.22,74.43833333333333,74.98541666666667,0.0035809128347352726,-0.038728578170995856,0.04230949100573113
2026-03-03 10:15:00,73.6,73.6,73.6,73.6,3000,220800.0,74.2,74.42166666666667,74.97583333333334,-0.05341394085243678,-0.04166565070728404,-0.011748290145152739
2026-03-03 10:16:00,74.3,74.3,74.3,74.3,1000,74300.0,74.22,74.41833333333332,74.96541666666667,-0.041618866779955965,-0.04165629392181843,3.742714186246582e-05
2026-03-03 10:19:00,73.1,74.3,73.1,74.3,2000,147400.0,74.2,74.41499999999999,74.95541666666666,-0.031903422799757664,-0.03970571969740628,0.007802296897648615
2026-03-03 10:36:00,73.1,73.1,73.1,73.1,3000,219300.0,74.12,74.39166666666667,74.94333333333334,-0.1196545316722677,-0.055695482092378575,-0.06395904957988913
2026-03-03 10:37:00,73.4,74.5,73.1,74.5,5000,367800.0,74.185,74.39666666666668,74.93416666666667,-0.07536090435958442,-0.05962856654581975,-0.015732337813764673
2026-03-03 10:48:00,74.4,74.4,74.4,74.4,3000,223200.0,74.16999999999999,74.4,74.9275,-0.04777631425010043,-0.05725811608667589,0.009481801836575467
2026-03-03 12:17:00,73.4,74.4,73.4,74.4,2000,147800.0,74.22,74.36666666666666,74.92083333333333,-0.025619996480571672,-0.05093049216545505,0.02531049568488338
2026-03-03 12:32:00,73.5,73.5,73.5,73.5,1000,73500.0,74.17999999999999,74.31833333333334,74.90958333333333,-0.07976396408015773,-0.056697186548395596,-0.023066777531762138
2026-03-03 12:34:00,74.4,74.4,74.4,74.4,1000,74400.0,74.16,74.32833333333333,74.90166666666667,-0.04948058867719851,-0.055253866974156185,0.0057732782969576735
2026-03-03 13:15:00,73.3,73.3,73.3,73.3,3000,219900.0,74.125,74.295,74.88916666666667,-0.11293970380393148,-0.06679103434011126,-0.04614866946382022
2026-03-03 13:16:00,74.2,74.2,74.2,74.2,1000,74200.0,74.1,74.3,74.87875000000001,-0.08957644980004886,-0.07134811743209878,-0.018228332367950087
2026-03-03 13:23:00,73.2,73.5,73.2,73.5,6000,440100.0,74.09,74.27333333333333,74.86958333333334,-0.12609154766252573,-0.08229680347818417,-0.04379474418434155
2026-03-03 13:31:00,74.0,74.2,74.0,74.2,4000,296200.0,74.115,74.26166666666667,74.85916666666665,-0.09742284601445306,-0.08532201198543796,-0.0121008340290151
2026-03-03 13:50:00,74.3,74.3,74.0,74.0,12000,889800.0,74.1,74.24499999999999,74.84958333333333,-0.08980579662051014,-0.0862187689124524,-0.00358702770805773
2026-03-03 13:51:00,74.3,74.3,74.3,74.3,1000,74300.0,74.08500000000001,74.25333333333333,74.8425,-0.058882971065472134,-0.08075160934305636,0.02186863827758423
2026-03-03 14:39:00,73.2,73.5,73.2,73.5,6000,439500.0,74.03,74.22833333333332,74.83083333333335,-0.09780231889482138,-0.08416175125340937,-0.013640567641412013
2026-03-03 14:42:00,73.0,74.0,73.0,74.0,4000,293000.0,74.055,74.22333333333333,74.8225,-0.08729408920106607,-0.08478821884294072,-0.002505870358125356
2026-03-03 14:47:00,73.5,73.5,73.5,73.5,25000,1837500.0,74.0,74.19333333333334,74.81083333333335,-0.11795238115951179,-0.09142105130625494,-0.026531329853256846
2026-03-03 14:51:00,73.8,73.8,73.8,73.8,25000,1845000.0,73.965,74.17333333333335,74.80291666666668,-0.11669659986019099,-0.09647616101704216,-0.020220438843148822
2026-03-03 14:52:00,74.0,74.3,74.0,74.3,9000,666300.0,73.955,74.18,74.795,-0.07449680995489416,-0.09208029080461258,0.01758348084971842
2026-03-04 09:03:00,74.3,74.3,74.3,74.3,1000,74300.0,73.99,74.16333333333333,74.79166666666667,-0.04058533000112163,-0.0817812986439144,0.04119596864279276
2026-03-04 09:16:00,72.9,72.9,72.9,72.9,3000,218700.0,73.92,74.14833333333334,74.77833333333334,-0.12523490747322796,-0.09047202040977712,-0.03476288706345085
2026-03-04 09:17:00,72.8,74.3,72.8,74.3,5000,366700.0,73.92,74.15166666666667,74.77083333333333,-0.07844771139041029,-0.08806715860590376,0.009619447215493473
2026-03-04 09:18:00,72.9,73.2,72.9,73.2,6000,438300.0,73.925,74.13833333333334,74.75875,-0.12864637301909454,-0.09618300148854193,-0.03246337153055261
2026-03-04 09:19:00,74.3,74.3,74.3,74.3,1000,74300.0,73.91499999999999,74.14166666666667,74.75083333333333,-0.07876046548578586,-0.09269849428799073,0.013938028802204877
2026-03-04 09:52:00,74.1,74.6,73.8,74.6,5000,370700.0,73.925,74.15833333333333,74.74833333333332,-0.014846885902869644,-0.07712817261096652,0.06228128670809688
2026-03-04 09:59:00,74.6,74.6,74.6,74.6,1000,74600.0,73.935,74.16666666666667,74.74208333333334,0.03539705121653469,-0.054623127845466274,0.09002017906200097
2026-03-04 10:19:00,74.0,74.0,74.0,74.0,3000,222000.0,73.96000000000001,74.16833333333334,74.73541666666667,0.026495326153778365,-0.038399437045617345,0.06489476319939572
2026-03-04 10:21:00,74.5,74.5,74.5,74.5,1000,74500.0,73.965,74.17166666666667,74.72875,0.05910513898319891,-0.01889852183985409,0.078003660823053
2026-03-04 10:34:00,74.5,74.5,74.5,74.5,1000,74500.0,74.025,74.175,74.72208333333333,0.08398057480131627,0.0016772974883799865,0.08230327731293628
2026-03-04 11:19:00,74.0,74.0,74.0,74.0,1000,74000.0,74.015,74.165,74.71708333333335,0.0626267928946902,0.013867196569642033,0.048759596325048164
2026-03-04 11:25:00,74.5,74.5,74.5,74.5,100,7450.0,74.065,74.17333333333335,74.71041666666666,0.08506896612574621,0.028107550480862872,0.05696141564488334
2026-03-04 12:54:00,73.8,73.8,73.8,73.8,1000,73800.0,74.045,74.15666666666668,74.70333333333333,0.04584196263297713,0.03165443291128573,0.014187529721691398
2026-03-04 13:03:00,74.4,74.4,74.4,74.4,1000,74400.0,74.06500000000001,74.155,74.70083333333334,0.06244938767272856,0.0378134238635743,0.02463596380915426
2026-03-04 13:19:00,74.0,74.0,74.0,74.0,1000,74000.0,74.05,74.14166666666667,74.69291666666668,0.042840397174828126,0.03881881852582507,0.0040215786490030575
2026-03-04 13:21:00,73.5,73.5,73.5,73.5,3000,220500.0,74.05,74.12666666666668,74.68708333333333,-0.012897021559126642,0.028475650508834726,-0.04137267206796137
2026-03-04 13:22:00,74.2,74.2,74.2,74.2,1000,74200.0,74.05999999999999,74.11833333333333,74.67958333333333,-0.000578508925499932,0.022664818621967793,-0.023243327547467725
2026-03-04 13:43:00,73.8,73.8,73.8,73.8,1000,73800.0,74.075,74.10333333333332,74.67125000000001,-0.02282949180315086,0.013565956536944063,-0.03639544834009492
2026-03-04 13:44:00,74.1,74.1,74.1,74.1,1000,74100.0,74.09,74.09666666666666,74.66375,-0.016070808965935157,0.0076386034363682175,-0.023709412402303374
2026-03-04 13:54:00,73.2,73.2,73.2,73.2,6000,439200.0,74.035,74.07,74.6575,-0.08238727330753193,-0.010366571912411818,-0.07202070139512011
2026-03-04 13:55:00,74.1,74.1,74.1,74.1,1000,74100.0,74.025,74.07166666666666,74.65,-0.06161085906454389,-0.020615429342838238,-0.040995429721705653
2026-03-04 14:51:00,73.1,73.1,73.1,73.1,2000,146200.0,74.035,74.05833333333334,74.63833333333334,-0.1244030033577701,-0.041372944145824625,-0.08303005921194548
2026-03-04 14:54:00,74.0,74.0,74.0,74.0,1000,74000.0,74.02,74.04666666666667,74.63416666666667,-0.10038655796519436,-0.05317566690969858,-0.04721089105549578
2026-03-05 09:06:00,74.0,74.0,74.0,74.0,1000,74000.0,74.05999999999999,74.03500000000001,74.62583333333333,-0.08042624823636402,-0.05862578317503168,-0.02180046506133234
2026-03-05 09:27:00,72.8,73.1,72.8,73.1,4000,291500.0,74.0,74.03333333333333,74.61791666666666,-0.13566616228659711,-0.07403385899734477,-0.061632303289252344
2026-03-05 09:29:00,73.1,74.3,73.1,74.3,3000,220500.0,73.985,74.02666666666666,74.61083333333333,-0.08167274836827687,-0.0755616368715312,-0.006111111496745675
2026-03-05 09:33:00,72.7,72.7,72.7,72.7,3000,218100.0,73.89,74.01500000000001,74.60125,-0.16607480016024567,-0.0936642695292741,-0.07241053063097157
2026-03-05 09:34:00,74.2,74.2,74.2,74.2,1000,74200.0,73.9,74.01333333333334,74.59666666666666,-0.11065105384159324,-0.09706162639173795,-0.013589427449855293
2026-03-05 09:36:00,72.5,72.5,72.5,72.5,2000,145000.0,73.8,73.975,74.58500000000001,-0.20157944571339215,-0.11796519025606879,-0.08361425545732336
2026-03-05 09:37:00,74.2,74.2,74.2,74.2,1000,74200.0,73.785,73.97833333333332,74.57750000000001,-0.13490990150225457,-0.12135413250530595,-0.013555768996948617
2026-03-05 14:04:00,72.8,72.8,72.8,72.8,1000,72800.0,73.725,73.94666666666667,74.56500000000001,-0.19281940502344241,-0.13564718700893327,-0.05717221801450914
2026-03-05 14:09:00,74.3,74.3,74.3,74.3,1000,74300.0,73.715,73.95666666666668,74.56208333333333,-0.11633460687023955,-0.13178467098119453,0.01545006411095498
2026-03-06 09:05:00,72.8,72.8,72.8,72.8,3000,218400.0,73.66499999999999,73.94166666666666,74.54958333333333,-0.17474298886564554,-0.14037633455808474,-0.03436665430756081
2026-03-06 09:07:00,74.2,74.2,74.2,74.2,1000,74200.0,73.655,73.94000000000001,74.54333333333334,-0.10683225693765053,-0.1336675190339979,0.026835262096347373
2026-03-06 11:31:00,72.8,72.8,72.8,72.8,1000,72800.0,73.595,73.91,74.53541666666666,-0.16408929309734788,-0.1397518738466679,-0.024337419250679976
2026-03-06 11:33:00,74.0,74.0,74.0,74.0,1000,74000.0,73.62,73.9,74.52791666666667,-0.11135233518146492,-0.13407196611362732,0.022719630932162393
2026-03-06 11:45:00,72.7,74.1,72.7,74.1,2000,146800.0,73.615,73.91000000000001,74.52416666666667,-0.060788025302286997,-0.11941517795135925,0.058627152649072256
2026-03-06 11:53:00,72.7,72.7,72.7,72.7,1000,72700.0,73.56,73.87833333333333,74.51291666666665,-0.13216028365562238,-0.1219641990922119,-0.010196084563410479
2026-03-06 11:56:00,74.1,74.1,74.1,74.1,1000,74100.0,73.56,73.87166666666667,74.5075,-0.0748917079078808,-0.1125497008553457,0.0376579929474649
2026-03-06 11:57:00,72.8,74.1,72.8,74.1,4000,292500.0,73.60499999999999,73.865,74.50208333333333,-0.029169698898584784,-0.09587370046399352,0.06670400156540873
2026-03-06 11:59:00,73.0,74.1,73.0,74.1,2000,147100.0,73.60499999999999,73.87333333333332,74.49541666666667,0.006984806153127465,-0.07530199914056933,0.0822868052936968
2026-03-06 13:29:00,73.9,73.9,73.9,73.9,1000,73900.0,73.64500000000001,73.86666666666666,74.49083333333333,0.019276970439761953,-0.05638620522450307,0.07566317566426503
2026-03-06 13:30:00,73.9,73.9,73.0,73.9,6000,440700.0,73.64000000000001,73.86,74.48333333333333,0.02868790291002199,-0.03937138359759806,0.06805928650762005
2026-03-06 13:42:00,73.0,73.0,73.0,73.0,2000,146000.0,73.59,73.85833333333333,74.47666666666667,-0.036060658862950845,-0.038709238650668616,0.002648579787717771
2026-03-06 13:43:00,73.8,73.8,73.8,73.8,2000,147600.0,73.625,73.84666666666666,74.46875,-0.0225609775299489,-0.03547958642652468,0.012918608896575777
2026-03-06 15:00:00,73.9,73.9,73.9,73.9,100,7390.0,73.60499999999999,73.83833333333334,74.46125,-0.0037499909866625103,-0.029133667338552244,0.025383676351889733
