ts,open,high,low,close,volume,amount,ma20,ma60,ma240,macd,signal,hist
2025-03-07 10:00:00,40.75,40.75,40.75,40.75,10,407.5,,,,0.0,0.0,0.0
2025-03-10 09:17:00,40.6,40.75,40.6,40.75,2000,81350.0,,,,0.0,0.0,0.0
2025-03-10 10:32:00,40.45,40.45,40.3,40.3,6000,242250.0,,,,-0.013954473073461315,-0.0057190463415825055,-0.00823542673187881
2025-03-10 10:45:00,40.8,40.8,40.8,40.8,10,408.0,,,,-0.0019069427194224886,-0.004427683325945644,0.002520740606523155
2025-03-10 14:05:00,40.15,40.15,40.15,40.15,5,200.75,,,,-0.02118534490972479,-0.009412708785185036,-0.011772636124539755
2025-03-10 14:26:00,40.15,40.15,40.15,40.15,55,2208.25,,,,-0.03237606503397927,-0.0156370550665175,-0.016739009967461773
2025-03-10 14:27:00,40.15,40.15,40.15,40.15,50,2007.5,,,,-0.038995116418092834,-0.021548357258227457,-0.017446759159865377
2025-03-11 09:01:00,40.9,40.9,40.9,40.9,1,40.9,,,,-0.007136547492351042,-0.01808492835734464,0.010948380864993598
2025-03-11 09:34:00,40.9,40.9,40.9,40.9,10,409.0,,,,0.015033498043706572,-0.010434407557341194,0.025467905601047766
2025-03-11 12:44:00,39.35,39.35,39.35,39.35,1,39.35,,,,-0.04929787007110775,-0.019142079181327744,-0.03015579088978001
2025-03-11 12:50:00,40.9,40.9,40.9,40.9,10,409.0,,,,-0.012516239586318534,-0.017692383337563622,0.005176143751245088
2025-03-11 13:32:00,39.35,40.0,39.35,40.0,3101,122740.0,,,,-0.03481737475940605,-0.021370113300565933,-0.013447261458840117
2025-03-11 13:33:00,39.5,39.5,39.5,39.5,3000,118500.0,,,,-0.07913871879983247,-0.03359595728122471,-0.04554276151860776
2025-03-11 13:55:00,40.8,40.8,40.8,40.8,1,40.8,,,,-0.0359429661794195,-0.034086953293867364,-0.0018560128855521357
2025-03-12 09:15:00,40.95,40.95,40.95,40.95,10,409.5,,,,0.005992961603070057,-0.025778647802649175,0.03177160940571923
2025-03-13 09:33:00,41.0,41.0,41.0,41.0,10,410.0,,,,0.04077084314297963,-0.012083258680091897,0.05285410182307153
2025-03-13 10:44:00,41.0,41.0,41.0,41.0,100,4100.0,,,,0.06678786303330497,0.0040543523578736316,0.06273351067543134
2025-03-13 10:45:00,41.0,41.0,41.0,41.0,500,20500.0,,,,0.08589279195741994,0.020722303390012374,0.06517048856740756
2025-03-13 10:59:00,41.0,41.0,41.0,41.0,1000,41000.0,,,,0.09953037889344785,0.03671438872933969,0.06281599016410816
2025-03-14 09:32:00,41.0,41.0,41.0,41.0,10,410.0,40.5675,,,0.1088404527712612,0.051307852722366654,0.057532600048894544
2025-03-14 10:54:00,41.0,41.0,41.0,41.0,2,82.0,40.58,,,0.11472917005561811,0.06411019697298427,0.05061897308263384
2025-03-14 13:09:00,41.0,41.0,41.0,41.0,5,205.0,40.5925,,,0.11792123749464167,0.07495240646277646,0.04296883103186522
2025-03-17 09:13:00,41.0,41.0,41.0,41.0,10,410.0,40.627500000000005,,,0.11899886213522848,0.08381400725547689,0.03518485487975159
2025-03-17 12:06:00,40.95,40.95,40.95,40.95,10,409.5,40.635,,,0.1149939146604666,0.09007957705328408,0.02491433760718252
2025-03-17 12:27:00,40.15,40.15,40.0,40.0,15000,600900.0,40.6275,,,0.04449707718691087,0.08092850530841719,-0.03643142812150632
2025-03-17 12:42:00,40.15,40.15,40.15,40.15,100,4015.0,40.6275,,,-0.00037013533577834323,0.06461948619382755,-0.0649896215296059
2025-03-17 14:58:00,40.9,40.9,40.9,40.9,1,40.9,40.665000000000006,,,0.017837864871331988,0.05524048489566535,-0.03740262002433336
2025-03-18 09:26:00,40.95,40.95,40.95,40.95,10,409.5,40.667500000000004,,,0.03540251675296702,0.05126520195161954,-0.015862685198652526
2025-03-19 09:41:00,40.9,40.9,40.9,40.9,10,409.0,40.6675,,,0.04509099711039255,0.05002844719808893,-0.004937450087696381
2025-03-19 09:50:00,40.9,40.9,40.9,40.9,1000,40900.0,40.745000000000005,,,0.05213108397815347,0.050449495787008546,0.001681588191144924
2025-03-19 11:39:00,41.0,41.0,41.0,41.0,400,16400.0,40.75,,,0.06433932847447466,0.05323021621662807,0.011109112257846582
2025-03-20 09:42:00,40.9,40.9,40.9,40.9,3000,122700.0,40.795,,,0.06577285596655713,0.055740733203091856,0.010032122763465275
2025-03-20 10:19:00,40.95,40.95,40.95,40.95,10,409.5,40.86749999999999,,,0.0698360622660914,0.058561586944160776,0.011274475321930627
2025-03-20 11:58:00,40.95,40.95,40.95,40.95,25,1023.75,40.875,,,0.0722070996421067,0.06129207400517469,0.010915025636932009
2025-03-20 13:39:00,40.15,40.15,40.0,40.0,6000,240450.0,40.8275,,,0.002126958342095975,0.04945424888019893,-0.04732729053810295
2025-03-20 13:40:00,40.15,40.15,40.0,40.0,6000,240450.0,40.777499999999996,,,-0.05271565780973475,0.02901363418349493,-0.08172929199322967
2025-03-20 13:48:00,40.15,40.15,40.0,40.0,6000,240450.0,40.7275,,,-0.09501644268029708,0.0042011771285956016,-0.09921761980889268
2025-03-20 14:13:00,40.15,40.15,40.15,40.15,100,4015.0,40.684999999999995,,,-0.11564873816486454,-0.01977378533498775,-0.09587495282987679
2025-03-20 14:27:00,40.15,40.15,40.15,40.15,100,4015.0,40.6425,,,-0.13046743043060616,-0.04191619339269698,-0.08855123703790918
2025-03-20 14:30:00,40.0,40.0,40.0,40.0,6000,240000.0,40.592499999999994,,,-0.152027170869367,-0.06394131652905934,-0.08808585434030768
2025-03-21 09:38:00,40.95,40.95,40.95,40.95,10,409.5,40.589999999999996,,,-0.09435413557152827,-0.07002452721546902,-0.024329608356059254
2025-03-21 10:47:00,40.95,40.95,40.95,40.95,1000,40950.0,40.5875,,,-0.04812185896374643,-0.06564362087883013,0.0175217619150837
2025-03-24 09:58:00,41.0,41.0,41.0,41.0,10,410.0,40.5875,,,-0.007519576384382276,-0.054018020782597036,0.04649844439821476
2025-03-25 09:01:00,39.35,39.35,39.35,39.35,1000,39350.0,40.50750000000001,,,-0.10314922500534607,-0.06384479664771493,-0.039304428357631135
2025-03-25 09:09:00,41.05,41.05,41.05,41.05,10,410.5,40.56,,,-0.04516784610709834,-0.060109243833319184,0.014941397726220843
2025-03-25 09:26:00,41.05,41.05,41.05,41.05,1000,41050.0,40.605,,,0.0007535118238450877,-0.047936268535604426,0.048689780359449514
2025-03-25 10:05:00,41.05,41.05,41.05,41.05,200,8210.0,40.6125,,,0.03670700986631914,-0.031007140940018538,0.06771415080633768
2025-03-25 11:00:00,39.35,39.35,39.35,39.35,550,21642.5,40.532500000000006,,,-0.06804274055963333,-0.03841442605191939,-0.029628314507713943
2025-03-25 11:05:00,39.35,39.35,39.35,39.35,28,1101.8,40.455,,,-0.14930350130728698,-0.06059263677549395,-0.08871086453179303
2025-03-25 11:07:00,41.05,41.05,41.05,41.05,10,410.5,40.4625,,,-0.07831051533101174,-0.06413626306292193,-0.014174252268089813
2025-03-25 12:15:00,40.6,40.6,39.95,39.95,914,37099.35,40.41,,,-0.107952915587326,-0.07289969362849119,-0.03505322195883481
2025-03-25 12:22:00,39.2,39.5,39.2,39.2,7000,275300.0,40.325,,,-0.188751186774482,-0.09607020390605628,-0.09268098286842572
2025-03-25 12:27:00,39.55,39.55,39.4,39.55,6500,256625.0,40.254999999999995,,,-0.22240096795275832,-0.12133654134936438,-0.10106442660339394
2025-03-25 12:29:00,39.95,39.95,39.4,39.4,6000,238050.0,40.177499999999995,,,-0.25801008103859857,-0.14867140908702706,-0.10933867195157151
2025-03-25 12:31:00,39.95,39.95,39.4,39.4,6000,238050.0,40.1475,,,-0.2829565562796148,-0.17552856413122803,-0.10742799214838678
2025-03-25 12:35:00,39.95,39.95,39.4,39.5,10000,396700.0,40.1225,,,-0.2913891395748536,-0.1987007659174529,-0.09268837365740068
2025-03-25 12:47:00,39.95,39.95,39.95,39.95,20,799.0,40.12,,,-0.25918529966084947,-0.21079770887416183,-0.04838759078668764
2025-03-25 13:02:00,39.95,39.95,39.95,39.95,2000,79900.0,40.11,,,-0.2309995795748634,-0.21483809268909926,-0.01616148688576413
2025-03-25 13:12:00,39.95,39.95,39.5,39.5,4000,158450.0,40.0775,,,-0.24182496674484355,-0.220235477839584,-0.021589488905259552
2025-03-25 13:15:00,39.35,39.35,39.35,39.35,302,11883.7,40.045,40.401666666666664,,-0.2594013853618833,-0.22806867134837794,-0.03133271401350535
2025-03-25 13:27:00,39.95,39.95,39.95,39.95,10,399.5,39.995,40.388333333333335,,-0.22275369439666548,-0.2270056746548053,0.004251980258139831
2025-03-25 13:44:00,39.2,39.2,39.2,39.2,1000,39200.0,39.9075,40.3625,,-0.25086091723396464,-0.2317767278500725,-0.01908418938389214
2025-03-25 13:45:00,39.6,39.6,39.55,39.55,135,5341.0,39.834999999999994,40.35,,-0.24230102207080506,-0.2338815883457719,-0.008419433725033149
2025-03-25 14:09:00,39.95,39.95,39.95,39.95,5,199.75,39.864999999999995,40.33583333333333,,-0.20113734778762193,-0.22733273612336075,0.026195388335738812
2025-03-25 14:10:00,39.95,39.95,39.95,39.95,575,22971.25,39.81,40.332499999999996,,-0.16659492776665985,-0.21518516835189908,0.048590240585239225
2025-03-25 14:22:00,39.2,39.2,39.2,39.2,400,15680.0,39.7175,40.31666666666667,,-0.19711667293559998,-0.21157146781689104,0.014454794881291061
2025-03-25 14:28:00,39.95,39.95,39.95,39.95,1,39.95,39.6625,40.313333333333325,,-0.15927103380730756,-0.201111377653231,0.041840343845923444
2025-03-26 10:04:00,40.0,40.0,39.6,39.6,6402,255919.2,39.675000000000004,40.291666666666664,,-0.1555871740734176,-0.19200653459632133,0.03641936052290373
2025-03-26 10:05:00,40.15,40.15,40.0,40.0,4800,192450.0,39.7075,40.276666666666664,,-0.11916442501077995,-0.17743810968266188,0.05827368467188193
2025-03-26 10:36:00,40.15,40.15,40.15,40.15,1000,40150.0,39.6625,40.29,,-0.07735584860926537,-0.1574216541742657,0.08006580556500034
2025-03-26 10:37:00,40.0,40.0,40.0,40.0,1000,40000.0,39.665000000000006,40.275,,-0.055638181991419344,-0.1370649570579334,0.08142677506651405
2025-03-26 11:29:00,40.95,40.95,40.95,40.95,2000,81900.0,39.7525,40.29083333333334,,0.037517959185677796,-0.10214837013206537,0.13966632931774317
2025-03-26 11:39:00,40.95,40.95,40.5,40.5,1300,53100.0,39.8,40.307500000000005,,0.07429615759427577,-0.06685946161371249,0.14115561920798825
2025-03-26 11:41:00,41.0,41.0,41.0,41.0,1000,41000.0,39.879999999999995,40.310833333333335,,0.1420240953197478,-0.025082747411275478,0.16710684273102328
2025-03-26 11:52:00,40.0,40.0,40.0,40.0,1000,40000.0,39.910000000000004,40.295,,0.1139246843283317,0.002718740435699206,0.11120594389263248
2025-03-26 11:53:00,40.0,40.0,40.0,40.0,1000,40000.0,39.935,40.278333333333336,,0.09061141087606472,0.020297275282038483,0.07031413559402624
2025-03-26 11:54:00,40.0,40.0,40.0,40.0,1000,40000.0,39.9375,40.26166666666667,,0.07131360374990692,0.030500541327713935,0.040813062422192986
2025-03-26 11:56:00,39.3,39.3,39.3,39.3,700,27510.0,39.905,40.233333333333334,,-0.0003305203230610232,0.024334328827328406,-0.02466484915038943
2025-03-26 11:59:00,41.05,41.05,41.05,41.05,10,410.5,39.9825,40.23416666666667,,0.08284770841998323,0.03603700500431986,0.046810703415663374
2025-03-26 14:21:00,40.0,40.0,40.0,40.0,5000,200000.0,40.015,40.2175,,0.0634739213385771,0.04152438836812498,0.021949532970452122
2025-03-27 09:29:00,41.0,41.0,41.0,41.0,10,410.0,40.0675,40.2175,,0.12719850293149193,0.058659211522995254,0.06853929140849668
2025-03-27 11:29:00,40.05,40.05,39.9,39.9,5000,199950.0,40.1025,40.19916666666667,,0.08807291686174779,0.06454195265726674,0.023530964204481045
2025-03-27 11:42:00,40.65,40.65,40.5,40.5,4000,162450.0,40.15,40.19083333333334,,0.10420411731314516,0.07247438566020126,0.031729731652943904
2025-03-27 11:47:00,41.0,41.0,41.0,41.0,1,41.0,40.2025,40.19166666666667,,0.15548282209277886,0.08907607306686328,0.06640674902591558
2025-03-27 12:06:00,41.0,41.0,41.0,41.0,65,2665.0,40.254999999999995,40.208333333333336,,0.19388547029254255,0.11003795263336011,0.08384751765918244
2025-03-27 13:26:00,39.4,39.4,39.4,39.4,1000,39400.0,40.265,40.19583333333333,,0.09428555221132484,0.10688747253436102,-0.012601920323036184
2025-03-27 14:59:00,40.65,40.65,40.65,40.65,1000,40650.0,40.3,40.19166666666667,,0.11477850088301977,0.10846567820994057,0.006312822673079199
2025-03-28 09:01:00,41.0,41.0,41.0,41.0,8,328.0,40.37,40.192499999999995,,0.15741630097250692,0.1182558027914745,0.03916049818103241
2025-03-28 10:01:00,39.4,40.9,39.4,40.9,4000,159100.0,40.415,40.1925,,0.18105799601432437,0.13081624146583057,0.050241754548493806
2025-03-28 11:45:00,40.95,40.95,40.95,40.95,1000,40950.0,40.455,40.193333333333335,,0.2015017939830912,0.14495335199610274,0.05654844198698847
2025-03-31 09:26:00,41.0,41.0,41.0,41.0,10,410.0,40.505,40.193333333333335,,0.21920744344250664,0.15980417030792277,0.05940327313458388
2025-03-31 09:45:00,40.55,40.85,40.55,40.85,5000,203050.0,40.5,40.1925,,0.21862438181122457,0.17156821262286667,0.047056169188357894
2025-03-31 11:39:00,40.85,40.85,40.85,40.85,2000,81700.0,40.5175,40.19083333333334,,0.21567583264498325,0.18038973663585864,0.03528609600912461
2025-03-31 12:24:00,39.4,39.4,39.4,39.4,2000,78800.0,40.43749999999999,40.165,,0.09531561273568911,0.16337491184260305,-0.06805929910691394
2025-03-31 12:25:00,39.4,39.4,39.4,39.4,1,39.4,40.407500000000006,40.154999999999994,,-6.926775141380404e-05,0.13068607590347853,-0.13075534365489233
2025-03-31 12:46:00,40.95,40.95,40.95,40.95,1,40.95,40.455,40.170833333333334,,0.048776034426822434,0.11430406760000014,-0.06552803317317771
2025-04-01 09:40:00,39.4,39.4,39.4,39.4,1000,39400.0,40.425,40.160833333333336,,-0.0370919785070285,0.08402485836654756,-0.12111683687357606
2025-04-01 09:46:00,40.95,40.95,40.95,40.95,10,409.5,40.5075,40.174166666666665,,0.019641510418402675,0.07114818877282011,-0.05150667835441744
2025-04-01 10:25:00,40.9,40.9,40.0,40.0,3900,158700.0,40.455,40.17166666666667,,-0.011882210215944156,0.054542108970838866,-0.06642431918678302
2025-04-01 10:26:00,40.4,40.55,40.4,40.55,1500,60750.0,40.4825,40.18083333333334,,0.007411392921120807,0.04511596575897511,-0.037704572837854305
2025-04-01 11:12:00,40.9,40.9,40.75,40.75,6500,265325.0,40.47,40.1775,,0.03839109983796618,0.04377099257455415,-0.005379892736587968
2025-04-01 11:17:00,40.0,40.0,40.0,40.0,2000,80000.0,40.475,40.16166666666667,,0.002417900481709978,0.035500374154907074,-0.033082473673197096
2025-04-01 11:19:00,40.95,40.95,40.95,40.95,1,40.95,40.4975,40.160833333333336,,0.04996441412337305,0.03839318214890198,0.011571231974471068
2025-04-01 11:27:00,40.0,40.0,40.0,40.0,905,36200.0,40.447500000000005,40.17166666666667,,0.010886423026960301,0.032891830324054634,-0.022005407297094333
2025-04-01 12:05:00,40.5,40.5,40.5,40.5,3000,121500.0,40.4225,40.1625,,0.020020389844404463,0.030317542227952767,-0.010297152383548305
2025-04-01 14:33:00,40.9,40.9,40.9,40.9,1000,40900.0,40.497499999999995,40.16,,0.058848787016820836,0.03602379118603109,0.022824995830789743
2025-04-02 10:04:00,40.95,40.95,40.95,40.95,10,409.5,40.5125,40.15833333333333,,0.09258675124172555,0.04733638319765326,0.045250368044072294
2025-04-02 10:18:00,40.95,40.95,40.95,40.95,25,1023.75,40.510000000000005,40.18500000000001,,0.11796439167898853,0.06146198489440306,0.05650240678458547
2025-04-02 11:03:00,40.95,40.95,39.8,39.8,2002,81979.6,40.455,40.192499999999995,,0.04478421633079677,0.05812643118159062,-0.01334221485079385
2025-04-02 11:05:00,40.9,40.9,40.9,40.9,1,40.9,40.4525,40.190000000000005,,0.07467121841430213,0.061435388628205294,0.013235829786096838
2025-04-02 14:42:00,40.9,40.9,40.5,40.75,4000,162650.0,40.44,40.20333333333333,,0.08527228089191397,0.06620276708103044,0.019069513810883523
2025-04-07 09:01:00,39.25,39.25,37.4,38.6,10000,388400.0,40.3275,40.193333333333335,,-0.07887507034620711,0.037187199595176766,-0.11606226994138388
2025-04-07 09:06:00,37.4,37.4,37.4,37.4,1000,37400.0,40.155,40.1575,,-0.3022930369362413,-0.030708847711867184,-0.27158418922437416
2025-04-07 09:07:00,37.4,38.45,37.4,37.85,7000,266300.0,40.0775,40.13166666666667,,-0.43799798320262084,-0.1121666748107477,-0.32583130839187313
2025-04-07 09:08:00,37.25,37.25,37.25,37.25,150,5587.5,39.97,40.09583333333333,,-0.5871846776565874,-0.2071702753805965,-0.3800144022759909
2025-04-07 09:09:00,39.0,39.0,39.0,39.0,10,390.0,39.8725,40.0875,,-0.557793016927711,-0.27729482369042147,-0.28049819323728953
2025-04-07 09:20:00,39.0,39.0,39.0,39.0,5,195.0,39.852500000000006,40.071666666666665,,-0.5284086630309943,-0.3275175915587664,-0.2008910714722279
2025-04-07 09:23:00,37.2,37.2,37.2,37.2,2000,74400.0,39.665,40.02583333333334,,-0.6429394846290393,-0.3906019701730525,-0.2523375144559868
2025-04-07 09:33:00,37.2,37.5,37.2,37.5,3000,112200.0,39.54,39.9925,,-0.701415149821905,-0.45276460610300545,-0.24865054371889955
2025-04-07 09:34:00,37.15,37.15,37.15,37.15,1000,37150.0,39.370000000000005,39.95583333333333,,-0.7671536094346081,-0.5156424067694736,-0.2515112026651345
2025-04-07 09:36:00,37.25,37.25,37.25,37.25,1000,37250.0,39.19500000000001,39.91083333333333,,-0.8019388944871721,-0.5729017043131208,-0.22903719017405133
2025-04-07 09:42:00,37.5,37.5,37.5,37.5,100,3750.0,39.07000000000001,39.8825,,-0.8001118035280754,-0.61834372415618,-0.18176807937189543
2025-04-07 09:44:00,38.5,38.5,38.5,38.5,10,385.0,38.947500000000005,39.864999999999995,,-0.7097957889028308,-0.6366341371055322,-0.07316165179729861
2025-04-07 09:46:00,38.5,38.5,38.5,38.5,50,1925.0,38.8725,39.84083333333333,,-0.6309465113618913,-0.635496611956803,0.004550100594911677
2025-04-07 09:47:00,38.5,38.5,38.5,38.5,5,192.5,38.7725,39.81666666666667,,-0.5619797156592838,-0.6207932326972878,0.05881351703800397
2025-04-07 10:16:00,38.5,38.5,38.5,38.5,2000,77000.0,38.6525,39.80499999999999,,-0.5015415547649056,-0.5969428971107966,0.09540134234589104
2025-04-07 10:18:00,37.35,37.35,37.35,37.35,1000,37350.0,38.472500000000004,39.76166666666667,,-0.5402071731812654,-0.5855957523248848,0.04538857914361938
2025-04-07 10:27:00,37.75,37.75,37.75,37.75,1000,37750.0,38.3125,39.73083333333334,,-0.5324372027598514,-0.5749640424118739,0.04252683965202253
2025-04-07 11:14:00,37.1,37.35,37.05,37.2,17005,631236.75,38.1825,39.68416666666667,,-0.5641545735016393,-0.5728021486298263,0.008647575128186924
2025-04-07 12:11:00,37.2,37.2,37.2,37.2,1000,37200.0,37.9975,39.635,,-0.5825751958784267,-0.5747567580795468,-0.007818437798879807
2025-04-07 12:46:00,37.2,37.2,37.2,37.2,1000,37200.0,37.82,39.58833333333334,,-0.5903682245022424,-0.5778790513640866,-0.012489173138155785
2025-04-07 12:50:00,36.1,37.1,35.8,37.0,7000,254000.0,37.739999999999995,39.5225,,-0.6056998305221271,-0.5834432071956955,-0.022256623326431524
2025-04-07 12:52:00,35.8,35.8,35.8,35.8,1000,35800.0,37.660000000000004,39.44416666666666,,-0.7065324755717342,-0.6080610608709065,-0.09847141470082765
2025-04-07 12:53:00,35.45,36.1,35.45,35.45,3000,107000.0,37.54,39.35166666666667,,-0.8054000537606711,-0.6475288594488634,-0.15787119431180774
2025-04-07 12:54:00,36.0,36.0,35.4,35.4,3085,111009.0,37.447500000000005,39.275,,-0.8776704773897634,-0.6935571830370472,-0.18411329435271628
2025-04-07 12:57:00,36.35,36.35,36.35,36.35,419,15230.65,37.315,39.214166666666664,,-0.8485091263809252,-0.7245475717058247,-0.1239615546751005
2025-04-07 12:58:00,36.35,36.35,36.35,36.35,100,3635.0,37.1825,39.15333333333333,,-0.8159922630830891,-0.7428365099812785,-0.07315575310181066
2025-04-07 13:10:00,36.3,36.3,36.3,36.3,2000,72600.0,37.1375,39.10333333333334,,-0.7852055177640125,-0.7513103115378256,-0.033895206226186914
2025-04-07 13:17:00,36.3,36.3,36.3,36.3,1000,36300.0,37.0775,39.024166666666666,,-0.7521366133115208,-0.7514755718925645,-0.0006610414189562874
2025-04-07 14:22:00,36.35,36.35,36.35,36.35,830,30170.5,37.0375,38.96333333333333,,-0.7136680229957193,-0.7439140621131953,0.03024603911747603
2025-04-07 14:45:00,36.35,36.35,36.35,36.35,1000,36350.0,36.9925,38.88583333333334,,-0.6753958283510073,-0.7302104153607574,0.05481458700975006
2025-04-08 09:01:00,36.35,36.35,36.2,36.2,6000,217650.0,36.927499999999995,38.82416666666666,,-0.6496792703473773,-0.714104186358081,0.06442491601070377
2025-04-08 09:02:00,36.35,36.35,36.35,36.35,1000,36350.0,36.82,38.754999999999995,,-0.610161575587604,-0.6933156642039853,0.0831540886163813
2025-04-08 09:08:00,35.35,35.35,35.35,35.35,1000,35350.0,36.6625,38.66083333333333,,-0.6520179404718505,-0.6850561194575582,0.03303817898570771
2025-04-08 09:22:00,35.4,35.6,35.4,35.6,7000,248000.0,36.5175,38.57083333333333,,-0.6574382069739997,-0.6795325369608464,0.022094329986846684
2025-04-08 09:26:00,36.4,36.4,36.4,36.4,650,23660.0,36.4125,38.520833333333336,,-0.5903757831977927,-0.6617011862082355,0.07132540301044277
2025-04-08 09:27:00,35.35,35.5,35.35,35.5,5100,180300.0,36.32000000000001,38.434999999999995,,-0.602900122170162,-0.6499409734006207,0.04704085123045876
2025-04-08 09:28:00,35.5,35.5,35.5,35.5,996,35358.0,36.2075,38.343333333333334,,-0.6058419686910952,-0.6411211724587156,0.03527920376762039
2025-04-08 09:29:00,35.5,35.5,35.5,35.5,1000,35500.0,36.1225,38.25333333333333,,-0.6012426409840828,-0.633145466163789,0.03190282517970622
2025-04-08 09:30:00,35.5,35.5,35.5,35.5,2000,71000.0,36.0375,38.1625,,-0.5907874014842918,-0.6246738532278895,0.03388645174359772
2025-04-08 09:34:00,35.2,35.5,35.2,35.35,9004,317392.0,35.94500000000001,38.06833333333334,,-0.5878290585552506,-0.6173048942933617,0.029475835738111078
2025-04-08 09:35:00,35.2,35.35,35.2,35.35,4000,140950.0,35.8625,37.97666666666667,,-0.5788123536653131,-0.609606386167752,0.03079403250243884
2025-04-08 09:44:00,35.6,35.6,35.6,35.6,150,5340.0,35.8525,37.88916666666667,,-0.5452089470759276,-0.5967268983493871,0.051517951273459484
2025-04-08 09:46:00,35.6,35.6,35.6,35.6,100,3560.0,35.86,37.82583333333333,,-0.5126682799663485,-0.5799151746727793,0.06724689470643086
2025-04-08 09:47:00,35.6,35.6,35.6,35.6,100,3560.0,35.87,37.7625,,-0.48133107794858887,-0.5601983553279412,0.07886727737935229
2025-04-08 10:11:00,35.6,35.6,35.6,35.6,100,3560.0,35.8325,37.67333333333333,,-0.4512938813397085,-0.5384174605302946,0.08712357919058611
2025-04-08 10:58:00,35.1,35.5,35.1,35.5,6006,212013.0,35.790000000000006,37.608333333333334,,-0.4305946782709924,-0.5168529040784342,0.0862582258074418
2025-04-08 11:07:00,34.8,35.5,34.5,35.0,10181,355325.5,35.725,37.50916666666667,,-0.44935613514493866,-0.5033535502917351,0.05399741514679646
2025-04-08 11:26:00,35.0,35.0,35.0,35.0,100,3500.0,35.660000000000004,37.42583333333334,,-0.45893441000831103,-0.4944697222350503,0.03553531222673928
2025-04-08 11:29:00,35.0,35.0,35.0,35.0,8,280.0,35.5925,37.333333333333336,,-0.46120873068117874,-0.487817523924276,0.026608793243097284
2025-04-08 11:31:00,35.0,35.0,35.0,35.0,32,1120.0,35.525,37.2375,,-0.45773466250330586,-0.4818009516400821,0.02406628913677622
2025-04-08 11:37:00,35.0,35.0,35.0,35.0,1000,35000.0,35.465,37.15416666666667,,-0.4497964618722037,-0.47540005368650645,0.025603591814302773
2025-04-08 12:38:00,35.5,35.5,35.5,35.5,1000,35500.0,35.4225,37.06333333333334,,-0.3985652779215698,-0.46003309853351915,0.06146782061194933
2025-04-08 13:13:00,35.5,35.5,35.5,35.5,56,1988.0,35.43,36.98833333333334,,-0.3538848308231408,-0.4388034449914435,0.08491861416830271
2025-04-08 13:15:00,35.45,35.45,35.45,35.45,1000,35450.0,35.4225,36.90416666666667,,-0.3188344990634846,-0.4148096558058518,0.09597515674236717
2025-04-08 13:29:00,35.45,35.45,35.45,35.45,250,8862.5,35.375,36.813333333333325,,-0.28773997072682533,-0.38939571879004653,0.1016557480632212
2025-04-08 14:21:00,35.0,35.0,35.0,35.0,4143,145005.0,35.35,36.714166666666664,,-0.2959964208410213,-0.3707158592002415,0.07471943835922024
2025-04-09 09:01:00,34.25,34.25,34.25,34.25,1,34.25,35.2875,36.60249999999999,,-0.3589208946252711,-0.3683568662852475,0.009435971659976394
2025-04-09 09:04:00,35.1,35.1,35.1,35.1,1000,35100.0,35.2675,36.52416666666667,,-0.3363243002862859,-0.3619503530854552,0.025626052799169297
2025-04-09 10:04:00,35.0,35.0,35.0,35.0,2000,70000.0,35.2425,36.42583333333334,,-0.32276485208632266,-0.3541132528856287,0.031348400799306064
2025-04-09 11:56:00,35.15,35.15,35.15,35.15,200,7030.0,35.2325,36.332499999999996,,-0.2964973294554767,-0.34259006819959836,0.046092738744121675
2025-04-09 12:11:00,34.3,35.0,34.2,34.4,13027,446795.0,35.185,36.2625,,-0.3323674349511023,-0.3405455415498992,0.008178106598796864
2025-04-09 12:16:00,35.0,35.0,35.0,35.0,6000,210000.0,35.155,36.2225,,-0.30881995487749236,-0.33420042421541785,0.025380469337925482
2025-04-09 12:34:00,33.95,34.6,33.9,34.6,6083,206421.8,35.105000000000004,36.16833333333333,,-0.31876054489965355,-0.331112448352265,0.012351903452611446
2025-04-09 12:35:00,34.15,34.3,34.15,34.3,9200,315110.0,35.04,36.119166666666665,,-0.3468477492220572,-0.3342595085262235,-0.012588240695833697
2025-04-09 12:52:00,34.15,34.3,34.0,34.3,7000,238750.0,34.975,36.04083333333334,,-0.36490071159768434,-0.34038774914051567,-0.024512962457168663
2025-04-09 12:53:00,34.25,34.25,34.2,34.2,4320,147944.0,34.91,35.96083333333333,,-0.3828635557884823,-0.34888291047010905,-0.03398064531837325
2025-04-09 13:08:00,34.15,34.15,34.15,34.15,300,10245.0,34.86749999999999,35.91,,-0.3965624906631078,-0.3584188265087088,-0.03814366415439896
2025-04-09 13:14:00,34.15,34.15,34.15,34.15,2000,68300.0,34.825,35.854166666666664,,-0.40277604288681346,-0.36729026978432977,-0.035485773102483686
2025-04-10 09:01:00,35.0,35.05,35.0,35.05,5251,183935.0,34.8275,35.81916666666667,,-0.3312593619019992,-0.3600840882078637,0.028824726305864468
2025-04-10 09:02:00,35.25,35.25,35.0,35.0,3700,130250.0,34.8275,35.781666666666666,,-0.2754413395535025,-0.3431555384769915,0.06771419892348901
2025-04-10 09:05:00,35.7,35.7,35.7,35.7,30,1071.0,34.8625,35.75166666666667,,-0.17272992514143226,-0.30907041580987965,0.1363404906684474
2025-04-10 09:28:00,36.4,36.4,36.4,36.4,10,364.0,34.9075,35.71666666666667,,-0.034449171392346045,-0.25414616692637293,0.21969699553402688
2025-04-10 09:34:00,36.4,36.4,36.4,36.4,26,946.4,34.9525,35.681666666666665,,0.0742830327534918,-0.1884603269904,0.2627433597438918
2025-04-10 09:40:00,36.4,36.4,36.4,36.4,1000,36400.0,35.0,35.64666666666667,,0.1586255505373515,-0.11904315148484969,0.2776687020222012
2025-04-10 10:19:00,36.0,36.0,36.0,36.0,20,720.0,35.027499999999996,35.605000000000004,,0.19098935758076863,-0.05703664967172601,0.24802600725249463
2025-04-10 10:22:00,36.55,36.55,36.55,36.55,10,365.5,35.105000000000004,35.59166666666667,,0.25804372038418677,0.005979424339456563,0.2520642960447302
2025-04-10 10:31:00,36.55,36.55,36.55,36.55,62,2266.1,35.22,35.571666666666665,,0.3076385200759759,0.06631124348676046,0.24132727658921546
2025-04-10 10:47:00,35.4,36.0,35.4,36.0,3050,108000.0,35.265,35.55166666666666,,0.29911436781377887,0.11287186835216416,0.1862424994616147
2025-04-10 10:51:00,35.55,35.55,35.55,35.55,4000,142200.0,35.2925,35.52416666666667,,0.253129768977594,0.14092344847725014,0.11220632050034385
2025-04-10 11:27:00,36.55,36.55,36.55,36.55,1,36.55,35.3625,35.51333333333333,,0.29398932881605333,0.17153662454501079,0.12245270427104255
2025-04-10 11:46:00,36.55,36.55,35.55,36.5,5001,179786.5,35.4675,35.504999999999995,,0.31866289581716956,0.20096187879944258,0.11770101701772698
2025-04-10 12:06:00,35.3,35.5,35.3,35.4,6708,237393.2,35.4875,35.498333333333335,,0.2466132928938194,0.21009216161831795,0.03652113127550144
2025-04-10 12:17:00,36.5,36.5,36.5,36.5,1,36.5,35.582499999999996,35.51583333333333,,0.2751030270112267,0.22309433469689974,0.05200869231432695
2025-04-10 12:26:00,36.5,36.5,36.5,36.5,915,33397.5,35.6925,35.534166666666664,,0.2942889663127204,0.23733326102006388,0.056955705292656506
2025-04-10 13:07:00,36.5,36.5,36.5,36.5,100,3650.0,35.802499999999995,35.53666666666666,,0.30596696453088157,0.2510600017222274,0.05490696280865415
2025-04-10 14:56:00,36.5,36.5,36.5,36.5,62,2263.0,35.917500000000004,35.53916666666667,,0.3116295901533732,0.2631739194084566,0.048455670744916635
2025-04-10 14:57:00,36.5,36.5,36.5,36.5,60,2190.0,36.035000000000004,35.5425,,0.3125147856961874,0.27304209266600277,0.039472693030184636
2025-04-11 09:03:00,35.25,35.25,35.25,35.25,1000,35250.0,36.089999999999996,35.525,,0.20993181373671632,0.2604200368801455,-0.050488223143429156
2025-04-11 09:16:00,35.25,35.25,35.25,35.25,1000,35250.0,36.1,35.50666666666667,,0.1271681541941021,0.2337696603429368,-0.10660150614883471
2025-04-11 09:20:00,35.4,35.4,35.4,35.4,100,3540.0,36.12,35.49083333333333,,0.0728414314042567,0.20158401455520078,-0.12874258315094408
2025-04-11 09:36:00,35.25,35.25,35.15,35.15,4000,140700.0,36.092499999999994,35.473333333333336,,0.009504641327502839,0.1631681399096612,-0.15366349858215836
2025-04-11 09:37:00,35.25,35.25,35.25,35.25,3000,105750.0,36.035,35.455000000000005,,-0.03224930804366011,0.12408465031899693,-0.15633395836265704
2025-04-11 09:57:00,35.35,35.35,35.35,35.35,1000,35350.0,35.9825,35.455000000000005,,-0.0566177958377736,0.08794416108764282,-0.1445619569254164
2025-04-11 10:13:00,35.15,35.15,35.15,35.15,1000,35150.0,35.92,35.4475,,-0.09101911268228946,0.05215150633365636,-0.14317061901594583
2025-04-11 10:47:00,35.35,35.35,35.35,35.35,63,2227.05,35.8875,35.43,,-0.10098004241618952,0.02152519658368718,-0.1225052389998767
2025-04-11 11:16:00,35.35,35.35,35.35,35.35,81,2863.35,35.8275,35.4275,,-0.10763341989704145,-0.004306526712458555,-0.1033268931845829
2025-04-11 12:17:00,35.35,35.35,35.35,35.35,81,2863.35,35.7675,35.425,,-0.11161958832408914,-0.025769139034784682,-0.08585044928930445
2025-04-11 12:50:00,35.35,35.35,35.35,35.35,60,2121.0,35.735,35.42250000000001,,-0.11347063663114909,-0.04330943855405757,-0.07016119807709152
2025-04-11 13:26:00,35.35,35.35,35.2,35.2,2000,70550.0,35.7175,35.417500000000004,,-0.12559358636742246,-0.05976626811673056,-0.06582731825069191
2025-04-11 14:54:00,35.35,35.35,35.35,35.35,63,2227.05,35.6575,35.4175,,-0.12169454695815318,-0.0721519238850151,-0.04954262307313809
2025-04-14 09:16:00,35.4,35.4,35.4,35.4,10,354.0,35.6025,35.41833333333333,,-0.11326430785934605,-0.08037440067988129,-0.03288990717946476
2025-04-14 09:55:00,35.0,35.0,35.0,35.0,1000,35000.0,35.582499999999996,35.40833333333333,,-0.13727748798199002,-0.09175501814030304,-0.04552246984168698
2025-04-14 10:22:00,35.35,35.35,35.35,35.35,1000,35350.0,35.525,35.40416666666667,,-0.126606591146043,-0.09872533274145105,-0.02788125840459195
2025-04-14 10:49:00,35.35,35.35,35.35,35.35,150,5302.5,35.4675,35.4,,-0.11680339172395549,-0.10234094453795194,-0.01446244718600355
2025-04-14 10:55:00,35.35,35.35,35.35,35.35,1000,35350.0,35.410000000000004,35.395833333333336,,-0.10779172958644523,-0.1034311015476506,-0.004360628038794626
2025-04-14 13:13:00,35.4,35.4,35.4,35.4,100,3540.0,35.355000000000004,35.39416666666666,,-0.09551431096672758,-0.101847743431466,0.006333432464738428
2025-04-14 14:58:00,35.4,35.4,35.4,35.4,9,318.6,35.3,35.40083333333333,,-0.08480676861582737,-0.09843954846833829,0.01363277985251092
2025-04-15 09:23:00,35.4,35.4,35.4,35.4,6000,212400.0,35.3075,35.4075,,-0.0754512095796045,-0.09384188069059154,0.01839067111098705
2025-04-15 10:21:00,35.8,35.8,35.8,35.8,10,358.0,35.335,35.420833333333334,,-0.03535268219268062,-0.08214404099100937,0.046791358798328755
2025-04-15 14:42:00,35.8,35.8,35.8,35.8,10,358.0,35.355000000000004,35.43416666666666,,-0.0035335774759559513,-0.06642194828799869,0.06288837081204274
2025-04-16 10:02:00,35.55,35.55,35.55,35.55,10,355.5,35.375,35.443333333333335,,0.001493169960326668,-0.05283892463833362,0.054332094598660285
2025-04-16 10:56:00,35.55,35.55,35.4,35.4,2000,70950.0,35.38250000000001,35.44166666666667,,-0.006551322912088153,-0.043581404293084526,0.03703008138099637
2025-04-17 09:10:00,35.75,35.75,35.75,35.75,3000,107250.0,35.402499999999996,35.44583333333333,,0.015140897760772987,-0.03183694388231302,0.04697784164308601
2025-04-17 13:29:00,35.8,35.8,35.8,35.8,3000,107400.0,35.435,35.45166666666667,,0.03595228537417938,-0.01827909803101454,0.05423138340519392
2025-04-17 13:30:00,35.65,35.65,35.65,35.65,500,17825.0,35.45,35.455000000000005,,0.03988197927336046,-0.006646882570139536,0.0465288618435
2025-04-18 09:33:00,36.5,36.5,36.5,36.5,10,365.0,35.5075,35.480000000000004,,0.11031256996417227,0.016745007936722834,0.09356756202744944
2025-04-18 09:39:00,36.5,36.5,36.5,36.5,20,730.0,35.565,35.517500000000005,,0.16423610886131002,0.046243228121640285,0.11799288073966974
2025-04-18 13:30:00,35.65,35.65,35.65,35.65,1000,35650.0,35.58,35.526666666666664,,0.1368059927509222,0.06435578104749667,0.07245021170342553
2025-04-21 09:53:00,37.0,37.0,37.0,37.0,10,370.0,35.67,35.559999999999995,,0.22144842402718012,0.09577430964343338,0.12567411438374676
2025-04-21 13:34:00,36.15,36.15,36.15,36.15,8,289.2,35.709999999999994,35.576666666666675,,0.21743382379127496,0.1201062124730017,0.09732761131827326
2025-04-21 13:41:00,36.15,36.15,36.15,36.15,290,10483.5,35.7475,35.60583333333333,,0.21181060338636826,0.13844709065567504,0.07336351273069322
2025-04-22 09:41:00,36.95,36.95,36.95,36.95,10,369.5,35.845,35.638333333333335,,0.268808813170466,0.16451943515863324,0.10428937801183277
2025-04-22 10:03:00,35.85,35.85,35.85,35.85,100,3585.0,35.87,35.65916666666667,,0.22265289540506927,0.17614612720792047,0.0465067681971488
2025-04-22 10:51:00,36.95,36.95,36.95,36.95,10,369.5,35.95,35.70333333333333,,0.2717027832495589,0.19525745841624817,0.07644532483331071
2025-04-22 13:43:00,35.85,35.85,35.85,35.85,500,17925.0,35.975,35.729166666666664,,0.21928656783681078,0.2000632803003607,0.019223287536450084
2025-04-22 13:46:00,36.95,36.95,36.95,36.95,3,110.85,36.052499999999995,35.775,,0.26347002694771504,0.2127446296298316,0.05072539731788345
2025-04-22 14:16:00,36.8,36.8,36.8,36.8,78,2870.4,36.1225,35.81916666666667,,0.28311837790947436,0.22681937928576018,0.05629899862371418
2025-04-23 10:18:00,37.15,37.15,37.15,37.15,10,371.5,36.21,35.86916666666666,,0.32320619245911075,0.24609674192043035,0.0771094505386804
2025-04-23 11:35:00,37.15,37.15,36.95,37.0,2791,103557.45,36.269999999999996,35.901666666666664,38.01958333333334,0.33896495104965396,0.2646703837462751,0.07429456730337886
2025-04-23 13:06:00,36.75,36.75,36.75,36.75,1000,36750.0,36.3175,35.93083333333333,38.00291666666667,0.32750568855159656,0.2772374447073394,0.050268243844257154
2025-04-23 13:37:00,37.15,37.15,37.15,37.15,10,371.5,36.3975,35.955,37.98791666666667,0.3467042069923494,0.2911307971643414,0.05557340982800796
2025-04-23 14:53:00,37.15,37.15,37.15,37.15,8,297.2,36.485,35.9675,37.97479166666667,0.3577947361694669,0.3044635849653665,0.05333115120410037
2025-04-24 09:57:00,37.15,37.15,37.15,37.15,10,371.5,36.555,35.980000000000004,37.95958333333333,0.3624064643097995,0.31605216083425314,0.046354303475546366
2025-04-24 11:51:00,37.15,37.15,37.15,37.15,1000,37150.0,36.622499999999995,35.9925,37.94708333333333,0.36188965342612534,0.3252196593526276,0.03666999407349775
2025-04-24 14:40:00,37.15,37.15,37.15,37.15,61,2266.15,36.697500000000005,36.01166666666666,37.934583333333336,0.35736064599587536,0.33164785668127716,0.025712789314598195
2025-04-25 09:17:00,37.15,37.15,37.15,37.15,6000,222900.0,36.730000000000004,36.02166666666666,37.92208333333334,0.3497397923536525,0.33526624381575226,0.014473548537900227
2025-04-25 09:19:00,37.2,37.2,37.2,37.2,3000,111600.0,36.765,36.032500000000006,37.90666666666666,0.3437720033830942,0.3369673957292207,0.006804607653873529
2025-04-25 09:24:00,37.3,37.3,37.15,37.15,6000,223350.0,36.84,36.05166666666666,37.891041666666666,0.33119015160205123,0.33581194690378685,-0.004621795301735621
2025-04-25 10:45:00,37.0,37.0,37.0,37.0,1000,37000.0,36.84,36.07583333333333,37.88125,0.30559251675957455,0.3297680608749444,-0.024175544115369874
2025-04-25 14:41:00,37.3,37.3,37.3,37.3,61,2275.3,36.8975,36.08833333333334,37.86625,0.3059864777825112,0.3250117442564578,-0.01902526647394659
2025-04-28 09:01:00,37.3,37.3,37.3,37.3,200,7460.0,36.955,36.101666666666674,37.855,0.30280811131377305,0.32057101766792084,-0.01776290635414779
2025-04-28 09:29:00,37.0,37.0,37.0,37.0,2170,80290.0,36.957499999999996,36.12833333333334,37.844583333333325,0.2729355096115498,0.31104391605664666,-0.03810840644509689
2025-04-28 11:12:00,36.1,36.1,36.1,36.1,1000,36100.0,36.97,36.12166666666667,37.825,0.1746258018309632,0.28376029321151,-0.10913449138054676
2025-04-28 11:22:00,37.15,37.15,37.15,37.15,10,371.5,36.98,36.13250000000001,37.80916666666666,0.1793731724059313,0.26288286905039426,-0.08350969664446295
2025-04-29 10:24:00,37.3,37.3,37.3,37.3,10,373.0,37.0525,36.145833333333336,37.79375,0.1930142955037013,0.24890915434105568,-0.05589485883735437
2025-04-29 10:27:00,37.3,37.3,37.3,37.3,3000,111900.0,37.07,36.15916666666667,37.77833333333333,0.201502191997875,0.23942776187241957,-0.03792556987454457
2025-04-29 10:43:00,37.25,37.25,37.1,37.1,6000,223050.0,37.084999999999994,36.16916666666667,37.76208333333333,0.18990151615720663,0.229522512729377,-0.03962099657217036
2025-04-29 12:27:00,37.1,37.1,37.1,37.1,2100,77910.0,37.082499999999996,36.2,37.74583333333333,0.17864854772136596,0.21934771972777478,-0.040699172006408824
2025-04-30 10:08:00,37.55,37.55,37.55,37.55,10,375.5,37.11,36.23833333333334,37.73145833333333,0.20369367440295605,0.21621691066281107,-0.01252323625985502
2025-05-02 09:51:00,37.6,37.6,37.6,37.6,10,376.0,37.152499999999996,36.275,37.71729166666667,0.22498323319775437,0.21797017516979977,0.0070130580279545995
2025-05-02 14:28:00,37.65,37.65,37.65,37.65,1000,37650.0,37.177499999999995,36.31666666666667,37.70333333333333,0.24308777944602866,0.2229936960250456,0.020094083420983067
2025-05-02 14:50:00,37.65,37.65,37.65,37.65,3000,112950.0,37.2025,36.35666666666667,37.689375,0.25450202189660587,0.2292953611993577,0.025206660697248168
2025-05-02 14:55:00,37.5,37.5,37.5,37.5,1000,37500.0,37.22,36.392500000000005,37.675,0.2485786845515534,0.23315202586979686,0.01542665868175655
2025-05-05 09:03:00,37.5,37.5,37.5,37.5,1000,37500.0,37.2375,36.431666666666665,37.66458333333333,0.24110508766187877,0.23474263822821326,0.006362449433665512
2025-05-05 09:07:00,37.5,37.5,37.5,37.5,200,7500.0,37.254999999999995,36.4675,37.65354166666666,0.2325020691562827,0.23429452441382717,-0.001792455257544484
2025-05-05 09:32:00,37.5,37.5,37.5,37.5,200,7500.0,37.272499999999994,36.50333333333334,37.639374999999994,0.2231122162622654,0.23205806278351485,-0.00894584652124944
2025-05-05 11:09:00,37.5,37.5,37.5,37.5,1000,37500.0,37.2875,36.539166666666674,37.625,0.21321290454996955,0.2282890311368058,-0.015076126586836242
2025-05-05 11:34:00,37.5,37.5,37.5,37.5,20,750.0,37.30499999999999,36.575,37.610833333333325,0.2030272568599969,0.22323667628144403,-0.020209419421447133
2025-05-05 13:18:00,37.5,37.5,37.5,37.5,50,1875.0,37.33,36.61333333333334,37.596666666666664,0.19273334762277017,0.21713601054970927,-0.0244026629269391
2025-05-05 13:19:00,37.5,37.5,37.5,37.5,1000,37500.0,37.339999999999996,36.64916666666667,37.58208333333333,0.18247192759199748,0.21020319395816695,-0.02773126636616946
2025-05-06 09:12:00,36.2,37.65,36.2,37.6,6355,230548.5,37.355000000000004,36.685833333333335,37.568333333333335,0.1803301092985521,0.204228577026244,-0.023898467727691913
2025-05-06 09:26:00,36.45,36.45,36.45,36.45,300,10935.0,37.3275,36.71,37.54958333333333,0.08485911087823439,0.1803546837966421,-0.09549557291840771
2025-05-06 09:28:00,36.45,36.45,36.45,36.45,200,7290.0,37.345,36.72833333333334,37.530833333333334,0.009092840197567398,0.14610231507682717,-0.13700947487925977
2025-05-06 09:29:00,36.45,36.45,36.45,36.45,20,729.0,37.31,36.74666666666667,37.516041666666666,-0.050371820195067585,0.10680748802244822,-0.1571793082175158
2025-05-06 09:42:00,36.45,36.45,36.45,36.45,1100,40095.0,37.2675,36.76499999999999,37.501250000000006,-0.09638690374794123,0.06616860966837032,-0.16255551341631155
2025-05-06 10:00:00,36.45,36.45,36.45,36.45,1000,36450.0,37.225,36.782500000000006,37.48645833333333,-0.13134018113235868,0.026666851508224513,-0.1580070326405832
2025-05-06 10:52:00,36.5,36.5,36.5,36.5,10,365.0,37.195,36.80083333333334,37.471250000000005,-0.15323986932823175,-0.00931449265906675,-0.143925376669165
2025-05-06 11:44:00,36.5,36.5,36.5,36.5,8,292.0,37.165,36.81916666666667,37.456041666666664,-0.16865142139795353,-0.04118187840684412,-0.1274695429911094
2025-05-06 11:58:00,36.5,36.5,36.5,36.5,79,2883.5,37.1125,36.83083333333333,37.44145833333333,-0.17880404570995978,-0.06870631186746727,-0.11009773384249251
2025-05-06 12:04:00,36.5,36.5,36.15,36.15,3000,109150.0,37.04,36.83666666666667,37.421458333333334,-0.21264095596413313,-0.09749324068680046,-0.11514771527733267
2025-05-06 12:16:00,37.6,37.6,37.6,37.6,1000,37600.0,37.0375,36.87083333333333,37.4075,-0.12105858134904679,-0.10220630881924973,-0.018852272529797057
2025-05-06 12:37:00,36.55,36.55,36.55,36.55,2000,73100.0,36.9825,36.88999999999999,37.388958333333335,-0.13168710740615808,-0.10810246853663141,-0.023584638869526664
2025-05-06 12:39:00,36.55,36.55,36.4,36.4,2000,72950.0,36.9275,36.90083333333333,37.376666666666665,-0.1504794043713673,-0.1165778557035786,-0.0339015486677887
2025-05-06 13:11:00,37.5,37.5,37.5,37.5,1,37.5,36.9275,36.92916666666667,37.361875000000005,-0.07573856122727562,-0.10840999680831802,0.03267143558104239
2025-05-07 09:16:00,37.55,37.55,37.55,37.55,3000,112650.0,36.93,36.96083333333333,37.34729166666667,-0.012329199093024101,-0.08919383726525923,0.07686463817223513
2025-05-07 09:27:00,37.6,37.6,37.6,37.6,3000,112800.0,36.935,36.979166666666664,37.33291666666666,0.04147960826568209,-0.06305914815907096,0.10453875642475305
2025-05-07 10:26:00,37.65,37.65,37.65,37.65,6,225.9,36.9425,36.998333333333335,37.32583333333333,0.08715340766803337,-0.03301663699365009,0.12017004466168346
2025-05-07 10:42:00,37.65,37.65,37.5,37.5,3000,112800.0,36.9425,37.02916666666667,37.318125,0.10997871024860473,-0.0044175675451991175,0.11439627779380385
2025-05-07 12:17:00,37.5,37.5,37.5,37.5,400,15000.0,36.9425,37.0375,37.30333333333333,0.12660846343560195,0.021787638650961106,0.10482082478464085
2025-05-07 12:19:00,37.5,37.5,37.5,37.5,100,3750.0,36.9425,37.059999999999995,37.293125,0.1381946408505783,0.045069039090884555,0.09312560175969375
2025-05-07 12:24:00,37.5,37.5,37.5,37.5,61,2287.5,36.9375,37.0825,37.28604166666666,0.1456972625761992,0.06519468378794749,0.0805025787882517
2025-05-07 12:25:00,37.5,37.5,37.5,37.5,60,2250.0,36.989999999999995,37.09166666666667,37.2775,0.1499150173460677,0.08213875049957155,0.06777626684649617
2025-05-07 12:26:00,37.5,37.5,37.5,37.5,500,18750.0,37.042500000000004,37.119166666666665,37.26958333333333,0.15151109282274433,0.09601321896420612,0.055497873858538216
2025-05-07 12:32:00,37.35,37.35,37.35,37.35,150,5602.5,37.0875,37.12583333333334,37.261041666666664,0.1390691452025763,0.10462440421188017,0.034444740990696124
2025-05-07 12:50:00,37.35,37.35,37.35,37.35,1000,37350.0,37.1325,37.15083333333333,37.25208333333333,0.12773634697931868,0.10924679276536788,0.018489554213950807
2025-05-07 12:51:00,37.5,37.5,37.5,37.5,1077,40387.5,37.185,37.16,37.24187500000001,0.12936750111100537,0.11327093443449537,0.016096566676509994
2025-05-08 09:29:00,37.85,37.85,37.85,37.85,10,378.5,37.252500000000005,37.177499999999995,37.233125,0.1570914252727249,0.1220350326021413,0.03505639267058361
2025-05-08 10:09:00,37.85,37.85,37.85,37.85,2000,75700.0,37.32,37.18916666666667,37.22625,0.17702223280367235,0.13303247264244752,0.04398976016122483
2025-05-08 12:36:00,38.0,38.0,38.0,38.0,1000,38000.0,37.394999999999996,37.20583333333334,37.220625,0.20258600243163016,0.14694317860028405,0.05564282383134611
2025-05-08 14:05:00,37.8,37.8,37.8,37.8,1000,37800.0,37.477500000000006,37.223333333333336,37.21166666666667,0.2043515085239278,0.15842484458501283,0.04592666393891498
2025-05-09 09:18:00,38.0,38.0,38.0,38.0,10,380.0,37.4975,37.2375,37.20666666666667,0.21936036362608746,0.17061194839322777,0.04874841523285969
2025-05-09 09:20:00,38.0,38.0,38.0,38.0,1000,38000.0,37.57,37.251666666666665,37.200208333333336,0.22861960493256106,0.18221347970109444,0.046406125231466616
2025-05-09 12:30:00,37.85,37.85,37.85,37.85,1000,37850.0,37.6425,37.26333333333333,37.19145833333334,0.22130283268130313,0.1900313502971362,0.03127148238416694
2025-05-12 10:23:00,38.9,38.9,38.9,38.9,10,389.0,37.7125,37.2925,37.187083333333334,0.29680903296172545,0.21138688683005408,0.08542214613167137
2025-05-12 12:34:00,38.9,38.9,38.9,38.9,1000,38900.0,37.78,37.32166666666667,37.185833333333335,0.3525838732615654,0.23962628411635636,0.11295758914520901
2025-05-13 09:53:00,38.15,38.15,38.15,38.15,10,381.5,37.8075,37.33833333333334,37.17833333333333,0.3324350002999026,0.2581880273530656,0.07424697294683696
2025-05-13 12:12:00,37.15,37.15,37.15,37.15,50,1857.5,37.7825,37.3375,37.168124999999996,0.23308833344991342,0.25316808857243517,-0.020079755122521747
2025-05-13 12:19:00,38.15,38.15,38.15,38.15,50,1907.5,37.815000000000005,37.354166666666664,37.16041666666667,0.2323684282682663,0.2490081565116014,-0.016639728243335095
2025-05-13 12:36:00,38.15,38.15,38.15,38.15,1000,38150.0,37.847500000000004,37.373333333333335,37.15208333333333,0.22915632673540642,0.24503779055636246,-0.015881463820956038
2025-05-13 13:20:00,38.65,38.65,38.65,38.65,1,38.65,37.905,37.395833333333336,37.146458333333335,0.2639142947439339,0.24881309139387678,0.01510120335005713
2025-05-13 13:36:00,37.15,37.15,37.15,37.15,1000,37150.0,37.8875,37.39333333333333,37.130625,0.1684806309969673,0.2327465993144949,-0.0642659683175276
2025-05-13 13:37:00,37.15,37.15,37.15,37.15,500,18575.0,37.87,37.395833333333336,37.11666666666667,0.09179065933201969,0.20455541131799987,-0.11276475198598018
2025-05-14 09:09:00,38.65,38.65,38.65,38.65,10,386.5,37.927499999999995,37.438333333333325,37.10687500000001,0.15031799595187323,0.19370792824477456,-0.043389932292901334
2025-05-14 12:29:00,38.15,38.15,38.0,38.0,6000,228450.0,37.96,37.45249999999999,37.09854166666667,0.1426078694195283,0.18348791647972534,-0.040880047060197044
2025-05-14 13:12:00,38.15,38.15,38.15,38.15,2000,76300.0,38.0,37.46666666666667,37.090833333333336,0.14690782305433459,0.1761718977946472,-0.029264074740312618
2025-05-15 10:28:00,38.15,38.15,38.15,38.15,10,381.5,38.0325,37.48083333333333,37.083125,0.14860256937158312,0.1706580321100344,-0.022055462738451298
2025-05-15 14:32:00,37.4,37.4,37.4,37.4,9,336.6,38.01,37.48583333333333,37.07520833333333,0.08840782566847594,0.15420799082172273,-0.0658001651532468
2025-05-16 10:04:00,38.45,38.45,38.45,38.45,10,384.5,38.040000000000006,37.50833333333333,37.064375000000005,0.12399988885474755,0.1481663704283277,-0.024166481573580145
2025-05-19 10:04:00,38.35,38.35,38.35,38.35,10,383.5,38.057500000000005,37.52166666666666,37.057500000000005,0.14249509632156787,0.14703211560697574,-0.004537019285407867
2025-05-19 12:24:00,38.35,38.35,38.35,38.35,25,958.75,38.084999999999994,37.53416666666667,37.046458333333334,0.15536176774062227,0.14869804603370507,0.006663721706917203
2025-05-20 10:06:00,38.6,38.6,38.6,38.6,10,386.0,38.114999999999995,37.55,37.041041666666665,0.18361500867840874,0.15568143856264582,0.027933570115762918
2025-05-20 12:28:00,37.4,37.4,37.4,37.4,50,1870.0,38.084999999999994,37.545833333333334,37.028125,0.10793176430141216,0.1461315037103991,-0.03819973940898694
2025-05-20 12:33:00,37.4,37.4,37.4,37.4,50,1870.0,38.0625,37.54416666666666,37.01312500000001,0.04740578350119051,0.12638635966855738,-0.07898057616736687
2025-05-20 13:18:00,38.55,38.55,38.55,38.55,100,3855.0,38.045,37.56166666666666,37.00291666666667,0.09118279816080843,0.11934564736700759,-0.02816284920619916
2025-05-20 13:56:00,37.4,37.4,37.4,37.4,50,1870.0,37.97,37.559999999999995,36.99458333333333,0.03270401707570869,0.10201732130874783,-0.06931330423303914
2025-05-20 13:57:00,37.4,37.4,37.4,37.4,60,2244.0,37.9325,37.55833333333333,36.98104166666666,-0.013485387102932123,0.07891677962641185,-0.09240216672934397
2025-05-21 10:07:00,38.6,38.6,38.6,38.6,10,386.0,38.005,37.57666666666667,36.971041666666665,0.046206508620556974,0.07237472542524087,-0.026168216804683897
2025-05-22 10:16:00,38.6,38.6,38.6,38.6,10,386.0,38.027499999999996,37.595,36.96145833333333,0.09244709349086122,0.07638919903836494,0.01605789445249628
2025-05-23 10:23:00,38.6,38.6,38.6,38.6,10,386.0,38.05,37.61333333333333,36.95166666666667,0.12762194381954117,0.08663574799460019,0.04098619582494098
2025-05-23 12:57:00,38.6,38.6,38.6,38.6,2000,77200.0,38.0475,37.63166666666666,36.94166666666667,0.1537262061132907,0.1000538396183383,0.053672366494952384
2025-05-23 12:58:00,38.0,38.6,38.0,38.6,5199,200081.4,38.12,37.64833333333333,36.932291666666664,0.17242639786920932,0.11452835126851253,0.05789804660069679
2025-05-26 09:44:00,38.6,38.6,38.6,38.6,10,386.0,38.1925,37.68416666666667,36.922916666666666,0.18511257206123588,0.1286451954270572,0.05646737663417867
2025-05-27 09:18:00,37.35,37.35,37.35,37.35,6000,224100.0,38.127500000000005,37.69916666666666,36.914375,0.09322723763042262,0.1215616038677303,-0.028334366237307673
2025-05-27 09:19:00,37.2,37.2,37.15,37.15,4000,148750.0,38.084999999999994,37.71083333333333,36.904999999999994,0.0042204686305282735,0.09809337682028989,-0.09387290818976161
2025-05-27 10:39:00,37.5,37.5,37.5,37.5,1000,37500.0,38.052499999999995,37.72833333333334,36.890625,-0.03764204803483295,0.07094629184926532,-0.10858833988409827
2025-05-27 13:33:00,37.5,37.5,37.5,37.5,2000,75000.0,38.019999999999996,37.74583333333333,36.88270833333333,-0.0700113468691228,0.04275476410558769,-0.1127661109747105
2025-05-27 14:37:00,37.5,37.5,37.5,37.5,2,75.0,38.025,37.7625,36.86833333333333,-0.0945740585271082,0.015288999579048506,-0.10986305810615671
2025-05-28 11:23:00,38.0,38.0,38.0,38.0,10,380.0,38.0025,37.7875,36.86,-0.07285454135302416,-0.002339708607366032,-0.07051483274565813
2025-05-28 12:43:00,38.0,38.1,37.95,37.95,6000,228250.0,37.9825,37.81166666666666,36.84916666666667,-0.058996178423427637,-0.013671002570578357,-0.04532517585284928
2025-05-28 13:08:00,38.4,38.4,38.4,38.4,3000,115200.0,37.985,37.84916666666666,36.839375000000004,-0.011568729650534237,-0.013250547986569536,0.0016818183360352984
2025-05-28 13:36:00,38.6,38.6,38.45,38.45,4000,154250.0,37.977500000000006,37.86333333333333,36.83291666666667,0.029709969298586714,-0.004658444529538284,0.034368413828125
2025-05-29 09:34:00,38.7,38.7,38.7,38.7,10,387.0,38.042500000000004,37.89916666666667,36.823541666666664,0.08165527509286363,0.012604299394942104,0.06905097569792153
2025-05-29 11:23:00,38.7,38.7,38.7,38.7,990,38313.0,38.1075,37.9375,36.818125,0.12142261980242353,0.0343679634764384,0.08705465632598514
2025-05-29 11:24:00,38.7,38.7,38.0,38.0,2001,77438.0,38.08,37.94583333333333,36.80770833333334,0.09535518195618664,0.04656540717238805,0.04878977478379859
2025-05-29 11:28:00,38.75,38.75,38.75,38.75,1010,39137.5,38.1475,37.96583333333333,36.798750000000005,0.1336743667550664,0.06398719908892372,0.06968716766614266
2025-05-29 11:29:00,38.0,38.0,38.0,38.0,1000,38000.0,38.1775,37.9725,36.786458333333336,0.10234410565171004,0.07165858040148099,0.03068552525022905
2025-05-29 13:05:00,38.0,38.0,38.0,38.0,2,76.0,38.1475,37.97833333333333,36.77416666666667,0.07663129019294246,0.07265312235977328,0.003978167833169177
2025-05-29 14:27:00,38.0,38.0,38.0,38.0,1000,38000.0,38.1175,37.986666666666665,36.766666666666666,0.05561263089968094,0.06924502406775482,-0.01363239316807388
2025-05-29 14:32:00,38.1,38.1,38.1,38.1,224,8534.4,38.0925,37.99666666666666,36.755,0.04648846614398394,0.06469371248300064,-0.018205246339016698
2025-06-02 09:01:00,37.15,37.15,37.15,37.15,1,37.15,38.019999999999996,37.99083333333333,36.74,-0.03697335485986031,0.04436029901442845,-0.08133365387428876
2025-06-02 09:37:00,37.05,37.05,37.05,37.05,785,29084.25,37.9425,37.983333333333334,36.73354166666666,-0.10991952966502794,0.013504333278537166,-0.12342386294356511
2025-06-02 10:46:00,37.65,37.65,37.5,37.5,6000,225450.0,37.8875,37.983333333333334,36.733958333333334,-0.12992101101197306,-0.015180735579564888,-0.11474027543240818
2025-06-03 09:19:00,38.05,38.05,38.05,38.05,10,380.5,37.9225,37.99249999999999,36.734791666666666,-0.10023646208428261,-0.032191880880508436,-0.06804458120377417
2025-06-03 10:51:00,37.05,37.05,37.05,37.05,2000,74100.0,37.917500000000004,37.9875,36.733958333333334,-0.15560912076381328,-0.056875328857169415,-0.09873379190664386
2025-06-03 11:17:00,38.1,38.1,38.1,38.1,1,38.1,37.947500000000005,38.0,36.73020833333333,-0.11345825083175498,-0.06819191325208654,-0.04526633757966844
2025-06-03 14:20:00,37.5,37.5,37.5,37.5,100,3750.0,37.947500000000005,38.0,36.723958333333336,-0.12700434133130045,-0.07995439886792932,-0.04704994246337113
2025-06-03 14:40:00,37.25,37.25,37.25,37.25,5,186.25,37.935,37.99,36.72416666666667,-0.1561130522203058,-0.09518612953840463,-0.06092692268190117
2025-06-04 10:08:00,38.1,38.1,38.1,38.1,10,381.0,37.940000000000005,37.99416666666666,36.726666666666674,-0.10933368836166579,-0.09801564130305689,-0.011318047058608907
2025-06-04 14:32:00,37.05,37.05,37.05,37.05,1000,37050.0,37.894999999999996,37.97833333333333,36.72625,-0.1551979054140986,-0.10945209412526524,-0.04574581128883337
2025-06-05 09:32:00,38.1,38.1,38.1,38.1,10,381.0,37.88,37.983333333333334,36.729791666666664,-0.10560208794340298,-0.1086820928888928,0.0030800049454898226
2025-06-05 10:05:00,38.1,38.1,38.1,38.1,500,19050.0,37.8625,37.985,36.73229166666667,-0.06554152339577968,-0.10005397899027019,0.03451245559449051
2025-06-05 12:42:00,37.05,37.05,37.05,37.05,2000,74100.0,37.78,37.969166666666666,36.72625,-0.11716881301344273,-0.10347694579490471,-0.013691867218538017
2025-06-05 13:05:00,37.05,37.2,37.05,37.2,4000,148650.0,37.705,37.958333333333336,36.72083333333333,-0.14431647510121337,-0.11164485165616646,-0.03267162344504691
2025-06-05 14:21:00,38.1,38.1,38.1,38.1,1,38.1,37.709999999999994,37.94500000000001,36.71916666666666,-0.09214650693525073,-0.10774518271198331,0.015598675776732587
2025-06-06 09:53:00,38.1,38.1,38.1,38.1,10,381.0,37.677499999999995,37.931666666666665,36.717499999999994,-0.050222497609375694,-0.09624064569146179,0.0460181480820861
2025-06-09 10:39:00,38.1,38.1,38.1,38.1,10,381.0,37.6825,37.93083333333333,36.720625000000005,-0.016803715401245256,-0.0803532596334185,0.06354954423217324
2025-06-09 12:15:00,37.0,37.0,37.0,37.0,1000,37000.0,37.6325,37.92833333333333,36.7175,-0.07817870124496551,-0.0799183479557279,0.0017396467107623909
2025-06-09 12:48:00,38.1,38.1,38.1,38.1,1,38.1,37.6375,37.9275,36.721250000000005,-0.037624303245124224,-0.07145953901360717,0.03383523576848295
2025-06-10 09:44:00,38.1,38.1,38.1,38.1,10,381.0,37.6375,37.92666666666666,36.725,-0.005422147510266484,-0.058252060712939036,0.05282991320267255
2025-06-10 11:16:00,37.05,37.05,37.05,37.05,2000,74100.0,37.6325,37.9,36.724375,-0.0638914312221246,-0.05937993481477616,-0.0045114964073484365
2025-06-10 14:47:00,37.35,37.35,37.35,37.35,10,373.5,37.6475,37.90333333333333,36.725833333333334,-0.08504096767760672,-0.06451214138734228,-0.020528826290264438
2025-06-11 11:09:00,38.1,38.1,38.1,38.1,10,381.0,37.6775,37.91916666666666,36.735416666666666,-0.040812929656397046,-0.05977229904115323,0.018959369384756182
2025-06-11 13:22:00,37.05,37.05,37.05,37.05,2000,74100.0,37.6275,37.892500000000005,36.74208333333333,-0.08945691206532302,-0.06570922164598719,-0.023747690419335832
2025-06-11 13:28:00,37.6,37.6,37.6,37.6,200,7520.0,37.655,37.88583333333334,36.751250000000006,-0.0826741984305599,-0.06910221700290174,-0.013571981427658156
2025-06-11 14:19:00,37.05,37.05,37.05,37.05,1000,37050.0,37.6025,37.8675,36.75416666666667,-0.12029259431862727,-0.07934029246604685,-0.04095230185258042
2025-06-11 14:27:00,37.05,37.05,37.05,37.05,2000,74100.0,37.58,37.84916666666666,36.757083333333334,-0.14839484073442577,-0.09315120211972264,-0.05524363861470313
2025-06-11 14:50:00,37.4,37.4,37.4,37.4,1000,37400.0,37.5875,37.84916666666666,36.76166666666667,-0.14080093304612973,-0.10268114830500406,-0.038119784741125665
2025-06-11 15:00:00,37.4,37.4,37.25,37.25,6000,223950.0,37.545,37.829166666666666,36.765625,-0.14521253319865224,-0.11118742528373371,-0.03402510791491853
2025-06-12 09:04:00,37.95,37.95,37.95,37.95,30,1138.5,37.589999999999996,37.822500000000005,36.77229166666666,-0.09117361556091197,-0.10718466333916937,0.016011047778257403
2025-06-12 10:21:00,37.05,37.05,37.05,37.05,100,3705.0,37.5375,37.80083333333333,36.77520833333334,-0.1195912884594108,-0.10966598836321767,-0.009925300096193135
2025-06-13 10:04:00,38.1,38.1,38.1,38.1,10,381.0,37.5375,37.7925,36.783125000000005,-0.05673229955129244,-0.09907925060083263,0.042346951049540185
2025-06-16 09:01:00,38.1,38.1,38.1,38.1,2000,76200.0,37.589999999999996,37.80416666666667,36.790416666666665,-0.006837282035803582,-0.08063085688782683,0.07379357485202324
2025-06-16 12:33:00,38.15,38.15,38.15,38.15,1000,38150.0,37.6375,37.81666666666667,36.802083333333336,0.03632077763628416,-0.05724052998300463,0.0935613076192888
2025-06-17 09:01:00,38.2,38.2,38.2,38.2,1000,38200.0,37.6425,37.810833333333335,36.812916666666666,0.07370876424391071,-0.031050671137621555,0.10475943538153226
2025-06-17 09:08:00,38.2,38.2,38.2,38.2,100,3820.0,37.6475,37.82416666666666,36.82041666666667,0.1021613604265994,-0.004408264824777357,0.10656962525137675
2025-06-17 09:13:00,38.2,38.2,38.2,38.2,1000,38200.0,37.652499999999996,37.8375,36.83166666666666,0.12328904848509836,0.021131197837197795,0.10215785064790056
2025-06-17 11:50:00,38.05,38.05,38.05,38.05,400,15220.0,37.705,37.82833333333333,36.84229166666667,0.12647126507240358,0.04219921128423896,0.08427205378816463
2025-06-17 12:42:00,38.05,38.2,38.05,38.2,2000,76250.0,37.709999999999994,37.82166666666667,36.85354166666666,0.13948899869411235,0.061657168766213646,0.07783182992789871
2025-06-18 09:59:00,38.5,38.5,38.5,38.5,10,385.0,37.73,37.82000000000001,36.86604166666666,0.17203008345534698,0.08373175170404033,0.08829833175130665
2025-06-18 10:42:00,37.4,37.4,37.4,37.4,3000,112200.0,37.7475,37.8,36.87458333333334,0.10781549079301556,0.08854849952183538,0.019266991271180173
2025-06-18 10:43:00,37.5,37.5,37.5,37.5,3000,112500.0,37.755,37.78166666666666,36.88354166666667,0.06425345391177473,0.08368949039982326,-0.019436036488048536
2025-06-18 10:46:00,37.55,37.55,37.55,37.55,20,751.0,37.7275,37.76416666666667,36.891666666666666,0.03338002383203076,0.07362759708626476,-0.040247573254234004
2025-06-18 10:47:00,37.4,37.4,37.4,37.4,2000,74800.0,37.745,37.765,36.899166666666666,-0.0031547720860771733,0.058271123251796376,-0.06142589533787355
2025-06-18 11:11:00,38.0,38.0,38.0,38.0,285,10830.0,37.765,37.77916666666667,36.909166666666664,0.016120299739739608,0.04984095854938502,-0.033720658809645414
2025-06-18 11:15:00,38.0,38.0,38.0,38.0,2000,76000.0,37.8125,37.7875,36.91916666666667,0.031038144620488595,0.046080395763605744,-0.01504225114311715
2025-06-18 13:41:00,38.0,38.0,38.0,38.0,100,3800.0,37.86,37.795833333333334,36.92958333333333,0.04237220377639517,0.045338757366163634,-0.002966553589768467
2025-06-18 13:42:00,38.5,38.5,38.5,38.5,3000,115500.0,37.915,37.8125,36.94416666666667,0.09065533042246443,0.054402071977423805,0.036253258445040626
2025-06-18 14:46:00,38.0,38.0,38.0,38.0,3000,114000.0,37.9525,37.8125,36.95666666666667,0.08756484183550839,0.06103462594904073,0.02653021588646766
2025-06-19 10:39:00,38.35,38.35,38.35,38.35,10,383.5,37.972500000000004,37.81916666666667,36.970625000000005,0.11206585685330595,0.07124087212989379,0.04082498472341216
2025-06-19 10:41:00,38.35,38.35,38.2,38.2,1660,63511.0,38.03,37.81583333333333,36.98395833333334,0.1180188930427093,0.0805964763124569,0.0374224167302524
2025-06-20 10:00:00,38.5,38.5,38.5,38.5,10,385.0,38.05,37.81666666666667,36.998541666666675,0.14526963201682008,0.09353110745332954,0.05173852456349054
2025-06-20 12:01:00,38.5,38.5,38.5,38.5,20,770.0,38.07000000000001,37.813333333333325,37.01104166666667,0.16496443170289865,0.10781777230324338,0.05714665939965527
2025-06-23 11:14:00,38.55,38.55,38.55,38.55,10,385.5,38.089999999999996,37.810833333333335,37.02375,0.1825034977623261,0.12275491739505995,0.05974858036726616
2025-06-24 10:32:00,38.65,38.65,38.65,38.65,10,386.5,38.1125,37.82166666666667,37.037083333333335,0.20214232732156745,0.13863239938036148,0.06350992794120597
2025-06-24 14:47:00,38.65,38.65,38.65,38.65,1000,38650.0,38.135,37.82000000000001,37.05041666666666,0.21522525843126772,0.15395097119054274,0.06127428724072498
2025-06-25 11:59:00,38.7,38.7,38.7,38.7,10,387.0,38.160000000000004,37.83166666666667,37.06583333333333,0.2270113126234108,0.16856303947711637,0.058448273146294416
2025-06-25 12:36:00,37.6,37.6,37.6,37.6,400,15040.0,38.1375,37.825,37.079791666666665,0.1459090894107291,0.16403224946383893,-0.01812316005310982
2025-06-25 12:47:00,38.7,38.7,38.7,38.7,10,387.0,38.1625,37.83666666666667,37.094791666666666,0.16845396764112763,0.16491659309929668,0.003537374541830951
2025-06-25 12:56:00,37.6,37.6,37.6,37.6,85,3196.0,38.1175,37.82833333333334,37.105625,0.09644834269181501,0.15122294301780037,-0.054774600325985356
2025-06-25 13:10:00,37.6,37.6,37.6,37.6,100,3760.0,38.1275,37.83583333333333,37.11583333333333,0.03893455285755465,0.12876526498575122,-0.08983071212819657
2025-06-25 13:15:00,37.6,37.6,37.6,37.6,440,16544.0,38.1325,37.845,37.12916666666667,-0.00656980730157386,0.1016982505282862,-0.10826805782986006
2025-06-25 13:39:00,38.7,38.7,38.7,38.7,276,10681.2,38.19,37.865,37.14458333333333,0.04560278581935506,0.09047915758649998,-0.044876371767144915
2025-06-26 09:57:00,39.0,39.0,39.0,39.0,10,390.0,38.27,37.88083333333334,37.16291666666666,0.10989068315547712,0.09436146270029541,0.015529220455181708
2025-06-26 10:11:00,38.95,39.0,38.0,39.0,1027,40026.95,38.32000000000001,37.913333333333334,37.1825,0.15900637841135534,0.10729044584250741,0.05171593256884793
2025-06-27 09:22:00,39.0,39.0,39.0,39.0,25,975.0,38.370000000000005,37.928333333333335,37.202083333333334,0.1956752977324996,0.12496741622050586,0.07070788151199373
2025-06-27 10:00:00,39.15,39.15,39.15,39.15,1000,39150.0,38.4275,37.95583333333333,37.22270833333334,0.2341404020697695,0.14680201339035862,0.08733838867941088
2025-06-27 11:37:00,39.3,39.35,39.15,39.15,5600,219890.0,38.46,37.9875,37.24354166666667,0.2616086131366444,0.1697633333396158,0.09184527979702861
2025-06-27 12:03:00,39.25,39.25,39.15,39.15,140,5485.0,38.5175,38.005,37.264375,0.2801479965863436,0.19184026598896137,0.08830773059738223
2025-06-27 13:20:00,39.05,39.05,39.05,39.05,600,23430.0,38.552499999999995,38.038333333333334,37.28104166666666,0.28350337682086746,0.2101728881553426,0.07333048866552486
2025-06-27 13:21:00,39.6,39.6,39.6,39.6,500,19800.0,38.622499999999995,38.06333333333334,37.30020833333333,0.3267760721405608,0.23349352495238626,0.09328254718817455
2025-06-27 13:33:00,39.6,39.6,39.6,39.6,1000,39600.0,38.677499999999995,38.08833333333334,37.31645833333334,0.356955237167206,0.2581858673953502,0.0987693697718558
2025-06-27 13:34:00,39.6,39.6,39.6,39.6,1000,39600.0,38.7325,38.130833333333335,37.329791666666665,0.3765320161804837,0.28185509715237694,0.09467691902810677
2025-06-27 13:35:00,39.2,39.2,39.2,39.2,23,901.6,38.765,38.164166666666674,37.34145833333333,0.35567015339965735,0.29661810840183306,0.05905204499782429
2025-06-30 10:04:00,39.9,39.9,39.9,39.9,10,399.0,38.8275,38.19416666666666,37.35604166666667,0.3911126238317735,0.3155170114878212,0.07559561234395229
2025-06-30 11:17:00,39.0,39.0,39.0,39.0,2000,78000.0,38.845000000000006,38.20916666666666,37.36854166666667,0.3426289454087055,0.3209393982719981,0.0216895471367074
2025-06-30 12:19:00,39.95,40.0,39.95,40.0,4000,159850.0,38.910000000000004,38.24083333333333,37.382916666666674,0.3805106338760069,0.3328536453927999,0.04765698848320704
2025-06-30 12:50:00,39.95,40.1,39.95,40.1,4000,159950.0,39.035000000000004,38.292500000000004,37.39770833333333,0.4138309238845679,0.3490491010911535,0.06478182279341438
2025-06-30 14:47:00,39.95,39.95,39.95,39.95,2000,79900.0,39.097500000000004,38.32333333333334,37.41416666666667,0.4232547303142411,0.36389022693577106,0.059364503378470046
2025-07-01 10:21:00,40.1,40.1,40.1,40.1,10,401.0,39.222500000000004,38.35666666666667,37.433125000000004,0.4377804506757812,0.37866827168377315,0.059112178992008046
2025-07-01 11:44:00,40.1,40.1,40.1,40.1,2000,80200.0,39.347500000000004,38.4075,37.447916666666664,0.4441720498117476,0.3917690273093681,0.05240302250237955
2025-07-01 12:38:00,39.95,40.0,39.95,40.0,230,9198.5,39.4675,38.45166666666667,37.4625,0.4361407152338046,0.4006433648942554,0.035497350339549205
2025-07-01 13:05:00,39.75,39.75,39.75,39.75,250,9937.5,39.52,38.479166666666664,37.480625,0.40493507457891553,0.4015017068311874,0.003433367747728122
2025-07-01 13:10:00,39.75,39.75,39.75,39.75,800,31800.0,39.557500000000005,38.524166666666666,37.494166666666665,0.37587156609340866,0.3963756786836317,-0.020504112590223056
2025-07-01 13:12:00,39.75,40.1,39.75,40.1,4000,160050.0,39.612500000000004,38.56583333333334,37.509166666666665,0.37673780228175957,0.39244810340325736,-0.015710301121497794
2025-07-02 10:08:00,40.75,40.75,40.75,40.75,10,407.5,39.7,38.627500000000005,37.526875,0.4249750209218419,0.39895348690697435,0.026021534014867564
2025-07-03 10:23:00,40.1,40.1,40.1,40.1,1000,40100.0,39.747499999999995,38.678333333333335,37.541875,0.4060728415552859,0.4003773578366367,0.005695483718649197
2025-07-03 10:25:00,40.85,40.85,40.85,40.85,10,408.5,39.832499999999996,38.73583333333333,37.559999999999995,0.44646489086576224,0.4095948644424618,0.03687002642330045
2025-07-03 12:22:00,40.1,40.1,40.1,40.1,425,17042.5,39.88,38.78333333333333,37.58020833333333,0.4131941045321881,0.41031471246040707,0.002879392071781006
2025-07-03 12:29:00,40.1,40.1,40.1,40.1,500,20050.0,39.932500000000005,38.81916666666666,37.60041666666667,0.38241848441862203,0.40473546685205014,-0.022316982433428112
2025-07-03 13:40:00,40.85,40.85,40.85,40.85,500,20425.0,39.995000000000005,38.88250000000001,37.623124999999995,0.413777545760766,0.4065438826337933,0.007233663126972656
2025-07-03 13:56:00,40.15,40.3,40.15,40.3,6000,241350.0,40.03,38.91916666666667,37.64458333333334,0.3897565534133278,0.40318641678970024,-0.01342986337637242
2025-07-04 10:16:00,40.9,40.9,40.9,40.9,10,409.0,40.095,38.96583333333333,37.668125,0.41435826535293074,0.4054207865023464,0.008937478850584324
2025-07-04 12:06:00,40.05,40.05,40.05,40.05,1000,40050.0,40.1375,38.99750000000001,37.68770833333333,0.36110481156939755,0.3965575915157567,-0.03545277994635915
2025-07-04 13:04:00,40.0,40.0,40.0,40.0,3000,120000.0,40.1425,39.0275,37.70791666666666,0.3112782616071499,0.3795017255340354,-0.0682234639268855
2025-07-04 13:19:00,39.95,39.95,39.95,39.95,100,3995.0,40.19,39.056666666666665,37.72708333333333,0.264704431732369,0.35654226677370215,-0.09183783504133314
2025-07-07 09:02:00,39.95,39.95,39.9,39.9,2000,79850.0,40.184999999999995,39.085,37.74604166666666,0.22120978517256162,0.3294757704534741,-0.10826598528091247
2025-07-07 10:17:00,39.5,39.5,39.5,39.5,400,15800.0,40.154999999999994,39.10916666666667,37.76333333333333,0.15270304174054417,0.29412122471088814,-0.14141818297034398
2025-07-07 10:29:00,39.5,39.5,39.5,39.5,250,9875.0,40.1325,39.130833333333335,37.780625,0.09728946165289898,0.2547548720992903,-0.15746541044639134
2025-07-07 10:38:00,39.5,39.5,39.5,39.5,500,19750.0,40.1025,39.1475,37.798541666666665,0.05276555176480713,0.21435700803239366,-0.16159145626758653
2025-07-07 10:39:00,39.5,39.5,39.5,39.5,1000,39500.0,40.0725,39.182500000000005,37.81583333333333,0.017280829752607474,0.1749417723764364,-0.15766094262382893
2025-07-08 09:18:00,39.15,39.15,39.15,39.15,3000,117450.0,40.03,39.21000000000001,37.83145833333333,-0.038637751080344174,0.1322258676850803,-0.17086361876542447
2025-07-08 09:25:00,39.65,39.65,39.65,39.65,3000,118950.0,40.025,39.245,37.850833333333334,-0.04212224887162819,0.0973562443737386,-0.1394784932453668
2025-07-08 10:00:00,39.15,39.15,39.15,39.15,1000,39150.0,39.995,39.274166666666666,37.86666666666667,-0.08425828276654812,0.06103333894568126,-0.14529162171222937
2025-07-08 10:09:00,39.15,39.15,39.15,39.15,2000,78300.0,39.9475,39.29333333333333,37.8825,-0.11631063658431628,0.025564543839681746,-0.14187518042399802
2025-07-08 10:23:00,39.3,39.3,39.3,39.3,4000,157200.0,39.875,39.315000000000005,37.89895833333333,-0.12813159029813193,-0.0051746829878809965,-0.12295690731025093
2025-07-08 11:52:00,39.15,39.15,39.15,39.15,2000,78300.0,39.8275,39.33416666666666,37.91458333333333,-0.14789864417308252,-0.03371947522492131,-0.11417916894816121
2025-07-08 11:54:00,39.15,39.3,39.15,39.3,2000,78450.0,39.75,39.3475,37.93083333333333,-0.14973438559449903,-0.05692245729883687,-0.09281192829566216
2025-07-08 11:56:00,39.1,39.1,39.1,39.1,3000,117300.0,39.7,39.36583333333333,37.94625,-0.1654206857327125,-0.07862210298561201,-0.0867985827471005
2025-07-08 11:57:00,39.05,39.05,39.05,39.05,3000,117150.0,39.647499999999994,39.377500000000005,37.95979166666667,-0.17981398999219778,-0.09886048038692917,-0.0809535096052686
2025-07-08 12:28:00,39.0,39.0,39.0,39.0,1000,39000.0,39.55499999999999,39.39083333333334,37.973124999999996,-0.19303023703318445,-0.11769443171618023,-0.07533580531700422
2025-07-08 13:04:00,39.0,39.0,39.0,39.0,2000,78000.0,39.489999999999995,39.39916666666667,37.9875,-0.2011850717572301,-0.1343925597243902,-0.0667925120328399
2025-07-09 09:37:00,39.4,39.4,39.4,39.4,10,394.0,39.415,39.414166666666674,38.00416666666667,-0.1733726480024842,-0.142188577380009,-0.03118407062247519
2025-07-10 09:11:00,38.95,39.0,38.95,39.0,1400,54550.0,39.3625,39.42166666666667,38.01770833333333,-0.18151536274731228,-0.15005393445346968,-0.0314614282938426
2025-07-10 09:29:00,39.0,39.2,39.0,39.2,4000,156400.0,39.3225,39.43083333333333,38.031875,-0.16987201546479724,-0.1540175506557352,-0.015854464809062052
2025-07-10 09:34:00,38.45,38.6,38.45,38.6,3000,115650.0,39.255,39.42999999999999,38.04416666666667,-0.20667711926949295,-0.16454946437848675,-0.0421276548910062
2025-07-10 15:00:00,38.6,38.6,38.6,38.6,5,193.0,39.190000000000005,39.42833333333333,38.05291666666667,-0.23315773200229728,-0.17827111790324887,-0.05488661409904841
2025-07-11 10:48:00,39.15,39.15,39.15,39.15,10,391.5,39.1725,39.454166666666666,38.06395833333333,-0.2073729387644434,-0.1840914820754878,-0.023281456688955593
2025-07-14 10:24:00,39.35,39.35,39.35,39.35,10,393.5,39.165000000000006,39.464999999999996,38.079375000000006,-0.16885353735284525,-0.1810438931309593,0.01219035577811406
2025-07-14 14:18:00,38.4,38.8,38.4,38.8,7000,270800.0,39.13,39.485,38.086875,-0.18062490619159632,-0.18096009574308675,0.0003351895514904224
2025-07-14 14:19:00,38.4,38.4,38.4,38.4,500,19200.0,39.075,39.498333333333335,38.096250000000005,-0.21969791703458696,-0.1887076600013868,-0.030990257033200158
2025-07-14 14:25:00,38.6,38.6,38.6,38.6,500,19300.0,39.0475,39.515,38.10645833333333,-0.2318525788969339,-0.19733664378049626,-0.034515935116437635
2025-07-15 10:37:00,39.15,39.15,39.15,39.15,10,391.5,39.022499999999994,39.5225,38.115625,-0.19485862361646866,-0.19684103974769077,0.0019824161312221034
2025-07-16 10:39:00,39.45,39.45,39.45,39.45,10,394.5,39.0375,39.529999999999994,38.130625,-0.13972252049227052,-0.18541733589660675,0.04569481540433623
2025-07-17 10:18:00,39.45,39.45,39.45,39.45,10,394.5,39.052499999999995,39.5375,38.14104166666666,-0.09493243946342744,-0.1673203566099709,0.07238791714654347
2025-07-18 09:11:00,38.05,38.05,38.05,38.05,3000,114150.0,38.99,39.52166666666666,38.15020833333334,-0.17043955615635298,-0.16794419651924733,-0.0024953596371056486
2025-07-18 09:12:00,38.2,38.2,38.2,38.2,3000,114600.0,38.942499999999995,39.50583333333334,38.15541666666666,-0.21568941047524248,-0.1774932393104464,-0.038196171164796094
2025-07-18 09:30:00,38.65,38.65,38.65,38.65,3000,115950.0,38.910000000000004,39.497499999999995,38.16312500000001,-0.2127861406626792,-0.18455181958089298,-0.028234321081786223
2025-07-18 09:31:00,38.5,39.0,38.5,39.0,5000,194000.0,38.905,39.495,38.170833333333334,-0.18016635786750612,-0.18367472723821562,0.003508369370709502
2025-07-18 09:49:00,38.85,38.85,38.85,38.85,1000,38850.0,38.895,39.49166666666667,38.17854166666666,-0.1645221820836298,-0.17984421820729848,0.015322036123668697
2025-07-18 10:17:00,38.85,38.85,38.85,38.85,400,15540.0,38.8875,39.479166666666664,38.18729166666666,-0.1503904525426023,-0.17395346507435927,0.023563012531756966
2025-07-18 10:32:00,38.85,38.85,38.85,38.85,1000,38850.0,38.88,39.46666666666667,38.194375,-0.13760473335754853,-0.16668371873099713,0.029078985373448607
2025-07-18 10:37:00,39.15,39.15,39.15,39.15,1000,39150.0,38.8675,39.45916666666667,38.202708333333334,-0.10208766296062777,-0.15376450757692328,0.051676844616295514
2025-07-18 10:41:00,39.15,39.15,39.15,39.15,396,15503.4,38.875,39.458333333333336,38.21104166666667,-0.07309750623414146,-0.13763110730836692,0.06453360107422546
2025-07-18 10:45:00,38.75,38.75,38.75,38.75,885,34293.75,38.8525,39.43916666666667,38.217708333333334,-0.08146023237453903,-0.12639693232160135,0.044936699947062314
2025-07-18 10:46:00,39.15,39.15,39.0,39.0,4000,156150.0,38.8725,39.43916666666667,38.22541666666666,-0.0671408841098966,-0.1145457226792604,0.0474048385693638
2025-07-18 10:47:00,39.0,39.0,39.0,39.0,2000,78000.0,38.8925,39.42250000000001,38.233124999999994,-0.05515688322893908,-0.10266795478919614,0.047511071560257065
2025-07-18 10:58:00,39.15,39.15,39.15,39.15,76,2975.4,38.8925,39.40666666666666,38.24125000000001,-0.033173328313900186,-0.08876902949413697,0.05559570118023678
2025-07-18 11:03:00,38.75,38.75,38.75,38.75,3000,116250.0,38.8625,39.38666666666666,38.24791666666667,-0.04748053368457761,-0.0805113303322251,0.03303079664764749
2025-07-18 11:04:00,38.9,38.9,38.9,38.9,3000,116700.0,38.8675,39.36666666666667,38.255833333333335,-0.04618298195295267,-0.07364566065637061,0.02746267870341794
2025-07-21 09:14:00,38.65,38.65,38.65,38.65,506,19556.9,38.88,39.3425,38.26145833333333,-0.06458309974780008,-0.07183314847465651,0.007250048726856431
2025-07-21 09:35:00,38.05,38.3,38.05,38.2,5000,190650.0,38.86,39.3125,38.26520833333334,-0.11416059260988476,-0.08029863730170217,-0.03386195530818259
2025-07-21 10:07:00,38.15,38.3,38.15,38.3,6000,229350.0,38.8175,39.288333333333334,38.270625,-0.1437251742812009,-0.09298394469760193,-0.050741229583598974
2025-07-21 10:08:00,38.3,38.3,38.15,38.15,3000,114600.0,38.7525,39.26166666666667,38.27916666666667,-0.17721622631108147,-0.10983040102029785,-0.06738582529078362
2025-07-21 10:15:00,38.05,38.05,38.05,38.05,85,3234.25,38.6825,39.22749999999999,38.28291666666667,-0.20941330438223105,-0.1297469816926845,-0.07966632268954654
2025-07-21 13:33:00,39.1,39.1,39.1,39.1,1,39.1,38.735,39.2,38.290416666666665,-0.14849177518576084,-0.13349594039129978,-0.014995834794461066
2025-07-21 13:34:00,39.1,39.1,39.1,39.1,2,78.2,38.78,39.18333333333333,38.297916666666666,-0.09906901840577831,-0.1266105559941955,0.02754153758841718
2025-07-21 13:35:00,39.1,39.1,39.1,39.1,1,39.1,38.802499999999995,39.15416666666667,38.30625,-0.059218493653311555,-0.11313214352601869,0.05391364987270714
2025-07-22 11:06:00,39.1,39.1,39.1,39.1,10,391.0,38.8075,39.1375,38.31458333333333,-0.027321717922418998,-0.09597005840529875,0.06864834048287975
2025-07-23 10:40:00,39.15,39.15,39.15,39.15,10,391.5,38.8225,39.12166666666667,38.32125,0.001968596031098002,-0.0763823275180194,0.07835092354911741
2025-07-23 12:14:00,38.8,38.8,38.8,38.8,1000,38800.0,38.82,39.0875,38.326249999999995,-0.0030258143589492192,-0.06171102488620537,0.05868521052725615
2025-07-24 11:31:00,39.15,39.15,39.15,39.15,10,391.5,38.835,39.068333333333335,38.3325,0.0210158961828526,-0.04516564067239377,0.06618153685524637
2025-07-24 12:01:00,38.0,38.0,38.0,38.0,1000,38000.0,38.7775,39.019999999999996,38.33395833333334,-0.05212539494459634,-0.046557591526834294,-0.005567803417762043
2025-07-24 13:00:00,38.0,38.8,38.0,38.8,8000,306400.0,38.760000000000005,38.99916666666666,38.339375000000004,-0.045018139902630594,-0.04624970120199356,0.001231561299362964
2025-07-24 13:01:00,38.8,38.8,38.8,38.8,2000,77600.0,38.7625,38.979166666666664,38.344791666666666,-0.03893675045490852,-0.04478711105257655,0.005850360597668032
2025-07-24 13:36:00,38.8,38.8,38.8,38.8,1000,38800.0,38.752500000000005,38.96,38.350208333333335,-0.03372840544082578,-0.042575369930226405,0.008846964489400623
2025-07-25 13:02:00,39.15,39.15,39.15,39.15,10,391.5,38.76,38.9475,38.357083333333335,-0.0013431960372969343,-0.03432893515164051,0.032985739114343576
2025-07-25 13:25:00,39.15,39.15,39.15,39.15,1000,39150.0,38.76,38.94166666666667,38.363958333333336,0.024045138350501816,-0.022654120451212047,0.04669925880171386
2025-07-28 09:01:00,39.15,39.15,39.15,39.15,1000,39150.0,38.779999999999994,38.935833333333335,38.37083333333333,0.04366226485547031,-0.009390843389875572,0.053053108245345884
2025-07-28 10:53:00,39.15,39.15,39.15,39.15,1000,39150.0,38.7925,38.92999999999999,38.37770833333334,0.05853423274562175,0.004194171837223897,0.05434006090839785
2025-07-28 11:38:00,39.15,39.15,39.0,39.0,10000,390750.0,38.81,38.92166666666666,38.38395833333334,0.05755319069094611,0.014865975607968342,0.042687215082977764
2025-07-28 11:40:00,39.35,39.35,39.1,39.1,4185,164383.5,38.855,38.920833333333334,38.390208333333334,0.0641058991587613,0.02471396031812694,0.03939193884063436
2025-07-28 11:41:00,39.15,39.15,39.15,39.15,2500,97875.0,38.8975,38.9125,38.40145833333334,0.07249783999071013,0.03427073625264359,0.038227103738066544
2025-07-28 11:54:00,39.0,39.0,39.0,39.0,400,15600.0,38.94,38.91,38.41208333333334,0.06628072423237086,0.04067273384858905,0.02560799038378181
2025-07-28 12:28:00,39.3,39.3,39.15,39.15,2000,78450.0,38.995,38.91,38.42333333333333,0.0726202406697638,0.047062235212824,0.0255580054569398
2025-07-29 09:06:00,39.4,39.4,39.4,39.4,1000,39400.0,39.010000000000005,38.91166666666666,38.435624999999995,0.09670253713017019,0.05699029559629325,0.03971224153387694
2025-07-29 11:30:00,38.15,38.15,38.15,38.15,1000,38150.0,38.9625,38.895,38.442708333333336,0.014753310287133559,0.04854289853446131,-0.03378958824732775
2025-07-29 13:43:00,39.4,39.4,39.4,39.4,1000,39400.0,38.9775,38.89666666666667,38.454791666666665,0.05009504640398177,0.04885332810836541,0.0012417182956163605
2025-07-29 13:50:00,39.4,39.4,39.4,39.4,1000,39400.0,38.99249999999999,38.901666666666664,38.466875,0.07721355707782607,0.05452537390225754,0.022688183175568526
2025-07-30 09:07:00,38.9,38.9,38.9,38.9,1000,38900.0,38.980000000000004,38.899166666666666,38.476875,0.057694287012282075,0.055159156524262454,0.0025351304880196213
2025-07-30 09:09:00,38.9,39.0,38.9,39.0,3000,116800.0,38.99,38.899166666666666,38.48875,0.04972113482973839,0.05407155218535765,-0.0043504173556192585
2025-07-30 12:25:00,39.1,39.1,39.1,39.1,3000,117300.0,38.9875,38.90083333333333,38.495000000000005,0.05088494853482217,0.05343423145525056,-0.0025492829204283862
2025-07-30 12:36:00,39.15,39.15,39.15,39.15,1000,39150.0,39.045,38.89666666666666,38.505833333333335,0.05520548692444294,0.053788482549089044,0.0014170043753538933
2025-07-30 14:27:00,39.0,39.0,39.0,39.0,2085,81315.0,39.055,38.89666666666666,38.516666666666666,0.045995589800355674,0.052229903999342374,-0.0062343141989867
2025-07-31 09:39:00,38.3,38.5,38.3,38.5,2000,76800.0,39.040000000000006,38.885,38.520833333333336,-0.001630347716236713,0.041457853656226555,-0.04308820137246327
2025-07-31 12:31:00,38.35,38.35,38.35,38.35,1000,38350.0,39.0175,38.880833333333335,38.52416666666667,-0.050891348930470315,0.022988013138887178,-0.0738793620693575
2025-07-31 14:37:00,38.35,38.5,38.3,38.5,8000,306950.0,38.985,38.87916666666667,38.52791666666667,-0.07694038009341853,0.003002334492426032,-0.07994271458584455
2025-07-31 14:59:00,38.25,38.4,38.25,38.4,4000,153150.0,38.947500000000005,38.86666666666667,38.53104166666667,-0.10444955972143788,-0.018488044350346757,-0.08596151537109112
2025-07-31 15:00:00,38.2,38.35,38.15,38.35,6000,229250.0,38.9075,38.85,38.53458333333334,-0.12880063139898823,-0.040550561760075064,-0.08825006963891316
2025-08-14 09:16:00,38.95,38.95,38.95,38.95,1000,38950.0,38.8975,38.8525,38.540625,-0.09854804503354586,-0.05215005841476924,-0.04639798661877662
2025-08-14 11:57:00,39.65,39.65,39.5,39.5,4000,158450.0,38.9225,38.87083333333333,38.54895833333333,-0.029848177709823176,-0.047689682273780024,0.017841504563956848
2025-08-04 10:02:00,39.15,39.15,39.15,39.15,10,391.5,38.925,38.88,38.55583333333333,-0.0036035730805750177,-0.03887246043513903,0.03526888735456401
2025-08-04 10:28:00,39.15,39.15,39.15,39.15,1000,39150.0,38.925,38.879999999999995,38.56270833333334,0.016999505453227925,-0.027698067257465635,0.044697572710693564
2025-08-29 09:14:00,37.15,37.15,37.15,37.15,50,1857.5,38.8325,38.84166666666667,38.56125,-0.1265963675525157,-0.047477727316475656,-0.07911864023604004
2025-08-29 09:15:00,37.15,37.15,37.15,37.15,50,1857.5,38.7325,38.80333333333333,38.56041666666667,-0.23765756301226304,-0.08551369445563314,-0.1521438685566299
2025-08-29 09:43:00,37.15,37.15,36.8,37.1,10000,370300.0,38.6175,38.7875,38.559375,-0.325951575831013,-0.13360127073070913,-0.19235030510030385
2025-08-29 10:46:00,37.0,37.0,37.0,37.0,3000,111000.0,38.56,38.7675,38.557291666666664,-0.3993904568048947,-0.18675910794554626,-0.21263134885934845
2025-08-29 15:00:00,37.0,37.0,37.0,37.0,1000,37000.0,38.440000000000005,38.74,38.55375,-0.4523765834162816,-0.23988260303969336,-0.21249398037658826
2025-08-11 11:12:00,39.55,39.55,39.55,39.55,10,395.5,38.447500000000005,38.749166666666675,38.560833333333335,-0.28531583835778207,-0.2489692501033111,-0.03634658825447096
2025-08-11 12:34:00,38.85,39.0,38.85,39.0,6000,233550.0,38.4525,38.751666666666665,38.565000000000005,-0.1950509715642781,-0.23818559439550455,0.04313462283122646
2025-08-11 12:38:00,39.15,39.15,39.0,39.0,4000,156450.0,38.4525,38.75416666666667,38.57,-0.12210783123815361,-0.21497004176403436,0.09286221052588076
2025-08-11 13:13:00,38.85,38.85,38.85,38.85,1000,38850.0,38.440000000000005,38.75416666666667,38.573541666666664,-0.07553291695143827,-0.18708261680151514,0.11154969985007687
2025-08-11 13:19:00,38.85,38.85,38.85,38.85,1000,38850.0,38.425,38.74916666666666,38.577083333333334,-0.03818182550797644,-0.15730245854280742,0.11912063303483097
2025-08-11 13:56:00,39.55,39.55,39.55,39.55,4,158.2,38.4525,38.755833333333335,38.58416666666666,0.047357426483429776,-0.11637048153755998,0.16372790802098974
2025-08-18 10:28:00,40.3,40.3,40.3,40.3,10,403.0,38.5425,38.78166666666666,38.59,0.17366473301248675,-0.05836343862755062,0.23202817164003736
2025-08-18 11:41:00,38.9,38.9,38.9,38.9,2000,77800.0,38.57000000000001,38.779999999999994,38.59,0.15896345199665518,-0.014898060502709448,0.17386151249936463
2025-08-18 13:33:00,38.85,38.85,38.85,38.85,500,19425.0,38.5875,38.777499999999996,38.592916666666675,0.14164520103556555,0.01641059180494556,0.12523460923062
2025-08-18 14:43:00,38.75,39.0,38.75,39.0,6000,233250.0,38.61749999999999,38.775,38.60062500000001,0.138428392436019,0.04081415193116026,0.09761424050485876
2025-08-18 14:48:00,38.75,38.75,38.75,38.75,1000,38750.0,38.6375,38.775,38.603125,0.114387549317442,0.05552883140841662,0.058858717909025374
2025-08-27 09:18:00,37.35,37.35,37.35,37.35,100,3735.0,38.5575,38.749166666666675,38.59979166666666,-0.0174323425767966,0.04093659661137397,-0.05836893918817057
2025-08-27 09:30:00,37.35,37.35,37.2,37.2,5000,186300.0,38.4425,38.725,38.59375,-0.13247718844747425,0.006253839599604318,-0.13873102804707857
2025-08-27 09:31:00,37.4,37.4,37.4,37.4,3000,112200.0,38.355000000000004,38.71166666666667,38.594791666666666,-0.20514791169718194,-0.03602651065975295,-0.16912140103742898
2025-08-27 09:44:00,36.85,37.0,36.85,36.85,8245,304165.0,38.24,38.6875,38.59354166666667,-0.30362043946607287,-0.08954529642101695,-0.21407514304505593
2025-08-27 09:45:00,36.85,37.0,36.85,36.85,7000,258400.0,38.225,38.66583333333333,38.58604166666667,-0.37731121832242565,-0.1470984808012987,-0.23021273752112695
2025-08-27 11:56:00,36.45,36.45,36.45,36.45,4,145.8,38.19,38.639166666666675,38.579583333333325,-0.4626551479868368,-0.21020981423840637,-0.2524453337484305
2025-08-27 12:08:00,36.45,36.85,36.45,36.85,2660,97221.0,38.177499999999995,38.60166666666667,38.57416666666666,-0.49233879489784727,-0.2666356103702946,-0.22570318452755267
2025-08-27 12:44:00,36.65,36.8,36.65,36.8,2511,92216.54999999999,38.1675,38.563333333333325,38.56854166666667,-0.513973118889119,-0.3161031120740595,-0.1978700068150595
2025-08-27 13:08:00,37.0,37.0,37.0,37.0,3000,111000.0,38.1675,38.52833333333333,38.566875,-0.5091114283536271,-0.3547047753299731,-0.15440665302365403
2025-08-27 13:09:00,36.85,36.85,36.85,36.85,3000,110550.0,38.0325,38.490833333333335,38.56020833333333,-0.5114663838787692,-0.38605709703973234,-0.12540928683903685
2025-08-27 14:37:00,36.8,36.8,36.8,36.8,38,1398.4,37.9225,38.45166666666667,38.55375,-0.5114713617531237,-0.41113994998241066,-0.10033141177071303
2025-08-20 09:18:00,38.5,38.5,38.5,38.5,3000,115500.0,37.8975,38.446666666666665,38.55437500000001,-0.37003399271733173,-0.4029187585293949,0.03288476581206318
2025-08-20 09:34:00,38.35,38.5,38.35,38.5,6000,230550.0,37.88,38.435833333333335,38.553958333333334,-0.2550043276013483,-0.3733358723437856,0.11833154474243734
2025-08-20 11:20:00,38.75,38.75,38.75,38.75,1000,38750.0,37.875,38.44833333333334,38.559583333333336,-0.14203231843524122,-0.3270751615620768,0.18504284312683555
2025-08-08 09:07:00,38.75,38.75,38.75,38.75,1000,38750.0,37.835,38.4475,38.56520833333333,-0.051902883123510435,-0.2720407058743635,0.22013782275085308
2025-08-08 09:43:00,39.15,39.15,39.15,39.15,3000,117450.0,37.7775,38.45333333333333,38.567708333333336,0.051211664577969884,-0.20739023178389682,0.2586018963618667
2025-08-08 10:12:00,38.8,38.8,38.8,38.8,200,7760.0,37.772499999999994,38.45333333333334,38.573541666666664,0.10349557899277784,-0.1452130696285619,0.24870864862133973
2025-08-08 11:23:00,38.8,38.8,38.8,38.8,600,23280.0,37.77,38.4475,38.579375000000006,0.14327932300447088,-0.08751459110195534,0.23079391410642622
2025-08-22 10:44:00,37.85,37.85,37.85,37.85,1000,37850.0,37.7125,38.42583333333333,38.57625,0.09703263443237375,-0.050605145995089515,0.14763778042746328
2025-08-22 10:52:00,37.85,38.1,37.85,38.1,8000,303550.0,37.68,38.40833333333333,38.57416666666666,0.07963670880543816,-0.024556775034983973,0.10419348384042214
2025-08-22 10:53:00,38.1,38.1,38.1,38.1,2000,76200.0,37.7175,38.39083333333334,38.57208333333333,0.0650998815044943,-0.006625443727088313,0.07172532523158262
2025-08-22 10:54:00,38.1,38.1,38.1,38.1,1000,38100.0,37.7625,38.37583333333334,38.57,0.05296875035413251,0.005293395089155856,0.047675355264976654
2025-08-22 13:00:00,38.25,38.25,38.1,38.1,6000,229050.0,37.7975,38.35916666666666,38.56791666666667,0.042860670388989774,0.012806850149122641,0.030053820239867135
2025-08-12 09:03:00,38.7,38.7,38.7,38.7,3000,116100.0,37.89,38.351666666666674,38.568333333333335,0.0823160416939217,0.026708688458082462,0.05560735323583924
2025-08-12 09:04:00,38.65,39.0,38.65,39.0,9000,349800.0,37.997499999999995,38.351666666666674,38.57520833333333,0.1362219190217857,0.048611334570823124,0.08761058445096259
2025-08-12 09:06:00,38.6,38.6,38.55,38.55,6000,231450.0,38.102500000000006,38.34166666666667,38.58104166666667,0.14100604605618372,0.06709027686789525,0.07391576918828847
2025-08-12 09:07:00,38.7,39.45,38.55,39.45,11000,427500.0,38.2325,38.3425,38.589166666666664,0.21494225901981423,0.09666067329827906,0.11828158572153517
2025-08-12 13:14:00,38.9,38.9,38.9,38.9,1000,38900.0,38.3375,38.355,38.595000000000006,0.22654536309081408,0.12263761125678607,0.103907751834028
2025-08-12 13:15:00,39.0,39.0,39.0,39.0,3000,117000.0,38.4375,38.34833333333333,38.60125000000001,0.24103160858130224,0.14631641072168933,0.09471519785961291
2025-08-12 14:11:00,38.85,39.0,38.85,39.0,7000,272100.0,38.545,38.34166666666667,38.60541666666667,0.24963443215839476,0.16698001500903042,0.08265441714936433
2025-08-12 14:39:00,39.35,39.35,39.35,39.35,3000,118050.0,38.6725,38.34916666666667,38.61125,0.28144992718707584,0.18987399744463954,0.09157592974243631
2025-08-15 09:36:00,39.0,39.0,39.0,39.0,1000,39000.0,38.6975,38.34916666666667,38.613749999999996,0.27524896258348264,0.20694899047240817,0.06829997211107447
2025-08-15 09:43:00,39.35,39.5,39.0,39.0,9000,353550.0,38.7225,38.347500000000004,38.61604166666666,0.26725391666803233,0.21900997571153302,0.04824394095649931
2025-08-15 09:53:00,39.0,39.5,39.0,39.0,15000,586950.0,38.735,38.345000000000006,38.61729166666667,0.2579443631255174,0.22679685319432993,0.03114750993118745
2025-08-15 09:54:00,38.95,39.5,38.95,39.5,7000,274450.0,38.772499999999994,38.35333333333334,38.620625,0.2875970563543149,0.23895689382632693,0.048640162527987946
2025-08-15 10:02:00,39.65,39.65,39.5,39.5,6000,237450.0,38.79,38.370000000000005,38.626875,0.30755176408223406,0.2526758678775084,0.05487589620472566
2025-08-15 10:03:00,39.65,39.65,39.5,39.5,12000,474900.0,38.825,38.389166666666675,38.629999999999995,0.31968093094506145,0.266076880491019,0.05360405045404243
2025-08-15 10:04:00,39.65,39.65,39.5,39.5,24000,949800.0,38.86,38.40583333333334,38.63625,0.3255407519236826,0.27796965477755176,0.047571097146130836
2025-08-15 10:05:00,39.65,39.65,39.5,39.5,11000,435400.0,38.9425,38.42416666666667,38.6425,0.326421913637148,0.287660106549471,0.038761807087677014
2025-08-15 10:32:00,39.65,39.65,39.5,39.5,6000,237450.0,39.0125,38.44333333333334,38.64874999999999,0.32339237465325255,0.2948065601702273,0.028585814483025218
2025-08-15 11:14:00,39.35,39.35,39.35,39.35,1000,39350.0,39.075,38.45,38.65395833333333,0.3053676090715314,0.29691876995048816,0.008448839121043217
2025-08-15 11:16:00,39.35,39.35,39.35,39.35,400,15740.0,39.1375,38.4475,38.663125,0.28776566898248035,0.29508814975688663,-0.007322480774406281
2025-08-15 11:22:00,39.35,39.35,39.35,39.35,2000,78700.0,39.2,38.45083333333333,38.67270833333334,0.2706955943374041,0.29020963867299016,-0.019514044335586067
2025-08-15 11:23:00,39.35,39.5,39.35,39.5,3800,149980.0,39.24,38.45666666666667,38.68104166666667,0.26620256611875703,0.28540822416214356,-0.01920565804338653
2025-08-15 11:26:00,39.65,39.65,39.5,39.5,4700,186100.0,39.265,38.49583333333333,38.687083333333334,0.25964873983784287,0.28025632729728345,-0.02060758745944058
2025-08-15 12:07:00,39.65,39.65,39.5,39.5,5000,197950.0,39.3125,38.535,38.697291666666665,0.2515550156594841,0.2745160649697236,-0.022961049310239456
2025-08-15 12:36:00,39.65,39.65,39.5,39.5,5680,224810.0,39.315000000000005,38.575,38.703125,0.24234705494242803,0.26808226296426446,-0.02573520802183643
2025-08-15 13:41:00,39.35,39.5,39.35,39.5,5000,197050.0,39.345000000000006,38.61666666666667,38.71145833333333,0.23237105090551324,0.2609400205525142,-0.028568969647000952
2025-08-01 10:41:00,38.9,38.9,38.9,38.9,10,389.0,39.34,38.64833333333333,38.718333333333334,0.1740437423192489,0.24356076490586115,-0.06951702258661224
2025-08-01 12:57:00,38.35,38.35,38.35,38.35,2000,76700.0,39.307500000000005,38.62833333333333,38.719375,0.0824876601810729,0.21134614396090354,-0.12885848377983064
2025-08-01 12:58:00,38.5,38.5,38.5,38.5,1000,38500.0,39.265,38.62,38.72541666666667,0.021781468646260294,0.1734332088979749,-0.1516517402517146
2025-08-19 13:06:00,38.85,39.0,38.85,39.0,6000,233550.0,39.265,38.62,38.729166666666664,0.013857455692807719,0.14151805825694147,-0.12766060256413375
2025-08-19 13:07:00,38.75,39.0,38.75,39.0,10000,388500.0,39.265,38.622499999999995,38.73291666666667,0.007491263712836371,0.11471269934812045,-0.10722143563528408
2025-08-19 13:08:00,38.7,38.7,38.7,38.7,3000,116100.0,39.25,38.620000000000005,38.73979166666666,-0.021513487994688774,0.0874674618795586,-0.10898094987424738
2025-08-19 13:09:00,38.45,38.75,38.45,38.75,3050,117287.5,39.2125,38.60666666666667,38.746249999999996,-0.04000423662029817,0.061973122179587246,-0.10197735879988543
2025-08-19 13:10:00,38.35,38.35,38.35,38.35,3000,115050.0,39.155,38.57416666666667,38.74729166666667,-0.08594423355923198,0.0323896510318234,-0.11833388459105537
2025-08-19 13:21:00,38.5,38.5,38.5,38.5,3000,115500.0,39.105000000000004,38.5675,38.748958333333334,-0.10899187522296216,0.004113345780866277,-0.11310522100382844
2025-08-19 13:22:00,38.35,38.35,38.35,38.35,3000,115050.0,39.0475,38.55916666666667,38.75,-0.13777288364641294,-0.024263900104589575,-0.11350898354182336
2025-08-19 13:25:00,38.5,38.5,38.5,38.5,3000,115500.0,38.9975,38.55083333333334,38.75625,-0.14678623345229624,-0.04876836677413092,-0.09801786667816532
2025-08-19 14:04:00,38.35,38.35,38.35,38.35,3000,115050.0,38.940000000000005,38.54416666666667,38.75729166666667,-0.1641410091298141,-0.07184289524526757,-0.09229811388454653
2025-08-21 09:51:00,39.4,39.4,39.4,39.4,10,394.0,38.9425,38.57833333333333,38.76270833333333,-0.09210681902952444,-0.07589568000211895,-0.016211139027405494
2025-08-21 10:10:00,38.1,38.1,38.05,38.05,6000,228450.0,38.8775,38.5925,38.766875,-0.14231243283665407,-0.08917903056902599,-0.05313340226762808
2025-08-21 10:29:00,37.55,38.1,37.5,38.1,4050,152055.0,38.815,38.604166666666664,38.769999999999996,-0.17603691735406812,-0.10655060792603444,-0.06948630942803369
2025-08-21 10:46:00,38.1,38.2,38.1,38.2,5000,190800.0,38.75,38.626666666666665,38.77041666666666,-0.19247590759017896,-0.12373566785886336,-0.0687402397313156
2025-08-25 09:29:00,37.6,37.6,37.45,37.45,11000,412700.0,38.647499999999994,38.63666666666667,38.77208333333333,-0.2629910605376651,-0.15158674639462374,-0.11140431414304133
2025-08-25 09:30:00,37.45,37.45,37.45,37.45,6000,224700.0,38.545,38.65333333333333,38.771458333333335,-0.3152409261171769,-0.1843175823391344,-0.13092334377804252
2025-08-25 09:31:00,37.45,37.6,37.45,37.6,13000,488500.0,38.45,38.66583333333333,38.77375,-0.34061912933626104,-0.21557789173855973,-0.1250412375977013
2025-08-25 09:43:00,37.45,37.45,37.45,37.45,500,18725.0,38.3475,38.67666666666667,38.77541666666666,-0.3685864494727298,-0.2461796032853938,-0.122406846187336
2025-08-25 09:49:00,37.65,37.65,37.65,37.65,100,3765.0,38.285000000000004,38.6875,38.77645833333334,-0.3703433361953543,-0.2710123498673859,-0.09933098632796838
2025-08-25 09:50:00,37.65,37.65,37.65,37.65,100,3765.0,38.25,38.70083333333333,38.778125,-0.36749937751712025,-0.2903097553973328,-0.07718962211978747
2025-08-25 09:59:00,37.65,37.65,37.65,37.65,100,3765.0,38.207499999999996,38.715,38.776875000000004,-0.36108317766930753,-0.3044644398517278,-0.056618737817579756
2025-08-25 10:19:00,37.65,37.65,37.65,37.65,5000,188250.0,38.14,38.700833333333335,38.779374999999995,-0.35194133245897774,-0.31395981837317777,-0.03798151408579997
2025-08-25 11:14:00,37.5,37.5,37.5,37.5,3000,112500.0,38.065,38.68416666666667,38.776875,-0.35273400265077726,-0.3217146552286977,-0.03101934742207957
2025-08-25 12:46:00,38.0,38.0,38.0,38.0,130,4940.0,38.03,38.67166666666667,38.77645833333334,-0.30944923995032525,-0.3192615721730232,0.00981233222269795
2025-08-13 10:16:00,39.4,39.4,39.2,39.2,3250,128000.0,38.0525,38.67916666666667,38.780833333333334,-0.17628369378957132,-0.29066599649633285,0.11438230270676153
2025-08-13 10:24:00,39.55,39.55,39.55,39.55,3000,118650.0,38.1125,38.685833333333335,38.786458333333336,-0.04202255427570378,-0.24093730805220703,0.19891475377650325
2025-08-13 10:25:00,39.6,39.65,39.6,39.65,6000,237750.0,38.17,38.7,38.7925,0.07162389467988817,-0.178425067505788,0.2500489621856762
2025-08-13 10:27:00,39.5,39.5,39.5,39.5,400,15800.0,38.2275,38.71166666666667,38.797916666666666,0.147881096628808,-0.11316383467886879,0.2610449313076768
2025-08-13 10:53:00,39.5,39.5,39.5,39.5,200,7900.0,38.277499999999996,38.73916666666667,38.80395833333333,0.20594151300896613,-0.04934276514130179,0.25528427815026794
2025-08-13 10:55:00,39.5,39.5,39.5,39.5,1000,39500.0,38.334999999999994,38.7625,38.809375,0.24908353139218775,0.010342494165396132,0.23874103722679163
2025-08-13 10:57:00,39.5,39.5,39.5,39.5,300,11850.0,38.339999999999996,38.785833333333336,38.813541666666666,0.2800456992833986,0.06428313518899666,0.21576256409440198
2025-08-13 11:44:00,39.5,39.5,39.5,39.5,1000,39500.0,38.4125,38.80916666666667,38.82229166666666,0.3011124040496398,0.11164898896112531,0.1894634150885145
2025-08-13 12:36:00,39.0,39.0,39.0,39.0,1000,39000.0,38.457499999999996,38.82416666666667,38.82854166666666,0.2743001367975495,0.14417921852841017,0.13012091826913932
2025-08-06 09:43:00,38.65,38.8,38.65,38.8,2000,77450.0,38.4875,38.82583333333333,38.83375,0.23421303126616522,0.1621859810759612,0.07202705019020403
2025-08-05 10:01:00,39.15,39.15,39.15,39.15,10,391.5,38.572500000000005,38.82833333333333,38.84104166666667,0.22805688839951443,0.17536016254067185,0.05269672585884258
2025-08-05 12:40:00,38.65,38.65,38.65,38.65,2000,77300.0,38.6325,38.830000000000005,38.84375,0.1807487207587002,0.17643787418427753,0.004310846574422655
2025-08-05 13:06:00,38.85,38.85,38.85,38.85,200,7770.0,38.695,38.82,38.84729166666667,0.15757851852433902,0.17266600305228985,-0.015087484527950834
2025-08-05 13:56:00,39.0,39.0,39.0,39.0,1000,39000.0,38.7725,38.82166666666667,38.85145833333333,0.1495952715484279,0.1680518567515175,-0.0184565852030896
2025-08-26 09:14:00,37.3,37.3,37.2,37.2,9000,335400.0,38.75,38.791666666666664,38.84604166666667,-0.0019539421398135914,0.13405069697325128,-0.13600463911306487
2025-08-26 09:15:00,37.3,37.3,37.3,37.3,2000,74600.0,38.7325,38.763333333333335,38.843125,-0.11268960594524202,0.08470263638955262,-0.19739224233479463
2025-08-26 09:20:00,37.3,37.3,37.3,37.3,2000,74600.0,38.714999999999996,38.729166666666664,38.83875,-0.19816410487034375,0.028129288137573337,-0.2262933930079171
2025-08-26 09:25:00,37.4,37.4,37.4,37.4,50,1870.0,38.7025,38.70249999999999,38.83541666666667,-0.2548958165083022,-0.02847573279160178,-0.2264200837167004
2025-08-26 09:26:00,37.4,37.4,37.4,37.4,50,1870.0,38.697500000000005,38.67583333333333,38.83083333333333,-0.29643894310204644,-0.08206837485369074,-0.2143705682483557
2025-08-26 09:49:00,37.4,37.4,37.15,37.15,3000,111950.0,38.655,38.644999999999996,38.82520833333333,-0.34555177512731206,-0.13476505490841503,-0.21078672021889702
2025-08-26 12:38:00,37.45,37.45,37.45,37.45,20,749.0,38.567499999999995,38.610833333333325,38.820625,-0.3561609537781365,-0.17904423468235933,-0.17711671909577717
2025-08-26 14:35:00,37.45,37.45,37.45,37.45,50,1872.5,38.4625,38.57666666666667,38.815625,-0.36041417404555887,-0.21531822255499924,-0.14509595149055962
2025-08-28 09:10:00,37.3,37.3,37.3,37.3,50,1865.0,38.345000000000006,38.53999999999999,38.81000000000001,-0.3716049970579789,-0.2465755774555952,-0.1250294196023837
2025-08-28 09:48:00,36.45,37.0,36.45,36.8,15020,549240.0,38.21,38.495,38.802083333333336,-0.41602396099012395,-0.28046525416250095,-0.135558706827623
2025-08-28 09:49:00,36.55,36.55,36.55,36.55,1000,36550.0,38.0625,38.44583333333333,38.797708333333325,-0.4660271497006008,-0.31757763327012095,-0.14844951643047982
2025-08-28 09:50:00,36.8,36.8,36.8,36.8,1000,36800.0,37.9275,38.40083333333333,38.78979166666667,-0.47994956649997533,-0.35005201991609186,-0.12989754658388347
2025-08-28 09:51:00,37.0,37.0,37.0,37.0,3000,111000.0,37.8025,38.361666666666665,38.78729166666667,-0.4694335162259833,-0.3739283191780702,-0.0955051970479131
2025-08-28 09:53:00,36.85,36.85,36.85,36.85,3000,110550.0,37.67,38.32,38.78416666666667,-0.4678105877637222,-0.3927047728952006,-0.07510581486852158
2025-08-28 09:55:00,37.25,37.25,37.25,37.25,50,1862.5,37.582499999999996,38.285,38.78270833333333,-0.4292990559170704,-0.4000236294995746,-0.02927542641749581
2025-08-28 09:56:00,36.5,36.8,36.5,36.8,4000,146300.0,37.4825,38.24,38.77479166666667,-0.4301313422945725,-0.4060451720585742,-0.024086170235998294
2025-08-28 11:46:00,36.5,36.5,36.5,36.5,5095,185967.5,37.35,38.190000000000005,38.764375,-0.44981326076931083,-0.41479878980072155,-0.035014470968589284
2025-08-28 11:49:00,36.45,36.45,36.45,36.45,1000,36450.0,37.239999999999995,38.13916666666667,38.753750000000004,-0.46409609420940967,-0.4246582506824592,-0.039437843526950456
2025-08-28 11:51:00,36.45,36.45,36.45,36.45,1671,60907.95,37.12,38.08833333333334,38.743125,-0.46999750395069384,-0.43372610133610623,-0.03627140261458761
2025-08-28 12:07:00,36.6,36.6,36.6,36.6,3000,109800.0,37.0,38.04,38.732499999999995,-0.45729920669442947,-0.43844072240777093,-0.01885848428665854
2025-08-28 12:08:00,36.65,36.65,36.5,36.5,5000,182950.0,36.964999999999996,38.0,38.72145833333333,-0.45011621930909484,-0.44077582178803576,-0.009340397521059085
2025-08-07 11:50:00,39.1,39.1,39.1,39.1,10,391.0,37.055,38.0125,38.721250000000005,-0.2319515856674883,-0.39901097456392626,0.16705938889643795
2025-09-01 09:09:00,37.3,37.3,37.3,37.3,25,932.5,37.055,37.9925,38.71395833333334,-0.20197129907457878,-0.3596030394660568,0.15763174039147804
2025-09-01 09:10:00,36.4,36.4,36.4,36.4,3000,109200.0,37.005,37.94916666666667,38.700624999999995,-0.24797567511632934,-0.33727756659611136,0.08930189147978201
2025-09-01 09:30:00,36.35,36.35,36.3,36.3,6000,217950.0,36.95,37.90416666666667,38.686875,-0.2891702640365992,-0.3276561060842089,0.03848584204760974
2025-09-01 09:39:00,36.45,36.45,36.3,36.3,4000,145650.0,36.9075,37.86416666666666,38.673125,-0.31814983924152074,-0.3257548527156713,0.007605013474150546
2025-09-01 09:43:00,36.5,36.5,36.5,36.5,3000,109500.0,36.86,37.82666666666667,38.661875,-0.32127457948193694,-0.3248587980689244,0.0035842185869874865
2025-09-01 09:52:00,36.55,36.55,36.55,36.55,1000,36550.0,36.815,37.79666666666666,38.64791666666667,-0.3160728850323338,-0.3231016154616063,0.007028730429272545
2025-09-01 10:05:00,36.55,36.55,36.4,36.4,7000,255550.0,36.77,37.76166666666666,38.63708333333333,-0.32036132516403626,-0.32255355740209235,0.002192232238056091
2025-09-01 11:30:00,36.95,36.95,36.95,36.95,50,1847.5,36.777499999999996,37.73833333333334,38.62437499999999,-0.2761957289690571,-0.3132819917154853,0.037086262746428234
2025-09-02 10:01:00,36.15,36.15,36.0,36.0,12000,432750.0,36.75,37.69666666666667,38.60729166666667,-0.3142289999961392,-0.3134713933716161,-0.0007576066245230662
2025-09-02 10:02:00,36.2,36.2,36.2,36.2,1000,36200.0,36.72,37.660833333333336,38.59166666666667,-0.3244917735928965,-0.3156754694158722,-0.008816304177024281
2025-09-02 10:20:00,36.15,36.15,36.15,36.15,2000,72300.0,36.677499999999995,37.60666666666667,38.57520833333333,-0.33282310021608197,-0.3191049955759142,-0.013718104640167761
2025-09-02 10:28:00,36.15,36.15,36.0,36.0,5000,180300.0,36.635000000000005,37.5725,38.558125,-0.3475234489924688,-0.32478868625922513,-0.022734762733243652
2025-09-02 10:29:00,36.15,36.15,36.15,36.15,3000,108450.0,36.58,37.54,38.54208333333333,-0.34311462311649876,-0.3284538736306799,-0.014660749485818858
2025-09-02 10:30:00,36.2,36.25,36.2,36.25,7000,253450.0,36.552499999999995,37.50750000000001,38.527499999999996,-0.32777306867673417,-0.3283177126398908,0.0005446439631566213
2025-09-02 10:38:00,36.25,36.25,36.25,36.25,405,14681.25,36.54,37.4875,38.51291666666666,-0.31201802666635814,-0.32505777544518427,0.013039748778826132
2025-09-02 12:09:00,36.25,36.25,36.25,36.25,980,35525.0,36.53,37.4675,38.496875,-0.2961185717959438,-0.3192699347153362,0.023151362919392404
2025-09-02 12:23:00,36.35,36.35,36.35,36.35,100,3635.0,36.525,37.44666666666667,38.478541666666665,-0.2723099553385353,-0.30987793883997605,0.03756798350144075
2025-09-02 13:17:00,36.35,36.35,36.2,36.2,1725,62553.75,36.505,37.42583333333333,38.46229166666667,-0.26251904551762095,-0.30040616017550503,0.03788711465788408
2025-09-03 10:04:00,36.8,36.8,36.8,36.8,50,1840.0,36.519999999999996,37.41166666666667,38.44541666666667,-0.20399318687710633,-0.2811235655158253,0.07713037863871897
2025-09-03 11:16:00,35.85,35.85,35.85,35.85,100,3585.0,36.3575,37.38166666666667,38.427708333333335,-0.23159836102624354,-0.27121852461790896,0.039620163591665425
2025-09-03 11:38:00,35.85,35.85,35.85,35.85,1000,35850.0,36.285000000000004,37.35166666666667,38.41,-0.2505870489091748,-0.2670922294761621,0.0165051805669873
2025-09-03 11:39:00,35.85,35.85,35.85,35.85,400,14340.0,36.2575,37.321666666666665,38.389166666666675,-0.2626085331603676,-0.2661954902130032,0.00358695705263562
2025-09-03 14:29:00,36.1,36.1,36.1,36.1,1020,36822.0,36.247499999999995,37.29833333333333,38.37166666666666,-0.24909136517300112,-0.2627746652050028,0.013683300032001688
2025-09-04 09:22:00,36.85,36.85,36.85,36.85,50,1842.5,36.275,37.27916666666667,38.354791666666664,-0.17583328352851169,-0.2453863888697046,0.06955310534119291
2025-09-04 09:56:00,35.85,36.0,35.6,35.6,13000,465500.0,36.230000000000004,37.219166666666666,38.33625,-0.21614865222837665,-0.23953884154143903,0.023390189313062387
2025-09-04 09:57:00,36.0,36.0,35.85,35.85,1320,47332.5,36.19500000000001,37.1575,38.318958333333335,-0.2253285148595765,-0.23669677620506654,0.011368261345490044
2025-09-04 13:15:00,36.0,36.0,36.0,36.0,1000,36000.0,36.175,37.096666666666664,38.3025,-0.21798705663775308,-0.23295483229160388,0.014967775653850796
2025-09-04 13:17:00,36.0,36.0,36.0,36.0,2000,72000.0,36.127500000000005,37.03833333333333,38.28625,-0.20975101892393155,-0.22831406961806944,0.018563050694137884
2025-09-04 13:18:00,36.15,36.15,36.0,36.0,6000,216450.0,36.127500000000005,36.98,38.27166666666667,-0.2009079578213786,-0.22283284725873131,0.021924889437352713
2025-09-05 10:04:00,36.15,36.15,36.15,36.15,50,1807.5,36.125,36.924166666666665,38.25770833333333,-0.17972427225303989,-0.21421113225759306,0.03448686000455317
2025-09-05 12:14:00,36.15,36.15,36.15,36.15,300,10845.0,36.125,36.86833333333333,38.24375,-0.16107922775074002,-0.20358475135622245,0.04250552360548243
2025-09-05 12:21:00,36.15,36.15,36.15,36.15,300,10845.0,36.1325,36.8125,38.229791666666664,-0.14463562618625048,-0.19179492632222808,0.047159300135977605
2025-09-05 14:14:00,36.15,36.15,36.0,36.0,5000,180300.0,36.125,36.7625,38.21666666666667,-0.14207000528887193,-0.18184994211555688,0.03977993682668496
2025-09-08 09:10:00,36.15,36.15,36.15,36.15,50,1807.5,36.12,36.718333333333334,38.202083333333334,-0.12647506008108422,-0.17077496570866238,0.04429990562757816
2025-09-08 09:35:00,35.7,35.7,35.7,35.7,1000,35700.0,36.0925,36.660833333333336,38.18770833333333,-0.1487129228375892,-0.16636255713444775,0.017649634296858563
2025-09-09 09:11:00,36.2,36.2,36.2,36.2,50,1810.0,36.09,36.62,38.17541666666667,-0.1245549757341351,-0.15800104085438524,0.03344606512025014
2025-09-09 10:36:00,36.2,36.2,36.2,36.2,40,1448.0,36.082499999999996,36.575833333333335,38.1625,-0.10420837927719617,-0.14724250853894744,0.043034129261751264
2025-09-10 09:48:00,36.2,36.2,36.2,36.2,50,1810.0,36.082499999999996,36.52916666666667,38.15020833333333,-0.08707975379923028,-0.13520995759100402,0.04813020379177374
2025-09-10 11:58:00,36.2,36.2,36.0,36.2,5400,194880.0,36.0525,36.5125,38.13729166666667,-0.07266752866635784,-0.12270147180607478,0.050033943139716944
2025-09-10 13:17:00,36.2,36.2,36.2,36.2,10,362.0,36.07,36.494166666666665,38.12520833333333,-0.06054777930395261,-0.11027073330565035,0.04972295400169774
2025-09-11 09:24:00,36.15,36.15,36.15,36.15,30,1084.5,36.084999999999994,36.475,38.113125,-0.05435084998235595,-0.09908675664099147,0.04473590665863551
2025-09-11 10:32:00,35.55,35.55,35.55,35.55,2000,71100.0,36.07000000000001,36.44416666666667,38.09875,-0.09673957088444496,-0.09861731948968218,0.00187774860523722
2025-09-11 11:35:00,35.55,35.8,35.55,35.8,1200,42910.0,36.055,36.417500000000004,38.08541666666667,-0.1089046420084756,-0.10067478399344086,-0.008229858015034744
2025-09-11 12:31:00,35.55,35.55,35.55,35.55,200,7110.0,35.989999999999995,36.39083333333333,38.06937500000001,-0.13713762204003643,-0.10796735160275998,-0.02917027043727645
2025-09-11 14:58:00,35.7,35.7,35.7,35.7,160,5712.0,35.995,36.36166666666667,38.055625,-0.14572884432070765,-0.11551965014634953,-0.03020919417435812
2025-09-12 09:52:00,36.1,36.1,36.1,36.1,30,1083.0,36.0075,36.339166666666664,38.04270833333333,-0.11889029944863694,-0.11619378000680702,-0.0026965194418299143
2025-09-12 12:19:00,36.1,36.1,36.1,36.1,500,18050.0,36.0125,36.31916666666667,38.032291666666666,-0.09650807427024688,-0.11225663885949501,0.01574856458924813
2025-09-15 10:01:00,35.5,35.5,35.5,35.5,200,7100.0,35.9875,36.2975,38.019375,-0.12573558361173554,-0.11495242780994312,-0.010783155801792413
2025-09-15 11:32:00,35.5,35.5,35.5,35.5,1000,35500.0,35.9625,36.279999999999994,38.00416666666667,-0.14720174524838114,-0.12140229129763074,-0.02579945395075041
2025-09-15 11:33:00,35.5,35.6,35.4,35.4,8000,283750.0,35.925,36.25666666666667,37.98770833333333,-0.1703196582657185,-0.1311857646912483,-0.0391338935744702
2025-09-15 11:35:00,35.4,35.4,35.4,35.4,1000,35400.0,35.8875,36.230000000000004,37.97354166666666,-0.18649101851273997,-0.14224681545554663,-0.04424420305719334
2025-09-15 11:36:00,35.6,35.6,35.6,35.6,1000,35600.0,35.86,36.20916666666667,37.961875,-0.18108121792550236,-0.15001369594953778,-0.031067521975964574
2025-09-15 12:44:00,35.6,35.6,35.6,35.6,10,356.0,35.84,36.181666666666665,37.949375,-0.1747791665488876,-0.15496679006940775,-0.019812376479479837
2025-09-16 09:52:00,35.15,35.15,35.15,35.15,1000,35150.0,35.790000000000006,36.15416666666667,37.93270833333334,-0.20374731243274624,-0.16472289454207548,-0.039024417890670765
2025-09-16 09:53:00,35.15,35.3,35.15,35.3,5000,176200.0,35.769999999999996,36.13416666666667,37.915416666666665,-0.2121554345647425,-0.1742094025466089,-0.037946032018133596
2025-09-16 09:54:00,35.0,35.0,35.0,35.0,3000,105000.0,35.709999999999994,36.11000000000001,37.896875,-0.2402568928212645,-0.18741890060154004,-0.05283799221972446
2025-09-16 09:57:00,34.85,35.0,34.85,35.0,7000,244250.0,35.65,36.08583333333333,37.884166666666665,-0.2595357345570477,-0.2018422673926416,-0.0576934671644061
2025-09-16 10:01:00,35.0,35.0,35.0,35.0,1000,35000.0,35.589999999999996,36.05916666666667,37.87083333333333,-0.27168256800180757,-0.21581032751447482,-0.05587224048733275
2025-09-16 10:14:00,35.1,35.1,35.1,35.1,50,1755.0,35.535,36.035833333333336,37.85604166666666,-0.27012601223344035,-0.22667346445826797,-0.04345254777517238
2025-09-16 10:47:00,35.1,35.1,35.1,35.1,2000,70200.0,35.480000000000004,35.969166666666666,37.83979166666666,-0.26582812936952394,-0.2345043974405192,-0.03132373192900473
2025-09-16 10:49:00,35.15,35.15,35.15,35.15,3000,105450.0,35.43,35.93333333333333,37.824375,-0.2554428578451464,-0.2386920895214447,-0.01675076832370173
2025-09-16 11:21:00,34.95,34.95,34.95,34.95,1000,34950.0,35.4,35.909166666666664,37.808125000000004,-0.260349635336361,-0.24302359868442797,-0.017326036651933052
2025-09-16 11:29:00,34.95,35.1,34.95,35.1,1885,66030.75,35.365,35.88916666666667,37.792500000000004,-0.24926121729858153,-0.24427112240725873,-0.004990094891322794
2025-09-16 12:47:00,34.85,34.85,34.85,34.85,1000,34850.0,35.33,35.865,37.77458333333333,-0.25767614655902804,-0.24695212723761265,-0.010724019321415396
2025-09-16 13:06:00,34.85,34.85,34.85,34.85,1000,34850.0,35.2875,35.8375,37.75666666666667,-0.2613325595515832,-0.24982821370040678,-0.011504345851176406
2025-09-16 13:12:00,35.0,35.0,35.0,35.0,2170,75950.0,35.2325,35.811666666666675,37.74104166666667,-0.24925330979301918,-0.24971323291892927,0.0004599231259100889
2025-09-16 13:22:00,34.85,35.0,34.85,35.0,7040,245500.0,35.177499999999995,35.788333333333334,37.724375,-0.23694901656573109,-0.24716038964828968,0.010211373082558595
2025-09-16 13:23:00,34.75,34.9,34.75,34.9,12000,417900.0,35.147499999999994,35.75416666666667,37.70729166666667,-0.2325858350735217,-0.24424547873333613,0.011659643659814423
2025-09-16 13:25:00,34.45,34.85,34.45,34.85,5000,173050.0,35.114999999999995,35.735,37.689375,-0.23050544119702465,-0.24149747122607387,0.010992030029049221
2025-09-16 13:26:00,34.45,34.6,34.4,34.4,6000,206750.0,35.065,35.705000000000005,37.67124999999999,-0.2621460962374016,-0.24562719622833945,-0.016518900009062143
2025-09-16 13:27:00,34.4,34.4,34.4,34.4,700,24080.0,35.015,35.67583333333333,37.6525,-0.28394836333471574,-0.25329142964961476,-0.030656933685100973
2025-09-16 14:38:00,34.95,34.95,34.95,34.95,28,978.6,34.9825,35.65833333333333,37.63708333333333,-0.2539193889712408,-0.25341702151393997,-0.0005023674573008119
2025-09-16 14:59:00,34.95,34.95,34.95,34.95,10,349.5,34.95,35.63833333333333,37.62354166666667,-0.2274987465044518,-0.24823336651204234,0.02073462000759055
2025-09-17 09:01:00,35.0,35.0,35.0,35.0,1000,35000.0,34.9425,35.61749999999999,37.609791666666666,-0.20021763065151532,-0.23863021933993694,0.03841258868842162
2025-09-17 09:32:00,35.0,35.0,35.0,35.0,60,2100.0,34.9275,35.596666666666664,37.59666666666667,-0.17656185463395246,-0.2262165463987401,0.04965469176478762
2025-09-17 09:43:00,34.0,34.0,34.0,34.0,1000,34000.0,34.877500000000005,35.55916666666666,37.579791666666665,-0.23578810584943,-0.22813085828887808,-0.007657247560551916
2025-09-17 10:00:00,34.0,34.5,33.95,34.1,14100,479980.0,34.8325,35.52166666666666,37.55895833333334,-0.2715261875043069,-0.2368099241319639,-0.034716263372343015
2025-09-17 10:03:00,33.95,33.95,33.95,33.95,1000,33950.0,34.78,35.48416666666667,37.5375,-0.3083976054674693,-0.25112746039906503,-0.05727014506840428
2025-09-17 10:06:00,34.15,34.15,34.15,34.15,3000,102450.0,34.7325,35.440000000000005,37.516875,-0.3178165499631973,-0.2644652783118915,-0.05335127165130582
2025-09-17 10:32:00,34.2,34.2,34.2,34.2,3000,102600.0,34.6875,35.4125,37.49645833333333,-0.3175856198676783,-0.27508934662304885,-0.04249627324462946
2025-09-17 11:08:00,34.05,34.2,34.05,34.2,6000,205050.0,34.64,35.385,37.475833333333334,-0.3137854823869404,-0.28282857377582715,-0.03095690861111322
2025-09-18 09:22:00,35.6,35.6,35.6,35.6,2,71.2,34.6725,35.38083333333334,37.4625,-0.19555135208281627,-0.26537312943722496,0.0698217773544087
2025-09-18 10:01:00,35.45,35.45,35.45,35.45,30,1063.5,34.69,35.37,37.44708333333333,-0.11265508073817898,-0.23482951969741575,0.12217443895923677
2025-09-18 14:09:00,35.2,35.2,35.2,35.2,50,1760.0,34.7075,35.342499999999994,37.43541666666667,-0.06636706095833489,-0.2011370279495996,0.1347699669912647
2025-09-19 09:31:00,35.2,35.2,35.2,35.2,34,1196.8,34.725,35.33583333333333,37.42041666666667,-0.02934519861276641,-0.16677866208223296,0.13743346346946655
2025-09-22 09:36:00,35.15,35.15,35.15,35.15,8,281.2,34.7325,35.32416666666667,37.405208333333334,-0.00399365177663924,-0.13422166002111421,0.13022800824447497
2025-09-22 11:13:00,35.15,35.15,35.15,35.15,18,632.7,34.74,35.309999999999995,37.39,0.01591418294427882,-0.1041944914280356,0.12010867437231441
2025-09-22 14:42:00,35.15,35.15,35.15,35.15,17,597.55,34.752500000000005,35.295833333333334,37.373333333333335,0.031330131139363004,-0.07708956691455587,0.10841969805391888
2025-09-22 14:43:00,35.15,35.15,35.15,35.15,63,2214.45,34.7675,35.281666666666666,37.35666666666667,0.043051114698023696,-0.05306143059203996,0.09611254529006366
2025-09-23 09:31:00,35.2,35.2,35.2,35.2,10,352.0,34.807500000000005,35.26583333333333,37.34020833333334,0.05573221446964283,-0.0313027015797034,0.08703491604934623
2025-09-24 09:07:00,35.15,35.15,35.15,35.15,100,3515.0,34.845,35.24916666666666,37.323541666666664,0.06104382010872911,-0.012833397242016894,0.073877217350746
2025-09-24 09:43:00,35.15,35.15,35.15,35.15,9,316.35,34.855000000000004,35.232499999999995,37.3075,0.06450967842870625,0.0026352178921277393,0.06187446053657851
2025-09-24 09:44:00,35.15,35.15,35.15,35.15,1,35.15,34.864999999999995,35.218333333333334,37.291041666666665,0.06648994146084419,0.015406162605871035,0.05108377885497316
2025-09-24 09:54:00,34.85,34.85,34.85,34.85,1000,34850.0,34.8575,35.19666666666667,37.273125,0.04335208552920733,0.020995347190538298,0.02235673833866903
2025-09-24 10:19:00,34.85,35.0,34.85,35.0,4000,139700.0,34.8575,35.184999999999995,37.25645833333333,0.036695906830289005,0.024135459118488443,0.012560447711800562
2025-09-24 11:18:00,33.9,33.9,33.9,33.9,6,203.4,34.8525,35.14666666666667,37.23458333333333,-0.05668652271251062,0.007971062752288625,-0.06465758546479924
2025-09-24 11:19:00,33.9,33.9,33.9,33.9,5,169.5,34.842499999999994,35.108333333333334,37.211666666666666,-0.129203394602591,-0.01946382871868731,-0.1097395658839037
2025-09-24 11:41:00,35.2,35.2,35.2,35.2,20,704.0,34.905,35.09166666666667,37.199375,-0.08084250056089104,-0.03173956308712807,-0.04910293747376297
2025-09-24 12:13:00,35.2,35.2,35.2,35.2,164,5772.8,34.9575,35.075,37.181875000000005,-0.0420316291543088,-0.03379797630056421,-0.00823365285374459
2025-09-24 12:19:00,35.2,35.2,35.2,35.2,82,2886.4,35.0075,35.05833333333333,37.16437499999999,-0.011145258346822118,-0.029267432709815792,0.018122174362993675
2025-09-24 12:20:00,35.2,35.2,35.2,35.2,164,5772.8,35.0575,35.0425,37.14895833333333,0.013180476711426081,-0.020777850825567417,0.0339583275369935
2025-09-24 12:21:00,35.2,35.2,35.2,35.2,82,2886.4,35.0375,35.03666666666667,37.13312499999999,0.032088896182010274,-0.010204501424051876,0.04229339760606215
2025-09-24 13:17:00,35.0,35.0,34.4,34.4,2540,87400.0,34.985,35.01333333333333,37.11354166666667,-0.01728016430322299,-0.0116196339998861,-0.005660530303336889
2025-09-25 09:50:00,34.65,34.65,34.65,34.65,15,519.75,34.957499999999996,34.998333333333335,37.094791666666666,-0.03581968275400982,-0.016459643750710844,-0.019360039003298975
2025-09-25 10:24:00,34.65,34.65,34.65,34.65,100,3465.0,34.93,34.98083333333333,37.07666666666667,-0.04993674498463463,-0.023155063997495604,-0.026781680987139025
2025-09-25 10:27:00,34.65,34.65,34.65,34.65,62,2148.3,34.904999999999994,34.95666666666667,37.060624999999995,-0.06042804166122551,-0.03060965953024159,-0.029818382130983916
2025-09-25 10:47:00,34.65,34.65,34.65,34.65,8,277.2,34.88,34.932500000000005,37.04520833333333,-0.0679590798931855,-0.03807954360283038,-0.02987953629035512
2025-09-25 10:58:00,34.5,34.5,34.5,34.5,50,1725.0,34.847500000000004,34.91583333333334,37.02854166666666,-0.08505081548924665,-0.04747379798011364,-0.037577017509133004
2025-09-25 12:28:00,33.85,34.5,33.85,34.0,8355,283340.0,34.790000000000006,34.89083333333334,37.01020833333333,-0.13735857624981662,-0.06545075363405425,-0.07190782261576237
2025-09-25 12:30:00,33.85,34.0,33.85,33.85,12216,413972.4,34.7225,34.865,36.99145833333333,-0.1887409121590906,-0.09010878533906154,-0.09863212682002907
2025-09-25 12:44:00,34.0,34.0,34.0,34.0,18,612.0,34.665,34.84166666666667,36.97083333333333,-0.2148810224907578,-0.1150632327694008,-0.099817789721357
2025-09-25 13:04:00,34.0,34.0,34.0,34.0,8000,272000.0,34.6075,34.815000000000005,36.947916666666664,-0.2329123793319141,-0.13863306208190349,-0.09427931725001062
2025-09-25 13:05:00,34.0,34.0,34.0,34.0,3000,102000.0,34.55,34.788333333333334,36.926458333333336,-0.24438523863102546,-0.1597834973917279,-0.08460174123929756
2025-09-25 13:21:00,33.85,33.85,33.85,33.85,3000,101550.0,34.5,34.766666666666666,36.904374999999995,-0.2625547410604625,-0.18033774612547485,-0.08221699493498766
2025-09-25 13:29:00,34.85,34.85,34.85,34.85,50,1742.5,34.4925,34.759166666666665,36.89479166666667,-0.19402594961844244,-0.18307538682406838,-0.010950562794374064
2025-09-26 10:01:00,33.85,34.0,33.75,33.75,9000,304600.0,34.485,34.73833333333333,36.880625,-0.22587346686907495,-0.19163500283306972,-0.03423846403600522
2025-09-26 10:10:00,33.75,33.75,33.75,33.75,1000,33750.0,34.4775,34.717499999999994,36.86666666666667,-0.24825116879627274,-0.20295823602571036,-0.04529293277056237
2025-09-26 10:30:00,33.7,33.7,33.7,33.7,3000,101100.0,34.4025,34.69583333333333,36.852916666666665,-0.26694308718600723,-0.21575520625776975,-0.05118788092823748
2025-09-26 10:31:00,33.85,33.85,33.75,33.75,1032,34833.2,34.33,34.67333333333333,36.839375,-0.27455706213881115,-0.22751557743397804,-0.0470414847048331
2025-09-26 10:32:00,33.95,33.95,33.95,33.95,60,2037.0,34.2675,34.65416666666667,36.81604166666667,-0.2614391557669151,-0.2343002931005655,-0.027138862666349628
2025-09-26 10:33:00,33.95,33.95,33.95,33.95,10,339.5,34.205,34.634166666666665,36.795,-0.24818223019615004,-0.23707668051968245,-0.011105549676467596
2025-09-26 10:42:00,33.95,33.95,33.95,33.95,50,1697.5,34.1425,34.6175,36.77395833333333,-0.23496746252450862,-0.23665483692064773,0.001687374396139113
2025-09-26 10:44:00,33.95,33.95,33.95,33.95,88,2987.6,34.12,34.598333333333336,36.75354166666667,-0.22193632018890241,-0.23371113357429868,0.011774813385396266
2025-09-26 10:46:00,33.95,33.95,33.95,33.95,112,3802.4,34.085,34.583333333333336,36.733124999999994,-0.20919754690386583,-0.22880841624021214,0.019610869336346315
2025-09-26 11:09:00,33.95,33.95,33.95,33.95,1000,33950.0,34.05,34.568333333333335,36.70979166666667,-0.19683300889531807,-0.22241333477123337,0.0255803258759153
2025-09-26 11:10:00,33.4,33.4,33.4,33.4,1000,33400.0,33.987500000000004,34.541666666666664,36.681041666666665,-0.22877722545391777,-0.2236861129077703,-0.005091112546147469
2025-09-26 13:27:00,33.4,33.8,33.4,33.65,2240,74901.5,33.9375,34.51916666666667,36.659166666666664,-0.2312545777382411,-0.22519980587386448,-0.006054771864376612
2025-09-26 13:34:00,33.8,33.8,33.8,33.8,18,608.4,33.902499999999996,34.50083333333334,36.638124999999995,-0.21859433149105456,-0.2238787109973025,0.005284379506247938
2025-09-26 14:36:00,33.8,33.8,33.8,33.8,120,4056.0,33.8925,34.483333333333334,36.61645833333333,-0.2061842316507665,-0.22033981512799533,0.01415558347722884
2025-09-26 14:57:00,33.5,33.5,33.5,33.5,1000,33500.0,33.875,34.468333333333334,36.594583333333325,-0.21804316503343557,-0.21988048510908342,0.0018373200756478525
2025-09-30 09:37:00,33.85,33.85,33.85,33.85,100,3385.0,33.8675,34.45916666666667,36.580000000000005,-0.19692930184284307,-0.2152902484558354,0.018360946612992313
2025-09-30 10:37:00,33.85,33.85,33.85,33.85,200,6770.0,33.86,34.44083333333333,36.56604166666667,-0.17814289276937956,-0.20786077731854424,0.029717884549164686
2025-09-30 14:41:00,33.85,33.85,33.85,33.85,30,1015.5,33.852500000000006,34.4225,36.55125,-0.16139407776573478,-0.19856743740798238,0.037173359642247605
2025-10-01 09:09:00,33.8,33.8,33.8,33.8,85,2873.0,33.85,34.4025,36.53854166666667,-0.15042114204759827,-0.1889381783359056,0.03851703628830733
2025-10-01 10:46:00,33.8,33.8,33.8,33.8,2000,67600.0,33.7975,34.38250000000001,36.52583333333333,-0.14010991158982478,-0.17917252498668945,0.039062613396864676
2025-10-01 12:19:00,33.95,33.95,33.95,33.95,2000,67900.0,33.8075,34.38166666666667,36.51541666666667,-0.11846880611334143,-0.16703178121201986,0.048562975098678435
2025-10-01 14:54:00,33.95,33.95,33.95,33.95,30,1018.5,33.8175,34.37916666666667,36.50333333333334,-0.10016345218033251,-0.15365811540568242,0.0534946632253499
2025-10-01 14:58:00,33.95,33.95,33.95,33.95,13,441.35,33.83,34.37916666666667,36.49145833333333,-0.08468018682335554,-0.13986252968921706,0.05518234286586152
2025-10-02 09:14:00,33.95,33.95,33.95,33.95,64,2172.8,33.839999999999996,34.37583333333334,36.47875,-0.07158440699297586,-0.12620690514996882,0.054622498156992966
2025-10-02 12:08:00,33.95,33.95,33.95,33.95,320,10864.0,33.84,34.37166666666667,36.46666666666667,-0.06050840391227297,-0.11306720490242965,0.05255880099015668
2025-10-02 12:09:00,33.95,33.95,33.95,33.95,1000,33950.0,33.839999999999996,34.3675,36.454791666666665,-0.051141069260303595,-0.10068197777400444,0.04954090851370084
2025-10-02 12:21:00,33.95,33.95,33.95,33.95,1000,33950.0,33.839999999999996,34.34,36.435833333333335,-0.043219185196676335,-0.08918941925853882,0.045970234061862486
2025-10-02 12:22:00,33.95,33.95,33.95,33.95,1000,33950.0,33.84,34.315000000000005,36.416875,-0.03652005454630114,-0.07865554631609128,0.042135491769790145
2025-10-02 12:39:00,33.95,33.95,33.95,33.95,3000,101850.0,33.839999999999996,34.29416666666667,36.396875,-0.03085526495359403,-0.06909549004359183,0.038240225089997804
2025-10-03 10:28:00,34.2,34.2,34.2,34.2,100,3420.0,33.852500000000006,34.2775,36.377916666666664,-0.006122392595166559,-0.056500870553906776,0.05037847795874022
2025-10-03 12:11:00,34.15,34.15,34.15,34.15,1000,34150.0,33.89,34.26083333333334,36.357083333333335,0.00933638082064192,-0.04333342027899704,0.05266980109963896
2025-10-03 12:12:00,34.0,34.0,34.0,34.0,1000,34000.0,33.9075,34.24166666666667,36.33708333333334,0.009375745966124782,-0.032791587029972674,0.042167332996097456
2025-10-07 09:01:00,34.5,34.5,34.5,34.5,1000,34500.0,33.9425,34.23083333333334,36.31916666666667,0.049185781382490745,-0.016396113347479986,0.06558189472997072
2025-10-07 09:45:00,34.15,34.15,34.15,34.15,1000,34150.0,33.959999999999994,34.214166666666664,36.30375,0.051895230425145655,-0.002737844592954854,0.05463307501810051
2025-10-07 12:06:00,34.05,34.05,34.05,34.05,168,5720.4,33.987500000000004,34.195,36.286875,0.04544941152208537,0.006899606630053194,0.03854980489203218
2025-10-07 12:19:00,34.05,34.05,33.9,33.9,3000,102000.0,33.99,34.17416666666667,36.269375,0.02791551452941121,0.011102788209924799,0.016812726319486413
2025-10-07 13:07:00,33.8,33.8,33.8,33.8,2000,67600.0,33.9875,34.151666666666664,36.25145833333333,0.0058827973467785455,0.010058790037295548,-0.004175992690517003
2025-10-07 13:15:00,33.8,33.8,33.8,33.8,1000,33800.0,33.985,34.12916666666667,36.23354166666666,-0.01144634343557982,0.005757763342720474,-0.017204106778300296
2025-10-07 13:20:00,33.75,33.75,33.75,33.75,1000,33750.0,33.9825,34.11083333333333,36.212916666666665,-0.028881466915379406,-0.0011700827088995036,-0.0277113842064799
2025-10-07 14:59:00,33.95,33.95,33.95,33.95,9,305.55,33.989999999999995,34.093333333333334,36.191875,-0.02625791446318715,-0.006187649059757035,-0.020070265403430113
2025-10-08 09:30:00,33.95,33.95,33.95,33.95,115,3904.25,33.99,34.094166666666666,36.172708333333325,-0.0239031891577568,-0.00973075707935699,-0.01417243207839981
2025-10-08 09:45:00,33.75,33.75,33.75,33.75,1000,33750.0,33.980000000000004,34.09166666666667,36.14895833333333,-0.03774033384259212,-0.015332672432004018,-0.022407661410588104
2025-10-08 15:00:00,33.95,33.95,33.95,33.95,2000,67900.0,33.98,34.07083333333333,36.12833333333333,-0.03219689638663681,-0.01870551722293058,-0.013491379163706227
2025-10-09 09:43:00,33.95,33.95,33.95,33.95,10,339.5,33.980000000000004,34.05,36.10729166666667,-0.02748683118453954,-0.020461780015252375,-0.007025051169287165
2025-10-09 10:13:00,33.9,33.9,33.9,33.9,69,2339.1,33.9775,34.028333333333336,36.08604166666667,-0.027471972907292752,-0.02186381859366045,-0.005608154313632301
2025-10-09 10:24:00,33.9,33.9,33.9,33.9,2000,67800.0,33.975,34.00666666666667,36.06333333333334,-0.027147260890565406,-0.022920507053041446,-0.00422675383752396
2025-10-09 11:16:00,33.95,33.95,33.95,33.95,58,1969.1,33.975,33.98583333333333,36.04229166666667,-0.022594882405769567,-0.02285538212358707,0.0002604997178175042
2025-10-09 12:50:00,33.95,33.95,33.95,33.95,50,1697.5,33.975,33.97833333333333,36.02125,-0.018770712568326076,-0.022038448212534874,0.003267735644208798
2025-10-13 09:31:00,33.95,33.95,33.95,33.95,10,339.5,33.975,33.96666666666667,36.00020833333334,-0.01556065685445418,-0.020742889940918736,0.005182233086464556
2025-10-13 11:24:00,33.55,33.55,33.5,33.5,6000,201150.0,33.94,33.947500000000005,35.975208333333335,-0.04876576241362329,-0.026347464435459652,-0.02241829797816364
2025-10-14 09:33:00,33.9,33.9,33.9,33.9,50,1695.0,33.9275,33.934999999999995,35.951875,-0.04231659141395738,-0.0295412898311592,-0.012775301582798184
2025-10-14 10:26:00,33.95,33.95,33.95,33.95,1000,33950.0,33.925,33.92333333333333,35.92875000000001,-0.03279297776562373,-0.03019162741805211,-0.002601350347571623
2025-10-14 13:27:00,33.35,33.35,33.35,33.35,1000,33350.0,33.8675,33.90416666666667,35.903125,-0.07282099581589563,-0.038717501097620816,-0.03410349471827481
2025-10-15 11:03:00,33.95,33.95,33.95,33.95,10,339.5,33.8575,33.903333333333336,35.88,-0.05548886185738411,-0.04207177324957348,-0.013417088607810629
2025-10-15 11:57:00,33.75,33.9,33.75,33.9,4000,135150.0,33.85,33.90416666666667,35.85666666666667,-0.045265806911459094,-0.04271057998195061,-0.002555226929508485
2025-10-15 13:49:00,33.75,33.95,33.75,33.95,72,2435.0,33.8525,33.903333333333336,35.83416666666667,-0.032751837288166996,-0.04071883144319389,0.007966994155026892
2025-10-15 13:50:00,33.9,33.9,33.9,33.9,1000,33900.0,33.8575,33.901666666666664,35.811458333333334,-0.026562808810794536,-0.03788762691671402,0.011324818105919482
2025-10-15 14:09:00,32.95,32.95,32.95,32.95,1000,32950.0,33.815,33.884166666666665,35.78479166666667,-0.09719462058708928,-0.04974902565078908,-0.0474455949363002
2025-10-16 09:57:00,33.95,33.95,33.95,33.95,10,339.5,33.825,33.88583333333334,35.76166666666666,-0.071653223880908,-0.05412986529681287,-0.01752335858409513
2025-10-16 10:10:00,33.95,33.95,33.95,33.95,50,1697.5,33.825,33.87083333333334,35.73854166666667,-0.0508255971295668,-0.05346901166336366,0.0026434145337968576
2025-10-16 10:23:00,33.95,33.95,33.95,33.95,1000,33950.0,33.825,33.87416666666667,35.71541666666666,-0.0339284468585177,-0.04956089870239447,0.015632451843876766
2025-10-17 11:29:00,33.95,33.95,33.95,33.95,10,339.5,33.835,33.877500000000005,35.69229166666666,-0.020303289844349592,-0.0437093769307855,0.023406087086435906
2025-10-17 11:32:00,33.0,33.5,33.0,33.5,6000,198500.0,33.8125,33.87416666666667,35.667291666666664,-0.045294368652690764,-0.044026375275166556,-0.0012679933775242083
2025-10-17 12:03:00,33.5,33.5,33.5,33.5,10,335.0,33.790000000000006,33.87,35.64479166666667,-0.0643580985606178,-0.04809271993225681,-0.016265378628360992
2025-10-17 14:07:00,33.3,33.3,33.3,33.3,1000,33300.0,33.760000000000005,33.85916666666667,35.623749999999994,-0.09451505961599338,-0.05737718786900413,-0.03713787174698925
2025-10-20 09:40:00,33.8,33.8,33.8,33.8,10,338.0,33.754999999999995,33.85666666666667,35.604166666666664,-0.07717917372358585,-0.061337585039920484,-0.015841588683665364
2025-10-21 10:15:00,33.9,33.9,33.9,33.9,10,339.0,33.752500000000005,33.85583333333333,35.58291666666666,-0.05474018422128779,-0.06001810487619395,0.0052779206549061625
2025-10-21 10:51:00,33.9,33.9,33.9,33.9,1000,33900.0,33.75,33.855,35.56166666666666,-0.036535959577364,-0.05532167581642797,0.01878571623906397
2025-10-21 13:16:00,32.8,32.8,32.8,32.8,1000,32800.0,33.6925,33.83583333333333,35.53708333333334,-0.1096063139494774,-0.06617860344303786,-0.04342771050643954
2025-10-22 09:56:00,33.9,33.9,33.9,33.9,10,339.0,33.7125,33.835,35.516875000000006,-0.07785680453789467,-0.06851424366200923,-0.009342560875885447
2025-10-22 10:37:00,33.3,33.5,33.3,33.5,30000,1002000.0,33.692499999999995,33.836666666666666,35.49666666666667,-0.08400340765373926,-0.07161207646035524,-0.012391331193384023
2025-10-23 09:49:00,33.95,33.95,33.95,33.95,10,339.5,33.6925,33.84166666666667,35.47770833333333,-0.051964382657274655,-0.06768253769973913,0.015718155042464474
2025-10-23 10:23:00,33.65,33.65,33.65,33.65,500,16825.0,33.707499999999996,33.839166666666664,35.458125,-0.050202019681044874,-0.06418643409600028,0.013984414414955404
2025-10-23 10:42:00,33.15,33.3,33.15,33.3,4000,132750.0,33.675,33.83083333333333,35.436458333333334,-0.0761693760993225,-0.06658302249666473,-0.009586353602657777
2025-10-23 10:43:00,33.15,33.15,33.15,33.15,1000,33150.0,33.6375,33.825,35.414791666666666,-0.1076119559016746,-0.07478880917766671,-0.03282314672400789
2025-10-27 09:41:00,33.9,33.9,33.9,33.9,10,339.0,33.635000000000005,33.825833333333335,35.391875,-0.07119104884196048,-0.07406925711052546,0.002878208268564983
2025-10-27 11:58:00,33.05,33.5,32.9,33.05,17205,568277.5,33.592499999999994,33.8125,35.37104166666667,-0.10965112395082599,-0.08118563047858557,-0.028465493472240422
2025-10-27 12:32:00,33.15,33.15,33.15,33.15,6000,198900.0,33.602500000000006,33.80083333333333,35.35041666666667,-0.1305568679939455,-0.09105987798165757,-0.03949699001228793
2025-10-27 13:20:00,33.0,33.15,32.9,33.15,7000,230850.0,33.5625,33.79,35.329375,-0.14544818463178188,-0.10193753931168245,-0.043510645320099434
2025-10-27 13:22:00,33.05,33.05,33.05,33.05,3000,99150.0,33.5175,33.7775,35.311041666666675,-0.1634348494092137,-0.11423700133118872,-0.04919784807802499
2025-10-28 09:39:00,32.85,33.0,32.8,32.95,21550,708550.0,33.4675,33.76083333333334,35.292291666666664,-0.1836416682586659,-0.12811793471668417,-0.05552373354198173
2025-10-28 09:48:00,32.9,32.9,32.9,32.9,3000,98700.0,33.415,33.74333333333333,35.27270833333333,-0.20136904293264024,-0.1427681563598754,-0.058600886572764854
2025-10-28 09:52:00,32.9,32.9,32.9,32.9,2000,65800.0,33.385,33.725833333333334,35.253750000000004,-0.21296320778623112,-0.15680716664514655,-0.05615604114108458
2025-10-28 09:53:00,32.95,32.95,32.95,32.95,15,494.25,33.3575,33.70916666666667,35.23416666666666,-0.21563142004718117,-0.1685720173255535,-0.047059402721627674
2025-10-28 10:07:00,32.95,32.95,32.95,32.95,100,3295.0,33.339999999999996,33.6925,35.21458333333333,-0.21526456161861063,-0.17791052618416495,-0.03735403543444568
2025-10-28 10:42:00,32.95,32.95,32.95,32.95,200,6590.0,33.2975,33.67583333333334,35.195,-0.2125239795265017,-0.18483321685263232,-0.027690762673869385
2025-10-29 09:20:00,33.0,33.0,33.0,33.0,64,2112.0,33.2525,33.66,35.175625,-0.20396627014349633,-0.18865982751080515,-0.01530644263269118
2025-10-29 09:27:00,33.0,33.0,33.0,33.0,88,2904.0,33.207499999999996,33.64416666666667,35.156875,-0.19493711014092696,-0.18991528403682953,-0.005021826104097432
2025-10-29 09:35:00,33.0,33.0,33.0,33.0,2000,66000.0,33.2175,33.62833333333333,35.136041666666664,-0.18564147640511663,-0.18906052251048697,0.0034190461053703325
2025-10-29 11:07:00,33.0,33.0,33.0,33.0,40,1320.0,33.1725,33.608333333333334,35.110208333333325,-0.17624300010035654,-0.18649701802846091,0.010254017928104375
2025-10-29 11:35:00,32.85,32.85,32.85,32.85,3000,98550.0,33.14,33.586666666666666,35.08229166666667,-0.1788368662422144,-0.18496498767121164,0.006128121428997241
2025-10-29 13:42:00,32.7,32.7,32.65,32.65,6000,196050.0,33.075,33.564166666666665,35.053125,-0.1947854865386276,-0.18692908744469486,-0.007856399093932737
2025-10-29 13:43:00,32.8,32.8,32.8,32.8,3000,98400.0,33.0325,33.535833333333336,35.02520833333334,-0.19309525473053668,-0.18816232090186324,-0.004932933828673436
2025-10-29 13:44:00,32.8,32.8,32.8,32.8,3000,98400.0,33.0075,33.513333333333335,34.99729166666667,-0.18957048331701287,-0.1884439533848932,-0.0011265299321196742
2025-10-29 13:49:00,32.65,32.8,32.65,32.8,5050,165190.0,32.989999999999995,33.4925,34.96937500000001,-0.184648562884,-0.1876848752847146,0.003036312400714586
2025-10-29 14:23:00,32.8,32.8,32.8,32.8,50,1640.0,32.935,33.47416666666667,34.94145833333334,-0.17868810028965498,-0.18588552028570268,0.007197419996047699
2025-10-29 14:37:00,32.8,32.8,32.8,32.8,11,360.8,32.9225,33.457499999999996,34.91354166666667,-0.17198189056144741,-0.18310479434085164,0.011122903779404225
2025-10-30 09:58:00,32.8,32.8,32.8,32.8,20,656.0,32.904999999999994,33.44083333333334,34.887708333333336,-0.16476783005573026,-0.1794374014838274,0.014669571428097133
2025-10-30 13:16:00,32.8,32.8,32.8,32.8,1000,32800.0,32.8875,33.425,34.86270833333333,-0.157238092279961,-0.17499753964305412,0.017759447363093123
2025-10-30 13:22:00,32.8,32.8,32.8,32.8,1000,32800.0,32.875,33.405833333333334,34.83625,-0.14954683798521984,-0.16990739931148727,0.02036056132626743
2025-10-31 10:56:00,33.2,33.2,33.2,33.2,20,664.0,32.8875,33.39333333333334,34.813541666666666,-0.10990785712198203,-0.15790749087358624,0.04799963375160421
2025-10-31 11:54:00,33.2,33.2,33.2,33.2,5,166.0,32.902499999999996,33.38416666666667,34.79,-0.07759916434169867,-0.14184582556720873,0.06424666122551007
2025-10-31 14:34:00,32.65,33.0,32.6,32.8,10000,327350.0,32.8975,33.365,34.76416666666667,-0.08331059690026876,-0.13013877983382074,0.04682818293355198
2025-11-03 09:53:00,33.0,33.0,33.0,33.0,112,3696.0,32.9,33.34916666666667,34.74666666666666,-0.07088154153276349,-0.11828733217360929,0.047405790640845796
2025-11-03 13:19:00,33.0,33.0,33.0,33.0,1000,33000.0,32.9025,33.33416666666667,34.72875,-0.060335910785767055,-0.10669704789604086,0.0463611371102738
2025-11-03 14:32:00,33.0,33.0,33.0,33.0,500,16500.0,32.905,33.31916666666667,34.71083333333333,-0.05138607574711074,-0.09563485346625483,0.044248777719144095
2025-11-04 09:42:00,33.0,33.0,33.0,33.0,20,660.0,32.905,33.303333333333335,34.692499999999995,-0.043788500423410426,-0.08526558285768596,0.04147708243427553
2025-11-04 10:55:00,32.0,32.0,32.0,32.0,1000,32000.0,32.855000000000004,33.270833333333336,34.669999999999995,-0.11710904966640356,-0.09163427621942949,-0.025474773446974075
2025-11-04 10:56:00,32.0,32.8,32.0,32.8,3000,96800.0,32.845,33.251666666666665,34.651875000000004,-0.10940168454719412,-0.09518775788498243,-0.01421392666221169
2025-11-04 10:59:00,32.8,32.8,32.8,32.8,5,164.0,32.834999999999994,33.239999999999995,34.6325,-0.10211640777804121,-0.0965734878635942,-0.0055429199144470115
2025-11-04 11:46:00,31.8,31.8,31.8,31.8,1000,31800.0,32.7825,33.205,34.608958333333334,-0.17501692987881512,-0.11226217626663838,-0.06275475361217674
2025-11-04 12:09:00,32.2,32.2,32.2,32.2,1000,32200.0,32.76,33.17583333333333,34.58770833333333,-0.1982293967112838,-0.12945562035556749,-0.06877377635571633
2025-11-04 12:24:00,32.5,32.5,32.2,32.2,2100,67920.0,32.730000000000004,33.156666666666666,34.56854166666667,-0.2141567778853073,-0.14639585186151546,-0.06776092602379183
2025-11-04 13:49:00,32.7,32.7,32.7,32.7,1,32.7,32.725,33.13583333333334,34.5525,-0.1843089223619927,-0.1539784659616109,-0.03033045640038179
2025-11-04 13:55:00,32.7,32.7,32.7,32.7,21,686.7,32.72,33.115833333333335,34.53541666666667,-0.1588234637911654,-0.1549474655275218,-0.0038759982636435986
2025-11-04 13:59:00,31.95,32.2,31.9,32.0,19427,622228.75,32.67999999999999,33.083333333333336,34.514583333333334,-0.19288672600728773,-0.162535317623475,-0.030351408383812728
2025-11-04 14:51:00,31.6,31.6,31.6,31.6,3000,94800.0,32.62,33.045,34.49270833333333,-0.24928515964091957,-0.17988528602696394,-0.06939987361395564
2025-11-05 09:13:00,31.5,31.5,31.5,31.5,6000,189000.0,32.555,33.020833333333336,34.46875,-0.2986083180759209,-0.20362989243675533,-0.09497842563916559
2025-11-05 10:18:00,32.4,32.4,32.4,32.4,10,324.0,32.535,32.995,34.45041666666667,-0.2620540026836764,-0.2153147144861396,-0.04673928819753681
2025-11-05 11:25:00,32.4,32.4,32.4,32.4,10,324.0,32.515,32.969166666666666,34.43333333333333,-0.23042821139135583,-0.21833741386718286,-0.01209079752417297
2025-11-06 10:52:00,32.5,32.5,32.5,32.5,20,650.0,32.48,32.945,34.416875,-0.19504699928037894,-0.2136793309498221,0.01863233166944317
2025-11-06 13:37:00,32.45,32.45,32.45,32.45,2,64.9,32.4425,32.92,34.40020833333334,-0.16909252256346008,-0.20476196927254972,0.03566944670908964
2025-11-07 09:49:00,32.45,32.45,32.45,32.45,10,324.5,32.425,32.9025,34.38291666666667,-0.1468308382688548,-0.19317574307181076,0.04634490480295597
2025-11-07 10:05:00,32.45,32.45,32.45,32.45,100,3245.0,32.397499999999994,32.885000000000005,34.36604166666667,-0.12771606181845385,-0.1800838068211394,0.05236774500268554
2025-11-07 10:17:00,32.45,32.45,32.45,32.45,2000,64900.0,32.37,32.87083333333333,34.33833333333333,-0.11128464366706936,-0.1663239741903254,0.05503933052325605
2025-11-07 10:57:00,32.45,32.45,32.45,32.45,50,1622.5,32.3425,32.84833333333333,34.318125,-0.09714282438986288,-0.15248774423023292,0.055344919840370044
2025-11-07 11:30:00,32.45,32.45,32.45,32.45,1000,32450.0,32.315,32.82416666666667,34.30166666666667,-0.08495601071809489,-0.13898139752780533,0.054025386809710446
2025-11-07 11:31:00,32.45,32.45,32.45,32.45,1000,32450.0,32.3375,32.8,34.285624999999996,-0.07443977766223497,-0.12607307355469127,0.0516332958924563
2025-11-10 09:33:00,32.6,32.6,32.6,32.6,100,3260.0,32.3275,32.79666666666667,34.270208333333336,-0.05338643520921238,-0.11153574588559549,0.05814931067638311
2025-11-10 12:19:00,31.4,32.5,31.4,31.5,6000,189800.0,32.2625,32.75666666666667,34.249375,-0.12403254656129548,-0.1140351060207355,-0.009997440540559982
2025-11-10 12:25:00,32.65,32.65,32.65,32.65,10,326.5,32.305,32.7425,34.233125,-0.08623069595040533,-0.10847422400666948,0.022243528056264145
2025-11-10 14:02:00,31.35,32.0,31.3,31.3,14934,468630.4,32.260000000000005,32.69833333333333,34.211875,-0.16332348312477762,-0.11944407583029112,-0.0438794072944865
2025-11-10 14:45:00,31.45,31.45,31.45,31.45,32,1006.4,32.222500000000004,32.66166666666667,34.18895833333333,-0.20989676671580781,-0.1375346140073945,-0.07236215270841331
2025-11-10 14:48:00,31.2,31.35,31.1,31.1,11300,351955.0,32.1425,32.625,34.16854166666667,-0.2719140485410776,-0.16441050091413115,-0.10750354762694644
2025-11-10 14:57:00,31.35,31.35,31.35,31.35,20,627.0,32.075,32.595,34.14833333333333,-0.2974613314692398,-0.1910206670251529,-0.1064406644440869
2025-11-11 09:16:00,31.35,31.35,31.35,31.35,2000,62700.0,32.042500000000004,32.5525,34.12833333333334,-0.3140871362537574,-0.21563396087087383,-0.09845317538288356
2025-11-11 09:57:00,31.35,31.35,31.35,31.35,750,23512.5,32.03,32.524166666666666,34.108958333333334,-0.3235337110991452,-0.23721391091652813,-0.08631980018261706
2025-11-11 10:49:00,31.4,31.4,31.4,31.4,500,15700.0,32.025,32.495,34.089166666666664,-0.3232592758800088,-0.2544229839092243,-0.0688362919707845
2025-11-11 10:51:00,31.4,31.4,31.4,31.4,2000,62800.0,31.975,32.465833333333336,34.068958333333335,-0.31936039613988854,-0.26741046635535715,-0.05194992978453139
2025-11-11 10:53:00,31.45,31.45,31.45,31.45,9000,283050.0,31.927500000000002,32.43916666666667,34.04895833333333,-0.3086776795783699,-0.2756639089999597,-0.033013770578410206
2025-11-11 11:44:00,32.7,32.7,32.7,32.7,1,32.7,31.937500000000007,32.434999999999995,34.034166666666664,-0.19707523578141561,-0.2599461743562509,0.06287093857483528
2025-11-11 12:06:00,32.7,32.7,32.7,32.7,20,654.0,31.95,32.431666666666665,34.01895833333334,-0.10739155205695283,-0.22943524989639127,0.12204369783943844
2025-11-11 13:55:00,31.4,31.5,31.1,31.2,32000,999700.0,31.8875,32.403333333333336,33.998124999999995,-0.1555608419929797,-0.21466036831570898,0.05909952632272927
2025-11-11 14:37:00,31.25,31.25,31.25,31.25,6,187.5,31.827500000000004,32.375,33.975,-0.18753893704834823,-0.20923608206223684,0.021697145013888613
2025-11-12 09:01:00,31.25,31.25,31.25,31.25,3000,93750.0,31.767500000000002,32.346666666666664,33.95583333333333,-0.21045580426211785,-0.20948002650221306,-0.000975777759904789
2025-11-12 09:02:00,31.3,31.3,31.3,31.3,6000,187800.0,31.709999999999997,32.31916666666667,33.936875,-0.22202365402490187,-0.21198875200675082,-0.010034902018151048
2025-11-12 10:03:00,31.35,31.35,31.35,31.35,1000,31350.0,31.655,32.29166666666667,33.918125,-0.22456799610087685,-0.21450460082557607,-0.010063395275300785
2025-11-12 10:05:00,31.35,31.35,31.35,31.35,1000,31350.0,31.6,32.26416666666667,33.89833333333333,-0.22400224705953775,-0.21640413007236842,-0.007598116987169334
2025-11-12 10:20:00,31.35,31.35,31.35,31.35,100,3135.0,31.5375,32.236666666666665,33.875416666666666,-0.22100626422589897,-0.21732455690307456,-0.0036817073228244124
2025-11-12 12:04:00,31.2,31.35,31.2,31.35,4000,124950.0,31.529999999999994,32.20916666666667,33.857708333333335,-0.21614039432232346,-0.21708772438692436,0.0009473300646009042
2025-11-12 12:05:00,31.3,31.3,31.3,31.3,5000,156500.0,31.4625,32.18333333333333,33.83875,-0.21385356867909877,-0.21644089324535928,0.0025873245662605127
2025-11-12 12:23:00,31.4,31.4,31.4,31.4,1000,31400.0,31.4675,32.1625,33.819583333333334,-0.20164761048364355,-0.21348223669301614,0.01183462620937259
2025-11-12 14:43:00,31.45,31.45,31.45,31.45,32,1006.4,31.4675,32.14,33.800625,-0.18579795536773958,-0.20794538042796085,0.02214742506022127
2025-11-13 10:10:00,31.45,31.45,31.45,31.45,20,629.0,31.484999999999996,32.1175,33.781666666666666,-0.17126277879125595,-0.2006088601006199,0.029346081309363947
2025-11-13 11:23:00,31.45,31.45,31.45,31.45,1000,31450.0,31.490000000000002,32.095,33.76208333333333,-0.1579231073562184,-0.19207170955173963,0.03414860219552124
2025-11-13 12:12:00,31.15,31.25,31.15,31.25,6000,187200.0,31.485000000000003,32.06916666666667,33.74166666666667,-0.16162652025063906,-0.18598267169151955,0.02435615144088049
2025-11-13 13:11:00,31.4,31.4,31.4,31.4,1000,31400.0,31.4875,32.045833333333334,33.721875,-0.1507203449371417,-0.178930206340644,0.02820986140350229
2025-11-13 13:19:00,31.4,31.4,31.4,31.4,2000,62800.0,31.4875,32.0225,33.702708333333334,-0.14045800992015955,-0.1712357670565471,0.030777757136387557
2025-11-14 10:05:00,31.45,31.45,31.45,31.45,20,629.0,31.490000000000002,32.0,33.683125,-0.12682845388212627,-0.16235430442166296,0.03552585053953669
2025-11-14 11:17:00,31.45,31.45,31.45,31.45,50,1572.5,31.49,31.977500000000003,33.66541666666667,-0.11470468828101588,-0.15282438119353356,0.03811969291251768
2025-11-14 14:06:00,31.45,31.45,31.45,31.45,2,62.9,31.4275,31.948333333333334,33.645625,-0.10389883559318491,-0.14303927207346384,0.03914043648027893
2025-11-14 14:32:00,31.4,31.4,31.4,31.4,276,8666.400000000001,31.3625,31.918333333333333,33.625625,-0.0982372833666112,-0.1340788743320933,0.03584159096548212
2025-11-17 09:34:00,31.35,31.35,31.35,31.35,1000,31350.0,31.369999999999997,31.894166666666667,33.60541666666667,-0.09667068508805698,-0.12659723648328605,0.029926551395229067
2025-11-17 09:42:00,31.4,31.4,31.4,31.4,30,942.0,31.377499999999998,31.8675,33.58541666666667,-0.09035302905684617,-0.11934839499799807,0.0289953659411519
2025-11-17 13:48:00,31.15,31.25,31.05,31.15,26247,816755.85,31.372499999999995,31.836666666666666,33.564375000000005,-0.10431665434228776,-0.11634204686685602,0.01202539252456826
2025-11-17 13:49:00,31.0,31.1,31.0,31.05,8000,248400.0,31.360000000000003,31.804166666666667,33.543124999999996,-0.12204523079849139,-0.11748268365318311,-0.004562547145308279
2025-11-17 14:43:00,31.05,31.05,31.05,31.05,1000,31050.0,31.345,31.771666666666665,33.524375,-0.1345443122864154,-0.12089500937982957,-0.013649302906585822
2025-11-18 09:13:00,30.9,30.9,30.9,30.9,2000,61800.0,31.322499999999998,31.753333333333334,33.50395833333334,-0.15476958339762348,-0.12766992418338835,-0.027099659214235128
2025-11-18 09:42:00,31.05,31.05,31.05,31.05,100,3105.0,31.307499999999997,31.72416666666667,33.48520833333333,-0.15688602562552134,-0.13351314447181495,-0.023372881153706393
2025-11-18 14:57:00,30.95,30.95,30.95,30.95,1000,30950.0,31.287499999999994,31.693333333333335,33.46541666666667,-0.16473353989950468,-0.1397572235573529,-0.024976316342151778
2025-11-19 09:22:00,31.0,31.0,31.0,31.0,1000,31000.0,31.272499999999997,31.680000000000003,33.44416666666667,-0.16501596800705087,-0.1448089724472925,-0.020206995559758384
2025-11-19 12:45:00,31.0,31.0,31.0,31.0,15,465.0,31.252499999999998,31.660000000000004,33.422916666666666,-0.16335671973795485,-0.14851852190542497,-0.014838197832529876
2025-11-19 14:55:00,30.8,30.8,30.8,30.8,2000,61600.0,31.22,31.636666666666667,33.40333333333333,-0.17614953981500747,-0.1540447254873415,-0.022104814327665978
2025-11-20 10:18:00,31.0,31.0,31.0,31.0,20,620.0,31.1975,31.608333333333334,33.38458333333333,-0.16821058643019526,-0.15687789767591226,-0.011332688754283005
2025-11-20 10:24:00,30.7,30.7,30.0,30.0,19000,575600.0,31.125,31.563333333333333,33.36208333333333,-0.23984575871923752,-0.17347146988457732,-0.0663742888346602
2025-11-20 11:14:00,29.9,30.0,29.9,30.0,6000,179700.0,31.0625,31.529999999999998,33.33958333333333,-0.2932368964531733,-0.19742455519829655,-0.09581234125487675
2025-11-20 11:16:00,30.1,30.1,30.0,30.0,6000,180300.0,30.9925,31.503333333333334,33.31625,-0.3317258289062188,-0.22428480993988104,-0.10744101896633779
2025-11-20 11:34:00,29.85,30.0,29.8,29.8,10137,302351.3,30.9125,31.475,33.29208333333333,-0.37405504004286527,-0.2542388559604779,-0.11981618408238737
2025-11-20 11:35:00,29.9,29.9,29.9,29.9,4000,119600.0,30.834999999999997,31.433333333333334,33.270208333333336,-0.3949790084257856,-0.28238688645353943,-0.11259212197224616
2025-11-20 11:37:00,30.05,30.05,30.05,30.05,3000,90150.0,30.765000000000004,31.394166666666667,33.24833333333333,-0.3949054337010054,-0.30489059590303264,-0.09001483779797276
2025-11-20 11:39:00,30.1,30.1,30.0,30.0,9000,270600.0,30.692500000000003,31.352500000000003,33.2275,-0.39433604685165946,-0.32277968609275803,-0.07155636075890143
2025-11-20 13:08:00,30.1,30.1,30.1,30.1,1000,30100.0,30.627500000000005,31.313333333333333,33.20708333333333,-0.38141887998278534,-0.3345075248707635,-0.046911355112021824
2025-11-20 13:09:00,30.1,30.1,30.0,30.0,8000,240300.0,30.560000000000002,31.272499999999997,33.18625,-0.37492914662417576,-0.342591849221446,-0.03233729740272978
2025-11-20 13:10:00,30.0,30.0,30.0,30.0,4000,120000.0,30.490000000000002,31.231666666666666,33.165,-0.3655719008688614,-0.34718785955092907,-0.01838404131793231
2025-11-20 13:16:00,30.5,30.7,30.5,30.7,6000,183600.0,30.4675,31.2025,33.14666666666667,-0.2982342080307241,-0.3373971292468881,0.03916292121616399
2025-11-20 15:00:00,31.15,31.15,31.15,31.15,1000,31150.0,30.472499999999997,31.180833333333336,33.13,-0.20618064004607461,-0.3111538314067254,0.10497319136065081
2025-11-21 10:34:00,31.05,31.05,31.05,31.05,10,310.5,30.472500000000004,31.157500000000002,33.113749999999996,-0.13968646980116617,-0.27686035908561357,0.1371738892844474
2025-11-24 09:48:00,31.1,31.1,31.1,31.1,10,311.0,30.482500000000005,31.134999999999998,33.09708333333334,-0.08200942508164033,-0.23789017228481893,0.1558807472031786
2025-11-24 09:51:00,31.1,31.1,31.1,31.1,2,62.2,30.484999999999996,31.110000000000003,33.08145833333334,-0.03588627693862989,-0.19748939321558112,0.16160311627695123
2025-11-24 12:27:00,30.1,30.1,30.1,30.1,3000,90300.0,30.442500000000003,31.086666666666666,33.06166666666667,-0.07911302666204634,-0.1738141199048742,0.09470109324282786
2025-11-24 12:53:00,30.9,30.9,30.1,30.1,10100,307810.0,30.3975,31.04416666666667,33.041250000000005,-0.11207856531529359,-0.1614670089869581,0.049388443671664506
2025-11-24 12:54:00,30.1,30.1,30.0,30.0,6000,180300.0,30.347500000000004,31.0225,33.02041666666667,-0.14460622590897643,-0.15809485237136178,0.013488626462385356
2025-11-25 10:56:00,30.5,30.5,30.5,30.5,10,305.0,30.3325,31.006666666666668,33.00208333333333,-0.12855688619281125,-0.15218725913565168,0.023630372942840427
2025-11-25 11:57:00,30.5,30.5,30.5,30.5,3000,91500.0,30.307499999999997,30.99666666666667,32.983958333333334,-0.11451758144432844,-0.14465332359738703,0.030135742153058587
2025-11-26 11:42:00,31.2,31.2,31.2,31.2,10,312.0,30.3675,30.994166666666665,32.970625,-0.04637262665341879,-0.12499718420859338,0.07862455755517458
2025-11-26 13:43:00,31.2,31.2,31.2,31.2,2,62.4,30.4275,30.991666666666667,32.95729166666667,0.0075457581731157575,-0.09848859573225155,0.1060343539053673
2025-11-27 11:19:00,31.1,31.1,31.1,31.1,1,31.1,30.482499999999998,30.9875,32.941250000000004,0.04172630744549366,-0.07044561509670251,0.11217192254219617
2025-11-28 12:12:00,31.1,31.1,31.1,31.1,10,311.0,30.547500000000003,30.9825,32.92520833333333,0.06803042659114311,-0.042750406759133386,0.1107808333502765
2025-11-28 12:43:00,29.7,29.95,29.7,29.95,4001,119079.95,30.55,30.958333333333332,32.90416666666667,-0.003874100307182715,-0.03497514546874325,0.031101045161560537
2025-11-28 12:44:00,29.8,29.8,29.8,29.8,1000,29800.0,30.5375,30.930833333333332,32.8825,-0.07213121852886673,-0.04240636008076795,-0.029724858448098773
2025-11-28 12:46:00,29.65,29.65,29.65,29.65,5000,148250.0,30.52,30.880000000000003,32.864375,-0.13675282148285106,-0.06127565236118458,-0.07547716912166648
2025-11-28 12:47:00,29.8,29.8,29.6,29.6,5200,154010.0,30.494999999999997,30.828333333333333,32.845625,-0.18981244976323097,-0.08698301184159388,-0.1028294379216371
2025-11-28 12:48:00,29.7,29.8,29.7,29.8,3000,89300.0,30.484999999999996,30.805,32.82833333333333,-0.21326586280611437,-0.11223958203449799,-0.10102628077161638
2025-11-28 12:49:00,29.7,29.7,29.7,29.7,2000,59400.0,30.47,30.779166666666665,32.80979166666666,-0.2371878717393585,-0.13722923997547012,-0.09995863176388839
2025-11-28 12:52:00,29.7,29.7,29.6,29.6,8000,237100.0,30.415000000000003,30.751666666666665,32.790625,-0.26120439871851886,-0.16202427172407988,-0.09918012699443898
2025-11-28 12:54:00,29.7,29.7,29.7,29.7,3000,89100.0,30.3425,30.725,32.771875,-0.26906686972818505,-0.18343279132490092,-0.08563407840328413
2025-11-28 12:55:00,29.8,30.0,29.8,30.0,7000,209500.0,30.29,30.702499999999997,32.74854166666667,-0.2482290123172035,-0.19639203552336146,-0.051836976793842054
2025-11-28 13:34:00,31.0,31.0,31.0,31.0,10,310.0,30.284999999999997,30.696666666666665,32.73,-0.14930215523091306,-0.1869740594648718,0.03767190423395875
2025-11-28 15:00:00,30.95,30.95,30.95,30.95,1000,30950.0,30.277500000000003,30.69,32.712291666666665,-0.07408251329457727,-0.1643957502308129,0.09031323693623564
2025-12-01 12:07:00,31.0,31.0,31.0,31.0,10,310.0,30.3225,30.684166666666666,32.69479166666667,-0.010316896241388207,-0.13357997943292796,0.12326308319153975
2025-12-02 10:05:00,31.05,31.05,31.05,31.05,10,310.5,30.369999999999997,30.68,32.677708333333335,0.04374809599392293,-0.09811436434755778,0.1418624603414807
2025-12-03 11:18:00,31.05,31.05,31.05,31.05,10,310.5,30.422500000000003,30.674166666666665,32.660625,0.08560815434359625,-0.061369860609326976,0.14697801495292323
2025-12-03 12:47:00,31.05,31.05,31.05,31.05,20,621.0,30.45,30.667500000000004,32.643541666666664,0.11742890485295732,-0.02561010751687011,0.1430390123698274
2025-12-03 13:49:00,29.85,29.85,29.85,29.85,1000,29850.0,30.4175,30.640833333333333,32.62145833333333,0.04529497542464611,-0.011429090928566862,0.056724066353212976
2025-12-03 14:04:00,31.05,31.05,31.05,31.05,10,310.5,30.409999999999997,30.634166666666665,32.604166666666664,0.08399010222098724,0.007654747701343964,0.07633535451964328
2025-12-04 11:39:00,31.05,31.05,31.05,31.05,10,310.5,30.402500000000003,30.63083333333333,32.58708333333333,0.11334964484237631,0.028793727129550438,0.08455591771282586
2025-12-05 10:21:00,31.1,31.3,31.0,31.3,173000,5414100.0,30.4125,30.629166666666666,32.571041666666666,0.15500342159882408,0.05403566602340518,0.1009677555754189
2025-12-05 11:27:00,31.0,31.0,31.0,31.0,1000,31000.0,30.4075,30.622500000000002,32.55375,0.16194010228722178,0.07561655327616851,0.08632354901105327
2025-12-08 10:49:00,31.0,31.0,31.0,31.0,10,310.0,30.46,30.615000000000002,32.537708333333335,0.16552935237315225,0.09359911309556526,0.07193023927758699
2025-12-08 12:52:00,31.0,31.0,31.0,31.0,5,155.0,30.52,30.6075,32.52104166666667,0.16645506851029523,0.10817030417851127,0.058284764331783964
2025-12-08 13:37:00,29.85,29.85,29.85,29.85,2000,59700.0,30.53,30.58083333333333,32.50416666666667,0.07354552909056622,0.10124534916092226,-0.02769982007035604
2025-12-08 13:41:00,31.0,31.0,31.0,31.0,10,310.0,30.6,30.574166666666667,32.49208333333333,0.09165292095157085,0.099326863519052,-0.0076739425674811484
2025-12-09 12:13:00,31.0,31.0,31.0,31.0,10,310.0,30.660000000000004,30.56833333333333,32.474583333333335,0.10479514624493191,0.10042052006422798,0.0043746261807039305
2025-12-09 13:05:00,29.85,29.95,29.85,29.95,3001,89579.95,30.672500000000003,30.54416666666667,32.452708333333334,0.03013683106172138,0.08636378226372667,-0.056226951202005285
2025-12-09 13:07:00,29.8,29.9,29.75,29.85,12008,358088.8,30.684999999999995,30.522499999999997,32.430416666666666,-0.03667679856685169,0.061755666097610996,-0.09843246466446268
2025-12-09 13:08:00,29.85,29.9,29.75,29.75,3000,89500.0,30.6875,30.500833333333333,32.40770833333333,-0.09658289814973031,0.03008795324814273,-0.12667085139787304
2025-12-10 10:06:00,30.95,30.95,30.95,30.95,10,309.5,30.735000000000003,30.499166666666667,32.39,-0.04669072092093174,0.014732218414327833,-0.06142293933525957
2025-12-10 11:08:00,30.95,30.95,30.95,30.95,2,61.9,30.732500000000005,30.5,32.375625,-0.007069320289584624,0.01037191067354534,-0.017441230963129967
2025-12-10 12:49:00,30.95,30.95,30.95,30.95,1,30.95,30.732499999999998,30.498333333333335,32.36020833333333,0.02405364966704937,0.01310825847224615,0.010945391194803221
2025-12-10 13:16:00,30.95,30.95,30.95,30.95,100,3095.0,30.73,30.49833333333333,32.344791666666666,0.048163627272192144,0.020119332232235353,0.02804429503995679
2025-12-10 13:36:00,30.95,30.95,30.95,30.95,153,4735.35,30.725,30.4975,32.329375,0.06650433762069952,0.02939633330992819,0.037108004310771325
2025-12-11 09:10:00,30.95,30.95,30.95,30.95,1000,30950.0,30.72,30.496666666666666,32.31395833333333,0.08011595584108733,0.039540257816160024,0.040575698024927304
2025-12-11 09:13:00,30.95,30.95,30.95,30.95,2000,61900.0,30.714999999999996,30.499166666666667,32.299166666666665,0.08986732674491194,0.049605671601910414,0.04026165514300152
2025-12-11 09:15:00,31.0,31.0,31.0,31.0,3000,93000.0,30.7725,30.499166666666667,32.28666666666667,0.10047176461264229,0.0597788902040568,0.04069287440858549
2025-12-11 09:26:00,31.2,31.2,31.2,31.2,1000,31200.0,30.78,30.519166666666667,32.275625000000005,0.12358952345929453,0.07254101685510436,0.051048506604190164
2025-12-11 10:04:00,31.2,31.3,31.2,31.3,3000,93700.0,30.792499999999997,30.540833333333335,32.264375,0.14827050804331776,0.08768691509274705,0.06058359295057071
2025-12-11 10:43:00,31.3,31.3,31.3,31.3,2000,62600.0,30.7925,30.5625,32.253125,0.16591776937788794,0.10333308594977524,0.0625846834281127
2025-12-12 09:01:00,31.2,31.2,31.2,31.2,2000,62400.0,30.8025,30.585833333333333,32.241458333333334,0.16987596251034986,0.11664166126189017,0.053234301248459695
2025-12-12 09:30:00,31.4,31.4,31.3,31.3,4000,125500.0,30.817500000000003,30.609166666666667,32.23083333333333,0.17901841054848333,0.1291170111192088,0.04990139942927452
2025-12-12 12:55:00,31.4,31.4,31.4,31.4,1000,31400.0,30.8375,30.631666666666668,32.216458333333335,0.1921184093185495,0.14171729075907696,0.050401118559472546
2025-12-12 13:23:00,31.2,31.3,31.2,31.3,2011,62844.3,30.910000000000004,30.653333333333332,32.20625,0.19221534955927666,0.15181690251911692,0.04039844704015974
2025-12-15 11:54:00,32.4,32.4,32.4,32.4,10,324.0,30.98,30.691666666666666,32.200624999999995,0.27785009932555127,0.1770235418804038,0.10082655744514746
2025-12-15 11:59:00,31.7,31.7,31.7,31.7,10,317.0,31.014999999999997,30.720000000000002,32.19229166666666,0.2859360132526838,0.19880603615485984,0.08712997709782397
2025-12-15 12:06:00,31.7,31.7,31.6,31.6,4000,126600.0,31.097499999999997,30.74666666666667,32.18333333333333,0.2810353929590974,0.21525190751570736,0.06578348544339005
2025-12-15 12:12:00,32.4,32.4,32.4,32.4,1000,32400.0,31.225,30.775,32.176875,0.33781085691188295,0.2397636973949425,0.09804715951694046
2025-12-16 10:07:00,32.4,32.4,32.4,32.4,10,324.0,31.357499999999998,30.795833333333334,32.17041666666667,0.3784433616394267,0.2674996302438394,0.11094373139558733
2025-12-16 12:31:00,30.9,30.9,30.9,30.9,2000,61800.0,31.355,30.793333333333333,32.15770833333333,0.2863070805953143,0.27126112031413435,0.015045960281179938
2025-12-16 12:32:00,31.5,31.5,31.0,31.0,4200,130600.0,31.357499999999998,30.791666666666668,32.14541666666666,0.21883498484171682,0.26077589321965083,-0.041940908377934016
2025-12-16 13:32:00,32.3,32.3,32.3,32.3,10,323.0,31.425,30.811666666666664,32.13854166666667,0.26718208948101463,0.2620571324719236,0.005124957009091047
2025-12-17 09:01:00,32.4,32.4,32.4,32.4,2,64.8,31.497499999999995,30.85,32.132083333333334,0.3099932730077448,0.27164436057908786,0.038348912428656956
2025-12-17 09:02:00,32.4,32.4,32.4,32.4,1000,32400.0,31.57,30.888333333333332,32.12791666666667,0.34000211169099614,0.2853159108014695,0.05468620088952664
2025-12-17 14:13:00,32.4,32.4,31.5,31.5,1100,35550.0,31.597499999999997,30.913333333333334,32.11895833333333,0.28784377035518105,0.2858214827122118,0.002022287642969245
2025-12-18 10:28:00,32.5,32.5,32.5,32.5,10,325.0,31.675,30.946666666666665,32.11354166666667,0.32347078189715006,0.2933513425491995,0.030119439347950583
2025-12-19 10:52:00,32.5,32.5,32.5,32.5,10,325.0,31.75,30.98,32.108125,0.34769740596112086,0.30422055523158376,0.04347685072953711
2025-12-22 09:54:00,32.45,32.45,32.45,32.45,10,324.5,31.8125,31.000833333333336,32.103750000000005,0.35872741164131483,0.31512192651353,0.04360548512778484
2025-12-22 10:55:00,32.45,32.45,32.45,32.45,100,3245.0,31.870000000000005,31.021666666666665,32.09791666666667,0.3632810923122207,0.32475375967326814,0.03852733263895258
2025-12-23 10:13:00,32.5,32.5,32.5,32.5,10,325.0,31.93,31.044999999999998,32.09229166666667,0.36669743936421284,0.3331424956114571,0.03355494375275575
2025-12-23 10:24:00,32.5,32.5,32.35,32.35,2000,64850.0,31.9875,31.065833333333334,32.08604166666667,0.35322936438370434,0.3371598693659066,0.016069495017797752
2025-12-23 12:22:00,32.1,32.1,32.1,32.1,90,2889.0,32.027499999999996,31.101666666666667,32.07895833333333,0.31870902798149814,0.3334697010890249,-0.014760673107526767
2025-12-23 12:23:00,32.1,32.1,32.1,32.1,90,2889.0,32.0625,31.14,32.071875,0.28803116865804057,0.32438199460282807,-0.0363508259447875
2025-12-24 09:19:00,32.5,32.5,32.5,32.5,70,2275.0,32.1225,31.1875,32.06583333333334,0.2926222342176352,0.31803004252578954,-0.02540780830815431
2025-12-24 10:51:00,32.5,32.5,32.5,32.5,1,32.5,32.1275,31.235833333333336,32.05979166666667,0.29288449658805504,0.31300093333824264,-0.020116436750187594
2025-12-24 13:01:00,30.95,30.95,30.95,30.95,2,61.9,32.09,31.255,32.047291666666666,0.1661055340966371,0.2836218534899215,-0.11751631939328444
2025-12-24 13:30:00,32.5,32.5,32.5,32.5,10,325.0,32.135000000000005,31.301666666666666,32.04125,0.1885310702176426,0.26460369683546575,-0.07607262661782316
2025-12-26 10:10:00,32.1,32.5,32.0,32.0,13000,420800.0,32.115,31.341666666666665,32.033125,0.1640663925891772,0.24449623598620804,-0.08042984339703083
2025-12-26 10:31:00,32.4,32.4,32.4,32.4,170,5508.0,32.115,31.386666666666667,32.026666666666664,0.17493803954591058,0.23058459669814857,-0.055646557152237985
2025-12-26 10:36:00,32.6,32.6,32.6,32.6,1000,32600.0,32.2,31.43,32.02104166666667,0.19741653172516038,0.22395098370355096,-0.026534451978390577
2025-12-26 10:42:00,32.6,32.6,32.45,32.45,3000,97650.0,32.272499999999994,31.454166666666666,32.01479166666667,0.2008123129855406,0.2193232495599489,-0.018510936574408304
2025-12-26 11:09:00,33.65,33.65,33.65,33.65,1000,33650.0,32.339999999999996,31.499166666666667,32.01354166666667,0.29691086168828207,0.23484077198561554,0.06207008970266653
2025-12-26 13:04:00,33.95,33.95,33.95,33.95,30,1018.5,32.417500000000004,31.548333333333336,32.0125,0.39274977179227477,0.26642257194694746,0.1263271998453273
2025-12-26 15:00:00,33.75,33.75,33.6,33.6,4000,134850.0,32.477500000000006,31.590833333333332,32.01020833333333,0.4354412281781208,0.30022630319318216,0.13521492498493864
2025-12-29 09:36:00,34.05,34.05,34.05,34.05,3000,102150.0,32.605000000000004,31.640833333333333,32.010416666666664,0.4998240931165654,0.34014586117785883,0.15967823193870656
2025-12-29 09:37:00,34.1,34.15,34.0,34.0,12000,409050.0,32.68,31.689999999999998,32.00833333333333,0.540581903616868,0.38023306966566073,0.16034883395120725
2025-12-29 09:44:00,33.8,33.8,33.8,33.8,1100,37180.0,32.745000000000005,31.75583333333333,32.006875,0.5503997676428298,0.4142664092610946,0.13613335838173524
2025-12-29 12:17:00,33.85,33.85,33.85,33.85,3000,101550.0,32.815,31.802500000000002,32.00604166666667,0.5558080683168143,0.4425747410722386,0.11323332724457569
2025-12-29 12:30:00,34.2,34.2,34.2,34.2,1000,34200.0,32.902499999999996,31.855000000000004,32.00729166666667,0.5816315737643336,0.4703861076106577,0.11124546615367592
2025-12-29 13:34:00,34.6,34.6,34.6,34.6,30,1038.0,33.0075,31.91,32.010625,0.6271442167928498,0.5017377294470962,0.12540648734575366
2025-12-29 14:56:00,34.6,34.6,34.6,34.6,115,3979.0,33.120000000000005,31.969999999999995,32.013958333333335,0.6556553278061656,0.5325212491189101,0.12313407868725557
2025-12-30 10:24:00,34.4,34.4,34.4,34.4,10,344.0,33.235,32.026666666666664,32.016666666666666,0.6545668213031348,0.5569303635557551,0.09763645774737972
2025-12-30 11:04:00,33.8,33.8,33.8,33.8,200,6760.0,33.32,32.07333333333333,32.016041666666666,0.5983913039995841,0.565222551644521,0.033168752355063114
2025-12-30 11:13:00,33.8,33.8,33.8,33.8,2150,72670.0,33.385000000000005,32.13916666666667,32.01541666666667,0.5475598724483675,0.5616900158052903,-0.014130143356922864
2025-12-30 11:14:00,33.95,33.95,33.95,33.95,3000,101850.0,33.457499999999996,32.18833333333333,32.01625,0.5134604902079829,0.5520441106858288,-0.038583620477845915
2025-12-30 12:52:00,33.5,33.5,33.5,33.5,3000,100500.0,33.584999999999994,32.23,32.014375,0.4449956124959016,0.5306344110478434,-0.08563879855194179
2025-12-30 12:53:00,33.0,33.0,33.0,33.0,3000,99000.0,33.61,32.280833333333334,32.010416666666664,0.34639782383264617,0.49378709360480394,-0.14738926977215777
2025-12-30 14:28:00,34.0,34.0,34.0,34.0,3000,102000.0,33.709999999999994,32.35,32.01083333333333,0.34497337033484854,0.4640243489508129,-0.11905097861596436
2025-12-30 14:29:00,34.1,34.15,33.95,33.95,18000,612600.0,33.7875,32.42,32.011041666666664,0.3359374210663759,0.4384069633739256,-0.10246954230754968
2025-12-30 14:30:00,34.15,34.15,33.95,33.95,5000,170350.0,33.855,32.47,32.01104166666667,0.3250296269549935,0.4157314960901392,-0.09070186913514572
2025-12-30 14:31:00,34.1,34.2,34.1,34.2,7000,239300.0,33.9425,32.524166666666666,32.01208333333334,0.3327226130277836,0.3991297194776681,-0.06640710644988451
2025-12-31 09:48:00,34.5,34.5,34.5,34.5,10,345.0,33.985,32.583333333333336,32.014375,0.3588897945602767,0.39108173449418987,-0.03219193993391317
2025-12-31 09:49:00,34.5,34.5,34.5,34.5,8000,276000.0,34.0125,32.642500000000005,32.018541666666664,0.37530123542408234,0.3879256346801684,-0.01262439925608605
2025-12-31 10:02:00,34.7,34.7,34.5,34.5,5000,173100.0,34.0575,32.70166666666667,32.02104166666667,0.3838822647569913,0.38711696069553303,-0.003234695938541754
2025-12-31 10:27:00,34.5,34.5,34.5,34.5,500,17250.0,34.08,32.76083333333334,32.02333333333333,0.38623056677271705,0.3869396819109699,-0.000709115138252836
2025-12-31 13:23:00,34.35,34.8,34.35,34.8,1650,56917.5,34.120000000000005,32.825,32.029375,0.40760054052552164,0.3910718536338803,0.01652868689164133
2025-12-31 14:35:00,34.4,34.4,34.4,34.4,24,825.6,34.15,32.88166666666667,32.03125,0.3877895451406772,0.3904153919352397,-0.002625846794562514
2025-12-31 14:46:00,35.0,35.0,34.5,34.6,9000,313300.0,34.1875,32.93833333333333,32.03416666666667,0.3838032718888371,0.38909296792595927,-0.005289696037122149
2025-12-31 14:47:00,34.75,34.75,34.75,34.75,1000,34750.0,34.214999999999996,32.99583333333333,32.0375,0.38827210883524543,0.38892879610781655,-0.0006566872725711215
2025-12-31 14:51:00,35.15,35.15,35.0,35.0,2000,70150.0,34.235,33.0575,32.04208333333334,0.40729160092903527,0.39260135707206034,0.014690243856974927
2026-01-02 09:38:00,35.75,35.75,35.75,35.75,1,35.75,34.2925,33.13333333333333,32.05375,0.4773804725018991,0.40955718015802817,0.06782329234387091
2026-01-02 10:14:00,35.5,35.5,35.5,35.5,120,4260.0,34.347500000000004,33.20333333333333,32.060208333333335,0.5069101528225062,0.4290277746909238,0.07788237813158239
2026-01-02 10:18:00,35.5,35.5,35.5,35.5,1000,35500.0,34.432500000000005,33.27166666666667,32.06666666666667,0.5242691883691535,0.4480760574265698,0.07619313094258368
2026-01-02 10:24:00,35.85,35.85,35.85,35.85,2000,71700.0,34.535,33.3475,32.07458333333333,0.5598152226194557,0.47042389046514704,0.08939133215430867
2026-01-02 10:26:00,35.5,35.5,35.5,35.5,1000,35500.0,34.6125,33.399166666666666,32.081041666666664,0.5533647910763051,0.4870120705873787,0.06635272048892638
2026-01-02 10:28:00,35.25,35.25,35.25,35.25,14,493.5,34.7,33.458333333333336,32.08833333333333,0.5220618627609994,0.49402202902210296,0.028039833738896458
2026-01-02 10:34:00,35.1,35.1,35.1,35.1,1000,35100.0,34.805,33.516666666666666,32.095,0.4796215415708147,0.4911419315318454,-0.011520389961030664
2026-01-02 12:20:00,35.65,35.65,35.65,35.65,2000,71300.0,34.8875,33.57083333333333,32.104791666666664,0.4847794489965054,0.4898694350247775,-0.005089986028272098
2026-01-02 12:44:00,35.65,35.85,35.65,35.85,2000,71500.0,34.9825,33.62833333333334,32.11333333333333,0.4992504083870415,0.49174562969723035,0.007504778689811142
2026-01-02 13:17:00,35.85,35.85,35.7,35.7,2000,71550.0,35.07000000000001,33.708333333333336,32.12083333333333,0.49293277932393664,0.4919830596225717,0.0009497197013649261
2026-01-05 09:02:00,35.85,35.85,35.85,35.85,3000,107550.0,35.1525,33.78916666666667,32.12895833333334,0.4943314143391788,0.4924527305658932,0.0018786837732855943
2026-01-05 09:06:00,35.7,35.7,35.7,35.7,1000,35700.0,35.2125,33.84583333333334,32.141041666666666,0.4778279926065139,0.48952778297401744,-0.01169979036750357
2026-01-05 09:46:00,35.7,35.7,35.7,35.7,1000,35700.0,35.2725,33.90083333333333,32.14854166666667,0.4594526280854083,0.4835127519962957,-0.024060123910887354
2026-01-05 10:05:00,35.7,35.7,35.7,35.7,1000,35700.0,35.332499999999996,33.95583333333333,32.15770833333333,0.4398200475849947,0.4747742111140355,-0.034954163529040794
2026-01-05 10:33:00,35.6,35.6,35.6,35.6,1000,35600.0,35.3875,34.024166666666666,32.16458333333333,0.4114489939440986,0.4621091676800482,-0.05066017373594961
2026-01-05 11:37:00,35.6,35.6,35.6,35.6,1000,35600.0,35.4275,34.075833333333335,32.17270833333334,0.38453208304089515,0.44659375075221763,-0.06206166771132249
2026-01-05 11:41:00,35.75,35.75,35.75,35.75,3000,107250.0,35.495,34.13,32.18291666666667,0.37102701514761094,0.43148040363129636,-0.06045338848368542
2026-01-05 11:47:00,35.6,35.6,35.6,35.6,1000,35600.0,35.545,34.1825,32.193125,0.34425208144035935,0.414034739193109,-0.06978265775274967
2026-01-05 12:05:00,35.6,35.6,35.6,35.6,100,3560.0,35.587500000000006,34.235,32.200208333333336,0.3193514686333643,0.3950980850811601,-0.07574661644779584
2026-01-05 12:08:00,35.6,35.6,35.6,35.6,1000,35600.0,35.61749999999999,34.28666666666667,32.21083333333333,0.2962031085295038,0.3753190897708289,-0.07911598124132507
2026-01-05 12:22:00,35.95,35.95,35.95,35.95,1000,35950.0,35.6275,34.34666666666667,32.222500000000004,0.3026116228808462,0.3607775963928324,-0.05816597351198621
2026-01-05 12:37:00,35.9,35.9,35.9,35.9,1000,35900.0,35.647499999999994,34.41,32.233958333333334,0.30019536919165546,0.34866115095259703,-0.04846578176094157
2026-01-05 12:54:00,35.95,35.95,35.8,35.8,4000,143500.0,35.66250000000001,34.471666666666664,32.24541666666667,0.2869040551138937,0.3363097317848564,-0.049405676670962684
2026-01-05 12:55:00,35.95,35.95,35.95,35.95,2000,71900.0,35.667500000000004,34.52916666666667,32.25791666666667,0.2851868824875723,0.3260851619253996,-0.04089827943782731
2026-01-05 13:46:00,35.95,35.95,35.95,35.95,100,3595.0,35.690000000000005,34.586666666666666,32.270625,0.28059152635597684,0.31698643481151506,-0.03639490845553822
2026-01-05 15:00:00,35.95,35.95,35.95,35.95,1000,35950.0,35.72500000000001,34.67,32.28333333333333,0.2737935518784482,0.30834785822490174,-0.03455430634645351
2026-01-06 09:48:00,35.95,35.95,35.95,35.95,10,359.5,35.7675,34.7275,32.295833333333334,0.26534734906125834,0.2997477563921731,-0.03440040733091476
2026-01-06 09:55:00,35.95,35.95,35.95,35.95,1000,35950.0,35.782500000000006,34.79333333333333,32.30833333333333,0.2557060522778585,0.2909394155693102,-0.035233363291451714
2026-01-06 09:57:00,35.95,35.95,35.95,35.95,300,10785.0,35.7875,34.8525,32.32083333333333,0.24523830064098462,0.2817991925836451,-0.03656089194266049
2026-01-06 10:07:00,35.95,35.95,35.95,35.95,1140,40983.0,35.8,34.90833333333333,32.333125,0.23424233225719604,0.2722878205183553,-0.03804548826115928
2026-01-06 10:36:00,36.05,36.05,36.05,36.05,3000,108150.0,35.809999999999995,34.968333333333334,32.34583333333333,0.23093503700201268,0.2640172638150868,-0.0330822268130741
2026-01-06 10:37:00,35.95,35.95,35.95,35.95,1100,39545.0,35.822500000000005,35.00666666666667,32.358125,0.21773490497015047,0.2547607920460995,-0.03702588707594906
2026-01-06 10:51:00,36.1,36.1,36.1,36.1,1000,36100.0,35.8425,35.0425,32.37104166666667,0.21687742369196883,0.24718411837527338,-0.030306694683304547
2026-01-06 11:20:00,35.95,35.95,35.95,35.95,1000,35950.0,35.855000000000004,35.08166666666667,32.38395833333333,0.2017682583179905,0.23810094636381685,-0.036332688045826345
2026-01-06 12:29:00,35.8,35.8,35.8,35.8,50,1790.0,35.865,35.110833333333325,32.397083333333335,0.1756654278019809,0.22561384265144968,-0.04994841484946877
2026-01-06 12:33:00,35.8,36.2,35.8,36.2,3000,107800.0,35.895,35.1475,32.41125,0.1851214389042326,0.2175153619020063,-0.03239392299777369
2026-01-06 13:28:00,35.8,35.8,35.8,35.8,100,3580.0,35.8975,35.18083333333333,32.423750000000005,0.15851151667489916,0.20571459285658486,-0.047203076181685705
2026-01-06 13:33:00,35.8,35.8,35.8,35.8,1000,35800.0,35.9075,35.21333333333334,32.43625,0.1358568879576083,0.19174305187678958,-0.055886163919181275
2026-01-06 13:35:00,36.2,36.2,36.2,36.2,1000,36200.0,35.9375,35.24666666666666,32.45041666666667,0.148468140239423,0.18308806954931628,-0.03461992930989327
2026-01-06 13:37:00,36.2,36.2,36.2,36.2,1000,36200.0,35.96750000000001,35.27333333333333,32.46458333333333,0.15665680638341684,0.17780181691613642,-0.021145010532719583
2026-01-07 10:07:00,36.05,36.05,36.05,36.05,1000,36050.0,35.972500000000004,35.2975,32.478125,0.1493213532895794,0.17210572419082504,-0.022784370901245632
2026-01-07 10:44:00,36.05,36.05,36.05,36.05,1000,36050.0,35.980000000000004,35.325,32.49166666666667,0.1418725355859749,0.16605908646985504,-0.024186550883880137
2026-01-07 11:00:00,36.05,36.05,36.05,36.05,85,3064.25,35.9925,35.3625,32.505208333333336,0.13441978626735818,0.15973122642935567,-0.02531144016199749
2026-01-07 11:42:00,36.2,36.2,36.2,36.2,28,1013.6,36.005,35.4025,32.51770833333334,0.13901470020557127,0.1555879211845988,-0.016573220979027525
2026-01-07 11:49:00,36.2,36.2,36.2,36.2,2000,72400.0,36.0175,35.43999999999999,32.530208333333334,0.14103049089555952,0.15267643512679097,-0.011645944231231442
2026-01-07 11:51:00,37.4,37.4,37.4,37.4,10,374.0,36.089999999999996,35.504999999999995,32.549375000000005,0.2367291247307861,0.16948697304759,0.06724215168319611
2026-01-07 14:04:00,37.4,37.45,37.0,37.45,8200,305550.0,36.165000000000006,35.579166666666666,32.56791666666667,0.3129975230378079,0.19818908304563362,0.1148084399921743
2026-01-07 14:41:00,37.65,37.75,37.4,37.4,7230,272202.0,36.2375,35.63583333333333,32.58625,0.3651964388277733,0.23159055420206157,0.13360588462571174
2026-01-07 14:55:00,37.9,37.9,37.9,37.9,3,113.7,36.335,35.70166666666667,32.60666666666667,0.44181728238028484,0.27363589983770625,0.16818138254257858
2026-01-07 14:56:00,37.5,37.6,37.45,37.6,8000,300200.0,36.417500000000004,35.7625,32.62583333333334,0.4728812790965833,0.3134849756894817,0.1593963034071016
2026-01-08 09:01:00,37.45,37.45,37.45,37.45,3000,112350.0,36.4875,35.81666666666667,32.64854166666667,0.47986439585042007,0.3467608597216694,0.13310353612875064
2026-01-08 09:04:00,37.55,37.55,37.55,37.55,10,375.5,36.5675,35.86749999999999,32.66833333333334,0.4878441665737867,0.3749775210920929,0.11286664548169378
2026-01-08 09:14:00,37.55,37.6,37.55,37.6,5000,187900.0,36.6425,35.91916666666667,32.68833333333333,0.4925252500000852,0.39848706687369145,0.09403818312639373
2026-01-08 09:17:00,37.4,37.4,37.4,37.4,3000,112200.0,36.715,35.967499999999994,32.711666666666666,0.47462552618877396,0.413714758736708,0.06091076745206597
2026-01-08 09:18:00,37.55,37.55,37.35,37.35,4300,161205.0,36.792500000000004,36.015,32.733125,0.45120408415782265,0.42121262382093094,0.029991460336891707
2026-01-08 09:19:00,37.6,37.6,37.4,37.45,7000,262500.0,36.855000000000004,36.05916666666667,32.755,0.4356892326047088,0.4241079455776866,0.011581287027022213
2026-01-08 09:21:00,38.0,38.0,38.0,38.0,5,190.0,36.964999999999996,36.119166666666665,32.77708333333334,0.46244324654337987,0.43177500577082534,0.030668240772554534
2026-01-08 09:27:00,38.0,38.0,38.0,38.0,2000,76000.0,37.075,36.17583333333334,32.799166666666665,0.4781343600674859,0.44104687663015746,0.03708748343732843
2026-01-08 09:35:00,38.9,38.9,38.9,38.9,5,194.5,37.21,36.245000000000005,32.82791666666667,0.556774014708111,0.4641923042457482,0.09258171046236285
2026-01-08 09:36:00,38.9,38.9,38.9,38.9,1000,38900.0,37.345,36.31000000000001,32.858333333333334,0.6120412767233248,0.4937620987412636,0.11827917798206117
2026-01-08 09:43:00,37.45,37.45,37.45,37.45,70,2621.5,37.415,36.33833333333334,32.883125,0.5326974930973734,0.5015491776124856,0.031148315484887723
2026-01-08 09:48:00,39.0,39.0,39.0,39.0,5,195.0,37.5625,36.39666666666667,32.910625,0.5881096570018585,0.5188612734903602,0.06924838351149831
2026-01-08 10:47:00,37.45,37.6,37.2,37.2,13000,486150.0,37.62,36.425,32.930625,0.4812318975879748,0.5113353983098831,-0.03010350072190826
2026-01-08 10:53:00,37.35,37.35,37.35,37.35,3000,112050.0,37.6775,36.45,32.950833333333335,0.4039774490718102,0.4898638084622685,-0.0858863593904583
2026-01-08 10:55:00,37.5,37.5,37.5,37.5,405,15187.5,37.7425,36.483333333333334,32.971875,0.35081253984608196,0.46205355473903126,-0.1112410148929493
2026-01-08 10:56:00,37.5,37.5,37.2,37.2,4000,149400.0,37.7325,36.51583333333333,32.99166666666667,0.28122963330346806,0.42588877045191864,-0.14465913714845058
2026-01-08 11:02:00,37.2,37.2,37.2,37.2,1000,37200.0,37.72,36.55083333333334,33.01145833333333,0.22350821497744278,0.38541265935702346,-0.16190444437958068
2026-01-08 11:12:00,37.35,37.35,37.35,37.35,1000,37350.0,37.7175,36.579166666666666,33.031875,0.18770359133195313,0.34587084575200944,-0.1581672544200563
2026-01-08 11:44:00,37.35,37.35,37.35,37.35,1000,37350.0,37.690000000000005,36.604166666666664,33.05229166666667,0.1575124635033589,0.30819916930227936,-0.15068670579892046
2026-01-08 11:46:00,37.35,37.35,37.0,37.0,859,32043.75,37.660000000000004,36.62583333333334,33.07125,0.10414320422450629,0.2673879762867248,-0.1632447720622185
2026-01-08 12:27:00,37.0,37.0,37.0,37.0,2000,74000.0,37.6375,36.645,33.09020833333334,0.061142864855320056,0.22613895400044381,-0.16499608914512376
2026-01-08 13:33:00,37.15,37.15,37.15,37.15,1000,37150.0,37.6175,36.66916666666667,33.10916666666667,0.03872216745946133,0.18865559669224732,-0.149933429232786
2026-01-08 13:47:00,37.15,37.15,37.15,37.15,1000,37150.0,37.595,36.69333333333334,33.13270833333333,0.02071481573952383,0.15506744050170262,-0.1343526247621788
2026-01-09 09:30:00,36.3,36.3,36.3,36.3,3000,108900.0,37.54,36.70333333333333,33.14791666666667,-0.06143584234008159,0.11176678393334577,-0.17320262627342736
2026-01-09 09:34:00,37.6,37.6,37.6,37.6,10,376.0,37.552499999999995,36.736666666666665,33.174166666666665,-0.021395066278920183,0.08513441389089257,-0.10652948016981276
2026-01-09 10:26:00,36.1,36.1,36.1,36.1,1000,36100.0,37.485,36.745,33.19354166666667,-0.10943838912240267,0.04621985328823352,-0.1556582424106362
2026-01-09 10:32:00,36.1,36.1,36.1,36.1,1000,36100.0,37.39,36.75083333333334,33.214375,-0.1771710393374164,0.0015416747631035227,-0.17871271410051992
2026-01-09 10:40:00,37.6,37.6,37.6,37.6,10,376.0,37.370000000000005,36.78416666666667,33.24041666666667,-0.10856076769005796,-0.020478813727528782,-0.08808195396252917
2026-01-09 11:00:00,37.6,37.6,37.6,37.6,1000,37600.0,37.30499999999999,36.8175,33.26645833333334,-0.05356912161090577,-0.027096875304204186,-0.026472246306701582
2026-01-09 12:04:00,37.35,37.35,37.2,37.2,7000,260850.0,37.22,36.844166666666666,33.29083333333333,-0.04178285620290012,-0.030034071483943374,-0.011748784718956747
2026-01-09 12:06:00,37.55,37.55,37.55,37.55,3000,112650.0,37.225,36.87083333333333,33.31645833333334,-0.004152216852432389,-0.024857700557641176,0.020705483705208787
2026-01-09 12:15:00,37.8,37.8,37.8,37.8,1000,37800.0,37.165000000000006,36.9025,33.343125,0.04532081644895669,-0.0108219971563216,0.05614281360527829
2026-01-09 12:21:00,37.25,37.25,37.2,37.2,5000,186150.0,37.165,36.92583333333334,33.36708333333333,0.035702015571708046,-0.001517194610715668,0.03721921018242371
2026-01-09 13:41:00,37.35,37.35,37.35,37.35,10,373.5,37.165,36.94916666666666,33.38645833333333,0.03972486940780584,0.006731218192988637,0.032993651214817205
2026-01-09 14:14:00,37.35,37.35,37.35,37.35,100,3735.0,37.1575,36.972500000000004,33.405833333333334,0.04242397290438049,0.013869769135267012,0.02855420376911348
2026-01-12 09:01:00,37.35,46.15,37.35,46.15,27510,1095760.0,37.605000000000004,37.1425,33.468125,0.7460494930466552,0.1603057139175447,0.5857437791291106
2026-01-12 09:02:00,43.85,46.0,40.0,43.7,18690,788530.0,37.93,37.27166666666667,33.52,1.0933794647473434,0.3469204640835045,0.7464590006638389
2026-01-12 09:03:00,38.85,44.7,38.85,44.7,11340,481494.0,38.2975,37.417500000000004,33.57604166666667,1.432816001381802,0.5640995715431641,0.868716429838638
2026-01-12 09:04:00,43.85,45.1,40.85,45.1,11721,505331.0,38.684999999999995,37.57,33.633541666666666,1.7143367522904924,0.7941470076926299,0.9201897445978625
2026-01-12 09:05:00,45.1,45.2,44.95,45.15,12200,549450.0,39.092499999999994,37.723333333333336,33.69104166666667,1.919353445996272,1.0191882953533584,0.9001651506429136
2026-01-12 09:06:00,45.15,45.2,45.05,45.1,10139,457818.0,39.497499999999995,37.87416666666666,33.748333333333335,2.0541174829908755,1.226174132880862,0.8279433501100135
2026-01-12 09:07:00,45.1,45.5,45.1,45.35,14154,640045.0,39.9075,38.03083333333334,33.806666666666665,2.156236116157686,1.4121865295362268,0.7440495866214591
2026-01-12 09:08:00,45.1,45.35,45.05,45.35,3500,158085.0,40.3175,38.18500000000001,33.864999999999995,2.2116711009333088,1.5720834438156435,0.6395876571176653
2026-01-12 09:09:00,45.35,45.35,45.05,45.05,12200,552182.0,40.755,38.336666666666666,33.922291666666666,2.205967216060266,1.6988601982645681,0.5071070177956978
2026-01-12 09:10:00,46.15,46.15,45.35,45.35,3200,146720.0,41.1425,38.495833333333344,33.98041666666667,2.200290756788675,1.7991463099693898,0.4011444468192853
2026-01-12 09:11:00,45.2,46.15,45.2,46.15,20404,929282.0,41.644999999999996,38.66166666666666,34.041666666666664,2.234586513692264,1.8862343507139647,0.3483521629782993
2026-01-12 09:12:00,46.3,46.3,46.0,46.0,13500,621750.0,42.14,38.83166666666667,34.102291666666666,2.224025223360968,1.9537925252433657,0.2702326981176024
2026-01-12 09:13:00,46.3,46.3,45.1,46.3,7080,323880.0,42.575,39.00666666666667,34.16416666666667,2.214337315285327,2.0059014832517583,0.20843583203356886
2026-01-12 09:14:00,45.2,45.2,45.2,45.2,1000,45200.0,42.955,39.156666666666666,34.22229166666667,2.093763172886632,2.023473821178733,0.07028935170789907
2026-01-12 09:15:00,45.2,46.15,45.2,45.2,4400,200150.0,43.355000000000004,39.306666666666665,34.27979166666667,1.9754357032251306,2.0138661975880128,-0.03843049436288215
2026-01-12 09:16:00,45.2,45.25,45.2,45.25,1050,47510.0,43.74,39.46000000000001,34.3375,1.8642055124279366,1.9839340605559976,-0.119728548128061
2026-01-12 09:17:00,45.25,45.4,45.2,45.2,22100,1001075.0,44.11,39.6125,34.39479166666667,1.7518262402942142,1.9375124965036412,-0.18568625620942703
2026-01-12 09:18:00,45.2,45.35,45.2,45.35,11000,497950.0,44.5175,39.7675,34.45270833333334,1.6557817821803908,1.8811663536389915,-0.2253845714586007
2026-01-12 09:19:00,46.15,46.15,46.15,46.15,200,9230.0,44.9575,39.93333333333333,34.513958333333335,1.6254816308697784,1.830029409085149,-0.20454777821537062
2026-01-12 09:20:00,45.15,45.15,45.15,45.15,125,5643.0,45.347500000000004,40.0825,34.57125,1.5034461091207874,1.764712749092277,-0.2612666399714896
2026-01-12 09:21:00,45.2,45.2,45.2,45.2,23,1039.0,45.3,40.2125,34.62895833333334,1.3946895481023915,1.6907081088943001,-0.2960185607919086
2026-01-12 09:22:00,45.2,45.35,45.2,45.35,4000,181100.0,45.3825,40.344166666666666,34.687083333333334,1.305553330232108,1.6136771531618619,-0.3081238229297538
2026-01-12 09:23:00,45.35,45.35,45.15,45.15,12000,542600.0,45.405,40.473333333333336,34.74541666666667,1.2048847455162885,1.5319186716327473,-0.32703392611645876
2026-01-12 09:24:00,45.45,45.45,45.3,45.3,6000,272550.0,45.415000000000006,40.59666666666667,34.80479166666667,1.1242482789096826,1.4503845930881345,-0.3261363141784519
2026-01-12 09:25:00,46.15,46.15,45.05,45.1,18000,813700.0,45.41250000000001,40.72166666666667,34.86333333333334,1.0323051979055435,1.3667687140516165,-0.33446351614607295
2026-01-12 09:27:00,45.35,46.35,45.2,46.35,4250,192837.0,45.475,40.87,34.92770833333334,1.048220958396243,1.303059162920542,-0.25483820452429895
2026-01-12 09:28:00,46.35,46.35,45.25,45.25,2100,97225.0,45.47,40.998333333333335,34.986875000000005,0.9609957455796021,1.234646479452354,-0.27365073387275185
2026-01-12 09:30:00,45.1,45.8,45.05,45.25,8030,362524.0,45.464999999999996,41.125833333333325,35.04645833333334,0.8817053851610979,1.1640582605941028,-0.2823528754330049
2026-01-12 09:31:00,45.2,45.35,45.2,45.35,5880,265896.0,45.480000000000004,41.25833333333334,35.10625,0.8175125912701233,1.094749126729307,-0.2772365354591837
2026-01-12 09:34:00,45.25,45.4,45.25,45.4,4000,181150.0,45.4825,41.3925,35.166250000000005,0.7618913129649982,1.0281775639764452,-0.266286251011447
2026-01-12 09:35:00,45.2,45.35,45.2,45.35,12100,547385.0,45.4425,41.52416666666667,35.22687499999999,0.7056422622932885,0.9636705036398139,-0.25802824134652536
2026-01-12 09:36:00,45.35,45.35,45.2,45.2,4000,181250.0,45.4025,41.64416666666667,35.28604166666666,0.6415651740200943,0.8992494377158701,-0.2576842636957758
2026-01-12 09:37:00,45.05,45.2,45.05,45.2,11100,500765.0,45.3475,41.76416666666667,35.349375,0.5840510430479853,0.8362097587822931,-0.2521587157343078
2026-01-12 09:38:00,45.0,45.2,45.0,45.2,4000,180200.0,45.347500000000004,41.869166666666665,35.41270833333333,0.5323342618812532,0.7754346594020851,-0.2431003975208319
2026-01-12 09:40:00,44.95,45.1,44.9,44.9,14250,641150.0,45.332499999999996,41.969166666666666,35.47479166666666,0.4618173049912926,0.7127111885199267,-0.25089388352863407
2026-01-12 09:41:00,44.75,44.75,44.75,44.75,905,40498.0,45.3075,42.090833333333336,35.537083333333335,0.389340289707242,0.6480370087573898,-0.2586967190501478
2026-01-12 09:42:00,45.3,45.3,45.0,45.3,5440,246312.0,45.3125,42.19583333333333,35.60125000000001,0.37199402086979205,0.5928284111798703,-0.22083439031007823
2026-01-12 09:43:00,45.15,46.0,45.15,45.85,7161,327381.0,45.3375,42.34,35.66708333333334,0.3980390350755627,0.5538705359590088,-0.1558315008834461
2026-01-12 09:44:00,45.85,45.85,45.85,45.85,100,4585.0,45.3225,42.48166666666667,35.733124999999994,0.41390861560628167,0.5258781518884634,-0.11196953628218176
2026-01-12 09:47:00,45.95,45.95,45.95,45.95,1600,73520.0,45.3625,42.622499999999995,35.799166666666665,0.4296023483228666,0.506622991175344,-0.07702064285247745
2026-01-12 09:48:00,45.95,45.95,45.55,45.95,9000,411550.0,45.4,42.76833333333333,35.865625,0.43700225460141695,0.4926988438605586,-0.05569658925914167
2026-01-12 09:50:00,45.95,45.95,45.55,45.95,9000,412300.0,45.43,42.91416666666667,35.93208333333333,0.43781981929712543,0.48172303894787205,-0.04390321965074662
2026-01-12 09:55:00,45.0,45.95,45.0,45.8,1710,78159.0,45.4625,43.05499999999999,35.995000000000005,0.42150514982171927,0.4696794611226416,-0.04817431130092231
2026-01-12 09:59:00,45.0,45.0,45.0,45.0,2000,90000.0,45.447500000000005,43.1825,36.05270833333334,0.34010186006381815,0.44376394091087695,-0.1036620808470588
2026-01-12 10:01:00,45.0,45.0,45.0,45.0,1000,45000.0,45.442499999999995,43.31583333333333,36.11083333333333,0.27244854917014294,0.40950086256273016,-0.13705231339258722
2026-01-12 10:02:00,46.0,46.0,45.8,45.8,3985,183123.0,45.415000000000006,43.4625,36.17208333333333,0.28015665545948565,0.3836320211420813,-0.10347536568259563
2026-01-12 10:04:00,45.65,45.95,45.65,45.95,8200,374675.0,45.45,43.60916666666666,36.23395833333334,0.29496891360116706,0.3658993996338985,-0.07093048603273144
2026-01-12 10:05:00,45.95,45.95,45.95,45.95,1000,45950.0,45.485,43.755833333333335,36.3,0.30321249005290696,0.3533620177177002,-0.05014952766479325
2026-01-12 10:08:00,45.95,45.95,45.95,45.95,3000,137850.0,45.515,43.916666666666664,36.36604166666667,0.3062157195800097,0.34393275809016216,-0.037717038510152456
2026-01-12 10:09:00,46.0,46.05,46.0,46.05,4000,184100.0,45.5475,44.057500000000005,36.432916666666664,0.31305624733396087,0.3377574559389219,-0.024701208604961056
2026-01-12 10:10:00,46.0,46.0,46.0,46.0,3000,138000.0,45.58,44.222500000000004,36.497499999999995,0.31085943862455423,0.3323778524760484,-0.021518413851494167
2026-01-12 10:12:00,45.85,45.85,45.85,45.85,1000,45850.0,45.6125,44.385,36.561458333333334,0.2936299225288721,0.32462826648661314,-0.030998343957741037
2026-01-12 10:15:00,46.05,46.05,45.9,45.9,3501,160845.0,45.6475,44.52333333333333,36.62270833333333,0.28077340795214667,0.31585729477971985,-0.035083886827573185
2026-01-12 10:16:00,45.85,45.85,45.7,45.85,8200,375520.0,45.68,44.660833333333336,36.68375,0.2635123391760672,0.30538830365898934,-0.041875964482922134
2026-01-12 10:24:00,45.7,45.7,45.0,45.0,17000,769700.0,45.685,44.79083333333333,36.74166666666667,0.17917945236658284,0.28014653340050805,-0.10096708103392521
2026-01-12 10:26:00,44.85,45.0,44.1,45.0,10100,451650.0,45.697500000000005,44.915,36.79958333333333,0.11106474671964861,0.24633017606433616,-0.13526542934468755
2026-01-12 10:27:00,44.8,44.8,44.7,44.7,4000,178900.0,45.667500000000004,45.029999999999994,36.86104166666667,0.03250120529575895,0.20356438191062073,-0.17106317661486178
2026-01-12 10:30:00,46.1,46.1,46.1,46.1,1001,46146.0,45.68,45.178333333333335,36.92895833333333,0.08225910070103026,0.17930332566870266,-0.0970442249676724
2026-01-12 10:32:00,46.1,46.1,46.1,46.1,2000,92200.0,45.6925,45.32416666666667,36.997499999999995,0.12030578113876089,0.16750381676271434,-0.047198035623953444
2026-01-12 10:34:00,46.1,46.1,46.1,46.1,1000,46100.0,45.7,45.47,37.06625,0.14874342785050487,0.16375173898027245,-0.015008311129767582
2026-01-12 10:35:00,46.1,46.15,45.85,45.9,11000,506400.0,45.6975,45.465833333333336,37.13333333333333,0.1533741376349127,0.16167621871120053,-0.008302081076287826
2026-01-12 10:40:00,46.05,46.15,45.9,46.15,4000,184150.0,45.707499999999996,45.50666666666667,37.201874999999994,0.17519735313398144,0.16438044559575674,0.010816907538224702
2026-01-12 10:42:00,46.15,46.15,46.15,46.15,1000,46150.0,45.725,45.530833333333334,37.270833333333336,0.1902987629622075,0.1695641090690469,0.020734653893160593
2026-01-12 10:43:00,46.0,46.0,46.0,46.0,3000,138000.0,45.775,45.545833333333334,37.338750000000005,0.18799589302179243,0.17325046585959603,0.0147454271621964
2026-01-12 10:49:00,46.15,46.15,46.0,46.0,7000,322600.0,45.825,45.559999999999995,37.405416666666675,0.18404924685169277,0.1754102220580154,0.008639024793677369
2026-01-12 10:50:00,46.0,46.0,46.0,46.0,4000,184000.0,45.835,45.575,37.467916666666675,0.17885971783693577,0.1761001212137995,0.002759596623136268
2026-01-12 10:51:00,45.9,45.9,45.9,45.9,500,22950.0,45.832499999999996,45.58416666666666,37.530208333333334,0.1647783521662589,0.1738357674042914,-0.009057415238032496
2026-01-12 10:53:00,45.9,46.15,45.9,46.0,10000,460800.0,45.835,45.595,37.592708333333334,0.15984533516311927,0.171037680956057,-0.011192345792937736
2026-01-12 10:59:00,45.9,45.9,45.9,45.9,3000,137700.0,45.832499999999996,45.60916666666667,37.654583333333335,0.1461816285633617,0.16606647047751796,-0.019884841914156265
2026-01-12 11:14:00,45.85,45.85,45.85,45.85,10,458.0,45.822500000000005,45.61749999999999,37.716249999999995,0.1298219538363341,0.1588175671492812,-0.02899561331294709
2026-01-12 11:17:00,46.15,46.15,46.15,46.15,2000,92300.0,45.83,45.6175,37.77916666666667,0.13945671632841794,0.15494539698510856,-0.015488680656690623
2026-01-12 11:18:00,46.15,46.15,45.9,46.0,11500,529850.0,45.8375,45.6175,37.84645833333333,0.13345025712615666,0.15064636901331818,-0.017196111887161525
2026-01-12 11:19:00,46.25,46.25,46.1,46.1,7000,323450.0,45.847500000000004,45.61416666666666,37.90916666666667,0.13520074912295144,0.14755724503524484,-0.012356495912293403
2026-01-12 11:21:00,46.25,46.4,46.15,46.4,18150,839545.0,45.875,45.63416666666667,37.973124999999996,0.15896309186548052,0.14983841440129197,0.009124677464188546
2026-01-12 11:22:00,46.4,46.4,46.4,46.4,2000,92800.0,45.945,45.65416666666667,38.03604166666666,0.17576876675645536,0.15502448487232467,0.02074428188413069
2026-01-12 11:27:00,46.65,46.65,46.65,46.65,1000,46650.0,46.027499999999996,45.6775,38.10125,0.206875563132499,0.16539470052435956,0.041480862608139435
2026-01-12 11:29:00,46.65,46.65,46.65,46.65,1000,46650.0,46.125,45.70166666666667,38.16645833333334,0.22888942851962923,0.17809364612341352,0.05079578239621571
2026-01-12 11:30:00,46.5,46.65,46.5,46.65,5004,232734.0,46.1525,45.723333333333336,38.23166666666667,0.24352833241530902,0.19118058338179264,0.05234774903351638
2026-01-12 11:31:00,46.65,46.65,46.65,46.65,2000,93300.0,46.18,45.73166666666667,38.30166666666666,0.25222230746274477,0.20338892819798307,0.048833379264761695
2026-01-12 11:33:00,46.65,46.65,46.65,46.65,1000,46650.0,46.207499999999996,45.75666666666667,38.366875,0.2561594980843793,0.21394304217526233,0.04221645590911699
2026-01-12 11:34:00,46.75,46.75,46.6,46.6,4000,186850.0,46.2425,45.78,38.431875,0.2523363910433858,0.22162171194888705,0.030714679094498737
2026-01-12 11:36:00,47.15,47.15,47.0,47.0,15000,705900.0,46.285000000000004,45.8075,38.50291666666667,0.27837428278000687,0.23297222611511104,0.04540205666489583
2026-01-12 11:41:00,47.15,47.15,47.15,47.15,300,14145.0,46.334999999999994,45.840833333333336,38.575,0.3075677958753076,0.24789134006715038,0.0596764558081572
2026-01-12 11:44:00,46.8,46.8,46.8,46.8,1000,46800.0,46.37499999999999,45.86583333333333,38.64604166666667,0.2990149323929856,0.25811605853231745,0.04089887386066815
2026-01-12 11:50:00,47.0,47.0,47.0,47.0,1500,70500.0,46.425,45.8975,38.712916666666665,0.3048608093524976,0.2674650086963535,0.03739580065614412
2026-01-12 11:52:00,47.1,47.1,46.8,47.0,6000,281800.0,46.474999999999994,45.90833333333333,38.779791666666675,0.3059667151258836,0.2751653499822595,0.030801365143624082
2026-01-12 11:53:00,47.15,47.15,47.15,47.15,300,14145.0,46.5375,45.940000000000005,38.84729166666667,0.3153121773115757,0.28319471544812275,0.032117461863452934
2026-01-12 11:54:00,47.15,47.2,47.15,47.2,3000,141500.0,46.5975,45.972500000000004,38.91499999999999,0.32302942344210805,0.2911616570469198,0.031867766395188235
2026-01-12 11:55:00,47.15,47.15,47.15,47.15,2000,94300.0,46.66,46.00249999999999,38.9825,0.32140584792111326,0.2972104952217585,0.024195352699354744
2026-01-12 11:56:00,47.15,47.15,47.15,47.15,50,2357.0,46.725,46.031666666666666,39.05,0.3164710711121188,0.3010626103998306,0.015408460712288186
2026-01-12 12:03:00,47.15,47.15,47.15,47.15,2000,94300.0,46.775,46.06166666666666,39.1175,0.30899828505250326,0.30264974533036515,0.0063485397221381135
2026-01-12 12:05:00,47.15,47.15,47.0,47.0,4000,188150.0,46.825,46.09166666666667,39.18416666666667,0.2876563781960826,0.29965107190350865,-0.011994693707426063
2026-01-12 12:06:00,47.1,47.15,47.1,47.15,2200,103720.0,46.8775,46.124166666666675,39.250625,0.27962318760262406,0.29564549504333176,-0.016022307440707706
2026-01-12 12:07:00,46.85,46.85,46.85,46.85,3000,140550.0,46.9,46.151666666666664,39.31541666666667,0.24621116434447998,0.2857586289035614,-0.039547464559081424
2026-01-12 12:08:00,47.0,47.0,47.0,47.0,1450,68150.0,46.93,46.18666666666666,39.380833333333335,0.22919363997591802,0.2744456311180327,-0.0452519911421147
2026-01-12 12:09:00,47.0,47.0,47.0,47.0,1000,47000.0,46.947500000000005,46.22416666666666,39.44666666666667,0.21324892840537046,0.26220629057550027,-0.0489573621701298
2026-01-12 12:10:00,47.0,47.0,47.0,47.0,1000,47000.0,46.964999999999996,46.252500000000005,39.51208333333333,0.1983264457970506,0.24943032161981032,-0.051103875822759715
2026-01-12 12:13:00,47.15,47.15,47.15,47.15,300,14145.0,46.989999999999995,46.27416666666667,39.577708333333334,0.19634072357347065,0.23881240201054243,-0.04247167843707178
2026-01-12 12:14:00,47.15,47.15,47.15,47.15,50,2357.0,47.015,46.295833333333334,39.64375,0.19254745717524457,0.2295594130434829,-0.03701195586823833
2026-01-12 12:16:00,47.15,47.15,47.0,47.0,5000,235300.0,47.0325,46.31333333333334,39.704583333333325,0.17541543982991215,0.21873061840076877,-0.04331517857085662
2026-01-12 12:21:00,46.85,46.85,46.85,46.85,62,2904.0,47.045,46.32833333333334,39.76770833333333,0.14802807080060632,0.20459010888073628,-0.05656203808012997
2026-01-12 12:25:00,46.85,47.15,46.85,47.0,16000,753200.0,47.045,46.34583333333333,39.831875,0.13684961277705554,0.19104200966000015,-0.05419239688294461
2026-01-12 12:26:00,47.0,47.15,47.0,47.15,20000,941500.0,47.045,46.36833333333334,39.89333333333333,0.13849783383807335,0.18053317449561482,-0.04203534065754147
2026-01-12 12:27:00,48.0,48.0,47.3,47.3,2210,105940.0,47.07000000000001,46.406666666666666,39.95541666666667,0.1501766641982698,0.17446187243614583,-0.024285208237876027
2026-01-12 12:36:00,47.15,47.15,47.15,47.15,2000,94300.0,47.0775,46.4425,40.023125,0.14564951802237402,0.1686994015533915,-0.023049883531017473
2026-01-12 12:38:00,47.15,47.3,47.15,47.3,3600,170130.0,47.0925,46.4675,40.09104166666666,0.15240859702390708,0.16544124064749463,-0.013032643623587553
2026-01-12 12:39:00,47.5,47.5,47.5,47.5,1000,47500.0,47.11,46.49333333333334,40.154374999999995,0.17192173758610352,0.16673734003521642,0.005184397550887093
2026-01-12 12:40:00,47.5,47.5,47.5,47.5,200,9500.0,47.125,46.51916666666667,40.21729166666667,0.18525058859538035,0.17043998974724922,0.014810598848131129
2026-01-12 12:44:00,47.5,47.5,47.5,47.5,100,4750.0,47.1425,46.545,40.280208333333334,0.19358230276395716,0.17506845235059082,0.01851385041336634
2026-01-12 12:47:00,47.5,47.5,47.5,47.5,10,475.0,47.16,46.56916666666667,40.346875,0.19790393292151265,0.1796355484647752,0.018268384456737452
2026-01-12 12:48:00,47.5,47.5,47.35,47.35,2500,118450.0,47.17,46.59166666666667,40.408750000000005,0.18706869805440363,0.1811221783827009,0.0059465196717027324
2026-01-12 12:49:00,48.15,48.15,48.15,48.15,1,48.0,47.2275,46.63,40.473958333333336,0.24026538073054837,0.19295081885227042,0.047314561878277955
2026-01-12 12:52:00,48.15,48.15,48.15,48.15,50,2407.0,47.277499999999996,46.6675,40.539375,0.27920562635168267,0.21020178035215287,0.0690038459995298
2026-01-12 12:55:00,47.65,47.65,47.65,47.65,600,28590.0,47.317499999999995,46.6975,40.60270833333333,0.26664649541265817,0.22149072336425396,0.04515577204840421
2026-01-12 12:56:00,47.65,47.65,47.5,47.5,2218,105505.0,47.342499999999994,46.73916666666666,40.66520833333333,0.241802201994183,0.2255530190902398,0.0162491829039432
2026-01-12 12:59:00,47.65,47.65,47.65,47.65,200,9530.0,47.375,46.78333333333333,40.72895833333334,0.2315475310595545,0.22675192148410275,0.004795609575451748
2026-01-12 13:00:00,47.65,47.65,47.65,47.65,10,476.0,47.4075,46.8325,40.79375,0.22087452641208927,0.22557644246970007,-0.0047019160576108054
2026-01-12 13:01:00,47.5,47.5,47.5,47.5,1000,47500.0,47.425,46.85583333333333,40.85791666666667,0.1980295851479852,0.2200670710053571,-0.02203748585737192
2026-01-12 13:09:00,47.65,47.65,47.5,47.5,5085,241987.0,47.4425,46.87916666666667,40.92041666666667,0.17787437948354068,0.21162853270099385,-0.033754153217453176
2026-01-12 13:11:00,47.65,47.65,47.5,47.5,4000,190450.0,47.4675,46.9025,40.98291666666667,0.16005620547882415,0.20131406725655995,-0.0412578617777358
2026-01-12 13:21:00,48.15,48.15,48.15,48.15,1,48.0,47.5325,46.940000000000005,41.054583333333326,0.196123947150582,0.20027604323536438,-0.00415209608478237
2026-01-12 13:22:00,48.15,48.15,47.65,48.15,8000,384250.0,47.589999999999996,46.97333333333333,41.119791666666664,0.22214711857829883,0.20465025830395128,0.017496860274347548
2026-01-12 13:23:00,48.15,48.5,48.0,48.5,28000,1348050.0,47.6575,47.0125,41.188541666666666,0.2679242800264845,0.21730506264845795,0.05061921737802655
2026-01-12 13:24:00,49.1,49.1,49.1,49.1,3,147.0,47.747499999999995,47.06416666666667,41.25812499999999,0.34859955717219293,0.24356396155320498,0.10503559561898795
2026-01-12 13:25:00,48.05,48.05,48.05,48.05,1050,50452.0,47.7925,47.098333333333336,41.3225,0.3240733548541854,0.2596658402134011,0.06440751464078431
2026-01-12 13:26:00,49.1,49.1,49.1,49.1,16,785.0,47.8825,47.15,41.391875000000006,0.38492520939302466,0.28471771404932583,0.10020749534369883
2026-01-12 13:27:00,48.05,48.05,48.05,48.05,4,192.0,47.910000000000004,47.185833333333335,41.451875,0.3444538679702518,0.296664944833511,0.04778892313674077
2026-01-12 13:28:00,49.1,49.1,49.1,49.1,1,49.0,47.989999999999995,47.2375,41.515,0.3925808355966254,0.3158481229861339,0.07673271261049147
2026-01-12 13:29:00,49.1,49.1,49.1,49.1,1100,54010.0,48.07,47.29083333333333,41.57958333333333,0.4258132935876944,0.337841157106446,0.08797213648124835
2026-01-12 13:33:00,49.1,49.1,49.1,49.1,2000,98200.0,48.15,47.345000000000006,41.642291666666665,0.44699754650277157,0.35967243498571116,0.0873251115170604
2026-01-12 13:43:00,49.1,49.1,49.1,49.1,500,24550.0,48.2375,47.39416666666667,41.70520833333333,0.4585009065188288,0.3794381292923347,0.07906277722649407
2026-01-12 13:46:00,49.15,49.15,49.15,49.15,1000,49150.0,48.2875,47.44666666666667,41.76916666666666,0.4662770329528527,0.3968059100244384,0.06947112292841434
2026-01-12 13:48:00,49.0,49.0,49.0,49.0,9000,441000.0,48.33,47.495000000000005,41.83229166666667,0.4550899293561059,0.4084627138907719,0.04662721546533405
2026-01-12 14:06:00,49.15,49.15,49.15,49.15,4000,196600.0,48.405,47.54083333333333,41.89458333333334,0.4531047065454885,0.4173911124217152,0.035713594123773285
2026-01-12 14:07:00,49.05,49.15,49.05,49.15,7415,364133.0,48.4875,47.586666666666666,41.95520833333333,0.4463857461491898,0.4231900391672102,0.02319570698197959
2026-01-12 14:20:00,49.2,49.2,49.2,49.2,3000,147600.0,48.565,47.62916666666667,42.01604166666666,0.4400231903270182,0.42655666939917186,0.013466520927846337
2026-01-12 14:21:00,49.3,49.3,49.3,49.3,1000,49300.0,48.647499999999994,47.67333333333333,42.078125,0.438000980605068,0.4288455316403511,0.009155448964716872
2026-01-12 14:22:00,49.3,49.3,49.3,49.3,1000,49300.0,48.7375,47.7175,42.14270833333333,0.4314251640923672,0.4293614581307544,0.002063705961612816
2026-01-12 14:23:00,49.3,49.3,49.3,49.3,2000,98600.0,48.8275,47.76166666666666,42.20729166666667,0.42135664501157066,0.42776049550691764,-0.006403850495346974
2026-01-12 14:26:00,49.45,49.45,49.45,49.45,1000,49450.0,48.925,47.80833333333333,42.271875,0.4206322309737658,0.4263348426002873,-0.005702611626521525
2026-01-12 14:29:00,49.65,49.65,49.65,49.65,700,34755.0,49.0,47.85916666666667,42.339166666666664,0.4312255563746561,0.42731298535516116,0.003912571019494937
2026-01-12 14:32:00,49.15,49.3,49.0,49.3,10000,491050.0,49.0575,47.8975,42.40708333333334,0.40669069101780053,0.4231885264876891,-0.01649783546988859
2026-01-12 14:33:00,48.95,49.1,47.25,48.95,23000,1125800.0,49.08,47.927499999999995,42.469375,0.3549133384901566,0.4095334888881827,-0.05462015039802609
2026-01-12 14:36:00,48.95,48.95,48.95,48.95,1000,48950.0,49.072500000000005,47.96333333333334,42.531875,0.3103024402022285,0.3896872791509919,-0.07938483894876336
2026-01-12 14:38:00,48.95,48.95,48.95,48.95,1000,48950.0,49.1175,47.99583333333333,42.59437500000001,0.27181467156978556,0.36611275763475065,-0.09429808606496509
2026-01-12 14:41:00,49.25,49.3,47.25,49.1,20000,973200.0,49.1175,48.03083333333334,42.65645833333333,0.2505286457572353,0.3429959352592476,-0.09246728950201227
2026-01-12 14:42:00,48.95,49.1,48.0,48.5,16200,787010.0,49.14,48.053333333333335,42.71479166666666,0.18313328484133962,0.311023405175666,-0.1278901203343264
2026-01-12 14:44:00,48.15,48.15,48.15,48.15,3000,144450.0,49.0925,48.06916666666666,42.77166666666667,0.10032343472385463,0.2688834110853037,-0.1685599763614491
2026-01-12 14:50:00,48.5,48.5,48.5,48.5,1000,48500.0,49.0625,48.09166666666667,42.830000000000005,0.062220863438369634,0.2275509015559169,-0.16533003811754726
2026-01-12 14:56:00,48.9,48.95,48.9,48.95,5000,244600.0,49.055,48.12166666666667,42.890208333333334,0.06755678777666674,0.19555207880006686,-0.12799529102340013
2026-01-12 15:00:00,49.1,49.1,49.1,49.1,3050,149755.0,49.055,48.15416666666667,42.94979166666667,0.08293328932060717,0.17302832090417494,-0.09009503158356777
2026-01-13 09:01:00,49.1,52.6,48.2,50.0,37185,1893582.0,49.097500000000004,48.204166666666666,43.01479166666666,0.16583016899953407,0.1715886905232468,-0.0057585215237127285
2026-01-13 09:02:00,50.5,53.1,50.5,52.5,38230,2009499.0,49.2725,48.29333333333333,43.089375000000004,0.42831826368814774,0.22293460515622698,0.20538365853192075
2026-01-13 09:03:00,52.5,56.3,52.5,56.2,102220,5551886.0,49.625,48.44916666666666,43.17875000000001,0.9242469046699711,0.36319706505897587,0.5610498396109952
2026-01-13 09:04:00,56.2,57.8,55.0,56.7,56926,3178468.0,50.002500000000005,48.61083333333333,43.26916666666667,1.342148296838964,0.5589873114149736,0.7831609854239904
2026-01-13 09:05:00,57.8,58.0,55.0,56.5,66730,3760884.0,50.3675,48.76916666666667,43.355625,1.6383143642438611,0.7748527219807512,0.86346164226311
2026-01-13 09:06:00,55.0,57.8,55.0,56.9,94583,5334043.0,50.7475,48.93416666666667,43.44479166666667,1.8835918886865102,0.9966005553219031,0.8869913333646071
2026-01-13 09:07:00,56.9,58.9,56.0,56.0,92258,5270128.0,51.082499999999996,49.08166666666667,43.530208333333334,1.9825005828944455,1.1937805608364118,0.7887200220580337
2026-01-13 09:08:00,57.5,59.1,56.0,58.0,62160,3588500.0,51.517500000000005,49.2625,43.622499999999995,2.1969447098904737,1.3944133906472242,0.8025313192432495
2026-01-13 09:09:00,58.0,58.9,57.8,58.7,33162,1931692.0,51.98,49.457499999999996,43.719166666666666,2.3957605391906043,1.5946828203559005,0.8010777188347038
2026-01-13 09:10:00,59.0,60.0,58.7,59.7,45573,2694764.0,52.4825,49.67166666666666,43.82104166666667,2.6039978921842604,1.7965458347215726,0.8074520574626878
2026-01-13 09:11:00,59.5,60.0,58.8,59.2,75350,4462610.0,52.977500000000006,49.875,43.921458333333334,2.6975855859293247,1.9767537849631232,0.7208318009662016
2026-01-13 09:12:00,59.2,59.3,58.9,59.0,44630,2637396.0,53.48,50.0725,44.01875,2.724213145576549,2.1262456570858084,0.5979674884907404
2026-01-13 09:13:00,58.6,59.4,58.5,59.0,14080,829488.0,53.9825,50.267500000000005,44.115208333333335,2.714030029681048,2.243802531604856,0.4702274980761918
2026-01-13 09:14:00,59.2,60.9,59.0,59.4,13685,811301.0,54.504999999999995,50.47166666666667,44.21395833333333,2.7070315197380665,2.3364483292314984,0.3705831905065682
2026-01-13 09:15:00,59.0,59.5,59.0,59.5,22200,1316280.0,55.025,50.675,44.3125,2.6786762026062334,2.4048939039064456,0.27378229869978776
2026-01-13 09:16:00,59.5,60.0,59.5,60.0,18050,1077400.0,55.6,50.88333333333333,44.41375,2.66582031365558,2.457079185856273,0.20874112779930698
2026-01-13 09:17:00,59.6,60.4,59.6,60.2,19000,1141520.0,56.2025,51.095,44.51583333333333,2.6413227332679696,2.4939278953386124,0.14739483792935726
2026-01-13 09:18:00,60.0,60.2,60.0,60.2,11000,661200.0,56.7875,51.30666666666666,44.61791666666667,2.592028928311663,2.513548101933223,0.07848082637844023
2026-01-13 09:19:00,60.1,60.8,60.1,60.8,6765,410179.0,57.38000000000001,51.52833333333333,44.72291666666667,2.5717328825104318,2.525185058048665,0.04654782446176675
2026-01-13 09:20:00,61.0,61.5,60.8,61.0,38734,2366754.0,57.975,51.755833333333335,44.82875,2.5424783408426848,2.528643714607469,0.013834626235215808
2026-01-13 09:21:00,61.2,61.7,60.8,61.0,57941,3541093.0,58.525,51.97,44.93395833333333,2.490584003742967,2.5210317724345686,-0.030447768691601595
2026-01-13 09:22:00,61.6,64.3,61.0,61.5,54904,3385558.0,58.975,52.1925,45.041875,2.4614293635224627,2.5091112906521476,-0.04768192712968489
2026-01-13 09:23:00,61.1,61.1,61.1,61.1,45,2749.0,59.21999999999999,52.416666666666664,45.14812500000001,2.37862809994774,2.483014652511266,-0.10438655256352636
2026-01-13 09:24:00,64.1,64.1,62.0,62.0,10401,652724.0,59.485,52.65833333333333,45.258125,2.358443313956741,2.4581003848003613,-0.09965707084362041
2026-01-13 09:25:00,62.7,64.2,62.1,64.0,23100,1458520.0,59.86,52.93083333333333,45.375,2.475296335599623,2.461539574960214,0.013756760639409116
2026-01-13 09:26:00,64.0,64.3,62.0,63.2,27832,1760331.0,60.175,53.190000000000005,45.488749999999996,2.4748216792161273,2.4641959958113966,0.01062568340473069
2026-01-13 09:27:00,63.2,63.9,62.0,63.0,52150,3277990.0,60.525,53.44833333333334,45.60208333333333,2.430292285420329,2.457415253733183,-0.027122968312854212
2026-01-13 09:28:00,63.0,63.4,62.4,63.4,30100,1889180.0,60.795,53.71333333333333,45.716458333333335,2.399617777057003,2.445855758397947,-0.046237981340944145
2026-01-13 09:29:00,63.2,63.5,63.2,63.5,7400,469840.0,61.035000000000004,53.98,45.83125,2.3562161790281166,2.427927842523981,-0.07171166349586455
2026-01-13 09:30:00,63.0,63.9,63.0,63.4,30000,1896700.0,61.21999999999999,54.23416666666666,45.945625,2.2873834036034424,2.3998189547398736,-0.11243555113643122
2026-01-13 09:31:00,63.0,64.0,63.0,63.9,23005,1467118.0,61.455,54.49666666666667,46.062083333333334,2.2472735835003093,2.369309880491961,-0.12203629699165175
2026-01-13 09:32:00,64.1,64.3,63.0,63.0,60135,3821355.0,61.654999999999994,54.73833333333334,46.17479166666667,2.118443683607545,2.319136641115078,-0.2006929575075329
2026-01-13 09:33:00,63.9,63.9,63.0,63.0,21100,1336720.0,61.855,54.97,46.2875,1.9933667684937504,2.2539826665908125,-0.2606158980970621
2026-01-13 09:34:00,62.1,63.1,62.1,63.0,35200,2206900.0,62.035000000000004,55.219166666666666,46.40020833333333,1.8726556040200535,2.177717254076661,-0.30506165005660746
2026-01-13 09:35:00,63.0,63.2,62.0,63.2,16540,1034346.0,62.220000000000006,55.454166666666666,46.513333333333335,1.7726949412099486,2.0967127915033186,-0.32401785029336994
2026-01-13 09:36:00,62.6,62.6,61.3,61.5,46503,2883322.0,62.295,55.67833333333333,46.619791666666664,1.5385639952338224,1.9850830322494193,-0.4465190370155969
2026-01-13 09:37:00,61.6,62.4,60.8,61.0,26750,1636060.0,62.335,55.876666666666665,46.72354166666667,1.2977085361900365,1.847608133037543,-0.5498995968475064
2026-01-13 09:38:00,60.1,61.0,60.1,61.0,16705,1012105.0,62.375,56.075,46.82791666666667,1.094215415444161,1.6969295895188667,-0.6027141740747057
2026-01-13 09:39:00,60.1,60.5,59.5,60.0,59651,3575365.0,62.335,56.25666666666666,46.92875000000001,0.8425417121196901,1.5260520140390315,-0.6835103019193414
2026-01-13 09:40:00,59.7,60.0,59.7,59.7,5000,299400.0,62.27,56.43333333333333,47.026666666666664,0.6118282213427406,1.3432072554997734,-0.7313790341570328
2026-01-13 09:41:00,59.7,60.0,59.2,59.6,11406,679456.0,62.2,56.607499999999995,47.12583333333334,0.4161201790377973,1.1577898402073783,-0.741669661169581
2026-01-13 09:42:00,59.8,60.1,59.0,59.0,58761,3485925.0,62.075,56.774166666666666,47.2225,0.21018230909476188,0.968268333984855,-0.7580860248900931
2026-01-13 09:43:00,59.0,59.0,58.5,58.8,18401,1081768.0,61.96,56.93500000000001,47.31666666666667,0.030485319149697432,0.7807117310178235,-0.7502264118681261
2026-01-13 09:44:00,58.9,59.1,58.6,59.1,2520,148228.0,61.81500000000001,57.100833333333334,47.412083333333335,-0.08671870794857028,0.6072256432245449,-0.6939443511731151
2026-01-13 09:45:00,58.6,59.0,58.5,58.5,27300,1602000.0,61.540000000000006,57.255833333333335,47.505625,-0.22542022538511475,0.44069646950261293,-0.6661166948877277
2026-01-13 09:46:00,58.5,59.0,58.5,58.5,11270,660335.0,61.30500000000001,57.40916666666667,47.59916666666666,-0.3315206139706106,0.2862530528079682,-0.6177736667785788
2026-01-13 09:47:00,58.7,58.7,58.2,58.4,29656,1734204.0,61.075,57.560833333333335,47.69229166666666,-0.4188468943271033,0.14523306338095388,-0.5640799577080572
2026-01-13 09:48:00,58.3,58.6,58.0,58.6,11061,643248.0,60.835,57.715833333333336,47.785624999999996,-0.46653732031208506,0.02287898664234606,-0.4894163069544311
2026-01-13 09:49:00,58.2,58.6,58.0,58.1,12011,700444.0,60.565,57.86,47.876875000000005,-0.538470989442061,-0.08939100857453537,-0.4490799808675256
2026-01-13 09:50:00,58.6,58.7,57.6,58.7,11212,654422.0,60.330000000000005,58.01083333333333,47.965625,-0.540829607826609,-0.17967872842495014,-0.3611508794016589
2026-01-13 09:52:00,57.6,58.5,57.6,58.1,36462,2111672.0,60.04,58.157500000000006,48.05166666666666,-0.5843774757025102,-0.2606184778804622,-0.323758997822048
2026-01-13 09:53:00,58.1,58.1,57.9,58.1,8000,464000.0,59.795,58.309999999999995,48.13791666666667,-0.6118366032326179,-0.3308621029508934,-0.2809745002817245
2026-01-13 09:54:00,57.9,58.0,57.9,58.0,1113,64442.0,59.545,58.46083333333333,48.221666666666664,-0.6343548757620994,-0.3915606575131347,-0.2427942182489647
2026-01-13 09:55:00,57.3,58.0,57.0,57.1,39513,2262090.0,59.25,58.59666666666667,48.30291666666667,-0.716563153376228,-0.45656115668575337,-0.26000199669047463
2026-01-13 09:56:00,57.4,57.4,56.8,57.0,23030,1313613.0,58.94,58.72833333333333,48.384375,-0.7807825942035151,-0.5214054441893058,-0.25937715001420936
2026-01-13 09:57:00,56.9,57.2,56.1,56.9,33402,1888124.0,58.71,58.86833333333333,48.465,-0.8301763715559147,-0.5831596296626276,-0.24701674189328715
2026-01-13 09:58:00,56.9,57.0,56.1,56.1,4261,240176.0,58.464999999999996,59.00083333333334,48.54208333333334,-0.9232321643926298,-0.6511741366086281,-0.2720580277840017
2026-01-13 09:59:00,56.3,56.4,55.5,55.5,20118,1123659.0,58.19,59.1175,48.6175,-1.033481208188995,-0.7276355509247016,-0.30584565726429347
2026-01-13 10:00:00,56.0,56.0,55.5,56.0,3212,178572.0,57.989999999999995,59.235,48.69520833333333,-1.0681950606426796,-0.7957474528682973,-0.27244760777438226
2026-01-13 10:01:00,54.5,56.0,54.5,55.6,54132,2999027.0,57.78499999999999,59.343333333333334,48.770833333333336,-1.1151281922158773,-0.8596236007378134,-0.2555045914780639
2026-01-13 10:02:00,55.3,55.9,55.3,55.3,3502,193860.0,57.57000000000001,59.431666666666665,48.84291666666666,-1.1631227745912796,-0.9203234355085067,-0.24279933908277285
2026-01-13 10:03:00,55.3,55.5,55.1,55.3,16200,895040.0,57.385000000000005,59.47833333333333,48.915,-1.187470407226236,-0.9737528298520527,-0.2137175773741834
2026-01-13 10:04:00,55.0,56.0,55.0,55.9,23612,1303313.0,57.239999999999995,59.473333333333336,48.98583333333333,-1.145150513624266,-1.0080323666064954,-0.13711814701777048
2026-01-13 10:05:00,56.0,56.2,55.8,56.2,34460,1931032.0,57.09499999999999,59.465,49.057916666666664,-1.075012129592821,-1.0214283192037605,-0.05358381038906046
2026-01-13 10:06:00,56.0,56.9,55.3,56.9,16302,911202.0,57.015,59.471666666666664,49.138958333333335,-0.9519690978919115,-1.0075364749413906,0.055567377049479116
2026-01-13 10:07:00,56.9,56.9,55.9,56.9,6001,337656.0,56.93499999999999,59.471666666666664,49.213541666666664,-0.8447192115405855,-0.9749730222612296,0.13025381072064413
2026-01-13 10:08:00,56.9,56.9,56.9,56.9,5,284.0,56.86,59.486666666666665,49.295625,-0.7510650930426337,-0.9301914364175106,0.17912634337487687
2026-01-13 10:09:00,56.9,57.0,56.9,57.0,4001,227857.0,56.779999999999994,59.47,49.377500000000005,-0.6611530048400454,-0.8763837501020176,0.21523074526197228
2026-01-13 10:10:00,57.2,57.2,56.7,57.0,17150,975580.0,56.725,59.44166666666667,49.45875,-0.5831745539139206,-0.8177419108643983,0.2345673569504777
2026-01-13 10:11:00,57.2,57.2,57.0,57.0,17001,970657.0,56.64,59.39666666666667,49.54125,-0.5154344621180798,-0.7572804211151347,0.24184595899705497
2026-01-13 10:12:00,57.2,57.2,57.0,57.0,2201,125657.0,56.585,59.36,49.62375,-0.45648784362141726,-0.6971219056163913,0.24063406199497406
2026-01-13 10:13:00,57.7,57.8,56.8,56.8,3702,212974.0,56.519999999999996,59.32333333333334,49.704791666666665,-0.42105687079786946,-0.641908898652687,0.2208520278548175
2026-01-13 10:14:00,57.7,58.0,57.6,58.0,9003,519872.0,56.519999999999996,59.306666666666665,49.79083333333333,-0.29277269698114594,-0.5720816583183788,0.2793089613372328
2026-01-13 10:15:00,58.0,58.3,58.0,58.1,15000,870400.0,56.57000000000001,59.285,49.87875,-0.1809515044240939,-0.4938556275395218,0.31290412311542787
2026-01-13 10:16:00,58.8,58.8,57.6,57.8,15822,915662.0,56.61,59.25666666666666,49.96541666666667,-0.11521180650134966,-0.41812686333188737,0.3029150568305377
2026-01-13 10:17:00,58.8,58.8,57.0,57.5,12382,709299.0,56.64,59.214999999999996,50.05020833333334,-0.08632501403764792,-0.35176649347303945,0.26544147943539154
2026-01-13 10:18:00,57.0,57.6,56.7,56.8,32752,1862423.0,56.675,59.15833333333333,50.132083333333334,-0.11854960667677261,-0.3051231161137861,0.1865735094370135
2026-01-13 10:19:00,56.9,56.9,56.1,56.8,4040,227376.0,56.739999999999995,59.101666666666674,50.217499999999994,-0.14244580197321,-0.2725876532856709,0.13014185131246092
2026-01-13 10:20:00,56.7,56.9,56.0,56.0,4311,242233.0,56.739999999999995,59.02166666666667,50.29416666666666,-0.22336224214024725,-0.26274257105658616,0.039380328916338914
2026-01-13 10:21:00,56.4,56.5,55.9,56.5,5036,282219.0,56.785000000000004,58.94666666666667,50.37916666666667,-0.24432683495327012,-0.25905942383592295,0.01473258888265283
2026-01-13 10:22:00,56.2,56.5,56.2,56.5,10001,563056.0,56.84499999999999,58.87166666666667,50.464166666666664,-0.2579677343372282,-0.258841085936184,0.0008733515989557961
2026-01-13 10:23:00,56.5,56.5,55.9,56.0,15600,875250.0,56.879999999999995,58.78,50.54083333333333,-0.3056012853151202,-0.26819312581197124,-0.03740815950314896
2026-01-13 10:24:00,55.9,57.8,55.9,57.8,2201,125037.0,56.975,58.725,50.625,-0.1958486396674317,-0.2537242285830633,0.057875588915631604
2026-01-13 10:25:00,57.8,57.8,56.7,57.6,8000,460700.0,57.045,58.651666666666664,50.71000000000001,-0.12358262225494343,-0.22769590731743933,0.1041132850624959
2026-01-13 10:26:00,57.9,57.9,55.8,55.8,24251,1359017.0,56.989999999999995,58.515,50.78604166666666,-0.20914534226218962,-0.22398579430638943,0.014840452044199814
2026-01-13 10:27:00,57.8,57.8,56.0,56.0,3001,168057.0,56.94500000000001,58.394999999999996,50.861875000000005,-0.2578438226979287,-0.23075739998469733,-0.02708642271323139
2026-01-13 10:28:00,56.0,56.0,55.8,56.0,13110,732960.0,56.9,58.27833333333333,50.94020833333333,-0.29305951166954003,-0.2432178223216659,-0.04984168934787414
2026-01-13 10:29:00,56.4,56.4,55.2,55.5,23351,1296541.0,56.825,58.14666666666667,51.01583333333333,-0.3571964815285611,-0.266013554163045,-0.09118292736551609
2026-01-13 10:30:00,56.5,56.5,55.2,55.5,6302,347962.0,56.75,58.013333333333335,51.091458333333335,-0.40337562906450586,-0.2934859691433372,-0.10988965992116867
2026-01-13 10:31:00,56.4,56.4,55.2,55.5,5501,305306.0,56.675,57.88166666666667,51.13041666666666,-0.4349589995947838,-0.3217805752336265,-0.11317842436115727
2026-01-13 10:32:00,56.4,56.4,56.4,56.4,1011,57020.0,56.644999999999996,57.75666666666667,51.18333333333333,-0.3829521360547474,-0.33401488739785073,-0.04893724865689669
2026-01-13 10:33:00,55.5,57.7,55.5,57.7,43501,2437287.0,56.69,57.66833333333333,51.2375,-0.2341381872862911,-0.31403954737553885,0.07990136008924775
2026-01-13 10:34:00,55.8,57.9,55.8,56.5,9001,504957.0,56.614999999999995,57.559999999999995,51.285,-0.21060431645873479,-0.29335250119217804,0.08274818473344325
2026-01-13 10:35:00,57.9,57.9,56.3,57.7,4002,225514.0,56.59499999999999,57.47166666666667,51.337291666666665,-0.0940395536569909,-0.2534899116851406,0.15945035802814972
2026-01-13 10:37:00,57.9,57.9,56.0,57.9,872,48954.0,56.6,57.38333333333333,51.390625,0.014312206984342879,-0.19992948795124393,0.2142416949355868
2026-01-13 10:38:00,56.9,57.2,56.9,57.2,4001,227857.0,56.584999999999994,57.311666666666675,51.440000000000005,0.043199629629448566,-0.15130366443510546,0.19450329406455402
2026-01-13 10:39:00,57.2,57.2,57.0,57.0,4400,251180.0,56.595000000000006,57.245000000000005,51.48854166666667,0.04938550629293559,-0.11116583028949724,0.1605513365824328
2026-01-13 10:40:00,56.8,57.0,56.8,57.0,4000,227400.0,56.605,57.178333333333335,51.53833333333333,0.05366919306582929,-0.07819882561843193,0.13186801868426123
2026-01-13 10:41:00,56.8,56.8,56.8,56.8,1000,56800.0,56.645,57.125,51.586041666666674,0.04045932722618062,-0.05446719504950942,0.09492652227569004
2026-01-13 10:42:00,57.9,57.9,57.9,57.9,1,57.0,56.714999999999996,57.095,51.635,0.11739793003300036,-0.020094170033007456,0.13749210006600782
2026-01-13 10:44:00,57.9,58.0,57.5,57.7,6001,346858.0,56.775,57.06333333333334,51.683749999999996,0.16038517804366137,0.01600169958232632,0.14438347846133504
2026-01-13 10:45:00,57.9,57.9,57.7,57.7,5605,323929.0,56.86,57.041666666666664,51.73125,0.19223689454154425,0.05124873857416992,0.14098815596737432
2026-01-13 10:46:00,58.0,58.0,58.0,58.0,101,5858.0,56.870000000000005,57.02833333333333,51.78458333333333,0.2389328331704661,0.08878555749342917,0.15014727567703692
2026-01-13 10:47:00,57.6,58.0,57.6,57.8,10101,582858.0,56.879999999999995,57.00666666666667,51.83708333333333,0.25684067302879043,0.12239658060050145,0.13444409242828897
2026-01-13 10:48:00,58.0,58.0,58.0,58.0,501,29058.0,56.989999999999995,56.998333333333335,51.890208333333334,0.28389848860977196,0.15469696220235557,0.1292015264074164
2026-01-13 10:50:00,58.0,58.2,57.8,58.0,5001,289458.0,57.089999999999996,56.99,51.94354166666666,0.3018623214597156,0.1841300340538276,0.11773228740588798
2026-01-13 10:51:00,58.0,58.2,58.0,58.2,3000,174200.0,57.2,56.986666666666665,51.99708333333333,0.32845093897508804,0.21299421503807972,0.11545672393700832
2026-01-13 10:52:00,58.4,58.5,57.8,58.5,14003,813374.0,57.35,56.985,52.048541666666665,0.3694710702025148,0.24428958607096676,0.12518148413154803
2026-01-13 10:53:00,58.5,58.6,58.5,58.6,2501,146358.0,57.504999999999995,56.99333333333333,52.10458333333334,0.40537606110488156,0.27650688107774973,0.12886918002713182
2026-01-13 10:54:00,58.6,59.4,58.3,59.4,12602,738957.0,57.7,57.005,52.16375,0.4927047455884477,0.3197464539798893,0.17295829160855836
2026-01-13 10:55:00,59.4,59.4,58.8,59.4,6801,401379.0,57.85,57.026666666666664,52.22229166666667,0.555509786188523,0.3668991204216161,0.18861066576690688
2026-01-13 10:56:00,59.5,59.9,58.8,59.7,6503,383247.0,57.95,57.05333333333333,52.282916666666665,0.6223170426565261,0.4179827048685982,0.20433433778792792
2026-01-13 10:57:00,59.7,60.1,59.5,59.7,3001,178960.0,58.11,57.08166666666667,52.34291666666666,0.6675669781496154,0.46789955952480167,0.19966741862481374
2026-01-13 10:58:00,60.1,60.1,59.5,60.1,5102,304390.0,58.230000000000004,57.13166666666667,52.40541666666666,0.7273204378305351,0.5197837351859484,0.20753670264458668
2026-01-13 10:59:00,60.1,60.1,60.1,60.1,2000,120200.0,58.339999999999996,57.18333333333333,52.46270833333333,0.765847274471362,0.5689964430430312,0.19685083142833082
2026-01-13 11:00:00,60.1,60.1,60.0,60.1,5100,306410.0,58.48499999999999,57.236666666666665,52.52458333333333,0.7873045137258927,0.6126580571796035,0.17464645654628919
2026-01-13 11:01:00,58.5,60.1,58.5,60.1,341,19950.0,58.64,57.30333333333333,52.58645833333333,0.7951436098515074,0.6491551677139844,0.14598844213752304
2026-01-13 11:02:00,60.1,60.1,60.1,60.1,200,12020.0,58.795,57.38,52.64791666666667,0.7922238861909463,0.6777689114093769,0.11445497478156941
2026-01-13 11:03:00,58.8,60.1,58.8,58.8,7500,442250.0,58.894999999999996,57.42666666666666,52.70375,0.677204457269518,0.6776560205814052,-0.0004515633118872264
2026-01-13 11:04:00,60.1,60.2,59.8,60.2,8050,483100.0,59.010000000000005,57.50333333333334,52.765625,0.6910530020487968,0.6803354168748835,0.010717585173913302
2026-01-13 11:05:00,60.2,60.2,60.2,60.2,2000,120400.0,59.135000000000005,57.585,52.828125,0.6940277536331507,0.683073884226537,0.010953869406613692
2026-01-13 11:06:00,60.2,60.2,60.0,60.0,6000,360600.0,59.25,57.663333333333334,52.88979166666666,0.672494835317373,0.6809580744447042,-0.008463239127331268
2026-01-13 11:07:00,60.2,60.2,60.2,60.2,1,60.0,59.36,57.735,52.952291666666675,0.6639149724167979,0.677549454039123,-0.013634481622325167
2026-01-13 11:08:00,59.9,60.2,59.7,60.2,4051,242055.0,59.480000000000004,57.80166666666666,53.016041666666666,0.649626875017006,0.6719649382346997,-0.022338063217693716
2026-01-13 11:09:00,60.2,60.2,59.7,59.9,3201,191169.0,59.575,57.851666666666674,53.079166666666666,0.607097717509852,0.6589914940897302,-0.05189377657987826
2026-01-13 11:10:00,59.9,60.1,59.7,60.1,5001,298960.0,59.68000000000001,57.905,53.14083333333333,0.5828130759585548,0.6437558104634952,-0.060942734504940366
2026-01-13 11:11:00,59.9,60.2,59.7,59.7,6121,365844.0,59.754999999999995,57.95166666666667,53.198541666666664,0.525236071028516,0.6200518625764994,-0.09481579154798336
2026-01-13 11:12:00,59.7,60.1,59.5,60.1,5101,304349.0,59.835,58.00333333333333,53.257916666666674,0.5060491176385611,0.5972513135889117,-0.09120219595035062
2026-01-13 11:13:00,59.7,60.1,59.7,60.1,14100,842990.0,59.910000000000004,58.055,53.316874999999996,0.48524966278730375,0.5748509834285901,-0.08960132064128634
2026-01-13 11:14:00,59.9,60.1,59.1,60.1,1150,68815.0,59.94500000000001,58.10666666666667,53.375833333333325,0.4634238829148103,0.5525655633258342,-0.08914168041102388
2026-01-13 11:17:00,60.1,60.1,60.1,60.1,3000,180300.0,59.98,58.15833333333333,53.43479166666667,0.4410427290783545,0.5302609964763383,-0.08921826739798377
2026-01-13 11:18:00,60.1,60.1,59.7,60.1,5000,299300.0,60.0,58.21333333333333,53.494375,0.41848150907454595,0.5079050989959798,-0.08942358992143384
2026-01-13 11:21:00,60.1,60.1,60.1,60.1,1490,89549.0,60.02,58.24833333333333,53.557291666666664,0.39603631950945584,0.485531343098675,-0.08949502358921918
2026-01-13 11:22:00,60.1,60.2,59.7,60.2,4000,239700.0,60.025,58.28333333333333,53.620625,0.38191503059652376,0.4648080805982448,-0.08289305000172104
2026-01-13 11:23:00,59.7,60.2,59.7,60.2,13002,777520.0,60.029999999999994,58.32333333333334,53.680625,0.3664990346607908,0.445146271410754,-0.07864723674996321
2026-01-13 11:24:00,59.9,60.2,59.9,60.2,1001,59960.0,60.035000000000004,58.36833333333334,53.739999999999995,0.3502443479913566,0.4261658867268746,-0.07592153873551799
2026-01-13 11:25:00,60.2,60.2,59.7,60.2,7000,419900.0,60.04,58.425,53.799375000000005,0.33351780603677383,0.4076362705888545,-0.07411846455208065
2026-01-13 11:26:00,60.2,60.2,60.2,60.2,1000,60200.0,60.045,58.48166666666666,53.85875,0.31661219275569863,0.38943145502222337,-0.07281926226652474
2026-01-13 11:28:00,60.2,60.2,60.2,60.2,100,6020.0,60.11500000000001,58.55166666666666,53.91770833333333,0.2997589379884076,0.37149695161546026,-0.07173801362705268
2026-01-13 11:30:00,60.1,60.1,60.1,60.1,122,7332.0,60.11,58.611666666666665,53.97645833333333,0.2751615567549095,0.35222987264335015,-0.07706831588844065
2026-01-13 11:31:00,60.1,60.1,60.1,60.1,1033,62083.0,60.105000000000004,58.67166666666666,54.035833333333336,0.25275435998501905,0.33233477011168394,-0.07958041012666489
2026-01-13 11:32:00,60.1,60.1,60.1,60.1,1100,66110.0,60.11,58.739999999999995,54.095000000000006,0.23231847237344994,0.3123315105640372,-0.08001303819058725
2026-01-13 11:33:00,60.1,60.1,59.7,59.7,7000,418700.0,60.085,58.77166666666667,54.15270833333333,0.18175111344844908,0.2862154311409196,-0.1044643176924705
2026-01-13 11:34:00,60.2,60.2,60.2,60.2,1,60.0,60.085,58.815000000000005,54.21604166666667,0.17994761442233198,0.26496186779720204,-0.08501425337487006
2026-01-13 11:35:00,60.2,60.2,60.2,60.2,2000,120400.0,60.1,58.888333333333335,54.279374999999995,0.17648393154519937,0.2472662805468015,-0.07078234900160213
2026-01-13 11:36:00,59.2,59.2,59.2,59.2,1000,59200.0,60.05499999999999,58.94166666666667,54.33979166666666,0.09198692722214474,0.21621040988187018,-0.12422348265972544
2026-01-13 11:37:00,60.1,60.1,60.1,60.1,1,60.0,60.07500000000001,59.01,54.39812500000001,0.09653215828274853,0.19227475956204584,-0.09574260127929732
2026-01-13 11:39:00,60.1,60.2,59.7,60.2,9002,539820.0,60.08,59.08833333333334,54.456875,0.10697036315037423,0.17521388027971155,-0.06824351712933732
2026-01-13 11:42:00,60.2,60.2,60.2,60.2,3000,180600.0,60.085,59.166666666666664,54.515625,0.11392940840961785,0.16295698590569282,-0.049027577496074976
2026-01-13 11:43:00,60.2,60.2,60.2,60.2,1000,60200.0,60.089999999999996,59.245000000000005,54.575208333333336,0.11808331100976943,0.15398225092650816,-0.03589893991673873
2026-01-13 11:46:00,60.2,60.2,60.2,60.2,240,14448.0,60.095000000000006,59.30833333333333,54.63375,0.1199921143459548,0.14718422361039749,-0.027192109264442682
2026-01-13 11:47:00,60.2,60.2,60.2,60.2,100,6020.0,60.10000000000001,59.35,54.69229166666666,0.12012018403276414,0.1417714156948708,-0.021651231662106668
2026-01-13 11:48:00,59.5,60.0,59.3,59.7,10200,607200.0,60.08,59.403333333333336,54.74937499999999,0.07896559265880398,0.12921025108765744,-0.05024465842885345
2026-01-13 11:51:00,60.1,60.1,60.1,60.1,1,60.0,60.075,59.443333333333335,54.808125,0.07773090605346056,0.11891438208081806,-0.0411834760273575
2026-01-13 11:52:00,60.1,60.1,59.1,59.5,4015,237698.0,60.040000000000006,59.470000000000006,54.864374999999995,0.028014488843538743,0.10073440343336221,-0.07271991458982346
2026-01-13 11:53:00,59.5,59.5,59.3,59.3,4000,237400.0,59.995000000000005,59.505,54.920208333333335,-0.027210789470146324,0.0751453648526605,-0.10235615432280683
2026-01-13 11:55:00,59.8,59.8,59.8,59.8,1000,59800.0,59.975,59.55166666666666,54.97770833333333,-0.03028232331168823,0.05405982721979075,-0.08434215053147898
2026-01-13 11:56:00,59.8,59.8,59.8,59.8,1567,93706.0,59.955,59.598333333333336,55.035624999999996,-0.03234369799310599,0.0367791221772114,-0.0691228201703174
2026-01-13 11:57:00,59.1,59.3,59.1,59.3,10380,614334.0,59.910000000000004,59.64,55.09166666666667,-0.07347618587178317,0.014728060567412481,-0.08820424643919565
2026-01-13 11:59:00,58.6,59.2,58.4,58.6,40045,2350529.0,59.835,59.65166666666667,55.14354166666667,-0.1607056144277621,-0.020358674431622446,-0.14034693999613965
2026-01-13 12:00:00,58.6,58.9,58.5,58.9,4261,249278.0,59.775,59.67166666666666,55.197291666666665,-0.20328473236275357,-0.05694388601784869,-0.14634084634490488
2026-01-13 12:02:00,58.9,58.9,58.9,58.9,1000,58900.0,59.714999999999996,59.69166666666667,55.250625,-0.23432780501995154,-0.09242066981826927,-0.14190713520168227
2026-01-13 12:06:00,58.9,58.9,58.9,58.9,2500,147250.0,59.675,59.70666666666667,55.302708333333335,-0.25597889835513143,-0.12513231552564172,-0.13084658282948972
2026-01-13 12:07:00,58.4,58.9,58.4,58.9,7000,409800.0,59.60999999999999,59.725,55.354791666666664,-0.2700248672262191,-0.1541108258657572,-0.1159140413604619
2026-01-13 12:08:00,58.1,58.7,58.0,58.5,10000,582500.0,59.525,59.733333333333334,55.40416666666667,-0.3098611691368873,-0.18526089451998323,-0.1246002746169041
2026-01-13 12:09:00,58.4,58.4,57.7,58.0,31130,1804586.0,59.464999999999996,59.733333333333334,55.45145833333333,-0.37742680545850504,-0.22369407670768762,-0.15373272875081742
2026-01-13 12:12:00,58.5,58.5,58.5,58.5,1101,64408.0,59.38499999999999,59.73833333333334,55.500833333333325,-0.3861756452494163,-0.25619039041603336,-0.1299852548333829
2026-01-13 12:13:00,58.5,58.5,58.5,58.5,1000,58500.0,59.3,59.73833333333334,55.55020833333333,-0.3886292873049797,-0.28267816979382265,-0.10595111751115704
2026-01-13 12:14:00,58.8,58.8,58.8,58.8,1000,58800.0,59.230000000000004,59.74166666666667,55.600833333333334,-0.36219120871825794,-0.2985807775787097,-0.06361043113954823
2026-01-13 12:15:00,58.8,58.8,58.8,58.8,53,3116.0,59.160000000000004,59.73166666666667,55.651666666666664,-0.337350079241844,-0.3063346379113366,-0.03101544133050743
2026-01-13 12:16:00,58.8,58.9,58.6,58.9,9001,529158.0,59.09499999999999,59.723333333333336,55.701249999999995,-0.30606600253818783,-0.30628091083670683,0.00021490829851900095
2026-01-13 12:18:00,58.9,58.9,58.9,58.9,2100,123690.0,59.029999999999994,59.71,55.75020833333334,-0.27806775437962017,-0.30063827954528954,0.022570525165669375
2026-01-13 12:19:00,58.9,58.9,58.9,58.9,1100,64790.0,58.99000000000001,59.696666666666665,55.800625,-0.252962941669864,-0.29110321197020445,0.03814027030034045
2026-01-13 12:21:00,58.6,59.0,58.6,58.7,23000,1352700.0,58.919999999999995,59.67333333333333,55.849374999999995,-0.24636557625144917,-0.2821556848264534,0.035790108575004254
2026-01-13 12:22:00,58.7,58.7,58.7,58.7,4000,234800.0,58.879999999999995,59.65,55.898125,-0.23838911529684026,-0.2734023709205308,0.035013255623690565
2026-01-13 12:24:00,59.0,59.0,59.0,59.0,1,59.0,58.864999999999995,59.63166666666667,55.9475,-0.20549144229482863,-0.2598201851953904,0.05432874290056178
2026-01-13 12:25:00,59.0,59.0,58.6,58.9,3151,184698.0,58.82000000000001,59.61166666666667,55.99625,-0.1853523373240833,-0.244926615621129,0.0595742782970457
2026-01-13 12:26:00,58.9,58.9,58.9,58.9,100,5890.0,58.775,59.59166666666667,56.04520833333333,-0.16746155893020642,-0.22943360428294451,0.06197204535273809
2026-01-13 12:27:00,58.9,58.9,58.6,58.6,4010,235589.0,58.739999999999995,59.58833333333334,56.09291666666666,-0.17546779740873575,-0.2186404429081028,0.04317264549936706
2026-01-13 12:28:00,58.6,59.0,58.6,59.0,5001,293959.0,58.760000000000005,59.568333333333335,56.142291666666665,-0.14783202644566273,-0.20447875961561482,0.056646733169952085
2026-01-13 12:29:00,59.0,59.0,58.6,59.0,2001,117659.0,58.765,59.54833333333333,56.19229166666666,-0.12449537368033958,-0.1884820824285598,0.06398670874822021
2026-01-13 12:30:00,58.8,58.8,58.8,58.8,3000,176400.0,58.760000000000005,59.52833333333333,56.240833333333335,-0.12074733662851855,-0.17493513326855156,0.05418779664003301
2026-01-13 12:31:00,59.0,59.0,59.0,59.0,4100,241900.0,58.765,59.50833333333333,56.29145833333334,-0.10048038638417722,-0.1600441838916767,0.05956379750749949
2026-01-13 12:32:00,58.7,59.9,58.7,59.9,3002,176618.0,58.81500000000001,59.50333333333333,56.34520833333333,-0.011661774239648537,-0.13036770196127107,0.11870592772162253
2026-01-13 12:33:00,58.8,60.0,58.8,60.0,6001,353460.0,58.89000000000001,59.504999999999995,56.399375,0.06603556318685833,-0.09108704893164518,0.1571226121185035
2026-01-13 12:34:00,60.0,60.0,59.0,60.0,7102,424120.0,58.99000000000001,59.50333333333333,56.453541666666666,0.12615700347044623,-0.047638238451226896,0.17379524192167312
2026-01-13 12:35:00,59.1,59.8,58.5,58.6,58521,3443930.0,58.995000000000005,59.485,56.501250000000006,0.0601420976701732,-0.026082171226946876,0.08622426889712008
2026-01-13 12:36:00,58.6,58.8,58.6,58.8,23012,1350603.0,59.010000000000005,59.46333333333334,56.54979166666667,0.023690053551220558,-0.016127726271313387,0.03981777982253394
2026-01-13 12:37:00,58.5,58.5,58.5,58.5,3000,175500.0,58.99499999999999,59.43666666666666,56.59770833333334,-0.029070836326049232,-0.018716348282260556,-0.010354488043788676
2026-01-13 12:38:00,58.8,58.8,58.6,58.8,17101,1004138.0,58.99499999999999,59.415,56.6475,-0.04614480034582158,-0.024202038694972762,-0.021942761650848817
2026-01-13 12:39:00,58.8,58.8,58.8,58.8,3050,179340.0,58.99000000000001,59.39333333333333,56.69666666666667,-0.058995971012649306,-0.031160825158508078,-0.02783514585414123
2026-01-13 12:40:00,58.9,58.9,58.1,58.7,10101,591728.0,58.98,59.370000000000005,56.744791666666664,-0.07636944123863998,-0.040202548374534464,-0.036166892864105515
2026-01-13 12:41:00,58.7,58.9,58.7,58.9,5001,294358.0,58.98,59.35,56.793125,-0.07315641145856944,-0.04679332099134147,-0.02636309046722797
2026-01-13 12:42:00,58.6,59.2,58.6,59.2,12001,705859.0,59.00500000000001,59.333333333333336,56.843333333333334,-0.045873765203999994,-0.046609409833873176,0.000735644629873182
2026-01-13 12:43:00,59.0,59.6,59.0,59.3,8021,476839.0,59.035000000000004,59.318333333333335,56.89333333333334,-0.01599848662615244,-0.04048722519232903,0.024488738566176588
2026-01-13 12:46:00,59.0,59.3,59.0,59.1,5570,329650.0,59.04,59.3,56.94166666666667,-0.008364026354321652,-0.03406258542472756,0.025698559070405906
2026-01-13 12:50:00,59.3,59.9,59.3,59.9,3000,178500.0,59.089999999999996,59.294999999999995,56.99333333333334,0.061530368745863484,-0.014943994590609347,0.07647436333647283
2026-01-13 12:51:00,59.9,60.0,59.1,60.0,8701,517170.0,59.145,59.291666666666664,57.045416666666675,0.12356694190133766,0.012758192707780064,0.1108087491935576
2026-01-13 12:52:00,60.0,60.0,59.3,59.3,8000,475800.0,59.17999999999999,59.276666666666664,57.09458333333334,0.11492246853993748,0.03319104787421155,0.08173142066572593
2026-01-13 12:53:00,60.2,60.2,60.2,60.2,4501,270960.0,59.239999999999995,59.27833333333333,57.14812500000001,0.1786349470341122,0.06227982770619169,0.1163551193279205
2026-01-13 12:54:00,60.3,60.3,59.7,60.3,8000,480600.0,59.30499999999999,59.281666666666666,57.198750000000004,0.2344936131245987,0.09672258478987311,0.1377710283347256
2026-01-13 12:55:00,60.3,60.4,59.5,60.4,6001,359360.0,59.385000000000005,59.28666666666667,57.24979166666666,0.2835624413935136,0.13409055611060125,0.14947188528291236
2026-01-13 12:56:00,60.4,60.4,60.4,60.4,2000,120800.0,59.455,59.29833333333333,57.30291666666666,0.31877519925212994,0.171027484738907,0.14774771451322294
2026-01-13 12:57:00,60.3,60.3,60.3,60.3,6001,361860.0,59.475,59.3,57.35625,0.334753568523098,0.20377270149574522,0.1309808670273528
2026-01-13 12:58:00,60.3,60.3,60.0,60.2,20630,1240688.0,59.48499999999999,59.3,57.408541666666665,0.33548017044739,0.2301141952860742,0.10536597516131577
2026-01-13 13:00:00,60.2,60.2,60.2,60.2,100,6020.0,59.49499999999999,59.31666666666667,57.46083333333333,0.3322263096137519,0.25053661815160977,0.08168969146214211
2026-01-13 13:01:00,60.2,60.2,60.2,60.2,1000,60200.0,59.575,59.318333333333335,57.51375,0.32589093363737476,0.26560748124876277,0.06028345238861199
2026-01-13 13:02:00,60.2,60.2,60.2,60.2,2050,123410.0,59.645,59.318333333333335,57.56666666666667,0.31721346318708044,0.2759286776364263,0.041284785550654124
2026-01-13 13:03:00,60.2,60.2,59.4,60.0,5100,304220.0,59.720000000000006,59.315000000000005,57.61875,0.2908454910315825,0.2789120403154576,0.01193345071612495
2026-01-13 13:04:00,60.2,60.2,60.2,60.2,1,60.0,59.790000000000006,59.31499999999999,57.668958333333336,0.2828267608125259,0.27969498441487123,0.003131776397654662
2026-01-13 13:05:00,59.4,60.2,59.4,60.2,8100,482420.0,59.85999999999999,59.315000000000005,57.71916666666666,0.27332118288236273,0.27842022410836953,-0.005099041226006795
2026-01-13 13:06:00,60.2,60.2,60.2,60.2,780,46956.0,59.935,59.315000000000005,57.767916666666665,0.2627590214512239,0.2752879835769404,-0.012528962125716525
2026-01-13 13:07:00,59.5,60.0,59.5,60.0,7010,417600.0,59.989999999999995,59.32,57.81333333333334,0.23553500299149022,0.26733738745985036,-0.031802384468360145
2026-01-13 13:08:00,60.2,60.2,60.2,60.2,1,60.0,60.04,59.32166666666667,57.863958333333336,0.22747590017556263,0.2593650900029928,-0.031889189827430164
2026-01-13 13:09:00,60.2,60.2,60.2,60.2,1000,60200.0,60.085,59.333333333333336,57.91020833333333,0.2185694703320209,0.2512059660687984,-0.032636495736777515
2026-01-13 13:10:00,59.5,60.1,59.5,59.9,17001,1015760.0,60.125,59.343333333333334,57.95958333333333,0.18516905412602824,0.23799858368024437,-0.05282952955421613
2026-01-13 13:11:00,60.1,60.2,60.0,60.2,2001,120260.0,60.14,59.35,58.005833333333335,0.18082207215123702,0.22656328137444293,-0.0457412092232059
2026-01-13 13:12:00,60.2,60.2,59.6,59.8,11005,658901.0,60.129999999999995,59.35,58.05041666666666,0.14344683473905917,0.20993999204736621,-0.06649315730830704
2026-01-13 13:13:00,60.2,60.2,59.6,60.2,6001,360660.0,60.175,59.365,58.09666666666667,0.14443835147039152,0.19683966393197128,-0.05240131246157975
2026-01-13 13:15:00,60.2,60.2,59.8,60.2,8001,480460.0,60.175,59.391666666666666,58.14291666666667,0.14356915971892192,0.18618556308936143,-0.04261640337043951
2026-01-13 13:17:00,60.2,60.3,59.8,60.3,19001,1141560.0,60.175,59.415,58.189375000000005,0.1492292612273758,0.1787943027169643,-0.029565041489588523
2026-01-13 13:18:00,60.3,60.3,59.7,59.7,10700,640940.0,60.14,59.428333333333335,58.23395833333334,0.10409994746645168,0.16385543166686178,-0.0597554842004101
2026-01-13 13:19:00,60.2,60.2,60.2,60.2,2050,123410.0,60.13000000000001,59.45,58.279999999999994,0.10744193870828411,0.15257273307514627,-0.045130794366862154
2026-01-13 13:20:00,59.6,59.6,59.6,59.6,1000,59600.0,60.095000000000006,59.461666666666666,58.323541666666664,0.0609726504936674,0.1342527165588505,-0.07328006606518309
2026-01-13 13:21:00,60.2,60.2,60.2,60.2,5051,304070.0,60.095000000000006,59.49,58.369375000000005,0.0717334913455403,0.12174887151618845,-0.05001538017064815
2026-01-13 13:22:00,60.2,60.2,60.2,60.2,10,602.0,60.095000000000006,59.526666666666664,58.414791666666666,0.07934687387796657,0.11326847198854408,-0.0339215981105775
2026-01-13 13:23:00,60.2,60.2,60.2,60.2,591,35578.0,60.095000000000006,59.55499999999999,58.460208333333334,0.08440753684351421,0.10749628495953811,-0.023088748116023905
2026-01-13 13:24:00,60.2,60.2,60.2,60.2,2099,126359.0,60.095000000000006,59.583333333333336,58.505624999999995,0.08741053447356961,0.10347913486234443,-0.01606860038877482
2026-01-13 13:25:00,60.2,60.2,59.6,60.1,20050,1198205.0,60.1,59.605000000000004,58.55,0.08078997097036478,0.09894130208394851,-0.018151331113583732
2026-01-13 13:26:00,59.7,60.1,59.7,60.1,16003,956879.0,60.09499999999999,59.626666666666665,58.59354166666667,0.0746822363627686,0.09408948893971254,-0.019407252576943937
2026-01-13 13:27:00,60.1,60.1,59.7,60.0,14100,843210.0,60.085,59.644999999999996,58.638124999999995,0.06106868661193232,0.0874853284741565,-0.026416641862224186
2026-01-13 13:28:00,59.7,60.0,59.7,59.7,12000,716700.0,60.06,59.65833333333334,58.68291666666667,0.02577523667483206,0.07514331011429162,-0.049368073439459564
2026-01-13 13:29:00,60.1,60.2,59.9,60.2,17001,1020360.0,60.07000000000001,59.68,58.729791666666664,0.037715978328954236,0.06765784375722415,-0.029941865428269918
2026-01-13 13:30:00,60.1,60.1,59.7,60.0,3000,179800.0,60.06,59.70166666666667,58.77583333333333,0.03068703257842742,0.06026368152146481,-0.02957664894303739
2026-01-13 13:31:00,60.1,60.1,59.7,60.1,802,47920.0,60.05499999999999,59.725,58.82166666666667,0.03280752200376469,0.05477244961792479,-0.0219649276141601
2026-01-13 13:32:00,60.1,60.1,60.1,60.1,5050,303505.0,60.06500000000001,59.74333333333333,58.870000000000005,0.03409499922299375,0.050636959538938583,-0.016541960315944834
2026-01-13 13:33:00,60.1,60.1,60.1,60.1,2000,120200.0,60.06,59.763333333333335,58.91979166666667,0.03471515944634973,0.047452599520420816,-0.012737440074071085
2026-01-13 13:34:00,59.7,60.1,59.7,60.1,15071,900760.0,60.07500000000001,59.78333333333333,58.96812499999999,0.034805425610556995,0.044923164738448054,-0.01011773912789106
2026-01-13 13:35:00,60.1,60.1,60.1,60.1,1000,60100.0,60.07000000000001,59.80833333333333,59.014583333333334,0.03447950393738353,0.04283443257823515,-0.008354928640851626
2026-01-13 13:37:00,59.7,60.0,59.7,60.0,20000,1197000.0,60.06,59.825,59.059999999999995,0.025854015402131836,0.039438349143014494,-0.013584333740882658
2026-01-13 13:38:00,60.1,60.1,60.1,60.1,50,3005.0,60.05,59.843333333333334,59.10208333333333,0.02677872933716685,0.03690642518184497,-0.010127695844678118
2026-01-13 13:42:00,60.1,60.1,60.1,60.1,2000,120200.0,60.07000000000001,59.865,59.13375,0.027198049607214614,0.0349647500669189,-0.007766700459704283
2026-01-13 13:45:00,60.1,60.1,60.1,60.1,2000,120200.0,60.065,59.88333333333334,59.15,0.02721662760104948,0.033415125573745014,-0.0061984979726955325
2026-01-13 13:47:00,60.1,60.1,60.1,60.1,1010,60701.0,60.09000000000001,59.88666666666667,59.16416666666667,0.026921022011009654,0.032116304861197945,-0.00519528285018829
2026-01-13 13:48:00,60.1,60.1,60.1,60.1,1000,60100.0,60.085,59.888333333333335,59.17916666666667,0.026382629916128053,0.030969569872183966,-0.004586939956055913
2026-01-13 13:49:00,60.0,60.0,60.0,60.0,23,1380.0,60.075,59.888333333333335,59.192083333333336,0.017682948019384526,0.028312245501624082,-0.010629297482239557
2026-01-13 13:50:00,60.1,60.1,60.1,60.1,1001,60160.0,60.06999999999999,59.913333333333334,59.20916666666667,0.018642650829406193,0.026378326567180508,-0.007735675737774315
2026-01-13 13:53:00,60.1,60.1,60.1,60.1,1000,60100.0,60.065,59.934999999999995,59.217916666666675,0.019182102879099716,0.02493908182956435,-0.0057569789504646335
2026-01-13 13:56:00,60.0,60.0,60.0,60.0,50,3000.0,60.06,59.96,59.223333333333336,0.01140894305614637,0.022233054074880756,-0.010824111018734386
2026-01-13 13:57:00,60.0,60.0,59.7,59.7,102,6119.0,60.040000000000006,59.975,59.22333333333333,-0.0187427798029276,0.014037887299319084,-0.03278066710224668
2026-01-13 13:59:00,60.0,60.0,60.0,60.0,1,60.0,60.040000000000006,59.995000000000005,59.22666666666667,-0.018220707629225785,0.007586168313610109,-0.025806875942835893
2026-01-13 14:01:00,59.7,60.0,59.7,60.0,11001,657360.0,60.05500000000001,60.016666666666666,59.23083333333333,-0.01760403333211258,0.0025481279844655706,-0.020152161316578147
2026-01-13 14:02:00,60.0,60.0,60.0,60.0,1000,60000.0,60.045,60.035000000000004,59.235,-0.0169202681895797,-0.001345551250343485,-0.015574716939236215
2026-01-13 14:03:00,60.0,60.0,60.0,60.0,1000,60000.0,60.045,60.04833333333333,59.2375,-0.016191731189699965,-0.004314787238214782,-0.011876943951485183
2026-01-13 14:05:00,59.7,60.1,59.7,60.1,2001,119460.0,60.045,60.061666666666675,59.24,-0.007459210962572627,-0.004943671983086351,-0.0025155389794862754
2026-01-13 14:06:00,59.7,60.2,59.7,60.2,12001,718460.0,60.05,60.08,59.240833333333335,0.007444720394445881,-0.0024659935075799044,0.009910713902025785
2026-01-13 14:08:00,60.2,60.2,60.2,60.2,1000,60200.0,60.05500000000001,60.08500000000001,59.24083333333333,0.019036749572798328,0.0018345551084957435,0.017202194464302586
2026-01-13 14:09:00,59.7,59.9,59.7,59.9,29000,1734500.0,60.044999999999995,60.08333333333334,59.239583333333336,0.003970256768688785,0.0022616954405343523,0.0017085613281544324
2026-01-13 14:10:00,60.1,60.1,60.1,60.1,1,60.0,60.045,60.09666666666667,59.236666666666665,0.008075195377792,0.003424395427985882,0.004650799949806117
2026-01-13 14:11:00,60.0,60.0,60.0,60.0,1000,60000.0,60.045,60.09333333333334,59.232499999999995,0.0032220823749113947,0.0033839328173709852,-0.0001618504424595905
2026-01-13 14:12:00,60.1,60.1,60.1,60.1,1,60.0,60.045,60.09,59.22875,0.007360274952439738,0.004179201244384737,0.0031810737080550013
2026-01-13 14:14:00,60.0,60.0,60.0,60.0,3000,180000.0,60.04,60.083333333333336,59.2225,0.00254136286984874,0.0038516335694775373,-0.0013102706996287973
2026-01-13 14:17:00,60.0,60.0,60.0,60.0,2000,120000.0,60.035000000000004,60.07666666666667,59.21791666666666,-0.0012630994497868642,0.002828686965624657,-0.004091786415411521
2026-01-13 14:18:00,60.1,60.1,60.1,60.1,1,60.0,60.03499999999999,60.07333333333334,59.21,0.0037477987265575052,0.003012509317811227,0.0007352894087462782
2026-01-13 14:22:00,60.1,60.1,59.9,60.1,15030,902303.0,60.035000000000004,60.071666666666665,59.19375,0.0076310061441873245,0.003936208683086447,0.0036947974611008776
2026-01-13 14:25:00,59.7,60.1,59.7,60.1,215,12915.0,60.04,60.07000000000001,59.18083333333334,0.010586442085141812,0.00526625536349752,0.005320186721644291
2026-01-13 14:26:00,60.2,60.2,60.2,60.2,1,60.0,60.045,60.07000000000001,59.16916666666667,0.02075851933705053,0.008364708158208124,0.012393811178842406
2026-01-13 14:27:00,60.2,60.2,60.2,60.2,1000,60200.0,60.05,60.07,59.155833333333334,0.0284915312086369,0.01239007276829388,0.016101458440343018
2026-01-13 14:31:00,60.2,60.2,60.2,60.2,500,30100.0,60.06,60.07333333333334,59.142083333333325,0.03422546892901579,0.016757152000438265,0.017468316928577525
2026-01-13 14:32:00,60.2,60.2,60.2,60.2,1,60.0,60.085,60.07333333333334,59.12875,0.03832783644293869,0.02107128888893835,0.01725654755400034
2026-01-13 14:33:00,60.2,60.2,60.2,60.2,1000,60200.0,60.09499999999999,60.07333333333334,59.11333333333334,0.04110515758412703,0.025078062627976086,0.016027094956150942
2026-01-13 14:34:00,60.2,60.2,60.2,60.2,5000,301000.0,60.105,60.07333333333334,59.10166666666667,0.042812686596917615,0.028624987421764395,0.01418769917515322
2026-01-13 14:35:00,59.9,60.2,59.9,60.0,4016,241158.0,60.105,60.07333333333334,59.089166666666664,0.02770818440924927,0.02844162681926137,-0.0007334424100121015
2026-01-13 14:36:00,60.2,60.7,60.2,60.7,2,120.0,60.14,60.08166666666666,59.07958333333333,0.0713988657789244,0.037033074611193983,0.03436579116773042
2026-01-13 14:38:00,60.0,60.2,60.0,60.2,3001,180060.0,60.145,60.08166666666667,59.06708333333333,0.06492975442149884,0.04261241057325496,0.02231734384824388
2026-01-13 14:40:00,60.2,60.2,60.2,60.2,1000,60200.0,60.145,60.086666666666666,59.06166666666666,0.05912142211101923,0.04591421288080782,0.01320720923021141
2026-01-13 14:47:00,60.2,60.2,60.0,60.0,4500,270300.0,60.135000000000005,60.083333333333336,59.0575,0.03794257004884116,0.04431988431441449,-0.006377314265573329
2026-01-13 14:48:00,60.2,60.2,60.2,60.2,1,60.0,60.15,60.09,59.05416666666667,0.03687147433006288,0.042830202317544176,-0.005958727987481295
2026-01-13 14:49:00,60.2,60.2,60.2,60.2,200,12040.0,60.154999999999994,60.09,59.05499999999999,0.03561210903095713,0.041386583660226774,-0.005774474629269645
2026-01-13 14:50:00,60.2,60.2,60.2,60.2,1000,60200.0,60.165,60.09,59.05708333333334,0.034219590816206846,0.03995318509142279,-0.005733594275215942
2026-01-13 14:51:00,60.2,60.2,59.8,60.2,1089,65522.0,60.17,60.08833333333334,59.05958333333333,0.032738619669984814,0.03851027200713519,-0.005771652337150379
2026-01-13 14:53:00,60.2,60.2,60.2,60.2,400,24080.0,60.18000000000001,60.096666666666664,59.06458333333333,0.031205224958057443,0.037049262597319645,-0.005844037639262202
2026-01-13 14:54:00,60.2,60.2,60.2,60.2,400,24080.0,60.19,60.09666666666667,59.070416666666674,0.029648232235508942,0.0355690565249575,-0.0059208242894485605
2026-01-13 14:56:00,60.2,60.2,60.2,60.2,50,3010.0,60.19500000000001,60.10666666666667,59.075,0.02809049454992163,0.03407334412995033,-0.005982849580028697
2026-01-13 14:57:00,60.2,60.2,59.8,60.0,14200,852840.0,60.19,60.10333333333333,59.08125,0.010595509245817425,0.029377777153123747,-0.018782267907306322
2026-01-13 14:58:00,60.4,60.4,60.4,60.4,1,60.0,60.205000000000005,60.10666666666667,59.089166666666664,0.028676697292510767,0.029237561181001154,-0.0005608638884903872
2026-01-13 14:59:00,60.7,60.7,60.7,60.7,1,60.0,60.230000000000004,60.115,59.09875,0.06644769422604924,0.03667958779001078,0.029768106436038458
2026-01-13 15:00:00,60.4,60.7,60.0,60.2,11002,661720.0,60.23,60.115,59.10541666666667,0.055397077074538004,0.040423085646916226,0.014973991427621777
2026-01-14 09:01:00,60.8,64.7,60.2,64.7,52520,3299771.0,60.455,60.19166666666667,59.13291666666667,0.4050822393965774,0.11335491639684848,0.2917273229997289
2026-01-14 09:02:00,64.7,65.4,63.5,64.8,142150,9229790.0,60.68499999999999,60.27,59.15833333333333,0.682412982077409,0.22716652953296065,0.4552464525444483
2026-01-14 09:03:00,64.6,65.0,63.8,64.4,103166,6663371.0,60.895,60.34333333333334,59.184583333333336,0.860009284951829,0.35373508061673437,0.5062742043350947
2026-01-14 09:04:00,64.6,65.9,63.8,64.4,79198,5095209.0,61.105000000000004,60.42166666666666,59.21083333333333,0.9893510118767779,0.4808582668687431,0.5084927450080348
2026-01-14 09:05:00,64.2,64.6,63.1,63.1,51347,3286834.0,61.260000000000005,60.470000000000006,59.232083333333335,0.9757087636057094,0.5798283662161364,0.3958803973895729
2026-01-14 09:06:00,63.7,63.9,62.0,62.0,95530,6015664.0,61.325,60.50333333333334,59.252500000000005,0.8661519165146316,0.6370930762758356,0.22905884023879608
2026-01-14 09:07:00,62.0,63.1,61.3,61.7,48810,3025272.0,61.4,60.53,59.27208333333333,0.7465144788619114,0.6589773567930508,0.08753712206886055
2026-01-14 09:08:00,61.1,61.5,59.9,60.7,64188,3891589.0,61.425,60.54,59.28791666666667,0.5645020763834339,0.6400823007111275,-0.07558022432769362
2026-01-14 09:09:00,59.9,60.7,59.7,59.7,34265,2054804.0,61.410000000000004,60.53333333333333,59.30291666666667,0.33569461488168173,0.5792047635452383,-0.24351014866355658
2026-01-14 09:10:00,59.7,60.2,59.7,59.9,11400,683320.0,61.395,60.53,59.32125,0.16855834601413733,0.49707548003901814,-0.3285171340248808
2026-01-14 09:11:00,59.7,60.0,59.7,60.0,16143,968110.0,61.385000000000005,60.528333333333336,59.337916666666665,0.043667441961048326,0.40639387242342423,-0.3627264304623759
2026-01-14 09:12:00,59.7,60.2,59.7,59.8,5500,329350.0,61.364999999999995,60.525,59.35541666666666,-0.07063360756157522,0.31098837642642435,-0.38162198398799957
2026-01-14 09:13:00,60.2,60.3,60.0,60.2,22250,1337700.0,61.364999999999995,60.52666666666667,59.37583333333334,-0.12747193858287176,0.22329631342456513,-0.3507682520074369
2026-01-14 09:14:00,60.2,60.2,60.0,60.0,13150,790430.0,61.355,60.525000000000006,59.39541666666666,-0.18650513880088937,0.1413360229794742,-0.3278411617803636
2026-01-14 09:16:00,59.9,60.3,59.9,60.2,39130,2351023.0,61.355000000000004,60.526666666666664,59.413333333333334,-0.2146763909511762,0.07013354019334411,-0.2848099311445203
2026-01-14 09:17:00,60.3,60.4,60.0,60.2,34607,2082783.0,61.355000000000004,60.52833333333333,59.43,-0.2343014302033879,0.009246546113997696,-0.2435479763173856
2026-01-14 09:18:00,60.2,60.2,60.0,60.0,6200,372640.0,61.355000000000004,60.526666666666664,59.44291666666666,-0.2629614873929711,-0.04519506058739608,-0.217766426805575
2026-01-14 09:19:00,59.9,60.2,59.9,60.0,6250,375295.0,61.335,60.526666666666664,59.45583333333333,-0.28241923604700503,-0.09263989567931788,-0.18977934036768715
2026-01-14 09:21:00,60.2,60.2,59.8,59.8,16000,961600.0,61.29,60.52166666666667,59.46791666666666,-0.31039987404036395,-0.13619189135152712,-0.17420798268883683
2026-01-14 09:22:00,60.0,60.3,60.0,60.3,18750,1127130.0,61.294999999999995,60.525000000000006,59.48166666666667,-0.288898665926439,-0.1667332462665095,-0.12216541965992947
2026-01-14 09:23:00,60.3,60.4,60.1,60.2,29200,1758940.0,61.07000000000001,60.528333333333336,59.495,-0.2767379055417223,-0.18873417812155208,-0.08800372742017021
2026-01-14 09:24:00,60.2,60.2,59.8,60.0,24200,1454200.0,60.83,60.53333333333333,59.5075,-0.28001095190079894,-0.2069895328774015,-0.07302141902339745
2026-01-14 09:25:00,59.8,59.8,59.8,59.8,3000,179400.0,60.6,60.53,59.51916666666667,-0.2953387124168714,-0.22465936878529547,-0.07067934363157591
2026-01-14 09:26:00,60.0,60.0,59.8,59.8,17160,1027968.0,60.36999999999999,60.526666666666664,59.531666666666666,-0.30398195826375485,-0.24052388668098737,-0.06345807158276748
2026-01-14 09:27:00,60.0,60.2,59.8,59.8,14100,844780.0,60.205000000000005,60.52333333333333,59.539166666666674,-0.30728955021485405,-0.25387701938776075,-0.053412530827093296
2026-01-14 09:28:00,60.0,60.0,59.8,59.8,17000,1018600.0,60.095000000000006,60.519999999999996,59.54625,-0.3063790931940318,-0.26437743414901493,-0.04200165904501685
2026-01-14 09:29:00,60.0,60.0,59.8,59.8,8000,479400.0,60.0,60.515,59.554583333333326,-0.30217427252879503,-0.271936801824971,-0.030237470703824043
2026-01-14 09:30:00,60.0,60.0,59.7,59.9,21450,1284570.0,59.96,60.510000000000005,59.56458333333333,-0.28745910793318785,-0.27504126304661436,-0.012417844886573493
2026-01-14 09:31:00,60.0,60.0,59.8,59.8,2150,128800.0,59.964999999999996,60.50333333333333,59.577083333333334,-0.28063145352999186,-0.27615930114328985,-0.004472152386702011
2026-01-14 09:32:00,60.1,60.1,59.7,59.9,16100,965130.0,59.964999999999996,60.50333333333333,59.59,-0.2641068644274256,-0.273748813800117,0.009641949372691416
2026-01-14 09:33:00,59.9,59.9,59.9,59.9,5000,299500.0,59.96,60.5,59.60625,-0.24815048419689134,-0.2686291478794719,0.020478663682580556
2026-01-14 09:34:00,59.7,59.9,59.7,59.9,6200,370540.0,59.96500000000001,60.498333333333335,59.62041666666667,-0.2328211209485147,-0.26146754249328047,0.028646421544765766
2026-01-14 09:35:00,60.0,60.1,59.6,60.1,18500,1104630.0,59.96,60.498333333333335,59.635416666666664,-0.20220328796531817,-0.249614691587688,0.04741140362236984
2026-01-14 09:36:00,60.1,60.1,59.7,59.7,3000,179500.0,59.94500000000001,60.49333333333333,59.65083333333334,-0.20781947821534885,-0.2412556489132202,0.03343617069787136
2026-01-14 09:37:00,59.7,60.1,59.7,59.9,8000,479400.0,59.92999999999999,60.49166666666667,59.65958333333333,-0.19389689817516853,-0.23178389876560992,0.037887000590441394
2026-01-14 09:38:00,59.9,60.0,59.7,59.7,9010,539097.0,59.904999999999994,60.48500000000001,59.66833333333333,-0.19673365856334613,-0.22477385072515718,0.028040192161811056
2026-01-14 09:39:00,59.6,59.9,59.6,59.9,7200,430020.0,59.9,60.48166666666667,59.68541666666667,-0.18075979666162567,-0.2159710399124509,0.035211243250825225
2026-01-14 09:40:00,59.7,59.8,59.5,59.5,47500,2835100.0,59.875,60.471666666666664,59.7,-0.19809355389917016,-0.21239554270979477,0.01430198881062461
2026-01-14 09:41:00,59.7,59.9,59.5,59.7,14450,862875.0,59.870000000000005,60.46333333333334,59.71541666666667,-0.19346224057930783,-0.20860888228369742,0.01514664170438959
2026-01-14 09:42:00,60.0,60.0,59.4,59.6,14300,852880.0,59.835,60.45333333333334,59.732499999999995,-0.19560622882637801,-0.20600835159223355,0.010402122765855532
2026-01-14 09:43:00,59.6,59.6,59.4,59.4,7600,452240.0,59.795,60.440000000000005,59.74875,-0.2110112768395993,-0.2070089366417067,-0.004002340197892612
2026-01-14 09:44:00,59.4,60.0,59.3,59.6,19001,1137259.0,59.775,60.43,59.76583333333333,-0.20472165603126058,-0.20655148051961747,0.0018298244883568904
2026-01-14 09:45:00,59.6,59.8,59.4,59.4,5600,333560.0,59.75500000000001,60.416666666666664,59.778333333333336,-0.213415296069968,-0.20792424362968762,-0.005491052440280392
2026-01-14 09:46:00,59.4,59.9,59.4,59.9,5699,340220.0,59.760000000000005,60.41166666666667,59.7875,-0.17790842947841412,-0.2019210807994329,0.02401265132101879
2026-01-14 09:48:00,60.0,60.0,60.0,60.0,13,780.0,59.769999999999996,60.41166666666667,59.802083333333336,-0.14008500488983344,-0.18955386561751303,0.04946886072767959
2026-01-14 09:49:00,60.0,60.0,59.6,59.8,5350,319600.0,59.769999999999996,60.39666666666667,59.810833333333335,-0.12480927331883862,-0.17660494715777816,0.05179567383893954
2026-01-14 09:50:00,60.0,60.0,60.0,60.0,1000,60000.0,59.779999999999994,60.39333333333333,59.81958333333333,-0.0954643637025967,-0.1603768304667419,0.0649124667641452
2026-01-14 09:51:00,59.5,59.6,59.4,59.6,11002,654319.0,59.765,60.38333333333333,59.82958333333333,-0.10329425658215285,-0.1489603156898241,0.04566605910767124
2026-01-14 09:52:00,59.5,59.5,58.8,58.8,33820,2002958.0,59.714999999999996,60.36333333333334,59.83708333333333,-0.17206930933300413,-0.15358211441846012,-0.01848719491454401
2026-01-14 09:53:00,58.8,58.8,58.8,58.8,8420,495096.0,59.660000000000004,60.34,59.84458333333334,-0.22399199386050128,-0.16766409030686838,-0.0563279035536329
2026-01-14 09:54:00,58.9,58.9,58.4,58.6,13015,762283.0,59.595000000000006,60.31333333333334,59.85208333333333,-0.27807396044062216,-0.18974606433361915,-0.088327896107003
2026-01-14 09:55:00,58.3,58.6,58.1,58.3,6435,375395.0,59.515,60.28166666666666,59.85375,-0.3412085614883935,-0.22003856376457404,-0.12116999772381948
2026-01-14 09:56:00,58.4,58.4,58.4,58.4,3040,177536.0,59.42999999999999,60.251666666666665,59.85666666666667,-0.3788073678763908,-0.25179232458693745,-0.12701504328945334
2026-01-14 09:57:00,58.4,59.8,58.3,58.5,16211,946734.0,59.36999999999999,60.223333333333336,59.86,-0.3959710211105545,-0.2806280638916609,-0.1153429572188936
2026-01-14 09:58:00,58.4,59.3,58.4,59.3,3001,175259.0,59.339999999999996,60.208333333333336,59.86541666666667,-0.34108817368877453,-0.2927200858510836,-0.04836808783769092
2026-01-14 09:59:00,58.8,58.8,58.4,58.4,120,7048.0,59.275,60.178333333333335,59.86791666666667,-0.36599661888607926,-0.30737539245808276,-0.0586212264279965
2026-01-14 10:00:00,58.4,58.4,58.0,58.3,14054,817853.0,59.19499999999999,60.15,59.869166666666665,-0.3893180888396799,-0.3237639317344022,-0.06555415710527768
2026-01-14 10:01:00,58.0,58.2,57.6,57.8,27990,1621558.0,59.10999999999999,60.10666666666667,59.86833333333334,-0.4430392622923378,-0.3476189978459894,-0.09542026444634844
2026-01-14 10:02:00,57.1,57.5,56.8,57.0,28700,1635760.0,58.97499999999999,60.045,59.86333333333334,-0.5438972840880965,-0.3868746550944108,-0.15702262899368563
2026-01-14 10:03:00,56.2,56.6,56.0,56.3,22800,1282444.0,58.81,59.98,59.854166666666664,-0.6725592979270729,-0.4440115836609433,-0.22854771426612963
2026-01-14 10:04:00,55.2,55.8,54.8,55.0,21000,1158900.0,58.589999999999996,59.818333333333335,59.839166666666664,-0.8694020803031748,-0.5290896829893896,-0.34031239731378515
2026-01-14 10:05:00,55.0,55.2,54.7,55.0,16150,887580.0,58.36,59.654999999999994,59.82083333333333,-1.0137159174319805,-0.6260149298779079,-0.3877009875540727
2026-01-14 10:06:00,54.8,55.1,54.7,55.1,8111,445210.0,58.144999999999996,59.5,59.80291666666667,-1.1072527879182985,-0.722262501485986,-0.3849902864323125
2026-01-14 10:07:00,54.8,56.1,54.7,56.1,38450,2124170.0,57.955,59.36166666666667,59.78791666666667,-1.0881463156449769,-0.7954392643177843,-0.29270705132719255
2026-01-14 10:08:00,57.6,57.6,56.7,56.7,1001,56757.0,57.79,59.254999999999995,59.775416666666665,-1.0129130816343093,-0.8389340277810894,-0.17397905385321988
2026-01-14 10:09:00,56.8,57.8,56.8,57.8,3001,170457.0,57.69,59.184999999999995,59.76583333333334,-0.8546772079036273,-0.842082663805597,-0.012594544098030291
2026-01-14 10:10:00,56.8,58.1,56.7,58.1,3202,181856.0,57.595000000000006,59.125,59.7575,-0.6970316976256967,-0.813072470569617,0.11604077294392023
2026-01-14 10:11:00,58.1,58.1,57.8,57.8,2011,116539.0,57.504999999999995,59.076666666666675,59.74791666666667,-0.5895085007113607,-0.7683596765979658,0.17885117588660504
2026-01-14 10:12:00,58.2,58.2,56.7,56.7,2011,115540.0,57.4,59.026666666666664,59.73374999999999,-0.5862979219242135,-0.7319473256632154,0.14564940373900193
2026-01-14 10:13:00,58.2,58.2,58.2,58.2,1200,69840.0,57.370000000000005,58.99833333333333,59.725833333333334,-0.4574429337357131,-0.677046447277715,0.21960351354200192
2026-01-14 10:14:00,58.2,58.2,58.2,58.2,1000,58200.0,57.35,58.968333333333334,59.723333333333336,-0.3512751460240864,-0.6118921870269893,0.26061704100290295
2026-01-14 10:15:00,58.0,58.2,56.6,56.8,13360,761858.0,57.275,58.91833333333333,59.70916666666667,-0.3757730314805272,-0.5646683559176969,0.18889532443716972
2026-01-14 10:16:00,56.8,56.8,56.8,56.8,1000,56800.0,57.19500000000001,58.861666666666665,59.695,-0.3906842177329324,-0.529871528280744,0.13918731054781164
2026-01-14 10:17:00,58.1,58.1,56.6,57.0,6006,340543.0,57.120000000000005,58.81166666666666,59.6825,-0.3819601133126511,-0.5002892452871255,0.11832913197447437
2026-01-14 10:19:00,57.2,57.2,56.8,57.2,20100,1147880.0,57.01500000000001,58.76166666666666,59.669999999999995,-0.35481775100830504,-0.4711949464313614,0.11637719542305636
2026-01-14 10:20:00,57.0,57.0,56.7,57.0,7850,446970.0,56.94500000000001,58.708333333333336,59.656666666666666,-0.3454632762569432,-0.4460486123964778,0.10058533613953463
2026-01-14 10:21:00,57.4,57.4,57.2,57.2,3004,172229.0,56.89,58.66166666666667,59.64541666666667,-0.31824295243456646,-0.42048748040409556,0.1022445279695291
2026-01-14 10:23:00,56.6,56.6,56.6,56.6,100,5660.0,56.830000000000005,58.605000000000004,59.630833333333335,-0.34115303545195985,-0.40462059141366846,0.06346755596170861
2026-01-14 10:24:00,57.2,57.2,56.6,56.8,10233,580701.0,56.82000000000001,58.555,59.61875,-0.33926033085931095,-0.39154853930279704,0.052288208443486084
2026-01-14 10:26:00,56.6,56.8,56.4,56.5,18865,1066813.0,56.83,58.49166666666667,59.60375,-0.35784285198062804,-0.38480740183836326,0.02696454985773522
2026-01-14 10:27:00,56.2,56.2,56.0,56.0,18200,1021007.0,56.879999999999995,58.42166666666667,59.58666666666667,-0.4082098659419984,-0.38948789465909034,-0.018721971282908034
2026-01-14 10:28:00,56.0,56.6,56.0,56.6,2110,118166.0,56.959999999999994,58.365,59.57208333333334,-0.3951559895192247,-0.39062151363111725,-0.004534475888107459
2026-01-14 10:29:00,56.0,57.0,56.0,57.0,351,19957.0,57.05499999999999,58.318333333333335,59.55916666666667,-0.3485165593928983,-0.3822005227834735,0.03368396339057522
2026-01-14 10:31:00,57.0,57.0,57.0,57.0,200,11400.0,57.1,58.27166666666667,59.54625,-0.30800399665127287,-0.36736121755703344,0.059357220905760566
2026-01-14 10:32:00,57.0,57.0,56.4,56.8,7100,402680.0,57.105000000000004,58.221666666666664,59.5325,-0.28870778371522476,-0.35163053078867174,0.06292274707344697
2026-01-14 10:34:00,57.0,57.0,56.7,56.7,1135,64665.0,57.05,58.17,59.51791666666667,-0.2782767589509163,-0.3369597764211207,0.05868301747020438
2026-01-14 10:35:00,57.0,57.2,57.0,57.2,11600,662200.0,57.004999999999995,58.126666666666665,59.50541666666666,-0.22704701864895327,-0.3149772248666872,0.08793020621773395
2026-01-14 10:36:00,58.1,58.1,58.1,58.1,2,116.0,57.02,58.096666666666664,59.49666666666667,-0.11252745552179277,-0.27448727099770837,0.1619598154759156
2026-01-14 10:39:00,58.1,58.1,58.1,58.1,1000,58100.0,57.089999999999996,58.06833333333334,59.48791666666667,-0.021521786911939955,-0.22389417418055468,0.20237238726861473
2026-01-14 10:40:00,58.1,58.1,58.1,58.1,300,17430.0,57.084999999999994,58.038333333333334,59.479166666666664,0.05002421313180605,-0.16911049671808254,0.2191347098498886
2026-01-14 10:41:00,57.0,57.0,57.0,57.0,1000,57000.0,57.025,57.99,59.465833333333336,0.017759407318436615,-0.1317365159107787,0.14949592322921532
2026-01-14 10:42:00,57.0,57.0,57.0,57.0,2000,114000.0,57.03499999999999,57.94166666666667,59.45291666666667,-0.00772167310308447,-0.10693354734923985,0.09921187424615538
2026-01-14 10:43:00,56.8,57.0,56.8,57.0,4100,233300.0,57.045,57.89,59.440000000000005,-0.02759748627546088,-0.09106633513448406,0.06346884885902318
2026-01-14 10:44:00,56.8,56.8,55.9,56.8,10020,566736.0,57.035000000000004,57.84166666666667,59.426249999999996,-0.05880961925922179,-0.08461499195943162,0.025805372700209828
2026-01-14 10:45:00,56.8,56.9,56.1,56.1,16680,945688.0,56.98,57.778333333333336,59.41125,-0.138433830351822,-0.0953787596379097,-0.04305507071391229
2026-01-14 10:46:00,55.9,56.1,55.9,56.1,3000,168100.0,56.93499999999999,57.718333333333334,59.39416666666667,-0.1992398780129463,-0.11615098331291704,-0.08308889470002925
2026-01-14 10:47:00,55.9,56.1,55.8,55.9,22521,1258966.0,56.870000000000005,57.65166666666667,59.376250000000006,-0.26056381987835664,-0.14503355062600498,-0.11553026925235166
2026-01-14 10:48:00,55.9,55.9,55.9,55.9,1000,55900.0,56.835,57.59166666666667,59.3625,-0.3056402550164563,-0.17715489150409527,-0.12848536351236103
2026-01-14 10:49:00,55.7,56.0,55.6,55.8,11342,631986.0,56.785000000000004,57.526666666666664,59.344583333333325,-0.34545067850053357,-0.21081404890338293,-0.13463662959715064
2026-01-14 10:50:00,56.2,56.2,55.9,55.9,2000,112100.0,56.754999999999995,57.465,59.326666666666675,-0.36472721338405734,-0.24159668179951782,-0.12313053158453952
2026-01-14 10:52:00,56.2,56.2,56.0,56.0,6300,353460.0,56.754999999999995,57.40833333333333,59.30916666666667,-0.367696268197264,-0.26681659907906713,-0.10087966911819685
2026-01-14 10:53:00,55.7,56.2,55.7,56.2,1005,56478.0,56.735,57.35166666666667,59.2925,-0.3498777639261661,-0.28342883204848696,-0.06644893187767914
2026-01-14 10:55:00,55.7,55.9,55.6,55.8,13200,735520.0,56.675,57.291666666666664,59.27416666666667,-0.36383901825590925,-0.29951086928997145,-0.0643281489659378
2026-01-14 10:56:00,55.7,55.7,55.7,55.7,4050,225585.0,56.61,57.221666666666664,59.25541666666666,-0.3786082173090648,-0.31533033889379014,-0.06327787841527466
2026-01-14 10:57:00,55.5,55.5,55.5,55.5,5000,277500.0,56.544999999999995,57.14666666666666,59.23791666666667,-0.40181931950388616,-0.3326281350158094,-0.06919118448807676
2026-01-14 10:58:00,55.7,55.7,55.4,55.4,5220,289892.0,56.480000000000004,57.07333333333334,59.218333333333334,-0.42340272641431653,-0.35078305329551085,-0.07261967311880568
2026-01-14 10:59:00,55.5,56.3,55.5,56.3,3520,195520.0,56.435,57.01166666666667,59.205000000000005,-0.36369282896335875,-0.3533650084290805,-0.010327820534278276
2026-01-14 11:00:00,56.3,56.3,56.3,56.3,1310,73753.0,56.34499999999999,56.95666666666667,59.192499999999995,-0.3127669226531893,-0.34524539127390225,0.032478468620712964
2026-01-14 11:01:00,56.3,56.3,56.3,56.3,10,563.0,56.254999999999995,56.915,59.17791666666667,-0.2693034128927607,-0.330056995597674,0.06075358270491327
2026-01-14 11:02:00,56.3,56.3,55.6,55.6,101,5685.0,56.13000000000001,56.861666666666665,59.16041666666667,-0.2880222766087499,-0.3216500517998892,0.0336277751911393
2026-01-14 11:03:00,55.3,55.3,55.3,55.3,1000,55300.0,56.044999999999995,56.806666666666665,59.14375,-0.32333737180950095,-0.32198751580181156,-0.0013498560076893873
2026-01-14 11:04:00,55.3,55.3,55.2,55.2,2400,132680.0,55.955000000000005,56.755,59.12958333333333,-0.3552983452937397,-0.3286496817001972,-0.02664866359354251
2026-01-14 11:05:00,55.2,55.2,55.2,55.2,50,2760.0,55.864999999999995,56.70166666666667,59.11416666666666,-0.3762900100430002,-0.33817774736875783,-0.03811226267424239
2026-01-14 11:08:00,55.2,55.2,55.2,55.2,1000,55200.0,55.78499999999999,56.64666666666667,59.09875,-0.3884482657862307,-0.34823185105225246,-0.040216414733978245
2026-01-14 11:09:00,55.2,55.2,55.2,55.2,1000,55200.0,55.739999999999995,56.57833333333333,59.083333333333336,-0.39354720386669584,-0.35729492161514115,-0.03625228225155469
2026-01-14 11:10:00,55.4,55.4,55.3,55.3,2548,140908.0,55.69999999999999,56.526666666666664,59.06833333333334,-0.3850800219768331,-0.3628519416874796,-0.022228080289353525
2026-01-14 11:11:00,55.1,55.1,55.1,55.1,2000,110200.0,55.660000000000004,56.473333333333336,59.05416666666667,-0.3900122296474393,-0.3682839992794716,-0.021728230367967727
2026-01-14 11:15:00,55.1,55.5,55.1,55.5,1008,55544.0,55.64,56.434999999999995,59.04375,-0.3575230791939461,-0.36613181526236654,0.008608736068420442
2026-01-14 11:16:00,55.1,55.1,55.1,55.1,50,2755.0,55.605,56.40333333333333,59.029583333333335,-0.3599031114119384,-0.36488607449228094,0.004982963080342517
2026-01-14 11:17:00,55.1,55.3,55.1,55.2,9118,503017.0,55.57000000000001,56.385000000000005,59.01583333333334,-0.3496891410823224,-0.3618466878102893,0.012157546727966873
2026-01-14 11:19:00,55.4,55.4,55.4,55.4,1000,55400.0,55.540000000000006,56.391666666666666,59.001666666666665,-0.3217472652846638,-0.3538268033051642,0.0320795380205004
2026-01-14 11:20:00,55.4,55.4,55.2,55.2,3000,166000.0,55.49000000000001,56.395,58.98666666666667,-0.31214326270490744,-0.34549009518511287,0.033346832480205424
2026-01-14 11:21:00,55.5,55.5,55.5,55.5,15,832.0,55.475,56.401666666666664,58.972500000000004,-0.27712994714863015,-0.33181806557781635,0.054688118429186194
2026-01-14 11:23:00,55.4,55.4,55.4,55.4,100,5540.0,55.46,56.39,58.95791666666666,-0.2545168942524185,-0.3163578313127368,0.06184093706031829
2026-01-14 11:24:00,55.1,55.1,55.1,55.1,100,5510.0,55.44000000000001,56.36333333333334,58.942083333333336,-0.2578312614220266,-0.3046525173345948,0.046821255912568194
2026-01-14 11:25:00,55.1,55.3,55.1,55.3,2200,121460.0,55.435,56.321666666666665,58.92791666666667,-0.24153532388913135,-0.29202907864550215,0.0504937547563708
2026-01-14 11:28:00,55.1,55.1,55.1,55.1,2000,110200.0,55.375,56.27166666666667,58.91291666666667,-0.24196972811390793,-0.28201720853918333,0.040047480425275395
2026-01-14 11:29:00,55.1,55.4,55.1,55.4,3100,171510.0,55.330000000000005,56.23166666666666,58.89791666666667,-0.21562095959356498,-0.2687379587500597,0.053116999156494704
2026-01-14 11:30:00,55.4,55.4,55.4,55.4,225,12465.0,55.285000000000004,56.21,58.88333333333333,-0.19252011862072038,-0.25349439072419183,0.06097427210347145
2026-01-14 11:32:00,55.4,55.4,55.4,55.4,1,55.0,55.275,56.163333333333334,58.86875,-0.17222720767480837,-0.23724095411431514,0.06501374643950678
2026-01-14 11:33:00,55.4,55.4,55.0,55.0,5010,276153.0,55.260000000000005,56.11,58.85375,-0.1862743320599236,-0.22704762970343687,0.04077329764351326
2026-01-14 11:34:00,55.0,55.4,55.0,55.2,2286,126009.0,55.260000000000005,56.083333333333336,58.837916666666665,-0.17920271347777827,-0.21747864645830517,0.038275932980526894
2026-01-14 11:35:00,55.2,55.2,55.2,55.2,1600,88320.0,55.25999999999999,56.056666666666665,58.82208333333334,-0.17162007540370183,-0.20830693224738453,0.0366868568436827
2026-01-14 11:36:00,55.2,55.2,55.2,55.2,518,28593.0,55.260000000000005,56.026666666666664,58.80708333333333,-0.16372347776271567,-0.19939024135045078,0.0356667635877351
2026-01-14 11:37:00,55.0,55.0,55.0,55.0,50,2750.0,55.25,55.99,58.790416666666665,-0.17162530607518534,-0.19383725429539772,0.022211948220212385
2026-01-14 11:38:00,55.4,55.4,55.4,55.4,10,554.0,55.25500000000001,55.96333333333334,58.77166666666666,-0.1439515213504805,-0.1838601077064143,0.039908586355933806
2026-01-14 11:39:00,55.4,55.4,55.0,55.0,605,33477.0,55.25,55.92666666666666,58.750833333333325,-0.15253813991260046,-0.17759571414765155,0.02505757423505109
2026-01-14 11:40:00,55.0,55.0,55.0,55.0,1000,55000.0,55.225,55.9,58.73,-0.15752722123719565,-0.17358201556556038,0.016054794328364735
2026-01-14 11:45:00,55.4,55.4,55.0,55.2,7710,425954.0,55.230000000000004,55.87333333333333,58.71583333333333,-0.14368644767399275,-0.16760290198724687,0.02391645431325412
2026-01-14 11:48:00,55.5,55.5,55.3,55.4,13000,720200.0,55.239999999999995,55.855,58.70166666666667,-0.11525066841308984,-0.15713245527241548,0.04188178685932564
2026-01-14 11:49:00,55.5,55.5,55.5,55.5,7,388.0,55.24499999999999,55.846666666666664,58.689166666666665,-0.08368131807006307,-0.14244222783194502,0.058760909761881946
2026-01-14 11:51:00,55.5,55.5,55.5,55.5,1079,59884.0,55.25999999999999,55.82833333333333,58.67541666666667,-0.057993863321883055,-0.1255525549299326,0.06755869160804956
2026-01-14 11:52:00,55.5,55.5,55.5,55.5,1000,55500.0,55.25999999999999,55.80333333333333,58.66166666666666,-0.03720746586023438,-0.10788353711599297,0.07067607125575859
2026-01-14 11:53:00,55.7,55.7,55.7,55.7,200,11140.0,55.275,55.781666666666666,58.64916666666667,-0.004543394163952996,-0.08721550852558498,0.08267211436163198
2026-01-14 11:57:00,55.4,55.4,55.4,55.4,50,2770.0,55.290000000000006,55.75833333333333,58.63458333333333,-0.002831732360156991,-0.07033875329249938,0.06750702093234238
2026-01-14 11:58:00,55.7,55.7,55.7,55.7,1000,55700.0,55.31,55.74166666666667,58.620000000000005,0.022473207598494582,-0.05177636111430058,0.07424956871279517
2026-01-14 11:59:00,55.7,55.7,55.5,55.7,7120,395984.0,55.339999999999996,55.71666666666667,58.605,0.042042910328511596,-0.03301250682573815,0.07505541715424974
2026-01-14 12:00:00,55.7,55.7,55.5,55.5,9500,527850.0,55.34499999999999,55.67333333333333,58.59,0.04094176106765701,-0.018221653247059114,0.059163414314716126
2026-01-14 12:01:00,55.7,55.7,55.5,55.5,4000,222600.0,55.35,55.629999999999995,58.571666666666665,0.03961246451208922,-0.006654829695229445,0.04626729420731866
2026-01-14 12:02:00,55.9,56.0,55.7,56.0,14170,792169.0,55.379999999999995,55.595,58.55499999999999,0.07800560864077966,0.01027725797197238,0.06772835066880728
2026-01-14 12:03:00,58.1,58.1,58.1,58.1,1,58.0,55.535000000000004,55.61333333333333,58.55,0.27471812203344825,0.06316543078426758,0.2115526912491807
2026-01-14 12:06:00,56.6,56.6,56.6,56.6,3000,169800.0,55.605,55.60666666666667,58.535,0.30604880207575036,0.11174210504256415,0.1943066970331862
2026-01-14 12:07:00,58.2,58.2,58.2,58.2,11,640.0,55.75500000000001,55.626666666666665,58.52625,0.45474322316785276,0.18034232866762193,0.27440089450023086
2026-01-14 12:10:00,58.2,58.2,58.2,58.2,1000,58200.0,55.90500000000001,55.65,58.51708333333333,0.5660594422779894,0.2574857513896954,0.308573690888294
2026-01-14 12:11:00,58.2,58.2,58.2,58.2,400,23280.0,56.06500000000001,55.684999999999995,58.507916666666674,0.6468221844038524,0.33535303799252686,0.31146914641132556
2026-01-14 12:12:00,57.0,57.0,56.8,56.8,3100,176100.0,56.135000000000005,55.696666666666665,58.49333333333333,0.5910457324009926,0.38649157687422003,0.20455415552677253
2026-01-14 12:16:00,57.3,57.3,57.3,57.3,1000,57300.0,56.25,55.72,58.48125,0.5804967089525803,0.4252926032898921,0.15520410566268822
2026-01-14 12:18:00,57.3,57.3,57.3,57.3,2005,114886.0,56.364999999999995,55.74333333333334,58.469166666666666,0.5656164574308633,0.45335737411808635,0.11225908331277695
2026-01-14 12:19:00,57.3,57.3,57.1,57.1,5000,285900.0,56.46,55.765,58.45625,0.5315579531624977,0.46899748992696866,0.062560463235529
2026-01-14 12:21:00,57.8,57.8,57.8,57.8,3,173.0,56.580000000000005,55.79666666666666,58.44625,0.5546567551954098,0.48612934298065696,0.06852741221475284
2026-01-14 12:23:00,57.3,57.3,57.3,57.3,5,286.0,56.67,55.818333333333335,58.434999999999995,0.5265471926263672,0.4942129129097991,0.032334279716568104
2026-01-14 12:28:00,57.4,57.4,57.1,57.2,9105,521997.0,56.75500000000001,55.835,58.4225,0.49054628528451616,0.49347958738474257,-0.0029333021002264092
2026-01-14 12:31:00,57.5,57.5,57.5,57.5,5,287.0,56.855000000000004,55.86333333333333,58.41125,0.4806817990732668,0.49092002972244747,-0.010238230649180668
2026-01-14 12:33:00,57.5,57.5,57.5,57.5,200,11500.0,56.94500000000001,55.89333333333333,58.4,0.4674753577502315,0.48623109532800435,-0.018755737577772824
2026-01-14 12:34:00,57.5,57.5,57.3,57.3,1125,64487.0,57.04,55.92333333333333,58.388749999999995,0.43584666032904806,0.47615420832821315,-0.04030754799916508
2026-01-14 12:36:00,57.4,57.4,57.2,57.2,1455,83252.0,57.114999999999995,55.95333333333333,58.37625,0.3981222203514392,0.4605478107328584,-0.062425590381419205
2026-01-14 12:37:00,57.2,57.2,57.2,57.2,1000,57200.0,57.19000000000001,55.968333333333334,58.36375,0.36402902982365504,0.44124405455101773,-0.07721502472736269
2026-01-14 12:38:00,57.4,57.4,57.2,57.2,4000,229400.0,57.275,55.983333333333334,58.3525,0.33316936169136824,0.41962911597908786,-0.08645975428771963
2026-01-14 12:39:00,57.5,57.5,57.5,57.5,1000,57500.0,57.375,56.00333333333333,58.341249999999995,0.3291263811126015,0.4015285690057906,-0.07240218789318908
2026-01-14 12:40:00,57.2,57.2,57.2,57.2,48,2745.0,57.435,56.03,58.33041666666667,0.29827645181457285,0.38087814556754707,-0.08260169375297421
2026-01-14 12:41:00,57.3,57.3,57.3,57.3,3000,171900.0,57.394999999999996,56.063333333333325,58.318333333333335,0.2786843254207909,0.3604393815381959,-0.08175505611740497
2026-01-14 12:42:00,57.2,57.2,57.2,57.2,2000,114400.0,57.425,56.09666666666667,58.30583333333333,0.25218127111887867,0.3387877594543325,-0.08660648833545381
2026-01-14 12:43:00,57.2,57.4,57.2,57.4,3000,172000.0,57.385000000000005,56.13333333333333,58.29375,0.24449732520006506,0.31992967260347904,-0.07543234740341398
2026-01-14 12:44:00,57.4,57.4,57.4,57.4,50,2870.0,57.34499999999999,56.169999999999995,58.284166666666664,0.23569084534685913,0.3030819071521551,-0.06739106180529597
2026-01-14 12:52:00,57.5,57.5,57.5,57.5,2000,115000.0,57.30999999999999,56.208333333333336,58.27291666666667,0.23408245406191241,0.28928201653410657,-0.05519956247219415
2026-01-14 12:53:00,57.2,57.2,57.2,57.2,3000,171600.0,57.33,56.24,58.26291666666667,0.2062230881940863,0.27267023086610254,-0.06644714267201624
2026-01-14 12:54:00,57.4,57.4,57.3,57.3,1700,97530.0,57.33,56.276666666666664,58.250833333333325,0.19002303700767698,0.2561407920944174,-0.06611775508674045
2026-01-14 12:55:00,57.0,57.2,57.0,57.2,10100,576480.0,57.325,56.305,58.23833333333334,0.16718797653960848,0.23835022898345562,-0.07116225244384713
2026-01-14 12:56:00,57.2,57.2,57.1,57.1,4020,229742.0,57.325,56.33833333333334,58.22541666666667,0.13941477558553572,0.21856313830387164,-0.07914836271833592
2026-01-14 12:57:00,56.9,56.9,56.9,56.9,110,6259.0,57.279999999999994,56.36666666666667,58.21166666666667,0.10011195688264962,0.19487290201962723,-0.09476094513697761
2026-01-14 13:00:00,56.9,56.9,56.9,56.9,50,2845.0,57.260000000000005,56.391666666666666,58.19833333333334,0.06817827320509195,0.1695339762567202,-0.10135570305162825
2026-01-14 13:01:00,56.9,57.0,56.9,57.0,4000,227800.0,57.25,56.42166666666666,58.18541666666667,0.050359252965350265,0.14569903159844622,-0.09533977863309595
2026-01-14 13:02:00,57.0,57.0,57.0,57.0,50,2850.0,57.225,56.446666666666665,58.172916666666666,0.035824587501565475,0.12372414277907007,-0.08789955527750459
2026-01-14 13:04:00,56.8,56.8,56.8,56.8,100,5680.0,57.19,56.47,58.16083333333333,0.008074355727927696,0.10059418536884161,-0.09251982964091392
2026-01-14 13:05:00,56.8,56.8,56.8,56.8,2000,113600.0,57.165,56.498333333333335,58.14666666666667,-0.013759294302452929,0.07772348943458271,-0.09148278373703564
2026-01-14 13:06:00,57.0,57.0,56.8,56.8,3004,171028.0,57.144999999999996,56.52333333333333,58.13333333333333,-0.03070862929146756,0.05603706568937265,-0.08674569498084021
2026-01-14 13:08:00,56.8,57.0,56.8,56.9,3120,177328.0,57.129999999999995,56.55333333333333,58.12,-0.0356608589348113,0.03769748076453586,-0.07335833969934716
2026-01-14 13:09:00,56.7,56.8,56.6,56.8,13450,762460.0,57.11,56.576666666666675,58.10625,-0.04711162735697627,0.02073565914023343,-0.0678472864972097
2026-01-14 13:10:00,56.8,56.8,56.8,56.8,500,28400.0,57.075,56.6,58.092499999999994,-0.055546142475684235,0.005479298817049893,-0.06102544129273413
2026-01-14 13:11:00,55.9,55.9,55.9,55.9,1000,55900.0,57.010000000000005,56.608333333333334,58.075,-0.13331624813877596,-0.022279810574115287,-0.11103643756466067
2026-01-14 13:12:00,55.9,55.9,55.9,55.9,1000,55900.0,56.94000000000001,56.623333333333335,58.057500000000005,-0.19272796912108703,-0.05636944228350965,-0.13635852683757738
2026-01-14 13:15:00,56.0,56.1,55.9,55.9,9000,504000.0,56.875,56.635000000000005,58.04041666666667,-0.23707928363292297,-0.09251141055339233,-0.14456787307953062
2026-01-14 13:16:00,55.8,55.8,55.8,55.8,200,11160.0,56.794999999999995,56.644999999999996,58.0225,-0.27710291427742817,-0.12942971129819952,-0.14767320297922865
2026-01-14 13:17:00,56.2,56.2,56.2,56.2,10,562.0,56.735,56.66166666666667,58.00625,-0.2733937597763614,-0.1582225209938319,-0.11517123878252947
2026-01-14 13:18:00,56.2,56.2,55.8,56.0,11080,619094.0,56.660000000000004,56.678333333333335,57.98916666666666,-0.2833265446000297,-0.1832433257150715,-0.10008321888495822
2026-01-14 13:19:00,56.0,56.0,55.8,55.8,5100,285180.0,56.589999999999996,56.684999999999995,57.971250000000005,-0.3038342643951992,-0.20736151345109705,-0.09647275094410218
2026-01-14 13:20:00,55.7,56.1,55.7,56.1,18010,1004960.0,56.53000000000001,56.70333333333333,57.95458333333333,-0.2925074435578523,-0.22439069947244814,-0.06811674408540416
2026-01-14 13:21:00,55.7,56.0,55.7,56.0,23000,1284100.0,56.470000000000006,56.72,57.937916666666666,-0.28827694354503564,-0.23716794828696566,-0.05110899525806997
2026-01-14 13:22:00,55.7,55.8,55.7,55.8,1010,56357.0,56.404999999999994,56.730000000000004,57.919999999999995,-0.2976316578535645,-0.24926069020028546,-0.04837096765327903
2026-01-14 13:24:00,56.0,56.0,55.7,55.7,1010,56260.0,56.345000000000006,56.735,57.901666666666664,-0.3095462441881267,-0.26131780099785373,-0.048228443190272974
2026-01-14 13:25:00,55.7,55.9,55.7,55.9,37000,2064100.0,56.294999999999995,56.74166666666667,57.88458333333333,-0.29939902557060805,-0.2689340459124046,-0.03046497965820344
2026-01-14 13:26:00,56.0,56.0,55.8,56.0,7002,391512.0,56.24499999999999,56.75,57.869166666666665,-0.28005976282958756,-0.2711591892958412,-0.008900573533746348
2026-01-14 13:27:00,56.0,56.0,56.0,56.0,1000,56000.0,56.19499999999999,56.75833333333333,57.8525,-0.26171635455295217,-0.2692706223472634,0.007554267794311231
2026-01-14 13:28:00,56.0,56.0,56.0,56.0,1000,56000.0,56.154999999999994,56.76333333333333,57.83583333333333,-0.2443622158227896,-0.26428894104236866,0.019926725219579056
2026-01-14 13:29:00,56.0,56.0,56.0,56.0,1250,70000.0,56.114999999999995,56.77333333333333,57.81916666666667,-0.2279809137883646,-0.2570273355915679,0.02904642180320327
2026-01-14 13:30:00,55.8,55.8,55.8,55.8,3000,167400.0,56.065,56.775,57.80166666666667,-0.22850290320538846,-0.251322449114332,0.022819545908943528
2026-01-14 13:31:00,55.8,56.0,55.8,56.0,11000,614000.0,56.019999999999996,56.78,57.78458333333334,-0.2103534316294926,-0.2431286456173641,0.032775213987871504
2026-01-14 13:32:00,56.1,56.1,56.1,56.1,1010,56661.0,55.985,56.79,57.7675,-0.1857593620856477,-0.23165478891102084,0.04589542682537315
2026-01-14 13:34:00,56.1,56.1,56.1,56.1,100,5610.0,55.95,56.8,57.750416666666666,-0.1643735883736852,-0.21819854880355372,0.05382496042986851
2026-01-14 13:36:00,55.7,55.7,55.7,55.7,1034,57593.0,55.94,56.795,57.73291666666667,-0.17765398118198306,-0.2100896352792396,0.032435654097256544
2026-01-14 13:37:00,55.7,55.9,55.7,55.9,44300,2472770.0,55.94000000000001,56.75833333333333,57.71541666666667,-0.17007988459382517,-0.20208768514215672,0.03200780054833155
2026-01-14 13:38:00,56.0,56.0,56.0,56.0,3000,168000.0,55.94500000000001,56.74833333333333,57.698750000000004,-0.1542303230550246,-0.19251621272473032,0.038285889669705725
2026-01-14 13:46:00,56.1,56.1,55.9,55.9,6000,336000.0,55.95,56.71,57.68125,-0.1480321728687315,-0.18361940475353059,0.03558723188479909
2026-01-14 13:49:00,56.1,56.1,56.1,56.1,1000,56100.0,55.94500000000001,56.675,57.665,-0.1255346800120094,-0.17200245980522635,0.04646777979321695
2026-01-14 14:03:00,56.0,56.0,56.0,56.0,1000,56000.0,55.94500000000001,56.63833333333333,57.64833333333333,-0.11445505250304677,-0.16049297834479045,0.04603792584174368
2026-01-14 14:04:00,56.0,56.0,55.8,55.8,5000,279400.0,55.94500000000001,56.62166666666667,57.63041666666666,-0.12042451753161743,-0.15247928618215587,0.03205476865053844
2026-01-14 14:09:00,55.7,55.8,55.7,55.8,9710,541218.0,55.92999999999999,56.59666666666667,57.6125,-0.12372908964765372,-0.14672924687525543,0.02300015722760171
2026-01-14 14:18:00,55.6,55.6,55.6,55.6,10,556.0,55.90999999999999,56.568333333333335,57.59375,-0.14086253971409235,-0.14555590544302283,0.004693365728930476
2026-01-14 14:19:00,55.9,55.9,55.6,55.6,10010,557159.0,55.9,56.54333333333333,57.57458333333333,-0.15268091182068133,-0.14698090671855454,-0.005700005102126787
2026-01-14 14:20:00,55.7,55.7,55.7,55.7,2070,115299.0,55.9,56.50833333333333,57.55583333333333,-0.15222315877803538,-0.1480293571304507,-0.004193801647584677
2026-01-14 14:21:00,55.5,55.5,55.5,55.5,5280,293040.0,55.88000000000001,56.47833333333333,57.53625,-0.16608419945654873,-0.1516403255956703,-0.01444387386087842
2026-01-14 14:22:00,55.6,55.6,55.6,55.6,2185,121486.0,55.86,56.451666666666675,57.51708333333333,-0.16707408375501842,-0.15472707722753995,-0.012347006527478471
2026-01-14 14:23:00,55.6,55.6,55.4,55.5,7300,404880.0,55.835,56.41833333333334,57.497499999999995,-0.1739228639460748,-0.15856623457124694,-0.015356629374827874
2026-01-14 14:29:00,55.3,55.5,55.3,55.5,12550,695125.0,55.81,56.385000000000005,57.47791666666667,-0.17730669043256597,-0.16231432574351076,-0.01499236468905521
2026-01-14 14:30:00,55.3,55.3,55.3,55.3,85,4700.0,55.775,56.35166666666667,57.458333333333336,-0.1938916634298593,-0.16862979328078048,-0.025261870149078824
2026-01-14 14:33:00,55.3,55.4,55.3,55.3,4140,229055.0,55.75,56.32000000000001,57.435833333333335,-0.2046759965368139,-0.1758390339319872,-0.02883696260482671
2026-01-14 14:34:00,55.5,55.5,55.5,55.5,1000,55500.0,55.725,56.291666666666664,57.416250000000005,-0.1948383544236023,-0.17963889803031022,-0.015199456393292093
2026-01-14 14:38:00,55.1,55.1,55.1,55.1,2000,110200.0,55.675,56.25666666666667,57.394999999999996,-0.21681925186284445,-0.1870749687968171,-0.02974428306602736
2026-01-14 14:40:00,55.1,55.2,55.0,55.1,15240,839026.0,55.625,56.21666666666667,57.374583333333334,-0.23156987804044604,-0.1959739506455429,-0.03559592739490314
2026-01-14 14:51:00,55.2,55.2,55.2,55.2,1200,66240.0,55.6,56.18333333333333,57.35375,-0.23251045549537963,-0.20328125161551028,-0.029229203879869353
2026-01-14 14:52:00,55.2,55.2,55.2,55.2,1000,55200.0,55.565,56.14833333333333,57.33291666666666,-0.2305976833532739,-0.208744537963063,-0.02185314539021091
2026-01-14 14:53:00,55.2,55.2,55.2,55.2,1200,66240.0,55.525,56.114999999999995,57.312083333333334,-0.22647117887324697,-0.21228986614509981,-0.014181312728147155
2026-01-14 14:54:00,55.2,55.2,55.2,55.2,100,5520.0,55.49000000000001,56.07833333333334,57.291250000000005,-0.2206572944074381,-0.2139633517975675,-0.006693942609870579
2026-01-14 14:55:00,55.1,55.3,55.0,55.0,18450,1016995.0,55.435,56.038333333333334,57.26958333333334,-0.22954205963328178,-0.21707909336471037,-0.012462966268571407
2026-01-14 14:56:00,55.0,55.0,55.0,55.0,5000,275000.0,55.385000000000005,55.99666666666667,57.24791666666667,-0.2338871941021523,-0.2204407135121988,-0.013446480589953513
2026-01-14 14:57:00,55.4,55.4,55.4,55.4,1000,55400.0,55.364999999999995,55.96666666666667,57.22791666666667,-0.20271728869626315,-0.2168960285490117,0.014178739852748534
2026-01-14 15:00:00,54.1,54.1,54.1,54.1,2000,108200.0,55.28000000000001,55.913333333333334,57.20333333333334,-0.2796899578090688,-0.22945481440102314,-0.05023514340804566
2026-01-15 09:01:00,54.1,54.1,49.85,49.85,35333,1837417.0,54.99250000000001,55.79083333333333,57.159375,-0.6758401691332381,-0.31873188534746616,-0.3571082837857719
2026-01-15 09:02:00,49.85,50.0,48.35,48.35,50260,2476500.0,54.629999999999995,55.644999999999996,57.10791666666667,-1.0981705037133338,-0.4746196090206398,-0.623550894692694
2026-01-15 09:03:00,47.2,51.2,47.15,48.0,40151,1946653.0,54.24499999999999,55.49666666666666,57.05708333333333,-1.4444615578292144,-0.6685879987823549,-0.7758735590468595
2026-01-15 09:04:00,47.35,48.0,44.7,45.0,44560,2069095.0,53.71999999999999,55.29833333333333,56.975,-1.9386273517054278,-0.9225958693669696,-1.0160314823384582
2026-01-15 09:05:00,45.0,45.1,41.35,41.35,68051,2956020.0,53.00750000000001,55.0375,56.877291666666665,-2.594869756004954,-1.2570506466945668,-1.337819109310387
2026-01-15 09:06:00,41.35,42.1,40.1,42.1,59850,2470500.0,52.3375,54.789166666666674,56.784375,-3.0196195627239106,-1.6095644299004357,-1.410055132823475
2026-01-15 09:07:00,40.15,42.65,40.15,42.0,78685,3302782.0,51.6625,54.542500000000004,56.69104166666667,-3.325966339353016,-1.952844811790952,-1.373121527562064
2026-01-15 09:08:00,42.0,42.95,42.0,42.65,38400,1624859.0,51.029999999999994,54.30666666666666,56.60583333333333,-3.476227018029917,-2.2575212530387456,-1.2187057649911712
2026-01-15 09:09:00,42.95,42.95,42.5,42.5,26300,1121021.0,50.39,54.068333333333335,56.52458333333333,-3.5663033102351207,-2.519277664478021,-1.0470256457570999
2026-01-15 09:10:00,42.65,42.65,41.85,41.85,24997,1055432.0,49.707499999999996,53.8175,56.441875,-3.6480861225299677,-2.7450393560884105,-0.9030467664415571
2026-01-15 09:11:00,42.15,42.15,41.55,42.0,44726,1876056.0,49.052499999999995,53.57083333333333,56.363958333333336,-3.6586215324757347,-2.927755791365876,-0.7308657411098589
2026-01-15 09:12:00,42.15,42.15,41.85,42.15,44119,1854960.0,48.404999999999994,53.32666666666667,56.29083333333333,-3.6132162663936356,-3.064847886371428,-0.5483683800222074
2026-01-15 09:13:00,42.15,42.2,42.0,42.15,24270,1021665.0,47.752500000000005,53.0975,56.216874999999995,-3.5364660862279536,-3.1591715263427336,-0.37729455988522
2026-01-15 09:14:00,42.15,42.95,42.05,42.35,17995,762340.0,47.11,52.87166666666666,56.14333333333333,-3.4200781549160624,-3.2113528520574,-0.20872530285866242
2026-01-15 09:15:00,42.5,43.15,42.35,43.0,82672,3543431.0,46.5,52.65666666666666,56.07333333333334,-3.2380639277638323,-3.2166950671986867,-0.021368860565145642
2026-01-15 09:16:00,43.0,43.65,43.0,43.6,18265,792566.0,45.92,52.45333333333334,56.00416666666667,-3.01069592725694,-3.175495239210338,0.16479931195339814
2026-01-15 09:17:00,43.75,44.7,43.65,44.7,23610,1036749.0,45.405,52.26166666666666,55.940416666666664,-2.710499392076251,-3.082496069783521,0.3719966777072701
2026-01-15 09:18:00,45.0,45.2,44.85,45.0,21900,984870.0,44.905,52.07833333333333,55.87708333333333,-2.420482170586233,-2.9500932899440637,0.5296111193578308
2026-01-15 09:19:00,45.0,45.2,44.75,44.95,7176,322082.0,44.38250000000001,51.8975,55.813541666666666,-2.1696654623466287,-2.794007724424577,0.6243422620779482
2026-01-15 09:20:00,44.95,44.95,43.85,44.95,14050,625850.0,43.925,51.71166666666667,55.75083333333334,-1.9484311130153529,-2.6248924021427325,0.6764612891273796
2026-01-15 09:21:00,44.95,45.25,44.8,45.0,19010,855149.0,43.6825,51.528333333333336,55.68833333333334,-1.7489064106844125,-2.4496952038510686,0.7007887931666561
2026-01-15 09:22:00,45.0,45.3,45.0,45.25,9275,417594.0,43.527499999999996,51.3525,55.62770833333334,-1.5527100608731672,-2.2702981752554883,0.7175881143823211
2026-01-15 09:23:00,45.25,45.25,45.0,45.15,7115,320891.0,43.385,51.17666666666667,55.56458333333333,-1.3892774784185065,-2.0940940358880917,0.7048165574695853
2026-01-15 09:24:00,45.15,45.15,45.0,45.15,3050,137556.0,43.3925,50.997499999999995,55.501875,-1.2453997858580905,-1.9243551858820915,0.678955400024001
2026-01-15 09:25:00,44.85,45.05,44.85,45.05,2015,90575.0,43.5775,50.815000000000005,55.43958333333333,-1.1264597157796103,-1.7647760918615953,0.638316376081985
2026-01-15 09:26:00,44.85,45.0,43.85,44.95,25415,1137216.0,43.720000000000006,50.630833333333335,55.37770833333333,-1.0284131114072466,-1.6175034957707257,0.5890903843634792
2026-01-15 09:27:00,44.95,44.95,44.6,44.75,8225,368657.0,43.8575,50.443333333333335,55.315000000000005,-0.9558305796464737,-1.4851689125458756,0.5293383328994019
2026-01-15 09:28:00,44.6,44.75,43.85,44.75,4120,181206.0,43.9625,50.255833333333335,55.252291666666665,-0.8880712675302505,-1.3657493835427508,0.4776781160125003
2026-01-15 09:29:00,44.7,44.75,44.7,44.75,3025,135218.0,44.075,50.071666666666665,55.18958333333333,-0.8248630170969662,-1.257572110253594,0.43270909315662776
2026-01-15 09:30:00,44.75,44.75,44.55,44.75,3055,136110.0,44.220000000000006,49.884166666666665,55.126875000000005,-0.7659407352236158,-1.1592458352475983,0.39330510002398245
2026-01-15 09:31:00,43.85,44.7,43.55,43.9,10440,458467.0,44.315000000000005,49.68083333333333,55.06020833333333,-0.7788541527277104,-1.0831674987436208,0.3043133460159104
2026-01-15 09:32:00,44.7,44.7,44.55,44.55,4001,178394.0,44.435,49.48833333333334,54.99666666666667,-0.7282438199719152,-1.0121827629892797,0.28393894301736444
2026-01-15 09:33:00,44.7,44.7,43.7,43.7,1001,43744.0,44.5125,49.28833333333333,54.92916666666667,-0.7480990427988914,-0.959366018951202,0.2112669761523106
2026-01-15 09:35:00,43.7,44.65,43.7,44.65,3070,134523.0,44.627500000000005,49.100833333333334,54.865625,-0.6793463080587756,-0.9033620767727167,0.22401576871394113
2026-01-15 09:36:00,43.85,43.85,43.85,43.85,100,4385.0,44.67,48.89833333333333,54.79875,-0.6815560308913504,-0.8590008675964436,0.17744483670509315
2026-01-15 09:37:00,44.0,44.0,43.85,44.0,4200,184470.0,44.690000000000005,48.7,54.73166666666667,-0.6635544629579968,-0.8199115866687543,0.1563571237107575
2026-01-15 09:38:00,43.85,43.85,43.85,43.85,2000,87700.0,44.6475,48.49583333333333,54.665625,-0.6538546081616943,-0.7867001909673424,0.13284558280564818
2026-01-15 09:39:00,43.7,43.85,43.25,43.25,29238,1273396.0,44.56,48.28333333333333,54.596250000000005,-0.6866669201228603,-0.7666935367984461,0.08002661667558575
2026-01-15 09:40:00,43.5,43.5,43.0,43.3,15546,669592.0,44.4775,48.075,54.52791666666666,-0.7005607039086996,-0.7534669702204969,0.05290626631179729
2026-01-15 09:41:00,43.3,43.45,43.3,43.45,6206,269170.0,44.4025,47.86916666666666,54.459375,-0.6914967373146013,-0.7410729236393179,0.04957618632471661
2026-01-15 09:42:00,43.15,43.6,43.05,43.2,9235,398206.0,44.3125,47.6625,54.39145833333334,-0.6964580542301704,-0.7321499497574885,0.03569189552731811
2026-01-15 09:43:00,43.0,43.6,42.05,42.2,17460,742131.0,44.160000000000004,47.439166666666665,54.31854166666666,-0.7721803617368934,-0.7401560321533696,-0.03202432958352386
2026-01-15 09:44:00,42.5,43.2,42.05,43.15,1220,51536.0,44.06,47.230000000000004,54.25,-0.7469237039517012,-0.741509566513036,-0.005414137438665145
2026-01-15 09:45:00,42.05,42.8,42.05,42.25,4315,182012.0,43.915,47.00916666666667,54.17854166666666,-0.7904186449581658,-0.751291382202062,-0.03912726275610379
2026-01-15 09:46:00,43.6,43.6,42.05,42.05,4021,169263.0,43.765,46.78333333333333,54.10541666666667,-0.8314426740092884,-0.7673216405635074,-0.06412103344578102
2026-01-15 09:47:00,42.25,42.25,42.1,42.1,11125,469280.0,43.622499999999995,46.559999999999995,54.03333333333333,-0.8501202731347064,-0.7838813670777472,-0.06623890605695915
2026-01-15 09:48:00,42.2,42.95,42.15,42.95,7025,296309.0,43.5325,46.35083333333333,53.96270833333333,-0.7872594716160535,-0.7845569879854086,-0.0027024836306448474
2026-01-15 09:49:00,42.3,42.3,42.15,42.3,8520,359946.0,43.41,46.13416666666667,53.888958333333335,-0.7808897898380138,-0.7838235483559298,0.0029337585179159964
2026-01-15 09:50:00,42.3,42.65,42.1,42.3,15610,658954.0,43.2875,45.9175,53.81604166666667,-0.7670002694724403,-0.780458892579232,0.01345862310679169
2026-01-15 09:51:00,42.65,43.15,42.15,42.3,20505,875938.0,43.165,45.6975,53.74229166666667,-0.7473774228102741,-0.7738425986254405,0.026465175815166386
2026-01-15 09:52:00,42.3,42.3,42.2,42.2,7100,299920.0,43.08,45.482499999999995,53.66979166666667,-0.7314634839973451,-0.7653667756998215,0.03390329170247641
2026-01-15 09:53:00,42.25,42.75,42.25,42.6,18000,765900.0,42.9825,45.27416666666667,53.60229166666667,-0.6787507002094699,-0.7480435606017513,0.06929286039228133
2026-01-15 09:54:00,42.4,42.75,42.4,42.75,25005,1062013.0,42.934999999999995,45.06666666666667,53.53541666666667,-0.617750647951631,-0.7219849780717273,0.10423433012009631
2026-01-15 09:55:00,42.75,43.45,42.75,43.45,2005,85717.0,42.875,44.87083333333333,53.47229166666666,-0.507078234952445,-0.679003629447871,0.171925394495426
2026-01-15 09:56:00,43.45,43.45,42.65,42.65,3050,130122.0,42.815,44.66166666666667,53.40708333333334,-0.4784080739422336,-0.6388845183467435,0.16047644440450992
2026-01-15 09:57:00,43.45,43.45,43.45,43.45,20,868.0,42.7875,44.46583333333333,53.344791666666666,-0.3866760894021226,-0.5884428325578194,0.20176674315569676
2026-01-15 09:58:00,43.45,43.45,43.05,43.05,2010,86934.0,42.747499999999995,44.266666666666666,53.280416666666675,-0.34230856773221774,-0.5392159795926991,0.19690741186048133
2026-01-15 09:59:00,43.05,43.05,42.9,43.0,4150,178347.0,42.735,44.06666666666667,53.2125,-0.3076353405807808,-0.4928998517903154,0.18526451120953463
2026-01-15 10:01:00,43.0,43.15,43.0,43.15,2105,90515.0,42.7275,43.8625,53.14895833333333,-0.26499807895977767,-0.4473194972242079,0.1823214182644302
2026-01-15 10:02:00,43.15,43.35,43.0,43.2,12205,527296.0,42.714999999999996,43.68083333333333,53.086041666666674,-0.22458429188966278,-0.4027724561572989,0.17818816426763612
2026-01-15 10:03:00,43.65,44.0,43.5,44.0,4455,194818.0,42.755,43.583333333333336,53.02854166666666,-0.12654403943427894,-0.34752677281269495,0.220982733378416
2026-01-15 10:04:00,44.0,44.15,43.9,44.0,10467,461258.0,42.845,43.51083333333334,52.974374999999995,-0.04828977851413896,-0.28767937395298376,0.2393895954388448
2026-01-15 10:05:00,44.95,44.95,44.15,44.95,150,6715.0,42.935,43.46,52.927083333333336,0.08935432652032205,-0.2122726338583226,0.30162696037864467
2026-01-15 10:06:00,44.95,44.95,44.45,44.95,35,1567.0,43.07,43.45916666666667,52.88520833333334,0.19617686662971323,-0.1305827337607154,0.3267596003904286
2026-01-15 10:07:00,44.45,44.95,43.6,43.6,70,3105.0,43.1475,43.49666666666667,52.83770833333334,0.1699417984347349,-0.07047782732162534,0.24041962575636022
2026-01-15 10:08:00,44.95,44.95,43.6,44.95,2829,125501.0,43.290000000000006,43.54416666666666,52.79541666666667,0.25514290684681384,-0.0053536804879374894,0.26049658733475134
2026-01-15 10:09:00,44.95,44.95,44.15,44.3,7725,342377.0,43.3575,43.582499999999996,52.74625,0.26713644868708997,0.04914434534706802,0.21799210334002195
2026-01-15 10:10:00,44.3,44.7,44.3,44.3,25,1109.0,43.457499999999996,43.61000000000001,52.694583333333334,0.2734888082635223,0.0940132379303589,0.1794755703331634
2026-01-15 10:11:00,44.7,44.7,44.15,44.2,3425,151277.0,43.552499999999995,43.638333333333335,52.63791666666667,0.26737183860672786,0.1286849580656327,0.13868688054109515
2026-01-15 10:12:00,44.2,44.2,43.85,44.0,5266,231265.0,43.6375,43.674166666666665,52.57916666666667,0.24357795253822445,0.15166355696015107,0.09191439557807338
2026-01-15 10:13:00,44.0,44.15,43.35,44.0,636,27919.0,43.7275,43.707499999999996,52.52166666666667,0.22216020188582064,0.16576288594528502,0.056397315940535625
2026-01-15 10:14:00,44.0,44.0,43.35,44.0,7112,308521.0,43.7975,43.73833333333334,52.46875000000001,0.20284817272071365,0.17317994330037076,0.02966822942034289
2026-01-15 10:15:00,44.0,44.0,43.5,43.5,3745,163024.0,43.835,43.76083333333334,52.407500000000006,0.14551996556605928,0.16764794775350847,-0.022127982187449186
2026-01-15 10:16:00,43.5,43.5,43.5,43.5,220,9568.0,43.8375,43.78,52.346250000000005,0.09894635636436533,0.15390762947567985,-0.05496127311131452
2026-01-15 10:17:00,43.5,43.5,43.0,43.2,7016,302691.0,43.865,43.78333333333333,52.28958333333333,0.037397843669424446,0.13060567231442877,-0.09320782864500432
2026-01-15 10:18:00,43.15,43.15,43.15,43.15,2001,86343.0,43.85,43.77583333333333,52.232708333333335,-0.0152387157772651,0.10143679469608999,-0.11667551047335509
2026-01-15 10:20:00,43.2,43.2,43.2,43.2,200,8640.0,43.8575,43.75083333333334,52.17520833333334,-0.05231592086196457,0.07068625158447908,-0.12300217244644365
2026-01-15 10:21:00,43.15,43.15,42.85,43.0,18012,774016.0,43.8575,43.7175,52.11604166666667,-0.0967232362888808,0.0372043540098071,-0.1339275902986879
2026-01-15 10:22:00,42.85,42.85,42.85,42.85,300,12855.0,43.8425,43.682500000000005,52.05708333333334,-0.14237884539783607,0.0012877141282784572,-0.14366655952611454
2026-01-15 10:23:00,43.05,43.05,43.05,43.05,5,215.0,43.835,43.65083333333333,51.998124999999995,-0.16057194261541952,-0.031084217220461147,-0.12948772539495837
2026-01-15 10:24:00,42.85,42.85,42.85,42.85,1000,42850.0,43.777499999999996,43.615,51.94083333333334,-0.18895032997831862,-0.06265743977203266,-0.12629289020628598
2026-01-15 10:26:00,42.85,42.85,42.75,42.75,5300,226675.0,43.714999999999996,43.57333333333334,51.88229166666667,-0.21700803711473782,-0.0935275592405737,-0.12348047787416412
2026-01-15 10:27:00,43.0,43.0,42.9,43.0,1020,43760.0,43.61749999999999,43.5375,51.82604166666667,-0.21657452518896747,-0.11813695243025246,-0.09843757275871501
2026-01-15 10:28:00,43.0,43.1,43.0,43.1,2140,92030.0,43.525,43.50333333333334,51.77229166666667,-0.20578958535893577,-0.13566747901598916,-0.0701221063429466
2026-01-15 10:29:00,43.1,43.1,42.05,42.05,6040,258320.0,43.447500000000005,43.45333333333333,51.711666666666666,-0.2787553494766044,-0.16428505310811223,-0.11447029636849218
2026-01-15 10:30:00,43.0,43.0,42.7,43.0,1175,50181.0,43.35,43.420833333333334,51.65333333333333,-0.25696208376280083,-0.18282045923904996,-0.07414162452375087
2026-01-15 10:31:00,42.6,43.0,42.6,43.0,2065,87995.0,43.285000000000004,43.391666666666666,51.595,-0.2369592449982747,-0.19364821639089494,-0.04331102860737976
2026-01-15 10:32:00,43.0,43.0,42.25,42.45,26115,1109699.0,43.1925,43.35333333333334,51.53520833333334,-0.2624617588437559,-0.20741092488146715,-0.05505083396228874
2026-01-15 10:33:00,42.25,43.0,42.25,43.0,14135,598037.0,43.1325,43.32416666666667,51.478125,-0.23557669979000195,-0.2130440798631741,-0.02253261992682784
2026-01-15 10:34:00,42.25,42.4,42.25,42.4,9000,380700.0,43.052499999999995,43.285000000000004,51.41645833333334,-0.2596915201918719,-0.2223735679289137,-0.037317952262958226
2026-01-15 10:35:00,42.95,42.95,42.75,42.75,55,2357.0,42.989999999999995,43.26583333333334,51.3525,-0.2477052225558225,-0.22743989885429547,-0.020265323701527033
2026-01-15 10:36:00,42.75,42.75,42.5,42.6,16014,683095.0,42.92,43.233333333333334,51.28791666666667,-0.24745720905114865,-0.23144336089366613,-0.016013848157482524
2026-01-15 10:39:00,42.75,42.75,42.75,42.75,2090,89345.0,42.8825,43.2175,51.223958333333336,-0.23247705933608387,-0.23165010058214972,-0.0008269587539341539
2026-01-15 10:40:00,42.5,42.6,42.2,42.2,11215,475559.0,42.8175,43.17666666666666,51.16229166666666,-0.26196580745863685,-0.23771324195744717,-0.024252565501189677
2026-01-15 10:41:00,42.35,42.5,42.35,42.5,7000,297050.0,42.7825,43.15416666666667,51.10187499999999,-0.25815253823888185,-0.24180110121373413,-0.016351437025147714
2026-01-15 10:44:00,42.5,42.5,42.25,42.4,10342,437604.0,42.745,43.127500000000005,51.041041666666665,-0.26020023285884974,-0.24548092754275727,-0.014719305316092474
2026-01-15 10:45:00,42.4,42.4,42.2,42.4,7005,296262.0,42.705,43.10333333333334,50.98104166666667,-0.2588393071866548,-0.2481526034715368,-0.010686703715118012
2026-01-15 10:47:00,42.25,42.55,42.25,42.55,7410,314755.0,42.6825,43.09166666666667,50.92458333333333,-0.2428575072191279,-0.24709358422105504,0.00423607700192713
2026-01-15 10:48:00,42.4,42.65,42.4,42.4,7300,310170.0,42.660000000000004,43.07666666666667,50.86749999999999,-0.23953435901415077,-0.24558173917967424,0.006047380165523475
2026-01-15 10:49:00,42.95,42.95,42.45,42.45,16,680.0,42.629999999999995,43.06000000000001,50.811458333333334,-0.230212412596984,-0.24250787386313624,0.012295461266152247
2026-01-15 10:50:00,42.3,42.5,42.3,42.5,7000,296750.0,42.6125,43.04833333333333,50.755625,-0.21629678605820857,-0.2372656563021507,0.020968870243942145
2026-01-15 10:51:00,42.5,42.5,42.3,42.45,8000,339250.0,42.597500000000004,43.0525,50.70000000000001,-0.20691791300295392,-0.23119610764231138,0.02427819463935746
2026-01-15 10:54:00,42.3,42.5,42.3,42.4,18540,785247.0,42.5675,43.04,50.64375,-0.20120035818185755,-0.22519695775022064,0.023996599568363086
2026-01-15 10:56:00,42.45,42.5,42.35,42.5,11000,466900.0,42.5375,43.04416666666667,50.5875,-0.18645070288689425,-0.2174477067775554,0.03099700389066115
2026-01-15 10:58:00,42.35,42.6,42.35,42.6,5098,216310.0,42.565,43.05333333333333,50.53083333333334,-0.16479270283657854,-0.20691670598936004,0.0421240031527815
2026-01-15 10:59:00,42.5,42.5,42.5,42.5,24,1020.0,42.54,43.059999999999995,50.47541666666667,-0.15392341273634713,-0.1963180473387575,0.04239463460241036
2026-01-15 11:00:00,42.5,42.5,42.35,42.5,10350,439425.0,42.515,43.0525,50.420416666666675,-0.14365347419358443,-0.1857851327097229,0.04213165851613848
2026-01-15 11:01:00,42.65,42.65,42.65,42.65,5,213.0,42.525,43.05833333333333,50.36687500000001,-0.12200433745274353,-0.17302897365832706,0.051024636205583535
2026-01-15 11:02:00,42.65,42.65,42.4,42.4,3700,157005.0,42.495000000000005,43.06000000000001,50.31270833333334,-0.12359542020617909,-0.16314226296789747,0.03954684276171838
2026-01-15 11:04:00,42.55,42.55,42.45,42.45,6000,255000.0,42.497499999999995,43.0625,50.255,-0.11944489620724141,-0.15440278961576626,0.03495789340852484
2026-01-15 11:06:00,42.6,42.6,42.6,42.6,300,12780.0,42.49,43.06916666666667,50.197916666666664,-0.10286605380115077,-0.14409544245284317,0.0412293886516924
2026-01-15 11:07:00,42.35,42.35,42.35,42.35,1000,42350.0,42.477500000000006,43.06499999999999,50.13979166666666,-0.10864768947956094,-0.13700589185818673,0.028358202378625796
2026-01-15 11:09:00,42.35,42.5,42.35,42.5,8000,339850.0,42.465,43.06083333333333,50.085208333333334,-0.09997349874919337,-0.12959941323638807,0.029625914487194704
2026-01-15 11:11:00,42.5,42.5,42.5,42.5,2000,85000.0,42.480000000000004,43.044999999999995,50.031875,-0.09203818123966556,-0.12208716683704357,0.03004898559737801
2026-01-15 11:12:00,42.3,42.45,42.3,42.3,9100,385380.0,42.47,43.03916666666667,49.978125000000006,-0.10072659992889044,-0.11781505345541296,0.017088453526522523
2026-01-15 11:13:00,42.4,42.45,42.4,42.45,9000,381750.0,42.472500000000004,43.0225,49.925,-0.09442007212211934,-0.11313605718875425,0.01871598506663491
2026-01-15 11:15:00,42.5,42.5,42.5,42.5,2000,85000.0,42.477500000000006,43.01333333333333,49.87208333333333,-0.08441444410117072,-0.10739173457123756,0.022977290470066844
2026-01-15 11:16:00,42.5,42.5,42.35,42.35,3000,127200.0,42.4675,43.002500000000005,49.81854166666667,-0.08757910084714382,-0.10342920782641882,0.015850106979274997
2026-01-15 11:19:00,42.25,42.4,42.25,42.4,11010,465924.0,42.4675,42.989999999999995,49.76479166666666,-0.08507187635071034,-0.09975774153127713,0.01468586518056679
2026-01-15 11:20:00,42.35,42.35,42.35,42.35,3010,127473.0,42.462500000000006,42.975833333333334,49.71166666666667,-0.08612665059024494,-0.0970315233430707,0.01090487275282577
2026-01-15 11:21:00,42.5,42.55,42.35,42.35,4705,199957.0,42.455,42.94833333333334,49.65687500000001,-0.08597154037234134,-0.09481952674892484,0.008847986376583503
2026-01-15 11:22:00,42.55,42.55,42.35,42.5,8020,339949.0,42.457499999999996,42.92333333333333,49.604375000000005,-0.07290447065320649,-0.09043651552978119,0.0175320448765747
2026-01-15 11:24:00,42.5,42.5,42.35,42.35,3000,127350.0,42.455,42.88,49.55083333333334,-0.073801729754706,-0.08710955837476615,0.01330782862006015
2026-01-15 11:26:00,42.55,42.6,42.4,42.6,2010,85375.0,42.46,42.84083333333333,49.497499999999995,-0.05372064523588449,-0.08043177574698983,0.026711130511105338
2026-01-15 11:27:00,42.6,42.6,42.6,42.6,1000,42600.0,42.46,42.82416666666666,49.445,-0.03737540072415868,-0.0718205007424236,0.034445100018264924
2026-01-15 11:28:00,42.6,42.6,42.4,42.4,5050,214527.0,42.455,42.781666666666666,49.39041666666666,-0.04009778293605848,-0.06547595718115058,0.025378174245092103
2026-01-15 11:30:00,42.35,42.6,42.35,42.6,8010,340074.0,42.46,42.75333333333333,49.33708333333333,-0.025819332726733535,-0.05754463229026717,0.031725299563533635
2026-01-15 11:31:00,42.6,42.6,42.6,42.6,1060,45156.0,42.4575,42.725,49.285,-0.014338275352173468,-0.04890336090264843,0.03456508555047496
2026-01-15 11:32:00,42.55,42.55,42.55,42.55,2000,85100.0,42.464999999999996,42.6975,49.231874999999995,-0.009168349769794304,-0.04095635867607761,0.031788008906283305
2026-01-15 11:33:00,42.55,42.65,42.4,42.65,8020,340803.0,42.475,42.675,49.18,0.002963852322025673,-0.03217231647645695,0.03513616879848262
2026-01-15 11:34:00,42.4,42.4,42.4,42.4,3000,127200.0,42.464999999999996,42.64833333333333,49.12583333333334,-0.007507657176645921,-0.027239384616494743,0.01973172743984882
2026-01-15 11:35:00,42.25,42.25,42.25,42.25,500,21125.0,42.459999999999994,42.619166666666665,49.07104166666667,-0.02759208590436657,-0.02730992487406911,-0.0002821610302974585
2026-01-15 11:36:00,42.25,42.55,42.25,42.55,5005,211912.0,42.4625,42.60333333333333,49.017500000000005,-0.01908168578044922,-0.025664277055345134,0.006582591274895914
2026-01-15 11:37:00,42.55,42.55,42.4,42.55,8010,340375.0,42.464999999999996,42.5875,48.96562500000001,-0.012196538267055246,-0.02297072929768716,0.010774191030631913
2026-01-15 11:38:00,42.6,42.65,42.4,42.65,10205,434133.0,42.4825,42.57833333333334,48.913333333333334,0.0013140079416302797,-0.018113781849823672,0.019427789791453952
2026-01-15 11:39:00,42.65,42.65,42.5,42.5,1510,64176.0,42.485,42.5675,48.860416666666666,-8.159269761875976e-05,-0.01450734401938269,0.01442575132176393
2026-01-15 11:40:00,42.6,42.6,42.6,42.6,5,213.0,42.489999999999995,42.5575,48.80791666666667,0.006803125806648325,-0.010245250054176487,0.017048375860824812
2026-01-15 11:41:00,42.6,42.6,42.6,42.6,50,2130.0,42.5025,42.55083333333333,48.75625,0.0121196075315666,-0.005772278537027869,0.01789188606859447
2026-01-15 11:42:00,42.6,42.65,42.45,42.65,4400,187160.0,42.515,42.5475,48.70312500000001,0.020135431019397743,-0.0005907366257427452,0.020726167645140486
2026-01-15 11:44:00,42.6,42.6,42.6,42.6,1260,53676.0,42.527499999999996,42.54,48.65145833333334,0.0221975670167609,0.003966924102757985,0.018230642914002913
2026-01-15 11:45:00,42.45,42.45,42.45,42.45,3000,127350.0,42.532500000000006,42.53333333333333,48.59916666666667,0.011594424940426507,0.00549242427029169,0.006102000670134816
2026-01-15 11:46:00,42.65,42.65,42.65,42.65,5,213.0,42.540000000000006,42.53166666666666,48.546875,0.019109405650539202,0.008215820546341193,0.010893585104198009
2026-01-15 11:50:00,42.6,42.6,42.6,42.6,110,4686.0,42.5525,42.525,48.49354166666667,0.020790836057024364,0.01073082364847783,0.010060012408546535
2026-01-15 11:51:00,42.6,42.6,42.6,42.6,10,426.0,42.552499999999995,42.516666666666666,48.43979166666667,0.02187126345746293,0.01295891161027485,0.00891235184718808
2026-01-15 11:52:00,42.6,42.65,42.45,42.65,5010,212976.0,42.555,42.52666666666667,48.386250000000004,0.026457110982512688,0.015658551484722418,0.01079855949779027
2026-01-15 11:54:00,42.6,42.6,42.6,42.6,50,2130.0,42.565,42.52,48.3325,0.025759901938229746,0.017678821575423883,0.008081080362805863
2026-01-15 11:58:00,42.6,42.6,42.6,42.6,100,4260.0,42.565,42.513333333333335,48.27791666666667,0.02492009539997042,0.019127076340333192,0.005793019059637229
2026-01-15 12:02:00,42.6,42.6,42.45,42.45,3000,127500.0,42.5575,42.51333333333333,48.223958333333336,0.012012325657451584,0.01770412620375687,-0.005691800546305286
2026-01-15 12:06:00,42.6,42.6,42.6,42.6,1000,42600.0,42.56,42.50666666666667,48.169374999999995,0.013728320011239248,0.016908964965253345,-0.0031806449540140967
2026-01-15 12:08:00,42.6,42.6,42.6,42.6,1000,42600.0,42.5575,42.51,48.11479166666667,0.014916311940716298,0.016510434360345935,-0.0015941224196296365
2026-01-15 12:10:00,42.6,42.6,42.45,42.45,8000,340200.0,42.56,42.504999999999995,48.06041666666667,0.0037112764217539507,0.013950602772627538,-0.010239326350873587
2026-01-15 12:11:00,42.4,42.55,42.35,42.5,19150,812477.0,42.572500000000005,42.50333333333333,48.00625,-0.0011212873201316143,0.010936224754075708,-0.012057512074207322
2026-01-15 12:12:00,42.5,42.5,42.35,42.5,9110,386275.0,42.57,42.49916666666666,47.95,-0.004894705780927211,0.007770038647075124,-0.012664744428002335
2026-01-15 12:13:00,42.3,42.3,42.3,42.3,1000,42300.0,42.5575,42.50083333333334,47.88416666666667,-0.023749723597433103,0.0014660861981734773,-0.02521580979560658
2026-01-15 12:14:00,42.3,42.45,42.25,42.45,31700,1342705.0,42.5475,42.5,47.82520833333333,-0.026285709367094512,-0.004084272914880122,-0.02220143645221439
2026-01-15 12:15:00,42.3,42.35,42.3,42.35,4531,191671.0,42.540000000000006,42.49916666666666,47.75916666666667,-0.03595024853857609,-0.01045746803961932,-0.02549278049895677
2026-01-15 12:16:00,42.35,42.35,42.35,42.35,800,33880.0,42.5275,42.498333333333335,47.693125,-0.04311249149584029,-0.016988472730863517,-0.026124018764976772
2026-01-15 12:17:00,42.2,42.3,42.2,42.25,5220,220445.0,42.510000000000005,42.49333333333334,47.626666666666665,-0.0562098329410361,-0.024832744772898038,-0.031377088168138056
2026-01-15 12:18:00,42.2,42.2,42.2,42.2,2110,89042.0,42.4875,42.49,47.56583333333334,-0.06981931888309845,-0.03383005959493812,-0.035989259288160325
2026-01-15 12:19:00,42.1,42.25,42.05,42.15,18100,762420.0,42.464999999999996,42.485,47.50270833333334,-0.08367496377920958,-0.04379904043179242,-0.03987592334741716
2026-01-15 12:20:00,42.05,42.05,42.05,42.05,750,31537.0,42.445,42.47749999999999,47.439166666666665,-0.10155417315617399,-0.05535006697666874,-0.046204106179505246
2026-01-15 12:21:00,42.2,42.4,42.2,42.4,1505,63612.0,42.4325,42.47666666666667,47.377916666666664,-0.08648456029589369,-0.06157696564051374,-0.02490759465537995
2026-01-15 12:22:00,42.4,42.4,42.05,42.05,2060,86626.0,42.404999999999994,42.47083333333333,47.31229166666667,-0.10161253243902024,-0.06958407900021506,-0.032028453438805185
2026-01-15 12:23:00,42.15,42.2,42.1,42.2,5030,211816.0,42.385000000000005,42.46583333333333,47.249375,-0.10034114272279737,-0.07573549174473153,-0.024605650978065843
2026-01-15 12:24:00,42.2,42.2,42.05,42.2,9020,380194.0,42.3625,42.45916666666667,47.186875,-0.09820155086281801,-0.08022870356834882,-0.017972847294469185
2026-01-15 12:25:00,42.0,42.2,42.0,42.2,8360,351987.0,42.3425,42.454166666666666,47.123125,-0.09540612646126334,-0.08326418814693173,-0.012141938314331607
2026-01-15 12:26:00,42.05,42.2,42.05,42.05,7000,294650.0,42.315000000000005,42.44666666666667,47.05875,-0.10409454179951894,-0.08743025887744918,-0.016664282922069756
2026-01-15 12:27:00,42.2,42.2,41.95,42.1,8825,370642.0,42.2975,42.4375,46.99541666666667,-0.10572683824060647,-0.09108957475008064,-0.014637263490525826
2026-01-15 12:28:00,42.05,42.2,42.05,42.2,3290,138388.0,42.277499999999996,42.43416666666666,46.932916666666664,-0.09782363074298672,-0.09243638594866187,-0.005387244794324855
2026-01-15 12:29:00,42.2,42.2,41.9,42.2,3000,126300.0,42.25750000000001,42.43,46.870416666666664,-0.09051685984607616,-0.09205248072814473,0.0015356208820685724
2026-01-15 12:30:00,42.05,42.05,42.05,42.05,6220,261551.0,42.2375,42.420833333333334,46.807291666666664,-0.09572646259240258,-0.09278727710099631,-0.0029391854914062737
2026-01-15 12:31:00,41.9,42.0,41.9,42.0,8503,356826.0,42.2125,42.415,46.74270833333333,-0.10270576431568657,-0.09477097454393438,-0.007934789771752188
2026-01-15 12:32:00,42.15,42.15,42.15,42.15,300,12645.0,42.195,42.40916666666667,46.68,-0.09503763017505662,-0.09482430567015884,-0.0002133245048977772
2026-01-15 12:33:00,41.85,42.0,41.85,42.0,6000,251550.0,42.18,42.40083333333334,46.61625000000001,-0.09991259482072223,-0.09584196350027153,-0.004070631320450699
2026-01-15 12:35:00,41.85,41.85,41.85,41.85,1000,41850.0,42.15,42.39333333333333,46.55229166666666,-0.11455921846253148,-0.09958541449272354,-0.014973803969807936
2026-01-15 12:36:00,42.15,42.15,42.15,42.15,1000,42150.0,42.14,42.388333333333335,46.48875,-0.10079735130483414,-0.09982780185514567,-0.0009695494496884671
2026-01-15 12:38:00,42.15,42.15,42.15,42.15,2000,84300.0,42.129999999999995,42.38250000000001,46.42520833333334,-0.0888665738872092,-0.09763555626155838,0.008768982374349185
2026-01-15 12:40:00,42.15,42.15,41.85,42.0,6151,258319.0,42.11749999999999,42.376666666666665,46.360625000000006,-0.09047218617952524,-0.09620288224515176,0.0057306960656265254
2026-01-15 12:41:00,42.0,42.05,41.85,41.85,26000,1091300.0,42.1,42.3675,46.29666666666667,-0.10266493442930624,-0.09749529268198268,-0.005169641747323567
2026-01-15 12:42:00,42.05,42.05,41.9,42.0,11019,462698.0,42.092499999999994,42.361666666666665,46.232916666666675,-0.09908187468847984,-0.09781260908328213,-0.001269265605197717
2026-01-15 12:43:00,42.1,42.1,42.1,42.1,5,210.0,42.095,42.357499999999995,46.169999999999995,-0.08716828800050536,-0.09568374486672679,0.008515456866221432
2026-01-15 12:44:00,42.0,42.0,42.0,42.0,1000,42000.0,42.075,42.34916666666666,46.10708333333333,-0.08481811850990795,-0.09351061959536303,0.008692501085455079
2026-01-15 12:45:00,42.05,42.05,42.05,42.05,505,21235.0,42.075,42.344166666666666,46.045208333333335,-0.07802162539323376,-0.09041282075493719,0.012391195361703425
2026-01-15 12:46:00,42.05,42.05,42.05,42.05,540,22707.0,42.0675,42.335,45.983333333333334,-0.07180760229164918,-0.0866917770622796,0.01488417477063042
2026-01-15 12:47:00,42.05,42.05,41.85,41.95,6000,251550.0,42.05499999999999,42.32416666666667,45.920625,-0.07409795339676606,-0.0841730123291769,0.01007505893241084
2026-01-15 12:48:00,41.8,41.9,41.75,41.9,18040,754538.0,42.040000000000006,42.31583333333334,45.857708333333335,-0.07903657089055827,-0.08314572404145318,0.004109153150894912
2026-01-15 12:53:00,41.85,42.05,41.85,42.05,2001,83742.0,42.04,42.306666666666665,45.79625,-0.07003934447240567,-0.08052444812764369,0.010485103655238012
2026-01-15 12:54:00,42.05,42.05,41.9,42.0,20300,852370.0,42.035000000000004,42.29666666666666,45.73458333333333,-0.06618067027616803,-0.07765569255734855,0.011475022281180525
2026-01-15 12:56:00,42.15,42.15,42.15,42.15,1000,42150.0,42.0325,42.29,45.67354166666667,-0.050437484848622205,-0.07221205101560328,0.021774566166981077
2026-01-15 12:57:00,42.1,42.1,41.95,41.95,9000,378150.0,42.019999999999996,42.27833333333333,45.611250000000005,-0.053482710113655685,-0.06846618283521376,0.014983472721558075
2026-01-15 13:01:00,42.15,42.15,41.9,41.9,1200,50567.0,42.0125,42.269999999999996,45.549166666666665,-0.05924768477869691,-0.06662248322391039,0.007374798445213479
2026-01-15 13:02:00,41.9,42.05,41.9,42.05,3300,138315.0,42.015,42.266666666666666,45.48770833333334,-0.051123403564368175,-0.06352266729200194,0.012399263727633766
2026-01-15 13:03:00,42.05,42.05,41.9,42.05,11150,468307.0,42.010000000000005,42.25833333333333,45.43,-0.04417562308518086,-0.05965325845063772,0.015477635365456863
2026-01-15 13:04:00,41.9,42.05,41.9,42.05,8200,343610.0,42.0125,42.25,45.37229166666667,-0.03822877942673131,-0.05536836264585645,0.01713958321912514
2026-01-15 13:05:00,42.05,42.05,42.05,42.05,1010,42470.0,42.0225,42.24,45.31458333333333,-0.0331339158262125,-0.050921473281927664,0.017787557455715163
2026-01-15 13:07:00,42.05,42.05,41.9,42.05,12000,503850.0,42.0175,42.232499999999995,45.25729166666667,-0.028764619092733312,-0.0464901024440888,0.017725483351355487
2026-01-15 13:08:00,42.05,42.2,42.05,42.2,1005,42261.0,42.02,42.225833333333334,45.19895833333333,-0.013047767018449008,-0.03980163535896084,0.026753868340511834
2026-01-15 13:11:00,41.9,42.05,41.85,42.0,17255,723060.0,42.02,42.215833333333336,45.140625,-0.016539717478551097,-0.03514925178287889,0.018609534304327796
2026-01-15 13:12:00,42.0,42.0,42.0,42.0,1000,42000.0,42.0275,42.205000000000005,45.083125,-0.01908708929227032,-0.03193681928475718,0.01284972999248686
2026-01-15 13:13:00,42.0,42.1,41.95,42.1,36200,1521370.0,42.0325,42.19666666666667,45.02479166666667,-0.012888168755530671,-0.02812708917891188,0.015238920423381208
2026-01-15 13:14:00,41.9,41.9,41.9,41.9,3000,125700.0,42.0225,42.1875,44.96604166666667,-0.02383900686770346,-0.0272694727166702,0.003430465848966738
2026-01-15 13:15:00,42.05,42.05,41.8,41.95,8200,343740.0,42.019999999999996,42.17583333333334,44.90833333333334,-0.028158449754819515,-0.027447268124300067,-0.0007111816305194474
2026-01-15 13:16:00,42.05,42.05,42.05,42.05,80,3364.0,42.019999999999996,42.166666666666664,44.85145833333333,-0.023244526663468434,-0.026606719832133745,0.0033621931686653103
2026-01-15 13:17:00,42.0,42.0,42.0,42.0,1000,42000.0,42.0175,42.156666666666666,44.79354166666667,-0.023118296017393902,-0.02590903506918578,0.0027907390517918768
2026-01-15 13:18:00,42.0,42.05,41.75,42.05,4010,167720.0,42.0225,42.14666666666666,44.735416666666666,-0.018767337009578,-0.024480695457264227,0.005713358447686227
2026-01-15 13:19:00,42.0,42.0,41.85,42.0,20015,839280.0,42.027499999999996,42.13666666666666,44.677083333333336,-0.019133197194229012,-0.023411195804657187,0.004277998610428175
2026-01-15 13:20:00,42.05,42.05,41.85,42.0,18370,770608.0,42.025,42.126666666666665,44.61875,-0.01920179765577501,-0.022569316174880755,0.0033675185191057444
2026-01-15 13:21:00,41.85,42.0,41.75,41.75,6000,251300.0,42.0125,42.115,44.559375,-0.03897974049424846,-0.025851401038754298,-0.013128339455494163
2026-01-15 13:22:00,41.75,42.05,41.75,42.0,21155,887122.0,42.005,42.105,44.501875,-0.03408804624524464,-0.027498730080052367,-0.006589316165192274
2026-01-15 13:23:00,42.05,42.05,42.05,42.05,5,210.0,42.01,42.09583333333333,44.44375,-0.02587845050890536,-0.02717467416582297,0.0012962236569176097
2026-01-15 13:24:00,41.85,42.05,41.85,42.05,12005,503310.0,42.0175,42.089166666666664,44.38520833333334,-0.0191515199404364,-0.02557004332074566,0.006418523380309259
2026-01-15 13:25:00,42.05,42.05,41.95,41.95,1100,46245.0,42.0125,42.080000000000005,44.32625,-0.021640089780646576,-0.024784052612725847,0.00314396283207927
2026-01-15 13:26:00,42.05,42.2,42.0,42.15,21155,889918.0,42.0175,42.07416666666667,44.26979166666667,-0.00738879732176656,-0.021305001554533992,0.013916204232767432
2026-01-15 13:27:00,42.2,42.2,41.85,42.0,18115,759631.0,42.015,42.06916666666667,44.211875,-0.008104863944332408,-0.018664974032493675,0.010560110088161268
2026-01-15 13:28:00,42.0,42.0,41.75,42.0,1405,58960.0,42.0125,42.061666666666675,44.15354166666667,-0.008573521680595775,-0.016646683562114097,0.008073161881518322
2026-01-15 13:29:00,42.0,42.0,42.0,42.0,20,840.0,42.010000000000005,42.05583333333334,44.095625000000005,-0.008842999716918598,-0.015085946793074997,0.006242947076156399
2026-01-15 13:30:00,42.0,42.0,41.85,41.85,4100,171750.0,41.99249999999999,42.0475,44.03625,-0.020919166272825862,-0.016252590689025175,-0.0046665755838006875
2026-01-15 13:31:00,42.0,42.0,41.85,41.85,6000,251850.0,41.985,42.04083333333333,43.97729166666667,-0.0301421552693526,-0.019030503605090662,-0.011111651664261937
2026-01-15 13:33:00,42.0,42.05,41.85,42.05,7400,310520.0,41.9875,42.038333333333334,43.92,-0.021070227500032956,-0.019438448384079123,-0.0016317791159538332
2026-01-15 13:34:00,41.85,42.0,41.85,42.0,15085,632207.0,41.9825,42.035833333333336,43.8625,-0.017711079219232317,-0.019092974551109764,0.0013818953318774467
2026-01-15 13:35:00,42.2,42.2,42.2,42.2,5,211.0,41.997499999999995,42.038333333333334,43.806666666666665,0.0010769837269180016,-0.015058982895504211,0.016135966622422213
2026-01-15 13:36:00,42.1,42.1,42.1,42.1,30,1263.0,42.005,42.03333333333333,43.750416666666666,0.00780749476761855,-0.010485687362879659,0.018293182130498208
2026-01-15 13:37:00,42.1,42.1,42.1,42.1,2500,105250.0,42.0075,42.034166666666664,43.69375,0.012991712879077966,-0.005790207314488134,0.0187819201935661
2026-01-15 13:38:00,41.95,41.95,41.95,41.95,3000,125850.0,42.004999999999995,42.03,43.63729166666667,0.004939556551825319,-0.003644254541225443,0.008583811093050762
2026-01-15 13:39:00,42.05,42.05,42.05,42.05,2000,84100.0,42.005,42.027499999999996,43.58083333333333,0.006551803799105471,-0.0016050428731592596,0.00815684667226473
2026-01-15 13:41:00,42.15,42.15,42.15,42.15,5,210.0,42.0125,42.026666666666664,43.52520833333333,0.015717504020770434,0.0018594665056266802,0.013858037515143754
2026-01-15 13:46:00,42.15,42.15,42.15,42.15,1000,42150.0,42.019999999999996,42.02833333333333,43.46958333333334,0.022719491328118124,0.006031471470124971,0.016688019857993154
2026-01-15 13:48:00,41.85,42.0,41.75,41.9,32089,1343479.0,42.027499999999996,42.025,43.41375000000001,0.008003447294520072,0.006425866635003992,0.00157758065951608
2026-01-15 13:49:00,41.75,41.9,41.75,41.9,12000,502350.0,42.0225,42.02,43.35791666666667,-0.003617424210943909,0.004417208465814412,-0.008034632676758321
2026-01-15 13:50:00,41.75,41.75,41.75,41.75,3000,125250.0,42.00750000000001,42.0125,43.300625,-0.024646683376630563,-0.0013955699026745848,-0.02325111347395598
2026-01-15 13:53:00,41.85,42.0,41.85,42.0,17000,712950.0,42.004999999999995,42.01166666666667,43.24604166666667,-0.020898704849734884,-0.005296196892086646,-0.015602507957648237
2026-01-15 13:54:00,42.0,42.0,41.85,42.0,6194,259698.0,42.00750000000001,42.01166666666667,43.19145833333334,-0.017724092558296434,-0.0077817760253286045,-0.00994231653296783
2026-01-15 13:57:00,41.95,41.95,41.95,41.95,1000,41950.0,41.997499999999995,42.00833333333333,43.136250000000004,-0.01902348073384985,-0.010030116967032855,-0.008993363766816996
2026-01-15 13:58:00,41.95,41.95,41.8,41.8,4000,167350.0,41.9875,42.005,43.08041666666667,-0.03179054006531601,-0.014382201586689488,-0.017408338478626523
2026-01-15 13:59:00,42.0,42.0,42.0,42.0,1000,42000.0,41.9875,42.00750000000001,43.025416666666665,-0.025476520566435568,-0.016601065382638704,-0.008875455183796864
2026-01-15 14:01:00,42.0,42.0,42.0,42.0,3000,126000.0,41.9875,42.005,42.970416666666665,-0.02023930847396116,-0.017328714000903196,-0.0029105944730579633
2026-01-15 14:02:00,42.05,42.05,41.85,42.0,7005,293310.0,41.995000000000005,42.002500000000005,42.91625,-0.015905432236557715,-0.0170440576480341,0.001138625411476385
2026-01-15 14:03:00,41.9,41.9,41.75,41.9,19010,795169.0,41.9975,42.000833333333325,42.861666666666665,-0.02030589464615673,-0.017696425047658625,-0.002609469598498105
2026-01-15 14:06:00,42.0,42.0,42.0,42.0,700,29400.0,41.995000000000005,42.00333333333333,42.80583333333333,-0.015544936196171477,-0.017266127277361196,0.0017211910811897185
2026-01-15 14:08:00,42.0,42.0,42.0,42.0,200,8400.0,41.995000000000005,42.00333333333333,42.75541666666666,-0.011637690274426404,-0.016140439876774236,0.004502749602347832
2026-01-15 14:09:00,42.0,42.0,41.75,41.75,3110,129870.0,41.972500000000004,41.997499999999995,42.72166666666667,-0.02838685440669053,-0.018589722782757497,-0.009797131623933034
2026-01-15 14:10:00,41.7,41.85,41.7,41.85,11200,467820.0,41.96,41.995000000000005,42.694583333333334,-0.03320871400426029,-0.021513521027058058,-0.011695192977202229
2026-01-15 14:11:00,41.8,41.8,41.55,41.55,8265,344619.0,41.9325,41.986666666666665,42.66770833333333,-0.060539701278649716,-0.029318757077376394,-0.03122094420127332
2026-01-15 14:12:00,41.65,41.65,41.45,41.45,6540,271685.0,41.907500000000006,41.976666666666674,42.65291666666667,-0.08924016479814867,-0.041303038621530855,-0.047937126176617814
2026-01-15 14:13:00,41.65,41.65,41.35,41.35,20310,843065.0,41.872499999999995,41.96666666666667,42.65291666666667,-0.11868650898238542,-0.056779732693701776,-0.06190677628868364
2026-01-15 14:15:00,42.0,42.0,42.0,42.0,5,210.0,41.864999999999995,41.968333333333334,42.6525,-0.08855260190186698,-0.06313430653533483,-0.025418295366532145
2026-01-15 14:17:00,42.0,42.0,42.0,42.0,1000,42000.0,41.8575,41.9675,42.6525,-0.06393426898235077,-0.06329429902473802,-0.0006399699576127571
2026-01-15 14:34:00,42.0,42.0,41.75,41.75,1010,42417.0,41.85,41.96333333333334,42.64875,-0.06386082559546935,-0.06340760433888429,-0.0004532212565850624
2026-01-15 14:35:00,42.15,42.15,42.15,42.15,20,842.0,41.8625,41.96333333333334,42.64729166666667,-0.03116669387532056,-0.056959422246171544,0.025792728370850983
2026-01-15 14:36:00,42.15,42.15,42.15,42.15,1000,42150.0,41.8825,41.96666666666667,42.64854166666667,-0.0051964574122322915,-0.04660682927938369,0.0414103718671514
2026-01-15 14:39:00,42.15,42.15,42.0,42.15,4005,168510.0,41.89,41.97083333333333,42.649166666666666,0.015209812835628611,-0.03424350085638123,0.049453313692009844
2026-01-15 14:42:00,42.15,42.15,42.15,42.15,15,632.0,41.897499999999994,41.9725,42.64916666666667,0.03102430020548752,-0.02118994064400748,0.052214240849495
2026-01-15 14:44:00,42.15,42.15,42.15,42.15,1000,42150.0,41.9075,41.97416666666667,42.64916666666667,0.043061014809154585,-0.008339749553375065,0.05140076436252965
2026-01-15 14:45:00,42.25,42.25,42.25,42.25,5,211.0,41.92999999999999,41.9775,42.64875,0.05997797337546018,0.0053237950323919885,0.05465417834306819
2026-01-15 14:52:00,42.0,42.25,42.0,42.25,1015,42633.0,41.942499999999995,41.98083333333333,42.645625,0.07254849107413008,0.018768734240739614,0.053779756833390466
2026-01-15 14:53:00,42.25,42.25,42.25,42.25,1000,42250.0,41.955,41.98416666666667,42.64,0.08157042384574709,0.03132907216174112,0.050241351684005967
2026-01-15 14:54:00,42.0,42.15,42.0,42.15,2150,90472.0,41.96249999999999,41.983333333333334,42.629375,0.07973210423551791,0.04100967857649648,0.038722425659021426
2026-01-15 14:55:00,43.1,43.1,43.1,43.1,1,43.0,42.022499999999994,42.001666666666665,42.62145833333334,0.15316667315359922,0.06344107749191705,0.08972559566168217
2026-01-15 14:56:00,43.1,43.1,43.1,43.1,9,387.0,42.0775,42.019999999999996,42.61375,0.20895539041814715,0.09254394007716307,0.11641145034098407
2026-01-15 14:57:00,42.1,43.0,42.1,42.2,7733,327097.0,42.0875,42.02166666666666,42.602291666666666,0.1784883695807622,0.10973282597788292,0.06875554360287928
2026-01-15 14:58:00,43.1,43.1,43.1,43.1,5,215.0,42.154999999999994,42.041666666666664,42.594375,0.22437901286109962,0.1326620633545263,0.09171694950657333
2026-01-15 15:00:00,43.1,43.1,43.1,43.1,1010,43531.0,42.2175,42.060833333333335,42.58541666666667,0.25777619477177893,0.15768488963797683,0.1000913051338021
2026-01-16 09:01:00,43.1,43.1,43.1,43.1,180,7757.0,42.295,42.07833333333333,42.576875,0.2810044575818864,0.18234880322675878,0.09865565435512763
2026-01-16 09:03:00,43.1,43.1,43.1,43.1,1020,43962.0,42.377500000000005,42.096666666666664,42.568333333333335,0.29600090898488673,0.2050792243783844,0.09092168460650232
2026-01-16 09:04:00,43.1,43.1,43.1,43.1,30,1293.0,42.465,42.11416666666666,42.560208333333335,0.30437703576519226,0.224938786655746,0.07943824910944627
2026-01-16 09:05:00,41.9,43.1,41.5,41.8,8271,345840.0,42.455,42.11083333333333,42.54708333333334,0.20376714038491173,0.22070445740157915,-0.016937317016667425
2026-01-16 09:06:00,41.8,41.8,41.0,41.8,3130,128434.0,42.44500000000001,42.1075,42.53479166666667,0.12261959112246501,0.20108748414575633,-0.07846789302329132
2026-01-16 09:07:00,40.95,41.55,40.0,40.0,26610,1087085.0,42.3575,42.07833333333334,42.515,-0.0859446664606125,0.14368105402448259,-0.22962572048509508
2026-01-16 09:08:00,40.55,40.55,38.3,38.3,20420,805446.0,42.165,42.016666666666666,42.488125,-0.38398282078969004,0.038148279061648034,-0.42213109985133807
2026-01-16 09:09:00,40.0,40.0,38.3,39.55,17925,714292.0,42.035,41.975,42.466458333333335,-0.513397524941638,-0.07216088173900921,-0.44123664320262884
2026-01-16 09:10:00,39.8,39.95,38.0,39.1,31203,1227755.0,41.8825,41.92583333333334,42.44645833333334,-0.6448375635228984,-0.18669621809578713,-0.4581413454271113
2026-01-16 09:11:00,39.1,39.5,39.1,39.2,20410,800308.0,41.735,41.879999999999995,42.424166666666665,-0.7324918665307436,-0.2958553477827785,-0.4366365187479651
2026-01-16 09:12:00,39.1,39.65,39.0,39.0,35335,1390420.0,41.5775,41.82749999999999,42.404583333333335,-0.8087738205507833,-0.3984390423363795,-0.4103347782144038
2026-01-16 09:13:00,39.0,39.0,38.35,39.0,24532,953308.0,41.415000000000006,41.777499999999996,42.38104166666667,-0.8593220885659107,-0.4906156515822858,-0.36870643698362493
2026-01-16 09:14:00,38.65,39.0,37.0,37.0,50915,1943629.0,41.1525,41.69416666666666,42.3525,-1.0486767476824213,-0.602227870802313,-0.44644887688010826
2026-01-16 09:15:00,37.9,38.15,36.35,38.15,30925,1175536.0,40.947500000000005,41.629999999999995,42.328125,-1.0933429136833084,-0.7004508793785121,-0.39289203430479624
2026-01-16 09:16:00,37.85,38.55,37.85,38.4,32048,1224334.0,40.760000000000005,41.5725,42.30541666666667,-1.0959350048386014,-0.7795477044705301,-0.3163873003680713
2026-01-16 09:17:00,38.5,39.0,38.3,39.0,27177,1057382.0,40.555,41.525,42.287708333333335,-1.037613309819669,-0.831160825540358,-0.20645248427931095
2026-01-16 09:18:00,39.0,39.95,38.85,39.95,30422,1190947.0,40.3975,41.489999999999995,42.27375,-0.9043115452342434,-0.8457909694791352,-0.05852057575510816
2026-01-16 09:19:00,39.95,39.95,39.0,39.1,11103,436552.0,40.24249999999999,41.44166666666667,42.255625,-0.8573735639182019,-0.8481074883669487,-0.009266075551253139
2026-01-16 09:20:00,39.3,39.3,39.0,39.15,12119,474796.0,40.045,41.39083333333333,42.238749999999996,-0.8068395493381857,-0.8398539005611961,0.03301435122301044
2026-01-16 09:21:00,39.15,39.15,39.0,39.0,1002,39228.0,39.84,41.339166666666664,42.22541666666667,-0.7700184319397323,-0.8258868068369034,0.055868374897171114
2026-01-16 09:22:00,39.0,39.15,39.0,39.15,4000,156150.0,39.6425,41.29,42.20875,-0.7204290273461851,-0.8047952509387598,0.08436622359257473
2026-01-16 09:23:00,39.15,39.15,39.15,39.15,1010,39541.0,39.445,41.24333333333333,42.19583333333333,-0.6733669123245178,-0.7785095832159115,0.10514267089139362
2026-01-16 09:24:00,39.0,39.15,39.0,39.15,2102,81993.0,39.247499999999995,41.19500000000001,42.18375,-0.6288211878793319,-0.7485719041485956,0.1197507162692637
2026-01-16 09:25:00,38.85,39.15,38.85,39.0,23060,899031.0,39.1075,41.142500000000005,42.170833333333334,-0.5987204500618333,-0.7186016133312433,0.11988116326941001
2026-01-16 09:26:00,39.0,39.15,39.0,39.15,5103,199017.0,38.974999999999994,41.0925,42.155,-0.55634841387932,-0.6861509734408587,0.12980255956153874
2026-01-16 09:27:00,38.95,39.1,38.95,39.1,4000,155950.0,38.93,41.045833333333334,42.141666666666666,-0.5207994007576531,-0.6530806589042176,0.13228125814656455
2026-01-16 09:28:00,38.85,38.85,38.85,38.85,3000,116550.0,38.957499999999996,40.995,42.12729166666667,-0.5069555938873052,-0.6238556459008352,0.11690005201353004
2026-01-16 09:29:00,38.85,39.0,38.85,39.0,7355,285757.0,38.93,40.94916666666666,42.11354166666668,-0.47836622276225427,-0.5947577612731191,0.11639153851086481
2026-01-16 09:30:00,38.7,38.95,38.7,38.95,3005,116294.0,38.9225,40.898333333333326,42.1,-0.4545042798835084,-0.566707064995197,0.11220278511168857
2026-01-16 09:31:00,38.7,38.9,38.7,38.7,7179,278003.0,38.897499999999994,40.843333333333334,42.08375,-0.4505725094812689,-0.5434801538924113,0.09290764441114241
2026-01-16 09:32:00,38.8,38.85,38.5,38.85,2011,77726.0,38.89,40.791666666666664,42.0675,-0.43039152116632806,-0.5208624273471947,0.09047090618086662
2026-01-16 09:33:00,38.85,38.85,38.85,38.85,500,19425.0,38.8825,40.74249999999999,42.048333333333325,-0.40967545885501266,-0.49862503364875826,0.0889495747937456
2026-01-16 09:34:00,38.5,38.5,38.5,38.5,1002,38577.0,38.957499999999996,40.68416666666666,42.03104166666666,-0.41669648742756493,-0.4822393244045196,0.06554283697695468
2026-01-16 09:36:00,38.5,38.5,38.5,38.5,4100,157850.0,38.975,40.625833333333325,42.010416666666664,-0.41744861536985667,-0.46928118259758705,0.051832567227730386
2026-01-16 09:37:00,38.5,38.5,38.0,38.3,29000,1112150.0,38.97,40.564166666666665,41.990625,-0.4292350561751235,-0.4612719573130944,0.03203690113797092
2026-01-16 09:38:00,38.15,38.15,38.0,38.0,10100,384115.0,38.92,40.499166666666675,41.969791666666666,-0.4575095034593062,-0.4605194665423368,0.003009963083030587
2026-01-16 09:39:00,37.85,38.15,37.85,37.85,10101,383372.0,38.815,40.43,41.94770833333334,-0.48641387664822844,-0.46569834856351516,-0.020715528084713275
2026-01-16 09:40:00,38.0,38.0,37.85,37.85,8451,320342.0,38.752500000000005,40.36083333333333,41.92541666666666,-0.5035165749968371,-0.4732619938501796,-0.030254581146657522
2026-01-16 09:41:00,38.0,38.0,37.85,37.85,6050,229600.0,38.6875,40.295833333333334,41.899791666666665,-0.5111780443583172,-0.48084520395180713,-0.03033284040651002
2026-01-16 09:42:00,37.85,37.9,37.75,37.85,7313,276846.0,38.63,40.229166666666664,41.874166666666675,-0.5113552292499861,-0.48694720901144295,-0.02440802023854316
2026-01-16 09:43:00,37.7,37.85,37.7,37.7,8301,313097.0,38.5575,40.165,41.84395833333334,-0.5176324512676729,-0.493084257462689,-0.024548193804983853
2026-01-16 09:44:00,37.7,37.7,37.55,37.55,6001,225787.0,38.477500000000006,40.1,41.813125,-0.5286173693582512,-0.5001908798418016,-0.02842648951644966
2026-01-16 09:45:00,37.65,37.65,37.45,37.65,21354,802342.0,38.4025,40.03833333333333,41.78833333333333,-0.5232224491231392,-0.5047971936980691,-0.01842525542507012
2026-01-16 09:46:00,37.65,37.7,37.5,37.55,10350,389477.0,38.33,39.964166666666664,41.75750000000001,-0.5210102187495025,-0.5080397987083558,-0.01297042004114668
2026-01-16 09:47:00,37.75,37.8,37.0,37.6,32111,1207881.0,38.252500000000005,39.89083333333333,41.72958333333333,-0.5093509474453697,-0.5083020284557586,-0.001048918989611125
2026-01-16 09:48:00,37.75,38.15,37.55,37.65,14403,544516.0,38.18,39.8225,41.701875,-0.4904230175353561,-0.5047262262716781,0.01430320873632196
2026-01-16 09:50:00,37.65,38.0,37.65,37.65,3001,113337.0,38.12,39.747499999999995,41.67458333333333,-0.47000457652283245,-0.49778189632190895,0.027777319799076494
2026-01-16 09:51:00,37.6,37.6,37.6,37.6,101,3797.0,38.05,39.67166666666667,41.64791666666667,-0.4526396489315587,-0.488753446843839,0.036113797912280254
2026-01-16 09:53:00,38.15,38.15,37.6,37.75,12000,452350.0,37.989999999999995,39.598333333333336,41.621875,-0.4219105501186675,-0.4753848674988047,0.05347431738013719
2026-01-16 09:54:00,37.75,37.95,37.75,37.95,4000,151400.0,37.9525,39.52833333333333,41.596666666666664,-0.3770725319590582,-0.4557224003908555,0.07864986843179728
2026-01-16 09:55:00,37.55,38.1,37.55,37.75,5001,189637.0,37.8975,39.455,41.57270833333333,-0.35360032363504246,-0.4352979850396929,0.08169766140465046
2026-01-16 09:56:00,37.6,38.15,37.6,38.15,1002,38225.0,37.8625,39.38666666666666,41.55041666666666,-0.2992719516018738,-0.4080927783521291,0.10882082675025528
2026-01-16 09:57:00,38.15,38.15,38.0,38.15,26400,1005502.0,37.845,39.318333333333335,41.529375,-0.2532964811872631,-0.3771335189191559,0.12383703773189281
2026-01-16 10:00:00,38.1,38.1,38.1,38.1,1000,38100.0,37.825,39.24916666666666,41.50833333333333,-0.2183778478859324,-0.34538238471251126,0.12700453682657886
2026-01-16 10:01:00,38.1,38.1,37.9,37.9,3000,114100.0,37.805,39.17833333333333,41.486250000000005,-0.2044857238135407,-0.3172030525327172,0.1127173287191765
2026-01-16 10:02:00,37.85,37.85,37.85,37.85,1000,37850.0,37.7975,39.09083333333333,41.46479166666666,-0.19525986337148282,-0.2928144147004703,0.0975545513289875
2026-01-16 10:03:00,37.85,38.0,37.85,37.85,5050,191450.0,37.7975,39.00333333333333,41.44395833333333,-0.1858064415052354,-0.27141282006142337,0.08560637855618797
2026-01-16 10:04:00,38.15,38.15,38.15,38.15,2100,80115.0,37.8125,38.935833333333335,41.423541666666665,-0.15235083814558692,-0.24760042367825608,0.09524958553266916
2026-01-16 10:05:00,38.05,38.05,37.85,37.85,1306,49493.0,37.8125,38.84833333333333,41.40270833333333,-0.14833461513565283,-0.22774726196973546,0.07941264683408264
2026-01-16 10:08:00,37.85,37.85,37.85,37.85,500,18925.0,37.8125,38.76083333333334,41.38229166666667,-0.1434975787018189,-0.21089732531615216,0.06739974661433326
2026-01-16 10:10:00,37.85,37.85,37.85,37.85,600,22710.0,37.82,38.67333333333333,41.36083333333333,-0.13807257774993076,-0.19633237580290788,0.058259798052977124
2026-01-16 10:12:00,38.15,38.15,37.85,37.85,7121,270729.0,37.834999999999994,38.58583333333333,41.33895833333334,-0.1322487442092779,-0.18351564948418192,0.05126690527490402
2026-01-16 10:13:00,37.85,37.85,37.85,37.85,1020,38607.0,37.845,38.498333333333335,41.32145833333333,-0.1261788034670701,-0.17204828028075958,0.04586947681368947
2026-01-16 10:14:00,37.9,37.9,37.9,37.9,1000,37900.0,37.8625,38.43333333333333,41.30020833333334,-0.11599661281757534,-0.16083794678812274,0.0448413339705474
2026-01-16 10:15:00,38.05,38.05,38.05,38.05,3000,114150.0,37.885000000000005,38.37083333333333,41.279583333333335,-0.09473140233357213,-0.14761663789721263,0.0528852355636405
2026-01-16 10:16:00,37.85,37.85,37.85,37.85,3001,113587.0,37.894999999999996,38.335,41.260416666666664,-0.09294548070270281,-0.13668240645831067,0.043736925755607864
2026-01-16 10:17:00,38.0,38.0,37.8,37.8,18050,684100.0,37.9025,38.32666666666667,41.238749999999996,-0.09447565058504637,-0.1282410552836578,0.033765404698611445
2026-01-16 10:18:00,37.9,37.9,37.9,37.9,3000,113700.0,37.917500000000004,38.299166666666665,41.22,-0.08662064806455305,-0.11991697383983686,0.03329632577528381
2026-01-16 10:19:00,37.75,37.75,37.75,37.75,1,37.0,37.917500000000004,38.276666666666664,41.19916666666666,-0.09144512588393638,-0.11422260424865678,0.022777478364720397
2026-01-16 10:21:00,37.75,37.95,37.0,37.75,36580,1374304.0,37.9075,38.252500000000005,41.17895833333333,-0.09418287772665934,-0.1102146589442573,0.016031781217597962
2026-01-16 10:25:00,37.6,37.6,37.55,37.55,5000,187900.0,37.897499999999994,38.22833333333334,41.157291666666666,-0.11120894680312432,-0.11041351651603072,-0.0007954302870935986
2026-01-16 10:26:00,37.55,37.75,37.55,37.6,21004,791399.0,37.87,38.205000000000005,41.13812500000001,-0.119292517198609,-0.11218931665254639,-0.007103200546062616
2026-01-16 10:27:00,37.55,37.8,37.55,37.55,6002,226524.0,37.839999999999996,38.21416666666667,41.1175,-0.12825494395064396,-0.11540244211216592,-0.01285250183847804
2026-01-16 10:28:00,37.8,37.8,37.8,37.8,1000,37800.0,37.825,38.208333333333336,41.09833333333333,-0.11387217352616119,-0.11509638839496499,0.001224214868803794
2026-01-16 10:29:00,37.95,37.95,37.55,37.55,1001,37987.0,37.8075,38.19416666666667,41.078125,-0.12124895255512058,-0.11632690122699611,-0.004922051328124469
2026-01-16 10:30:00,37.8,37.8,37.8,37.8,1000,37800.0,37.805,38.174166666666665,41.05833333333333,-0.10570370589627487,-0.11420226216085187,0.008498556264577004
2026-01-16 10:31:00,37.55,37.55,37.55,37.55,30,1126.0,37.79,38.13416666666667,41.03812500000001,-0.11226280089692864,-0.11381436990806723,0.0015515690111385927
2026-01-16 10:32:00,38.15,38.15,38.15,38.15,1,38.0,37.79,38.11833333333333,41.020208333333336,-0.06825909696983956,-0.10470331532042171,0.03644421835058215
2026-01-16 10:33:00,37.6,38.15,37.6,38.15,2,75.0,37.80499999999999,38.101666666666674,41.00208333333333,-0.033005379112779565,-0.09036372807889329,0.05735834896611372
2026-01-16 10:38:00,37.85,37.85,37.85,37.85,1,37.0,37.80499999999999,38.0825,40.98291666666667,-0.028940439149408803,-0.07807907029299639,0.04913863114358759
2026-01-16 10:40:00,37.85,38.0,37.8,37.8,11000,416650.0,37.8025,38.059999999999995,40.96375,-0.02941445554107247,-0.06834614734261162,0.038931691801539145
2026-01-16 10:41:00,37.85,37.85,37.85,37.85,3008,113852.0,37.802499999999995,38.038333333333334,40.944375,-0.025462024445765508,-0.05976932276324239,0.034307298317476885
2026-01-16 10:44:00,37.7,37.7,37.7,37.7,4000,150800.0,37.795,38.01416666666667,40.92395833333333,-0.03404103684179205,-0.054623665578952325,0.020582628737160276
2026-01-16 10:45:00,37.85,37.85,37.85,37.85,3000,113550.0,37.792500000000004,37.995,40.90458333333333,-0.028408741290618877,-0.04938068072128564,0.02097193943066676
2026-01-16 10:46:00,37.7,37.7,37.7,37.7,1000,37700.0,37.77499999999999,37.97083333333333,40.88458333333333,-0.03563803974721935,-0.04663215252647239,0.010994112779253037
2026-01-16 10:47:00,37.7,37.95,37.7,37.95,2000,75650.0,37.78,37.95166666666667,40.865,-0.02095286856937406,-0.04149629573505273,0.020543427165678668
2026-01-16 10:52:00,37.95,37.95,37.95,37.95,100,3795.0,37.7875,37.93666666666666,40.84645833333333,-0.009208613446340053,-0.0350387592773102,0.025830145830970146
2026-01-16 10:53:00,37.7,37.95,37.7,37.95,4500,170225.0,37.79,37.91916666666667,40.827708333333334,9.766750128648027e-05,-0.02801147392159086,0.02810914142287734
2026-01-16 10:54:00,37.8,37.8,37.7,37.7,3000,113300.0,37.7875,37.89833333333333,40.807291666666664,-0.012555219704999843,-0.024920223078272657,0.012365003373272815
2026-01-16 10:59:00,38.0,38.0,38.0,38.0,4000,152000.0,37.8,37.88666666666666,40.78916666666667,0.001606252936284136,-0.0196149278753613,0.021221180811645438
2026-01-16 11:00:00,38.0,38.0,38.0,38.0,1000,38000.0,37.822500000000005,37.872499999999995,40.77041666666666,0.012683118932322657,-0.013155318513824508,0.025838437446147167
2026-01-16 11:01:00,38.0,38.0,37.85,37.85,3020,114310.0,37.835,37.85583333333333,40.751041666666666,0.009251226263323531,-0.0086740095583949,0.01792523582171843
2026-01-16 11:04:00,38.0,38.0,38.0,38.0,1000,38000.0,37.8575,37.8475,40.733124999999994,0.018422806351566123,-0.003254646376402694,0.021677452727968817
2026-01-16 11:06:00,38.0,38.0,38.0,38.0,3200,121600.0,37.8675,37.839166666666664,40.71458333333333,0.02539857073577423,0.002475997046032692,0.022922573689741536
2026-01-16 11:07:00,37.7,37.85,37.65,37.8,10508,396277.0,37.88,37.83083333333333,40.69500000000001,0.014620054846069763,0.004904808606040107,0.009715246240029656
2026-01-16 11:08:00,37.8,38.0,37.8,38.0,2000,75800.0,37.89,37.83083333333333,40.676875,0.021963154307464094,0.008316477746324906,0.013646676561139189
2026-01-16 11:10:00,38.0,38.0,38.0,38.0,1020,38760.0,37.9125,37.833333333333336,40.65854166666667,0.027466002554341173,0.012146382707928161,0.015319619846413012
2026-01-16 11:14:00,38.0,38.0,38.0,38.0,400,15200.0,37.905,37.83583333333333,40.64041666666667,0.03146434801779918,0.016009975769902367,0.015454372247896815
2026-01-16 11:15:00,37.7,37.7,37.7,37.7,50,1885.0,37.88250000000001,37.833333333333336,40.62104166666666,0.010306762862185792,0.01486933318835905,-0.004562570326173259
2026-01-16 11:16:00,38.0,38.0,37.7,37.7,2001,76037.0,37.875,37.83083333333333,40.60104166666667,-0.006387148731100467,0.010618036804467147,-0.017005185535567614
2026-01-16 11:19:00,37.65,37.65,37.65,37.65,2300,86595.0,37.8675,37.830000000000005,40.58145833333333,-0.02338224016479984,0.003817981410613748,-0.02720022157541359
2026-01-16 11:21:00,37.85,37.85,37.8,37.8,3050,115292.0,37.865,37.83416666666666,40.561458333333334,-0.02446520649986894,-0.0018386561714827914,-0.02262655032838615
2026-01-16 11:22:00,37.85,37.85,37.7,37.7,3000,113400.0,37.865,37.83500000000001,40.541041666666665,-0.03301208660284516,-0.008073342257755267,-0.024938744345089893
2026-01-16 11:27:00,37.65,38.0,37.65,38.0,1010,38030.0,37.8725,37.8425,40.522708333333334,-0.015400530141043589,-0.009538779834412932,-0.005861750306630657
2026-01-16 11:28:00,38.0,38.0,38.0,38.0,10,380.0,37.8875,37.84916666666667,40.50354166666667,-0.0014267975269106614,-0.007916383372912478,0.006489585846001816
2026-01-16 11:29:00,38.0,38.0,38.0,38.0,1000,38000.0,37.89,37.855000000000004,40.484375,0.009537543381902935,-0.004425598021949395,0.01396314140385233
2026-01-16 11:32:00,37.85,37.85,37.85,37.85,47,1778.0,37.885,37.858333333333334,40.46479166666667,0.0060533370468505154,-0.0023298110081894125,0.008383148055039927
2026-01-16 11:33:00,37.85,37.85,37.65,37.65,1100,41435.0,37.870000000000005,37.85916666666667,40.44395833333333,-0.012699854093689567,-0.004403819625289444,-0.008296034468400122
2026-01-16 11:35:00,37.65,37.75,37.65,37.75,4000,150800.0,37.8725,37.85916666666667,40.42458333333333,-0.019270589556001028,-0.007377173611431763,-0.011893415944569264
2026-01-16 11:36:00,37.75,37.75,37.75,37.75,10,377.0,37.86,37.85583333333334,40.405833333333334,-0.02419899381215629,-0.01074153765157667,-0.013457456160579619
2026-01-16 11:40:00,37.9,37.9,37.9,37.9,5000,189500.0,37.855000000000004,37.858333333333334,40.38645833333333,-0.015818695222968415,-0.01175696916585502,-0.0040617260571133955
2026-01-16 11:41:00,37.9,37.9,37.75,37.75,2000,75650.0,37.85,37.85166666666667,40.36645833333333,-0.02103847615482124,-0.013613270563648265,-0.007425205591172974
2026-01-16 11:45:00,38.0,38.0,38.0,38.0,1000,38000.0,37.85,37.84916666666666,40.34708333333333,-0.0049452734529396025,-0.011879671141506534,0.006934397688566931
2026-01-16 11:46:00,38.0,38.0,37.85,38.0,12000,454800.0,37.85,37.8475,40.32833333333333,0.007719717535167092,-0.007959793406171808,0.0156795109413389
2026-01-16 11:47:00,38.0,38.0,37.95,38.0,10550,400850.0,37.86,37.84916666666666,40.30916666666666,0.017554457283289082,-0.002856943268279629,0.02041140055156871
2026-01-16 11:57:00,37.9,37.9,37.9,37.9,1,37.0,37.855000000000004,37.85,40.28958333333333,0.017082478940267265,0.0011309411734297511,0.015951537766837515
2026-01-16 12:02:00,37.9,38.05,37.9,38.05,5500,208650.0,37.8575,37.85333333333334,40.27041666666666,0.028483835179322625,0.006601519974608328,0.021882315204714297
2026-01-16 12:03:00,37.85,38.0,37.85,37.85,8000,303250.0,37.85,37.848333333333336,40.25062500000001,0.021137503626682985,0.009508716705023262,0.011628786921659723
2026-01-16 12:14:00,37.85,38.0,37.85,38.0,5000,189700.0,37.864999999999995,37.850833333333334,40.232083333333335,0.027106759491402954,0.013028325262299202,0.014078434229103752
2026-01-16 12:25:00,37.95,37.95,37.95,37.95,50,1897.0,37.877500000000005,37.85249999999999,40.2125,0.027486013978112567,0.015919863005461877,0.01156615097265069
2026-01-16 12:27:00,38.0,38.0,38.0,38.0,150,5700.0,37.894999999999996,37.855,40.193333333333335,0.031458523744291256,0.019027595153227755,0.012430928591063501
2026-01-16 12:32:00,37.95,37.95,37.95,37.95,33,1252.0,37.902499999999996,37.85666666666667,40.17395833333333,0.030223783262023574,0.02126683277498692,0.008956950487036652
2026-01-16 12:36:00,37.95,38.15,37.95,38.15,1050,40047.0,37.925,37.86166666666667,40.155208333333334,0.0448663793712214,0.02598674209423382,0.01887963727698758
2026-01-16 12:38:00,37.95,37.95,37.95,37.95,1,37.0,37.9225,37.8625,40.13583333333334,0.039872785104961395,0.028763950696379336,0.011108834408582059
2026-01-16 12:39:00,38.15,38.15,38.15,38.15,100,3815.0,37.92999999999999,37.86416666666666,40.11729166666667,0.05146045016581269,0.03330325059026601,0.01815719957554668
2026-01-16 12:40:00,38.15,38.15,38.15,38.15,500,19075.0,37.9375,37.869166666666665,40.099375,0.05995266125148646,0.0386331327225101,0.02131952852897636
2026-01-16 12:41:00,38.15,38.15,38.15,38.15,8021,306001.0,37.9525,37.875,40.08083333333333,0.06592288177444061,0.04409108253289621,0.0218317992415444
2026-01-16 12:42:00,38.2,38.2,38.05,38.1,5000,190750.0,37.975,37.87833333333334,40.062083333333334,0.0658605430756154,0.048444974641440056,0.01741556843417534
2026-01-16 12:43:00,38.2,38.35,38.2,38.35,5000,191450.0,38.004999999999995,37.888333333333335,40.045,0.08500417465829457,0.05575681464481097,0.029247360013483603
2026-01-16 12:44:00,38.25,38.25,38.25,38.25,1,38.0,38.029999999999994,37.89666666666667,40.02729166666667,0.0910568298907819,0.06281681769400517,0.02824001219677673
2026-01-16 12:45:00,38.5,38.9,38.5,38.65,3102,120626.0,38.0675,37.915,40.011250000000004,0.12667008592887896,0.07558747134097993,0.05108261458789903
2026-01-16 12:46:00,38.85,38.85,38.65,38.65,11,426.0,38.1125,37.9325,39.99604166666666,0.15312867586266776,0.09109571224531751,0.06203296361735025
2026-01-16 12:47:00,39.15,39.15,39.0,39.0,4000,156150.0,38.1625,37.95666666666666,39.98166666666667,0.20003351212574927,0.11288327222140387,0.0871502399043454
2026-01-16 12:48:00,39.15,39.15,38.8,38.8,1001,39188.0,38.2025,37.973333333333336,39.966875,0.21854831532758823,0.13401628084264078,0.08453203448494745
2026-01-16 12:52:00,39.15,39.15,38.8,38.8,1001,39188.0,38.24249999999999,37.994166666666665,39.952083333333334,0.2305636361799941,0.15332575191011144,0.07723788426988265
2026-01-16 12:53:00,39.15,39.15,38.8,39.15,36,1408.0,38.305,38.016666666666666,39.939166666666665,0.2652700711933633,0.17571461576676184,0.08955545542660148
2026-01-16 12:54:00,38.8,38.8,38.8,38.8,1001,38838.0,38.3425,38.0375,39.925,0.26151847388254623,0.19287538738991875,0.06864308649262749
2026-01-16 12:55:00,38.8,38.95,38.8,38.8,5050,196390.0,38.39,38.04833333333333,39.91104166666666,0.25559892073153634,0.20542009405824227,0.05017882667329407
2026-01-16 12:58:00,38.8,38.8,38.8,38.8,1000,38800.0,38.43,38.05916666666666,39.8975,0.2480482859752513,0.21394573244164408,0.03410255353360722
2026-01-16 12:59:00,38.8,38.8,38.8,38.8,1000,38800.0,38.4725,38.075,39.88250000000001,0.23930578540010572,0.21901774303333643,0.020288042366769288
2026-01-16 13:00:00,39.15,39.15,39.15,39.15,1310,51286.0,38.529999999999994,38.097500000000004,39.870416666666664,0.25764934437512466,0.2267440633016941,0.030905281073430546
2026-01-16 13:01:00,39.15,39.15,39.15,39.15,25,978.0,38.59,38.11916666666666,39.857708333333335,0.2690849037501408,0.2352122313913835,0.03387267235875732
2026-01-16 13:05:00,39.15,39.15,39.0,39.1,24500,956875.0,38.637499999999996,38.142500000000005,39.844791666666666,0.27098928897272856,0.24236764290765253,0.02862164606507603
2026-01-16 13:06:00,39.15,39.15,39.0,39.0,8002,313278.0,38.69,38.16166666666667,39.83145833333333,0.2614159236744982,0.24617729906102168,0.015238624613476498
2026-01-16 13:08:00,39.0,39.0,39.0,39.0,100,3900.0,38.7325,38.18333333333333,39.81875,0.25093632495166673,0.24712910423915072,0.0038072207125160185
2026-01-16 13:09:00,39.45,39.45,39.45,39.45,1000,39450.0,38.7975,38.208333333333336,39.80770833333333,0.27576357581040867,0.25285599855340235,0.022907577257006317
2026-01-16 13:10:00,39.0,39.0,39.0,39.0,1,39.0,38.839999999999996,38.225833333333334,39.79437500000001,0.25617508487853513,0.2535198158184289,0.0026552690601062134
2026-01-16 13:15:00,39.45,39.45,39.3,39.3,2000,78750.0,38.89999999999999,38.248333333333335,39.782291666666666,0.2618402263435442,0.255183897923452,0.006656328420092228
2026-01-16 13:16:00,39.0,39.0,39.0,39.0,1,39.0,38.9325,38.27,39.76958333333334,0.23936316935638047,0.2520197522100377,-0.012656582853657228
2026-01-16 13:20:00,39.05,39.05,39.05,39.05,1000,39050.0,38.972500000000004,38.2875,39.75729166666667,0.22301375810595658,0.24621855338922147,-0.023204795283264884
2026-01-16 13:25:00,39.05,39.05,39.05,39.05,1000,39050.0,38.99249999999999,38.305,39.744375,0.20766292298832667,0.23850742730904254,-0.030844504320715865
2026-01-16 13:26:00,39.95,40.1,39.7,40.1,14000,559650.0,39.065,38.3425,39.736458333333324,0.27703007014131487,0.24621195587549702,0.030818114265817848
2026-01-16 13:27:00,39.95,39.95,39.95,39.95,1000,39950.0,39.1125,38.375,39.728541666666665,0.3162547003023022,0.26022050476085806,0.05603419554144412
2026-01-16 13:29:00,40.1,40.1,39.95,39.95,5000,200200.0,39.17,38.407500000000006,39.719375,0.34338220598053937,0.27685284500479435,0.06652936097574502
2026-01-16 13:30:00,39.95,40.15,39.85,40.15,13032,521782.0,39.2375,38.44666666666667,39.71104166666667,0.3766771781674123,0.29681771163731796,0.07985946653009435
2026-01-16 13:31:00,40.1,40.6,40.1,40.15,4001,161940.0,39.2875,38.482499999999995,39.70333333333333,0.39847036517231516,0.31714824234431743,0.08132212282799772
2026-01-16 13:32:00,40.95,40.95,40.35,40.35,1051,42687.0,39.364999999999995,38.52166666666667,39.69708333333333,0.42695824256735904,0.3391102423889258,0.08784800017843325
2026-01-16 13:33:00,41.1,41.95,41.0,41.65,7800,323055.0,39.50750000000001,38.582499999999996,39.69562499999999,0.548115887334788,0.3809113713780983,0.16720451595668973
2026-01-16 13:34:00,41.15,42.0,41.15,42.0,1302,54682.0,39.667500000000004,38.65416666666667,39.69520833333333,0.6647138610148531,0.4376718693054493,0.22704199170940376
2026-01-16 13:35:00,42.25,42.9,42.2,42.9,1602,68399.0,39.8725,38.74083333333333,39.69895833333333,0.8202853348551926,0.5141945624153981,0.30609077243979455
2026-01-16 13:36:00,42.25,43.15,42.25,42.85,2527,108475.0,40.057500000000005,38.82749999999999,39.70229166666666,0.9288352321961355,0.5971226963715456,0.3317125358245899
2026-01-16 13:37:00,43.0,43.3,42.95,42.95,3790,162985.0,40.247499999999995,38.913333333333334,39.70604166666667,1.011273639147639,0.6799528849267643,0.3313207542208746
2026-01-16 13:38:00,42.95,43.15,42.95,42.95,1190,51121.0,40.440000000000005,39.000833333333325,39.71020833333333,1.0643376487062497,0.7568298376826614,0.30750781102358826
2026-01-16 13:39:00,43.15,43.15,43.0,43.05,4200,181060.0,40.6425,39.085,39.715,1.1017600191728931,0.8258158739807079,0.27594414519218524
2026-01-16 13:40:00,43.2,43.5,43.2,43.4,5430,235926.0,40.8625,39.175,39.720625000000005,1.146444098379824,0.8899415188605312,0.2565025795192929
2026-01-16 13:42:00,43.35,43.35,43.0,43.0,6100,264100.0,41.04,39.25833333333333,39.72479166666667,1.1364792704265199,0.939249069173729,0.1972302012527909
2026-01-16 13:43:00,42.95,42.95,42.95,42.95,1000,42950.0,41.2375,39.343333333333334,39.728125,1.1117321343328825,0.9737456822055599,0.13798645212732263
2026-01-16 13:44:00,42.95,42.95,42.95,42.95,100,4295.0,41.42,39.43166666666666,39.73229166666667,1.0796740404209686,0.9949313538486418,0.08474268657232675
2026-01-16 13:48:00,42.95,43.0,42.85,42.95,13000,558000.0,41.6175,39.51833333333333,39.73666666666667,1.0422533225079817,1.0043957475805099,0.03785757492747188
2026-01-16 13:49:00,42.9,42.9,42.75,42.75,3600,154065.0,41.802499999999995,39.60166666666667,39.739583333333336,0.9851031495276317,1.0005372279699343,-0.015434078442302601
2026-01-16 13:50:00,42.05,42.05,42.05,42.05,1,42.0,41.9525,39.670833333333334,39.739583333333336,0.8732606704173591,0.9750819164594192,-0.10182124604206011
2026-01-16 13:52:00,42.05,42.05,42.05,42.05,200,8410.0,42.05,39.7425,39.739583333333336,0.7756831079187876,0.935202154751293,-0.1595190468325054
2026-01-16 13:55:00,42.05,42.2,42.0,42.05,6015,252930.0,42.154999999999994,39.81000000000001,39.739583333333336,0.6903937571530321,0.886240475231641,-0.19584671807860887
2026-01-16 13:56:00,42.1,42.1,42.1,42.1,100,4210.0,42.2625,39.87833333333334,39.73979166666667,0.6196924851040464,0.832930877206122,-0.21323839210207562
2026-01-16 13:57:00,41.35,41.35,41.35,41.35,1,41.0,42.322500000000005,39.93416666666667,39.736250000000005,0.4974086681414107,0.7658264353931798,-0.26841776725176913
2026-01-16 13:58:00,41.85,42.0,41.85,42.0,4000,167550.0,42.415,40.002500000000005,39.736250000000005,0.44778563584143427,0.7022182754828308,-0.2544326396413965
2026-01-16 13:59:00,41.35,41.35,41.35,41.35,1001,41391.0,42.465,40.0575,39.73354166666666,0.35195236967089016,0.6321650943204427,-0.2802127246495525
2026-01-16 14:00:00,41.35,41.55,41.35,41.5,7100,293755.0,42.457499999999996,40.11833333333333,39.73104166666666,0.28482428512506175,0.5626969324813665,-0.2778726473563048
2026-01-16 14:01:00,40.85,41.35,40.85,41.0,3101,127175.0,42.4075,40.16833333333333,39.727291666666666,0.18909915580710646,0.4879773771465145,-0.29887822133940806
2026-01-16 14:02:00,40.15,40.15,40.15,40.15,1,40.0,42.269999999999996,40.205000000000005,39.719791666666666,0.044139591175579085,0.39920981995232746,-0.3550702287767484
2026-01-16 14:04:00,40.15,40.3,40.05,40.05,5001,201240.0,42.129999999999995,40.23916666666667,39.71145833333333,-0.07791294055767395,0.3037852678503272,-0.38169820840800117
2026-01-16 14:25:00,41.5,41.5,41.5,41.5,1,41.0,42.0575,40.29833333333333,39.709375,-0.05698073105457979,0.2316320680693458,-0.28861279912392557
2026-01-16 14:30:00,41.5,41.5,41.5,41.5,20,830.0,41.985,40.354166666666664,39.70708333333334,-0.039931498753816186,0.1773193547047134,-0.2172508534585296
2026-01-16 14:34:00,41.2,41.2,40.05,40.05,2001,82440.0,41.835,40.38916666666667,39.69895833333333,-0.14178829397397408,0.11349782496897591,-0.25528611894295
2026-01-16 14:56:00,41.5,41.5,41.5,41.5,1,41.0,41.74,40.445,39.696875,-0.10430528972794662,0.0699372020295914,-0.17424249175753803
2026-01-16 15:00:00,41.5,41.5,41.35,41.35,2001,83041.0,41.657500000000006,40.49833333333333,39.69520833333333,-0.08571541130466898,0.03880667936273932,-0.1245220906674083
2026-01-19 09:01:00,42.0,42.0,41.0,41.45,11042,456189.0,41.582499999999996,40.553333333333335,39.69291666666667,-0.062196669961025464,0.01860600949798636,-0.08080267945901182
2026-01-19 09:02:00,41.2,41.45,39.9,39.9,6604,266710.0,41.42999999999999,40.583333333333336,39.68395833333333,-0.16670823534749957,-0.018456839471110837,-0.14825139587638872
2026-01-19 09:03:00,40.0,40.1,39.9,40.0,3300,131900.0,41.2825,40.61083333333333,39.67541666666667,-0.23871349899392413,-0.06250817137567352,-0.1762053276182506
2026-01-19 09:04:00,39.45,40.0,39.45,40.0,3100,122900.0,41.144999999999996,40.64,39.667291666666664,-0.29240749758876916,-0.10848803661829266,-0.1839194609704765
2026-01-19 09:05:00,40.15,40.15,40.15,40.15,500,20075.0,41.05,40.66499999999999,39.65895833333333,-0.31917735406519654,-0.15062590010767346,-0.16855145395752308
2026-01-19 09:06:00,39.85,40.15,39.85,40.0,10000,400450.0,40.947500000000005,40.6875,39.650625,-0.3484793515431335,-0.1901965903947655,-0.15828276114836798
2026-01-19 09:07:00,40.15,40.15,40.0,40.15,7006,280990.0,40.852500000000006,40.70666666666667,39.642916666666665,-0.35549967034729946,-0.22325720638527233,-0.13224246396202713
2026-01-19 09:12:00,40.3,40.3,39.75,39.75,10700,428375.0,40.735,40.7225,39.633541666666666,-0.3888574737369126,-0.2563772598556004,-0.1324802138813122
2026-01-19 09:13:00,39.75,39.9,39.75,39.9,2000,79650.0,40.6625,40.74083333333333,39.62541666666666,-0.3985952687146792,-0.28482086162741616,-0.11377440708726305
2026-01-19 09:14:00,39.7,39.9,39.7,39.75,4000,159250.0,40.55,40.75083333333334,39.61666666666666,-0.41364801100534976,-0.3105862915030029,-0.10306171950234688
2026-01-19 09:15:00,39.75,39.75,39.75,39.75,301,11964.0,40.47,40.766666666666666,39.60708333333333,-0.42072753261764717,-0.33261453972593175,-0.08811299289171542
2026-01-19 09:16:00,39.75,40.15,39.75,39.75,1026,40792.0,40.3825,40.7825,39.59770833333333,-0.4214795506031521,-0.35038754190137583,-0.07109200870177629
2026-01-19 09:18:00,39.85,40.15,39.85,40.15,1105,44364.0,40.339999999999996,40.805,39.589166666666664,-0.3853567208128368,-0.35738137768366807,-0.027975343129168717
2026-01-19 09:19:00,40.15,40.15,40.15,40.15,1015,40752.0,40.339999999999996,40.8275,39.58104166666667,-0.35266382885959047,-0.35643786791885257,0.003774039059262102
2026-01-19 09:20:00,40.0,40.85,40.0,40.7,10005,408400.0,40.3725,40.85333333333333,39.57520833333333,-0.2791561348351479,-0.3409815213021117,0.06182538646696378
2026-01-19 09:21:00,40.9,40.9,40.75,40.9,7100,290075.0,40.3425,40.88250000000001,39.57083333333333,-0.2024289542195845,-0.31327100788560625,0.11084205366602173
2026-01-19 09:22:00,41.05,41.05,40.75,40.85,4045,165236.0,40.31,40.91166666666666,39.56583333333333,-0.14399678759235712,-0.27941616382695644,0.13541937623459932
2026-01-19 09:23:00,41.0,41.0,40.85,40.85,5000,204700.0,40.35,40.942499999999995,39.56041666666667,-0.09657561103150414,-0.242848053267866,0.14627244223636185
2026-01-19 09:24:00,40.75,40.9,40.75,40.9,11050,451187.0,40.32,40.97416666666666,39.555208333333326,-0.05433308681965343,-0.2051450599782235,0.15081197315857006
2026-01-19 09:25:00,40.7,41.05,40.7,40.7,28300,1154819.0,40.2875,40.995,39.55020833333333,-0.03657232754461859,-0.17143051349150254,0.13485818594688395
2026-01-19 09:26:00,40.85,40.85,40.6,40.7,8370,340425.0,40.25,41.02333333333333,39.545208333333335,-0.022240424095009814,-0.141592495612204,0.11935207151719418
2026-01-19 09:28:00,40.1,40.25,40.0,40.15,13000,521000.0,40.2625,41.0375,39.53854166666667,-0.05463291655933489,-0.12420057980163017,0.06956766324229528
2026-01-19 09:30:00,40.35,40.35,40.35,40.35,1000,40350.0,40.28,41.059999999999995,39.531666666666666,-0.0634346366774281,-0.11204739117678976,0.04861275449936166
2026-01-19 09:31:00,40.35,40.5,40.35,40.5,2000,80850.0,40.305,41.08416666666667,39.525416666666665,-0.057641857434603594,-0.10116628442835253,0.043524426993748935
2026-01-19 09:33:00,40.75,40.75,40.75,40.75,3000,122250.0,40.334999999999994,41.1125,39.52041666666666,-0.032503447971592436,-0.08743371713700052,0.05493026916540808
2026-01-19 09:35:00,40.8,40.8,40.8,40.8,300,12240.0,40.375,41.12416666666666,39.51625,-0.008449099270123384,-0.0716367935636251,0.06318769429350171
2026-01-19 09:36:00,40.8,40.8,40.8,40.8,2500,102000.0,40.4075,41.138333333333335,39.51125,0.010493186456329795,-0.055210797559634116,0.06570398401596392
2026-01-19 09:37:00,41.05,41.05,41.05,41.05,1,41.0,40.4725,41.156666666666666,39.50729166666667,0.045157448077262075,-0.03513714843225487,0.08029459650951695
2026-01-19 09:38:00,41.05,41.05,40.85,41.0,2515,103187.0,40.527499999999996,41.170833333333334,39.503125,0.06781283882782674,-0.014547150980238547,0.08235998980806529
2026-01-19 09:39:00,41.05,41.05,41.05,41.05,4000,164200.0,40.5925,41.185833333333335,39.499583333333334,0.08877859695060408,0.006117998605929985,0.0826605983446741
2026-01-19 09:40:00,40.9,41.15,40.9,41.15,12100,495815.0,40.6625,41.19916666666666,39.49604166666666,0.11217024679665144,0.027328448244074287,0.08484179855257715
2026-01-19 09:41:00,40.9,41.15,40.8,40.8,7150,292697.0,40.714999999999996,41.18500000000001,39.49104166666667,0.10129851665555378,0.042122461926370196,0.05917605472918359
2026-01-19 09:42:00,40.8,40.8,40.75,40.75,502,20456.0,40.745,41.164166666666674,39.486875000000005,0.08763777632670156,0.05122552480643647,0.03641225152026509
2026-01-19 09:43:00,40.75,40.75,40.75,40.75,150,6112.0,40.775,41.12833333333334,39.48229166666667,0.07593619599695955,0.056167659044541095,0.01976853695241846
2026-01-19 09:44:00,40.75,40.75,40.75,40.75,2200,89650.0,40.777499999999996,41.09333333333334,39.47895833333334,0.06590292142526266,0.05811471152068541,0.007788209904577251
2026-01-19 09:45:00,40.75,41.15,40.75,41.15,1590,64961.0,40.79,41.063333333333325,39.47770833333333,0.08919989523461425,0.06433174826347118,0.024868146971143062
2026-01-19 09:46:00,41.15,41.15,40.65,40.65,4010,163011.0,40.78,41.025,39.47479166666666,0.06654994713385065,0.06477538803754708,0.0017745590963035712
2026-01-19 09:48:00,40.8,40.8,40.65,40.65,7250,295500.0,40.769999999999996,40.985,39.46916666666666,0.04804585734398614,0.06142948189883489,-0.013383624554848747
2026-01-19 09:49:00,40.5,40.5,40.5,40.5,2,81.0,40.75,40.93666666666666,39.46291666666666,0.02103500799472613,0.053350587118013146,-0.03231557912328702
2026-01-19 09:51:00,40.5,40.65,40.35,40.35,6003,243571.0,40.7325,40.8925,39.45708333333333,-0.012332865518168035,0.040213896590776906,-0.05254676210894494
2026-01-19 09:52:00,40.35,40.5,40.35,40.5,5193,209838.0,40.722500000000004,40.85166666666667,39.45020833333333,-0.026369428919799986,0.026897231488661525,-0.05326666040846151
2026-01-19 09:53:00,40.35,40.35,40.35,40.35,3,121.0,40.7325,40.80833333333333,39.442708333333336,-0.049032042081542215,0.011711376774620775,-0.06074341885616299
2026-01-19 09:56:00,41.05,41.05,41.05,41.05,1000,41050.0,40.7675,40.776666666666664,39.438125,-0.010388425133257329,0.007291416393045154,-0.017679841526302482
2026-01-19 09:57:00,41.05,41.05,40.7,41.05,3100,127220.0,40.795,40.748333333333335,39.43354166666666,0.020006299542849604,0.009834393023006045,0.010171906519843558
2026-01-19 09:58:00,41.05,41.15,40.9,41.15,5200,213280.0,40.815,40.733333333333334,39.429375,0.051569046231620064,0.01818132366472885,0.03338772256689121
2026-01-19 09:59:00,41.1,41.1,41.1,41.1,3000,123300.0,40.83,40.7175,39.42458333333333,0.071721408495101,0.028889340630803288,0.04283206786429772
2026-01-19 10:00:00,41.15,41.35,40.8,40.85,25384,1044370.0,40.832499999999996,40.6975,39.41875,0.06674993837680887,0.03646146018000441,0.030288478196804462
2026-01-19 10:01:00,41.2,41.9,41.2,41.9,12234,508741.0,40.875,40.69416666666667,39.417291666666664,0.14585491263311212,0.058340150670625965,0.08751476196248616
2026-01-19 10:02:00,41.65,42.0,41.2,41.7,13739,568973.0,40.910000000000004,40.7,39.415416666666665,0.1902151641144556,0.0847151533593919,0.1055000107550637
2026-01-19 10:03:00,42.0,42.0,41.55,42.0,7515,314127.0,40.957499999999996,40.7,39.41083333333333,0.2467342766526599,0.11711897801804551,0.1296152986346144
2026-01-19 10:04:00,41.4,41.55,41.0,41.35,15200,627310.0,40.9675,40.7,39.40354166666666,0.23635199414951558,0.14096558124433953,0.09538641290517605
2026-01-19 10:05:00,41.2,42.05,41.0,42.05,23230,957380.0,41.03,40.70916666666667,39.40291666666667,0.2813647130527528,0.16904540760602219,0.1123193054467306
2026-01-19 10:06:00,41.35,41.35,41.35,41.35,2700,111645.0,41.06,40.715,39.395624999999995,0.2575841969450039,0.18675316547381854,0.07083103147118536
2026-01-19 10:07:00,41.35,42.0,41.35,42.0,5030,211090.0,41.1225,40.74583333333333,39.39104166666666,0.2878691578640584,0.20697636395186655,0.08089279391219187
2026-01-19 10:08:00,42.0,42.1,42.0,42.1,3000,126200.0,41.190000000000005,40.779999999999994,39.386874999999996,0.3162933391212732,0.2288397589857479,0.08745358013552532
2026-01-19 10:09:00,42.15,42.15,41.95,42.1,5400,226760.0,41.2375,40.78999999999999,39.38270833333333,0.33495851430432566,0.2500635100494635,0.08489500425486218
2026-01-19 10:10:00,41.4,42.1,41.4,42.0,2018,84755.0,41.30499999999999,40.798333333333325,39.378125,0.3377878280311606,0.2676083736458029,0.07017945438535766
2026-01-19 10:11:00,41.85,41.85,41.65,41.65,1140,47681.0,41.355000000000004,40.825,39.37749999999999,0.3082348649620954,0.27573367190906145,0.03250119305303395
2026-01-19 10:12:00,42.05,42.05,41.9,41.9,12000,503700.0,41.425,40.83166666666667,39.377916666666664,0.30151120597679437,0.28088917872260805,0.020622027254186326
2026-01-19 10:13:00,42.1,42.5,41.95,42.0,19100,804300.0,41.5075,40.8425,39.38625,0.3007845648233314,0.2848682559427527,0.015916308880578656
2026-01-19 10:14:00,42.15,42.15,42.0,42.0,5000,210300.0,41.582499999999996,40.85166666666667,39.401666666666664,0.29678751474784093,0.28725210770377035,0.009535407044070576
2026-01-19 10:15:00,41.85,42.0,41.85,42.0,4100,171885.0,41.665000000000006,40.88666666666666,39.411874999999995,0.29027372890809033,0.28785643194463434,0.002417296963455995
2026-01-19 10:16:00,41.85,41.85,41.85,41.85,3000,125550.0,41.705,40.9175,39.423333333333325,0.26989656075549107,0.2842644577068057,-0.01436789695131463
2026-01-19 10:17:00,42.0,42.0,42.0,42.0,2000,84000.0,41.752500000000005,40.95083333333333,39.434999999999995,0.2628216106558128,0.27997588829660713,-0.017154277640794358
2026-01-19 10:18:00,42.0,42.0,41.75,41.75,8695,363731.0,41.782500000000006,40.9775,39.44645833333333,0.2343404205702413,0.270848794751334,-0.036508374181092706
2026-01-19 10:19:00,41.75,41.9,41.75,41.9,2100,87975.0,41.822500000000005,41.00916666666667,39.45854166666666,0.22132136371607203,0.2609433085442816,-0.039621944828209577
2026-01-19 10:21:00,41.2,41.2,41.2,41.2,3,123.0,41.839999999999996,41.026666666666664,39.47604166666667,0.15275861132359836,0.23930636910014494,-0.08654775777654658
2026-01-19 10:23:00,41.95,41.95,41.95,41.95,1000,41950.0,41.8425,41.06333333333334,39.49187500000001,0.15712957612922196,0.22287101050596037,-0.0657414343767384
2026-01-19 10:25:00,41.85,41.85,41.35,41.35,2023,84111.0,41.825,41.0875,39.504166666666656,0.11090022290137824,0.20047685298504397,-0.08957663008366573
2026-01-19 10:26:00,41.35,41.5,41.35,41.5,4000,165850.0,41.8,41.11666666666667,39.51458333333333,0.08538263592343753,0.1774580095727227,-0.09207537364928517
2026-01-19 10:27:00,41.2,41.2,41.2,41.2,5,206.0,41.7925,41.14083333333333,39.51979166666667,0.04048557904984307,0.15006352346814678,-0.10957794441830371
2026-01-19 10:32:00,41.2,41.2,41.2,41.2,25,1030.0,41.75,41.165,39.52854166666667,0.0048484481198300955,0.12102050839848344,-0.11617206027865334
2026-01-19 10:33:00,42.0,42.0,42.0,42.0,5,210.0,41.7825,41.19583333333333,39.54041666666667,0.0406900298912376,0.10495441269703429,-0.06426438280579669
2026-01-19 10:43:00,41.4,42.0,41.4,41.85,6150,258087.0,41.775,41.22416666666666,39.55229166666666,0.056341525240455326,0.0952318352057185,-0.03889030996526317
2026-01-19 10:44:00,42.0,42.0,42.0,42.0,210,8820.0,41.769999999999996,41.24583333333333,39.564166666666665,0.07992783612385068,0.09217103538934494,-0.012243199265494262
2026-01-19 10:47:00,42.0,42.0,42.0,42.0,2000,84000.0,41.765,41.26416666666667,39.57604166666666,0.09749628099120144,0.09323608450971625,0.004260196481485193
2026-01-19 10:48:00,41.85,42.0,41.85,42.0,8002,335333.0,41.765,41.28333333333333,39.58791666666666,0.11014966336885124,0.09661880028154327,0.01353086308730797
2026-01-19 10:49:00,41.75,41.9,41.75,41.9,6000,250950.0,41.777499999999996,41.30083333333334,39.6,0.11083080724456096,0.09946120167414682,0.011369605570414137
2026-01-19 10:50:00,41.75,41.9,41.75,41.9,5000,209050.0,41.777499999999996,41.3175,39.61145833333333,0.11010143783385473,0.10158924890608842,0.008512188927766312
2026-01-19 10:51:00,41.65,41.85,41.65,41.8,7005,292509.0,41.7675,41.33583333333333,39.62270833333333,0.10029806934589658,0.10133101299405006,-0.0010329436481534837
2026-01-19 10:53:00,41.75,41.9,41.75,41.9,6000,250950.0,41.7625,41.35583333333333,39.63541666666666,0.09945157757502443,0.10095512591024496,-0.0015035483352205253
2026-01-19 10:55:00,42.0,42.05,41.9,42.05,14000,587950.0,41.765,41.3875,39.648125,0.10962083242604592,0.10268826721340515,0.006932565212640768
2026-01-19 10:56:00,41.85,41.85,41.65,41.65,3002,125633.0,41.754999999999995,41.409166666666664,39.659375,0.08443012517342652,0.09903663880540944,-0.014606513631982926
2026-01-19 10:58:00,41.65,41.8,41.65,41.8,3000,125250.0,41.745,41.43083333333333,39.67229166666666,0.07569746136953626,0.09436880331823481,-0.018671341948698558
2026-01-19 11:03:00,42.0,42.0,41.85,41.85,5300,222255.0,41.75,41.44916666666666,39.68479166666666,0.07198158561013912,0.08989135977661569,-0.017909774166476572
2026-01-19 11:04:00,41.85,42.0,41.85,42.0,1100,46185.0,41.755,41.469166666666666,39.697916666666664,0.08021579593413719,0.08795624700812,-0.007740451073982815
2026-01-19 11:06:00,41.6,41.6,41.6,41.6,2,83.0,41.775,41.482499999999995,39.71083333333333,0.05384412828560414,0.08113382326361684,-0.027289694978012702
2026-01-19 11:07:00,41.2,41.2,41.2,41.2,2,82.0,41.7375,41.485,39.72208333333334,0.0006601251047229084,0.06503908363183805,-0.06437895852711514
2026-01-19 11:09:00,41.2,41.85,41.2,41.6,5700,236620.0,41.75,41.495,39.735833333333325,-0.009106944340175005,0.050209878037435436,-0.05931682237761044
2026-01-19 11:10:00,41.2,41.2,41.2,41.2,2,82.0,41.735,41.497499999999995,39.74916666666666,-0.048564255793131395,0.03045505127132207,-0.07901930706445347
2026-01-19 11:26:00,42.0,42.0,42.0,42.0,50,2100.0,41.775,41.51166666666666,39.766458333333325,-0.015107001167464773,0.0213426407835647,-0.03644964195102947
2026-01-19 11:30:00,42.0,42.0,41.85,42.0,13400,562290.0,41.815,41.53166666666666,39.783750000000005,0.011278107170795693,0.0193297340610109,-0.008051626890215206
2026-01-19 11:31:00,41.85,41.9,41.75,41.9,8002,334733.0,41.81,41.55083333333333,39.800625,0.02384446718315303,0.020232680685439326,0.0036117864977137024
2026-01-19 11:32:00,42.0,42.0,42.0,42.0,3000,126000.0,41.8175,41.571666666666665,39.81791666666666,0.04139538209673077,0.02446522096769762,0.01693016112903315
2026-01-19 11:33:00,41.85,41.85,41.85,41.85,3000,125550.0,41.81,41.589999999999996,39.83520833333333,0.042708544697433126,0.028113885713644725,0.014594658983788401
2026-01-19 11:34:00,42.0,42.0,41.85,41.85,6000,251850.0,41.802499999999995,41.601666666666674,39.853125,0.04325066873276029,0.031141242317467843,0.012109426415292446
2026-01-19 11:36:00,41.85,41.85,41.85,41.85,2000,83700.0,41.795,41.62166666666667,39.870625000000004,0.04318252467233208,0.0335494987884407,0.00963302588389138
2026-01-19 11:43:00,41.55,41.55,41.55,41.55,3,124.0,41.777499999999996,41.63666666666666,39.88729166666666,0.01870540297629475,0.03058067962601151,-0.01187527664971676
2026-01-19 11:52:00,41.55,41.55,41.55,41.55,620,25761.0,41.760000000000005,41.65416666666667,39.903749999999995,-0.0006849961072319388,0.02432754447936282,-0.02501254058659476
2026-01-19 11:56:00,41.55,41.9,41.5,41.65,16015,667077.0,41.7525,41.67583333333334,39.92041666666667,-0.007891890020452763,0.017883657579399703,-0.025775547599852466
2026-01-19 11:57:00,41.65,41.8,41.5,41.5,18310,762517.0,41.7325,41.6925,39.936458333333334,-0.025414192772736044,0.009224087508972552,-0.034638280281708594
2026-01-19 11:58:00,41.4,41.4,41.15,41.15,54295,2237868.0,41.6875,41.70583333333334,39.951249999999995,-0.0667731001396561,-0.005975350020753182,-0.06079775011890291
2026-01-19 12:03:00,41.0,41.35,41.0,41.35,1020,41821.0,41.6725,41.71083333333333,39.966249999999995,-0.08246143952809604,-0.02127256792222176,-0.06118887160587427
2026-01-19 12:04:00,41.3,41.3,41.0,41.0,14105,578721.0,41.6325,41.71,39.97895833333334,-0.12173336993753026,-0.04136472832528346,-0.0803686416122468
2026-01-19 12:05:00,40.85,40.85,40.85,40.85,2100,85785.0,41.582499999999996,41.705000000000005,39.991875,-0.16308051347839125,-0.06570788535590504,-0.09737262812248622
2026-01-19 12:07:00,40.85,40.85,40.85,40.85,2000,81700.0,41.525,41.70083333333333,40.003125,-0.19361653176849103,-0.09128961463842225,-0.10232691713006878
2026-01-19 12:08:00,41.15,41.15,41.15,41.15,1000,41150.0,41.502500000000005,41.70583333333333,40.01562499999999,-0.1914026824884374,-0.11131222820842529,-0.0800904542800121
2026-01-19 12:12:00,40.85,40.85,40.8,40.8,3003,122522.0,41.4825,41.6875,40.026875000000004,-0.21540718595861819,-0.1321312197584639,-0.08327596620015429
2026-01-19 12:18:00,40.65,40.65,40.65,40.65,2,81.0,41.434999999999995,41.669999999999995,40.03833333333333,-0.24372516234170405,-0.15445000827511193,-0.08927515406659212
2026-01-19 12:19:00,40.65,40.85,40.5,40.65,14140,574413.0,41.407500000000006,41.6475,40.05,-0.2631341163473593,-0.1761868298895614,-0.08694728645779787
2026-01-19 12:20:00,40.5,40.65,40.5,40.65,4000,162150.0,41.34,41.63583333333334,40.06166666666666,-0.2753418824048026,-0.1960178403926097,-0.07932404201219292
2026-01-19 12:21:00,40.7,40.7,40.7,40.7,30,1221.0,41.27499999999999,41.61333333333333,40.072291666666665,-0.27777996826286255,-0.21237026596666028,-0.06540970229620227
2026-01-19 12:24:00,40.35,40.35,40.35,40.35,1000,40350.0,41.1975,41.59666666666667,40.082708333333336,-0.30444479372700073,-0.23078517151872838,-0.07365962220827235
2026-01-19 12:25:00,40.35,40.35,40.35,40.35,1000,40350.0,41.114999999999995,41.56916666666667,40.093125,-0.32186658240999577,-0.24900145369698187,-0.0728651287130139
2026-01-19 12:28:00,40.5,40.5,40.5,40.5,3000,121500.0,41.0475,41.542500000000004,40.104166666666664,-0.31988232474100897,-0.2631776279057873,-0.05670469683522167
2026-01-19 12:29:00,40.65,40.65,40.35,40.35,4002,162530.0,40.972500000000004,41.513333333333335,40.11458333333333,-0.32664813625685696,-0.27587172957600126,-0.0507764066808557
2026-01-19 12:30:00,40.7,40.7,40.55,40.55,8000,325300.0,40.9075,41.48916666666667,40.12583333333334,-0.3122720838974047,-0.28315180044028193,-0.029120283457122753
2026-01-19 12:34:00,41.1,41.1,40.85,40.85,5100,209285.0,40.872499999999995,41.475833333333334,40.138124999999995,-0.2735185148534214,-0.2812251433229098,0.007706628469488441
2026-01-19 12:35:00,41.15,41.15,41.15,41.15,15,616.0,40.8525,41.46333333333334,40.151041666666664,-0.2161073879402906,-0.268201592246386,0.052094204306095404
2026-01-19 12:36:00,41.15,41.15,41.15,41.15,200,8230.0,40.8275,41.44916666666666,40.164791666666666,-0.1686643980460758,-0.24829415340632396,0.07962975536024816
2026-01-19 12:37:00,41.15,41.15,41.0,41.0,4000,164150.0,40.802499999999995,41.4325,40.178125,-0.14153767493184688,-0.22694285771142855,0.08540518277958167
2026-01-19 12:39:00,41.15,41.15,41.0,41.0,7100,292015.0,40.795,41.41583333333333,40.19104166666667,-0.1186715793303037,-0.20528860203520358,0.08661702270489988
2026-01-19 12:42:00,41.0,41.0,41.0,41.0,2000,82000.0,40.777499999999996,41.401666666666664,40.20458333333333,-0.09940416449342138,-0.18411171452684716,0.08470755003342578
2026-01-19 12:43:00,41.0,41.0,40.85,40.85,1002,41081.0,40.769999999999996,41.38250000000001,40.2175,-0.09514161253297004,-0.16631769412807176,0.07117608159510172
2026-01-19 12:44:00,40.85,41.1,40.6,40.6,15115,618819.0,40.7575,41.36333333333334,40.23020833333333,-0.11066079133850337,-0.1551863135701581,0.044525522231654735
2026-01-19 12:46:00,41.15,41.15,41.0,41.0,9000,369900.0,40.765,41.348333333333336,40.244375,-0.08964976856405826,-0.14207900456893816,0.05242923600487989
2026-01-19 12:56:00,41.15,41.5,41.15,41.5,1200,49450.0,40.7825,41.35333333333334,40.26083333333334,-0.032280451363980944,-0.12011929392794671,0.08783884256396576
2026-01-19 12:57:00,41.5,41.75,41.5,41.75,12000,499250.0,40.83,41.35,40.27729166666667,0.032977907711455146,-0.08949985360006633,0.12247776131152148
2026-01-19 12:58:00,41.95,41.95,41.6,41.95,2003,83675.0,40.895,41.36,40.295624999999994,0.09968485105875402,-0.05166291266830226,0.15134776372705627
2026-01-19 12:59:00,41.55,42.0,41.55,42.0,5502,230159.0,40.9625,41.36833333333333,40.313125,0.15480072005097867,-0.010370186124446063,0.16517090617542474
2026-01-19 13:00:00,42.0,42.0,41.7,41.85,9000,376500.0,41.0225,41.37916666666667,40.331041666666664,0.1842527459559804,0.02855440029163924,0.15569834566434115
2026-01-19 13:01:00,41.9,41.9,41.9,41.9,141,5907.0,41.0825,41.39083333333333,40.346666666666664,0.2092165526228058,0.06468683075787257,0.14452972186493324
2026-01-19 13:02:00,41.9,41.9,41.75,41.75,2010,84069.0,41.1525,41.38666666666666,40.361666666666665,0.21442504442588728,0.09463447349147552,0.11979057093441176
2026-01-19 13:03:00,41.9,41.9,41.75,41.9,5010,209468.0,41.230000000000004,41.3875,40.37854166666666,0.22802799333798163,0.12131317746077677,0.10671481587720485
2026-01-19 13:05:00,41.85,41.85,41.85,41.85,120,5022.0,41.2975,41.385,40.39541666666666,0.23209836079517743,0.14347021412765693,0.0886281466675205
2026-01-19 13:10:00,41.6,41.75,41.6,41.75,3100,129110.0,41.3675,41.380833333333335,40.41166666666666,0.22466519158590614,0.1597092096193068,0.06495598196659935
2026-01-19 13:12:00,41.4,41.4,41.4,41.4,5,207.0,41.410000000000004,41.37083333333333,40.42708333333333,0.18836096851213568,0.16543956139787258,0.022921407114263104
2026-01-19 13:13:00,41.4,41.6,41.05,41.05,13002,538282.0,41.42,41.35666666666667,40.44041666666667,0.12985069723197995,0.15832178856469406,-0.02847109133271411
2026-01-19 13:18:00,41.05,41.05,41.05,41.05,48,1970.0,41.415000000000006,41.342499999999994,40.454375,0.08252953657394357,0.14316333816654397,-0.0606338015926004
2026-01-19 13:21:00,41.5,41.5,41.5,41.5,1000,41500.0,41.432500000000005,41.3375,40.46916666666666,0.08041148151053079,0.13061296683534135,-0.05020148532481056
2026-01-19 13:22:00,41.05,41.05,41.05,41.05,102,4187.0,41.435,41.32333333333334,40.482083333333335,0.04193823060317925,0.11287801958890892,-0.07093978898572967
2026-01-19 13:24:00,41.05,41.2,40.85,40.85,21891,898113.0,41.4275,41.30333333333333,40.49416666666666,-0.004636974302613339,0.08937502081060446,-0.0940119951132178
2026-01-19 13:25:00,41.15,41.15,41.15,41.15,100,4115.0,41.435,41.295,40.50854166666667,-0.017143052513098667,0.06807140614586384,-0.0852144586589625
2026-01-19 13:26:00,40.85,40.85,40.85,40.85,1000,40850.0,41.435,41.27916666666667,40.52041666666666,-0.050677523447099304,0.04432162022727121,-0.09499914367437051
2026-01-19 13:27:00,40.85,40.9,40.85,40.9,3900,159460.0,41.45,41.263333333333335,40.532500000000006,-0.07238484371222853,0.020980327439371258,-0.09336517115159979
2026-01-19 13:28:00,40.75,40.9,40.75,40.9,11,448.0,41.445,41.245000000000005,40.545208333333335,-0.0885671049602692,-0.0009291590405568404,-0.08763794591971237
2026-01-19 13:29:00,40.75,40.75,40.75,40.75,1,40.0,41.4075,41.23083333333334,40.556666666666665,-0.1122020149983598,-0.023183730232117443,-0.08901828476624235
2026-01-19 13:33:00,41.0,41.0,40.85,41.0,7000,286850.0,41.37,41.2275,40.56916666666667,-0.10949771927324292,-0.040446528040342544,-0.06905119123290038
2026-01-19 13:35:00,41.9,41.9,41.9,41.9,2,83.0,41.36749999999999,41.232499999999995,40.58624999999999,-0.03433626000969525,-0.03922447443421309,0.004888214424517839
2026-01-19 13:37:00,40.85,40.85,40.85,40.85,1,40.0,41.309999999999995,41.226666666666674,40.598124999999996,-0.0588184641763263,-0.04314327238263574,-0.015675191793690563
2026-01-19 13:41:00,40.85,40.85,40.85,40.85,10,408.0,41.26,41.2075,40.61,-0.07732938237894871,-0.04998049438189834,-0.027348887997050368
2026-01-19 13:46:00,41.9,41.9,41.9,41.9,1,41.0,41.26,41.20583333333334,40.62625,-0.0071903082370781135,-0.0414224571529343,0.034232148915856186
2026-01-19 14:14:00,40.85,40.85,40.85,40.85,2,81.0,41.214999999999996,41.18833333333334,40.639375,-0.03591678509758367,-0.040321322741864174,0.004404537644280504
2026-01-19 14:30:00,41.0,41.0,40.85,40.85,10000,409550.0,41.1625,41.16916666666667,40.652499999999996,-0.05801397597007707,-0.04385985338750676,-0.01415412258257031
2026-01-19 14:38:00,41.0,41.0,41.0,41.0,500,20500.0,41.12,41.155,40.66645833333333,-0.06269965000442568,-0.047627812710890546,-0.015071837293535131
2026-01-19 14:43:00,40.6,40.6,40.6,40.6,6,243.0,41.0625,41.134166666666665,40.678125,-0.09756506812246357,-0.05761526379320516,-0.03994980432925841
2026-01-19 14:45:00,40.65,40.65,40.65,40.65,1000,40650.0,41.025,41.11416666666666,40.690416666666664,-0.11978082228191056,-0.07004837549094625,-0.04973244679096431
2026-01-19 14:50:00,41.0,41.0,41.0,41.0,101,4141.0,41.0225,41.105000000000004,40.70291666666666,-0.10790107614152333,-0.07761891562106167,-0.030282160520461662
2026-01-19 14:58:00,40.6,40.6,40.6,40.6,1000,40600.0,41.0,41.089166666666664,40.71375,-0.1292727727421621,-0.08794968704528176,-0.04132308569688033
2026-01-19 14:59:00,41.0,41.0,41.0,41.0,1,41.0,40.975,41.07833333333333,40.72625,-0.11263495358036835,-0.09288674035229909,-0.01974821322806926
2026-01-20 09:01:00,41.0,41.0,40.55,40.55,2722,110387.0,40.95,41.0625,40.7375,-0.13421347186010024,-0.10115208665385932,-0.033061385206240926
2026-01-20 09:02:00,40.0,40.0,39.85,39.85,8000,319700.0,40.9,41.04083333333333,40.74666666666666,-0.20543067596119613,-0.1220078045153267,-0.08342287144586943
2026-01-20 09:03:00,39.85,40.0,39.85,40.0,10000,399400.0,40.8425,41.01833333333333,40.75604166666666,-0.24692072845110147,-0.14699038930248168,-0.09993033914861979
2026-01-20 09:05:00,40.15,40.15,40.15,40.15,3000,120450.0,40.8075,41.00416666666667,40.766041666666666,-0.2646474564309216,-0.17052180272816966,-0.09412565370275192
2026-01-20 09:06:00,40.3,40.3,40.0,40.3,3010,121003.0,40.777499999999996,40.995,40.776041666666664,-0.2635541811281499,-0.18912827840816573,-0.07442590271998414
2026-01-20 09:10:00,40.0,40.0,40.0,40.0,500,20000.0,40.7325,40.98083333333333,40.78541666666667,-0.283625783883771,-0.2080277795032868,-0.07559800438048422
2026-01-20 09:11:00,40.15,40.15,40.15,40.15,150,6022.0,40.7025,40.964166666666664,40.794374999999995,-0.28415338394720635,-0.2232529003920707,-0.06090048355513564
2026-01-20 09:12:00,40.15,40.3,40.15,40.3,3150,126645.0,40.667500000000004,40.95583333333333,40.803958333333334,-0.26936271865277917,-0.23247486404421241,-0.03688785460856675
2026-01-20 09:13:00,40.15,40.15,40.15,40.15,1000,40150.0,40.58,40.947500000000005,40.812916666666666,-0.2666707419274772,-0.23931403962086542,-0.027356702306611774
2026-01-20 09:14:00,40.15,40.15,40.0,40.15,378,15150.0,40.545,40.939166666666665,40.822291666666665,-0.26152266053953355,-0.24375576380459907,-0.01776689673493448
2026-01-20 09:15:00,40.0,40.0,40.0,40.0,1000,40000.0,40.5025,40.92833333333333,40.830416666666665,-0.26647476018671057,-0.2482995630810214,-0.018175197105689156
2026-01-20 09:17:00,39.85,40.15,39.85,40.15,2247,89572.0,40.415,40.91916666666667,40.839999999999996,-0.25535204896797836,-0.24971006025841286,-0.005641988709565504
2026-01-20 09:18:00,40.0,40.1,40.0,40.1,3200,128020.0,40.3775,40.91499999999999,40.848749999999995,-0.24771628321007455,-0.24931130484874525,0.0015950216386707017
2026-01-20 09:19:00,40.1,40.1,40.1,40.1,2000,80200.0,40.339999999999996,40.910833333333336,40.857708333333335,-0.23891086806402484,-0.24723121749180121,0.008320349427776375
2026-01-20 09:21:00,40.15,40.15,40.0,40.0,6558,262965.0,40.29,40.9025,40.86604166666667,-0.23726661553577344,-0.2452382971005957,0.007971681564822253
2026-01-20 09:22:00,40.0,40.25,40.0,40.25,3124,125091.0,40.272499999999994,40.90083333333334,40.875625,-0.2133314705004068,-0.23885693178055795,0.02552546128015115
2026-01-20 09:23:00,40.5,40.5,40.5,40.5,14,567.0,40.265,40.9,40.885416666666664,-0.1722047161792446,-0.22552648866029532,0.05332177248105072
2026-01-20 09:24:00,40.0,40.0,40.0,40.0,1000,40000.0,40.214999999999996,40.88583333333334,40.89395833333333,-0.17790649309366557,-0.21600248954696938,0.038095996453303804
2026-01-20 09:25:00,40.0,40.0,40.0,40.0,2000,80000.0,40.184999999999995,40.86666666666667,40.901666666666664,-0.1803462728061831,-0.20887124619881214,0.02852497339262905
2026-01-20 09:26:00,40.15,40.15,40.15,40.15,4000,160600.0,40.1425,40.85,40.91,-0.16823674098201735,-0.20074434515545322,0.03250760417343587
2026-01-20 09:28:00,40.0,40.0,40.0,40.0,147,5880.0,40.114999999999995,40.833333333333336,40.91770833333333,-0.1687978001968986,-0.19435503616374233,0.025557235966843728
2026-01-20 09:29:00,40.5,40.5,40.0,40.0,2000,80500.0,40.122499999999995,40.81666666666667,40.925625,-0.1673137548501913,-0.18894677990103215,0.02163302505084086
2026-01-20 09:30:00,40.0,40.1,39.85,39.85,20000,798650.0,40.114999999999995,40.79750000000001,40.931875,-0.17621014376829436,-0.1863994526744846,0.010189308906190242
2026-01-20 09:31:00,39.85,40.0,39.35,39.35,69520,2762276.0,40.075,40.7725,40.936458333333334,-0.22105819612557553,-0.1933312013647028,-0.02772699476087273
2026-01-20 09:32:00,39.2,39.35,39.2,39.2,8050,315867.0,40.02,40.74916666666666,40.93875,-0.2656421893271457,-0.20779339895719137,-0.0578487903699543
2026-01-20 09:33:00,39.55,39.55,39.55,39.55,1000,39550.0,39.9975,40.725,40.9425,-0.2696251789941684,-0.22015975496458678,-0.049465424029581595
2026-01-20 09:34:00,39.55,39.55,39.0,39.0,8140,319467.0,39.94,40.68333333333333,40.9425,-0.313547747206286,-0.23883735341292667,-0.07471039379335931
2026-01-20 09:35:00,38.85,39.0,38.85,38.85,6320,245832.0,39.8675,40.635,40.94270833333333,-0.3563526340140015,-0.2623404095331417,-0.09401222448085983
2026-01-20 09:36:00,38.85,39.0,38.7,38.7,2110,81840.0,39.795,40.58083333333333,40.94229166666666,-0.39779403952984893,-0.2894311355324832,-0.10836290399736576
2026-01-20 09:37:00,38.85,38.85,38.5,38.5,15820,611849.0,39.7125,40.5225,40.93958333333333,-0.4416835277313851,-0.31988161397226356,-0.12180191375912153
2026-01-20 09:38:00,38.65,38.65,38.65,38.65,2000,77300.0,39.645,40.469166666666666,40.938958333333325,-0.45907063640516554,-0.34771941845884397,-0.11135121794632158
2026-01-20 09:41:00,38.65,38.8,38.65,38.8,10100,391265.0,39.5775,40.417500000000004,40.93895833333333,-0.45549562882587935,-0.3692746605322511,-0.08622096829362824
2026-01-20 09:42:00,38.65,38.65,38.65,38.65,3000,115950.0,39.505,40.365833333333335,40.93833333333334,-0.4594696755506362,-0.38731366353592817,-0.07215601201470806
2026-01-20 09:44:00,38.45,38.45,38.45,38.45,2000,76900.0,39.4225,40.30833333333333,40.93687499999999,-0.47330153921761564,-0.4045112386722657,-0.06879030054534996
2026-01-20 09:45:00,38.45,38.7,38.45,38.6,7210,278017.0,39.352500000000006,40.25416666666667,40.93458333333333,-0.4667789077405402,-0.4169647724859206,-0.049814135254619585
2026-01-20 09:47:00,38.65,38.65,38.65,38.65,1000,38650.0,39.2725,40.2025,40.9325,-0.4523605621930784,-0.4240439304273522,-0.028316631765726186
2026-01-20 09:48:00,38.85,38.85,38.4,38.6,12050,464880.0,39.1775,40.155833333333334,40.930416666666666,-0.43989763548560745,-0.4272146714390033,-0.012682964046604128
2026-01-20 09:49:00,38.35,38.5,38.35,38.5,24200,929600.0,39.102500000000006,40.11333333333333,40.92833333333333,-0.43309736372920327,-0.4283912098970433,-0.004706153832159943
2026-01-20 09:51:00,38.65,38.65,38.5,38.5,3010,116186.0,39.0275,40.07083333333333,40.926249999999996,-0.4228339329943651,-0.4272797545165077,0.004445821522142568
2026-01-20 09:53:00,38.5,38.5,38.5,38.5,170,6545.0,38.94500000000001,40.020833333333336,40.92229166666666,-0.40997416323921954,-0.4238186362610501,0.013844473021830561
2026-01-20 09:54:00,38.5,38.65,38.5,38.65,4010,154686.0,38.877500000000005,39.98083333333333,40.92083333333333,-0.3832609628528232,-0.41570710157940477,0.032446138726581586
2026-01-20 09:57:00,38.65,38.65,38.5,38.5,3500,135200.0,38.8025,39.94166666666667,40.9175,-0.36992998291644597,-0.406551677846813,0.036621694930367044
2026-01-20 09:58:00,38.8,38.8,38.8,38.8,200,7760.0,38.75,39.9025,40.916666666666664,-0.3313381327336202,-0.3915089688241745,0.06017083609055429
2026-01-20 09:59:00,38.8,38.8,38.8,38.8,1410,54708.0,38.722500000000004,39.86833333333333,40.915625,-0.2973264195392886,-0.37267245896719736,0.07534603942790874
2026-01-20 10:00:00,38.5,38.65,38.5,38.65,2000,77150.0,38.695,39.83083333333333,40.913958333333326,-0.27925654259740895,-0.35398927569323974,0.07473273309583078
2026-01-20 10:01:00,38.65,38.65,38.65,38.65,2000,77300.0,38.65,39.79333333333333,40.90791666666667,-0.2619168208612095,-0.3355747847268337,0.07365796386562423
2026-01-20 10:02:00,38.95,38.95,38.8,38.8,4000,155650.0,38.64,39.76083333333333,40.903125,-0.23338094974754142,-0.31513601773097527,0.08175506798343385
2026-01-20 10:05:00,39.15,39.15,39.0,39.0,5103,199467.0,38.647499999999994,39.72749999999999,40.899166666666666,-0.19240975785224634,-0.2905907657552295,0.09818100790298318
2026-01-20 10:07:00,39.15,39.15,39.0,39.0,5000,195450.0,38.6625,39.67916666666667,40.894375,-0.1581171173889473,-0.2640960360819731,0.10597891869302578
2026-01-20 10:12:00,39.3,39.3,39.15,39.15,6000,235350.0,38.695,39.65083333333333,40.890208333333334,-0.11748194759703523,-0.2347732183849855,0.11729127078795026
2026-01-20 10:15:00,39.15,39.15,39.0,39.0,5000,195300.0,38.71249999999999,39.62,40.88458333333333,-0.09627226245981291,-0.207073027199951,0.11080076474013809
2026-01-20 10:17:00,39.3,39.3,39.3,39.3,1000,39300.0,38.7375,39.57666666666667,40.87479166666667,-0.05462624404792393,-0.1765836705695456,0.12195742652162167
2026-01-20 10:18:00,39.3,39.3,39.3,39.3,1000,39300.0,38.769999999999996,39.55083333333333,40.86354166666667,-0.021375075844332514,-0.14554195162450298,0.12416687578017047
2026-01-20 10:19:00,39.3,39.3,39.3,39.3,100,3930.0,38.8125,39.525,40.84854166666666,0.004919999823385979,-0.11544956133492519,0.12036956115831117
2026-01-20 10:20:00,39.3,39.3,39.15,39.15,6000,235050.0,38.839999999999996,39.494166666666665,40.833125,0.013499674493829161,-0.08965971416917431,0.10315938866300348
2026-01-20 10:23:00,39.3,39.3,39.3,39.3,1,39.0,38.872499999999995,39.4725,40.81791666666666,0.03203361134966087,-0.06532104906540728,0.09735466041506816
2026-01-20 10:25:00,39.3,39.3,39.0,39.0,320,12546.0,38.8925,39.445,40.801458333333336,0.022257822717058673,-0.04780527470891409,0.07006309742597276
2026-01-20 10:26:00,39.15,39.15,39.15,39.15,1000,39150.0,38.925,39.41416666666667,40.78520833333333,0.026310890623513217,-0.03298204164242863,0.059292932265941845
2026-01-20 10:30:00,39.15,39.15,39.0,39.0,3000,117300.0,38.949999999999996,39.3875,40.766875,0.017220720001809298,-0.022941489313581042,0.04016220931539034
2026-01-20 10:50:00,38.55,38.8,38.55,38.8,1500,57950.0,38.964999999999996,39.350833333333334,40.749375,-0.006051872023761007,-0.019563565855617037,0.01351169383185603
2026-01-20 10:53:00,39.0,39.0,38.8,38.8,4000,155800.0,38.9725,39.321666666666665,40.732083333333335,-0.02421641709196365,-0.020494136102886362,-0.0037222809890772868
2026-01-20 10:55:00,39.15,39.15,39.15,39.15,1000,39150.0,39.004999999999995,39.309999999999995,40.716249999999995,-0.010251699785371216,-0.018445648839383332,0.008193949054012117
2026-01-20 11:03:00,38.85,39.0,38.85,39.0,5020,195330.0,39.015,39.29333333333333,40.69979166666666,-0.011159665430803045,-0.016988452157667276,0.005828786726864231
2026-01-20 11:15:00,38.8,38.8,38.8,38.8,2000,77600.0,39.015,39.270833333333336,40.68333333333333,-0.02769827480621956,-0.019130416687377735,-0.008567858118841823
2026-01-20 11:17:00,38.8,39.0,38.8,38.95,5050,196100.0,39.029999999999994,39.248333333333335,40.67041666666667,-0.02837441292307119,-0.02097921593451643,-0.007395196988554762
2026-01-20 11:19:00,38.65,38.85,38.5,38.8,11010,424638.0,39.0375,39.22833333333334,40.656875,-0.040546607596695594,-0.024892694266952266,-0.01565391332974333
2026-01-20 11:20:00,38.55,38.7,38.5,38.5,16165,623317.0,39.0225,39.200833333333335,40.64208333333333,-0.07355278168461155,-0.03462471175048413,-0.03892806993412742
2026-01-20 11:21:00,38.5,38.5,38.5,38.5,10100,388850.0,38.9975,39.170833333333334,40.62708333333333,-0.09857411144940187,-0.04741459169026768,-0.05115951975913419
2026-01-20 11:22:00,38.65,38.65,38.65,38.65,200,7730.0,38.980000000000004,39.14583333333333,40.615833333333335,-0.10508855372722081,-0.05894938409765832,-0.04613916962956249
2026-01-20 11:24:00,38.65,38.65,38.65,38.65,1000,38650.0,38.955,39.12083333333333,40.60187499999999,-0.10899487113888995,-0.06895848150590465,-0.040036389632985295
2026-01-20 11:27:00,38.65,38.65,38.65,38.65,200,7730.0,38.9375,39.098333333333336,40.590625,-0.11081326943989467,-0.07732943909270266,-0.033483830347192
2026-01-20 11:28:00,38.65,38.65,38.65,38.65,1000,38650.0,38.904999999999994,39.07333333333334,40.57875,-0.11097511119208292,-0.08405857351257873,-0.026916537679504193
2026-01-20 11:31:00,38.65,38.65,38.65,38.65,210,8116.0,38.8725,39.04916666666667,40.568958333333335,-0.1098372366538456,-0.0892143061408321,-0.02062293051301349
2026-01-20 11:33:00,38.65,38.65,38.65,38.65,2000,77300.0,38.839999999999996,39.02499999999999,40.56270833333334,-0.10769403310789727,-0.09291025153424515,-0.014783781573652122
2026-01-20 11:34:00,38.5,38.5,38.35,38.5,7020,269820.0,38.8075,38.99999999999999,40.55625,-0.11675341456781752,-0.09767888414095964,-0.019074530426857875
2026-01-20 11:45:00,38.5,38.5,38.5,38.5,100,3850.0,38.7675,38.970833333333324,40.54375,-0.1225206973119981,-0.10264724677516733,-0.019873450536830775
2026-01-20 11:46:00,38.25,38.4,38.25,38.3,6020,230518.0,38.7325,38.93416666666666,40.53041666666666,-0.14159739237012303,-0.11043727589415847,-0.03116011647596456
2026-01-20 11:47:00,38.2,38.35,38.2,38.35,3005,114791.0,38.6925,38.90666666666666,40.52333333333333,-0.15094127149122016,-0.11853807501357083,-0.03240319647764933
2026-01-20 11:48:00,38.1,38.3,38.0,38.0,32705,1246494.0,38.6425,38.87333333333333,40.50875,-0.18446207397650483,-0.13172287480615766,-0.05273919917034717
2026-01-20 11:49:00,38.15,38.15,38.0,38.0,5200,197930.0,38.6025,38.8375,40.494791666666664,-0.20862267906922938,-0.147102835658772,-0.06151984341045738
2026-01-20 11:52:00,37.85,38.0,37.85,38.0,5100,193485.0,38.5625,38.80416666666667,40.48041666666666,-0.22517446164536636,-0.1627171608560909,-0.06245730078927547
2026-01-20 11:54:00,38.15,38.15,37.85,37.85,3050,115457.0,38.4975,38.76833333333333,40.471875,-0.24754210370193164,-0.17968214942525906,-0.06785995427667257
2026-01-20 11:55:00,38.0,38.0,38.0,38.0,3300,125400.0,38.447500000000005,38.73749999999999,40.463541666666664,-0.25027980498612123,-0.19380168053743152,-0.056478124448689715
2026-01-20 11:58:00,37.85,38.0,37.85,38.0,9000,341100.0,38.4075,38.714999999999996,40.45520833333333,-0.2495725361348562,-0.2049558516569165,-0.044616684477939705
2026-01-20 11:59:00,38.0,38.0,38.0,38.0,8000,304000.0,38.36,38.695,40.44625,-0.24617427665155844,-0.2131995366558449,-0.03297473999571354
2026-01-20 12:00:00,37.85,37.85,37.85,37.85,2600,98410.0,38.3125,38.666666666666664,40.43729166666667,-0.25267222974412107,-0.22109407527350017,-0.0315781544706209
2026-01-20 12:01:00,38.0,38.0,37.85,37.85,3550,134462.0,38.279999999999994,38.6475,40.427708333333335,-0.2548837630246794,-0.22785201282373604,-0.027031750200943366
2026-01-20 12:03:00,37.7,37.85,37.65,37.7,20170,760928.0,38.239999999999995,38.62833333333333,40.41916666666667,-0.26567759949207215,-0.2354171301574033,-0.03026046933466886
2026-01-20 12:04:00,38.0,38.0,37.65,37.95,9008,339753.0,38.205,38.615833333333335,40.41104166666667,-0.2511636240805757,-0.2385664289420378,-0.012597195138537881
2026-01-20 12:05:00,37.95,37.95,37.5,37.5,11006,413177.0,38.1475,38.59916666666667,40.40166666666667,-0.2728274481988606,-0.2454186327934024,-0.027408815405458226
2026-01-20 12:06:00,37.65,37.65,37.3,37.3,8010,299576.0,38.08,38.57666666666667,40.39145833333334,-0.30264580101860616,-0.2568640664384432,-0.04578173458016299
2026-01-20 12:08:00,37.3,37.45,37.3,37.45,8000,298550.0,38.02,38.55416666666667,40.38187500000001,-0.3105929913928378,-0.2676098514293221,-0.042983139963515715
2026-01-20 12:09:00,37.5,37.5,37.45,37.45,2000,74950.0,37.959999999999994,38.534166666666664,40.370625,-0.3132799013282863,-0.27674386140911494,-0.03653603991917137
2026-01-20 12:10:00,37.45,37.45,37.3,37.3,4000,149350.0,37.8925,38.515,40.35875,-0.32378070083522914,-0.2861512292943378,-0.03762947154089136
2026-01-20 12:11:00,37.85,37.85,37.7,37.85,4050,152842.0,37.86,38.502500000000005,40.346875,-0.2844433705248832,-0.2858096575404469,0.001366287015563683
2026-01-20 12:13:00,37.25,37.25,37.25,37.25,2000,74500.0,37.7975,38.479166666666664,40.33166666666666,-0.2982452528113555,-0.28829677659462866,-0.009948476216726843
2026-01-20 12:16:00,37.25,37.4,37.25,37.3,6100,227540.0,37.7475,38.457499999999996,40.316875,-0.30167128306074886,-0.2909716778878527,-0.010699605172896143
2026-01-20 12:19:00,37.8,37.8,37.35,37.35,4070,153364.0,37.697500000000005,38.43833333333334,40.30229166666667,-0.2969290414263881,-0.2921631505955598,-0.00476589083082829
2026-01-20 12:21:00,37.35,37.8,37.35,37.5,5150,193592.0,37.6725,38.42166666666667,40.28812500000001,-0.277863991240757,-0.28930331872459925,0.011439327483842243
2026-01-20 12:24:00,37.15,37.85,37.15,37.7,9500,358775.0,37.6575,38.40833333333333,40.275625,-0.2438060289444337,-0.2802038607685661,0.03639783182413242
2026-01-20 12:25:00,37.7,37.7,37.7,37.7,2000,75400.0,37.6425,38.3925,40.263124999999995,-0.21434402396646846,-0.2670318934081466,0.05268786944167814
2026-01-20 12:29:00,37.7,37.7,37.7,37.7,1000,37700.0,37.635000000000005,38.37916666666667,40.252916666666664,-0.18881858959380082,-0.25138923264527746,0.06257064305147664
2026-01-20 12:37:00,38.1,38.1,37.85,37.85,4100,155935.0,37.6275,38.36333333333333,40.24249999999999,-0.1547024391355123,-0.2320518739433244,0.07734943480781212
2026-01-20 12:39:00,37.85,38.1,37.85,38.1,3000,114050.0,37.6325,38.35166666666667,40.232499999999995,-0.10626725072362575,-0.20689494929938468,0.10062769857575893
2026-01-20 12:40:00,37.35,37.35,37.35,37.35,2000,74700.0,37.6,38.33,40.218333333333334,-0.1269374905636198,-0.19090345755223173,0.06396596698861193
2026-01-20 12:42:00,37.35,37.5,37.35,37.5,3497,130986.0,37.582499999999996,38.31083333333333,40.20458333333333,-0.12971972986203184,-0.17866671201419176,0.048946982152159924
2026-01-20 12:45:00,37.35,37.35,37.35,37.35,200,7470.0,37.557500000000005,38.28666666666667,40.19020833333334,-0.14238707142219198,-0.1714107838957918,0.029023712473599833
2026-01-20 12:46:00,37.35,37.35,37.35,37.35,800,29880.0,37.540000000000006,38.25916666666667,40.174791666666664,-0.15068898208701853,-0.16726642353403717,0.016577441447018643
2026-01-20 12:51:00,37.35,37.5,37.15,37.4,7031,262462.0,37.5125,38.2325,40.15979166666667,-0.15148747070377055,-0.16411063296798387,0.012623162264213311
2026-01-20 12:56:00,37.5,37.5,37.5,37.5,100,3750.0,37.5125,38.205000000000005,40.145,-0.14240950627867477,-0.15977040763012207,0.0173609013514473
2026-01-20 12:57:00,37.4,37.4,37.4,37.4,2004,74949.0,37.5175,38.17833333333333,40.129375,-0.14165144860911028,-0.1561466158259197,0.014495167216809435
2026-01-20 12:59:00,37.25,37.25,37.25,37.25,1000,37250.0,37.5075,38.14416666666666,40.114583333333336,-0.15140907922573632,-0.15519910850588303,0.0037900292801467117
2026-01-20 13:00:00,37.25,37.4,37.25,37.4,5000,186700.0,37.505,38.1125,40.100625,-0.14536267495983424,-0.15323182179667327,0.007869146836839036
2026-01-20 13:02:00,38.0,38.0,38.0,38.0,1000,38000.0,37.54,38.09083333333333,40.089166666666664,-0.091105661076746,-0.14080658965268783,0.04970092857594183
2026-01-20 13:03:00,38.0,38.0,38.0,38.0,1016,38608.0,37.5475,38.071666666666665,40.077708333333334,-0.047558363463771514,-0.12215694441490457,0.07459858095113306
2026-01-20 13:05:00,38.0,38.0,38.0,38.0,1000,38000.0,37.585,38.05,40.06458333333333,-0.012898134696186503,-0.10030518247116098,0.08740704777497448
2026-01-20 13:10:00,38.0,38.0,38.0,38.0,20,760.0,37.62,38.03333333333333,40.05354166666667,0.014404302482937226,-0.07736328548034134,0.09176758796327857
2026-01-20 13:12:00,38.0,38.0,38.0,38.0,1000,38000.0,37.652499999999996,38.01416666666667,40.042500000000004,0.0356309492474054,-0.05476443853479199,0.09039538778219738
2026-01-20 13:13:00,38.0,38.05,38.0,38.05,5200,197655.0,37.67999999999999,37.998333333333335,40.032291666666666,0.055844066236687695,-0.032642737580496045,0.08848680381718374
2026-01-20 13:14:00,38.05,38.05,38.05,38.05,100,3805.0,37.697500000000005,37.985833333333325,40.022708333333334,0.07104415429111555,-0.011905359206173723,0.08294951349728927
2026-01-20 13:15:00,38.05,38.05,38.05,38.05,1000,38050.0,37.714999999999996,37.973333333333336,40.0125,0.08214343519654221,0.006904399674369469,0.07523903552217275
2026-01-20 13:16:00,37.9,38.05,37.9,38.05,9000,341550.0,37.7325,37.955000000000005,40.00291666666667,0.08990334547632983,0.02350418883476155,0.06639915664156829
2026-01-20 13:17:00,38.05,38.05,37.9,37.9,10000,379600.0,37.735,37.93666666666666,39.98979166666667,0.08299269574708745,0.035401890217226735,0.04759080552986072
2026-01-20 13:18:00,37.85,37.85,37.85,37.85,20,757.0,37.722500000000004,37.920833333333334,39.97645833333333,0.07264397934101652,0.0428503080419847,0.02979367129903182
2026-01-20 13:20:00,37.45,37.45,37.45,37.45,500,18725.0,37.7275,37.895833333333336,39.96104166666667,0.0317993271215542,0.0406401118578986,-0.0088407847363444
2026-01-20 13:21:00,37.75,37.75,37.75,37.75,1000,37750.0,37.739999999999995,37.87833333333333,39.94708333333333,0.02336776966047438,0.03718564341841376,-0.01381787375793938
2026-01-20 13:22:00,37.75,37.9,37.75,37.9,3000,113400.0,37.7675,37.86833333333333,39.93479166666666,0.0284613611691924,0.03544078696856949,-0.00697942579937709
2026-01-20 13:28:00,37.45,37.45,37.45,37.45,10,374.0,37.772499999999994,37.85083333333333,39.91625,-0.0037697151264808326,0.027598686549559423,-0.031368401676040256
2026-01-20 13:31:00,37.45,37.45,37.45,37.45,1000,37450.0,37.775,37.83083333333334,39.898541666666674,-0.028979023162953865,0.016283144607056762,-0.04526216777001063
2026-01-20 13:36:00,37.45,37.45,37.45,37.45,1000,37450.0,37.772499999999994,37.810833333333335,39.879583333333336,-0.04839966024950115,0.003346583635745176,-0.05174624388524633
2026-01-20 13:44:00,37.4,37.55,37.4,37.55,5000,187450.0,37.78,37.792500000000004,39.86375,-0.05508648804950411,-0.008340030701304684,-0.046746457348199426
2026-01-20 13:45:00,37.4,37.4,37.4,37.4,200,7480.0,37.7875,37.77166666666666,39.844375,-0.07166350141931588,-0.021004724844906928,-0.050658776574408954
2026-01-20 13:50:00,37.9,37.9,37.9,37.9,1000,37900.0,37.8125,37.759166666666665,39.830000000000005,-0.04394847199202445,-0.025593474274330435,-0.018354997717694017
2026-01-20 13:56:00,37.9,37.9,37.9,37.9,2000,75800.0,37.8075,37.74666666666667,39.812916666666666,-0.021733580309764022,-0.024821495481417155,0.003087915171653133
2026-01-20 14:28:00,37.4,37.4,37.4,37.4,1000,37400.0,37.777499999999996,37.72833333333334,39.79333333333333,-0.04396711440133316,-0.02865061926540036,-0.015316495135932803
2026-01-20 14:54:00,37.4,37.55,37.4,37.5,4450,166797.0,37.7525,37.71166666666667,39.774166666666666,-0.05290829222919058,-0.033502153858158405,-0.019406138371032174
2026-01-20 14:59:00,37.95,37.95,37.8,37.8,4000,151650.0,37.7425,37.70333333333333,39.75666666666667,-0.03537892110024643,-0.03387750730657601,-0.001501413793670421
2026-01-20 15:00:00,38.05,38.05,38.05,38.05,1,38.0,37.745,37.69833333333334,39.74166666666667,-0.0012988847901027611,-0.02736178280328136,0.026062898013178598
2026-01-21 09:04:00,38.05,38.05,38.0,38.0,2400,91315.0,37.74249999999999,37.69833333333334,39.72541666666667,0.021428196476136918,-0.0176037869473977,0.039031983423534616
2026-01-21 09:05:00,38.0,38.0,37.5,38.0,4667,177311.0,37.739999999999995,37.69833333333334,39.70875,0.038990118306081456,-0.006285005896701868,0.045275124202783325
2026-01-21 09:07:00,37.45,37.45,37.45,37.45,15,561.0,37.71,37.689166666666665,39.68979166666667,0.008430483063946781,-0.003341908104572138,0.01177239116851892
2026-01-21 09:08:00,37.45,37.6,37.45,37.6,3000,112500.0,37.6875,37.68500000000001,39.67145833333334,-0.0036425130153787677,-0.003402029086733464,-0.00024048392864530355
2026-01-21 09:09:00,37.6,37.6,37.35,37.35,4000,150000.0,37.66,37.67416666666667,39.65270833333333,-0.03300292290071383,-0.00932220784952954,-0.023680715051184287
2026-01-21 09:10:00,37.35,37.5,37.2,37.2,17150,639907.0,37.6275,37.660833333333336,39.63270833333333,-0.06759580331912929,-0.020976926943449496,-0.046618876375679796
2026-01-21 09:11:00,37.05,37.35,37.05,37.2,5600,208230.0,37.615,37.64750000000001,39.61375,-0.09392816486268174,-0.03556717452729595,-0.05836099033538579
2026-01-21 09:12:00,37.2,37.2,37.0,37.2,2688,99893.0,37.5875,37.63666666666666,39.594166666666666,-0.11348852601660298,-0.05115144482515736,-0.06233708119144561
2026-01-21 09:13:00,37.2,37.2,36.85,37.0,19000,701700.0,37.542500000000004,37.622499999999995,39.57666666666667,-0.14347469471536556,-0.06961609480319901,-0.07385859991216655
2026-01-21 09:14:00,36.8,37.05,36.8,36.85,5360,198120.0,37.5125,37.608333333333334,39.555416666666666,-0.1772989044398514,-0.0911526567305295,-0.08614624770932192
2026-01-21 09:15:00,37.35,37.35,37.35,37.35,33,1232.0,37.5075,37.59833333333333,39.53875000000001,-0.16189281343265804,-0.10530068807095522,-0.05659212536170283
2026-01-21 09:16:00,37.35,37.35,37.35,37.35,1000,37350.0,37.502500000000005,37.59583333333333,39.52145833333334,-0.14797758186368526,-0.11383606682950125,-0.034141515034184014
2026-01-21 09:17:00,37.35,37.5,37.2,37.3,24215,905801.0,37.489999999999995,37.59583333333333,39.505208333333336,-0.13937758468727424,-0.11894437040105585,-0.020433214286218387
2026-01-21 09:18:00,37.45,38.15,37.45,38.0,5201,197578.0,37.519999999999996,37.605,39.491875,-0.07521089077769005,-0.1101976744763827,0.03498678369869265
2026-01-21 09:19:00,38.05,38.15,38.05,38.15,1301,49533.0,37.5325,37.61666666666667,39.47583333333333,-0.012114923859606108,-0.09058112435302738,0.07846620049342128
2026-01-21 09:20:00,37.4,38.15,37.4,38.15,2000,75550.0,37.545,37.630833333333335,39.46041666666667,0.03745730006605896,-0.06497343946921011,0.10243073953526907
2026-01-21 09:21:00,38.15,38.2,38.0,38.05,7000,266600.0,37.5775,37.634166666666665,39.443958333333335,0.06789186524923707,-0.03840037852552067,0.10629224377475774
2026-01-21 09:22:00,38.85,38.85,38.15,38.15,251,9575.0,37.61,37.649166666666666,39.42791666666667,0.09894012155800169,-0.010932278508816189,0.10987240006681788
2026-01-21 09:23:00,38.15,38.15,38.15,38.15,1000,38150.0,37.6275,37.663333333333334,39.411875,0.12213815574227027,0.015681808341401114,0.10645634740086915
2026-01-21 09:25:00,37.4,37.4,37.4,37.4,15,561.0,37.595,37.66416666666667,39.39312499999999,0.07909230610610507,0.02836390789434191,0.05072839821176316
2026-01-21 09:26:00,37.4,37.4,37.4,37.4,1000,37400.0,37.565000000000005,37.6625,39.374375,0.04446558851530824,0.03158424401853518,0.012881344496773063
2026-01-21 09:28:00,38.15,38.15,38.15,38.15,1001,38188.0,37.572500000000005,37.669999999999995,39.35916666666667,0.07665872329727108,0.04059913987428236,0.03605958342298872
2026-01-21 09:29:00,38.15,38.15,38.15,38.15,200,7630.0,37.6075,37.6775,39.34354166666667,0.10100766110880954,0.05268084412118781,0.048326816987621736
2026-01-21 09:31:00,38.0,38.2,38.0,38.2,3001,114038.0,37.6375,37.685833333333335,39.3275,0.1229219837690323,0.06672907205075672,0.056192911718275576
2026-01-21 09:35:00,38.15,38.15,38.15,38.15,410,15641.0,37.6775,37.69083333333333,39.312916666666666,0.1347019005681318,0.08032363775423174,0.05437826281390007
2026-01-21 09:36:00,38.15,38.15,38.15,38.15,50,1907.0,37.725,37.69166666666667,39.29770833333334,0.1423961157176521,0.09273813334691582,0.04965798237073628
2026-01-21 09:37:00,38.15,38.15,38.15,38.15,1,38.0,37.772499999999994,37.705000000000005,39.282291666666666,0.1468015992026821,0.10355082651806907,0.043250772684613026
2026-01-21 09:41:00,38.15,38.15,38.15,38.15,1000,38150.0,37.82,37.715833333333336,39.26625,0.1485802361302433,0.11255670844050393,0.03602352768973936
2026-01-21 09:45:00,37.55,37.55,37.55,37.55,1000,37550.0,37.847500000000004,37.71916666666666,39.249375,0.10041728516316795,0.11012882378503674,-0.009711538621868798
2026-01-21 09:47:00,37.55,37.7,37.55,37.7,2000,75250.0,37.89,37.725,39.23479166666666,0.07350423485947033,0.10280390599992348,-0.02929967114045315
2026-01-21 09:48:00,38.1,38.1,38.1,38.1,1,38.0,37.927499999999995,37.736666666666665,39.22020833333333,0.08348968849777805,0.0989410624994944,-0.015451374001716353
2026-01-21 09:49:00,38.1,38.1,38.1,38.1,1000,38100.0,37.964999999999996,37.74666666666666,39.20729166666667,0.09036160016884054,0.09722517003336364,-0.006863569864523106
2026-01-21 09:54:00,38.1,38.1,38.1,38.1,50,1905.0,38.005,37.75833333333333,39.19104166666667,0.0947158147240188,0.09672329897149469,-0.002007484247475891
2026-01-21 09:57:00,38.1,38.1,38.0,38.0,5000,190300.0,38.005,37.770833333333336,39.174375000000005,0.08907064590287206,0.09519276835777017,-0.006122122454898113
2026-01-21 09:58:00,38.15,38.15,38.15,38.15,2,76.0,38.005,37.78333333333333,39.158750000000005,0.09559855470791945,0.09527392562780004,0.00032462908011940406
2026-01-21 10:03:00,37.4,37.55,37.4,37.55,3050,114077.0,37.975,37.77583333333334,39.140208333333334,0.05176032309127265,0.08657120512049457,-0.03481088202922192
2026-01-21 10:07:00,38.15,38.15,38.15,38.15,2,76.0,37.980000000000004,37.778333333333336,39.12479166666667,0.06468751686066554,0.08219446746852878,-0.01750695060786324
2026-01-21 10:08:00,38.15,38.15,38.15,38.15,10,381.0,37.980000000000004,37.780833333333334,39.109375,0.07407848044796594,0.08057127006441622,-0.0064927896164502785
2026-01-21 10:09:00,37.55,38.15,37.55,38.15,111,4174.0,37.980000000000004,37.78333333333333,39.09395833333333,0.08059187379473798,0.08057539081048058,1.6482984257396027e-05
2026-01-21 10:11:00,38.15,38.15,38.15,38.15,10,381.0,38.0175,37.785833333333336,39.079791666666665,0.08477653383798867,0.0814156194159822,0.003360914422006464
2026-01-21 10:14:00,38.15,38.15,38.0,38.15,4002,152226.0,38.05499999999999,37.7875,39.065625,0.08708899929822422,0.08255029539243061,0.004538703905793612
2026-01-21 10:16:00,37.55,37.7,37.55,37.65,3400,127870.0,38.029999999999994,37.78083333333334,39.04895833333333,0.048022252871923854,0.07564468688832926,-0.027622434016405406
2026-01-21 10:17:00,37.65,37.65,37.65,37.65,100,3765.0,38.005,37.774166666666666,39.032916666666665,0.016867140966745353,0.06388917770401248,-0.047022036737267126
2026-01-21 10:21:00,37.65,38.1,37.5,38.1,3601,135128.0,38.0,37.775,39.020208333333336,0.02816308302431736,0.056743958768073456,-0.028580875743756097
2026-01-21 10:31:00,37.5,37.65,37.5,37.65,2000,75150.0,37.975,37.770833333333336,39.00479166666666,0.0007947973654438556,0.04555412648754754,-0.04475932912210368
2026-01-21 10:32:00,37.65,37.65,37.65,37.65,20,753.0,37.95,37.7675,38.99083333333333,-0.020656649203367294,0.032311971349364574,-0.05296862055273187
2026-01-21 10:33:00,37.4,37.4,37.4,37.4,3000,112200.0,37.9125,37.766666666666666,38.97645833333333,-0.057170954643851246,0.014415386150721406,-0.07158634079457266
2026-01-21 10:34:00,37.65,37.65,37.35,37.55,10270,384105.0,37.8825,37.763333333333335,38.96270833333334,-0.07316169589045529,-0.0031000302575139383,-0.07006166563294135
2026-01-21 10:35:00,37.55,37.55,37.55,37.55,1000,37550.0,37.8825,37.7575,38.94770833333334,-0.08485630289687407,-0.01945128478538597,-0.0654050181114881
2026-01-21 10:37:00,37.55,37.55,37.4,37.5,7000,262200.0,37.8725,37.75833333333333,38.93395833333333,-0.0970403248774403,-0.03496909280379684,-0.062071232073643456
2026-01-21 10:38:00,37.55,37.55,37.55,37.55,1000,37550.0,37.845,37.76,38.92104166666666,-0.10149173440776593,-0.04827362112459067,-0.053218113283175265
2026-01-21 10:39:00,37.55,37.55,37.55,37.55,1000,37550.0,37.8175,37.76166666666666,38.908125000000005,-0.10382270501519741,-0.05938343790271202,-0.044439267112485394
2026-01-21 10:40:00,37.4,37.55,37.4,37.55,3005,112387.0,37.79,37.76166666666666,38.895208333333336,-0.10446579930859912,-0.06839991018388945,-0.03606588912470966
2026-01-21 10:42:00,37.4,37.55,37.35,37.35,11005,411187.0,37.7575,37.76083333333334,38.88125,-0.11973357062896639,-0.07866664227290485,-0.041066928356061544
2026-01-21 10:43:00,37.5,37.5,37.45,37.45,29040,1088847.0,37.7225,37.75333333333334,38.869166666666665,-0.122353806613539,-0.08740407514103168,-0.03494973147250732
2026-01-21 10:45:00,37.3,37.3,37.3,37.3,2000,74600.0,37.71,37.74333333333333,38.85645833333333,-0.13497816464574441,-0.09691889304197424,-0.03805927160377018
2026-01-21 10:46:00,37.3,37.3,37.3,37.3,3000,111900.0,37.6675,37.74166666666667,38.84312499999999,-0.1433308307433876,-0.10620128058225692,-0.037129550161130676
2026-01-21 10:47:00,37.3,37.3,37.3,37.3,20,746.0,37.625,37.73833333333333,38.83041666666667,-0.1482415425778001,-0.11460933298136557,-0.03363220959643452
2026-01-21 10:48:00,37.15,37.15,37.15,37.15,3000,111450.0,37.575,37.7275,38.81625,-0.162365416036927,-0.12416054959247787,-0.038204866444449134
2026-01-21 10:51:00,37.3,37.3,37.0,37.2,5415,200908.0,37.527499999999996,37.71333333333334,38.80104166666667,-0.16759220674094877,-0.13284688102217207,-0.0347453257187767
2026-01-21 10:52:00,37.0,37.4,37.0,37.35,5430,201726.0,37.4875,37.7025,38.78520833333333,-0.1578115760191352,-0.1378398200215647,-0.019971755997570506
2026-01-21 10:53:00,37.35,37.35,37.0,37.35,7000,260200.0,37.4725,37.69166666666667,38.769375,-0.14835026618273162,-0.1399419092537981,-0.00840835692893352
2026-01-21 10:54:00,37.35,37.4,37.35,37.4,2200,82180.0,37.459999999999994,37.69083333333334,38.754374999999996,-0.1352583537333274,-0.13900519814970397,0.0037468444163765713
2026-01-21 10:55:00,37.4,37.4,37.4,37.4,1000,37400.0,37.425,37.6875,38.739375,-0.12345975162928369,-0.13589610884561992,0.012436357216336236
2026-01-21 10:56:00,37.25,37.25,37.25,37.25,1000,37250.0,37.404999999999994,37.685833333333335,38.72375,-0.12477469583119216,-0.13367182624273438,0.00889713041154222
2026-01-21 10:58:00,37.45,37.45,37.45,37.45,1000,37450.0,37.394999999999996,37.690000000000005,38.70958333333333,-0.10842857295996566,-0.12862317558618064,0.020194602626214975
2026-01-21 10:59:00,37.45,37.45,37.45,37.45,700,26215.0,37.3975,37.69416666666666,38.69645833333333,-0.09438612828353854,-0.12177576612565222,0.02738963784211368
2026-01-21 11:00:00,37.45,37.45,37.45,37.45,200,7490.0,37.3925,37.69833333333334,38.68166666666666,-0.08230858754521364,-0.11388233040956453,0.031573742864350884
2026-01-21 11:01:00,37.45,37.45,37.45,37.45,17,636.0,37.3875,37.70583333333333,38.664791666666666,-0.07190813725113543,-0.10548749177787872,0.033579354526743294
2026-01-21 11:03:00,37.45,37.45,37.45,37.45,1000,37450.0,37.385,37.715833333333336,38.646875,-0.06294017035690302,-0.09697802749368359,0.034037857136780564
2026-01-21 11:06:00,37.6,37.6,37.45,37.45,4000,150250.0,37.38,37.7175,38.628125,-0.05519671856961139,-0.08862176570886916,0.03342504713925777
2026-01-21 11:10:00,38.15,38.15,38.15,38.15,1,38.0,37.41,37.73083333333333,38.61208333333333,0.007339566660547803,-0.06942949923498577,0.07676906589553358
2026-01-21 11:16:00,37.35,37.35,37.35,37.35,2000,74700.0,37.4,37.73166666666667,38.593333333333334,-0.0075660738760632285,-0.05705681416320126,0.049490740287138034
2026-01-21 11:23:00,37.5,37.5,37.5,37.5,10,375.0,37.4075,37.723333333333336,38.575,-0.007192247243764882,-0.047083900779313986,0.039891653535549104
2026-01-21 11:25:00,37.3,37.45,37.3,37.45,3100,115645.0,37.407500000000006,37.711666666666666,38.55708333333334,-0.010806004187188023,-0.0398283214608888,0.029022317273700776
2026-01-21 11:28:00,37.45,37.45,37.45,37.45,2000,74900.0,37.415,37.7,38.53854166666667,-0.013514149892863259,-0.03456548714728369,0.021051337254420432
2026-01-21 11:31:00,37.45,37.45,37.3,37.3,190,7102.0,37.415000000000006,37.6875,38.51958333333334,-0.02744772103101667,-0.03314193392403029,0.0056942128930136185
2026-01-21 11:34:00,37.6,37.6,37.6,37.6,2,75.0,37.42999999999999,37.678333333333335,38.50229166666667,-0.014119918121807018,-0.029337530763585633,0.015217612641778615
2026-01-21 11:37:00,37.6,37.6,37.6,37.6,1000,37600.0,37.4525,37.66916666666667,38.48645833333333,-0.0035169965476740117,-0.02417342392040331,0.020656427372729297
2026-01-21 11:38:00,37.6,37.6,37.6,37.6,1,37.0,37.472500000000004,37.6725,38.47208333333333,0.00483021547249507,-0.018372696041823632,0.023202911514318702
2026-01-21 11:42:00,37.3,37.3,37.3,37.3,100,3730.0,37.470000000000006,37.670833333333334,38.45645833333334,-0.012616615172362344,-0.017221479867931374,0.00460486469556903
2026-01-21 11:44:00,37.3,37.3,37.3,37.3,1000,37300.0,37.4675,37.656666666666666,38.43895833333333,-0.026142005390731526,-0.019005584972491406,-0.007136420418240121
2026-01-21 11:46:00,37.3,37.3,37.3,37.3,1000,37300.0,37.4625,37.642500000000005,38.423333333333325,-0.03644090649753906,-0.02249264927750094,-0.013948257220038122
2026-01-21 11:53:00,37.45,38.15,37.45,38.15,3001,112388.0,37.5,37.641666666666666,38.41208333333334,0.023711702680856206,-0.01325177888582951,0.03696348156668572
2026-01-21 12:11:00,37.3,37.3,37.3,37.3,1000,37300.0,37.502500000000005,37.627500000000005,38.39604166666666,0.002763328644782348,-0.010048757379707137,0.012812086024489485
2026-01-21 12:13:00,37.35,37.5,37.35,37.5,3000,112200.0,37.505,37.61666666666667,38.382083333333334,0.0022737099140144323,-0.007584263920962823,0.009857973834977257
2026-01-21 12:18:00,38.1,38.1,38.1,38.1,1,38.0,37.5375,37.61583333333333,38.370416666666664,0.04972744213447555,0.0038780772901248553,0.0458493648443507
2026-01-21 12:22:00,37.3,37.5,37.3,37.4,3100,115750.0,37.535000000000004,37.60333333333333,38.35583333333333,0.03049914182703617,0.00920229019750712,0.02129685162952905
2026-01-21 12:23:00,37.3,37.3,37.1,37.2,11150,414845.0,37.522499999999994,37.597500000000004,38.34104166666667,-0.0008677503434881828,0.007188282089308059,-0.008056032432796241
2026-01-21 12:24:00,37.05,37.2,37.0,37.0,10218,378339.0,37.5,37.58583333333333,38.324375,-0.04138747782359786,-0.0025268698932731284,-0.03886060793032473
2026-01-21 12:25:00,36.95,37.0,36.95,37.0,7000,258850.0,37.4775,37.5675,38.303958333333334,-0.07266205088838262,-0.016553906092295033,-0.05610814479608759
2026-01-21 12:29:00,37.05,37.05,37.05,37.05,2000,74100.0,37.4225,37.55,38.288125,-0.0923482599745924,-0.03171277686875451,-0.060635483105837884
2026-01-21 12:30:00,36.85,36.85,36.85,36.85,9000,331650.0,37.3975,37.52916666666667,38.271458333333335,-0.12267394219342265,-0.04990500993368815,-0.07276893225973449
2026-01-21 12:31:00,36.95,36.95,36.95,36.95,1206,44561.0,37.37,37.51166666666667,38.250833333333325,-0.13705817820882515,-0.06733564358871556,-0.06972253462010959
2026-01-21 12:32:00,36.7,36.85,36.7,36.7,36020,1323587.0,37.332499999999996,37.4875,38.23354166666666,-0.16670898217292063,-0.08721031130555658,-0.07949867086736405
2026-01-21 12:33:00,36.95,36.95,36.8,36.8,7130,262549.0,37.3,37.475,38.21666666666667,-0.18006264360151647,-0.10578077776474856,-0.07428186583676791
2026-01-21 12:34:00,37.05,37.15,37.05,37.15,10,370.0,37.2925,37.458333333333336,38.20062500000001,-0.16055269009284245,-0.11673516023036735,-0.0438175298624751
2026-01-21 12:35:00,37.15,37.15,37.15,37.15,10,370.0,37.27,37.44166666666667,38.18625,-0.1434374536961016,-0.12207561892351422,-0.021361834772587393
2026-01-21 12:37:00,37.15,37.15,37.15,37.15,1000,37150.0,37.2475,37.425,38.17166666666667,-0.12839346559385945,-0.12333918825758328,-0.0050542773362761695
2026-01-21 12:38:00,37.15,37.15,37.15,37.15,100,3715.0,37.225,37.40833333333333,38.155625,-0.11514369183177564,-0.12170008897242177,0.006556397140646125
2026-01-21 12:39:00,36.7,36.7,36.7,36.7,200,7340.0,37.19500000000001,37.384166666666665,38.139375,-0.1393480720257898,-0.12522968558309538,-0.01411838644269442
2026-01-21 12:40:00,37.15,37.15,37.15,37.15,5,185.0,37.1875,37.375833333333325,38.123333333333335,-0.12082616964758586,-0.12434898239599348,0.0035228127484076277
2026-01-21 12:41:00,36.9,36.9,36.85,36.85,2055,75729.0,37.165000000000006,37.3625,38.10791666666667,-0.1288693951957427,-0.12525306495594335,-0.003616330239799348
2026-01-21 12:44:00,36.7,36.7,36.7,36.7,1000,36700.0,37.0925,37.339166666666664,38.094791666666666,-0.14566828250332264,-0.1293361084654192,-0.016332174037903435
2026-01-21 12:45:00,36.7,36.7,36.7,36.7,1000,36700.0,37.0625,37.32333333333334,38.08104166666667,-0.15716976649070347,-0.13490284007047607,-0.0222669264202274
2026-01-21 12:46:00,36.85,36.85,36.85,36.85,10,368.0,37.03,37.309999999999995,38.06729166666666,-0.15242398025300474,-0.1384070681069818,-0.014016912146022936
2026-01-21 12:48:00,36.85,36.85,36.8,36.8,3000,110500.0,36.964999999999996,37.3,38.052708333333335,-0.15095735023483314,-0.1409171245325521,-0.010040225702281053
2026-01-21 12:50:00,37.25,37.25,37.25,37.25,1,37.0,36.957499999999996,37.294999999999995,38.04125,-0.11219053355124942,-0.13517180633629156,0.02298127278504214
2026-01-21 12:55:00,37.25,37.25,36.7,37.0,7024,260038.0,36.947500000000005,37.285833333333336,38.028125,-0.10048216682136513,-0.12823387843330628,0.02775171161194115
2026-01-21 12:56:00,37.25,37.25,37.25,37.25,2000,74500.0,36.96,37.281666666666666,38.01541666666666,-0.07022082916324024,-0.11663126857929307,0.04641043941605283
2026-01-21 12:58:00,36.7,36.7,36.7,36.7,100,3670.0,36.94500000000001,37.2675,38.001041666666666,-0.0895862104377727,-0.11122225695098902,0.02163604651321631
2026-01-21 12:59:00,36.7,36.7,36.7,36.7,1000,36700.0,36.927499999999995,37.25333333333334,37.986666666666665,-0.10373759222907353,-0.10972532400660592,0.005987731777532396
2026-01-21 13:13:00,36.65,36.65,36.65,36.65,5000,183250.0,36.9175,37.23833333333334,37.97270833333334,-0.11763126637063692,-0.11130651247941215,-0.006324753891224777
2026-01-21 13:14:00,36.65,36.65,36.65,36.65,500,18325.0,36.9025,37.22666666666667,37.958125,-0.1271760963519739,-0.11448042925392451,-0.012695667098049396
2026-01-21 13:15:00,36.8,36.8,36.7,36.7,4105,150764.0,36.902499999999996,37.214166666666664,37.94395833333333,-0.12921633526780596,-0.11742761045670082,-0.011788724811105142
2026-01-21 13:18:00,36.75,36.75,36.6,36.6,7000,256950.0,36.8925,37.2025,37.929375,-0.1373194701988183,-0.12140598240512432,-0.015913487793693976
2026-01-21 13:21:00,36.85,36.85,36.7,36.7,6100,224620.0,36.870000000000005,37.192499999999995,37.915625,-0.1341259779630164,-0.12394998151670275,-0.010175996446313645
2026-01-21 13:24:00,37.15,37.15,37.15,37.15,1000,37150.0,36.87,37.190000000000005,37.90270833333333,-0.09419801706074082,-0.11799958862551038,0.023801571564769558
2026-01-21 13:25:00,36.6,36.6,36.6,36.6,1000,36600.0,36.8425,37.18083333333333,37.88645833333333,-0.10571658880897417,-0.11554298866220315,0.009826399853228987
2026-01-21 13:29:00,36.6,36.75,36.6,36.75,10100,370410.0,36.822500000000005,37.173333333333325,37.87291666666667,-0.10157055141731774,-0.11274850121322608,0.011177949795908332
2026-01-21 13:34:00,37.15,37.15,37.15,37.15,5,185.0,36.845,37.169999999999995,37.861041666666665,-0.06525590045329466,-0.10324998106123981,0.03799408060794515
2026-01-21 13:36:00,36.55,36.55,36.55,36.55,1000,36550.0,36.815,37.156666666666666,37.846041666666665,-0.08392384171563094,-0.09938475319211805,0.015460911476487108
2026-01-21 13:37:00,37.15,37.15,37.15,37.15,3,111.0,36.83,37.1525,37.83416666666667,-0.04973007670217555,-0.08945381789412955,0.039723741191954
2026-01-21 13:41:00,36.55,36.55,36.55,36.55,2000,73100.0,36.822500000000005,37.13833333333333,37.81979166666667,-0.07023661321070307,-0.08561037695744426,0.015373763746741195
2026-01-21 13:42:00,36.9,37.15,36.55,37.15,4082,149665.0,36.845,37.13666666666666,37.80854166666666,-0.03763932286027938,-0.07601616613801129,0.038376843277731915
2026-01-21 13:48:00,36.55,36.55,36.55,36.55,3000,109650.0,36.83,37.12166666666667,37.796875,-0.05953444497478699,-0.07271982190536644,0.013185376930579445
2026-01-21 13:49:00,37.15,37.15,37.15,37.15,3,111.0,36.847500000000004,37.11666666666667,37.788333333333334,-0.028147039851120326,-0.06380526549451722,0.03565822564339689
2026-01-21 13:53:00,37.15,37.3,37.0,37.3,8002,296524.0,36.85,37.11416666666666,37.77895833333333,0.008730807922141537,-0.04929805081118547,0.058028858733327006
2026-01-21 14:13:00,37.3,37.3,37.3,37.3,3,111.0,36.864999999999995,37.11166666666667,37.771875,0.03752421221262381,-0.031933598206423615,0.06945781041904742
2026-01-21 14:17:00,36.85,36.85,36.85,36.85,1000,36850.0,36.845,37.10166666666667,37.76354166666667,0.023758084950607383,-0.020795261575017415,0.0445533465256248
2026-01-21 14:18:00,37.0,37.0,37.0,37.0,1000,37000.0,36.86,37.094166666666666,37.75645833333333,0.024667722167535544,-0.011702664826506821,0.03637038699404237
2026-01-21 14:20:00,37.3,37.3,37.3,37.3,3,111.0,36.89,37.08,37.75145833333333,0.04903091118743674,0.00044405037628189505,0.04858686081115485
2026-01-21 14:24:00,37.3,37.3,37.3,37.3,30,1119.0,36.9225,37.079166666666666,37.74583333333333,0.06756012297012148,0.013867264895049818,0.05369285807507167
2026-01-21 14:36:00,37.3,37.3,37.3,37.3,2000,74600.0,36.955,37.075833333333335,37.739583333333336,0.08130739575747015,0.027355291067533892,0.053952104689936255
2026-01-21 14:37:00,37.3,37.3,37.3,37.3,1000,37300.0,36.985,37.07333333333334,37.733958333333334,0.09115147106655996,0.04011452706733912,0.051036943999220846
2026-01-21 14:38:00,37.15,37.15,37.15,37.15,1000,37150.0,37.0125,37.068333333333335,37.728541666666665,0.08585949051309427,0.049263519756490154,0.03659597075660412
2026-01-21 14:39:00,37.35,37.35,37.35,37.35,2,74.0,37.045,37.06916666666667,37.723333333333336,0.09668931212490861,0.05874867823017386,0.03794063389473475
2026-01-21 14:53:00,36.6,36.6,36.6,36.6,1,36.0,37.0175,37.052499999999995,37.71479166666667,0.0442432827652155,0.05584759913718219,-0.01160431637196669
2026-01-21 14:57:00,37.3,37.3,37.3,37.3,2,74.0,37.052499999999995,37.0475,37.709375,0.05848934770830283,0.056375948851406316,0.0021133988568965145
2026-01-22 09:01:00,37.3,37.3,36.9,36.9,1026,37869.0,37.059999999999995,37.035833333333336,37.702708333333334,0.03707541741917453,0.05251584256495997,-0.01544042514578544
2026-01-22 09:04:00,37.25,37.3,37.25,37.3,3000,111850.0,37.067499999999995,37.03583333333333,37.69770833333334,0.05178444163801288,0.05236956237957055,-0.0005851207415576709
2026-01-22 09:06:00,37.35,37.35,37.35,37.35,3000,112050.0,37.1075,37.03666666666667,37.69291666666667,0.0667070738135962,0.055237064666375686,0.01147000914722051
2026-01-22 09:08:00,38.0,38.0,38.0,38.0,100,3800.0,37.15,37.04833333333333,37.69020833333334,0.12949025202735243,0.07008770213857105,0.05940254988878138
2026-01-22 09:12:00,38.25,38.25,38.25,38.25,1,38.0,37.235,37.05,37.68916666666667,0.19714669932272244,0.09549950157540134,0.1016471977473211
2026-01-22 09:13:00,38.25,38.25,37.9,38.0,6000,228650.0,37.277499999999996,37.061666666666675,37.685833333333335,0.2279641813994644,0.12199243754021397,0.10597174385925043
2026-01-22 09:15:00,37.85,37.85,37.85,37.85,2000,75700.0,37.3425,37.0675,37.681875,0.2375452379393721,0.1451029976200456,0.09244224031932649
2026-01-22 09:17:00,37.25,37.85,37.25,37.25,2001,74537.0,37.3475,37.053333333333335,37.67604166666667,0.19448144761662434,0.15497868761936137,0.039502759997262965
2026-01-22 09:19:00,37.25,37.3,37.25,37.3,2000,74550.0,37.3475,37.05166666666666,37.67041666666667,0.16251430194932226,0.15648581048535357,0.006028491463968694
2026-01-22 09:21:00,37.45,37.45,37.3,37.45,7000,262000.0,37.355000000000004,37.05583333333333,37.664791666666666,0.14758261458092647,0.15470517130446815,-0.007122556723541673
2026-01-22 09:26:00,37.85,37.85,37.85,37.85,2000,75700.0,37.405,37.07,37.66,0.16611097787258444,0.15698633261809142,0.009124645254493025
2026-01-22 09:27:00,37.45,37.85,37.45,37.85,8300,313285.0,37.447500000000005,37.08416666666666,37.655208333333334,0.17873449922219464,0.16133596593891208,0.017398533283282558
2026-01-22 09:28:00,37.7,38.0,37.7,37.85,8110,307398.0,37.475,37.0975,37.64979166666667,0.1865878621118071,0.1663863451734911,0.02020151693831601
2026-01-22 09:29:00,37.7,37.7,37.7,37.7,2300,86710.0,37.495,37.11166666666667,37.644375,0.17864861238587082,0.16883879861596707,0.009809813769903752
2026-01-22 09:31:00,38.0,38.0,37.85,38.0,7032,267211.0,37.53,37.12916666666667,37.63895833333333,0.19432414479562254,0.17393586785189818,0.02038827694372436
2026-01-22 09:32:00,37.95,38.0,37.95,38.0,4000,151950.0,37.565,37.15083333333334,37.633541666666666,0.20439102466314552,0.18002689921414766,0.024364125448997853
2026-01-22 09:33:00,38.15,38.15,38.0,38.0,3014,114982.0,37.6075,37.170833333333334,37.628125,0.20994893880820342,0.18601130713295883,0.023937631675244597
2026-01-22 09:34:00,38.0,38.0,38.0,38.0,104,3952.0,37.64,37.184999999999995,37.62333333333333,0.21191084944825178,0.19119121559601743,0.020719633852234354
2026-01-22 09:35:00,38.0,38.0,38.0,38.0,3000,114000.0,37.71,37.19916666666667,37.617916666666666,0.21103302046883243,0.19515957657058045,0.015873443898251988
2026-01-22 09:38:00,38.15,38.15,37.85,37.85,2340,88580.0,37.7375,37.21083333333333,37.613125,0.19597451604941085,0.19532256446634655,0.000651951583064303
2026-01-22 09:39:00,37.85,38.0,37.85,38.0,6155,233866.0,37.792500000000004,37.225,37.608333333333334,0.19390902664901688,0.19503985690288064,-0.0011308302538637627
2026-01-22 09:40:00,37.85,37.85,37.85,37.85,200,7570.0,37.82000000000001,37.244166666666665,37.603541666666665,0.17811516427948249,0.19165491837820103,-0.013539754098718548
2026-01-22 09:41:00,37.85,37.85,37.85,37.85,399,15102.0,37.845000000000006,37.255833333333335,37.599583333333335,0.16371125314347523,0.1860661853312559,-0.022354932187780674
2026-01-22 09:42:00,37.85,38.0,37.85,38.0,12000,455550.0,37.845000000000006,37.275,37.596250000000005,0.16252629424041487,0.18135820711308773,-0.018831912872672857
2026-01-22 09:45:00,38.0,38.0,38.0,38.0,4010,152380.0,37.8325,37.29666666666666,37.591458333333335,0.15974575613413577,0.17703571691729736,-0.017289960783161584
2026-01-22 09:50:00,37.85,37.85,37.85,37.85,5000,189250.0,37.825,37.31583333333334,37.58666666666667,0.1437809954396485,0.1703847726217676,-0.026603777182119093
2026-01-22 09:52:00,38.0,38.0,38.0,38.0,1000,38000.0,37.832499999999996,37.33500000000001,37.583333333333336,0.1416002741497877,0.16462787292737163,-0.023027598777583924
2026-01-22 09:53:00,38.0,38.0,37.85,37.85,4000,151700.0,37.8625,37.3525,37.57875,0.12631224152497111,0.15696474664689153,-0.030652505121920415
2026-01-22 09:54:00,37.85,37.85,37.85,37.85,2,75.0,37.89,37.3625,37.57479166666666,0.1128949824425618,0.14815079380602558,-0.035255811363463785
2026-01-22 09:55:00,37.85,37.85,37.85,37.85,114,4314.0,37.910000000000004,37.376666666666665,37.57208333333333,0.1010963323644063,0.13873990151770174,-0.03764356915329545
2026-01-22 09:58:00,37.85,37.85,37.85,37.85,1000,37850.0,37.910000000000004,37.38666666666666,37.569375,0.09070028079474923,0.12913197737311125,-0.03843169657836201
2026-01-22 10:05:00,37.7,37.7,37.7,37.7,1600,60320.0,37.902499999999996,37.403333333333336,37.565416666666664,0.06955579274679025,0.11721674044784704,-0.04766094770105679
2026-01-22 10:07:00,37.7,37.7,37.7,37.7,1000,37700.0,37.895,37.419999999999995,37.561458333333334,0.0521969398004174,0.1042127803183611,-0.05201584051794371
2026-01-22 10:08:00,37.7,37.7,37.7,37.7,500,18850.0,37.895,37.4375,37.557500000000005,0.038001861967210004,0.09097059664813088,-0.05296873468092088
2026-01-22 10:09:00,37.7,37.85,37.7,37.85,3350,126625.0,37.8875,37.4575,37.55416666666667,0.03841310455410252,0.08045909822932522,-0.0420459936752227
2026-01-22 10:10:00,37.7,37.85,37.7,37.85,6000,226650.0,37.88,37.47666666666667,37.55083333333333,0.0382975469848148,0.07202678798042314,-0.03372924099560834
2026-01-22 10:13:00,38.0,38.0,38.0,38.0,100,3800.0,37.88,37.5,37.548125,0.04973638311160755,0.06756870700666003,-0.017832323895052474
2026-01-22 10:14:00,38.0,38.0,38.0,38.0,100,3800.0,37.88,37.52166666666667,37.54604166666666,0.05813163781936481,0.06568129316920099,-0.007549655349836176
2026-01-22 10:15:00,38.0,38.0,38.0,38.0,100,3800.0,37.88,37.535833333333336,37.54395833333333,0.06404664777194569,0.06535436408974993,-0.0013077163178042417
2026-01-22 10:16:00,38.0,38.0,38.0,38.0,1000,38000.0,37.8875,37.55916666666667,37.54270833333333,0.06795103850092943,0.06587369897198583,0.0020773395289435947
2026-01-22 10:17:00,38.0,38.0,38.0,38.0,100,3800.0,37.8875,37.580000000000005,37.54125,0.07023566327718811,0.0667460918330263,0.0034895714441618153
2026-01-22 10:20:00,38.0,38.0,37.85,37.85,2000,75850.0,37.8875,37.59166666666667,37.540625,0.05925939307878281,0.06524875208217759,-0.005989359003394784
2026-01-22 10:22:00,37.95,37.95,37.95,37.95,1000,37950.0,37.8925,37.615,37.54041666666667,0.05796163844381397,0.06379132935450486,-0.005829690910690896
2026-01-22 10:23:00,37.95,37.95,37.95,37.95,1000,37950.0,37.89,37.62833333333333,37.54020833333333,0.056284347622181485,0.062289933008040185,-0.0060055853858587
2026-01-22 10:24:00,37.95,38.1,37.95,38.1,2000,76050.0,37.894999999999996,37.65416666666667,37.54125,0.06629462578048617,0.06309087156252939,0.0032037542179567807
2026-01-22 10:25:00,37.85,37.85,37.85,37.85,105,3974.0,37.895,37.66583333333333,37.540625,0.05343892204945888,0.06116048165991529,-0.0077215596104564105
2026-01-22 10:29:00,37.85,37.85,37.85,37.85,176,6661.0,37.8875,37.6875,37.54,0.04275779893198717,0.057479945114329675,-0.014722146182342508
2026-01-22 10:34:00,37.85,37.85,37.85,37.85,150,5677.0,37.8875,37.69916666666667,37.53937499999999,0.03390212926523617,0.05276438194451098,-0.018862252679274813
2026-01-22 10:38:00,37.85,38.0,37.85,38.0,9000,341550.0,37.894999999999996,37.71083333333333,37.53999999999999,0.03854338944923086,0.04992018344545496,-0.0113767939962241
2026-01-22 10:50:00,37.85,38.0,37.85,38.0,5100,193785.0,37.902499999999996,37.7225,37.540625,0.04174046350279781,0.04828423945692353,-0.0065437759541257245
2026-01-22 10:52:00,38.15,38.15,38.15,38.15,1000,38150.0,37.917500000000004,37.744166666666665,37.542500000000004,0.05573543076980059,0.04977447771949895,0.005960953050301636
2026-01-22 11:02:00,37.85,37.85,37.85,37.85,1000,37850.0,37.925,37.75833333333333,37.54208333333333,0.04213336317819483,0.048246254811238135,-0.0061128916330433075
2026-01-22 11:03:00,37.85,37.85,37.85,37.85,1000,37850.0,37.9325,37.767500000000005,37.54354166666666,0.030996320328043225,0.044796267914599154,-0.013799947586555929
2026-01-22 11:05:00,37.85,37.85,37.85,37.85,150,5677.0,37.940000000000005,37.776666666666664,37.545833333333334,0.021917482535727117,0.04022051083882475,-0.01830302830309763
2026-01-22 11:14:00,37.75,37.9,37.75,37.9,4000,151150.0,37.9425,37.78666666666666,37.547708333333325,0.018543265091196304,0.03588506168929906,-0.017341796598102754
2026-01-22 11:15:00,37.7,37.85,37.7,37.85,5560,210062.0,37.9425,37.795833333333334,37.549375000000005,0.011699724186321703,0.031047994188703586,-0.019348270002381884
2026-01-22 11:17:00,37.7,37.7,37.7,37.7,100,3770.0,37.9275,37.805,37.55104166666667,-0.0057611665418448865,0.02368616204259389,-0.029447328584438777
2026-01-22 11:18:00,37.7,37.85,37.7,37.85,5100,192885.0,37.92,37.81333333333334,37.55104166666667,-0.00740988529990716,0.01746695257409368,-0.02487683787400084
2026-01-22 11:21:00,37.7,37.7,37.7,37.7,140,5278.0,37.905,37.83166666666667,37.55291666666667,-0.02058298534910108,0.009856964989454728,-0.03043995033855581
2026-01-22 11:27:00,37.85,37.85,37.85,37.85,1000,37850.0,37.8975,37.84083333333333,37.55520833333333,-0.018703414329529267,0.004144889125657927,-0.022848303455187194
2026-01-22 11:30:00,37.85,37.85,37.85,37.85,1000,37850.0,37.89,37.85666666666667,37.557291666666664,-0.017017671629531606,-8.762302537998037e-05,-0.016930048604151624
2026-01-22 11:39:00,37.85,37.85,37.85,37.85,2000,75700.0,37.89,37.865833333333335,37.558749999999996,-0.01550299946708833,-0.0031706983137216515,-0.012332301153366677
2026-01-22 11:41:00,38.15,38.3,38.0,38.15,36151,1378688.0,37.9,37.87916666666667,37.560625,0.009792005782315982,-0.0005781574945141241,0.010370163276830106
2026-01-22 11:43:00,38.0,38.0,38.0,38.0,2000,76000.0,37.9025,37.87916666666667,37.561875,0.01753262806281697,0.0030439996169520957,0.014488628445864873
2026-01-22 11:47:00,38.0,38.2,38.0,38.2,6000,228850.0,37.9075,37.87833333333333,37.56395833333333,0.039351832093835526,0.010305566112328784,0.029046265981506742
2026-01-22 11:49:00,38.2,38.35,38.2,38.35,4000,153250.0,37.9325,37.884166666666665,37.56604166666667,0.06796400810567604,0.02183725451099824,0.0461267535946778
2026-01-22 11:58:00,38.9,39.0,38.75,39.0,9000,349900.0,37.989999999999995,37.90333333333333,37.56979166666667,0.14145828836445418,0.04576146128168944,0.09569682708276474
2026-01-22 11:59:00,38.75,38.75,38.75,38.75,3000,116250.0,38.035000000000004,37.92833333333333,37.575624999999995,0.1774841969619061,0.07210600841773278,0.10537818854417332
2026-01-22 12:00:00,38.9,38.9,38.7,38.75,4100,159320.0,38.072500000000005,37.9525,37.58083333333333,0.20368701199453199,0.09842220913309263,0.10526480286143935
2026-01-22 12:01:00,38.7,38.7,38.7,38.7,100,3870.0,38.1075,37.973333333333336,37.58645833333333,0.21790645953297627,0.12231905921306938,0.0955874003199069
2026-01-22 12:02:00,38.25,38.25,38.25,38.25,1000,38250.0,38.1125,37.980000000000004,37.59020833333334,0.19066635194020876,0.13598851775849727,0.05467783418171149
2026-01-22 12:03:00,38.25,38.25,38.25,38.25,1000,38250.0,38.13250000000001,37.98666666666667,37.59375,0.16715155138246018,0.14222112448328986,0.024930426899170327
2026-01-22 12:04:00,38.25,38.25,38.2,38.2,2010,76882.0,38.15,37.9925,37.596666666666664,0.14283480961918826,0.14234386151046954,0.0004909481087187195
2026-01-22 12:05:00,38.2,38.2,38.2,38.2,1000,38200.0,38.167500000000004,38.00083333333334,37.6,0.12215548419646183,0.138306186047668,-0.01615070185120618
2026-01-22 12:06:00,38.2,38.2,38.2,38.2,1102,42096.0,38.182500000000005,38.00416666666667,37.60395833333333,0.10456164821914626,0.13155727848196366,-0.0269956302628174
2026-01-22 12:07:00,38.5,38.5,38.5,38.5,1000,38500.0,38.215,38.0125,37.60854166666666,0.11351734198940733,0.12794929118345238,-0.014431949194045057
2026-01-22 12:08:00,38.5,38.5,38.5,38.5,2000,77000.0,38.255,38.020833333333336,37.610625,0.11924026625968054,0.126207486198698,-0.006967219939017472
2026-01-22 12:15:00,38.35,38.35,38.35,38.35,1000,38350.0,38.279999999999994,38.026666666666664,37.61208333333333,0.11039936343713208,0.12304586164638483,-0.012646498209252746
2026-01-22 12:18:00,38.35,38.35,38.35,38.35,120,4601.0,38.3125,38.0325,37.61354166666667,0.10221461776775698,0.11887961287065926,-0.016664995102902286
2026-01-22 12:27:00,38.7,38.7,38.55,38.55,7000,270300.0,38.347500000000004,38.04416666666667,37.61583333333333,0.11059164474739447,0.11722201924600632,-0.006630374498611855
2026-01-22 12:33:00,38.55,38.55,38.55,38.55,1000,38550.0,38.3825,38.053333333333335,37.618125,0.11589453887961554,0.11695652317272817,-0.0010619842931126333
2026-01-22 12:39:00,38.85,38.85,38.85,38.85,1000,38850.0,38.4325,38.07000000000001,37.62145833333334,0.14266011646036247,0.12209724183025505,0.02056287463010742
2026-01-22 12:40:00,38.85,38.85,38.7,38.85,5000,193950.0,38.4675,38.08666666666667,37.62479166666666,0.16200454201268144,0.13007870186674036,0.031925840145941076
2026-01-22 12:41:00,38.7,38.7,38.7,38.7,1000,38700.0,38.5025,38.098333333333336,37.627500000000005,0.1633484134053802,0.13673264417446834,0.026615769230911857
2026-01-22 12:46:00,38.85,38.95,38.65,38.7,7150,277902.0,38.5275,38.11000000000001,37.630208333333336,0.16253978371697997,0.14189407208297067,0.0206457116340093
2026-01-22 12:47:00,38.8,38.8,38.8,38.8,1000,38800.0,38.55,38.125833333333325,37.63395833333333,0.16803114468797986,0.1471214866039725,0.020909658084007354
2026-01-22 12:48:00,38.8,38.8,38.8,38.8,200,7760.0,38.540000000000006,38.13916666666667,37.63791666666666,0.17041860818733312,0.15178091092064463,0.018637697266688485
2026-01-22 12:49:00,38.8,38.8,38.8,38.8,1000,38800.0,38.542500000000004,38.155,37.64354166666667,0.17034703562200804,0.15549413586091732,0.014852899761090721
2026-01-22 12:51:00,38.1,38.1,38.1,38.1,100,3810.0,38.510000000000005,38.15916666666667,37.645,0.11250922765063365,0.1468971542188606,-0.03438792656822695
2026-01-22 13:16:00,38.1,38.65,38.1,38.65,2031,77398.0,38.5075,38.17250000000001,37.64812500000001,0.10978719316992169,0.1394751620090728,-0.02968796883915112
2026-01-22 13:23:00,38.0,38.0,38.0,38.0,315,11970.0,38.495,38.175000000000004,37.650416666666665,0.05455155711614168,0.12249044103048659,-0.06793888391434491
2026-01-22 13:25:00,38.95,38.95,38.95,38.95,20,779.0,38.53,38.19583333333333,37.65666666666666,0.08643757950004272,0.11527986872439784,-0.028842289224355125
2026-01-22 13:29:00,38.3,38.3,38.3,38.3,300,11490.0,38.535000000000004,38.20583333333334,37.66020833333334,0.058582610376312516,0.10394041705478078,-0.04535780667846827
2026-01-22 14:41:00,38.15,38.15,38.15,38.15,500,19075.0,38.5325,38.21333333333333,37.66270833333333,0.024125496557140025,0.08797743295525264,-0.06385193639811261
2026-01-22 14:50:00,38.15,38.15,38.15,38.15,20,763.0,38.529999999999994,38.218333333333334,37.66583333333333,-0.0031457521223501317,0.06975279593973209,-0.07289854806208222
2026-01-22 14:51:00,38.15,38.3,38.15,38.3,4000,152900.0,38.519999999999996,38.225833333333334,37.667500000000004,-0.012510454055025377,0.05330014594078059,-0.06581059999580596
2026-01-22 14:55:00,38.3,38.3,38.3,38.3,1000,38300.0,38.51,38.23083333333333,37.66916666666667,-0.019704901961773658,0.03869913636026974,-0.0584040383220434
2026-01-22 14:56:00,38.3,38.3,38.15,38.15,4000,152750.0,38.49999999999999,38.233333333333334,37.672291666666666,-0.03708283235069132,0.023542742618077525,-0.060625574968768844
2026-01-23 09:06:00,38.95,38.95,38.95,38.95,100,3895.0,38.53,38.24916666666666,37.678333333333335,0.01354224022039574,0.02154264213854117,-0.008000401918145428
2026-01-23 09:16:00,38.85,38.85,38.7,38.7,4000,155250.0,38.5375,38.26083333333334,37.68208333333333,0.033108411149655126,0.023855795940763962,0.009252615208891164
2026-01-23 09:17:00,38.95,38.95,38.95,38.95,2000,77900.0,38.5575,38.276666666666664,37.685833333333335,0.06800374836033285,0.03268538642467774,0.03531836193565511
2026-01-23 09:20:00,38.8,39.05,38.8,38.9,7000,272450.0,38.559999999999995,38.29416666666667,37.68958333333333,0.09057982454122993,0.04426427404798818,0.04631555049324174
2026-01-23 09:23:00,39.1,39.1,39.1,39.1,1000,39100.0,38.5725,38.313333333333325,37.69416666666667,0.12318980075655617,0.060049379389701785,0.06314042136685438
2026-01-23 09:26:00,39.1,39.1,39.1,39.1,4000,156400.0,38.5925,38.3325,37.70104166666667,0.14733505504769084,0.07750651452129961,0.06982854052639123
2026-01-23 09:27:00,38.05,38.05,38.05,38.05,1,38.0,38.559999999999995,38.33166666666667,37.70291666666666,0.08081256134362036,0.07816772388576376,0.002644837457856597
2026-01-23 09:28:00,38.95,38.95,38.95,38.95,1200,46740.0,38.5675,38.35000000000001,37.709583333333335,0.09956772939492708,0.08244772498759644,0.01712000440733065
2026-01-23 09:29:00,38.95,38.95,38.95,38.95,1000,38950.0,38.575,38.36833333333333,37.716874999999995,0.11312727439928238,0.08858363486993363,0.02454363952934875
2026-01-23 09:36:00,38.55,38.55,38.55,38.55,100,3855.0,38.5625,38.38,37.7225,0.09055281792805658,0.08897747148155823,0.0015753464464983574
2026-01-23 09:40:00,38.55,38.7,38.55,38.55,10000,386400.0,38.584999999999994,38.38916666666667,37.728125,0.07183433701268171,0.08554884458778293,-0.013714507575101217
2026-01-23 09:41:00,38.4,38.65,38.4,38.6,9018,346645.0,38.582499999999996,38.399166666666666,37.734791666666666,0.06033883957741182,0.08050684358570871,-0.020168004008296894
2026-01-23 09:44:00,38.55,38.55,38.55,38.55,3000,115650.0,38.61,38.405833333333334,37.741875,0.04665616962581254,0.07373670879372948,-0.027080539167916945
2026-01-23 09:54:00,38.4,38.55,38.4,38.55,7000,269100.0,38.589999999999996,38.417500000000004,37.746875,0.03540443482469868,0.06607025399992332,-0.030665819175224637
2026-01-23 10:00:00,38.4,38.4,38.4,38.4,2000,76800.0,38.595,38.42666666666666,37.75125,0.014219691777391574,0.05570014155541697,-0.0414804497780254
2026-01-23 10:05:00,38.4,38.4,38.4,38.4,80,3072.0,38.6075,38.435833333333335,37.755833333333335,-0.002540089148872937,0.04405209541455899,-0.04659218456343193
2026-01-23 10:06:00,38.4,38.4,38.4,38.4,900,34560.0,38.620000000000005,38.44416666666667,37.7575,-0.01564202475607601,0.03211327138043199,-0.047755296136508
2026-01-23 10:14:00,38.55,38.55,38.4,38.4,4000,154050.0,38.625,38.45333333333334,37.75854166666667,-0.025728817328605658,0.02054485363862446,-0.04627367096723012
2026-01-23 10:16:00,38.35,38.5,38.35,38.5,7000,268600.0,38.635000000000005,38.46666666666667,37.760000000000005,-0.02536116116942111,0.011363650677015346,-0.03672481184643646
2026-01-23 10:31:00,38.65,38.65,38.5,38.5,4000,154450.0,38.6525,38.4775,37.761875,-0.02478409539036619,0.004134101463539037,-0.028918196853905228
2026-01-23 10:38:00,38.35,38.35,38.35,38.35,2000,76700.0,38.6225,38.48833333333334,37.76270833333333,-0.03601535045929438,-0.0038957889210276494,-0.032119561538266735
2026-01-23 10:39:00,38.35,38.5,38.35,38.5,1100,42335.0,38.6125,38.499166666666675,37.76416666666667,-0.0324385235137683,-0.009604335839575782,-0.02283418767419252
2026-01-23 10:49:00,38.25,38.4,38.25,38.4,9000,344700.0,38.585,38.50833333333333,37.76833333333334,-0.0372437044138465,-0.015132209554429928,-0.022111494859416575
2026-01-23 10:50:00,38.4,38.4,38.4,38.4,6000,230400.0,38.56,38.5175,37.7725,-0.040584017604352596,-0.020222571164414463,-0.020361446439938133
2026-01-23 10:51:00,38.25,38.25,38.25,38.25,100,3825.0,38.5175,38.51916666666666,37.77291666666667,-0.05470438813703282,-0.02711893455893814,-0.027585453578094683
2026-01-23 10:56:00,38.25,38.4,38.25,38.4,5000,191400.0,38.4825,38.52583333333333,37.77395833333333,-0.05317813270665539,-0.03233077418848159,-0.0208473585181738
2026-01-23 11:00:00,38.25,38.35,38.1,38.2,7000,267800.0,38.49,38.52583333333334,37.77395833333333,-0.06733074588562005,-0.03933076852790929,-0.02799997735771076
2026-01-23 11:01:00,38.25,38.25,38.25,38.25,3000,114750.0,38.455,38.52416666666667,37.774375,-0.07366306964821945,-0.046197228751971325,-0.027465840896248123
2026-01-23 11:14:00,38.1,38.1,38.1,38.1,1000,38100.0,38.4125,38.50916666666667,37.774166666666666,-0.08975063875399059,-0.05490791075237519,-0.0348427280016154
2026-01-23 11:20:00,38.1,38.1,38.1,38.1,1000,38100.0,38.39,38.498333333333335,37.77395833333333,-0.10133206026130637,-0.06419274065416143,-0.037139319607144936
2026-01-23 11:52:00,38.25,38.25,38.25,38.25,1000,38250.0,38.375,38.49,37.774375,-0.09728523027118285,-0.07081123857756572,-0.026473991693617138
2026-01-23 12:03:00,38.1,38.1,38.1,38.1,100,3810.0,38.35,38.48,37.776666666666664,-0.10497178534705398,-0.07764334793146338,-0.0273284374155906
2026-01-23 12:08:00,38.3,38.3,37.95,37.95,5000,190800.0,38.32,38.475,37.77770833333334,-0.12176356741109373,-0.08646739182738945,-0.03529617558370428
2026-01-23 12:10:00,37.95,38.1,37.95,38.1,2050,77955.0,38.2975,38.4725,37.77770833333333,-0.12156609105203131,-0.09348713167231784,-0.02807895937971347
2026-01-23 12:19:00,38.15,38.15,38.15,38.15,1000,38150.0,38.285000000000004,38.47166666666667,37.77791666666667,-0.11603740055929279,-0.09799718544971285,-0.01804021510957994
2026-01-23 12:21:00,38.15,38.15,38.0,38.0,4000,152300.0,38.265,38.468333333333334,37.7775,-0.12234925387057416,-0.10286759913388512,-0.019481654736689044
2026-01-23 12:29:00,37.9,38.35,37.9,38.2,5100,194970.0,38.254999999999995,38.468333333333334,37.77833333333333,-0.10994572864299101,-0.10428322503570629,-0.005662503607284722
2026-01-23 12:33:00,38.4,38.5,38.35,38.5,12000,461250.0,38.26,38.468333333333334,37.77979166666667,-0.07504330028927342,-0.09843524008641973,0.023391939797146308
2026-01-23 12:34:00,38.5,38.5,38.5,38.5,1000,38500.0,38.26,38.468333333333334,37.783750000000005,-0.04684289858434454,-0.0881167717860047,0.04127387320166016
2026-01-23 12:36:00,38.25,38.25,38.25,38.25,3000,114750.0,38.247499999999995,38.46666666666667,37.784166666666664,-0.044157764501171926,-0.07932497032903815,0.03516720582786623
2026-01-23 12:54:00,38.1,38.25,38.1,38.25,4000,152550.0,38.24249999999999,38.465,37.78458333333333,-0.04155080458414062,-0.07177013718005865,0.030219332595918025
2026-01-23 12:55:00,38.4,38.4,38.25,38.25,4000,153450.0,38.23,38.46,37.785,-0.03903480117810432,-0.06522306997966779,0.02618826880156347
2026-01-23 12:58:00,37.9,37.9,37.9,37.9,500,18950.0,38.205,38.44916666666666,37.78395833333333,-0.06453896031948858,-0.06508624804763194,0.0005472877281433586
2026-01-23 13:00:00,38.15,38.15,38.0,38.0,4000,152450.0,38.185,38.434999999999995,37.78333333333333,-0.07580815668018204,-0.06723062977414196,-0.008577526906040078
2026-01-23 13:04:00,38.15,38.15,38.15,38.15,6,228.0,38.18,38.42333333333333,37.78541666666667,-0.07180757654477787,-0.06814601912826915,-0.003661557416508726
2026-01-23 13:20:00,38.15,38.15,38.15,38.15,1000,38150.0,38.167500000000004,38.414166666666674,37.7875,-0.06785489892820351,-0.06808779508825602,0.00023289616005250924
2026-01-23 13:25:00,38.15,38.15,38.0,38.0,4000,152300.0,38.1575,38.402499999999996,37.787083333333335,-0.0759506085000865,-0.06966035777062211,-0.006290250729464389
2026-01-23 13:27:00,38.0,38.15,38.0,38.15,4000,152450.0,38.152499999999996,38.391666666666666,37.78916666666667,-0.06946205493388646,-0.06962069720327499,0.00015864226938852588
2026-01-23 14:32:00,38.15,38.15,38.15,38.15,3000,114450.0,38.154999999999994,38.380833333333335,37.79125,-0.06358683997537184,-0.06841392575769437,0.004827085782322521
2026-01-23 14:52:00,38.0,38.0,38.0,38.0,1249,47462.0,38.15,38.36749999999999,37.79375,-0.07022492694547822,-0.06877612599525114,-0.0014488009502270777
2026-01-23 14:55:00,38.0,38.0,38.0,38.0,5,190.0,38.1375,38.36583333333333,37.795624999999994,-0.07462542326741328,-0.06994598544968357,-0.004679437817729712
2026-01-23 14:58:00,38.3,38.3,38.15,38.25,2007,76668.0,38.144999999999996,38.35916666666666,37.798541666666665,-0.057279653453903734,-0.0674127190505276,0.010133065596623872
2026-01-26 09:01:00,38.95,38.95,38.95,38.95,23,895.0,38.195,38.375,37.80458333333333,0.012803552564697895,-0.0513694647274825,0.06417301729218039
2026-01-26 09:07:00,39.0,39.0,39.0,39.0,1000,39000.0,38.239999999999995,38.37583333333334,37.810625,0.07155474186627941,-0.026784623408730116,0.09833936527500953
2026-01-26 09:08:00,39.0,39.0,39.0,39.0,10,390.0,38.2825,38.3875,37.81666666666667,0.11676943728072331,0.0019261887291605769,0.11484324855156273
2026-01-26 09:23:00,38.95,38.95,38.95,38.95,100,3895.0,38.33,38.40083333333334,37.8225,0.14687474636861708,0.030915900257051886,0.11595884611156519
2026-01-26 09:28:00,38.95,38.95,38.95,38.95,1000,38950.0,38.3675,38.41416666666667,37.829166666666666,0.1687877407096252,0.058490268347566564,0.11029747236205864
2026-01-26 09:47:00,38.95,38.95,38.95,38.95,200,7790.0,38.39,38.425,37.83541666666667,0.1840325341026201,0.08359872149857729,0.10043381260404281
2026-01-26 10:05:00,38.4,38.4,38.4,38.4,400,15360.0,38.385000000000005,38.42666666666667,37.84,0.15000457981960835,0.09687989316278352,0.053124686656824835
2026-01-26 10:07:00,38.05,38.05,38.0,38.0,6000,228150.0,38.3725,38.42416666666667,37.842916666666675,0.08972621586773499,0.09544915770377382,-0.005722941836038831
2026-01-26 10:11:00,37.85,38.0,37.85,38.0,4045,153404.0,38.36,38.40833333333333,37.84583333333333,0.04147705646536082,0.08465473745609123,-0.04317768099073041
2026-01-26 10:14:00,38.15,38.15,38.15,38.15,2000,76300.0,38.355000000000004,38.399166666666666,37.85,0.015168147458197723,0.07075741945651252,-0.0555892719983148
2026-01-26 10:27:00,38.15,38.15,38.0,38.0,3300,125445.0,38.36,38.38333333333333,37.85333333333333,-0.01758291398569156,0.0530893527680717,-0.07067226675376326
2026-01-26 10:29:00,37.35,37.5,37.35,37.5,4100,153300.0,38.334999999999994,38.36,37.85395833333334,-0.08292824230799312,0.02588583375285873,-0.10881407606085185
2026-01-26 10:30:00,37.35,37.35,37.3,37.3,6000,223950.0,38.292500000000004,38.330000000000005,37.85375,-0.14913408937180606,-0.009118150872074236,-0.14001593849973182
2026-01-26 10:31:00,37.25,37.25,37.25,37.25,1000,37250.0,38.2475,38.299166666666665,37.853125,-0.20329383747740337,-0.04795328819314008,-0.1553405492842633
2026-01-26 10:32:00,37.25,37.4,37.25,37.4,6000,223650.0,38.2175,38.288333333333334,37.853125,-0.23144413770283734,-0.08465145809507954,-0.1467926796077578
2026-01-26 10:36:00,37.45,37.45,37.45,37.45,1010,37824.0,38.1825,38.26333333333333,37.85395833333333,-0.24687307220763444,-0.11709578091759054,-0.1297772912900439
2026-01-26 10:37:00,37.45,37.45,37.15,37.15,2000,74600.0,38.13250000000001,38.233333333333334,37.85270833333333,-0.2800795243443588,-0.1496925296029442,-0.13038699474141457
2026-01-26 10:40:00,37.15,37.4,37.15,37.3,4030,150020.0,38.097500000000004,38.2125,37.85208333333333,-0.2909383740315974,-0.17794169848867486,-0.11299667554292253
2026-01-26 10:45:00,37.45,37.45,37.45,37.45,1000,37450.0,38.07000000000001,38.19416666666667,37.85208333333333,-0.28416467080614183,-0.19918629295216828,-0.08497837785397355
2026-01-26 10:49:00,37.45,37.5,37.3,37.5,4050,151375.0,38.032500000000006,38.17583333333334,37.852291666666666,-0.27163069054908107,-0.21367517247155088,-0.05795551807753019
2026-01-26 10:51:00,37.5,37.5,37.5,37.5,100,3750.0,37.96,38.15833333333333,37.85249999999999,-0.25871511410210957,-0.22268316079766265,-0.03603195330444692
2026-01-26 11:12:00,37.45,37.45,37.3,37.3,3040,113842.0,37.875,38.1375,37.851875,-0.2616021682920646,-0.2304669622965431,-0.031135205995521525
2026-01-26 11:13:00,37.45,37.45,37.45,37.45,15,561.0,37.7975,38.12166666666667,37.848958333333336,-0.2489170720785907,-0.23415698425295264,-0.014760087825638063
2026-01-26 11:16:00,37.5,37.5,37.5,37.5,1000,37500.0,37.725,38.10666666666667,37.849583333333335,-0.2321533406055991,-0.23375625552348195,0.0016029149178828361
2026-01-26 11:18:00,37.1,37.25,37.1,37.25,2000,74350.0,37.64,38.0875,37.84854166666666,-0.23631676078367292,-0.23426835657552017,-0.0020484042081527487
2026-01-26 11:20:00,37.25,37.25,37.25,37.25,1000,37250.0,37.555,38.068333333333335,37.84770833333333,-0.23688563117067218,-0.23479181149455058,-0.0020938196761216
2026-01-26 11:21:00,37.25,37.5,37.0,37.0,6200,231500.0,37.485,38.04333333333333,37.84583333333333,-0.25457479593346477,-0.23874840838233347,-0.015826387551131305
2026-01-26 11:27:00,37.0,37.0,37.0,37.0,3000,111000.0,37.435,38.01833333333333,37.844583333333325,-0.2655326908794322,-0.24410526488175327,-0.02142742599767894
2026-01-26 11:29:00,37.15,37.15,37.15,37.15,188,6984.0,37.3925,37.998333333333335,37.842708333333334,-0.2591261106703868,-0.24710943403948002,-0.012016676630906803
2026-01-26 11:30:00,37.15,37.15,37.15,37.15,100,3715.0,37.3425,37.975833333333334,37.840833333333336,-0.2511537061115021,-0.24791828845388447,-0.003235417657617645
2026-01-26 11:33:00,37.15,37.15,37.15,37.15,20,743.0,37.3,37.955,37.83895833333334,-0.24204536970654544,-0.2467437047044167,0.004698334997871256
2026-01-26 11:35:00,36.85,37.0,36.85,37.0,7820,288590.0,37.275,37.931666666666665,37.83770833333333,-0.24411666887979067,-0.24621829753949154,0.0021016286597008715
2026-01-26 11:40:00,37.05,37.05,36.9,36.9,2300,85020.0,37.254999999999995,37.90916666666667,37.83604166666667,-0.250934733259065,-0.24716158468340627,-0.003773148575658747
2026-01-26 11:41:00,37.15,37.15,37.15,37.15,1000,37150.0,37.25,37.888333333333335,37.83541666666667,-0.23347384656751302,-0.24442403706022767,0.010950190492714645
2026-01-26 11:42:00,37.15,37.15,37.0,37.0,4000,148150.0,37.230000000000004,37.86833333333333,37.83062499999999,-0.22909880603631905,-0.24135899085544596,0.012260184819126912
2026-01-26 11:45:00,37.15,37.15,37.15,37.15,2000,74300.0,37.215,37.85,37.830000000000005,-0.21109444315818848,-0.23530608131599448,0.024211638157805998
2026-01-26 11:46:00,36.85,37.15,36.85,37.0,11010,406770.0,37.207499999999996,37.83166666666667,37.82791666666667,-0.2065486381322117,-0.22955459267923795,0.023005954547026253
2026-01-26 11:49:00,36.85,37.0,36.85,37.0,9030,333210.0,37.1925,37.81333333333334,37.82333333333334,-0.20063327934396824,-0.22377033001218405,0.02313705066821581
2026-01-26 11:53:00,37.0,37.0,37.0,37.0,150,5550.0,37.17,37.792500000000004,37.82166666666667,-0.19371231984498394,-0.21775872797874407,0.024046408133760133
2026-01-26 11:55:00,37.0,37.0,37.0,37.0,85,3145.0,37.144999999999996,37.77416666666667,37.82083333333333,-0.18608236787461863,-0.211423455957919,0.025341088083300378
2026-01-26 11:56:00,36.85,36.85,36.85,36.85,4,147.0,37.1125,37.755833333333335,37.820208333333326,-0.18994970045766735,-0.2071287048578687,0.017179004400201342
2026-01-26 11:57:00,36.85,36.85,36.7,36.7,5000,183800.0,37.082499999999996,37.732499999999995,37.81895833333333,-0.20278080489786277,-0.2062591248658675,0.0034783199680047394
2026-01-26 11:58:00,36.8,36.8,36.65,36.65,6210,228228.0,37.0425,37.707499999999996,37.81729166666666,-0.21451137612709914,-0.20790957511811387,-0.006601801008985275
2026-01-26 11:59:00,36.65,36.7,36.65,36.7,4000,146700.0,37.0025,37.68583333333333,37.81666666666667,-0.21726881653601993,-0.20978142340169512,-0.00748739313432481
2026-01-26 12:00:00,36.35,36.6,36.35,36.5,9000,327640.0,36.964999999999996,37.6575,37.81479166666667,-0.23290762236596407,-0.21440666319454893,-0.018500959171415143
2026-01-26 12:10:00,36.35,36.9,36.35,36.9,2010,73069.0,36.9475,37.630833333333335,37.815625,-0.2105971981886725,-0.2136447701933737,0.0030475720047011823
2026-01-26 12:23:00,37.0,37.0,37.0,37.0,1000,37000.0,36.9475,37.60583333333333,37.81645833333334,-0.18274034507895465,-0.20746388517048991,0.024723540091535268
2026-01-26 12:29:00,36.4,36.4,36.4,36.4,1000,36400.0,36.9175,37.575,37.813333333333325,-0.206695912071865,-0.20731029055076497,0.000614378478899974
2026-01-26 12:33:00,36.4,36.4,36.4,36.4,400,14560.0,36.88,37.54416666666667,37.81020833333333,-0.22310900972075842,-0.21047003438476367,-0.012638975335994757
2026-01-26 12:34:00,36.4,36.55,36.4,36.55,2000,72950.0,36.85,37.51583333333333,37.80770833333334,-0.22145990947734617,-0.21266800940328018,-0.008791900074065995
2026-01-26 12:35:00,36.35,36.35,36.35,36.35,3000,109050.0,36.81,37.49,37.80437500000001,-0.23359853567436062,-0.2168541146574963,-0.016744421016864325
2026-01-26 12:36:00,36.5,36.5,36.25,36.4,21898,796252.0,36.78,37.46333333333333,37.803125,-0.2364581597811508,-0.2207749236822272,-0.01568323609892361
2026-01-26 12:37:00,36.35,36.5,36.35,36.5,5390,195941.0,36.760000000000005,37.43583333333333,37.80041666666667,-0.22802671815790632,-0.22222528257736304,-0.005801435580543274
2026-01-26 12:38:00,36.5,36.5,36.2,36.35,6110,221665.0,36.72,37.40583333333334,37.79833333333333,-0.2307881047133975,-0.22393784700456995,-0.006850257708827551
2026-01-26 12:40:00,36.2,36.5,36.2,36.5,3000,108900.0,36.695,37.38083333333334,37.79750000000001,-0.21835570837124862,-0.2228214192779057,0.004465710906657067
2026-01-26 12:41:00,36.35,36.35,36.35,36.35,1000,36350.0,36.655,37.350833333333334,37.79604166666666,-0.2180926547314357,-0.2218756663686117,0.003783011637176009
2026-01-26 12:45:00,36.6,36.6,36.6,36.6,3000,109800.0,36.635,37.325,37.794999999999995,-0.19545815225315977,-0.21659216354552133,0.02113401129236156
2026-01-26 12:48:00,36.75,36.75,36.75,36.75,11,403.0,36.622499999999995,37.30416666666667,37.79479166666667,-0.1635313123940776,-0.2059799933152326,0.042448680921155
2026-01-26 12:49:00,36.75,36.75,36.6,36.6,4100,150360.0,36.6025,37.280833333333334,37.79208333333334,-0.14861961378773714,-0.19450791740973353,0.04588830362199639
2026-01-26 13:12:00,36.75,36.75,36.75,36.75,1,36.0,36.589999999999996,37.255833333333335,37.791041666666665,-0.12327717626097723,-0.1802617691799823,0.05698459291900507
2026-01-26 13:27:00,36.25,36.7,36.25,36.6,18134,660855.0,36.5775,37.21666666666667,37.788333333333334,-0.11398293402478998,-0.16700600214894384,0.05302306812415386
2026-01-26 13:28:00,36.75,36.75,36.35,36.5,11205,409752.0,36.5675,37.175,37.7875,-0.11337937746908722,-0.15628067721297254,0.04290129974388532
2026-01-26 13:31:00,36.35,36.5,36.35,36.5,7000,255050.0,36.56,37.13333333333333,37.78666666666667,-0.11161443284602512,-0.14734742833958306,0.035732995493557934
2026-01-26 13:50:00,36.2,36.2,36.2,36.2,600,21720.0,36.535000000000004,37.0875,37.78479166666666,-0.13289130605762267,-0.144456203883191,0.011564897825568327
2026-01-26 14:09:00,36.2,36.2,36.2,36.2,200,7240.0,36.519999999999996,37.041666666666664,37.782916666666665,-0.14804679012873834,-0.14517432113230047,-0.002872468996437866
2026-01-26 14:34:00,36.2,36.2,36.2,36.2,3000,108600.0,36.485,36.99583333333333,37.78083333333334,-0.1582336019778623,-0.14778617730141283,-0.010447424676449463
2026-01-26 14:41:00,36.95,36.95,36.95,36.95,1,36.0,36.4825,36.971666666666664,37.782291666666666,-0.10458243061203376,-0.13914542796353702,0.034562997351503255
2026-01-26 14:57:00,36.5,36.5,36.5,36.5,6000,219000.0,36.4875,36.946666666666665,37.78145833333333,-0.09725365041816758,-0.13076707245446312,0.03351342203629554
2026-01-27 09:02:00,36.35,36.35,36.35,36.35,3000,109050.0,36.485,36.91916666666666,37.778125,-0.1023692368711977,-0.12508750533781005,0.022718268466612346
2026-01-27 09:03:00,36.5,36.5,36.5,36.5,2000,73000.0,36.4825,36.891666666666666,37.77770833333333,-0.09324476201962284,-0.11871895667417261,0.025474194654549767
2026-01-27 09:04:00,36.5,36.5,36.35,36.35,4000,145700.0,36.4825,36.86416666666667,37.776041666666664,-0.09699915053170116,-0.11437499544567832,0.01737584491397716
2026-01-27 09:07:00,36.5,36.5,36.5,36.5,100,3650.0,36.4875,36.847500000000004,37.77333333333333,-0.08686940762199669,-0.108873877880942,0.022004470258945308
2026-01-27 09:08:00,36.5,36.5,36.5,36.5,1000,36500.0,36.4875,36.83416666666667,37.77312500000001,-0.0779430346001817,-0.10268770922478995,0.02474467462460825
2026-01-27 09:09:00,36.5,36.5,36.5,36.5,2000,73000.0,36.495,36.82166666666667,37.77041666666666,-0.07006119779278208,-0.09616240693838839,0.026101209145606305
2026-01-27 09:10:00,36.5,36.5,36.5,36.5,10,365.0,36.495,36.806666666666665,37.770208333333336,-0.06308755131640709,-0.08954743581399213,0.026459884497585046
2026-01-27 09:15:00,36.5,36.5,36.5,36.5,2100,76650.0,36.5025,36.79083333333334,37.767500000000005,-0.05690492172589501,-0.08301893299637271,0.026114011270477702
2026-01-27 09:23:00,36.55,36.55,36.55,36.55,1000,36550.0,36.5,36.780833333333334,37.7675,-0.04742388803845188,-0.07589992400478855,0.028476035966336674
2026-01-27 09:25:00,36.55,36.55,36.4,36.4,5000,182300.0,36.4825,36.76583333333334,37.764374999999994,-0.05142109653930049,-0.07100415851169094,0.019583061972390445
2026-01-27 09:31:00,36.55,36.55,36.55,36.55,1000,36550.0,36.480000000000004,36.75083333333334,37.761250000000004,-0.04200100523326,-0.06520352785600475,0.023202522622744748
2026-01-27 09:34:00,36.55,36.55,36.4,36.4,7000,254950.0,36.4625,36.732499999999995,37.7575,-0.046107759848368346,-0.06138437425447747,0.015276614406109126
2026-01-27 09:39:00,36.65,36.65,36.65,36.65,1000,36650.0,36.464999999999996,36.718333333333334,37.75666666666667,-0.02885683813829587,-0.05487886703124116,0.02602202889294529
2026-01-27 09:41:00,36.65,36.65,36.65,36.65,1000,36650.0,36.472500000000004,36.7075,37.755208333333336,-0.015012305879530174,-0.04690555480089896,0.031893248921368786
2026-01-27 09:43:00,36.65,36.65,36.5,36.5,3000,109650.0,36.472500000000004,36.69166666666667,37.751875,-0.01596018167817448,-0.04071648017635407,0.02475629849817959
2026-01-27 09:52:00,36.4,36.4,36.4,36.4,1100,40040.0,36.4825,36.67333333333333,37.748125,-0.024498144977073366,-0.03747281313649793,0.012974668159424566
2026-01-27 09:57:00,36.4,36.55,36.4,36.55,2000,72950.0,36.5,36.66166666666666,37.745,-0.018942439356813168,-0.03376673838056098,0.014824299023747815
2026-01-27 10:04:00,36.35,36.5,36.3,36.45,17530,637995.0,36.5125,36.64833333333333,37.741458333333334,-0.02235101826564545,-0.031483594357577874,0.009132576091932423
2026-01-27 10:05:00,36.25,36.25,36.25,36.25,1000,36250.0,36.4775,36.63583333333334,37.73770833333334,-0.04072126079232419,-0.033331127644527135,-0.0073901331477970525
2026-01-27 10:06:00,36.25,36.4,36.2,36.2,6080,220557.0,36.46249999999999,36.622499999999995,37.73291666666667,-0.058638444985113836,-0.03839259111264448,-0.020245853872469355
2026-01-27 10:07:00,36.0,36.0,36.0,36.0,20,720.0,36.445,36.60333333333333,37.73041666666666,-0.0879622964753608,-0.04830653218518775,-0.03965576429017305
2026-01-27 10:10:00,36.0,36.0,36.0,36.0,1000,36000.0,36.42,36.58416666666667,37.725,-0.10993440466315718,-0.06063210668078165,-0.04930229798237553
2026-01-27 10:14:00,36.0,36.45,36.0,36.45,1015,36546.0,36.425,36.572500000000005,37.723125,-0.08999876971440557,-0.06650543928750645,-0.02349333042689912
2026-01-27 10:15:00,36.15,36.15,36.15,36.15,100,3615.0,36.4075,36.55833333333333,37.718333333333334,-0.09728567943018618,-0.0726614873160424,-0.02462419211414378
2026-01-27 10:17:00,35.95,35.95,35.95,35.95,2000,71900.0,36.38,36.542500000000004,37.7125,-0.11784054397183041,-0.0816972986472,-0.03614324532463041
2026-01-27 10:18:00,35.95,36.1,35.95,36.1,6000,216000.0,36.36,36.525,37.704583333333325,-0.12063605842500635,-0.08948505060276128,-0.031151007822245072
2026-01-27 10:19:00,36.15,36.15,36.15,36.15,35,1265.0,36.3425,36.51083333333334,37.69583333333333,-0.1174629024162499,-0.09508062096545902,-0.02238228145079088
2026-01-27 10:23:00,36.15,36.15,36.15,36.15,100,3615.0,36.325,36.494166666666665,37.688125,-0.11363820295164828,-0.09879213736269689,-0.014846065588951393
2026-01-27 10:24:00,36.15,36.15,36.15,36.15,200,7230.0,36.305,36.48,37.68104166666667,-0.10934662128619976,-0.10090303414739747,-0.008443587138802292
2026-01-27 10:26:00,36.15,36.15,36.15,36.15,130,4699.0,36.2925,36.46583333333333,37.676458333333336,-0.10473815563621969,-0.10167005844516191,-0.0030680971910577726
2026-01-27 10:28:00,35.85,35.85,35.85,35.85,1000,35850.0,36.2575,36.446666666666665,37.67041666666667,-0.12386556111687241,-0.10610915897950403,-0.017756402137368385
2026-01-27 10:31:00,35.85,36.0,35.8,36.0,6305,226280.0,36.2375,36.42999999999999,37.664375,-0.12547403479981512,-0.10998213414356625,-0.015491900656248864
2026-01-27 10:38:00,36.0,36.15,36.0,36.15,3100,111615.0,36.2125,36.41833333333333,37.657291666666666,-0.11333851948246831,-0.11065341121134668,-0.0026851082711216306
2026-01-27 10:40:00,36.15,36.15,36.15,36.15,100,3615.0,36.1875,36.40916666666667,37.65020833333333,-0.10253903005169462,-0.10903053497941628,0.0064915049277216585
2026-01-27 10:44:00,36.1,36.1,36.1,36.1,100,3610.0,36.1675,36.4,37.642916666666665,-0.09689795964237646,-0.10660401991200834,0.009706060269631875
2026-01-27 10:50:00,36.1,36.1,36.1,36.1,20,722.0,36.152499999999996,36.39,37.636250000000004,-0.09137406733146491,-0.10355802939589966,0.012183962064434742
2026-01-27 10:54:00,36.1,36.1,36.1,36.1,1000,36100.0,36.13,36.38333333333333,37.62833333333334,-0.08600493156272648,-0.10004740982926502,0.014042478266538538
2026-01-27 11:07:00,36.1,36.1,36.1,36.1,8,288.0,36.1125,36.370000000000005,37.62041666666667,-0.08081823052953041,-0.09620157396931811,0.0153833434397877
2026-01-27 11:10:00,36.1,36.1,36.1,36.1,260,9386.0,36.105000000000004,36.355000000000004,37.6125,-0.07583357039776928,-0.09212797325500835,0.01629440285723907
2026-01-27 11:11:00,35.8,35.8,35.8,35.8,2000,71600.0,36.085,36.345000000000006,37.60333333333334,-0.09499563359484142,-0.09270150532297497,-0.0022941282718664524
2026-01-27 11:12:00,36.0,36.0,36.0,36.0,4000,144000.0,36.085,36.33833333333334,37.595000000000006,-0.09297165879375058,-0.0927555360171301,-0.0002161227766204754
2026-01-27 11:14:00,36.1,36.1,36.1,36.1,3000,108300.0,36.09,36.33083333333334,37.58770833333334,-0.08234920949040259,-0.0906742707117846,0.008325061221382019
2026-01-27 11:16:00,35.8,35.95,35.8,35.95,3050,109497.0,36.065,36.32416666666666,37.579166666666666,-0.08505413713604071,-0.08955024399663583,0.004496106860595123
2026-01-27 11:19:00,35.75,35.75,35.75,35.75,370,13227.0,36.045,36.31333333333334,37.57041666666667,-0.10215852048078489,-0.09207189929346565,-0.010086621187319234
2026-01-27 11:20:00,36.1,36.1,36.1,36.1,1000,36100.0,36.052499999999995,36.306666666666665,37.563125,-0.08647496303885305,-0.09095251204254315,0.004477549003690101
2026-01-27 11:35:00,36.1,36.1,36.1,36.1,2000,72200.0,36.052499999999995,36.3025,37.55520833333333,-0.07320180592009251,-0.08740237081805304,0.014200564897960524
2026-01-27 11:45:00,35.85,36.0,35.85,36.0,5000,179550.0,36.045,36.29416666666667,37.546875,-0.06994560811000383,-0.0839110182764432,0.013965410166439374
2026-01-27 11:59:00,35.75,35.75,35.75,35.75,2000,71500.0,36.025,36.28416666666667,37.538125,-0.08654037497549183,-0.08443688961625294,-0.002103485359238891
2026-01-27 12:00:00,35.9,35.9,35.9,35.9,2210,79339.0,36.0125,36.2725,37.529374999999995,-0.08658994588177649,-0.08486750086935765,-0.0017224450124188329
2026-01-27 12:03:00,35.7,35.7,35.7,35.7,1000,35700.0,35.99,36.255,37.52041666666667,-0.10159641943078412,-0.08821328458164296,-0.013383134849141165
2026-01-27 12:07:00,35.7,35.85,35.7,35.85,5000,178950.0,35.99,36.2425,37.51208333333333,-0.10023002213236509,-0.0906166320917874,-0.009613390040577693
2026-01-27 12:13:00,35.7,35.85,35.7,35.85,21000,751050.0,35.9825,36.2275,37.50375,-0.09801726046400461,-0.09209675776623086,-0.00592050269777375
2026-01-27 12:15:00,35.7,35.95,35.7,35.85,11037,394780.0,35.9675,36.215,37.495416666666664,-0.09516660946498234,-0.09271072810598116,-0.002455881359001183
2026-01-27 12:19:00,35.9,35.9,35.7,35.7,1030,36777.0,35.945,36.20166666666667,37.48708333333334,-0.10381448563994411,-0.09493147961277376,-0.008883006027170348
2026-01-27 12:22:00,35.7,35.85,35.7,35.85,6000,214650.0,35.932500000000005,36.19083333333334,37.479375,-0.0974410041742857,-0.09543338452507616,-0.0020076196492095355
2026-01-27 12:24:00,35.7,35.85,35.7,35.85,7000,250350.0,35.92,36.184999999999995,37.471666666666664,-0.09133709699550252,-0.09461412701916144,0.0032770300236589223
2026-01-27 12:27:00,35.7,35.85,35.7,35.7,14000,500700.0,35.9,36.17666666666667,37.46270833333334,-0.09747976690390914,-0.095187254996111,-0.0022925119077981393
2026-01-27 12:29:00,35.7,35.85,35.7,35.85,4000,143250.0,35.8875,36.170833333333334,37.454375000000006,-0.08921570752270469,-0.09399294550142975,0.004777237978725063
2026-01-27 12:36:00,35.7,35.7,35.7,35.7,1000,35700.0,35.8675,36.15,37.44479166666667,-0.09369012587050207,-0.09393238157524422,0.0002422557047421503
2026-01-27 12:38:00,35.7,35.7,35.7,35.7,1000,35700.0,35.8625,36.13666666666667,37.435208333333335,-0.09612803054903196,-0.09437151137000178,-0.0017565191790301776
2026-01-27 12:41:00,35.7,35.85,35.7,35.85,10000,357900.0,35.855000000000004,36.12833333333334,37.42625,-0.08497678172965095,-0.09249256544193163,0.007515783712280677
2026-01-27 12:46:00,35.7,35.7,35.7,35.7,1000,35700.0,35.835,36.115,37.416666666666664,-0.08723746391697773,-0.09144154513694086,0.0042040812199631294
2026-01-27 12:47:00,35.7,35.7,35.7,35.7,600,21420.0,35.8225,36.104166666666664,37.40708333333334,-0.08801449453192589,-0.09075613501593788,0.002741640484011987
2026-01-27 12:49:00,35.7,35.7,35.7,35.7,400,14280.0,35.82000000000001,36.09083333333333,37.398125,-0.08762026501906206,-0.09012896101656273,0.0025086959975006706
2026-01-27 12:56:00,36.0,36.0,35.85,35.85,8000,287550.0,35.807500000000005,36.08,37.389374999999994,-0.07434706223810394,-0.08697258126087098,0.01262551902276704
2026-01-27 12:57:00,36.0,36.0,36.0,36.0,10,360.0,35.8025,36.071666666666665,37.38125,-0.05113475735573303,-0.0798050164798434,0.028670259124110364
2026-01-27 12:58:00,36.0,36.0,36.0,36.0,10,360.0,35.8025,36.063333333333325,37.372499999999995,-0.03236574632417444,-0.0703171624487096,0.03795141612453516
2026-01-27 13:00:00,35.85,35.85,35.85,35.85,2200,78870.0,35.807500000000005,36.052499999999995,37.36416666666666,-0.02925765225302257,-0.06210526040957219,0.03284760815654962
2026-01-27 13:02:00,36.0,36.0,36.0,36.0,23,828.0,35.81250000000001,36.04333333333333,37.35645833333333,-0.01452330331120777,-0.05258886898989931,0.03806556567869154
2026-01-27 13:03:00,36.0,36.0,36.0,36.0,10,360.0,35.8275,36.03666666666666,37.34875,-0.0028137899999620686,-0.04263385319191186,0.03982006319194979
2026-01-27 13:07:00,35.7,35.7,35.7,35.7,1000,35700.0,35.82,36.0225,37.33916666666667,-0.01753922783303352,-0.0376149281201362,0.020075700287102677
2026-01-27 13:14:00,35.7,35.7,35.7,35.7,200,7140.0,35.8125,36.01083333333334,37.32958333333333,-0.028876374536061178,-0.035867217403321196,0.006990842867260018
2026-01-27 13:17:00,36.0,36.0,36.0,36.0,10,360.0,35.82000000000001,36.0,37.32062499999999,-0.01349805500668566,-0.031393384923994086,0.017895329917308425
2026-01-27 13:18:00,36.0,36.0,36.0,36.0,10,360.0,35.835,35.98916666666666,37.312916666666666,-0.0012956900761906809,-0.025373845954433403,0.024078155878242722
2026-01-27 13:20:00,36.0,36.0,36.0,36.0,1000,36000.0,35.8425,35.98083333333333,37.30520833333333,0.008279333046864679,-0.01864321015417379,0.026922543201038467
2026-01-27 13:21:00,36.0,36.0,36.0,36.0,1000,36000.0,35.85,35.97416666666666,37.2975,0.015686780416245938,-0.011777212040089842,0.02746399245633578
2026-01-27 13:24:00,36.0,36.0,36.0,36.0,100,3600.0,35.865,35.965,37.28958333333333,0.021311569319138357,-0.0051594557682442,0.026471025087382558
2026-01-27 13:25:00,35.7,35.7,35.7,35.7,1001,35735.0,35.8575,35.9525,37.280625,0.0015439643932637637,-0.0038187717359426075,0.005362736129206371
2026-01-27 13:26:00,35.7,35.85,35.7,35.85,9000,322200.0,35.864999999999995,35.94583333333333,37.27291666666667,-0.0019952584334816947,-0.0034540690754504256,0.0014588106419687308
2026-01-27 13:28:00,35.7,35.7,35.7,35.7,199,7104.0,35.865,35.9375,37.263958333333335,-0.016711227788526628,-0.006105500818065667,-0.010605726970460961
2026-01-27 13:30:00,35.7,36.0,35.7,36.0,2500,89850.0,35.8725,35.9375,37.256875,-0.0041187681346386285,-0.00570815428138026,0.0015893861467416318
2026-01-27 13:32:00,36.0,36.0,36.0,36.0,1000,36000.0,35.8875,35.9375,37.24916666666666,0.005794056587177465,-0.003407712107668715,0.00920176869484618
2026-01-27 13:38:00,35.85,35.85,35.85,35.85,119,4266.0,35.895,35.927499999999995,37.24083333333333,0.0015286736018609304,-0.0024204349657627857,0.003949108567623716
2026-01-27 13:42:00,35.85,35.85,35.85,35.85,1000,35850.0,35.9025,35.92250000000001,37.2325,-0.0018305714561748232,-0.0023024622638451934,0.00047189080767037024
2026-01-27 13:46:00,35.85,36.0,35.85,36.0,4000,143850.0,35.910000000000004,35.92333333333333,37.22354166666666,0.0075242145690808115,-0.00033712689725999193,0.007861341466340804
2026-01-27 13:51:00,35.95,35.95,35.85,35.85,4000,143700.0,35.902499999999996,35.91916666666667,37.21458333333333,0.0028019048786802614,0.00029067945792805893,0.0025112254207522024
2026-01-27 14:00:00,35.85,35.85,35.85,35.85,2000,71700.0,35.894999999999996,35.91416666666667,37.20479166666667,-0.0009298409457585421,4.657537719073865e-05,-0.0009764163229492808
2026-01-27 14:10:00,35.7,35.7,35.7,35.7,100,3570.0,35.8875,35.90666666666666,37.19375,-0.01580878891708437,-0.0031244974816642844,-0.012684291435420086
2026-01-27 14:24:00,35.7,35.7,35.7,35.7,1000,35700.0,35.872499999999995,35.89916666666667,37.18,-0.02728592719756051,-0.007956783424843532,-0.01932914377271698
2026-01-27 14:26:00,35.7,35.7,35.7,35.7,531,18956.0,35.8575,35.891666666666666,37.167291666666664,-0.03596703636662113,-0.013558834013199055,-0.022408202353422075
2026-01-27 14:56:00,35.95,35.95,35.95,35.95,1000,35950.0,35.870000000000005,35.89333333333334,37.155625,-0.022415574474955235,-0.015330182105550294,-0.007085392369404942
2026-01-27 14:57:00,35.95,35.95,35.75,35.75,2070,74402.0,35.8725,35.889166666666675,37.14333333333333,-0.027497300064389663,-0.01776360569731817,-0.009733694367071492
2026-01-27 14:58:00,36.0,36.0,36.0,36.0,10,360.0,35.8725,35.88666666666667,37.13395833333333,-0.011222329514069429,-0.01645535046066842,0.005233020946598992
2026-01-27 14:59:00,36.0,36.0,35.7,35.7,240,8598.0,35.8575,35.87916666666667,37.123333333333335,-0.02227501834769896,-0.01761928403807453,-0.004655734309624432
2026-01-27 15:00:00,36.0,36.0,36.0,36.0,223,8028.0,35.8575,35.877500000000005,37.11416666666667,-0.006749062096581326,-0.015445239649775889,0.008696177553194562
2026-01-28 09:01:00,36.0,36.0,35.7,36.0,4388,157668.0,35.8575,35.87583333333334,37.105000000000004,0.005492061030039963,-0.011257779513812719,0.01674984054385268
2026-01-28 09:02:00,36.1,36.1,36.1,36.1,3000,108300.0,35.8625,35.875833333333325,37.096250000000005,0.022997304949413433,-0.004406762621167487,0.02740406757058092
2026-01-28 09:04:00,36.15,36.15,36.15,36.15,3000,108450.0,35.885,35.876666666666665,37.08645833333334,0.04043876608340469,0.004562343119746951,0.035876422963657735
2026-01-28 09:10:00,36.15,36.15,36.15,36.15,200,7230.0,35.9,35.877500000000005,37.076666666666675,0.05364288787119165,0.014378452070035894,0.03926443580115575
2026-01-28 09:11:00,36.75,36.75,36.75,36.75,1,36.0,35.9525,35.89333333333333,37.07000000000001,0.11123993043573677,0.033750747743176074,0.07748918269256069
2026-01-28 09:12:00,36.15,36.15,36.15,36.15,1000,36150.0,35.96,35.895833333333336,37.060833333333335,0.1072348791067057,0.048447574015882004,0.0587873050908237
2026-01-28 09:13:00,36.15,36.15,36.15,36.15,3000,108450.0,35.9675,35.89666666666666,37.05083333333334,0.10287496847447386,0.05933305290760038,0.04354191556687348
2026-01-28 09:16:00,36.75,36.75,36.5,36.5,2400,88100.0,36.0,35.905833333333334,37.042291666666664,0.12620694768313,0.07270783186270632,0.05349911582042369
2026-01-28 09:17:00,36.8,36.8,36.8,36.8,3000,110400.0,36.0475,35.92333333333333,37.033750000000005,0.1669803564912442,0.09156233678841391,0.0754180197028303
2026-01-28 09:18:00,37.65,37.65,37.0,37.0,3080,115910.0,36.0975,35.93833333333334,37.02604166666667,0.2129768408110948,0.11584523759295011,0.0971316032181447
2026-01-28 09:28:00,37.65,37.65,37.65,37.65,1,37.0,36.1875,35.964166666666664,37.02166666666667,0.29843873774760254,0.15236393762388062,0.14607480012372193
2026-01-28 09:30:00,37.65,37.65,37.65,37.65,1000,37650.0,36.2775,35.99166666666667,37.017291666666665,0.36199505315087777,0.19429016072928007,0.1677048924215977
2026-01-28 09:31:00,37.65,37.65,37.0,37.0,1540,57630.0,36.3425,36.0125,37.009791666666665,0.3558127355534353,0.22659467569411115,0.12921805985932414
2026-01-28 09:32:00,37.65,37.65,37.65,37.65,1,37.0,36.440000000000005,36.041666666666664,37.005,0.3987660452927173,0.2610289496138324,0.13773709567888492
2026-01-28 09:34:00,37.65,37.85,37.5,37.85,3101,116587.0,36.5475,36.0775,37.001041666666666,0.4438289968514937,0.2975889590613647,0.146240037790129
2026-01-28 09:35:00,37.65,37.65,37.65,37.65,10,376.0,36.6325,36.107499999999995,36.99916666666666,0.45812243186933443,0.32969565362295866,0.12842677824637577
2026-01-28 09:36:00,37.8,37.8,37.8,37.8,1,37.0,36.735,36.14,36.995625000000004,0.4760660355799473,0.35896973001435645,0.11709630556559086
2026-01-28 09:37:00,37.5,37.85,37.5,37.65,3001,112687.0,36.817499999999995,36.17,36.994166666666665,0.4727333486229668,0.38172245373607855,0.09101089488688824
2026-01-28 09:39:00,37.85,37.85,37.85,37.85,1,37.0,36.925,36.20583333333333,36.98958333333334,0.4806894104244961,0.4015158450737621,0.079173565350734
2026-01-28 09:45:00,37.0,37.65,37.0,37.65,201,7437.0,37.0075,36.23583333333333,36.986875000000005,0.4654904342242787,0.4143107629038654,0.05117967132041329
2026-01-28 09:47:00,37.65,37.65,37.1,37.1,2000,74750.0,37.0625,36.25666666666667,36.9825,0.40440302626998204,0.41232921557708874,-0.007926189307106701
2026-01-28 09:48:00,37.5,37.5,37.5,37.5,1000,37500.0,37.1325,36.28666666666666,36.97979166666667,0.383842771875365,0.406631926836744,-0.02278915496137901
2026-01-28 09:49:00,37.85,37.85,37.85,37.85,1,37.0,37.2175,36.32,36.977916666666665,0.3912802617727422,0.4035615938239437,-0.012281332051201466
2026-01-28 09:51:00,37.85,37.85,37.85,37.85,100,3785.0,37.3025,36.35583333333333,36.97604166666667,0.39264832067498645,0.40137893919415224,-0.00873061851916579
2026-01-28 09:52:00,37.85,37.85,37.85,37.85,30,1135.0,37.3575,36.391666666666666,36.97479166666667,0.38924553695822794,0.39895225874696744,-0.009706721788739492
2026-01-28 10:00:00,37.3,37.3,37.3,37.3,200,7460.0,37.415,36.41583333333333,36.96791666666666,0.33826904787007805,0.3868156165715896,-0.04854656870151153
2026-01-28 10:04:00,37.3,37.3,37.3,37.3,443,16523.0,37.4725,36.4425,36.96208333333334,0.29447528521844646,0.368347550300961,-0.07387226508251454
2026-01-28 10:09:00,37.85,37.95,37.85,37.95,2,74.0,37.545,36.48,36.95791666666666,0.30865994085926474,0.35641002841262176,-0.047750087553357023
2026-01-28 10:11:00,37.95,37.95,37.95,37.95,1000,37950.0,37.602500000000006,36.517500000000005,36.95395833333334,0.3162557828472643,0.3483791792995503,-0.03212339645228601
2026-01-28 10:12:00,37.95,37.95,37.8,37.8,3000,113550.0,37.6425,36.55,36.948541666666664,0.30663707462877454,0.3400307583653952,-0.03339368373662066
2026-01-28 10:14:00,37.7,37.85,37.7,37.85,4000,150950.0,37.6525,36.58083333333333,36.943333333333335,0.2995952140629683,0.33194364950490984,-0.03234843544194155
2026-01-28 10:15:00,38.0,38.0,38.0,38.0,1,38.0,37.67,36.61416666666666,36.943125,0.30262970833120306,0.3260808612701685,-0.023451152938965436
2026-01-28 10:16:00,37.55,37.55,37.55,37.55,2200,82610.0,37.6975,36.642500000000005,36.93729166666667,0.2656609536031098,0.3139968797367568,-0.048335926133646956
2026-01-28 10:17:00,37.55,37.7,37.55,37.55,33001,1239487.0,37.6925,36.66833333333334,36.93145833333334,0.2336693542736512,0.29793137464413566,-0.06426202037048445
2026-01-28 10:20:00,37.5,37.65,37.5,37.5,7000,262650.0,37.675,36.69333333333334,36.927083333333336,0.20195320831156494,0.2787357413776215,-0.07678253306605659
2026-01-28 10:21:00,37.65,37.65,37.35,37.35,9001,336987.0,37.66,36.72083333333333,36.92208333333334,0.16283710297589238,0.2555560136972757,-0.09271891072138333
2026-01-28 10:22:00,37.35,37.65,37.35,37.65,3000,112500.0,37.6525,36.75333333333334,36.918125,0.15426651215192067,0.2352981133882047,-0.08103160123628403
2026-01-28 10:23:00,37.05,37.05,37.05,37.05,600,22230.0,37.6225,36.770833333333336,36.911875,0.09793039099751155,0.20782456891006607,-0.10989417791255451
2026-01-28 10:25:00,37.05,37.05,37.05,37.05,1000,37050.0,37.582499999999996,36.788333333333334,36.905625,0.05267638848624756,0.17679493282530237,-0.12411854433905481
2026-01-28 10:28:00,37.65,37.65,37.65,37.65,1,37.0,37.5825,36.81583333333334,36.9025,0.06448392055308005,0.15433273037085793,-0.08984880981777787
2026-01-28 10:35:00,37.45,37.45,37.45,37.45,4000,149800.0,37.6,36.84,36.898541666666674,0.05704556054215715,0.13487529640511778,-0.07782973586296063
2026-01-28 10:44:00,37.3,37.45,37.3,37.45,3140,117272.0,37.597500000000004,36.86416666666666,36.89458333333334,0.050567693746792486,0.11801377587345271,-0.06744608212666023
2026-01-28 10:51:00,37.0,37.0,37.0,37.0,6000,222000.0,37.555,36.88583333333333,36.888749999999995,0.00901873607239878,0.09621476791324193,-0.08719603184084315
2026-01-28 10:52:00,36.9,37.05,36.9,37.05,2000,73950.0,37.515,36.905833333333334,36.88270833333333,-0.019648039724600608,0.07304220638567342,-0.09269024611027403
2026-01-28 10:56:00,37.05,37.05,37.05,37.05,100,3705.0,37.475,36.928333333333335,36.876666666666665,-0.04188385506726888,0.050056994095084954,-0.09194084916235384
2026-01-28 10:57:00,37.0,37.0,37.0,37.0,4000,148000.0,37.46,36.94500000000001,36.87104166666667,-0.06281637301304244,0.027482320673459473,-0.09029869368650191
2026-01-28 11:26:00,36.75,36.9,36.75,36.75,7000,257700.0,37.432500000000005,36.9575,36.86375,-0.0984436577510337,0.002297124988560833,-0.10074078273959453
2026-01-28 11:28:00,36.75,36.75,36.75,36.75,1000,36750.0,37.3725,36.972500000000004,36.856874999999995,-0.1252349075286503,-0.023209281514881403,-0.1020256260137689
2026-01-28 11:29:00,36.75,36.75,36.75,36.75,1000,36750.0,37.3125,36.9875,36.85,-0.14479802450508572,-0.047527030112922274,-0.09727099439216344
2026-01-28 11:31:00,36.75,36.9,36.75,36.9,16000,589050.0,37.2675,37.00249999999999,36.844375,-0.14650932100224168,-0.06732348829078616,-0.07918583271145552
2026-01-28 11:33:00,36.9,36.9,36.9,36.9,1000,36900.0,37.22,37.019999999999996,36.838125,-0.14618045847434757,-0.08309488232749845,-0.06308557614684912
2026-01-28 11:35:00,36.75,36.75,36.75,36.75,3000,110250.0,37.1575,37.035,36.83208333333333,-0.15622274044280715,-0.09772045395056021,-0.05850228649224694
2026-01-28 11:38:00,36.6,36.6,36.6,36.6,1000,36600.0,37.11,37.05,36.82520833333333,-0.1742761210113386,-0.1130315873627159,-0.0612445336486227
2026-01-28 11:39:00,36.6,36.6,36.6,36.6,2000,73200.0,37.0625,37.065000000000005,36.818958333333335,-0.1864344548355632,-0.12771216085728537,-0.05872229397827783
2026-01-28 11:49:00,36.75,36.75,36.75,36.75,15,551.0,37.025,37.0825,36.81333333333334,-0.18186979381653146,-0.1385436874491346,-0.043326106367396866
2026-01-28 11:58:00,36.5,36.5,36.5,36.5,62,2263.0,36.9825,37.09166666666667,36.80604166666667,-0.19616392214843614,-0.1500677343889949,-0.04609618775944124
2026-01-28 12:00:00,36.75,36.75,36.75,36.75,1000,36750.0,36.9375,37.108333333333334,36.80041666666667,-0.18518451930707158,-0.15709109137261024,-0.028093427934461346
2026-01-28 12:06:00,36.75,36.75,36.6,36.6,2000,73350.0,36.915,37.11833333333333,36.79479166666667,-0.18643787013726154,-0.1629604471255405,-0.023477423011721038
2026-01-28 12:09:00,36.6,36.6,36.6,36.6,2000,73200.0,36.8925,37.13333333333333,36.788541666666674,-0.1852951920681818,-0.1674273961140688,-0.017867795954113003
2026-01-28 12:11:00,36.15,36.65,36.15,36.65,2100,75965.0,36.8425,37.14416666666667,36.782291666666666,-0.17829970136371287,-0.16960185716399762,-0.008697844199715254
2026-01-28 12:28:00,36.75,36.75,36.75,36.75,15,551.0,36.8075,37.156666666666666,36.77708333333333,-0.1628097903973753,-0.16824344381067316,0.005433653413297851
2026-01-28 12:30:00,36.55,36.55,36.55,36.55,1000,36550.0,36.7625,37.16416666666667,36.770208333333336,-0.16477285399471953,-0.16754932584748244,0.0027764718527629184
2026-01-28 12:33:00,36.55,36.7,36.5,36.7,12000,439300.0,36.747499999999995,37.17333333333333,36.762708333333336,-0.1524673014969693,-0.16453292097737984,0.012065619480410544
2026-01-28 12:41:00,36.75,36.75,36.75,36.75,999,36713.0,36.7325,37.18333333333333,36.75541666666667,-0.13710007601871155,-0.1590463519856462,0.02194627596693466
2026-01-28 12:43:00,36.55,36.7,36.55,36.7,5600,205130.0,36.714999999999996,37.1825,36.748958333333334,-0.12748643695717732,-0.15273436897995243,0.025247932022775116
2026-01-28 12:58:00,36.7,36.7,36.7,36.7,1000,36700.0,36.7,37.19166666666667,36.7425,-0.11850154667298796,-0.14588780451855954,0.027386257845571582
2026-01-28 12:59:00,36.15,36.15,36.15,36.15,2000,72300.0,36.67,37.19166666666667,36.73375,-0.1539863016164631,-0.14750750393814024,-0.006478797678322851
2026-01-28 13:01:00,36.15,36.15,36.15,36.15,1000,36150.0,36.64,37.185833333333335,36.72645833333333,-0.18003291814919464,-0.15401258678035112,-0.02602033136884352
2026-01-28 13:07:00,36.15,36.15,36.15,36.15,186,6723.0,36.61,37.175,36.71875000000001,-0.19838815425718792,-0.1628877002757185,-0.03550045398146942
2026-01-28 13:10:00,36.75,36.75,36.75,36.75,1000,36750.0,36.6025,37.170833333333334,36.712916666666665,-0.1626449557177807,-0.16283915136413096,0.0001941956463502592
2026-01-28 13:11:00,36.9,36.9,36.9,36.9,1000,36900.0,36.6025,37.15833333333333,36.707708333333336,-0.12082170950351667,-0.15443566299200812,0.033613953488491444
2026-01-28 13:16:00,36.9,36.9,36.9,36.9,1000,36900.0,36.61,37.145833333333336,36.703125,-0.08667732332990141,-0.1408839950595868,0.05420667172968538
2026-01-28 13:19:00,36.9,36.9,36.9,36.9,1000,36900.0,36.625,37.14416666666666,36.697916666666664,-0.058938247856794135,-0.12449484561902827,0.06555659776223413
2026-01-28 13:35:00,36.9,36.9,36.7,36.7,6010,221767.0,36.63,37.12833333333334,36.691875,-0.052488108977783554,-0.11009349829077934,0.05760538931299579
2026-01-28 13:37:00,36.65,36.65,36.65,36.65,1000,36650.0,36.625,37.108333333333334,36.68625,-0.05082503026655871,-0.09823980468593523,0.04741477441937651
2026-01-28 13:39:00,36.9,36.9,36.9,36.9,1,36.0,36.644999999999996,37.09583333333333,36.681666666666665,-0.028999825803154522,-0.0843918089093791,0.05539198310622458
2026-01-28 13:56:00,36.85,36.85,36.85,36.85,100,3685.0,36.65,37.080000000000005,36.67583333333334,-0.015558428279945247,-0.07062513278349233,0.05506670450354709
2026-01-28 14:37:00,36.8,36.8,36.8,36.8,100,3680.0,36.660000000000004,37.06583333333333,36.666875,-0.008838718787060884,-0.05826784998420604,0.049429131197145156
2026-01-28 14:38:00,36.6,36.6,36.6,36.6,1000,36600.0,36.660000000000004,37.044999999999995,36.656875,-0.019427678941781323,-0.050499815775721095,0.03107213683393977
2026-01-28 14:49:00,36.6,36.6,36.6,36.6,1000,36600.0,36.657500000000006,37.0275,36.646875,-0.027502474744579786,-0.045900347569492836,0.01839787282491305
2026-01-28 14:56:00,36.75,36.75,36.75,36.75,100,3675.0,36.657500000000006,37.02166666666667,36.637708333333336,-0.021549651231161704,-0.04103020830182661,0.019480557070664907
2026-01-29 09:01:00,36.75,36.75,36.75,36.75,1,36.0,36.6675,37.00916666666667,36.62854166666667,-0.01664017809408591,-0.036152202260278474,0.019512024166192563
2026-01-29 09:02:00,36.75,36.75,36.75,36.75,2000,73500.0,36.67,36.990833333333335,36.619375,-0.012604093122369875,-0.03144258043269675,0.018838487310326876
2026-01-29 09:04:00,36.9,36.9,36.9,36.9,3000,110700.0,36.6775,36.975,36.613125,0.0026675300676899383,-0.024620558332619415,0.027288088400309354
2026-01-29 09:07:00,37.7,37.7,37.7,37.7,50,1885.0,36.7275,36.9725,36.611875000000005,0.07841974162608523,-0.004012498340878482,0.08243223996696371
2026-01-29 09:25:00,36.7,37.85,36.6,37.85,10001,366487.0,36.785,36.98166666666667,36.611250000000005,0.14884190462338864,0.026558382251974953,0.12228352237141368
2026-01-29 09:27:00,36.7,36.7,36.7,36.7,1000,36700.0,36.8125,36.971666666666664,36.60520833333333,0.11058186817257365,0.0433630794360947,0.06721878873647895
2026-01-29 09:29:00,36.1,36.7,36.1,36.7,1140,41754.0,36.839999999999996,36.950833333333335,36.59979166666667,0.07934586390857845,0.050559636330591455,0.028786227577986996
2026-01-29 09:30:00,36.7,36.7,36.7,36.7,1000,36700.0,36.8675,36.92999999999999,36.59645833333333,0.05396898462586108,0.05124150598964538,0.0027274786362157036
2026-01-29 09:32:00,36.75,36.75,36.75,36.75,1005,36933.0,36.8675,36.9125,36.594166666666666,0.03746038707243571,0.04848528220620345,-0.01102489513376774
2026-01-29 09:37:00,36.05,36.05,36.05,36.05,1000,36050.0,36.825,36.88250000000001,36.58916666666667,-0.03174105416825057,0.03244001493131264,-0.06418106909956321
2026-01-29 09:38:00,36.05,36.05,36.05,36.05,1000,36050.0,36.7825,36.85,36.58354166666666,-0.08559698614692479,0.00883261471566515,-0.09442960086258995
2026-01-29 09:39:00,36.6,36.65,36.6,36.65,1100,40310.0,36.769999999999996,36.835,36.58020833333333,-0.07895309255589922,-0.00872452673864773,-0.07022856581725148
2026-01-29 09:47:00,35.9,36.2,35.9,36.2,3100,111320.0,36.745000000000005,36.8125,36.57625,-0.10874544837425759,-0.028728711065769713,-0.08001673730848788
2026-01-29 09:48:00,36.1,36.1,35.85,35.85,600,21535.0,36.705,36.785,36.57020833333333,-0.15876800124192414,-0.05473656910100061,-0.10403143214092353
2026-01-29 09:49:00,35.85,36.0,35.85,36.0,6000,215550.0,36.66,36.7625,36.56416666666667,-0.18418432612408964,-0.08062612050561843,-0.1035582056184712
2026-01-29 09:50:00,35.85,36.0,35.85,36.0,5000,179700.0,36.61749999999999,36.735,36.55791666666667,-0.2019984344947403,-0.10490058330344282,-0.09709785119129749
2026-01-29 09:51:00,35.85,35.85,35.85,35.85,200,7170.0,36.57,36.715,36.55104166666668,-0.2256191925116866,-0.1290443051450916,-0.096574887366595
2026-01-29 09:57:00,35.8,35.8,35.8,35.8,3000,107400.0,36.53,36.69416666666667,36.54479166666667,-0.24554292950489298,-0.15234403001705188,-0.0931988994878411
2026-01-29 09:58:00,36.75,36.75,36.75,36.75,1,36.0,36.5375,36.67916666666667,36.541875000000005,-0.1825710091490862,-0.15838942584345875,-0.024181583305627447
2026-01-29 10:08:00,36.75,36.75,36.75,36.75,15,551.0,36.5375,36.667500000000004,36.53875000000001,-0.13115345321050853,-0.1529422313168687,0.02178877810636018
2026-01-29 10:10:00,36.75,36.75,36.75,36.75,500,18375.0,36.5375,36.65583333333334,36.53666666666667,-0.08937441703969995,-0.14022866846143497,0.050854251421735025
2026-01-29 10:13:00,36.25,36.25,36.25,36.25,1000,36250.0,36.5125,36.64333333333334,36.532500000000006,-0.09550908195385688,-0.13128475115991936,0.03577566920606248
2026-01-29 10:14:00,36.25,36.25,36.25,36.25,1000,36250.0,36.480000000000004,36.63,36.529375,-0.09922702076747214,-0.12487320508142992,0.02564618431395778
2026-01-29 10:18:00,36.75,36.75,36.75,36.75,1,36.0,36.432500000000005,36.625,36.528333333333336,-0.06112310364688511,-0.11212318479452096,0.05100008114763585
2026-01-29 10:27:00,36.25,36.4,36.25,36.4,2000,72650.0,36.36,36.614999999999995,36.52520833333333,-0.0584932756618457,-0.10139720296798592,0.04290392730614022
2026-01-29 10:28:00,36.15,36.3,36.15,36.3,4000,144750.0,36.339999999999996,36.607499999999995,36.52166666666667,-0.06374348706203392,-0.09386645978679553,0.03012297272476161
2026-01-29 11:06:00,35.7,35.7,35.7,35.7,30,1071.0,36.290000000000006,36.589999999999996,36.515625,-0.11499372691047682,-0.09809191321153181,-0.016901813698945015
2026-01-29 11:09:00,35.7,36.2,35.7,35.7,4232,151159.0,36.239999999999995,36.5725,36.51020833333334,-0.15383657890671287,-0.10924084635056802,-0.04459573255614485
2026-01-29 11:19:00,35.55,35.55,35.55,35.55,2000,71100.0,36.18,36.55,36.504583333333336,-0.19448170136637088,-0.1262890173537286,-0.06819268401264228
2026-01-29 11:20:00,35.55,35.9,35.55,35.7,6600,235555.0,36.1625,36.53,36.498541666666675,-0.2121440428790251,-0.14346002245878792,-0.06868402042023719
2026-01-29 11:24:00,35.45,35.6,35.45,35.6,4030,143018.0,36.14,36.51083333333334,36.49270833333334,-0.2315416717806258,-0.1610763523231555,-0.07046531945747028
2026-01-29 11:28:00,35.35,35.5,35.35,35.5,9050,320375.0,36.082499999999996,36.4925,36.48583333333333,-0.25207780072882,-0.17927664200428842,-0.0728011587245316
2026-01-29 11:35:00,35.6,35.6,35.6,35.6,1000,35600.0,36.052499999999995,36.47583333333333,36.48,-0.25731747097907487,-0.19488480779924572,-0.06243266317982915
2026-01-29 11:38:00,35.05,35.45,35.05,35.35,6050,212772.0,36.0275,36.45249999999999,36.473124999999996,-0.2784332528448985,-0.2115944968083763,-0.0668387560365222
2026-01-29 11:41:00,35.05,35.05,35.05,35.05,10,350.0,35.980000000000004,36.42833333333333,36.465,-0.31573555199510395,-0.23242270784572186,-0.08331284414938209
2026-01-29 11:42:00,35.2,35.35,35.0,35.35,6000,210950.0,35.947500000000005,36.404999999999994,36.458124999999995,-0.31743125016696894,-0.2494244163099713,-0.06800683385699763
2026-01-29 11:48:00,35.05,35.05,35.05,35.05,2000,70100.0,35.9075,36.37916666666667,36.45062500000001,-0.33907396240797993,-0.2673543255295731,-0.07171963687840682
2026-01-29 11:51:00,35.05,35.05,35.05,35.05,2000,70100.0,35.87,36.35333333333333,36.44375,-0.3521664125978532,-0.2843167429432291,-0.06784966965462408
2026-01-29 11:52:00,35.05,35.3,35.05,35.15,3360,118536.0,35.79,36.32833333333333,36.4375,-0.35043352983951337,-0.297540100322486,-0.05289342951702736
2026-01-29 11:53:00,35.15,35.15,35.15,35.15,120,4218.0,35.709999999999994,36.30166666666666,36.43104166666667,-0.34508231366316267,-0.30704854299062134,-0.03803377067254132
2026-01-29 11:54:00,35.3,35.3,35.3,35.3,2000,70600.0,35.6375,36.28083333333334,36.42604166666667,-0.32499139143196487,-0.31063711267889005,-0.014354278753074823
2026-01-29 11:59:00,35.05,35.05,35.05,35.05,101,3540.0,35.5775,36.25333333333333,36.41833333333333,-0.3254900547387862,-0.31360770109086933,-0.011882353647916899
2026-01-29 12:04:00,35.05,35.05,35.05,35.05,497,17419.0,35.5175,36.225,36.41020833333334,-0.32217145699069505,-0.3153204522708345,-0.006851004719860554
2026-01-29 12:11:00,35.15,35.15,35.05,35.05,3031,106536.0,35.4325,36.1975,36.404583333333335,-0.31589994642463637,-0.3154363511015949,-0.0004635953230414658
2026-01-29 12:19:00,35.05,35.15,35.05,35.1,4550,159780.0,35.36749999999999,36.170833333333334,36.39916666666667,-0.30339776639225846,-0.31302863415972765,0.009630867767469187
2026-01-29 12:20:00,35.0,35.0,35.0,35.0,100,3500.0,35.302499999999995,36.15166666666667,36.39270833333333,-0.2981222946701081,-0.31004736626180374,0.011925071591695646
2026-01-29 12:27:00,35.0,35.0,35.0,35.0,6000,210000.0,35.2675,36.13250000000001,36.38708333333333,-0.2905916852619299,-0.306156230061829,0.015564544799899105
2026-01-29 12:30:00,34.9,34.9,34.9,34.9,150,5235.0,35.227500000000006,36.111666666666665,36.380833333333335,-0.28935725697618864,-0.302796435444701,0.013439178468512336
2026-01-29 12:31:00,35.15,35.15,35.15,35.15,1000,35150.0,35.207499999999996,36.085,36.37520833333333,-0.265149573766827,-0.2952670631091262,0.030117489342299186
2026-01-29 12:35:00,35.15,35.15,35.15,35.15,1000,35150.0,35.18,36.05583333333333,36.37020833333333,-0.24316179263394133,-0.28484600901408924,0.04168421638014791
2026-01-29 12:39:00,35.15,35.15,35.15,35.15,1000,35150.0,35.1575,36.026666666666664,36.364583333333336,-0.22316382402402724,-0.27250957201607684,0.049345747992049604
2026-01-29 12:41:00,35.65,35.65,35.65,35.65,30,1069.0,35.165,36.00583333333334,36.36166666666667,-0.16506668253165913,-0.2510209941191933,0.0859543115875342
2026-01-29 12:48:00,35.65,35.65,35.65,35.65,3000,106950.0,35.167500000000004,35.98833333333333,36.357708333333335,-0.11766787728799244,-0.22435037075295314,0.1066824934649607
2026-01-29 12:51:00,35.65,35.65,35.65,35.65,400,14260.0,35.1825,35.971666666666664,36.353125,-0.07919111674337387,-0.1953185199510373,0.11612740320766343
2026-01-29 12:55:00,35.65,35.65,35.0,35.0,4008,140935.0,35.18,35.940000000000005,36.34645833333333,-0.09999489561305097,-0.17625379508344005,0.07625889947038908
2026-01-29 13:00:00,35.15,35.15,35.15,35.15,200,7030.0,35.17,35.91166666666666,36.33979166666666,-0.1031887976264656,-0.16164079559204517,0.058451997965579566
2026-01-29 13:09:00,35.15,35.15,35.15,35.15,39,1370.0,35.175,35.88416666666667,36.33375,-0.10451520179508123,-0.15021567683265238,0.04570047503757116
2026-01-29 13:11:00,35.15,35.15,35.15,35.15,300,10545.0,35.17999999999999,35.86000000000001,36.328125,-0.10436335090958693,-0.1410452116480393,0.036681860738452365
2026-01-29 13:20:00,35.15,35.15,35.15,35.15,1000,35150.0,35.17999999999999,35.835833333333326,36.3225,-0.10305505348181043,-0.13344718001479353,0.030392126532983094
2026-01-29 13:21:00,34.1,34.1,34.1,34.1,1,34.0,35.1275,35.791666666666664,36.313750000000006,-0.18461630132634355,-0.14368100427710354,-0.04093529704924001
2026-01-29 13:24:00,34.1,34.1,34.1,34.1,100,3410.0,35.0675,35.747499999999995,36.305,-0.24641367440879947,-0.16422753830344275,-0.08218613610535672
2026-01-29 13:25:00,35.05,35.05,34.85,35.0,13532,473817.0,35.065,35.718333333333334,36.3,-0.22022741486475894,-0.175427513615706,-0.04479990124905295
2026-01-29 13:26:00,35.15,35.15,34.85,35.15,300,10539.0,35.07,35.68916666666667,36.292500000000004,-0.18523558855685707,-0.1773891286039362,-0.007846459952920853
2026-01-29 13:27:00,35.15,35.25,35.0,35.25,4000,140550.0,35.08,35.64833333333333,36.28729166666667,-0.14773218516968,-0.171457739917085,0.02372555474740498
2026-01-29 13:28:00,35.25,35.25,35.15,35.15,300,10555.0,35.0825,35.60333333333333,36.282291666666666,-0.1246428271293567,-0.16209475735953935,0.037451930230182645
2026-01-29 13:30:00,35.0,35.0,35.0,35.0,2000,70000.0,35.0825,35.575,36.276041666666664,-0.11709825513618455,-0.1530954569148684,0.035997201778683846
2026-01-29 13:31:00,34.85,34.85,34.85,34.85,2000,69700.0,35.075,35.54416666666667,36.26979166666667,-0.12181862459866721,-0.14684009045162816,0.025021465852960945
2026-01-29 13:33:00,35.15,35.15,35.15,35.15,20,703.0,35.0875,35.51833333333333,36.26416666666667,-0.10019704939578133,-0.1375114822404588,0.037314432844677475
2026-01-29 13:35:00,34.85,35.05,34.85,35.05,1100,38355.0,35.082499999999996,35.49,36.25812499999999,-0.09009243008416945,-0.12802767180920094,0.03793524172503149
2026-01-29 13:36:00,34.85,34.85,34.85,34.85,1000,34850.0,35.0675,35.47,36.25125,-0.09710342714676301,-0.12184282287671336,0.024739395729950348
2026-01-29 13:38:00,34.85,35.0,34.85,34.85,6000,209550.0,35.052499999999995,35.45,36.244375,-0.10148978180096435,-0.11777221466156358,0.01628243286059923
2026-01-29 13:39:00,35.0,35.0,35.0,35.0,1100,38500.0,35.02,35.4225,36.238125,-0.09180399377447657,-0.11257857048414618,0.020774576709669618
2026-01-29 13:40:00,35.1,35.1,35.1,35.1,1000,35100.0,34.99249999999999,35.40416666666667,36.232083333333335,-0.07519200607538323,-0.10510125760239361,0.029909251527010378
2026-01-29 13:44:00,35.1,35.1,34.95,34.95,4000,140100.0,34.957499999999996,35.38916666666667,36.22604166666667,-0.07328583900543606,-0.0987381738830021,0.02545233487756604
2026-01-29 14:02:00,34.85,35.0,34.85,35.0,6000,209550.0,34.957499999999996,35.372499999999995,36.219583333333325,-0.06696863302179423,-0.09238426571076054,0.025415632688966308
2026-01-29 14:10:00,35.0,35.0,35.0,35.0,11000,385000.0,34.95,35.35583333333333,36.21375,-0.06125607980929715,-0.08615862853046787,0.024902548721170717
2026-01-29 14:35:00,35.15,35.15,35.15,35.15,150,5272.0,34.95,35.344166666666666,36.2075,-0.04411654575608992,-0.07775021197559229,0.03363366621950237
2026-01-29 14:37:00,35.15,35.15,34.75,34.75,1300,45295.0,34.93,35.32666666666667,36.19958333333334,-0.06209421513599267,-0.07461901260767237,0.0125247974716797
2026-01-29 14:57:00,35.15,35.15,35.0,35.15,11000,386200.0,34.93,35.3,36.193958333333335,-0.04356282544632961,-0.06840777517540382,0.02484494972907421
2026-01-29 14:58:00,35.0,35.0,35.0,35.0,10,350.0,34.975,35.270833333333336,36.188125,-0.040513299900901245,-0.0628288801205033,0.02231558021960206
2026-01-29 15:00:00,35.65,35.65,35.65,35.65,1,35.0,35.052499999999995,35.25249999999999,36.184375,0.014189471394239206,-0.047425209817554805,0.06161468121179401
2026-01-30 09:02:00,35.0,35.0,35.0,35.0,3000,105000.0,35.052499999999995,35.23166666666666,36.17833333333333,0.005034212763426638,-0.03693332530135852,0.041967538064785155
2026-01-30 09:06:00,35.05,35.05,34.9,34.9,5000,174950.0,35.040000000000006,35.20916666666666,36.172708333333325,-0.010173288588497087,-0.03158131795878623,0.02140802937028914
2026-01-30 09:07:00,34.75,34.75,34.75,34.75,1000,34750.0,35.015,35.17583333333333,36.166666666666664,-0.033937874678024116,-0.032052629302633806,-0.0018852453753903098
2026-01-30 09:09:00,34.75,34.75,34.75,34.75,2000,69500.0,34.995000000000005,35.14833333333333,36.161458333333336,-0.05217009597690492,-0.03607612263748803,-0.016093973339416888
2026-01-30 09:12:00,34.6,34.6,34.6,34.6,200,6920.0,34.975,35.12,36.155625,-0.0778258808010861,-0.04442607427020765,-0.03339980653087845
2026-01-30 09:13:00,34.6,34.8,34.6,34.6,4230,146544.0,34.9625,35.101666666666674,36.14791666666667,-0.09703966229237437,-0.054948791874640995,-0.04209087041773338
2026-01-30 09:16:00,34.95,34.95,34.95,34.95,150,5242.0,34.9525,35.089166666666664,36.142916666666665,-0.08306710178221977,-0.06057245385615676,-0.022494647926063004
2026-01-30 09:17:00,34.95,34.95,34.95,34.95,2000,69900.0,34.947500000000005,35.079166666666666,36.138749999999995,-0.07117330535081834,-0.06269262415508908,-0.008480681195729256
2026-01-30 09:18:00,35.0,35.0,35.0,35.0,2400,84000.0,34.955,35.067499999999995,36.13416666666667,-0.057055108085755535,-0.06156512094122237,0.004510012855466837
2026-01-30 09:23:00,34.45,34.45,34.45,34.45,10,344.0,34.934999999999995,35.04833333333333,36.12708333333333,-0.08921828563494216,-0.06709575387996634,-0.02212253175497582
2026-01-30 09:24:00,34.65,34.65,34.65,34.65,40,1386.0,34.917500000000004,35.03416666666667,36.12083333333333,-0.09744620781011548,-0.07316584466599617,-0.024280363144119313
2026-01-30 09:25:00,34.65,34.65,34.65,34.65,200,6930.0,34.895,35.01833333333333,36.114583333333336,-0.10278208748798079,-0.07908909323039309,-0.023692994257587696
2026-01-30 09:27:00,34.4,34.6,34.4,34.5,9500,327300.0,34.8725,35.00416666666667,36.107708333333335,-0.11775712612462996,-0.08682269980924047,-0.030934426315389493
2026-01-30 09:28:00,34.35,34.35,34.35,34.35,3000,103050.0,34.839999999999996,34.9925,36.10145833333333,-0.1401135566675933,-0.09748087118091105,-0.04263268548668224
2026-01-30 09:29:00,34.6,34.6,34.6,34.6,15,519.0,34.82,34.980000000000004,36.095625000000005,-0.13608952297142451,-0.10520260153901374,-0.03088692143241077
2026-01-30 09:31:00,34.6,34.6,34.6,34.6,1000,34600.0,34.792500000000004,34.9725,36.08916666666667,-0.13138591226392293,-0.11043926368399559,-0.02094664857992734
2026-01-30 09:34:00,34.2,34.35,34.2,34.2,6326,216601.0,34.765,34.958333333333336,36.08104166666667,-0.15811230373508778,-0.11997387169421404,-0.038138432040873735
2026-01-30 09:36:00,34.05,34.05,34.05,34.05,4000,136200.0,34.71,34.940000000000005,36.072500000000005,-0.18921574658304507,-0.13382224667198026,-0.05539349991106482
2026-01-30 09:37:00,33.9,34.35,33.9,34.35,3800,129135.0,34.6775,34.92666666666666,36.06520833333333,-0.18749661210114965,-0.14455711975781413,-0.04293949234333552
2026-01-30 09:38:00,34.35,34.35,34.35,34.35,600,20610.0,34.612500000000004,34.91083333333333,36.057916666666664,-0.1840129983378347,-0.15244829547381825,-0.03156470286401644
2026-01-30 09:40:00,34.55,34.55,34.55,34.55,200,6910.0,34.589999999999996,34.9025,36.05145833333333,-0.16323224113479995,-0.1546050846060146,-0.008627156528785346
2026-01-30 09:46:00,33.9,34.1,33.85,33.85,5021,170365.0,34.5375,34.8825,36.04208333333334,-0.20093128046422493,-0.16387032377765667,-0.03706095668656825
2026-01-30 09:52:00,34.35,34.35,34.35,34.35,100,3435.0,34.5175,34.87083333333333,36.03604166666666,-0.18829170979110188,-0.16875460098034573,-0.019537108810756154
2026-01-30 09:54:00,33.85,33.85,33.85,33.85,200,6770.0,34.4725,34.85,36.02708333333333,-0.2161291776706591,-0.17822951631840842,-0.037899661352250674
2026-01-30 09:56:00,33.85,34.25,33.85,34.0,20400,692145.0,34.442499999999995,34.833333333333336,36.01833333333333,-0.2235103370900262,-0.187285680472732,-0.03622465661729421
2026-01-30 10:01:00,34.0,34.0,34.0,34.0,99,3366.0,34.4125,34.81666666666667,36.01020833333334,-0.2267461704004674,-0.1951777784582791,-0.0315683919421883
2026-01-30 10:03:00,34.0,34.0,34.0,34.0,200,6800.0,34.364999999999995,34.80166666666667,36.00291666666667,-0.22669736549667618,-0.20148169586595854,-0.02521566963071764
2026-01-30 10:04:00,34.0,34.0,34.0,34.0,50,1700.0,34.317499999999995,34.782500000000006,35.994166666666665,-0.22407568227579588,-0.20600049314792604,-0.018075189127869845
2026-01-30 10:05:00,33.7,33.95,33.6,33.6,22238,749566.0,34.247499999999995,34.75666666666667,35.98375,-0.2513769198403395,-0.21507577848640874,-0.036301141353930755
2026-01-30 10:06:00,33.35,33.5,33.3,33.4,17500,584550.0,34.195,34.7275,35.97291666666667,-0.2858565000422999,-0.229231922797587,-0.0566245772447129
2026-01-30 10:07:00,33.45,33.45,32.9,33.2,6400,211055.0,34.1225,34.68666666666666,35.96229166666667,-0.3255672081772545,-0.24849897987352051,-0.07706822830373397
2026-01-30 10:08:00,33.2,33.3,32.9,33.0,20320,670990.0,34.04,34.642500000000005,35.950208333333336,-0.3689238346855319,-0.27258395083592285,-0.09633988384960906
2026-01-30 10:10:00,32.9,33.0,32.9,32.9,8101,266722.0,33.959999999999994,34.59666666666667,35.938541666666666,-0.40666564936084626,-0.29940029054090755,-0.1072653588199387
2026-01-30 10:11:00,32.45,32.45,32.45,32.45,999,32417.0,33.865,34.55416666666667,35.924375000000005,-0.46749851670633547,-0.3330199357739932,-0.13447858093234227
2026-01-30 10:12:00,32.7,32.7,32.7,32.7,2020,66054.0,33.77,34.513333333333335,35.91125,-0.4898889567439042,-0.3643937399679754,-0.1254952167759288
2026-01-30 10:13:00,32.5,32.8,32.5,32.8,1251,40957.0,33.68,34.47416666666666,35.89854166666667,-0.4938713361836591,-0.3902892592111122,-0.1035820769725469
2026-01-30 10:16:00,32.8,32.9,32.7,32.9,5100,167070.0,33.614999999999995,34.436666666666675,35.886875,-0.48338606268279705,-0.4089086199054492,-0.07447744277734786
2026-01-30 10:34:00,32.9,32.9,32.8,32.8,260,8543.0,33.552499999999995,34.3975,35.874166666666675,-0.47763963970995604,-0.42265482386635056,-0.05498481584360548
2026-01-30 10:38:00,32.8,32.8,32.7,32.7,17000,556900.0,33.47,34.374166666666675,35.86104166666667,-0.4756714776690103,-0.43325815462688255,-0.04241332304212775
2026-01-30 10:39:00,32.95,32.95,32.95,32.95,126,4151.0,33.4,34.355,35.849583333333335,-0.4487656928486814,-0.4363596622712424,-0.012406030577438998
2026-01-30 10:42:00,32.55,32.8,32.55,32.8,3100,100930.0,33.3125,34.318333333333335,35.836875,-0.4345373350225117,-0.4359951968214963,0.0014578617989846054
2026-01-30 10:43:00,32.95,32.95,32.95,32.95,200,6590.0,33.2675,34.281666666666666,35.82541666666667,-0.4064719568393542,-0.4300905488250679,0.0236185919857137
2026-01-30 10:45:00,32.95,32.95,32.95,32.95,1000,32950.0,33.1975,34.24333333333333,35.81395833333333,-0.37985125362646244,-0.42004268978534687,0.04019143615888443
2026-01-30 10:48:00,32.5,32.95,32.5,32.6,11700,381570.0,33.135000000000005,34.200833333333335,35.80041666666667,-0.3825860160251793,-0.4125513550333134,0.02996533900813414
2026-01-30 10:49:00,32.4,32.4,32.4,32.4,1,32.0,33.055,34.1575,35.78666666666667,-0.3963230974939691,-0.4093057035254446,0.012982606031475497
2026-01-30 10:51:00,32.4,32.55,32.4,32.5,13380,434360.0,32.980000000000004,34.11833333333333,35.77333333333333,-0.3945920576476496,-0.40636297434988566,0.011770916702236067
2026-01-30 10:55:00,32.4,32.4,32.4,32.4,1,32.0,32.9,34.0725,35.75958333333334,-0.396716262239309,-0.4044336319277704,0.007717369688461373
2026-01-30 10:56:00,32.35,32.35,32.35,32.35,1,32.0,32.8175,34.0275,35.745000000000005,-0.3978481460391592,-0.4031165347500482,0.005268388710889027
2026-01-30 10:58:00,32.4,32.5,32.4,32.4,7200,233500.0,32.75750000000001,33.986666666666665,35.730000000000004,-0.3902124635913111,-0.40053572051830083,0.01032325692698971
2026-01-30 11:01:00,32.5,32.5,32.5,32.5,1000,32500.0,32.7125,33.9475,35.71541666666667,-0.37180601764394794,-0.3947897799434303,0.022983762299482347
2026-01-30 11:04:00,32.9,32.9,32.9,32.9,300,9870.0,32.697500000000005,33.9125,35.703125,-0.3212390754613281,-0.3800796390470099,0.05884056358568179
2026-01-30 11:05:00,32.9,32.9,32.9,32.9,100,3290.0,32.6925,33.87583333333333,35.69020833333333,-0.2779602566520225,-0.35965576256801246,0.08169550591598995
2026-01-30 11:09:00,32.4,32.4,32.4,32.4,1,32.0,32.667500000000004,33.833333333333336,35.67520833333334,-0.28077075181109024,-0.34387876041662807,0.06310800860553784
2026-01-30 11:11:00,32.9,32.9,32.9,32.9,100,3290.0,32.69,33.79833333333333,35.66354166666667,-0.23988700013445197,-0.32308040836019286,0.0831934082257409
2026-01-30 11:25:00,32.35,32.35,32.35,32.35,150,4852.0,32.6725,33.75416666666667,35.64958333333334,-0.2489964596455181,-0.30826361861725793,0.05926715897173984
2026-01-30 11:26:00,32.35,32.5,32.35,32.35,18400,596350.0,32.65,33.707499999999996,35.634375,-0.2532959340813079,-0.29727008171006797,0.04397414762876006
2026-01-30 11:30:00,32.9,32.9,32.9,32.9,100,3290.0,32.65,33.67666666666666,35.62145833333334,-0.20990326095741807,-0.279796717559538,0.06989345660211993
2026-01-30 11:31:00,32.3,32.3,32.3,32.3,1,32.0,32.625,33.62916666666667,35.60604166666667,-0.22137734029389122,-0.2681128421064087,0.046735501812517455
2026-01-30 11:48:00,32.9,32.95,32.9,32.95,3000,98750.0,32.6375,33.595,35.59333333333334,-0.17599233304703432,-0.2496887402945338,0.07369640724749948
2026-01-30 11:50:00,32.95,32.95,32.95,32.95,10,329.0,32.6375,33.55,35.580625000000005,-0.1384286683032414,-0.22743672589627537,0.08900805759303396
2026-01-30 11:53:00,32.4,32.5,32.4,32.5,3100,100450.0,32.6225,33.50833333333333,35.56729166666666,-0.14331834785379982,-0.21061305028778027,0.06729470243398045
2026-01-30 11:58:00,32.4,32.4,32.4,32.4,1000,32400.0,32.595,33.46666666666667,35.55291666666666,-0.15349324382241747,-0.19918908899470772,0.04569584517229025
2026-01-30 12:01:00,32.4,32.5,32.4,32.5,6000,194700.0,32.572500000000005,33.42916666666667,35.53958333333333,-0.15173860968020136,-0.18969899313180646,0.0379603834516051
2026-01-30 12:10:00,32.35,32.35,32.35,32.35,100,3235.0,32.56,33.38916666666667,35.524375,-0.1606004933615921,-0.1838792931777636,0.023278799816171508
2026-01-30 12:11:00,32.5,33.0,32.35,32.9,11001,361232.0,32.585,33.36083333333333,35.51145833333333,-0.12183871569474292,-0.1714711776811595,0.049632461986416576
2026-01-30 12:12:00,32.4,32.4,32.4,32.4,1,32.0,32.58,33.32416666666667,35.497083333333336,-0.12996736606180548,-0.1631704153572887,0.033203049295483233
2026-01-30 12:15:00,33.0,33.0,33.0,33.0,1000,33000.0,32.61,33.291666666666664,35.48520833333334,-0.0869916093287415,-0.14793465415157928,0.06094304482283777
2026-01-30 12:17:00,33.0,33.0,33.0,33.0,1000,33000.0,32.6425,33.259166666666665,35.47270833333334,-0.05232978728057702,-0.12881368077737881,0.07648389349680179
2026-01-30 12:22:00,32.45,32.45,32.45,32.45,1001,32482.0,32.645,33.21666666666667,35.45854166666666,-0.0684513821171393,-0.11674122104533091,0.04828983892819161
2026-01-30 12:26:00,32.45,32.45,32.45,32.45,1000,32450.0,32.6425,33.18333333333333,35.444375,-0.08030218853190263,-0.10945341454264527,0.029151226010742645
2026-01-30 12:33:00,32.95,32.95,32.95,32.95,1000,32950.0,32.644999999999996,33.155,35.432916666666664,-0.048785843830863485,-0.09731990040028891,0.04853405656942543
2026-01-30 12:35:00,32.95,32.95,32.95,32.95,1000,32950.0,32.6475,33.126666666666665,35.421458333333334,-0.0235375869416643,-0.082563437708564,0.0590258507668997
2026-01-30 12:38:00,32.95,33.0,32.95,33.0,2000,65950.0,32.6775,33.10166666666667,35.41020833333334,0.0005006495036283809,-0.06595062026612553,0.0664512697697539
2026-01-30 12:40:00,33.0,33.0,32.9,33.0,12000,395400.0,32.682500000000005,33.079166666666666,35.39791666666667,0.01932832022853148,-0.048894832167194126,0.0682231523957256
2026-01-30 12:44:00,32.7,32.7,32.7,32.7,1,32.0,32.7,33.0475,35.38520833333334,0.00992745461152822,-0.03713037481144966,0.04705782942297788
2026-01-30 12:50:00,32.9,32.9,32.9,32.9,2000,65800.0,32.7275,33.01916666666667,35.37229166666667,0.01840338662542962,-0.0260236225240738,0.04442700914950342
2026-01-30 12:52:00,32.9,33.0,32.9,33.0,4000,131900.0,32.7325,32.99916666666667,35.361041666666665,0.03281155687420778,-0.014256586644417485,0.04706814351862527
2026-01-30 12:53:00,33.4,33.4,33.4,33.4,1000,33400.0,32.78750000000001,32.98833333333333,35.35020833333333,0.07563492038109132,0.003721714760684281,0.07191320562040704
2026-01-30 12:55:00,33.3,33.3,33.0,33.0,3025,100725.0,32.790000000000006,32.965833333333336,35.33770833333333,0.07641522033228654,0.018260415875004737,0.0581548044572818
2026-01-30 13:02:00,32.9,32.9,32.9,32.9,2000,65800.0,32.7875,32.94166666666667,35.324375,0.06817852974895544,0.028244038649794884,0.03993449109916056
2026-01-30 13:06:00,32.9,33.0,32.9,32.9,6018,198194.0,32.8075,32.91416666666667,35.31083333333333,0.060948318838946136,0.03478489468762514,0.026163424151320995
2026-01-30 13:17:00,32.9,32.9,32.9,32.9,700,23030.0,32.832499999999996,32.89833333333333,35.297291666666666,0.05458905594547758,0.03874572693919563,0.01584332900628195
2026-01-30 13:28:00,32.9,32.9,32.9,32.9,400,13160.0,32.8525,32.87416666666667,35.28125,0.04898462996403907,0.040793507544164324,0.008191122419874748
2026-01-30 13:29:00,32.9,33.0,32.9,33.0,4000,131900.0,32.885,32.86,35.268125000000005,0.05201267650320318,0.0430373413359721,0.008975335167231084
2026-01-30 13:56:00,33.0,33.0,33.0,33.0,20,660.0,32.89,32.843333333333334,35.255,0.05379234058371196,0.04518834118552008,0.008603999398191883
2026-01-30 14:30:00,32.9,32.9,32.9,32.9,1000,32900.0,32.915,32.825,35.24,0.046596438189993705,0.04546996058641481,0.001126477603578896
2026-01-30 14:44:00,33.65,33.65,33.65,33.65,1,33.0,32.947500000000005,32.81916666666667,35.22687499999999,0.1002566692126905,0.05642730231166995,0.043829366901020544
2026-01-30 14:49:00,32.9,32.9,32.9,32.9,3,98.0,32.9425,32.80083333333333,35.20979166666666,0.08132657478076055,0.06140715680548808,0.01991941797527247
2026-01-30 14:50:00,33.0,33.0,33.0,33.0,2349,77517.0,32.97,32.79083333333333,35.190416666666664,0.07354571361863549,0.06383486816811758,0.00971084545051791
2026-01-30 15:00:00,32.9,33.65,32.9,33.65,2001,65833.0,33.03,32.795,35.173750000000005,0.11846332138484428,0.07476055881146293,0.04370276257338135
2026-02-02 09:01:00,32.9,33.0,32.85,32.85,3774,124263.0,33.025,32.78916666666667,35.15645833333333,0.08848750614316714,0.07750594827780377,0.010981557865363367
2026-02-02 09:02:00,32.85,32.85,32.85,32.85,2000,65700.0,33.019999999999996,32.78666666666667,35.13645833333333,0.06399377618295432,0.07480351385883388,-0.01080973767587956
2026-02-02 09:05:00,32.8,32.9,32.8,32.8,15000,492500.0,33.01,32.785,35.11541666666667,0.040085654120872505,0.0678599419112416,-0.027774287790369098
2026-02-02 09:07:00,32.35,32.35,32.35,32.35,1,32.0,32.9775,32.78333333333333,35.093333333333334,-0.015000033011759228,0.05128794692664143,-0.06628797993840066
2026-02-02 09:08:00,32.35,32.85,32.35,32.85,1023,33594.0,32.985,32.785833333333336,35.07270833333333,-0.01810135446311989,0.03741008664868917,-0.05551144111180906
2026-02-02 09:10:00,32.4,32.8,32.3,32.4,24115,781457.0,32.96,32.77916666666667,35.05083333333333,-0.05622231737272898,0.018683605844405534,-0.07490592321713452
2026-02-02 09:11:00,32.2,32.2,32.2,32.2,1,32.0,32.92,32.7675,35.02729166666666,-0.10140287444011165,-0.0053336902124979085,-0.09606918422761374
2026-02-02 09:12:00,32.2,32.2,32.2,32.2,1000,32200.0,32.86,32.7575,35.004583333333336,-0.13564515847363623,-0.03139598386472558,-0.10424917460891064
2026-02-02 09:13:00,32.2,32.3,32.1,32.1,7031,226901.0,32.815,32.747499999999995,34.98374999999999,-0.16890455299023444,-0.05889769768982737,-0.11000685530040707
2026-02-02 09:14:00,32.1,32.2,32.1,32.2,5000,160800.0,32.78,32.735,34.961666666666666,-0.18506043697914265,-0.08413024554769044,-0.10093019143145221
2026-02-02 09:17:00,32.3,32.3,32.2,32.2,4000,129100.0,32.745,32.725,34.93812500000001,-0.1956092299963217,-0.10642604243741671,-0.08918318755890497
2026-02-02 09:18:00,32.2,32.2,32.2,32.2,1000,32200.0,32.71,32.7125,34.91458333333333,-0.20164478885597958,-0.12546979172112932,-0.07617499713485026
2026-02-02 09:22:00,32.3,32.3,32.2,32.2,4000,129100.0,32.675,32.7,34.891041666666666,-0.20407555675051725,-0.1411909447270069,-0.06288461202351034
2026-02-02 09:23:00,32.05,32.05,32.05,32.05,1,32.0,32.627500000000005,32.69083333333334,34.869166666666665,-0.21562016912656645,-0.15607678960691884,-0.05954337951964761
2026-02-02 09:25:00,32.05,32.05,32.05,32.05,1000,32050.0,32.58,32.684999999999995,34.84729166666667,-0.22220788344824172,-0.16930300837518344,-0.05290487507305827
2026-02-02 09:27:00,32.1,32.2,32.1,32.2,4020,129243.0,32.545,32.68,34.82333333333334,-0.21287110254986175,-0.17801662721011913,-0.03485447533974262
2026-02-02 09:31:00,32.05,32.05,32.05,32.05,1,32.0,32.464999999999996,32.674166666666665,34.798750000000005,-0.215095891275638,-0.18543248002322293,-0.02966341125241506
2026-02-02 09:32:00,32.05,32.05,32.05,32.05,1000,32050.0,32.4225,32.66916666666666,34.77479166666667,-0.21438772413741702,-0.19122352884606178,-0.023164195291355244
2026-02-02 09:35:00,32.05,32.2,32.05,32.2,3200,102890.0,32.3825,32.66583333333333,34.751250000000006,-0.19942391542072357,-0.19286360616099416,-0.006560309259729419
2026-02-02 09:36:00,32.05,32.1,32.05,32.1,6000,192450.0,32.305,32.65916666666667,34.72666666666667,-0.19340470442706703,-0.19297182581420874,-0.00043287861285828955
2026-02-02 09:37:00,32.0,32.1,31.95,31.95,10001,320131.0,32.260000000000005,32.64333333333333,34.70333333333333,-0.19845056812802397,-0.1940675742769718,-0.004382993851052175
2026-02-02 09:40:00,32.15,32.15,32.15,32.15,3000,96450.0,32.225,32.630833333333335,34.68083333333333,-0.18418791925409295,-0.19209164327239606,0.00790372401830311
2026-02-02 09:41:00,32.6,32.6,32.6,32.6,20,652.0,32.215,32.634166666666665,34.66041666666667,-0.13501703572888601,-0.18067672176369406,0.04565968603480805
2026-02-02 09:45:00,32.05,32.15,32.05,32.15,8000,256700.0,32.205,32.62166666666666,34.638749999999995,-0.13085161945439694,-0.17071170130183466,0.03986008184743772
2026-02-02 09:49:00,32.25,32.25,32.25,32.25,1000,32250.0,32.175,32.62,34.61625,-0.11811972215154043,-0.16019330547177582,0.04207358332023539
2026-02-02 09:51:00,32.25,32.25,32.15,32.15,3000,96550.0,32.1625,32.61666666666667,34.59583333333333,-0.11477570321452646,-0.15110978502032596,0.0363340818057995
2026-02-02 09:56:00,32.05,32.05,32.05,32.05,15,480.0,32.154999999999994,32.6025,34.575,-0.11882496811328025,-0.14465282163891682,0.025827853525636574
2026-02-02 10:02:00,31.95,31.95,31.95,31.95,1000,31950.0,32.1425,32.596666666666664,34.551249999999996,-0.12862054638879528,-0.1414463665888925,0.012825820200097232
2026-02-02 10:10:00,32.1,32.1,32.1,32.1,1000,32100.0,32.1425,32.5825,34.52895833333333,-0.12286357157457672,-0.13772980758602935,0.014866236011452622
2026-02-02 10:12:00,31.95,32.05,31.95,32.05,5110,163375.0,32.135,32.5675,34.506458333333335,-0.12094157054834653,-0.1343721601784928,0.013430589630146261
2026-02-02 10:13:00,32.1,32.1,32.0,32.0,2075,66500.0,32.125,32.55916666666666,34.485625000000006,-0.12204608176085685,-0.1319069444949656,0.009860862734108744
2026-02-02 10:14:00,32.05,32.05,32.05,32.05,70,2243.0,32.11749999999999,32.553333333333335,34.46479166666666,-0.11753199702125272,-0.12903195500022302,0.011499957978970299
2026-02-02 10:15:00,32.15,32.15,32.15,32.15,745,23951.0,32.115,32.5475,34.444375,-0.10467871698855902,-0.12416130739789022,0.019482590409331202
2026-02-02 10:17:00,32.05,32.05,32.05,32.05,3000,96150.0,32.114999999999995,32.5425,34.423750000000005,-0.10139277147019499,-0.11960760021235119,0.0182148287421562
2026-02-02 10:42:00,31.95,31.95,31.95,31.95,50,1597.0,32.11,32.52666666666667,34.403749999999995,-0.10564004752879441,-0.11681408967563985,0.011174042146845434
2026-02-02 10:43:00,32.05,32.05,32.05,32.05,1000,32050.0,32.1025,32.520833333333336,34.38416666666667,-0.09978660230371617,-0.11340859220125511,0.013621989897538947
2026-02-02 10:49:00,32.05,32.05,32.05,32.05,1000,32050.0,32.1025,32.505,34.364583333333336,-0.09406340046295014,-0.10953955385359412,0.015476153390643982
2026-02-02 10:50:00,32.05,32.05,32.05,32.05,1000,32050.0,32.1025,32.48916666666666,34.344375,-0.08850746283314237,-0.10533313564950379,0.016825672816361423
2026-02-02 10:52:00,31.95,31.95,31.95,31.95,1000,31950.0,32.089999999999996,32.48083333333333,34.323750000000004,-0.09112309616781289,-0.10249112775316561,0.011368031585352725
2026-02-02 10:53:00,32.15,32.15,32.15,32.15,1000,32150.0,32.092499999999994,32.475833333333334,34.30458333333333,-0.07617952574720022,-0.09722880735197255,0.021049281604772332
2026-02-02 10:54:00,32.05,32.05,32.05,32.05,1100,35255.0,32.0975,32.46083333333333,34.285624999999996,-0.07158066543762942,-0.09209917896910394,0.02051851353147452
2026-02-02 10:59:00,31.95,32.05,31.85,31.85,15079,481531.0,32.082499999999996,32.4425,34.26583333333333,-0.0831162516288515,-0.09030259350105346,0.007186341872201962
2026-02-02 11:00:00,32.05,32.05,32.05,32.05,1,32.0,32.05499999999999,32.42666666666667,34.24625,-0.07525249435269643,-0.08729257367138206,0.012040079318685629
2026-02-02 11:03:00,31.85,31.85,31.85,31.85,1000,31850.0,32.04,32.4075,34.22687499999999,-0.08418826863088924,-0.08667171266328351,0.002483444032394269
2026-02-02 11:12:00,32.05,32.05,32.05,32.05,2000,64100.0,32.029999999999994,32.39666666666667,34.20729166666667,-0.07427540496131968,-0.08419245112289075,0.009917046161571075
2026-02-02 11:19:00,32.2,32.2,32.2,32.2,20,644.0,32.0325,32.385,34.18895833333333,-0.05369666100411763,-0.07809329309913614,0.02439663209501851
2026-02-02 11:36:00,31.9,31.9,31.9,31.9,100,3190.0,32.025,32.36666666666667,34.169374999999995,-0.060893409630196516,-0.07465331640534822,0.013759906775151709
2026-02-02 11:50:00,31.9,32.0,31.9,32.0,4950,158200.0,32.027499999999996,32.343333333333334,34.15,-0.057860737931193285,-0.07129480071051723,0.01343406277932395
2026-02-02 12:21:00,32.2,32.2,32.0,32.1,10090,324780.0,32.027499999999996,32.32833333333333,34.130625,-0.046848123489738214,-0.06640546526636143,0.019557341776623216
2026-02-02 12:22:00,32.3,32.3,32.2,32.2,2000,64500.0,32.035000000000004,32.31666666666667,34.1125,-0.02970891703571965,-0.059066155620233075,0.029357238584513425
2026-02-02 12:49:00,32.1,32.1,32.1,32.1,1000,32100.0,32.04,32.303333333333335,34.093333333333334,-0.02391940865111053,-0.05203680622640857,0.02811739757529804
2026-02-02 12:53:00,32.4,32.4,32.4,32.4,52,1684.0,32.057500000000005,32.295,34.075208333333336,0.004820740751654284,-0.040665296830796005,0.04548603758245029
2026-02-02 12:55:00,32.4,32.4,32.4,32.4,50,1620.0,32.07,32.28666666666666,34.057291666666664,0.027283014605650635,-0.027075634543506675,0.054358649149157307
2026-02-02 13:02:00,32.4,32.4,32.4,32.4,10,324.0,32.0875,32.276666666666664,34.039375,0.044570744666692974,-0.012746358701466742,0.05731710336815972
2026-02-02 13:07:00,32.1,32.1,32.1,32.1,1000,32100.0,32.095,32.26166666666666,34.0225,0.03367570987501267,-0.0034619449861708566,0.037137654861183526
2026-02-02 14:26:00,32.4,32.4,32.4,32.4,5,162.0,32.1125,32.25333333333334,34.006875,0.048687569113724294,0.006967957833808177,0.041719611279916115
2026-02-03 09:01:00,32.1,32.1,32.1,32.1,21,674.0,32.115,32.2275,33.99,0.035962529268118715,0.012766872120670288,0.023195657147448426
2026-02-03 09:02:00,32.1,32.1,32.1,32.1,500,16050.0,32.11749999999999,32.21416666666667,33.970625,0.02558293931194555,0.015330085558925344,0.010252853753020208
2026-02-03 09:07:00,32.1,32.1,32.1,32.1,1000,32100.0,32.125,32.19916666666667,33.950625,0.017159238470938476,0.015695916141327974,0.0014633223296105016
2026-02-03 09:08:00,33.0,33.0,33.0,33.0,1000,33000.0,32.1675,32.18833333333333,33.934375,0.08215879777247181,0.028988492467556748,0.053170305304915066
2026-02-03 09:15:00,32.2,32.2,32.2,32.2,1000,32200.0,32.175,32.1775,33.914791666666666,0.06833043200845879,0.036856880375737165,0.03147355163272162
2026-02-03 09:16:00,32.2,32.3,32.2,32.3,4000,129000.0,32.1975,32.16833333333333,33.896458333333335,0.06469475590265716,0.04242445548112117,0.022270300421535993
2026-02-03 09:32:00,32.15,32.15,32.15,32.15,500,16075.0,32.2025,32.1575,33.87770833333333,0.049143217575860376,0.043768207900069016,0.00537500967579136
2026-02-03 09:42:00,32.15,32.15,32.15,32.15,1000,32150.0,32.2175,32.15416666666667,33.85791666666667,0.03639892723348481,0.042294351766752177,-0.005895424533267364
2026-02-03 09:44:00,32.15,32.3,32.15,32.3,2218,71491.0,32.230000000000004,32.145,33.83895833333333,0.03796509374890178,0.0414285001631821,-0.0034634064142803206
2026-02-03 10:05:00,32.1,32.2,32.1,32.2,5000,160800.0,32.230000000000004,32.141666666666666,33.81979166666667,0.030782288668405045,0.039299257864226694,-0.00851696919582165
2026-02-03 10:11:00,32.1,32.15,32.05,32.15,9050,290507.0,32.2425,32.14083333333333,33.80125,0.020815335529341894,0.035602473397249736,-0.014787137867907842
2026-02-03 10:12:00,32.0,32.0,32.0,32.0,16,512.0,32.2425,32.1375,33.78208333333333,0.0008034453431378097,0.02864266778642735,-0.02783922244328954
2026-02-03 10:33:00,31.9,31.9,31.9,31.9,150,4785.0,32.2325,32.13416666666667,33.761874999999996,-0.022861750048825513,0.018341784219376777,-0.041203534268202294
2026-02-03 10:39:00,31.9,31.9,31.9,31.9,700,22330.0,32.2175,32.12916666666667,33.74166666666667,-0.04114232478556801,0.006444962418387817,-0.04758728720395582
2026-02-03 10:46:00,31.9,31.9,31.9,31.9,100,3190.0,32.207499999999996,32.12416666666667,33.72145833333333,-0.05499585399770268,-0.005843200864830286,-0.0491526531328724
2026-02-03 10:47:00,32.2,32.2,32.2,32.2,1000,32200.0,32.197500000000005,32.12416666666667,33.701875,-0.04129140134057252,-0.012932840959978735,-0.028358560380593784
2026-02-03 10:48:00,32.2,32.2,32.2,32.2,1000,32200.0,32.1875,32.12416666666666,33.678958333333334,-0.03008373727768543,-0.016363020223520076,-0.013720717054165353
2026-02-03 10:49:00,32.2,32.2,32.2,32.2,1000,32200.0,32.177499999999995,32.126666666666665,33.65541666666667,-0.020959969282230873,-0.017282410035262236,-0.003677559246968637
2026-02-03 11:35:00,32.2,32.2,32.2,32.2,400,12880.0,32.1825,32.12916666666667,33.63666666666667,-0.013572857954940787,-0.016540499619197947,0.0029676416642571597
2026-02-03 11:53:00,31.9,31.9,31.9,31.9,1000,31900.0,32.1575,32.12416666666667,33.61666666666667,-0.03156218260786403,-0.019544836216931163,-0.012017346390932868
2026-02-03 11:56:00,32.2,32.2,32.2,32.2,10,322.0,32.1625,32.126666666666665,33.59791666666667,-0.021365075910203757,-0.019908884155585685,-0.001456191754618072
2026-02-03 11:58:00,31.9,32.0,31.9,32.0,3079,98428.0,32.157500000000006,32.12583333333333,33.578125,-0.029086829056943486,-0.021744473135857246,-0.00734235592108624
2026-02-03 12:07:00,31.9,31.9,31.9,31.9,3000,95700.0,32.1475,32.12083333333333,33.560833333333335,-0.04278236979519079,-0.025952052467723957,-0.016830317327466832
2026-02-03 12:13:00,31.9,31.9,31.9,31.9,2000,63800.0,32.0925,32.1175,33.54354166666666,-0.0530249459314831,-0.03136663116047579,-0.02165831477100731
2026-02-03 12:21:00,32.0,32.0,32.0,32.0,3000,96000.0,32.082499999999996,32.11833333333333,33.524166666666666,-0.05246827542935506,-0.03558696001425165,-0.01688131541510341
2026-02-03 12:35:00,32.1,32.1,32.1,32.1,1000,32100.0,32.072500000000005,32.1175,33.507083333333334,-0.04345700052963508,-0.03716096811732834,-0.006296032412306744
2026-02-03 12:40:00,32.1,32.1,32.1,32.1,20,642.0,32.07,32.10916666666667,33.491458333333334,-0.03590164839418719,-0.03690910417270011,0.0010074557785129182
2026-02-03 12:41:00,32.1,32.1,32.1,32.1,60,1926.0,32.0675,32.108333333333334,33.475208333333335,-0.02957307736619441,-0.03544189881139897,0.005868821445204557
2026-02-03 12:42:00,32.1,32.1,32.1,32.1,2000,64200.0,32.0575,32.10583333333333,33.458958333333335,-0.024277780095076196,-0.03320907506813441,0.008931294973058217
2026-02-03 12:47:00,32.1,32.1,32.0,32.0,6000,192300.0,32.0475,32.10333333333333,33.44291666666667,-0.027829581035419437,-0.032133176261591415,0.004303595226171977
2026-02-03 13:21:00,32.1,32.1,32.1,32.1,1000,32100.0,32.045,32.104166666666664,33.427499999999995,-0.022317976860072974,-0.030170136381287727,0.007852159521214753
2026-02-03 13:25:00,32.1,32.1,32.1,32.1,1000,32100.0,32.05,32.10666666666667,33.408125,-0.01774543254195038,-0.02768519561342026,0.00993976307146988
2026-02-03 13:30:00,32.1,32.1,32.0,32.0,6000,192100.0,32.055,32.105,33.388333333333335,-0.021937935625565785,-0.026535743615849365,0.00459780799028358
2026-02-03 13:43:00,32.1,32.2,32.1,32.2,6000,192900.0,32.07000000000001,32.1075,33.369375,-0.009018239344911194,-0.02303224276166173,0.014014003416750537
2026-02-03 13:44:00,32.4,32.4,32.3,32.3,4000,129400.0,32.09,32.1125,33.352916666666665,0.009184009756395994,-0.016588992258050186,0.02577300201444618
2026-02-03 14:52:00,33.0,33.0,33.0,33.0,1,33.0,32.13,32.12833333333334,33.339375,0.07918082589267783,0.002564971372095423,0.07661585452058241
2026-02-04 09:04:00,33.0,33.0,33.0,33.0,3000,99000.0,32.17,32.1425,33.32375,0.1331192906616394,0.02867583523000423,0.10444345543163518
2026-02-04 09:05:00,32.2,32.2,32.2,32.2,1000,32200.0,32.17,32.145,33.30625,0.11004407883491041,0.044949483950985476,0.06509459488392494
2026-02-04 09:20:00,33.0,33.0,33.0,33.0,2000,66000.0,32.21,32.1625,33.2925,0.1545288094112891,0.06686534904304621,0.0876634603682429
2026-02-04 09:34:00,33.0,33.0,33.0,33.0,1000,33000.0,32.265,32.178333333333335,33.28125,0.18762050647926287,0.09101638053028956,0.09660412594897332
2026-02-04 10:18:00,33.0,33.0,32.9,32.9,2000,65900.0,32.3,32.1925,33.26958333333334,0.2034317163589634,0.11349944769602434,0.08993226866293906
2026-02-04 10:22:00,32.45,32.45,32.45,32.45,400,12980.0,32.3225,32.19916666666667,33.25666666666667,0.17760367035179314,0.1263202922271781,0.05128337812461503
2026-02-04 10:23:00,32.45,32.5,32.45,32.5,5000,162400.0,32.3525,32.208333333333336,33.24333333333333,0.159332652307981,0.13292276424333868,0.026409888064642312
2026-02-04 10:25:00,32.4,32.4,32.4,32.4,2000,64800.0,32.377500000000005,32.2125,33.23,0.1352247874325414,0.13338316888117924,0.0018416185513621675
2026-02-04 10:30:00,32.4,32.4,32.4,32.4,1000,32400.0,32.3975,32.218333333333334,33.217083333333335,0.11479583589272124,0.12966570228348764,-0.0148698663907664
2026-02-04 10:37:00,32.5,32.5,32.5,32.5,100,3250.0,32.417500000000004,32.229166666666664,33.204166666666666,0.10545924040263088,0.12482440990731629,-0.019365169504685406
2026-02-04 10:44:00,32.4,32.4,32.4,32.4,4000,129600.0,32.4325,32.235,33.191875,0.0889652212533818,0.1176525721765294,-0.0286873509231476
2026-02-04 10:57:00,32.5,32.5,32.4,32.4,2800,90920.0,32.4475,32.244166666666665,33.18083333333333,0.07502870800251316,0.10912779934172616,-0.034099091339213
2026-02-04 11:40:00,33.1,33.1,33.1,33.1,2,66.0,32.4975,32.26166666666667,33.171458333333334,0.11909521519339705,0.11112128251206034,0.007973932681336712
2026-02-04 11:45:00,32.4,32.4,32.4,32.4,200,6480.0,32.5175,32.265,33.16041666666667,0.09642259016980148,0.10818154404360858,-0.011758953873807099
2026-02-04 12:35:00,33.1,33.1,33.1,33.1,1000,33100.0,32.5675,32.285,33.15229166666667,0.133400760420038,0.11322538731889448,0.020175373101143534
2026-02-04 12:39:00,32.4,32.4,32.4,32.4,500,16200.0,32.582499999999996,32.291666666666664,33.14083333333333,0.10501156890190089,0.11158262363549577,-0.006571054733594886
2026-02-04 13:05:00,33.1,33.1,33.1,33.1,2,66.0,32.6375,32.30833333333333,33.13229166666667,0.1374130676395282,0.11674871243630226,0.020664355203225945
2026-02-04 13:07:00,33.1,33.1,33.1,33.1,1000,33100.0,32.6825,32.32333333333333,33.123125,0.16123289636399818,0.12564554922184146,0.03558734714215672
2026-02-04 13:34:00,33.1,33.1,33.1,33.1,1000,33100.0,32.722500000000004,32.34,33.114999999999995,0.17805774341177738,0.13612798805982865,0.04192975535194873
2026-02-04 13:40:00,33.1,33.1,33.1,33.1,1000,33100.0,32.7275,32.35166666666667,33.106875,0.1892104555613372,0.14674448156013037,0.04246597400120683
2026-02-04 13:56:00,33.1,33.1,32.8,33.0,7200,237660.0,32.7275,32.361666666666665,33.098333333333336,0.18781488296556148,0.1549585618412166,0.03285632112434489
2026-02-04 14:47:00,33.15,33.15,33.15,33.15,2,66.0,32.775,32.37416666666667,33.09020833333333,0.1965469570518863,0.16327624088335055,0.03327071616853575
2026-02-05 09:20:00,32.6,32.6,32.6,32.6,200,6520.0,32.754999999999995,32.3825,33.08020833333333,0.15727383040097465,0.16207575878687538,-0.004801928385900739
2026-02-05 09:22:00,33.15,33.15,33.15,33.15,2,66.0,32.7625,32.395,33.0725,0.16858663623970926,0.16337793427744218,0.005208701962267082
2026-02-05 09:24:00,33.15,33.15,33.15,33.15,1000,33150.0,32.775,32.4125,33.06520833333334,0.1755287304297184,0.16580809350789744,0.009720636921820958
2026-02-05 09:25:00,32.6,32.7,32.6,32.7,2000,65300.0,32.7875,32.4225,33.055,0.14306992980445443,0.16126046076720885,-0.018190530962754414
2026-02-05 09:38:00,32.7,32.7,32.7,32.7,300,9810.0,32.7975,32.4325,33.04479166666667,0.11600881900341875,0.15221013241445083,-0.03620131341103208
2026-02-05 09:44:00,32.6,32.6,32.4,32.4,3000,97600.0,32.7975,32.4225,33.03333333333333,0.0695534322618272,0.1356787923839261,-0.06612536012209891
2026-02-05 09:48:00,32.4,32.4,32.4,32.4,75,2430.0,32.7975,32.42583333333333,33.01979166666667,0.032364130031091065,0.1150158599133591,-0.08265172988226803
2026-02-05 10:07:00,33.0,33.0,33.0,33.0,2300,75900.0,32.8225,32.4375,33.00875,0.050721638197551044,0.10215701557019749,-0.051435377372646446
2026-02-05 11:02:00,33.1,33.1,33.1,33.1,2000,66200.0,32.8575,32.45333333333333,32.998124999999995,0.07250348490121183,0.09622630943640037,-0.023722824535188536
2026-02-05 12:05:00,32.4,32.4,32.4,32.4,500,16200.0,32.8575,32.4575,32.987291666666664,0.03290232793226977,0.08356151313557426,-0.050659185203304494
2026-02-05 12:27:00,32.4,32.4,32.4,32.4,185,5994.0,32.822500000000005,32.45916666666667,32.975833333333334,0.0015008251454062815,0.06714937553754068,-0.0656485503921344
2026-02-05 12:45:00,32.4,32.4,32.4,32.4,1000,32400.0,32.822500000000005,32.4625,32.964375000000004,-0.02311859527330995,0.04909578137537055,-0.0722143766486805
2026-02-05 12:49:00,32.4,33.0,32.4,33.0,2000,65400.0,32.8175,32.47666666666667,32.955416666666665,0.005719392663870337,0.04042050363307051,-0.03470111096920017
2026-02-05 13:10:00,32.4,32.6,32.4,32.6,3352,108672.0,32.8275,32.486666666666665,32.94479166666667,-0.0036607523159943867,0.03160425244325753,-0.035265004759251914
2026-02-05 13:25:00,32.5,32.5,32.5,32.5,1000,32500.0,32.7975,32.49666666666666,32.938125,-0.018945358755310338,0.021494330203543955,-0.04043968895885429
2026-02-05 13:32:00,32.5,33.1,32.5,33.1,5000,163300.0,32.7975,32.516666666666666,32.93395833333334,0.017158671627058197,0.020627198488246807,-0.0034685268611886096
2026-02-05 13:57:00,33.1,33.1,33.1,33.1,620,20522.0,32.7975,32.53666666666667,32.92604166666667,0.04524976470010955,0.02555171173061936,0.01969805296949019
2026-02-06 09:04:00,32.4,32.4,32.4,32.4,3000,97200.0,32.7625,32.54,32.91458333333333,0.01090233317956546,0.022621836020408584,-0.011719502840843124
2026-02-06 09:06:00,32.4,32.4,32.4,32.4,2000,64800.0,32.7325,32.54333333333334,32.90270833333333,-0.01613229075453404,0.014871010665420058,-0.031003301419954096
2026-02-06 09:07:00,32.4,32.4,32.4,32.4,1000,32400.0,32.695,32.54666666666667,32.89125,-0.037129420152993475,0.004470924501737349,-0.04160034465473082
2026-02-06 09:13:00,32.3,32.3,32.3,32.3,500,16150.0,32.68,32.54833333333333,32.88,-0.061134243241205866,-0.008650109046851298,-0.05248413419435457
2026-02-06 09:17:00,32.2,32.2,32.2,32.2,2000,64400.0,32.6325,32.55333333333333,32.86895833333333,-0.0872219622619852,-0.024364479689878087,-0.0628574825721071
2026-02-06 09:23:00,32.3,32.3,32.3,32.3,2000,64600.0,32.589999999999996,32.555,32.857083333333335,-0.09868986790776546,-0.03922955733345557,-0.059460310574309894
2026-02-06 09:32:00,32.1,32.1,32.1,32.1,300,9630.0,32.56,32.556666666666665,32.844791666666666,-0.12250443936348177,-0.05588453373946081,-0.06661990562402095
2026-02-06 10:16:00,32.45,32.6,32.4,32.4,10000,325050.0,32.545,32.565000000000005,32.83458333333333,-0.11583489347421505,-0.06787460568641167,-0.04796028778780338
2026-02-06 10:31:00,32.5,32.6,32.5,32.6,2000,65100.0,32.555,32.57666666666667,32.825208333333336,-0.09333499406270107,-0.07296668336166955,-0.020368310701031525
2026-02-06 11:20:00,32.5,32.5,32.5,32.5,3000,97500.0,32.56,32.585,32.814791666666665,-0.08262042906434885,-0.07489743250220542,-0.007722996562143439
2026-02-06 11:21:00,32.4,32.5,32.4,32.4,9000,291900.0,32.53,32.59,32.80354166666667,-0.08126149148371553,-0.07617024429850744,-0.005091247185208092
2026-02-06 11:33:00,32.5,32.6,32.4,32.6,8000,260100.0,32.505,32.598333333333336,32.79375,-0.06331632396061337,-0.07359946023092863,0.010283136270315255
2026-02-06 11:40:00,32.7,32.7,32.7,32.7,1000,32700.0,32.52,32.608333333333334,32.784166666666664,-0.0405579582492237,-0.06699115983458764,0.02643320158536394
2026-02-06 12:10:00,32.25,32.5,32.2,32.5,6000,193650.0,32.525,32.615,32.77375,-0.03821954684287476,-0.06123683723624507,0.023017290393370304
2026-02-06 13:52:00,32.8,32.8,32.8,32.8,1,32.0,32.545,32.62833333333334,32.763958333333335,-0.012020283811210675,-0.051393526551238196,0.03937324274002752
2026-02-09 09:17:00,32.8,32.8,32.8,32.8,10,328.0,32.535,32.64,32.755833333333335,0.008643187610310576,-0.03938618371892844,0.04802937132923902
2026-02-09 09:21:00,32.8,32.8,32.8,32.8,2000,65600.0,32.545,32.651666666666664,32.74604166666667,0.02473401920710927,-0.0265621431337209,0.05129616234083017
2026-02-09 09:34:00,32.9,32.9,32.9,32.9,3000,98700.0,32.565,32.666666666666664,32.737291666666664,0.0450361349116406,-0.012242487524648597,0.0572786224362892
2026-02-09 09:36:00,32.8,32.8,32.8,32.8,200,6560.0,32.55,32.67666666666666,32.72541666666667,0.052451910635575416,0.0006963921073962092,0.05175551852817921
2026-02-09 09:37:00,32.8,32.9,32.8,32.9,2000,65700.0,32.54,32.68666666666667,32.71666666666667,0.06564145673683441,0.013685405033283856,0.051956051703550554
2026-02-09 09:49:00,32.75,32.75,32.75,32.75,1000,32750.0,32.557500000000005,32.6825,32.70770833333333,0.0632612839473694,0.02360058081610097,0.03966070313126843
2026-02-09 09:57:00,32.75,32.75,32.65,32.65,16000,523200.0,32.57,32.67666666666666,32.69895833333333,0.05269834191634004,0.029420133036148786,0.023278208880191255
2026-02-09 10:08:00,33.45,33.45,33.45,33.45,2,66.0,32.622499999999995,32.6975,32.69354166666667,0.1076396455453974,0.04506403553799852,0.06257561000739888
2026-02-09 10:15:00,33.3,33.3,33.05,33.2,4050,134752.0,32.667500000000004,32.700833333333335,32.68770833333333,0.12951514388103647,0.06195425720660612,0.06756088667443035
2026-02-09 10:19:00,33.3,33.3,33.2,33.2,5200,172940.0,32.7175,32.704166666666666,32.681875,0.14517811102285094,0.0785990279698551,0.06657908305299584
2026-02-09 10:24:00,33.45,33.45,33.45,33.45,30,1003.0,32.775,32.71333333333334,32.675625,0.17573823501119534,0.09802686937812316,0.07771136563307218
2026-02-09 10:31:00,33.3,33.3,33.3,33.3,1000,33300.0,32.835,32.7275,32.66875,0.18571282520136378,0.11556406054277131,0.07014876465859247
2026-02-09 10:33:00,33.3,33.3,33.2,33.2,4000,133000.0,32.875,32.73916666666667,32.66125,0.1834340816158715,0.12913806475739137,0.05429601685848012
2026-02-09 10:34:00,33.4,33.4,33.25,33.25,5000,166700.0,32.9075,32.75333333333334,32.65625,0.18354692830397568,0.14001983746670824,0.04352709083726744
2026-02-09 10:41:00,33.4,33.45,33.25,33.45,6020,200669.0,32.955,32.770833333333336,32.65125,0.19749805401911402,0.1515154807771894,0.04598257324192462
2026-02-09 10:49:00,33.3,33.3,33.2,33.2,5000,166300.0,32.995,32.7825,32.645208333333336,0.18623471315184048,0.15845932725211964,0.02777538589972084
2026-02-09 10:52:00,33.3,33.3,33.2,33.2,5000,166300.0,33.025,32.795833333333334,32.63979166666667,0.1752878254278869,0.1618250268872731,0.013462798540613802
2026-02-09 10:54:00,33.3,33.3,33.2,33.2,5000,166300.0,33.05,32.80916666666666,32.635,0.16471362193558292,0.16240274589693507,0.002310876038647852
2026-02-09 10:57:00,33.3,33.3,33.2,33.2,7000,232700.0,33.084999999999994,32.810833333333335,32.62916666666667,0.15455191125715118,0.1608325789689783,-0.006280667711827115
2026-02-09 11:02:00,33.5,33.5,33.5,33.5,10,335.0,33.12,32.829166666666666,32.624583333333334,0.16876080561158346,0.16241822429749933,0.006342581314084134
2026-02-09 11:32:00,33.3,33.3,33.2,33.2,5000,166300.0,33.14,32.83083333333333,32.62041666666667,0.1540383062526729,0.16074224068853404,-0.0067039344358611475
2026-02-09 11:42:00,33.5,33.5,33.5,33.5,1000,33500.0,33.175,32.84916666666666,32.618125,0.16467978617087908,0.16152974978500306,0.0031500363858760205
2026-02-09 11:57:00,32.55,32.65,32.55,32.65,6000,195600.0,33.1625,32.84166666666667,32.611041666666665,0.10333416746097157,0.14989063332019678,-0.04655646585922521
2026-02-09 13:01:00,32.6,32.6,32.6,32.6,2000,65200.0,33.1525,32.833333333333336,32.603750000000005,0.05010515944083238,0.1299335385443239,-0.07982837910349153
2026-02-09 13:12:00,32.6,32.7,32.6,32.7,2005,65563.0,33.142500000000005,32.82666666666667,32.596041666666665,0.01580772968783606,0.10710837677302633,-0.09130064708519027
2026-02-09 13:58:00,32.6,32.6,32.6,32.6,1000,32600.0,33.135000000000005,32.818333333333335,32.59083333333333,-0.019220829003970152,0.08184253561762703,-0.10106336462159718
2026-02-09 14:40:00,32.85,32.85,32.85,32.85,100,3285.0,33.144999999999996,32.81583333333334,32.584583333333335,-0.026502795739673957,0.06017346934616683,-0.08667626508584078
2026-02-10 09:13:00,33.35,33.35,33.35,33.35,10,333.0,33.14,32.81916666666667,32.5825,0.007980025715134786,0.04973478061996042,-0.041754754904825636
2026-02-10 09:25:00,32.8,32.8,32.8,32.8,1000,32800.0,33.12,32.822500000000005,32.5775,-0.008969103067734352,0.03799400388242147,-0.04696310695015582
2026-02-10 09:27:00,32.8,32.8,32.8,32.8,1000,32800.0,33.1,32.81666666666667,32.5725,-0.022146123019354036,0.025965978502066365,-0.0481121015214204
2026-02-10 09:38:00,33.35,33.35,33.35,33.35,2000,66700.0,33.095000000000006,32.82,32.56979166666667,0.01165702229512533,0.02310418726067816,-0.011447164965552831
2026-02-10 09:51:00,33.2,33.2,32.85,32.85,9000,297150.0,33.0725,32.822500000000005,32.565,-0.00187791539062232,0.018107766730418067,-0.019985682121040387
2026-02-10 10:01:00,32.9,32.9,32.9,32.9,250,8225.0,33.057500000000005,32.825833333333335,32.562083333333334,-0.008472206564469786,0.012791772071440496,-0.021263978635910282
2026-02-10 10:03:00,32.9,32.9,32.9,32.9,200,6580.0,33.040000000000006,32.83416666666667,32.559999999999995,-0.013542124645809395,0.007524992727990517,-0.02106711737379991
2026-02-10 10:10:00,33.1,33.1,33.0,33.0,4000,132300.0,33.0175,32.844166666666666,32.55916666666666,-0.009382748502751781,0.004143444481842057,-0.013526192984593838
2026-02-10 10:11:00,32.85,32.85,32.85,32.85,1000,32850.0,33.00000000000001,32.84166666666667,32.55854166666667,-0.017982864077239924,-0.00028181722997434026,-0.017701046847265582
2026-02-10 10:30:00,32.95,32.95,32.95,32.95,3000,98850.0,32.9875,32.839166666666664,32.55875,-0.016538705463780445,-0.0035331948767355625,-0.013005510587044883
2026-02-10 10:50:00,33.1,33.1,33.0,33.0,3000,99100.0,32.9775,32.84916666666667,32.56104166666667,-0.01123016289809442,-0.005072588481007335,-0.006157574417087085
2026-02-10 11:09:00,33.1,33.1,33.0,33.0,5000,165300.0,32.9675,32.85916666666667,32.56229166666667,-0.00694306928796351,-0.00544668464239857,-0.00149638464556494
2026-02-10 11:28:00,32.85,32.85,32.85,32.85,5,164.0,32.935,32.86666666666667,32.5625,-0.015470923932006997,-0.007451532500320257,-0.00801939143168674
2026-02-10 11:33:00,33.0,33.0,33.0,33.0,1000,33000.0,32.925,32.86666666666667,32.562916666666666,-0.010010172739377765,-0.007963260548131759,-0.0020469121912460066
2026-02-10 11:36:00,32.85,32.85,32.85,32.85,5,164.0,32.8925,32.87083333333333,32.563125,-0.017583542343558634,-0.009887316907217135,-0.007696225436341499
2026-02-10 11:41:00,32.85,32.95,32.85,32.85,8000,263100.0,32.9025,32.876666666666665,32.56375,-0.02331671177882555,-0.01257319588153882,-0.01074351589728673
2026-02-10 12:03:00,32.85,32.85,32.85,32.85,1000,32850.0,32.915,32.8725,32.56333333333333,-0.027542793680765953,-0.01556711544138425,-0.011975678239381704
2026-02-10 12:09:00,32.95,32.95,32.95,32.95,4000,131800.0,32.927499999999995,32.87,32.56395833333333,-0.022562740542049653,-0.016966240461517332,-0.005596500080532321
2026-02-10 12:55:00,32.8,32.8,32.8,32.8,3000,98400.0,32.9375,32.87666666666667,32.56333333333333,-0.0303696762249146,-0.019646927614196785,-0.010722748610717814
2026-02-10 14:15:00,33.0,33.0,33.0,33.0,3000,99000.0,32.945,32.88666666666667,32.563541666666666,-0.020185712144822787,-0.01975468452032199,-0.0004310276245007988
2026-02-10 14:17:00,33.0,33.0,33.0,33.0,2000,66000.0,32.927499999999995,32.89666666666667,32.56520833333333,-0.011976786302639653,-0.018199104876785523,0.006222318574145871
2026-02-10 14:20:00,33.0,33.0,33.0,33.0,1000,33000.0,32.9375,32.90833333333333,32.567708333333336,-0.005408804103751663,-0.01564104472217875,0.010232240618427087
2026-02-10 14:44:00,32.9,32.9,32.9,32.9,10,329.0,32.9425,32.92,32.569375,-0.008178518288623593,-0.014148539435467719,0.005970021146844126
2026-02-10 14:52:00,32.9,32.9,32.9,32.9,1000,32900.0,32.92,32.93,32.57145833333333,-0.010255319791994566,-0.01336989550677309,0.003114575714778524
2026-02-11 09:04:00,32.9,32.9,32.9,32.9,2000,65800.0,32.9225,32.943333333333335,32.573750000000004,-0.01176557373575804,-0.01304903115257008,0.0012834574168120415
2026-02-11 09:07:00,32.9,32.9,32.9,32.9,1000,32900.0,32.9225,32.95166666666667,32.575833333333335,-0.012814740515224798,-0.013002173025101026,0.00018743250987622757
2026-02-11 09:17:00,32.8,32.9,32.0,32.8,12207,398691.0,32.917500000000004,32.955,32.577083333333334,-0.021467908328027363,-0.014695320085686294,-0.006772588242341069
2026-02-11 09:19:00,32.7,32.7,32.7,32.7,2000,65400.0,32.902499999999996,32.958333333333336,32.57625,-0.03598001520895622,-0.01895225911034028,-0.017027756098615936
2026-02-11 09:22:00,32.8,32.8,32.7,32.7,4000,131100.0,32.894999999999996,32.96333333333333,32.57541666666666,-0.046939870854032506,-0.02454978145907873,-0.022390089394953776
2026-02-11 09:25:00,33.1,33.1,33.0,33.0,4000,132300.0,32.8975,32.97,32.57791666666667,-0.03106010110752777,-0.02585184538876854,-0.005208255718759231
2026-02-11 09:47:00,32.9,33.0,32.9,33.0,5500,181250.0,32.8975,32.975,32.57833333333333,-0.018264724797795395,-0.024334421270573912,0.006069696472778517
2026-02-11 10:04:00,32.85,32.85,32.85,32.85,1000,32850.0,32.89,32.98083333333333,32.580416666666665,-0.019997524272532985,-0.02346704187096573,0.003469517598432746
2026-02-11 10:10:00,32.85,32.85,32.85,32.85,1000,32850.0,32.89,32.98166666666667,32.582499999999996,-0.021127238684101712,-0.02299908123359293,0.0018718425494912184
2026-02-11 10:11:00,32.85,32.85,32.85,32.85,1000,32850.0,32.8825,32.9825,32.58229166666667,-0.021771576315003927,-0.022753580249875133,0.0009820039348712069
2026-02-11 10:20:00,32.8,32.8,32.8,32.8,1000,32800.0,32.88,32.9825,32.584375,-0.02601689410199981,-0.02340624302030007,-0.0026106510816997393
2026-02-11 10:23:00,32.75,32.9,32.75,32.9,6000,196950.0,32.8825,32.9825,32.58416666666667,-0.02106930098239701,-0.02293885461271946,0.00186955363032245
2026-02-11 10:36:00,32.95,32.95,32.95,32.95,2000,65900.0,32.8875,32.985,32.58416666666667,-0.012964271603983946,-0.02094393801097236,0.007979666406988415
2026-02-11 10:44:00,32.7,32.7,32.7,32.7,200,6540.0,32.875,32.98166666666667,32.585,-0.026409456317715296,-0.02203704167232095,-0.004372414645394347
2026-02-11 11:07:00,32.95,32.95,32.95,32.95,1000,32950.0,32.88250000000001,32.985,32.587291666666665,-0.016699450537103644,-0.02096952344527749,0.004270072908173845
2026-02-11 11:17:00,33.1,33.1,33.1,33.1,2,66.0,32.8875,32.9925,32.58979166666666,0.0030642229438555546,-0.01616277416745088,0.019226997111306435
2026-02-11 11:19:00,33.1,33.1,33.1,33.1,1000,33100.0,32.8925,32.986666666666665,32.59291666666667,0.018513662589114688,-0.009227486816137767,0.027741149405252456
2026-02-11 11:46:00,33.1,33.1,33.0,33.1,15000,495900.0,32.8975,32.985,32.59375,0.030406942509593193,-0.0013006009509915729,0.03170754346058477
2026-02-11 11:54:00,33.15,33.15,33.15,33.15,3000,99450.0,32.91,32.98416666666667,32.596875,0.04336712543864252,0.007632944326935248,0.03573418111170727
2026-02-11 11:55:00,33.2,33.2,33.1,33.1,5000,165800.0,32.92,32.97833333333333,32.59729166666667,0.0490382986686555,0.015914015195279303,0.0331242834733762
2026-02-11 12:10:00,33.05,33.05,33.05,33.05,14,462.0,32.927499999999995,32.97416666666667,32.5975,0.04893408055919224,0.022518028268061895,0.026416052291130344
2026-02-11 12:29:00,33.1,33.1,33.1,33.1,3000,99300.0,32.9375,32.9725,32.600208333333335,0.0522833788431285,0.02847109838307522,0.023812280460053282
2026-02-11 12:58:00,33.2,33.3,33.1,33.2,10000,332100.0,32.957499999999996,32.971666666666664,32.60333333333333,0.06228885893631997,0.03523465049372417,0.027054208442595797
2026-02-11 13:14:00,33.2,33.2,33.2,33.2,1000,33200.0,32.9825,32.9675,32.604375,0.06941806574509712,0.042071333543998765,0.02734673220109836
2026-02-11 14:46:00,33.05,33.05,33.05,33.05,500,16525.0,33.0,32.965,32.604791666666664,0.06224672560103528,0.046106411955406074,0.016140313645629206
2026-02-11 14:51:00,33.3,33.3,33.2,33.2,4000,133100.0,33.010000000000005,32.965,32.605624999999996,0.06788460183459222,0.05046204993124331,0.01742255190334891
2026-02-11 14:54:00,33.2,33.2,33.2,33.2,2300,76360.0,33.019999999999996,32.965,32.606458333333336,0.07152812763769845,0.05467526547253434,0.016852862165164108
2026-02-11 14:58:00,33.65,33.65,33.65,33.65,2,67.0,33.059999999999995,32.9725,32.610416666666666,0.10946504241064048,0.06563322086015558,0.0438318215504849
2026-02-23 09:01:00,33.85,33.85,33.7,33.7,6000,202650.0,33.102500000000006,32.975833333333334,32.61375,0.14192883555285363,0.0808923437986952,0.06103649175415843
2026-02-23 09:07:00,33.0,33.0,33.0,33.0,1000,33000.0,33.11,32.972500000000004,32.61375,0.1099055528517141,0.08669498560929899,0.023210567242415117
2026-02-23 09:09:00,33.0,33.0,33.0,33.0,1000,33000.0,33.12,32.96416666666667,32.61208333333333,0.08356360141517882,0.08606870877047497,-0.002505107355296146
2026-02-23 09:11:00,33.0,33.0,33.0,33.0,1000,33000.0,33.125,32.97,32.61208333333333,0.06197302862113929,0.08124957274060784,-0.019276544119468553
2026-02-23 09:18:00,33.15,33.15,33.15,33.15,1000,33150.0,33.135000000000005,32.97916666666667,32.613125000000004,0.056316904311039195,0.07626303905469412,-0.01994613474365492
2026-02-23 09:23:00,33.15,33.15,33.15,33.15,2000,66300.0,33.1575,32.986666666666665,32.61416666666666,0.051243679802432496,0.07125916720424179,-0.020015487401809293
2026-02-23 09:27:00,32.9,33.0,32.9,33.0,8000,263500.0,33.16,32.99333333333333,32.614583333333336,0.034719145730989,0.06395116290959123,-0.02923201717860223
2026-02-23 09:44:00,32.9,32.9,32.9,32.9,2000,65800.0,33.15,32.994166666666665,32.614583333333336,0.013399705695178454,0.05384087146670867,-0.040441165771530216
2026-02-23 09:47:00,32.9,33.0,32.9,33.0,3004,99131.0,33.145,32.98833333333334,32.614583333333336,0.004520945488259542,0.043976886271018846,-0.039455940782759304
2026-02-23 10:08:00,33.3,33.3,33.3,33.3,50,1665.0,33.155,32.99666666666666,32.615833333333335,0.021444755064166543,0.03947046002964839,-0.018025704965481844
2026-02-23 10:15:00,33.3,33.3,33.0,33.0,2750,91350.0,33.1475,33.0,32.61625,0.010528141426327409,0.03368199630898419,-0.023153854882656782
2026-02-23 10:21:00,32.9,32.9,32.9,32.9,1000,32900.0,33.1375,32.9925,32.613125000000004,-0.00612194779336761,0.02572120748851383,-0.03184315528188144
2026-02-23 10:45:00,33.25,33.25,32.9,32.9,35,1154.0,33.13,32.99333333333333,32.613125,-0.01909712370289185,0.016757541250232693,-0.035854664953124546
2026-02-23 10:46:00,33.25,33.25,33.25,33.25,10,332.0,33.1375,32.99916666666667,32.61416666666666,-0.0011250008547634138,0.01318103282923347,-0.014306033683996884
2026-02-23 13:14:00,33.3,33.3,33.3,33.3,20,666.0,33.1425,33.005833333333335,32.61270833333334,0.016957146685562918,0.01393625560049936,0.003020891085063558
2026-02-23 13:26:00,33.3,33.3,33.0,33.0,2005,66765.0,33.1325,33.005833333333335,32.61333333333333,0.006999203628147654,0.012548845206029021,-0.005549641577881367
2026-02-24 09:08:00,33.1,33.1,33.1,33.1,60,1986.0,33.135000000000005,33.010000000000005,32.614375,0.0070948413623312945,0.011458044437289478,-0.004363203074958183
2026-02-24 09:10:00,33.1,33.1,32.9,32.9,3400,112140.0,33.12,33.009166666666665,32.61479166666667,-0.008865497636385555,0.007393336022554471,-0.016258833658940028
2026-02-24 09:14:00,33.1,33.1,33.0,33.0,3010,99430.0,33.11,33.009166666666665,32.6175,-0.01329179744863751,0.0032563093283160737,-0.016548106776953585
2026-02-24 09:30:00,32.9,32.9,32.9,32.9,1000,32900.0,33.072500000000005,33.0075,32.61770833333333,-0.02458543066394725,-0.0023120386701365927,-0.022273391993810655
2026-02-24 09:40:00,32.9,32.9,32.9,32.9,1000,32900.0,33.0325,33.00833333333333,32.619791666666664,-0.03315354294758066,-0.00848033952562541,-0.024673203421955253
2026-02-24 09:41:00,32.9,33.0,32.9,33.0,7000,230600.0,33.0325,33.00833333333333,32.623125,-0.031511425301445684,-0.013086556680789467,-0.018424868620656218
2026-02-24 09:42:00,33.0,33.0,33.0,33.0,1500,49500.0,33.0325,33.01083333333334,32.62645833333333,-0.02986576133024954,-0.016442397610681482,-0.013423363719568059
2026-02-24 09:44:00,33.0,33.0,33.0,33.0,1000,33000.0,33.0325,33.013333333333335,32.630208333333336,-0.028236072904604725,-0.018801132669466133,-0.009434940235138592
2026-02-24 10:01:00,33.2,33.2,33.2,33.2,1000,33200.0,33.035000000000004,33.01916666666666,32.634375,-0.010683056925486767,-0.01717751752067026,0.006494460595183493
2026-02-24 10:10:00,33.2,33.2,33.0,33.0,2800,92800.0,33.0275,33.019999999999996,32.637708333333336,-0.012763365694837603,-0.01629468715550373,0.0035313214606661272
2026-02-24 10:14:00,33.2,33.2,33.2,33.2,100,3320.0,33.0375,33.026666666666664,32.641875,0.0017066301775514603,-0.012694423688892691,0.014401053866444151
2026-02-24 10:15:00,33.2,33.2,33.1,33.1,5000,165700.0,33.0475,33.028333333333336,32.645625,0.005046864776403481,-0.009146165995833457,0.014193030772236938
2026-02-24 10:16:00,33.1,33.2,33.1,33.2,5000,165700.0,33.0575,33.031666666666666,32.650416666666665,0.015583551544438023,-0.00420022248777916,0.019783774032217184
2026-02-24 10:20:00,33.2,33.2,33.1,33.1,6000,198900.0,33.0475,33.03333333333333,32.65479166666667,0.015683992157065063,-0.00022337955881031427,0.015907371715875376
2026-02-24 10:21:00,33.2,33.2,33.1,33.1,5000,165600.0,33.052499999999995,33.03666666666667,32.658541666666665,0.015583949991373913,0.0029380863512265326,0.01264586364014738
2026-02-24 10:32:00,33.35,33.4,33.35,33.4,6000,200250.0,33.0775,33.045,32.66416666666667,0.03925959843715532,0.010202388768412292,0.029057209668743027
2026-02-24 10:33:00,33.5,33.5,33.35,33.35,4000,133850.0,33.1,33.0525,32.669583333333335,0.05337288883271896,0.018836488781273628,0.03453640005144533
2026-02-24 10:34:00,33.25,33.25,33.25,33.25,1000,33250.0,33.1,33.05833333333333,32.67395833333333,0.055844864056219023,0.02623816383626271,0.029606700219956313
2026-02-24 10:57:00,33.25,33.25,33.25,33.25,1000,33250.0,33.0975,33.06583333333334,32.67875,0.05714518807399571,0.03241956868380931,0.0247256193901864
2026-02-24 11:09:00,33.85,33.85,33.85,33.85,100,3385.0,33.14,33.085,32.68666666666667,0.10537598110131796,0.047010851167311046,0.058365129934006915
2026-02-24 11:16:00,33.85,33.85,33.7,33.7,4000,135100.0,33.17,33.10166666666667,32.693125,0.12999696160875374,0.0636080732555996,0.06638888835315414
2026-02-24 11:24:00,33.25,33.7,33.25,33.7,1100,36620.0,33.209999999999994,33.11333333333333,32.69770833333333,0.14780545674581447,0.08044754995364257,0.06735790679217189
2026-02-24 11:33:00,33.85,33.85,33.85,33.85,2500,84625.0,33.2525,33.127500000000005,32.70479166666667,0.17203940072218415,0.0987659201073509,0.07327348061483326
2026-02-24 11:35:00,34.0,34.0,34.0,34.0,1000,34000.0,33.3075,33.14666666666667,32.71208333333333,0.20103135796040306,0.11921900767796134,0.08181235028244171
2026-02-24 11:39:00,34.0,34.0,34.0,34.0,1000,34000.0,33.3625,33.16583333333333,32.719791666666666,0.22145489872584534,0.13966618588753818,0.08178871283830716
2026-02-24 11:42:00,34.0,34.0,34.0,34.0,1000,34000.0,33.4125,33.185,32.72791666666667,0.23493254577881828,0.15871945786579422,0.07621308791302406
2026-02-24 12:00:00,33.85,34.0,33.85,34.0,4000,135550.0,33.4625,33.205000000000005,32.73645833333333,0.24281466189406586,0.17553849867144858,0.06727616322261729
2026-02-24 12:12:00,34.05,34.05,34.05,34.05,2000,68100.0,33.515,33.22416666666667,32.74458333333333,0.2502115943274461,0.1904731178026481,0.059738476524797995
2026-02-24 12:17:00,34.05,34.1,34.05,34.1,2000,68150.0,33.559999999999995,33.24333333333333,32.753125,0.2571441015692386,0.2038073145559662,0.05333678701327241
2026-02-24 12:18:00,34.15,34.2,34.0,34.2,7050,240750.0,33.62,33.26833333333333,32.76229166666666,0.2676223439772585,0.21657032044022467,0.05105202353703381
2026-02-24 12:20:00,34.5,34.5,34.5,34.5,3000,103500.0,33.685,33.29416666666667,32.7725,0.2967135898071689,0.23259897431361357,0.06411461549355532
2026-02-24 12:23:00,35.0,35.0,35.0,35.0,2000,70000.0,33.78,33.325833333333335,32.784375,0.35601056486129323,0.2572812924231495,0.09872927243814372
2026-02-24 12:29:00,35.0,35.0,35.0,35.0,2000,70000.0,33.87,33.3575,32.79666666666667,0.3984112083953022,0.28550727561758005,0.11290393277772215
2026-02-24 12:44:00,35.15,35.15,35.15,35.15,1000,35150.0,33.9725,33.391666666666666,32.81,0.43905659910263495,0.316217140314591,0.12283945878804392
2026-02-24 12:48:00,35.25,35.25,35.25,35.25,1000,35250.0,34.08,33.42666666666667,32.82333333333334,0.47387499240208086,0.347748710732089,0.12612628166999185
2026-02-24 12:50:00,35.25,35.4,35.25,35.4,3000,105900.0,34.17999999999999,33.464999999999996,32.837291666666665,0.5077198875238409,0.37974294609043946,0.12797694143340144
2026-02-24 12:52:00,36.15,36.15,36.15,36.15,10,361.0,34.32000000000001,33.516666666666666,32.854375,0.588279621450873,0.4214502811625262,0.16682934028834678
2026-02-24 12:54:00,36.15,36.15,36.15,36.15,300,10845.0,34.465,33.5675,32.871875,0.644692180835861,0.46609866109719317,0.17859351973866783
2026-02-24 12:57:00,36.15,36.15,36.15,36.15,50,1807.0,34.61,33.61666666666667,32.88854166666667,0.6815431355581651,0.5091875559893876,0.17235557956877756
2026-02-24 12:58:00,34.6,35.4,34.55,34.55,11050,382670.0,34.644999999999996,33.63916666666667,32.89895833333333,0.5750127652060257,0.5223525978327153,0.052660167373310474
2026-02-24 12:59:00,34.5,34.5,34.5,34.5,2000,69000.0,34.684999999999995,33.663333333333334,32.91,0.4810073438166782,0.5140835470295079,-0.03307620321282967
2026-02-24 13:00:00,34.5,34.5,34.5,34.5,1000,34500.0,34.725,33.684999999999995,32.920208333333335,0.401874807470989,0.4916417991178041,-0.08976699164681506
2026-02-24 13:02:00,35.8,35.8,35.8,35.8,30,1074.0,34.822500000000005,33.72833333333333,32.93666666666667,0.4390003153771218,0.48111350236966766,-0.04211318699254585
2026-02-24 13:03:00,35.8,36.0,35.8,36.0,8000,287150.0,34.9225,33.7675,32.953125,0.4790388151283409,0.4806985649214024,-0.0016597497930614935
2026-02-24 13:11:00,36.0,36.0,36.0,36.0,100,3600.0,35.0225,33.80583333333333,32.96895833333333,0.5049488782937885,0.4855486275958797,0.01940025069790885
2026-02-24 13:12:00,36.15,36.15,36.15,36.15,20,723.0,35.13,33.858333333333334,32.986666666666665,0.531460194126609,0.49473094090202563,0.036729253224583425
2026-02-24 13:14:00,36.15,36.15,36.15,36.15,100,3615.0,35.2375,33.910833333333336,33.00395833333334,0.5461746416409099,0.5050196810498025,0.04115496059110735
2026-02-24 13:18:00,35.85,36.0,35.85,36.0,8100,290850.0,35.334999999999994,33.96083333333333,33.020208333333336,0.5395130305294273,0.5119183509457275,0.027594679583699877
2026-02-24 13:19:00,36.15,36.15,36.15,36.15,200,7230.0,35.4375,34.01083333333333,33.03666666666667,0.5401113348662534,0.5175569477298326,0.022554387136420773
2026-02-24 13:22:00,36.15,36.15,36.15,36.15,1000,36150.0,35.535000000000004,34.060833333333335,33.05354166666667,0.5344249768980447,0.5209305535634751,0.013494423334569627
2026-02-24 13:24:00,36.15,36.15,36.15,36.15,30,1084.0,35.6175,34.11333333333333,33.06916666666667,0.523879540006746,0.5215203508521292,0.0023591891546167476
2026-02-24 13:26:00,36.15,36.15,35.9,36.0,3600,129860.0,35.667500000000004,34.165,33.08416666666667,0.4976814964023788,0.5167525799621792,-0.01907108355980036
2026-02-24 13:29:00,36.0,36.0,36.0,36.0,1000,36000.0,35.7175,34.215,33.09916666666667,0.4714843796593229,0.5076989399016079,-0.03621456024228498
2026-02-24 13:31:00,35.9,35.9,35.9,35.9,450,16155.0,35.755,34.25833333333333,33.114999999999995,0.43760932375340644,0.49368101667196757,-0.05607169291856112
2026-02-24 13:32:00,35.9,35.9,35.9,35.9,300,10770.0,35.7875,34.306666666666665,33.129583333333336,0.40608203694673506,0.4761612207269211,-0.07007918378018602
2026-02-24 13:33:00,36.3,36.3,36.3,36.3,1,36.0,35.832499999999996,34.36333333333333,33.14708333333333,0.40866228760308587,0.46266143410215405,-0.053999146499068174
2026-02-24 13:35:00,36.4,36.4,36.4,36.4,1,36.0,35.845,34.42166666666667,33.165,0.41400393939819224,0.4529299351613617,-0.03892599576316946
2026-02-24 13:50:00,36.4,36.4,36.4,36.4,100,3640.0,35.8575,34.47416666666666,33.182916666666664,0.41347100061204145,0.44503814825149773,-0.03156714763945628
2026-02-24 13:58:00,36.4,36.4,36.4,36.4,20,728.0,35.87,34.52583333333334,33.19708333333333,0.40834153574412824,0.43769882575002383,-0.029357290005895598
2026-02-24 14:21:00,36.15,36.15,36.0,36.0,6000,216450.0,35.9425,34.575833333333335,33.212916666666665,0.36776042753429294,0.4237111461068777,-0.05595071857258477
2026-02-25 09:01:00,35.85,36.15,35.85,36.15,5001,179286.0,36.025,34.626666666666665,33.22895833333333,0.3437409219278962,0.4077171012710814,-0.06397617934318522
2026-02-25 09:02:00,36.15,36.4,36.15,36.4,2001,72336.0,36.12,34.684999999999995,33.24666666666666,0.3409479654336849,0.39436327410360217,-0.05341530866991728
2026-02-25 09:03:00,36.4,37.15,36.4,37.15,2001,72837.0,36.1875,34.75416666666667,33.2675,0.39470336458569477,0.39443129220002077,0.0002720723856740048
2026-02-25 09:04:00,37.15,37.15,36.35,37.15,9002,329223.0,36.245,34.825,33.287708333333335,0.43232137401150794,0.4020093085623182,0.03031206544918974
2026-02-25 09:07:00,36.95,36.95,36.2,36.35,4999,182063.0,36.2625,34.8825,33.305,0.39304977029656385,0.4002174009091674,-0.007167630612603559
2026-02-25 09:08:00,36.7,36.7,36.1,36.6,4002,144972.0,36.285,34.942499999999995,33.323541666666664,0.3777452400891619,0.3957229687451664,-0.0179777286560045
2026-02-25 09:10:00,36.05,36.6,36.05,36.2,12000,433499.0,36.2875,34.99583333333333,33.34104166666667,0.32954089032451606,0.38248655306103635,-0.052945662736520294
2026-02-25 09:13:00,36.05,36.05,36.05,36.05,1000,36050.0,36.29,35.04666666666666,33.358333333333334,0.2760526859183159,0.3611997796324923,-0.08514709371417639
2026-02-25 09:15:00,36.05,36.2,36.0,36.0,12027,434427.0,36.2825,35.093333333333334,33.375416666666666,0.22701146952122997,0.3343621176102399,-0.1073506480890099
2026-02-25 09:17:00,36.0,36.15,36.0,36.15,5000,180450.0,36.282500000000006,35.145833333333336,33.393125000000005,0.19796765075403044,0.30708322423899803,-0.10911557348496759
2026-02-25 09:18:00,35.85,35.85,35.85,35.85,2000,71700.0,36.2675,35.18999999999999,33.40833333333333,0.14902485655461817,0.2754715507021221,-0.12644669414750392
2026-02-25 09:20:00,35.85,36.0,35.85,36.0,1200,43170.0,36.2675,35.23833333333333,33.424166666666665,0.12094688552596722,0.2445666176668911,-0.1236197321409239
2026-02-25 09:21:00,35.8,35.95,35.8,35.95,5000,179300.0,36.265,35.28416666666667,33.439791666666665,0.09358155910151567,0.21436960595381604,-0.12078804685230038
2026-02-25 09:26:00,35.75,35.9,35.7,35.7,8000,286150.0,36.255,35.3275,33.454375,0.05113201208404661,0.18172208717986216,-0.13059007509581555
2026-02-25 09:33:00,35.15,35.15,35.15,35.15,1000,35150.0,36.2175,35.361666666666665,33.46791666666667,-0.02658352489071092,0.14006096476574756,-0.16664448965645848
2026-02-25 09:34:00,35.15,35.15,35.15,35.15,1900,66785.0,36.160000000000004,35.39083333333334,33.48020833333333,-0.08716881995765391,0.09461500782106727,-0.18178382777872118
2026-02-25 09:47:00,34.65,35.15,34.65,35.0,3080,106757.0,36.089999999999996,35.41833333333333,33.49270833333333,-0.14560836657753384,0.046570332941347034,-0.1921786995188809
2026-02-25 10:42:00,34.75,34.75,34.75,34.75,1000,34750.0,36.0075,35.443333333333335,33.504583333333336,-0.20967800148966376,-0.0046793339448551385,-0.2049986675448086
2026-02-25 10:53:00,35.1,35.1,35.1,35.1,90,3159.0,35.9425,35.47416666666666,33.517916666666665,-0.22956528808475696,-0.04965652477283552,-0.17990876331192143
2026-02-25 11:31:00,35.15,35.15,35.15,35.15,1000,35150.0,35.9,35.49583333333333,33.53104166666667,-0.23854176290330287,-0.087433572398929,-0.15110819050437385
2026-02-25 11:33:00,35.15,35.15,35.0,35.0,3200,112030.0,35.8425,35.517500000000005,33.543125,-0.2548220008619566,-0.12091125809153454,-0.1339107427704221
2026-02-25 11:37:00,35.2,35.2,35.2,35.2,1000,35200.0,35.782500000000006,35.5425,33.556041666666665,-0.24871880267158986,-0.1464727670075456,-0.10224603566404425
2026-02-25 12:06:00,34.85,34.85,34.85,34.85,200,6970.0,35.6675,35.55916666666666,33.5675,-0.26902292029826214,-0.17098279766568894,-0.0980401226325732
2026-02-25 12:11:00,34.85,34.85,34.85,34.85,1000,34850.0,35.552499999999995,35.57333333333334,33.57895833333333,-0.2818649164981011,-0.1931592214321714,-0.08870569506592968
2026-02-25 12:19:00,34.85,35.1,34.85,35.0,5200,181720.0,35.485,35.59,33.591458333333335,-0.2767483617657973,-0.2098770494988966,-0.06687131226690071
2026-02-25 12:23:00,34.75,34.8,34.6,34.75,32000,1111050.0,35.3925,35.6025,33.6025,-0.28952885749671964,-0.22580741109846122,-0.06372144639825841
2026-02-25 12:24:00,34.5,34.65,34.35,34.5,7500,258375.0,35.3075,35.61083333333333,33.6125,-0.3161856121862314,-0.2438830513160153,-0.07230256087021614
2026-02-25 12:25:00,34.35,34.35,34.05,34.2,10010,342192.0,35.215,35.61333333333334,33.62166666666666,-0.3573989030434106,-0.2665862216614944,-0.09081268138191617
2026-02-25 12:26:00,34.0,34.0,33.45,33.85,19000,643050.0,35.1075,35.60916666666666,33.62854166666667,-0.41353582433557534,-0.29597614219631063,-0.11755968213926471
2026-02-25 12:27:00,33.25,33.25,33.0,33.1,7000,231850.0,34.955,35.59083333333333,33.631875,-0.5126341435891462,-0.33930774247487777,-0.1733264011142684
2026-02-25 12:30:00,33.2,33.2,33.1,33.1,6000,199100.0,34.8175,35.5675,33.63229166666667,-0.5844332923651407,-0.3883328524529304,-0.19610043991221032
2026-02-25 12:39:00,34.15,34.15,34.15,34.15,10,341.0,34.725,35.55333333333333,33.63708333333333,-0.5502652944846247,-0.42071934085926926,-0.12954595362535543
2026-02-25 13:02:00,34.15,34.15,34.15,34.15,200,6830.0,34.635000000000005,35.53916666666667,33.645208333333336,-0.5172246660086159,-0.4400204058891386,-0.07720426011947734
2026-02-25 13:21:00,34.15,34.15,34.15,34.15,1000,34150.0,34.5575,35.5225,33.65,-0.4854438355387103,-0.449105091819053,-0.036338743719657285
2026-02-25 13:40:00,34.15,34.15,34.15,34.15,73,2492.0,34.5075,35.50416666666667,33.65479166666667,-0.4550122010048625,-0.45028651365621497,-0.004725687348647534
2026-02-25 14:37:00,34.15,34.15,34.15,34.15,100,3415.0,34.457499999999996,35.483333333333334,33.66,-0.42598442806803405,-0.44542609653857884,0.019441668470544793
2026-02-26 09:10:00,34.15,34.15,34.15,34.15,1000,34150.0,34.415,35.45,33.66708333333333,-0.3983873475270059,-0.4360183467362643,0.03763099920925839
2026-02-26 09:22:00,34.15,34.15,34.15,34.15,500,17075.0,34.385000000000005,35.416666666666664,33.67395833333333,-0.37222567647603455,-0.4232598126842184,0.05103413620818387
2026-02-26 09:28:00,34.15,34.15,34.15,34.15,1000,34150.0,34.3375,35.38333333333333,33.68125,-0.3474867527013288,-0.40810520068764056,0.060618447986311774
2026-02-26 09:37:00,34.55,34.55,34.55,34.55,1000,34550.0,34.3075,35.38333333333333,33.69020833333333,-0.2922356101120158,-0.38493128257251563,0.09269567246049981
2026-02-26 09:39:00,34.55,34.55,34.55,34.55,1000,34550.0,34.285000000000004,35.384166666666665,33.69875,-0.24561735754076608,-0.35706849756616577,0.11145114002539969
2026-02-26 09:43:00,34.55,34.55,34.55,34.55,1000,34550.0,34.2525,35.385,33.707708333333336,-0.2062940273776377,-0.32691360352846016,0.12061957615082247
2026-02-26 09:44:00,34.15,34.15,34.15,34.15,100,3415.0,34.2175,35.3575,33.715,-0.2050430532911136,-0.30253949348099085,0.09749644018987724
2026-02-26 09:56:00,34.6,34.6,34.6,34.6,10,346.0,34.205,35.33416666666667,33.721250000000005,-0.1658288365191467,-0.27519736208862206,0.10936852556947535
2026-02-26 10:09:00,34.6,34.6,34.6,34.6,1000,34600.0,34.185,35.310833333333335,33.73041666666667,-0.1332156599995855,-0.24680102167081475,0.11358536167122923
2026-02-26 10:37:00,34.6,34.6,34.6,34.6,1000,34600.0,34.1775,35.285,33.736666666666665,-0.10614589879480718,-0.21866999709561327,0.11252409830080609
2026-02-26 11:17:00,34.15,34.15,34.15,34.15,2000,68300.0,34.160000000000004,35.251666666666665,33.74395833333333,-0.11962519245152237,-0.1988610361667951,0.07923584371527273
2026-02-26 11:19:00,34.95,34.95,34.95,34.95,10,349.0,34.1975,35.23416666666666,33.751666666666665,-0.06500497873582134,-0.17208982468060036,0.10708484594477902
2026-02-26 12:03:00,34.0,34.0,34.0,34.0,3000,102000.0,34.205,35.19833333333333,33.75541666666666,-0.09725404230630375,-0.15712266820574106,0.05986862589943731
2026-02-26 12:04:00,34.0,34.0,34.0,34.0,2000,68000.0,34.25,35.1625,33.759166666666665,-0.12141209447911905,-0.14998055346041667,0.028568458981297618
2026-02-26 12:12:00,34.95,34.95,34.0,34.15,2500,85505.0,34.3025,35.12916666666667,33.76354166666667,-0.12698991775435786,-0.14538242631920492,0.01839250856484706
2026-02-26 12:16:00,34.95,35.1,34.6,34.6,9003,314903.0,34.325,35.10583333333333,33.77020833333333,-0.09401539276766613,-0.13510901960889718,0.04109362684123105
2026-02-26 12:19:00,34.85,34.85,34.85,34.85,300,10455.0,34.36,35.08666666666667,33.77729166666667,-0.04716623053857916,-0.11752046179483357,0.07035423125625441
2026-02-26 12:21:00,35.5,35.5,35.5,35.5,10,355.0,34.427499999999995,35.080000000000005,33.789375,0.0419283122966192,-0.08563070697654301,0.1275590192731622
2026-02-26 12:37:00,34.85,34.85,34.85,34.85,75,2613.0,34.4625,35.0625,33.796458333333334,0.059402061671242734,-0.05662415324698586,0.11602621491822859
2026-02-26 12:40:00,35.5,35.5,35.5,35.5,99,3514.0,34.53,35.04916666666667,33.80625,0.12426722643288457,-0.020445877311011766,0.14471310374389634
2026-02-26 12:41:00,35.5,35.5,35.5,35.5,1,35.0,34.597500000000004,35.03416666666667,33.81791666666667,0.1736713614862211,0.018377570448434816,0.15529379103778626
2026-02-26 13:16:00,34.95,34.95,34.95,34.95,2000,69900.0,34.6375,35.01,33.82729166666667,0.16652450021477705,0.04800695640170328,0.11851754381307378
2026-02-26 13:18:00,34.95,35.1,34.95,35.1,3000,105150.0,34.684999999999995,34.98833333333333,33.838541666666664,0.17099320434438425,0.07260420599023948,0.09838899835414477
2026-02-26 13:35:00,34.85,34.85,34.85,34.85,1000,34850.0,34.7,34.969166666666666,33.84875,0.15260266536508027,0.08860389786520764,0.06399876749987263
2026-02-26 13:56:00,35.05,35.05,34.9,34.9,2000,69950.0,34.717499999999994,34.94833333333333,33.85666666666666,0.1404436657047725,0.09897185143312064,0.04147181427165188
2026-03-02 09:01:00,34.85,34.85,34.85,34.85,2100,73185.0,34.7325,34.92250000000001,33.863958333333336,0.12532828231615412,0.10424313760972734,0.02108514470642678
2026-03-02 09:40:00,34.95,34.95,34.95,34.95,1000,34950.0,34.7725,34.88583333333334,33.874583333333334,0.12003471091691154,0.1074014522711642,0.012633258645747339
2026-03-02 10:15:00,35.0,35.0,35.0,35.0,100,3500.0,34.792500000000004,34.85,33.885416666666664,0.11850801297258329,0.10962276441144803,0.008885248561135262
2026-03-02 12:29:00,35.0,35.1,34.95,34.95,6100,213745.0,34.81,34.82666666666667,33.89604166666666,0.1119727594495572,0.11009276341906987,0.0018799960304873298
2026-03-02 12:30:00,35.25,35.25,35.0,35.1,6610,232700.0,34.834999999999994,34.80166666666667,33.90479166666667,0.11754231569847207,0.11158267387495033,0.0059596418235217385
2026-03-03 09:02:00,35.25,35.25,35.25,35.25,20,705.0,34.89,34.785833333333336,33.91583333333333,0.13253222654080332,0.11577258440812095,0.01675964213268237
2026-03-03 09:37:00,34.2,34.2,34.2,34.2,8,273.0,34.852500000000006,34.755,33.922916666666666,0.059005436157548274,0.10441915475800642,-0.04541371860045815
2026-03-03 09:43:00,34.2,34.2,34.2,34.2,1000,34200.0,34.862500000000004,34.725,33.927499999999995,0.0007265498326916031,0.08368063377294345,-0.08295408394025185
2026-03-03 09:48:00,34.15,34.15,34.15,34.15,1000,34150.0,34.870000000000005,34.69166666666667,33.931875000000005,-0.04893043004954478,0.0571584210084458,-0.10608885105799058
2026-03-03 09:50:00,34.15,35.0,34.15,34.3,14250,493245.0,34.8775,34.66583333333333,33.939791666666665,-0.07531204756355692,0.03066432729404525,-0.10597637485760217
2026-03-03 09:53:00,34.3,34.3,34.3,34.3,1250,42875.0,34.8625,34.6375,33.94770833333333,-0.0951231490624096,0.005506832022754276,-0.10062998108516387
2026-03-03 10:07:00,34.15,34.15,34.15,34.15,200,6830.0,34.8275,34.6075,33.955,-0.12152645480581725,-0.01989982534296004,-0.10162662946285722
2026-03-03 10:09:00,34.15,34.3,34.05,34.05,10000,341750.0,34.755,34.580000000000005,33.96229166666667,-0.14880509657281493,-0.04568087958893103,-0.10312421698388391
2026-03-03 10:13:00,34.05,34.05,34.05,34.05,4000,136200.0,34.714999999999996,34.56166666666666,33.97,-0.16848146722703206,-0.07024099711655124,-0.09824047011048082
2026-03-03 10:20:00,34.15,34.15,34.15,34.15,1000,34150.0,34.6475,34.544999999999995,33.97770833333333,-0.1740002024435654,-0.09099283818195408,-0.08300736426161132
2026-03-03 10:25:00,33.9,33.9,33.9,33.9,1000,33900.0,34.5675,34.526666666666664,33.98520833333333,-0.19628410949419361,-0.112051092444402,-0.08423301704979161
2026-03-03 10:30:00,33.85,33.85,33.85,33.85,1000,33850.0,34.5125,34.51166666666666,33.99125,-0.21549475906953575,-0.13273982576942878,-0.08275493330010697
2026-03-03 10:32:00,33.85,33.85,33.85,33.85,200,6770.0,34.45,34.49083333333333,33.99645833333333,-0.22809005706652385,-0.1518098720288478,-0.07628018503767606
2026-03-03 10:34:00,33.85,34.05,33.85,34.05,1320,44746.0,34.410000000000004,34.4725,34.002916666666664,-0.21940443518876407,-0.16532878466083106,-0.054075650527933006
2026-03-03 10:36:00,33.85,34.0,33.85,34.0,6000,203550.0,34.365,34.45583333333333,34.00958333333333,-0.21408772932796438,-0.17508057359425774,-0.03900715573370664
2026-03-03 10:39:00,33.85,34.0,33.85,34.0,6000,203550.0,34.322500000000005,34.435833333333335,34.01541666666667,-0.20748247283499666,-0.18156095344240555,-0.025921519392591102
2026-03-03 10:40:00,33.7,33.7,33.7,33.7,2000,67400.0,34.26,34.416666666666664,34.01958333333333,-0.22387456563583186,-0.19002367588109084,-0.033850889754741015
2026-03-03 10:44:00,33.7,34.0,33.0,33.0,12125,406697.0,34.16,34.38583333333334,34.02166666666667,-0.2900065521249715,-0.21002025112986697,-0.07998630099510454
2026-03-03 11:09:00,34.15,34.15,34.15,34.15,10,341.0,34.120000000000005,34.37166666666667,34.02729166666667,-0.24677655234153661,-0.2173715113722009,-0.029405040969335716
2026-03-03 12:04:00,33.5,33.5,33.0,33.1,5000,166600.0,34.019999999999996,34.344166666666666,34.02854166666666,-0.2938553097494818,-0.2326682710476571,-0.06118703870182471
2026-03-03 12:07:00,32.9,32.9,32.9,32.9,1000,32900.0,33.9025,34.3175,34.028958333333335,-0.34334601359046957,-0.2548038195562196,-0.08854219403424995
2026-03-03 12:16:00,32.9,32.9,32.9,32.9,2000,65800.0,33.8375,34.295833333333334,34.028958333333335,-0.37820800647340036,-0.2794846569396558,-0.09872334953374456
2026-03-03 12:17:00,32.9,33.0,32.9,33.0,4000,131900.0,33.777499999999996,34.281666666666666,34.02979166666667,-0.39323426293184127,-0.3022345781380929,-0.09099968479374837
2026-03-03 12:37:00,34.15,34.2,33.0,33.0,4003,136749.0,33.72,34.279999999999994,34.030208333333334,-0.4005256688416523,-0.3218927962788048,-0.07863287256284751
2026-03-03 12:54:00,34.15,34.15,34.15,34.15,10,341.0,33.7125,34.2975,34.03604166666667,-0.3099360219750764,-0.31950144141805914,0.009565419442982726
2026-03-03 13:01:00,34.15,34.15,34.15,34.15,200,6830.0,33.705,34.2975,34.042291666666664,-0.23542919298302678,-0.3026869917310527,0.0672577987480259
2026-03-04 09:33:00,32.9,33.0,32.9,33.0,11174,368142.0,33.647499999999994,34.278333333333336,34.040416666666665,-0.266109834735893,-0.2953715603320208,0.029261725596127774
2026-03-04 09:34:00,32.9,33.0,32.9,33.0,6000,197700.0,33.595,34.25916666666667,34.03958333333333,-0.2871147838615187,-0.29372020503792035,0.006605421176401671
2026-03-04 09:35:00,32.9,33.0,32.9,33.0,5000,164700.0,33.542500000000004,34.24,34.03875,-0.3002996894857404,-0.29503610192748436,-0.005263587558256011
2026-03-04 09:37:00,32.8,32.9,32.8,32.9,5000,164200.0,33.48,34.219166666666666,34.036458333333336,-0.3151847330433384,-0.2990658281506552,-0.016118904892683195
2026-03-04 09:38:00,33.1,33.1,33.1,33.1,1000,33100.0,33.44,34.20166666666667,34.035625,-0.30730053944266444,-0.3007127704090571,-0.00658776903360736
2026-03-04 09:43:00,33.1,33.1,33.0,33.0,4000,132200.0,33.397499999999994,34.182500000000005,34.03479166666667,-0.30559867221202097,-0.3016899507696499,-0.003908721442371088
2026-03-04 09:45:00,33.2,33.2,33.2,33.2,2000,66400.0,33.365,34.166666666666664,34.03458333333334,-0.28482827854457327,-0.2983176163246346,0.013489337780061339
2026-03-04 09:48:00,33.2,33.2,33.1,33.1,3100,102620.0,33.3175,34.142500000000005,34.033125,-0.2732864797618788,-0.2933113890120835,0.02002490925020467
2026-03-04 10:12:00,33.1,33.1,33.1,33.1,40,1324.0,33.272499999999994,34.11833333333333,34.03270833333333,-0.2611293840801423,-0.2868749880256953,0.025745603945552975
2026-03-04 10:15:00,33.1,33.1,33.1,33.1,200,6620.0,33.2275,34.094166666666666,34.032291666666666,-0.24862876057930094,-0.2792257425364164,0.030596981957115466
2026-03-04 10:36:00,32.7,32.8,32.7,32.8,6000,196500.0,33.182500000000005,34.071666666666665,34.030625,-0.2599330725307283,-0.2753672085352788,0.015434136004550514
2026-03-04 10:37:00,33.1,33.1,33.0,33.0,5000,165300.0,33.182500000000005,34.045,34.02979166666667,-0.24987311098235665,-0.27026838902469436,0.020395278042337706
2026-03-04 11:08:00,32.9,32.9,32.9,32.9,1000,32900.0,33.12,34.016666666666666,34.02729166666667,-0.2471210258833949,-0.2656389163964345,0.018517890513039592
2026-03-04 11:28:00,32.9,33.0,32.9,33.0,4033,132889.0,33.115,33.99,34.02645833333333,-0.23417143184992284,-0.2593454194871322,0.02517398763720935
2026-03-04 12:39:00,32.55,33.0,32.55,32.8,14337,469471.0,33.11,33.9675,34.02354166666667,-0.23731153416729,-0.2549386424231638,0.01762710825587377
2026-03-04 12:40:00,32.7,32.8,32.7,32.8,4000,130900.0,33.105000000000004,33.931666666666665,34.024166666666666,-0.23706732334281355,-0.2513643786070937,0.014297055264280156
2026-03-04 12:43:00,32.6,32.6,32.6,32.6,1000,32600.0,33.084999999999994,33.90833333333333,34.024166666666666,-0.25012878411175166,-0.2511172597080253,0.0009884755962736302
2026-03-04 12:52:00,32.6,32.6,32.6,32.6,1000,32600.0,33.065,33.885,34.02375,-0.25751165184681923,-0.2523961381357841,-0.005115513711035136
2026-03-04 13:03:00,32.55,32.55,32.55,32.55,500,16275.0,32.985,33.858333333333334,34.02354166666667,-0.2643499481994098,-0.25478690014850924,-0.00956304805090058
2026-03-04 13:20:00,32.55,32.65,32.55,32.65,4000,130400.0,32.910000000000004,33.825833333333335,34.022708333333334,-0.2587178447924643,-0.25557308907730025,-0.003144755715164038
2026-03-04 13:29:00,32.7,32.7,32.7,32.7,1000,32700.0,32.894999999999996,33.79,34.019999999999996,-0.24736827266688266,-0.25393212579521673,0.006563853128334074
2026-03-04 13:39:00,34.15,34.15,34.15,34.15,10,341.0,32.9525,33.7675,34.025625000000005,-0.11998763042983995,-0.22714322672214138,0.10715559629230142
2026-03-04 13:48:00,34.15,34.15,34.15,34.15,1000,34150.0,33.010000000000005,33.755833333333335,34.03125,-0.018820601549762728,-0.18547870168766564,0.16665810013790291
2026-03-04 13:49:00,32.7,32.7,32.7,32.7,1000,32700.0,33.0,33.70916666666667,34.02854166666666,-0.055013720215804085,-0.15938570539329333,0.10437198517748925
2026-03-04 14:34:00,34.15,34.15,34.15,34.15,1,34.0,33.0525,33.68666666666667,34.03395833333334,0.032926300432912115,-0.12092330422805224,0.15384960466096437
2026-03-05 09:08:00,34.1,34.1,34.1,34.1,1,34.0,33.1075,33.6725,34.03895833333333,0.09746134452598909,-0.07724637447724397,0.17470771900323306
2026-03-05 09:09:00,34.1,34.1,34.1,34.1,309,10536.0,33.152499999999996,33.655833333333334,34.043958333333336,0.14691231816556183,-0.0324146359486828,0.17932695411424462
2026-03-05 09:44:00,34.2,34.2,34.2,34.2,1000,34200.0,33.207499999999996,33.645,34.04895833333333,0.1919589520066438,0.012460081642382532,0.1794988703642613
2026-03-05 09:46:00,34.2,34.2,34.2,34.2,1000,34200.0,33.2625,33.63333333333333,34.05458333333333,0.22506433234359946,0.05498093178262594,0.1700834005609735
2026-03-05 13:18:00,34.15,34.15,34.15,34.15,300,10245.0,33.315000000000005,33.62166666666666,34.059583333333336,0.2444481564555332,0.09287437671720741,0.15157377973832578
2026-03-05 13:38:00,34.15,34.15,34.0,34.0,4000,136300.0,33.375,33.60583333333333,34.06375,0.2448833672958699,0.12327617483293993,0.12160719246292997
2026-03-06 09:29:00,34.15,34.15,34.15,34.15,10,341.0,33.4325,33.59166666666667,34.06854166666667,0.2543994627713957,0.1495008324206311,0.10489863035076458
2026-03-06 11:37:00,34.15,34.15,34.15,34.15,6,204.0,33.495,33.57833333333333,34.07395833333333,0.2589559539528352,0.17139185672707194,0.08756409722576328
2026-03-06 14:51:00,33.8,33.95,33.8,33.95,4000,135350.0,33.542500000000004,33.55916666666666,34.07791666666667,0.24362037349438737,0.18583756008053504,0.05778281341385233
