ts,open,high,low,close,volume,amount,ma20,ma60,ma240,macd,signal,hist
2025-03-07 09:01:00,42.35,42.5,42.35,42.5,9000,381750.0,,,,0.0,0.0,0.0
2025-03-07 09:02:00,42.75,42.8,42.75,42.8,2310,98867.5,,,,0.006730769230777867,0.003739316239321037,0.0029914529914568297
2025-03-07 09:03:00,42.8,44.2,42.8,42.8,1521,65100.2,,,,0.0085763359691029,0.005721701374477537,0.002854634594625363
2025-03-07 09:04:00,44.2,44.2,44.2,44.2,1009,44597.8,,,,0.05975201844879052,0.02402465431293044,0.035727364135860085
2025-03-07 09:05:00,44.2,44.25,44.0,44.25,1303,57532.75,,,,0.08829180351693822,0.04314267823130495,0.045149125285633265
2025-03-07 09:06:00,44.25,44.8,44.0,44.0,8008,352958.4,,,,0.0930983460377206,0.05668344168824388,0.03641490434947672
2025-03-07 09:07:00,44.0,44.3,44.0,44.3,701,30844.3,,,,0.10816774751646818,0.0697127460170692,0.03845500149939898
2025-03-07 09:08:00,44.3,44.3,44.2,44.2,2000,88500.0,,,,0.11177706933102627,0.07982159392918833,0.031955475401837935
2025-03-07 09:09:00,44.4,44.4,44.4,44.4,1,44.4,,,,0.12249844902964924,0.08968015917836472,0.032818289851284516
2025-03-07 09:10:00,44.35,44.35,44.35,44.35,86,3814.1,,,,0.12574622754376463,0.0977610521246097,0.027985175419154934
2025-03-07 09:19:00,44.35,44.35,44.0,44.0,1500,66350.0,,,,0.10768318625306961,0.09993195837747659,0.007751227875593014
2025-03-07 09:20:00,44.35,44.35,44.35,44.35,10,443.5,,,,0.11220109721011795,0.10256685485091294,0.009634242359205014
2025-03-07 09:21:00,43.0,44.35,43.0,44.35,468,20129.4,,,,0.11406330875320947,0.10499990391840511,0.009063404834804362
2025-03-07 09:25:00,44.35,44.35,44.35,44.35,1000,44350.0,,,,0.11397575459941578,0.10687765857789606,0.007098096021519715
2025-03-07 09:26:00,44.4,44.4,44.4,44.4,2100,93240.0,,,,0.1154225834825553,0.1086489658945404,0.006773617588014896
2025-03-07 09:27:00,44.8,44.8,44.0,44.0,2009,88403.2,,,,0.09080982412727678,0.104977803506315,-0.014167979379038215
2025-03-07 09:28:00,44.75,44.75,44.75,44.75,10,447.5,,,,0.11732563518681616,0.10750426059851012,0.009821374588306037
2025-03-07 09:35:00,43.6,43.6,43.6,43.6,3000,130800.0,,,,0.06368480295449075,0.09857959661616507,-0.03489479366167432
2025-03-07 09:38:00,44.6,44.6,44.6,44.6,5,223.0,,,,0.08583551363851427,0.09599351059327804,-0.01015799695476377
2025-03-07 10:03:00,43.95,43.95,43.7,43.7,1001,43743.95,43.995,,,0.04320639640867796,0.08531294926802648,-0.042106552859348514
2025-03-07 10:04:00,44.55,44.55,44.55,44.55,1,44.55,44.097500000000004,,,0.06598752021621834,0.08141188246722039,-0.01542436225100205
2025-03-07 10:12:00,43.3,43.3,43.3,43.3,20,866.0,44.1225,,,-0.0010067076104363082,0.06480563195036573,-0.06581233956080204
2025-03-07 10:14:00,44.4,44.4,44.4,44.4,1,44.4,44.2025,,,0.021779801558913903,0.05614936831047549,-0.03436956675156159
2025-03-07 10:49:00,44.2,44.2,43.4,43.4,6000,262800.0,44.1625,,,-0.029526396466671656,0.03893291294326614,-0.0684593094099378
2025-03-07 10:50:00,44.2,44.2,44.2,44.2,1,44.2,44.160000000000004,,,-0.013472285876410695,0.028412126772943438,-0.041884412649354136
2025-03-07 10:52:00,44.25,44.25,42.75,42.75,9009,386048.25,44.097500000000004,,,-0.10263103901439763,0.0021240427566866,-0.10475508177108422
2025-03-07 10:53:00,43.0,43.0,42.75,42.75,7832,336593.0,44.019999999999996,,,-0.17089902070176777,-0.03256444154363217,-0.1383345791581356
2025-03-07 10:55:00,42.75,42.75,42.75,42.75,100,4275.0,43.947500000000005,,,-0.22213772337042315,-0.07055257765071657,-0.15158514571970658
2025-03-07 11:00:00,42.75,42.75,42.75,42.75,200,8550.0,43.864999999999995,,,-0.259532522439585,-0.10840714371223692,-0.1511253787273481
2025-03-07 11:02:00,42.75,42.75,42.75,42.75,4968,212382.0,43.785000000000004,,,-0.28571299574033304,-0.1439122673319848,-0.14180072840834823
2025-03-07 11:05:00,42.7,42.7,42.7,42.7,2066,88218.2,43.720000000000006,,,-0.30650728350939715,-0.17646350775454525,-0.1300437757548519
2025-03-07 12:34:00,42.5,42.5,42.5,42.5,7,297.5,43.627500000000005,,,-0.3339311250275898,-0.20798200273357817,-0.12594912229401165
2025-03-07 13:01:00,42.5,42.5,42.5,42.5,200,8500.0,43.535000000000004,,,-0.3515083646804129,-0.23670548079004455,-0.11480288389036836
2025-03-07 13:10:00,42.5,42.5,42.5,42.5,1000,42500.0,43.4425,,,-0.36119537311441974,-0.26161609043462675,-0.09957928267979299
2025-03-07 13:13:00,42.5,42.5,42.5,42.5,100,4250.0,43.347500000000004,,,-0.36460817372364573,-0.2822228661937617,-0.08238530752988404
2025-03-07 13:32:00,43.45,43.45,43.45,43.45,3000,130350.0,43.32,,,-0.2916393595499258,-0.2841067762287543,-0.007532583321171515
2025-03-10 09:02:00,43.3,43.3,43.3,43.3,1003,43429.9,43.2475,,,-0.24252548483171665,-0.2757883583645996,0.03326287353288293
2025-03-10 09:08:00,43.2,43.2,43.2,43.2,1000,43200.0,43.2275,,,-0.20889007419442152,-0.2624059221072944,0.053515847912872894
2025-03-10 09:11:00,42.55,42.95,42.2,42.6,10501,445717.95,43.1275,,,-0.22584229759952024,-0.2550919819689907,0.029249684369470452
2025-03-10 09:12:00,42.0,42.0,42.0,42.0,6000,252000.0,43.042500000000004,,,-0.28235307072101534,-0.260544924539788,-0.02180814618122734
2025-03-10 09:15:00,42.15,42.15,42.0,42.0,6559,276378.0,42.915,,,-0.3233502072061043,-0.27310731693574464,-0.050242890270359664
2025-03-10 13:04:00,40.9,40.9,40.85,40.85,6000,245250.0,42.792500000000004,,,-0.4401349553353384,-0.3065156866854467,-0.1336192686498917
2025-03-10 13:08:00,42.05,42.05,41.05,41.05,1103,45378.15,42.625,,,-0.5111096663891601,-0.3474372676046721,-0.16367239878448803
2025-03-10 13:58:00,41.05,41.05,41.05,41.05,10,410.5,42.50750000000001,,,-0.5608273281224285,-0.3901176034467355,-0.170709724675693
2025-03-11 09:05:00,40.75,40.75,40.75,40.75,1000,40750.0,42.335,,,-0.6165745261663034,-0.4354109607945971,-0.18116356537170625
2025-03-11 09:06:00,40.75,40.75,40.75,40.75,2000,81500.0,42.235,,,-0.6531718144665177,-0.47896464915352277,-0.17420716531299496
2025-03-11 09:08:00,39.9,39.9,39.8,39.8,6000,239100.0,42.0875,,,-0.7482563222149992,-0.532824485158917,-0.21543183705608215
2025-03-11 09:09:00,39.75,39.75,39.75,39.75,1000,39750.0,41.9375,,,-0.8180600585813593,-0.5898728720649459,-0.22818718651641345
2025-03-11 09:27:00,39.75,39.75,39.75,39.75,1000,39750.0,41.7875,,,-0.8633746065923802,-0.6445741948746424,-0.21880041171773779
2025-03-11 12:22:00,38.1,38.1,38.1,38.1,100,3810.0,41.555,,,-1.0180162168485438,-0.7192636652731655,-0.2987525515753783
2025-03-11 12:56:00,38.1,39.2,38.1,39.2,4000,154600.0,41.379999999999995,,,-1.0413600376218568,-0.7836836752893892,-0.2576763623324676
2025-03-12 09:37:00,39.9,39.9,39.9,39.9,3000,119700.0,41.25,,,-0.9928513459943389,-0.8255175915574862,-0.16733375443685272
2025-03-13 11:47:00,38.05,38.05,38.05,38.05,8,304.4,41.027499999999996,,,-1.0887718255525485,-0.8781688231058041,-0.21060300244674435
2025-03-13 13:00:00,38.05,38.05,38.05,38.05,1000,38050.0,40.80499999999999,,,-1.1514695033452043,-0.9328292786990656,-0.21864022464613864
2025-03-14 10:18:00,38.05,38.05,38.05,38.05,2000,76100.0,40.582499999999996,,,-1.1874308961401283,-0.9837498403328274,-0.2036810558073009
2025-03-14 10:36:00,38.05,38.2,38.05,38.2,4000,152650.0,40.32,,,-1.1902248704959248,-1.0250450008689853,-0.16517986962693954
2025-03-17 09:19:00,38.05,38.05,38.05,38.05,16,608.8,40.0575,,,-1.1906520328715757,-1.0581665064073151,-0.1324855264642606
2025-03-17 12:57:00,38.05,38.05,38.05,38.05,1000,38050.0,39.8,,,-1.1773946442894285,-1.0820121910828087,-0.09538245320661987
2025-03-17 14:59:00,38.5,38.5,38.5,38.5,1681,64718.5,39.595,,,-1.118028639493339,-1.089215494563703,-0.028813144929636048
2025-03-19 09:40:00,38.2,38.2,38.2,38.2,1000,38200.0,39.405,42.1475,,-1.0824751265264325,-1.0878674188903288,0.005392292363896267
2025-03-20 13:01:00,39.8,39.8,39.8,39.8,1000,39800.0,39.295,42.1025,,-0.9157196566118344,-1.0534378242240696,0.1377181676122352
2025-03-20 13:02:00,39.8,40.0,39.8,40.0,11000,439600.0,39.2525,42.05583333333333,,-0.7588076810059476,-0.9945117377859077,0.2357040567799601
2025-03-20 13:05:00,40.05,40.05,40.05,40.05,1000,40050.0,39.2025,42.01,,-0.623266457418751,-0.9202626234538208,0.29699616603506984
2025-03-20 13:09:00,40.5,40.5,40.5,40.5,3000,121500.0,39.175,41.94833333333333,,-0.47431744071083415,-0.8310735309203228,0.3567560902094886
2025-03-20 13:14:00,41.0,41.0,41.0,41.0,1000,41000.0,39.1875,41.89416666666666,,-0.31258192574212273,-0.7273751578106638,0.414793232068541
2025-03-20 13:30:00,41.0,41.0,41.0,41.0,30,1230.0,39.2,41.84416666666666,,-0.1823106459408379,-0.6183622116424361,0.4360515657015982
2025-03-20 14:37:00,41.0,41.0,41.0,41.0,150,6150.0,39.260000000000005,41.78916666666667,,-0.07817432687102865,-0.510324599966205,0.4321502730951764
2025-03-20 14:45:00,41.0,41.0,41.0,41.0,1500,61500.0,39.322500000000005,41.735833333333325,,0.004300035194901852,-0.4073996464709399,0.41169968166584175
2025-03-20 15:00:00,41.05,41.05,41.05,41.05,1,41.05,39.3875,41.68,,0.07283393045775455,-0.31135291132953347,0.384186841787288
2025-03-21 09:04:00,41.55,41.55,41.55,41.55,10,415.5,39.559999999999995,41.63333333333333,,0.16541139061855858,-0.21600003524955588,0.3814114258681145
2025-03-21 09:05:00,41.55,41.55,41.55,41.55,100,4155.0,39.6775,41.592499999999994,,0.23605352142658376,-0.12558931201262738,0.3616428334392111
2025-03-21 09:06:00,41.55,41.55,41.55,41.55,100,4155.0,39.76,41.545833333333334,,0.28870556564697125,-0.042730327754638135,0.3314358934016094
2025-03-21 09:07:00,41.55,41.55,41.4,41.4,5100,211755.0,39.927499999999995,41.49666666666667,,0.31473798965878075,0.028763341751375366,0.2859746479074054
2025-03-21 09:10:00,41.55,41.75,41.0,41.75,4042,168522.0,40.1125,41.45333333333334,,0.35937733992798826,0.0948861458433661,0.2644911940846222
2025-03-21 09:12:00,41.6,43.0,41.6,41.75,10020,417710.0,40.2975,41.40916666666667,,0.39025246266785985,0.15395941239348906,0.23629305027437078
2025-03-21 09:15:00,43.0,43.0,43.0,43.0,1,43.0,40.5375,41.392500000000005,,0.5094402713824522,0.2250555872580802,0.284384684124372
2025-03-21 09:17:00,43.0,43.0,43.0,43.0,200,8600.0,40.785,41.36333333333334,,0.5970100500464426,0.29944648238288807,0.2975635676635545
2025-03-21 09:28:00,41.2,41.2,41.2,41.2,3000,123600.0,40.9425,41.32333333333334,,0.515550696337705,0.3426673263670486,0.1728833699706564
2025-03-21 09:29:00,41.3,41.3,41.05,41.05,2000,82350.0,41.07,41.264166666666675,,0.4339134463985985,0.36091655077640344,0.07299689562219508
2025-03-21 09:30:00,41.85,41.85,41.05,41.05,2010,82518.5,41.2125,41.22,,0.36500784203180814,0.3617348090419418,0.0032730329898663646
2025-03-21 09:31:00,41.0,41.55,41.0,41.55,2510,102915.5,41.3,41.17,,0.3466757422851643,0.3587229956480149,-0.012047253362850618
2025-03-21 09:42:00,41.5,41.5,41.5,41.5,9000,373500.0,41.375,41.14,,0.3243796326241153,0.35185432296556524,-0.027474690341449948
2025-03-21 09:50:00,41.95,41.95,41.95,41.95,10,419.5,41.470000000000006,41.09916666666666,,0.33905530037516485,0.3492945184243285,-0.010239218049163668
2025-03-21 09:51:00,41.05,41.05,41.0,41.0,5000,205150.0,41.495000000000005,41.05916666666666,,0.27101450176665054,0.3336385149794903,-0.06262401321283978
2025-03-21 09:52:00,41.0,41.0,41.0,41.0,1000,41000.0,41.495000000000005,41.005833333333335,,0.21461796628285867,0.3098344051023476,-0.09521643881948894
2025-03-21 10:04:00,41.5,41.5,41.5,41.5,10,415.0,41.52,40.985,,0.20782364976022194,0.2894322539394262,-0.08160860417920424
2025-03-21 10:11:00,40.0,40.0,40.0,40.0,30,1200.0,41.470000000000006,40.939166666666665,,0.0806110531342128,0.24766801362363253,-0.16705696048941973
2025-03-21 10:12:00,41.5,41.5,41.5,41.5,10,415.0,41.495000000000005,40.91833333333333,,0.09955652486888766,0.21804571578487486,-0.1184891909159872
2025-03-21 10:16:00,41.5,41.5,41.5,41.5,2000,83000.0,41.5175,40.8975,,0.11326492325103032,0.19708955722841007,-0.08382463397737974
2025-03-21 10:18:00,41.5,41.5,41.5,41.5,1000,41500.0,41.515,40.876666666666665,,0.12271403390549551,0.18221445253560703,-0.05950041863011152
2025-03-21 11:11:00,40.0,40.0,40.0,40.0,3000,120000.0,41.4375,40.83166666666667,,0.00916134462223539,0.14760383090040383,-0.13844248627816844
2025-03-21 11:15:00,41.45,41.45,41.45,41.45,10,414.5,41.4325,40.81416666666667,,0.03567116737306719,0.1252172981677555,-0.08954613079468832
2025-03-21 11:31:00,41.45,41.45,41.45,41.45,8,331.6,41.435,40.79666666666667,,0.05603421820810439,0.1113806821623853,-0.0553464639542809
2025-03-24 09:03:00,41.4,41.4,41.4,41.4,10,414.0,41.417500000000004,40.778333333333336,,0.0673634681638191,0.10257723935583118,-0.03521377119201208
2025-03-24 09:09:00,39.5,39.5,39.45,39.45,5000,197400.0,41.3025,40.7275,,-0.07998721105978035,0.06606434925001049,-0.14605156030979083
2025-03-24 09:11:00,41.35,41.35,41.35,41.35,10,413.5,41.22,40.692499999999995,,-0.043040528008944534,0.04424337378736742,-0.08728390179631196
2025-03-24 10:45:00,41.2,41.2,41.2,41.2,30,1236.0,41.13,40.657500000000006,,-0.02556281244989833,0.03028213653435967,-0.055844948984258
2025-03-24 11:27:00,41.2,41.25,41.0,41.0,6000,247150.0,41.12,40.62083333333333,,-0.02752475496797757,0.018720758230212388,-0.04624551319818996
2025-03-24 11:31:00,41.3,41.3,41.3,41.3,10,413.0,41.1325,40.59916666666666,,-0.004827473255403447,0.014011111931890006,-0.018838585187293453
2025-03-24 12:01:00,41.3,41.3,41.0,41.0,3000,123600.0,41.129999999999995,40.582499999999996,,-0.010911302775248544,0.00902662898944694,-0.019937931764695483
2025-03-24 12:06:00,41.3,41.3,41.3,41.3,10,413.0,41.1175,40.57083333333333,,0.008368810048196451,0.008895065201175402,-0.0005262551529789505
2025-03-24 14:41:00,39.65,39.65,39.65,39.65,2000,79300.0,41.025,40.55083333333334,,-0.10819742453580972,-0.01452343274927469,-0.09367399178653503
2025-03-24 14:42:00,41.2,41.2,40.0,41.15,1020,40823.5,40.985,40.5525,,-0.07867274465159113,-0.02735329513107608,-0.05131944952051505
2025-03-25 09:22:00,41.15,41.15,41.15,41.15,10,411.5,40.99249999999999,40.55416666666667,,-0.05464436584447441,-0.03281150927421116,-0.021832856570263244
2025-03-25 10:14:00,39.6,39.6,39.6,39.6,2000,79200.0,40.9225,40.535000000000004,,-0.1588072224698891,-0.058010651915028785,-0.10079657055486031
2025-03-25 10:20:00,41.15,41.15,41.15,41.15,10,411.5,40.904999999999994,40.541666666666664,,-0.11499233970631195,-0.06940698947389397,-0.045585350232417984
2025-03-25 11:03:00,41.0,41.0,41.0,41.0,3000,123000.0,40.955,40.56166666666666,,-0.0913169082044547,-0.07378897322019333,-0.017527934984261376
2025-03-25 12:39:00,39.85,41.0,39.8,41.0,5010,200360.0,40.92999999999999,40.582499999999996,,-0.07172714898182875,-0.07337660837250631,0.0016494593906775656
2025-03-26 09:02:00,41.0,41.0,41.0,41.0,10,410.0,40.904999999999994,40.60333333333333,,-0.055561657795365704,-0.06981361825698079,0.014251960461615087
2025-03-26 09:59:00,39.8,39.8,39.8,39.8,1000,39800.0,40.82,40.63166666666667,,-0.13797099457782735,-0.08344509352144826,-0.0545259010563791
2025-03-26 10:00:00,39.8,39.8,39.8,39.8,1000,39800.0,40.809999999999995,40.641666666666666,,-0.2009641963820954,-0.10694891409398895,-0.09401528228810645
2025-03-26 10:08:00,41.0,41.0,41.0,41.0,10,410.0,40.7875,40.660000000000004,,-0.15231703630394833,-0.11602253853610783,-0.036294497767840495
2025-03-26 11:07:00,41.0,41.0,41.0,41.0,1000,41000.0,40.765,40.70916666666667,,-0.11246739105144599,-0.11531150903916751,0.002844117987721523
2025-03-26 11:51:00,41.0,41.0,41.0,41.0,1000,41000.0,40.745,40.75833333333333,,-0.07996450787178588,-0.10824210880562785,0.028277600933841962
2025-03-26 13:27:00,41.0,41.0,41.0,41.0,1000,41000.0,40.8225,40.807500000000005,,-0.05358803401331613,-0.09731129384708716,0.043723259833771025
2025-03-26 13:53:00,39.7,41.0,39.7,41.0,1010,40110.0,40.805,40.854166666666664,,-0.03231203660136117,-0.08431144239786743,0.05199940579650626
2025-03-27 09:15:00,40.95,40.95,40.95,40.95,10,409.5,40.792500000000004,40.9025,,-0.01926274639539116,-0.07130170319731251,0.052038956801921346
2025-03-27 12:47:00,40.95,40.95,40.95,40.95,40,1638.0,40.79,40.95083333333333,,-0.008819435359797012,-0.05880524962976355,0.04998581426996654
2025-03-27 14:39:00,39.55,40.95,39.55,40.95,2001,79140.95,40.7725,40.99166666666667,,-0.0005368565159997729,-0.04715157100697658,0.04661471449097681
2025-03-28 09:08:00,40.95,40.95,40.95,40.95,10,409.5,40.77,41.0375,,0.0059584538796571,-0.0365295660296249,0.042488019909282
2025-03-28 11:49:00,39.5,39.5,39.5,39.5,639,25240.5,40.68,41.0325,,-0.10468035225328975,-0.050159723274383484,-0.05452062897890627
2025-03-28 11:59:00,40.95,40.95,40.95,40.95,10,409.5,40.745,41.04833333333333,,-0.07450960219090774,-0.05502969905769565,-0.019479903133212094
2025-03-28 13:31:00,40.9,40.9,40.9,40.9,1000,40900.0,40.7325,41.0625,,-0.05401076730900911,-0.05482591270795809,0.0008151453989489812
2025-03-31 09:06:00,39.5,39.5,39.5,39.5,3000,118500.0,40.65,41.045833333333334,,-0.1490084034570529,-0.07366241085779517,-0.07534599259925774
2025-03-31 09:16:00,40.0,40.0,40.0,40.0,1,40.0,40.67,41.02916666666667,,-0.1818549911897307,-0.09530092692419892,-0.08655406426553178
2025-03-31 10:19:00,38.9,38.9,38.9,38.9,1000,38900.0,40.557500000000005,40.994166666666665,,-0.29326131680425505,-0.1348930049002345,-0.15836831190402054
2025-03-31 10:21:00,40.0,40.0,40.0,40.0,1,40.0,40.50750000000001,40.9775,,-0.2894587262463091,-0.16580614916946465,-0.12365257707684443
2025-04-01 11:32:00,39.95,39.95,39.95,39.95,10,399.5,40.455,40.96000000000001,,-0.2871691980967057,-0.1900787589549224,-0.09709043914178331
2025-04-01 12:37:00,39.9,39.9,39.9,39.9,12,478.8,40.4,40.94083333333333,,-0.28609122494880523,-0.209281252153705,-0.07680997279510024
2025-04-01 12:51:00,39.9,39.9,39.9,39.9,40,1596.0,40.405,40.91333333333333,,-0.2819863383978287,-0.2238222694025334,-0.058164068995295304
2025-04-01 14:58:00,38.05,38.05,38.05,38.05,3000,114150.0,40.3175,40.855000000000004,,-0.42312933611181336,-0.26368368274439746,-0.1594456533674159
2025-04-02 09:07:00,39.95,39.95,39.95,39.95,10,399.5,40.265,40.82833333333333,,-0.377327889603535,-0.28641252411622864,-0.09091536548730639
2025-04-02 10:09:00,39.95,39.95,39.95,39.95,5,199.75,40.2125,40.80416666666667,,-0.33714352472881615,-0.29655872423874746,-0.040584800490068684
2025-04-02 10:32:00,39.95,39.95,39.95,39.95,1000,39950.0,40.160000000000004,40.774166666666666,,-0.30181794987411337,-0.2976105693658207,-0.0042073805082926685
2025-04-02 15:00:00,40.0,40.0,40.0,40.0,1,40.0,40.11,40.745,,-0.26671320082814276,-0.2914310956582846,0.024717894830141862
2025-04-07 09:01:00,36.45,36.45,36.45,36.45,1,36.45,39.88250000000001,40.63583333333333,,-0.5193534065841661,-0.33701555784346393,-0.18233784874070214
2025-04-07 09:12:00,36.45,38.0,36.45,38.0,2500,92675.0,39.735,40.552499999999995,,-0.5877285484878598,-0.3871581559723457,-0.20057039251551412
2025-04-07 09:13:00,38.0,38.0,36.45,36.45,3000,112450.0,39.510000000000005,40.473333333333336,,-0.7582449358049885,-0.4613755119388774,-0.29686942386611115
2025-04-07 09:14:00,37.55,37.55,37.55,37.55,2000,75100.0,39.339999999999996,40.41499999999999,,-0.7954519156010136,-0.5281907926713068,-0.26726112292970683
2025-04-07 09:40:00,37.85,37.85,37.85,37.85,10,378.5,39.184999999999995,40.36166666666667,,-0.7916065091276536,-0.5808739359625775,-0.2107325731650761
2025-04-07 09:57:00,37.55,37.55,37.1,37.1,4000,148850.0,39.065,40.2875,,-0.8394005271263296,-0.6325792541953291,-0.2068212729310005
2025-04-07 09:59:00,36.3,36.3,36.0,36.0,5000,180900.0,38.8175,40.19583333333333,,-0.9550279566685091,-0.6970689946899663,-0.25795896197854284
2025-04-07 10:00:00,36.0,36.0,36.0,36.0,2000,72000.0,38.572500000000005,40.09666666666667,,-1.0347356925405151,-0.7646023342600768,-0.2701333582804383
2025-04-07 10:01:00,35.95,36.6,35.9,36.6,6010,215916.0,38.4275,40.02333333333333,,-1.0375303102469147,-0.8191879294574449,-0.21834238078946977
2025-04-07 10:13:00,35.15,35.15,35.15,35.15,2000,70300.0,38.185,39.92583333333334,,-1.14356407844393,-0.8840631592547425,-0.2595009191891875
2025-04-07 10:14:00,35.15,35.15,35.15,35.15,1000,35150.0,37.997499999999995,39.82000000000001,,-1.2136068594966574,-0.9499718993031259,-0.2636349601935315
2025-04-07 10:18:00,35.5,35.5,35.5,35.5,51,1810.5,37.772499999999994,39.745000000000005,,-1.2267334596049224,-1.0053242113634855,-0.22140924824143693
2025-04-07 11:05:00,35.5,35.5,35.5,35.5,40,1420.0,37.55,39.645,,-1.2230379390843495,-1.0488669569076585,-0.17417098217669102
2025-04-08 10:07:00,35.5,35.5,35.5,35.5,10,355.0,37.33,39.545,,-1.20620481223321,-1.080334527972769,-0.1258702842604411
2025-04-08 10:23:00,35.5,35.5,35.5,35.5,500,17750.0,37.11,39.44500000000001,,-1.179270522573816,-1.1001217268929784,-0.07914879568083766
2025-04-08 11:09:00,35.5,35.5,35.5,35.5,5000,177500.0,36.9825,39.370000000000005,,-1.1447291625981535,-1.1090432140340134,-0.03568594856414009
2025-04-08 11:10:00,35.7,35.7,35.7,35.7,2000,71400.0,36.769999999999996,39.274166666666666,,-1.0886671904104688,-1.1049680093093044,0.016300818898835612
2025-04-08 12:50:00,35.7,35.7,35.7,35.7,2000,71400.0,36.557500000000005,39.17833333333333,,-1.0323375187588724,-1.0904419111992179,0.05810439244034549
2025-04-08 13:05:00,35.7,35.7,35.7,35.7,1,35.7,36.345,39.083333333333336,,-0.9764400461180927,-1.0676415381829927,0.09120149206490002
2025-04-08 13:22:00,35.8,35.8,35.8,35.8,8,286.4,36.135000000000005,39.0225,,-0.9135410413247627,-1.0368214388113466,0.12328039748658393
2025-04-09 09:03:00,35.9,35.9,35.9,35.9,1000,35900.0,36.1075,38.931666666666665,,-0.8458733014314319,-0.9986318113353636,0.1527585099039317
2025-04-09 09:54:00,34.55,34.55,34.55,34.55,100,3455.0,35.935,38.82083333333333,,-0.8909094216376943,-0.9770873333958298,0.0861779117581355
2025-04-09 09:57:00,35.9,35.9,35.9,35.9,10,359.0,35.9075,38.73583333333333,,-0.8083495229567887,-0.9433397713080216,0.13499024835123286
2025-04-09 10:16:00,34.55,34.55,34.55,34.55,10,345.5,35.7575,38.623333333333335,,-0.8421457011376958,-0.9231009572739566,0.08095525613626076
2025-04-09 11:24:00,34.55,34.55,34.55,34.55,50,1727.5,35.5925,38.51583333333334,,-0.8590270783448801,-0.9102861814881414,0.05125910314326132
2025-04-09 11:41:00,35.95,35.95,35.95,35.95,10,359.5,35.535000000000004,38.42666666666666,,-0.750783258788104,-0.878385596948134,0.12760233816002997
2025-04-09 13:02:00,34.55,34.7,34.55,34.7,3000,103800.0,35.47,38.344166666666666,,-0.7571356551711048,-0.8541356085927283,0.09699995342162349
2025-04-09 13:05:00,34.2,34.2,34.2,34.2,6000,205200.0,35.38,38.22833333333333,,-0.7933701803669848,-0.8419825229475797,0.04861234258059488
2025-04-09 13:10:00,33.35,33.35,33.35,33.35,2000,66700.0,35.2175,38.098333333333336,,-0.8805238521469789,-0.8496907887874596,-0.030833063359519297
2025-04-09 13:15:00,34.35,34.35,34.35,34.35,1000,34350.0,35.1775,38.01083333333333,,-0.8590003229646896,-0.8515526956229058,-0.007447627341783836
2025-04-10 09:05:00,34.35,34.35,34.35,34.35,10,343.5,35.1375,37.89750000000001,,-0.8323479779899614,-0.8477117520963171,0.015363774106355699
2025-04-10 09:06:00,34.35,34.35,34.35,34.35,100,3435.0,35.08,37.78666666666667,,-0.8019810609868472,-0.8385656138744232,0.036584552887576005
2025-04-10 09:07:00,34.35,34.35,34.35,34.35,2000,68700.0,35.0225,37.67583333333334,,-0.7690499289279771,-0.8246624768851339,0.055612547957156866
2025-04-10 09:09:00,34.4,34.4,34.4,34.4,1000,34400.0,34.9675,37.56583333333334,,-0.7304964847341395,-0.8058292784549351,0.0753327937207956
2025-04-10 09:10:00,34.4,34.4,34.4,34.4,2000,68800.0,34.9125,37.475833333333334,,-0.6919660467134321,-0.7830566321066347,0.09109058539320258
2025-04-10 09:13:00,34.7,34.7,34.7,34.7,3000,104100.0,34.8725,37.39083333333333,,-0.629961145905213,-0.7524375348663505,0.12247638896113744
2025-04-10 09:14:00,35.0,35.0,35.0,35.0,10,350.0,34.8375,37.29083333333333,,-0.5502711780657066,-0.7120042635062217,0.16173308544051512
2025-04-10 09:51:00,35.0,35.0,35.0,35.0,100,3500.0,34.802499999999995,37.19083333333333,,-0.48156512114237415,-0.6659164350334522,0.18435131389107806
2025-04-10 09:58:00,35.0,35.0,35.0,35.0,1000,35000.0,34.7675,37.09083333333333,,-0.42224766748289255,-0.6171826815233403,0.19493501404044777
2025-04-10 10:45:00,35.0,35.0,35.0,35.0,1000,35000.0,34.7275,36.99083333333333,,-0.370961939538212,-0.5679385331263147,0.1969765935881027
2025-04-10 10:53:00,35.75,35.75,35.75,35.75,10,357.5,34.72,36.90333333333333,,-0.26672433993770284,-0.5076956944885923,0.24097135455088947
2025-04-11 11:50:00,35.7,35.7,35.7,35.7,10,357.0,34.7775,36.81583333333333,,-0.18600571144209965,-0.44335769787929374,0.2573519864371941
2025-04-14 09:01:00,35.7,35.7,35.7,35.7,17,606.9,34.7675,36.72833333333334,,-0.12064489803319844,-0.3788151379100747,0.25817023987687626
2025-04-14 13:07:00,35.75,35.75,35.75,35.75,1,35.75,34.8275,36.641666666666666,,-0.06407281319921765,-0.31586667296790333,0.2517938597686857
2025-04-15 09:04:00,35.75,35.75,35.75,35.75,10,357.5,34.8875,36.555,,-0.019019780612353543,-0.25649729449679337,0.23747751388443983
2025-04-15 13:14:00,35.75,35.75,35.75,35.75,5000,178750.0,34.8775,36.4925,,0.01649492867611002,-0.20189884986221268,0.2183937785383227
2025-04-15 13:54:00,36.1,36.1,36.1,36.1,23,830.3,34.947500000000005,36.41166666666666,,0.07205207317427664,-0.1471086652549148,0.21916073842919145
2025-04-15 14:05:00,36.1,36.1,36.1,36.1,100,3610.0,35.042500000000004,36.33166666666667,,0.11475864374239109,-0.09473520345545362,0.2094938471978447
2025-04-15 14:07:00,36.1,36.1,36.1,36.1,40,1444.0,35.18,36.275,,0.14691041633874136,-0.04640607949661461,0.19331649583535598
2025-04-16 09:17:00,36.1,36.1,36.1,36.1,10,361.0,35.2675,36.21000000000001,,0.17042635841877285,-0.003039591913537109,0.17346595033230996
2025-04-17 09:50:00,36.1,36.1,36.1,36.1,3000,108300.0,35.355000000000004,36.163333333333334,,0.18690834852738192,0.03494999617464671,0.1519583523527352
2025-04-17 09:56:00,36.1,36.1,36.1,36.1,3000,108300.0,35.4425,36.098333333333336,,0.1976915787019351,0.06749831268010441,0.13019326602183068
2025-04-17 10:37:00,36.8,36.8,36.8,36.8,3000,110400.0,35.565,36.045833333333334,,0.2597275115537201,0.10594415245482758,0.1537833590988925
2025-04-17 11:51:00,37.0,37.0,37.0,37.0,1010,37370.0,35.69500000000001,35.99750000000001,,0.3213257132831444,0.14902046462049098,0.17230524866265343
2025-04-17 11:58:00,37.0,37.1,37.0,37.1,4000,148300.0,35.83,35.950833333333335,,0.37390178531750706,0.1939967287598942,0.17990505655761285
2025-04-17 11:59:00,37.35,37.35,37.35,37.35,1000,37350.0,35.9625,35.939166666666665,,0.4307758873604328,0.24135256048000198,0.18942332688043084
2025-04-17 12:42:00,37.75,37.75,37.75,37.75,1000,37750.0,36.1,35.9025,,0.5023350621809826,0.29354906082019816,0.2087860013607844
2025-04-18 09:26:00,37.85,37.85,37.85,37.85,10,378.5,36.2425,35.86749999999999,,0.5606525314512965,0.34696975494641785,0.2136827765048786
2025-04-18 09:30:00,37.85,37.85,37.85,37.85,2000,75700.0,36.385000000000005,35.832499999999996,,0.5999536532417622,0.3975665346054868,0.2023871186362754
2025-04-18 09:40:00,38.1,38.1,38.1,38.1,2000,76200.0,36.540000000000006,35.80083333333334,,0.6438510656509138,0.4468234408145722,0.19702762483634156
2025-04-18 09:56:00,38.1,38.1,38.1,38.1,20,762.0,36.6575,35.82833333333334,,0.6709062907197136,0.49164001079560055,0.1792662799241131
2025-04-18 10:00:00,38.3,38.3,38.3,38.3,10,383.0,36.7875,35.833333333333336,,0.7004121603723732,0.5333944407109551,0.1670177196614181
2025-04-18 10:05:00,38.3,38.3,38.3,38.3,100,3830.0,36.917500000000004,35.86416666666666,,0.7155473893952617,0.5698250304478164,0.14572235894744534
2025-04-18 10:44:00,38.3,38.3,38.3,38.3,200,7660.0,37.045,35.87666666666667,,0.7192510883004601,0.5997102420183452,0.11954084628211492
2025-04-18 11:01:00,38.3,38.3,38.3,38.3,10,383.0,37.1725,35.884166666666665,,0.7139562528393384,0.6225594441825439,0.09139680865679445
2025-04-18 12:20:00,37.5,37.5,37.5,37.5,1000,37500.0,37.260000000000005,35.89083333333333,,0.6378539711798297,0.6256183495820011,0.012235621597828539
2025-04-18 12:22:00,37.85,37.85,37.85,37.85,1000,37850.0,37.347500000000004,35.92166666666666,,0.5988809085675584,0.6202708613791126,-0.021389952811554203
2025-04-18 13:00:00,38.3,38.3,38.3,38.3,1,38.3,37.457499999999996,35.96,,0.5974190344642949,0.6157004959961491,-0.01828146153185417
2025-04-18 13:12:00,38.3,38.3,38.3,38.3,1000,38300.0,37.567499999999995,35.98833333333334,,0.5894654972264561,0.6104534962422106,-0.020987999015754433
2025-04-21 09:02:00,38.3,38.3,38.3,38.3,10,383.0,37.6775,36.04083333333333,,0.5765165377512318,0.6036661045440148,-0.02714956679278302
2025-04-21 12:05:00,36.5,36.5,36.5,36.5,3000,109500.0,37.697500000000005,36.063333333333325,,0.41621162620749885,0.5661752088767117,-0.14996358266921284
2025-04-21 12:07:00,36.4,36.4,36.4,36.4,2000,72800.0,37.7125,36.07833333333333,,0.27789625061819123,0.5085194172250076,-0.23062316660681637
2025-04-21 12:09:00,37.0,37.0,37.0,37.0,10,370.0,37.722500000000004,36.10333333333333,,0.21422583751671453,0.44966070128334895,-0.23543486376663442
2025-04-21 12:23:00,37.0,37.0,37.0,37.0,12,444.0,37.722500000000004,36.12833333333333,,0.1619002906664022,0.3921086191599596,-0.23020832849355738
2025-04-21 12:36:00,37.0,37.0,37.0,37.0,40,1480.0,37.7175,36.15333333333333,,0.11905947431539232,0.33749879019104617,-0.21843931587565385
2025-04-22 09:02:00,37.0,37.0,37.0,37.0,3000,111000.0,37.7,36.17833333333333,,0.08413792905177075,0.2868266179631911,-0.20268868891142033
2025-04-22 09:05:00,37.85,37.85,37.85,37.85,3000,113550.0,37.705,36.214166666666664,,0.1236251698722981,0.2541863283450125,-0.13056115847271438
2025-04-22 09:06:00,38.25,38.3,38.25,38.3,4000,153050.0,37.7275,36.25750000000001,,0.18905106628659496,0.24115927593332898,-0.052108209646734016
2025-04-22 09:07:00,38.3,38.3,38.25,38.25,2000,76550.0,37.747499999999995,36.3,,0.2341676398388941,0.23976094871444203,-0.005593308875547931
2025-04-22 09:08:00,38.3,38.3,38.3,38.3,1000,38300.0,37.7575,36.34166666666667,,0.2708354092514469,0.24597584082184304,0.02485956842960385
2025-04-22 09:10:00,38.3,38.3,38.3,38.3,3010,115283.0,37.7675,36.38166666666667,,0.2964772751607896,0.2560761276896324,0.040401147471157195
2025-04-22 09:12:00,38.3,38.3,38.3,38.3,1000,38300.0,37.7675,36.44416666666667,,0.3131883976953418,0.2674985816907743,0.04568981600456751
2025-04-22 09:13:00,38.3,38.3,38.3,38.3,1000,38300.0,37.7675,36.48416666666666,,0.3227120589304704,0.2785412771387135,0.044170781791756875
2025-04-22 09:15:00,38.9,38.9,38.9,38.9,2000,77800.0,37.7975,36.556666666666665,,0.3743592322810514,0.2977048681671811,0.07665436411387028
2025-04-22 09:16:00,38.9,38.9,38.9,38.9,1000,38900.0,37.8275,36.62916666666667,,0.41055733975856157,0.32027536248545724,0.09028197727310433
2025-04-22 09:20:00,39.0,39.0,39.0,39.0,10,390.0,37.902499999999996,36.68,,0.44221617188215134,0.3446635243647961,0.09755264751735526
2025-04-22 10:40:00,39.45,39.45,39.45,39.45,10,394.5,37.9825,36.759166666666665,,0.4978780342397613,0.37530642633978917,0.12257160789997212
2025-04-22 11:07:00,39.45,39.45,39.45,39.45,2000,78900.0,38.04,36.84666666666667,,0.5358139316592556,0.40740792740368253,0.12840600425557308
2025-04-22 11:09:00,39.5,39.5,39.5,39.5,10,395.0,38.1,36.94916666666667,,0.5634182507665528,0.4386099920762566,0.12480825869029621
2025-04-22 11:29:00,38.0,38.0,38.0,38.0,1000,38000.0,38.084999999999994,37.010000000000005,,0.45896672915748127,0.4426813394925016,0.016285389664979666
2025-04-22 11:30:00,39.5,39.5,39.5,39.5,10,395.0,38.235,37.09583333333333,,0.4915592179129149,0.45245691517658426,0.03910230273633064
2025-04-22 13:17:00,39.5,39.5,39.5,39.5,1000,39500.0,38.39,37.181666666666665,,0.5114928290969019,0.4642640979606479,0.047228731136253976
2025-04-22 14:21:00,39.5,39.5,39.5,39.5,10,395.0,38.515,37.267500000000005,,0.5212813526017399,0.4756675488888663,0.0456138037128736
2025-04-23 09:02:00,39.5,39.5,39.5,39.5,10,395.0,38.64,37.3525,,0.52300989546697,0.48513601820448715,0.037873877262482813
2025-04-23 09:08:00,38.0,39.0,37.6,37.6,13240,502714.0,38.67,37.405833333333334,,0.36683699151817706,0.46147621286722523,-0.09463922134904817
2025-04-23 09:10:00,37.65,37.65,37.65,37.65,3000,112950.0,38.7025,37.455000000000005,,0.2442874286377119,0.41803845602132256,-0.17375102738361065
2025-04-23 09:24:00,38.45,38.45,38.45,38.45,10,384.5,38.7325,37.5125,,0.20930657431200927,0.3762920796794599,-0.1669855053674506
2025-04-23 09:26:00,38.45,38.45,38.45,38.45,100,3845.0,38.74,37.57,,0.17951466195592758,0.33693659613475346,-0.15742193417882588
2025-04-23 09:56:00,37.6,37.6,37.6,37.6,20,752.0,38.707499999999996,37.61333333333334,,0.086321402091869,0.2868135573261766,-0.20049215523430758
2025-04-23 10:00:00,37.95,37.95,37.95,37.95,200,7590.0,38.69,37.6625,,0.040243247691400086,0.23749949539922127,-0.1972562477078212
2025-04-23 10:01:00,38.45,38.45,38.45,38.45,10,384.5,38.697500000000005,37.707499999999996,,0.04356955647354255,0.19871350761408554,-0.155143951140543
2025-04-23 14:29:00,38.3,38.3,38.3,38.3,1000,38300.0,38.697500000000005,37.75083333333334,,0.033713307856679364,0.16571346766260434,-0.13200015980592497
2025-04-24 09:02:00,38.3,38.3,38.3,38.3,10,383.0,38.6975,37.79416666666667,,0.02560697850930893,0.13769216983194527,-0.11208519132263633
2025-04-24 09:57:00,37.2,37.2,37.2,37.2,4,148.8,38.6125,37.818333333333335,,-0.06878523855799301,0.0963966881539576,-0.16518192671195062
2025-04-24 10:00:00,38.3,38.3,38.3,38.3,10,383.0,38.582499999999996,37.86083333333333,39.40020833333333,-0.05420609043248703,0.06627613243666867,-0.1204822228691557
2025-04-24 11:28:00,38.3,38.3,38.3,38.3,10,383.0,38.5475,37.90333333333333,39.38270833333333,-0.04216594770853277,0.04458771640762838,-0.08675366411616114
2025-04-24 11:47:00,38.3,38.3,38.3,38.3,2000,76600.0,38.489999999999995,37.940000000000005,39.363958333333336,-0.032252263834458006,0.029219720359211103,-0.06147198419366911
2025-04-24 11:52:00,38.4,38.4,38.4,38.4,1000,38400.0,38.4375,37.97833333333334,39.345625,-0.01614037750690045,0.020147700785988792,-0.03628807829288924
2025-04-25 09:03:00,38.35,38.35,38.35,38.35,10,383.5,38.38,38.01583333333334,39.32125,-0.007321772780720437,0.014653806072646946,-0.021975578853367383
2025-04-25 09:15:00,38.35,38.35,38.35,38.35,20,767.0,38.3975,38.05333333333333,39.29666666666667,-0.00032917052811853864,0.01165721075249385,-0.011986381280612388
2025-04-25 10:09:00,37.2,37.3,37.0,37.3,11000,408950.0,38.2875,38.07333333333334,39.26875,-0.07860756806348235,-0.006395745010701395,-0.07221182305278095
2025-04-25 10:11:00,37.8,37.8,37.8,37.8,30,1134.0,38.2025,38.10166666666667,39.24166666666667,-0.09915494447491824,-0.024947584903544772,-0.07420735957137346
2025-04-25 10:14:00,37.8,37.8,37.8,37.8,2000,75600.0,38.1175,38.11833333333333,39.215,-0.11412334542814762,-0.04278273700846535,-0.07134060841968226
2025-04-25 10:38:00,36.65,36.65,36.65,36.65,400,14660.0,37.975,38.1125,39.18270833333333,-0.2162880654782171,-0.07748380270241571,-0.13880426277580138
2025-04-25 10:40:00,36.75,37.75,36.7,37.0,7100,261800.0,37.945,38.11083333333333,39.15208333333333,-0.26594660049211427,-0.11517636226035545,-0.15077023823175884
2025-04-25 10:45:00,37.0,37.0,37.0,37.0,100,3700.0,37.9125,38.105000000000004,39.12291666666667,-0.3018221296246537,-0.15250551573321514,-0.14931661389143858
2025-04-25 11:02:00,37.0,37.0,37.0,37.0,1000,37000.0,37.839999999999996,38.0925,39.09229166666667,-0.3264901694873501,-0.18730244648404215,-0.13918772300330795
2025-04-25 12:02:00,37.0,37.0,37.0,37.0,1000,37000.0,37.7675,38.07833333333334,39.06166666666666,-0.3420962956506344,-0.21826121631736062,-0.12383507933327376
2025-04-25 12:06:00,37.0,37.0,37.0,37.0,40,1480.0,37.7375,38.06416666666667,39.03104166666666,-0.3504247842872772,-0.24469392991134398,-0.10573085437593321
2025-04-25 12:26:00,37.0,37.0,37.0,37.0,1000,37000.0,37.69,38.045833333333334,39.00020833333333,-0.3529565086098003,-0.2663464456510353,-0.086610062958765
2025-04-25 12:46:00,36.65,36.65,36.65,36.65,68,2492.2,37.599999999999994,38.02166666666666,38.96958333333334,-0.3788379847590093,-0.2888447534726301,-0.0899932312863792
2025-04-25 13:29:00,37.05,37.05,37.05,37.05,1000,37050.0,37.5375,38.00083333333334,38.9375,-0.3628894207359963,-0.30365368692530337,-0.059235733810692914
2025-04-25 13:36:00,37.05,37.05,37.05,37.05,2000,74100.0,37.475,37.980000000000004,38.91020833333333,-0.34625861506742694,-0.3121746725537281,-0.03408394251369884
2025-04-28 10:55:00,37.0,37.0,37.0,37.0,1000,37000.0,37.464999999999996,37.958333333333336,38.87854166666666,-0.3332714184226049,-0.31639402172750347,-0.01687739669510141
2025-04-28 11:06:00,36.6,36.6,36.6,36.6,1000,36600.0,37.38,37.93,38.848958333333336,-0.35120713132127435,-0.32335664364625766,-0.02785048767501669
2025-04-28 13:23:00,37.0,37.0,37.0,37.0,30,1110.0,37.315,37.92166666666667,38.817499999999995,-0.3293481357115553,-0.32455494205931723,-0.00479319365223807
2025-04-28 14:04:00,36.6,36.6,36.6,36.6,1000,36600.0,37.230000000000004,37.90083333333334,38.78958333333333,-0.3403777187487691,-0.3277194973972076,-0.012658221351561472
2025-04-28 14:19:00,37.0,37.0,37.0,37.0,8,296.0,37.160000000000004,37.87916666666667,38.75875,-0.3132313497365047,-0.32482186786506706,0.011590518128562377
2025-04-28 14:34:00,36.6,36.6,36.6,36.6,1000,36600.0,37.072500000000005,37.85083333333333,38.73041666666667,-0.32030207083887063,-0.3239179084598278,0.003615837620957185
2025-04-29 10:33:00,36.9,36.9,36.9,36.9,20,738.0,37.0,37.8275,38.7,-0.298260019643223,-0.31878633069650686,0.02052631105328384
2025-04-29 12:41:00,36.4,36.4,36.4,36.4,1000,36400.0,36.955,37.825833333333335,38.673541666666665,-0.31747767156848283,-0.31852459887090206,0.0010469273024192316
2025-04-29 13:24:00,36.4,36.4,36.4,36.4,20,728.0,36.885,37.825833333333335,38.64708333333333,-0.3289162573031419,-0.32060293055735006,-0.008313326745791827
2025-04-30 11:09:00,36.9,36.9,36.9,36.9,1000,36900.0,36.839999999999996,37.82416666666666,38.622708333333335,-0.294243738960958,-0.31533109223807165,0.02108735327711364
2025-04-30 13:12:00,36.9,37.0,36.9,37.0,5000,184800.0,36.8575,37.82416666666666,38.59875,-0.2557482475155055,-0.30341452329355845,0.047666275778052936
2025-04-30 13:16:00,37.05,37.05,37.05,37.05,3000,111150.0,36.86,37.825,38.575,-0.21868484826662637,-0.28646858828817207,0.06778374002154569
2025-05-02 10:31:00,37.2,37.2,37.2,37.2,1000,37200.0,36.87,37.82833333333333,38.552083333333336,-0.17518862552273617,-0.2642125957350849,0.0890239702123487
2025-05-02 11:46:00,38.15,38.15,38.15,38.15,10,381.5,36.9275,37.833333333333336,38.53395833333333,-0.06333046103097217,-0.22403616879426233,0.16070570776329016
2025-05-02 12:04:00,38.15,38.15,38.15,38.15,2000,76300.0,36.985,37.83083333333333,38.51583333333333,0.02502941668728198,-0.17422305169795346,0.19925246838523544
2025-05-02 12:05:00,38.15,38.15,38.15,38.15,3000,114450.0,37.042500000000004,37.829166666666666,38.49770833333333,0.09397200559200058,-0.12058404023996265,0.21455604583196325
2025-05-02 12:06:00,38.2,38.2,37.05,37.05,2500,94925.0,37.045,37.80833333333333,38.475,0.059166660704953244,-0.08463390005097947,0.14380056075593273
2025-05-06 13:23:00,38.4,38.4,38.4,38.4,2000,76800.0,37.13250000000001,37.809999999999995,38.45395833333334,0.13891555954364065,-0.03992400813205543,0.1788395676756961
2025-05-07 09:01:00,38.4,38.4,38.4,38.4,2,76.8,37.2,37.81166666666666,38.43354166666666,0.19981380724242115,0.008023554942839897,0.19179025229958124
2025-05-08 09:24:00,37.0,37.0,37.0,37.0,2000,74000.0,37.197500000000005,37.79,38.40770833333333,0.13356811751769726,0.03313246745781138,0.10043565005988589
2025-05-09 13:08:00,38.35,38.35,37.5,37.5,4000,152550.0,37.222500000000004,37.766666666666666,38.38645833333333,0.12003011993806467,0.05051199795386205,0.06951812198420262
2025-05-09 13:10:00,38.4,38.4,38.4,38.4,3000,115200.0,37.3125,37.75833333333333,38.37145833333333,0.17985043382862642,0.07637968512881493,0.10347074869981149
2025-05-09 13:13:00,38.6,38.6,38.6,38.6,3000,115800.0,37.3925,37.751666666666665,38.35729166666667,0.2406230394763682,0.1092283559983256,0.13139468347804262
2025-05-09 14:52:00,38.15,38.15,38.15,38.15,2000,76300.0,37.47,37.730000000000004,38.346041666666665,0.24959732551479163,0.13730214990161882,0.11229517561317282
2025-05-13 09:35:00,39.25,39.25,39.25,39.25,100,3925.0,37.582499999999996,37.72666666666667,38.338541666666664,0.34153333505468453,0.17814838693223198,0.16338494812245255
2025-05-13 10:07:00,39.25,39.25,39.25,39.25,33,1295.25,37.714999999999996,37.7225,38.331041666666664,0.40967085437971207,0.224452880421728,0.18521797395798406
2025-05-13 11:22:00,39.25,39.25,39.25,39.25,2000,78500.0,37.832499999999996,37.74333333333333,38.32479166666666,0.4583863369914667,0.2712395717356758,0.18714676525579088
2025-05-13 11:23:00,39.3,39.3,39.3,39.3,3000,117900.0,37.9775,37.739999999999995,38.31875,0.4953185659652206,0.3160553705815848,0.17926319538363583
2025-05-13 11:51:00,39.65,39.65,39.65,39.65,3000,118950.0,38.14,37.74249999999999,38.318125,0.5465296448868386,0.3621502254426356,0.18437941944420305
2025-05-13 12:31:00,39.4,39.65,39.35,39.65,8000,315550.0,38.2775,37.745,38.317708333333336,0.5804240270058614,0.40580498575528073,0.17461904125058064
2025-05-13 12:32:00,39.0,39.0,39.0,39.0,2000,78000.0,38.377500000000005,37.736666666666665,38.31458333333333,0.5485130839241208,0.4343466053890488,0.114166478535072
2025-05-14 09:14:00,38.8,38.8,38.8,38.8,30,1164.0,38.464999999999996,37.75666666666666,38.317499999999995,0.5013063554848927,0.4477385554082176,0.053567800076675054
2025-05-15 11:29:00,39.6,39.6,39.6,39.6,1000,39600.0,38.585,37.78916666666667,38.31916666666667,0.5224257978021001,0.4626760038869942,0.059749793915105875
2025-05-15 12:45:00,39.6,39.6,39.6,39.6,24,950.4,38.6575,37.80833333333333,38.31791666666666,0.5330187990726287,0.47674456292412115,0.05627423614850757
2025-05-16 10:17:00,39.6,39.6,39.6,39.6,1000,39600.0,38.73,37.8275,38.324375,0.535243870733737,0.4884444244860444,0.04679944624769261
2025-05-16 12:44:00,39.6,39.6,39.6,39.6,118,4672.8,38.802499999999995,37.860833333333325,38.33083333333334,0.530887515246036,0.49693304263804283,0.033954472607993114
2025-05-19 10:34:00,39.6,39.6,39.6,39.6,1000,39600.0,38.93,37.888333333333335,38.337291666666665,0.5214244160433523,0.5018313173191048,0.019593098724247526
2025-05-19 12:34:00,39.6,39.6,39.6,39.6,2000,79200.0,38.99,37.907500000000006,38.343125,0.5080681483939316,0.5030786835340701,0.004989464859861403
2025-05-19 12:35:00,39.65,39.65,39.65,39.65,3000,118950.0,39.052499999999995,37.93,38.34979166666666,0.4958024897120126,0.5016234447696586,-0.005820955057646016
2025-05-26 12:25:00,40.75,40.75,40.75,40.75,20,815.0,39.239999999999995,37.97083333333333,38.361041666666665,0.568291760083703,0.5149571078324675,0.05333465225123546
2025-05-27 12:25:00,40.75,40.75,40.75,40.75,40,1630.0,39.402499999999996,38.03,38.370416666666664,0.6186090886074069,0.5356875039874555,0.08292158461995147
2025-05-28 11:38:00,39.15,39.15,39.15,39.15,3000,117450.0,39.44,38.04416666666666,38.374375,0.5233464931471374,0.5332193018193919,-0.009872808672254485
2025-05-28 11:39:00,39.1,39.1,39.1,39.1,3000,117300.0,39.464999999999996,38.057500000000005,38.37145833333333,0.43875788994472487,0.5143270194444585,-0.0755691294997336
2025-05-28 12:50:00,38.85,38.85,38.85,38.85,20,777.0,39.5,38.06666666666667,38.36666666666667,0.3475416579221715,0.4809699471400011,-0.13342828921782957
2025-05-28 13:20:00,38.85,38.85,38.85,38.85,20,777.0,39.480000000000004,38.07416666666666,38.361666666666665,0.2721153603783293,0.4391990297876668,-0.1670836694093375
2025-05-29 10:17:00,39.0,39.0,38.95,38.95,4000,155950.0,39.464999999999996,38.08416666666666,38.35520833333333,0.21789686104431638,0.3949385960389967,-0.17704173499468034
2025-05-29 11:47:00,39.5,39.5,39.5,39.5,1000,39500.0,39.4775,38.10333333333333,38.348958333333336,0.21680946856013605,0.35931277054322464,-0.14250330198308858
2025-06-03 14:21:00,39.95,39.95,39.95,39.95,1,39.95,39.510000000000005,38.1475,38.344583333333325,0.24938419560262304,0.33732705555510434,-0.0879428599524813
2025-06-04 12:04:00,38.55,38.55,38.5,38.5,5000,192650.0,39.4525,38.15916666666667,38.33416666666666,0.15639420459499576,0.30114048536308263,-0.14474628076808688
2025-06-04 12:19:00,39.9,39.9,39.9,39.9,1000,39900.0,39.464999999999996,38.19416666666667,38.329583333333325,0.193437440072735,0.2795998763050131,-0.0861624362322781
2025-06-05 11:09:00,39.9,39.9,39.9,39.9,1000,39900.0,39.51,38.24833333333333,38.32479166666667,0.2202555027396187,0.26773100159193425,-0.047475498852315556
2025-06-06 14:55:00,39.0,39.0,39.0,39.0,2000,78000.0,39.519999999999996,38.28166666666666,38.31416666666667,0.16696189938760853,0.2475771811510691,-0.08061528176346058
2025-06-09 09:32:00,39.0,39.0,39.0,39.0,3000,117000.0,39.489999999999995,38.31499999999999,38.30354166666667,0.12330495203902814,0.22272273532866094,-0.0994177832896328
2025-06-10 10:53:00,39.45,39.45,39.45,39.45,1000,39450.0,39.4825,38.35583333333333,38.29479166666667,0.1235930422685243,0.20289679671663363,-0.07930375444810933
2025-06-10 12:07:00,39.45,39.45,39.45,39.45,50,1972.5,39.47500000000001,38.39666666666666,38.28666666666667,0.12241028626861805,0.18679949462703055,-0.0643892083584125
2025-06-11 09:01:00,39.95,39.95,39.95,39.95,5,199.75,39.4925,38.44583333333333,38.27916666666667,0.15997467645246388,0.18143453099211723,-0.02145985453965335
2025-06-11 09:17:00,39.95,40.0,39.95,40.0,8000,319900.0,39.5125,38.49583333333333,38.271875,0.19157099723510385,0.18346182424071458,0.008109172994389263
2025-06-11 09:30:00,40.35,40.35,39.95,39.95,3500,141025.0,39.53,38.55083333333334,38.25916666666667,0.21015420015907438,0.18880029942438656,0.02135390073468782
2025-06-11 09:31:00,40.95,40.95,40.95,40.95,100,4095.0,39.595,38.61583333333333,38.25062500000001,0.3020908497396775,0.21145840948744477,0.09063244025223272
2025-06-11 10:08:00,40.95,40.95,40.95,40.95,1000,40950.0,39.605000000000004,38.68083333333333,38.249583333333334,0.37067835753367717,0.2433023990966913,0.12737595843698588
2025-06-12 09:58:00,41.0,41.0,41.0,41.0,3000,123000.0,39.6175,38.747499999999995,38.249375,0.424179358141032,0.27947779090555946,0.14470156723547256
2025-06-12 09:59:00,41.05,41.05,40.9,40.9,7000,286750.0,39.705,38.81916666666667,38.248749999999994,0.4532849357322064,0.3142392198708889,0.13904571586131753
2025-06-12 14:11:00,41.05,41.05,41.05,41.05,223,9154.15,39.8025,38.88666666666666,38.24666666666667,0.4828886226112985,0.34796910041897083,0.13491952219232767
2025-06-13 09:45:00,41.3,41.3,41.3,41.3,1000,41300.0,39.925,38.965,38.24583333333333,0.5205224100790531,0.38247976235098735,0.13804264772806574
2025-06-13 12:44:00,41.3,41.3,41.3,41.3,1000,41300.0,40.0475,39.03666666666666,38.243125,0.5440756918833571,0.4147989482574614,0.12927674362589575
2025-06-16 09:20:00,41.3,41.3,41.3,41.3,1000,41300.0,40.165000000000006,39.115,38.244375,0.5563288250134093,0.443104923608651,0.1132239014047583
2025-06-16 09:55:00,41.3,41.3,41.3,41.3,1000,41300.0,40.255,39.18833333333334,38.245625,0.5595889284627091,0.46640172457946266,0.09318720388324647
2025-06-16 11:22:00,41.0,41.0,41.0,41.0,3000,123000.0,40.3075,39.265,38.243541666666665,0.531834434829662,0.47948826662950256,0.052346168200159415
2025-06-16 13:08:00,41.3,41.3,41.3,41.3,200,8260.0,40.447500000000005,39.346666666666664,38.248958333333334,0.5279602938367915,0.4891826720709604,0.03877762176583116
2025-06-16 13:32:00,41.3,41.3,41.3,41.3,10,413.0,40.5175,39.42,38.248124999999995,0.5189083566618891,0.49512780898914616,0.023780547672742902
2025-06-17 09:12:00,40.05,40.05,40.0,40.0,5000,200150.0,40.5225,39.470000000000006,38.241875,0.40219919384305314,0.4765420859599276,-0.07434289211687445
2025-06-17 09:29:00,40.35,40.35,40.35,40.35,1000,40350.0,40.59,39.525,38.23708333333333,0.334097152388253,0.44805309924559267,-0.11395594685733967
2025-06-17 09:34:00,40.35,40.35,40.35,40.35,2000,80700.0,40.657500000000006,39.5775,38.23854166666667,0.27693347714716054,0.4138291748259063,-0.13689569767874576
2025-06-17 09:35:00,40.35,40.35,40.3,40.3,2000,80650.0,40.7,39.61333333333334,38.23375,0.22500258085121772,0.37606385603096865,-0.15106127517975093
2025-06-17 09:52:00,41.05,41.05,41.05,41.05,400,16420.0,40.779999999999994,39.66166666666666,38.232083333333335,0.24158090904228402,0.3491672666332318,-0.10758635759094776
2025-06-17 10:13:00,41.05,41.05,41.05,41.05,1000,41050.0,40.835,39.71,38.230625,0.2518165689179881,0.32969712709018306,-0.07788055817219497
2025-06-17 14:12:00,41.05,41.05,41.05,41.05,1000,41050.0,40.8875,39.77666666666667,38.237291666666664,0.25696625606940415,0.3151509528860273,-0.05818469681662314
2025-06-17 14:54:00,40.25,40.25,40.25,40.25,2000,80500.0,40.902499999999996,39.8075,38.23270833333333,0.1942548570451521,0.2909717337178523,-0.09671687667270018
2025-06-18 09:01:00,40.1,40.1,40.0,40.0,4000,160300.0,40.855000000000004,39.83416666666667,38.22770833333333,0.12296524405421394,0.25737043578512464,-0.1344051917309107
2025-06-18 09:09:00,40.0,40.0,40.0,40.0,1000,40000.0,40.8075,39.88416666666667,38.22354166666666,0.06571024533990766,0.21903839769608124,-0.15332815235617359
2025-06-18 14:01:00,40.3,40.3,40.3,40.3,1000,40300.0,40.772499999999994,39.93083333333333,38.219375,0.044035129591094346,0.18403774407508386,-0.1400026144839895
2025-06-19 13:54:00,41.0,41.0,41.0,41.0,100,4100.0,40.777499999999996,39.97416666666666,38.219375,0.08239183229946434,0.16370856171995996,-0.08131672942049561
2025-06-20 09:43:00,41.0,41.0,41.0,41.0,2000,82000.0,40.77499999999999,40.01416666666667,38.218125,0.11150444174561613,0.1532677377250912,-0.04176329597947506
2025-06-20 12:51:00,41.0,41.0,41.0,41.0,1000,41000.0,40.76,40.06166666666666,38.22375,0.13304276035162133,0.14922274225039722,-0.016179981898775897
2025-06-24 13:33:00,41.3,41.3,41.3,41.3,50,2065.0,40.760000000000005,40.09583333333333,38.224375,0.17233297851464613,0.153844789503247,0.01848818901139912
2025-06-25 09:12:00,41.3,41.3,41.3,41.3,102,4212.6,40.76,40.129999999999995,38.225,0.20115200438578995,0.16330623247975562,0.03784577190603433
2025-06-25 09:50:00,41.3,41.3,41.3,41.3,2000,82600.0,40.760000000000005,40.16416666666667,38.232083333333335,0.2214386827248802,0.17493272252878056,0.04650596019609965
2025-06-25 10:00:00,41.35,41.35,41.35,41.35,132,5458.2,40.777499999999996,40.19833333333334,38.23291666666667,0.23879789016745434,0.18770575605651535,0.05109213411093899
2025-06-25 10:01:00,41.35,41.35,41.35,41.35,396,16374.599999999997,40.78,40.22666666666667,38.234375,0.24967706534135203,0.20010001791348273,0.04957704742786931
2025-06-25 10:02:00,41.35,41.35,41.35,41.35,264,10916.4,40.7825,40.254999999999995,38.235833333333325,0.2553553129523394,0.21115107692125407,0.04420423603108531
2025-06-25 10:03:00,41.35,41.35,41.35,41.35,264,10916.4,40.85,40.29416666666667,38.237291666666664,0.25689405039168633,0.22029967161534056,0.036594378776345776
2025-06-25 10:50:00,41.35,41.35,41.35,41.35,13,537.55,40.9,40.33666666666667,38.24375,0.2551720463867113,0.22727414656961473,0.02789789981709659
2025-06-25 12:24:00,40.05,40.05,40.05,40.05,211,8450.55,40.885000000000005,40.34416666666666,38.244791666666664,0.14721125069767993,0.21126156739522778,-0.06405031669754785
2025-06-25 13:12:00,41.35,41.35,41.35,41.35,13,537.55,40.9375,40.373333333333335,38.24625,0.164652664323512,0.20193978678088464,-0.037287122457372646
2025-06-26 09:59:00,41.35,41.35,41.35,41.35,13,537.55,40.9525,40.4025,38.247708333333335,0.1764412058899154,0.19684007060269082,-0.02039886471277541
2025-06-26 14:21:00,41.35,41.35,41.35,41.35,178,7360.3,40.967499999999994,40.431666666666665,38.249166666666675,0.18366651673665046,0.19420535982948278,-0.010538843092832317
2025-06-27 10:18:00,41.35,41.35,41.35,41.35,13,537.55,40.9825,40.460833333333326,38.25062500000001,0.18723430709535194,0.19281114928265664,-0.005576842187304698
2025-06-27 11:27:00,41.35,41.35,41.35,41.35,1000,41350.0,41.0375,40.489999999999995,38.25208333333333,0.18789586014452908,0.19182809145503116,-0.003932231310502077
2025-06-27 12:36:00,41.35,41.35,41.35,41.35,132,5458.2,41.105000000000004,40.51833333333333,38.25375,0.18627290757457615,0.19071705467894018,-0.004444147104364027
2025-06-27 12:37:00,41.35,41.35,41.35,41.35,264,10916.4,41.1725,40.52833333333333,38.25541666666666,0.18287859536080475,0.1891493628153131,-0.006270767454508358
2025-06-27 13:17:00,41.35,41.35,41.35,41.35,1000,41350.0,41.225,40.53833333333333,38.257083333333334,0.1781351473829389,0.1869465197288383,-0.008811372345899404
2025-06-27 14:05:00,41.5,41.5,41.5,41.5,50,2075.0,41.25,40.5775,38.259375,0.1843545525582968,0.18642812629473002,-0.002073573736433215
2025-06-30 11:57:00,42.0,42.0,42.0,42.0,167,7014.0,41.3,40.625833333333325,38.26979166666667,0.2270124392049624,0.19454498887677651,0.032467450328185876
2025-06-30 12:51:00,42.0,42.0,42.0,42.0,264,11088.0,41.35,40.67833333333333,38.27416666666667,0.2578468240226641,0.20720535590595407,0.05064146811671005
2025-06-30 12:52:00,42.0,42.0,42.0,42.0,132,5544.0,41.385,40.73083333333333,38.278749999999995,0.27906639248071485,0.22157756322090627,0.05748882925980858
2025-07-01 09:07:00,42.0,42.0,42.0,42.0,3000,126000.0,41.42,40.781666666666666,38.28916666666667,0.29251116671444777,0.2357642839196146,0.05674688279483317
2025-07-02 09:30:00,43.1,43.1,43.1,43.1,1000,43100.0,41.51,40.84166666666667,38.302083333333336,0.38746064890077037,0.2661035569158458,0.12135709198492456
2025-07-02 09:59:00,43.1,43.1,43.1,43.1,50,2155.0,41.597500000000004,40.89416666666667,38.31958333333333,0.45743576287694765,0.3043699981080662,0.15306576476888145
2025-07-02 10:23:00,43.1,43.1,43.1,43.1,50,2155.0,41.685,40.97083333333333,38.332499999999996,0.5070466269565514,0.3449053238777633,0.16214130307878816
2025-07-02 12:32:00,43.0,43.0,43.0,43.0,10,430.0,41.7675,41.0225,38.34520833333333,0.5321600204439179,0.38235626319099425,0.1498037572529236
2025-07-02 12:35:00,42.8,42.8,42.8,42.8,100,4280.0,41.839999999999996,41.07083333333333,38.35729166666667,0.5298168384702748,0.41184837824685044,0.11796846022342439
2025-07-02 13:11:00,41.8,41.8,41.8,41.8,8,334.4,41.8625,41.1175,38.365208333333335,0.44217113363659877,0.4179129293248001,0.024258204311798648
2025-07-02 13:30:00,43.1,43.1,43.1,43.1,50,2155.0,42.015,41.185833333333335,38.386250000000004,0.47216756279949834,0.42876385601973976,0.04340370677975858
2025-07-03 10:09:00,43.1,43.1,43.1,43.1,50,2155.0,42.1025,41.24666666666666,38.399375,0.49028821171289394,0.44106872715837064,0.049219484554523296
2025-07-03 14:46:00,41.85,41.85,41.85,41.85,3,125.55,42.1275,41.28666666666667,38.407291666666666,0.3991828715543164,0.4326915560375599,-0.033508684483243456
2025-07-04 10:29:00,42.0,42.0,42.0,42.0,52,2184.0,42.160000000000004,41.32083333333333,38.41583333333333,0.33522076320722505,0.4131973974714929,-0.07797663426426787
2025-07-04 13:26:00,42.0,42.0,42.0,42.0,1000,42000.0,42.1925,41.354166666666664,38.424166666666665,0.2812878206195464,0.38681548210110367,-0.10552766148155729
2025-07-07 10:16:00,42.0,42.0,42.0,42.0,1000,42000.0,42.225,41.388333333333335,38.44729166666666,0.2358271069611675,0.35661780707311647,-0.12079070011194898
2025-07-07 10:20:00,42.65,42.65,42.65,42.65,1000,42650.0,42.29,41.416666666666664,38.46666666666667,0.24937410216372058,0.3351690660912373,-0.08579496392751673
2025-07-07 10:45:00,43.0,43.0,43.0,43.0,1000,43000.0,42.372499999999995,41.45083333333333,38.49395833333334,0.28506620265387994,0.32514849340376584,-0.040082290749885896
2025-07-07 10:46:00,43.0,43.0,43.0,43.0,40,1720.0,42.455,41.48416666666666,38.516666666666666,0.30978148135524464,0.3220750909940616,-0.012293609638816982
2025-07-07 10:51:00,43.0,43.0,43.0,43.0,3000,129000.0,42.53,41.51916666666666,38.53812500000001,0.3256150304078247,0.32278307887681423,0.002831951531010457
2025-07-07 10:54:00,43.0,43.0,43.0,43.0,1000,43000.0,42.58,41.55166666666666,38.56270833333334,0.33430952005975456,0.32508836711340233,0.009221152946352229
2025-07-07 11:31:00,43.0,43.0,43.0,43.0,1000,43000.0,42.63,41.58,38.591875,0.33731164705132954,0.3275330231009878,0.009778623950341736
2025-07-07 11:33:00,42.5,42.5,42.5,42.5,3000,127500.0,42.655,41.6,38.61895833333334,0.2959336935883101,0.3212131571984523,-0.02527946361014216
2025-07-07 12:33:00,42.85,42.85,42.85,42.85,14,599.9,42.697500000000005,41.62583333333334,38.644999999999996,0.28806283325586435,0.3145830924099347,-0.026520259154070358
2025-07-07 12:43:00,42.85,42.85,42.85,42.85,255,10926.75,42.685,41.651666666666664,38.677083333333336,0.27861343745972533,0.30738916141989286,-0.028775723960167532
2025-07-07 12:57:00,42.65,42.65,42.65,42.65,1000,42650.0,42.6625,41.67916666666667,38.708333333333336,0.2520805668221868,0.29632744250035165,-0.04424687567816482
2025-07-07 13:29:00,42.8,42.8,42.8,42.8,50,2140.0,42.647499999999994,41.704166666666666,38.73875,0.24038580416517163,0.28513911483331567,-0.04475331066814403
2025-07-07 14:55:00,42.5,42.5,42.5,42.5,4000,170000.0,42.622499999999995,41.72416666666666,38.76791666666667,0.20455217753458044,0.2690217273735686,-0.06446954983898817
2025-07-08 09:16:00,42.8,42.8,42.8,42.8,6000,256800.0,42.6225,41.770833333333336,38.79833333333333,0.19807794382074917,0.2548329706630047,-0.05675502684225553
2025-07-08 10:03:00,43.4,43.4,43.4,43.4,50,2170.0,42.7025,41.82166666666667,38.83125,0.2386114878475638,0.25158867409991653,-0.012977186252352724
2025-07-08 10:49:00,43.95,43.95,43.95,43.95,50,2197.5,42.745000000000005,41.88166666666667,38.866458333333334,0.31152396265093785,0.2635757318101208,0.04794823084081706
2025-07-08 10:53:00,43.95,43.95,43.95,43.95,100,4395.0,42.7875,41.942499999999995,38.90083333333334,0.3650989903441655,0.28388038351692974,0.08121860682723575
2025-07-08 12:16:00,42.55,42.55,42.55,42.55,100,4255.0,42.822500000000005,41.9675,38.929375,0.2912321432053204,0.2853507354546079,0.005881407750712553
2025-07-08 12:42:00,42.55,42.55,42.55,42.55,1000,42550.0,42.85,41.9925,38.95791666666666,0.23004037244747622,0.27428866285318154,-0.044248290405705326
2025-07-08 13:26:00,43.4,43.4,43.4,43.4,50,2170.0,42.92,42.03166666666666,38.989583333333336,0.24728282701100568,0.2688874956847464,-0.021604668673740723
2025-07-08 14:39:00,43.0,43.0,43.0,43.0,1000,43000.0,42.97,42.07749999999999,39.01916666666667,0.22606500278572383,0.2603229971049419,-0.034257994319218055
2025-07-09 09:32:00,43.95,43.95,43.95,43.95,50,2197.5,43.035000000000004,42.14333333333333,39.05833333333333,0.2826485877626581,0.26478811523648516,0.017860472526172955
2025-07-09 09:43:00,43.95,43.95,43.95,43.95,100,4395.0,43.082499999999996,42.20916666666667,39.091875,0.3237593898071225,0.27658237015061266,0.04717701965650983
2025-07-09 09:44:00,43.95,43.95,43.95,43.95,100,4395.0,43.13,42.27,39.13104166666666,0.3522791419524225,0.2917217245109746,0.06055741744144788
2025-07-09 10:59:00,43.95,43.95,43.95,43.95,10,439.5,43.1775,42.31916666666667,39.170208333333335,0.37060909999272695,0.3074991996073251,0.06310990038540187
2025-07-09 11:11:00,43.95,43.95,43.95,43.95,4,175.8,43.225,42.36833333333333,39.203541666666666,0.38074671270245375,0.32214870222635084,0.05859801047610291
2025-07-09 11:12:00,43.5,43.5,43.5,43.5,1100,47850.0,43.25,42.41,39.24020833333334,0.3484528569883949,0.32740953317875965,0.02104332380963525
2025-07-09 11:51:00,43.5,43.5,43.5,43.5,20,870.0,43.3,42.446666666666665,39.278958333333335,0.31918043035216215,0.32576371261344017,-0.006583282261278023
2025-07-09 12:41:00,43.5,43.5,43.5,43.5,50,2175.0,43.332499999999996,42.483333333333334,39.32125,0.2926088091374268,0.31913273191823754,-0.026523922780810727
2025-07-09 13:11:00,43.5,43.5,43.5,43.5,1030,44805.0,43.364999999999995,42.519999999999996,39.359375,0.2684560140644834,0.30899738834748675,-0.04054137428300336
2025-07-10 09:16:00,43.9,43.9,43.9,43.9,110,4829.0,43.427499999999995,42.5625,39.39916666666667,0.2783823881347871,0.30287438830494684,-0.024492000170159733
2025-07-10 09:24:00,43.9,43.9,43.9,43.9,1000,43900.0,43.4825,42.605000000000004,39.43895833333333,0.2829870129689738,0.29889691323775225,-0.015909900268778476
2025-07-10 09:30:00,43.9,43.9,43.9,43.9,100,4390.0,43.5525,42.64750000000001,39.47875,0.2833697017938306,0.2957914709489679,-0.012421769155137319
2025-07-10 09:40:00,43.9,43.9,43.9,43.9,1000,43900.0,43.6075,42.690000000000005,39.51833333333333,0.28044024486978003,0.29272122573313036,-0.012280980863350333
2025-07-10 09:49:00,43.3,43.3,43.3,43.3,2000,86600.0,43.6025,42.7225,39.55541666666667,0.22708593822137146,0.2795941682307786,-0.05250823000940713
2025-07-10 11:17:00,43.9,43.9,43.9,43.9,50,2195.0,43.6,42.78666666666667,39.59375,0.23055950494160982,0.2697872355729449,-0.039227730631335056
2025-07-10 11:24:00,43.9,43.9,43.9,43.9,9,395.1,43.597500000000004,42.829166666666666,39.630833333333335,0.23065350160342746,0.2619604887790414,-0.03130698717561392
2025-07-10 11:49:00,43.9,43.9,43.9,43.9,20,878.0,43.665,42.87166666666667,39.66791666666666,0.22809861577888313,0.2551881141790097,-0.027089498400126588
2025-07-11 10:28:00,43.9,43.9,43.9,43.9,9,395.1,43.7325,42.91416666666667,39.705000000000005,0.22349751018097663,0.2488499933794031,-0.02535248319842648
2025-07-11 11:46:00,43.9,43.9,43.9,43.9,180,7902.0,43.7575,42.95666666666667,39.74208333333333,0.21734567519479953,0.24254912974248244,-0.025203454547682913
2025-07-11 14:02:00,43.5,43.5,43.5,43.5,32,1392.0,43.7825,42.9925,39.774375,0.17814015575896747,0.22966733494577948,-0.05152717918681202
2025-07-14 09:01:00,43.85,43.85,43.85,43.85,10,438.5,43.777499999999996,43.034166666666664,39.80833333333333,0.1733137213775109,0.21839661223212578,-0.04508289085461489
2025-07-14 09:08:00,43.85,43.85,43.85,43.85,124,5437.4,43.7725,43.075833333333335,39.84229166666667,0.16755724177520648,0.20822873814074191,-0.04067149636553544
2025-07-14 09:09:00,43.85,43.85,43.85,43.85,124,5437.4,43.7675,43.1175,39.876041666666666,0.1611376951719734,0.19881052954698825,-0.03767283437501484
2025-07-14 09:19:00,43.85,43.85,43.85,43.85,248,10874.800000000001,43.7625,43.156666666666666,39.90979166666667,0.15427180885693303,0.18990278540897723,-0.0356309765520442
2025-07-14 09:20:00,43.85,43.85,43.85,43.85,124,5437.4,43.7575,43.1875,39.94354166666667,0.14713446990518975,0.18134912230821976,-0.03421465240303001
2025-07-14 09:22:00,43.85,43.85,43.85,43.85,1000,43850.0,43.775,43.218333333333334,39.975833333333334,0.13986579158225254,0.17305245616302634,-0.033186664580773795
2025-07-14 09:28:00,43.85,43.85,43.85,43.85,124,5437.4,43.792500000000004,43.249166666666675,40.00812499999999,0.13257704598357378,0.16495737412713585,-0.032380328143562065
2025-07-14 09:29:00,43.85,43.85,43.85,43.85,248,10874.800000000001,43.81,43.28,40.040416666666665,0.12535564078821437,0.15703702745935155,-0.03168138667113718
2025-07-14 09:30:00,43.95,43.95,43.95,43.95,50,2197.5,43.8325,43.29416666666667,40.073125000000005,0.12624649836121193,0.15087892163972363,-0.0246324232785117
2025-07-14 09:31:00,43.95,43.95,43.95,43.95,50,2197.5,43.834999999999994,43.30833333333333,40.10583333333333,0.12550575716215207,0.14580428874420934,-0.020298531582057272
2025-07-14 09:32:00,43.85,43.85,43.85,43.85,372,16312.200000000003,43.832499999999996,43.32083333333333,40.138124999999995,0.11551793135476629,0.13974701726632074,-0.024229085911554454
2025-07-14 09:54:00,43.7,43.7,43.7,43.7,21,917.7,43.822500000000005,43.332499999999996,40.166875000000005,0.09441045607714216,0.13067970502848503,-0.03626924895134287
2025-07-14 09:57:00,42.35,42.5,42.0,42.5,9000,380450.0,43.752500000000005,43.3275,40.18979166666667,-0.01892913801304985,0.10075793642017804,-0.11968707443322789
2025-07-14 10:00:00,42.5,42.5,42.5,42.5,1000,42500.0,43.712500000000006,43.339166666666664,40.21229166666667,-0.10751224861916597,0.05910389941230924,-0.1666161480314752
2025-07-14 10:02:00,43.0,43.0,43.0,43.0,29,1247.0,43.667500000000004,43.3375,40.23583333333333,-0.13580371990749995,0.02012237554834739,-0.15592609545584735
2025-07-14 10:04:00,43.0,43.0,43.0,43.0,7,301.0,43.6225,43.33583333333333,40.25770833333333,-0.15642178180112865,-0.015186455921547829,-0.14123532587958082
2025-07-14 10:10:00,43.0,43.0,43.0,43.0,500,21500.0,43.5775,43.355,40.27916666666667,-0.17079294958900704,-0.04630775465503968,-0.12448519493396736
2025-07-14 10:33:00,42.5,42.5,42.5,42.5,1100,46750.0,43.50750000000001,43.36333333333333,40.298541666666665,-0.21999209301723965,-0.08104462232747969,-0.13894747068975996
2025-07-14 10:45:00,43.0,43.0,43.0,43.0,500,21500.0,43.462500000000006,43.379999999999995,40.318958333333335,-0.21614535817591474,-0.10806476949716672,-0.10808058867874802
2025-07-14 11:32:00,42.05,42.05,42.05,42.05,1000,42050.0,43.39,43.380833333333335,40.33541666666667,-0.28645181540079534,-0.14374217867789246,-0.14270963672290288
2025-07-14 11:39:00,42.05,42.5,42.05,42.5,2000,84550.0,43.322500000000005,43.37833333333334,40.352916666666665,-0.302373378008312,-0.17546841854397638,-0.1269049594643356
2025-07-14 12:35:00,42.95,42.95,42.95,42.95,1000,42950.0,43.2775,43.377500000000005,40.37229166666667,-0.2755042503873213,-0.19547558491264538,-0.08002866547467591
2025-07-14 12:40:00,42.95,42.95,42.95,42.95,100,4295.0,43.2325,43.37666666666667,40.391666666666666,-0.2513132899960979,-0.20664312592933592,-0.044670164066762
2025-07-14 12:44:00,42.95,42.95,42.95,42.95,50,2147.5,43.1875,43.37583333333334,40.41104166666666,-0.2294962892337935,-0.21121375859022748,-0.018282530643566025
2025-07-14 13:43:00,42.95,43.0,42.5,43.0,4000,171450.0,43.145,43.37583333333334,40.43395833333333,-0.20579925115239917,-0.21013085710266183,0.0043316059502626625
2025-07-14 15:00:00,43.2,43.2,43.2,43.2,128,5529.6,43.1125,43.37916666666667,40.45625,-0.16893348910968342,-0.20189138350406619,0.032957894394382764
2025-07-15 09:01:00,39.45,39.45,39.45,39.45,3000,118350.0,42.8925,43.32833333333334,40.46104166666667,-0.4372701884880641,-0.2489671445008658,-0.1883030439871983
2025-07-15 09:02:00,38.95,38.95,38.95,38.95,10,389.5,42.6475,43.26333333333333,40.463750000000005,-0.6824083981037461,-0.3356553952214419,-0.3467530028823042
2025-07-15 09:12:00,37.05,37.05,37.05,37.05,110,4075.5,42.302499999999995,43.166666666666664,40.45854166666666,-1.018258466627671,-0.47217600950268773,-0.5460824571249834
2025-07-15 09:15:00,37.05,37.05,37.05,37.05,3220,119301.0,41.957499999999996,43.07333333333333,40.46083333333333,-1.2697847771050803,-0.6316977630231664,-0.6380870140819139
2025-07-15 09:17:00,37.05,37.05,37.05,37.05,10,370.5,41.6175,42.9775,40.463541666666664,-1.4523790684807665,-0.7958340241146865,-0.65654504436608
2025-07-15 09:29:00,37.5,37.5,37.5,37.5,30,1125.0,41.3075,42.89416666666667,40.465625,-1.5429885096613631,-0.945264921224022,-0.5977235884373412
2025-07-15 09:30:00,37.05,37.5,37.05,37.5,1250,46425.0,41.0575,42.80583333333333,40.467708333333334,-1.5963948979406197,-1.0754909165673416,-0.5209039813732781
2025-07-15 09:44:00,37.5,37.5,37.5,37.5,80,3000.0,40.8075,42.707499999999996,40.469791666666666,-1.6200449753908543,-1.1844017283320443,-0.4356432470588101
2025-07-15 09:51:00,37.5,37.5,37.5,37.5,50,1875.0,40.5325,42.6,40.471875,-1.6201121873488447,-1.2715438201354043,-0.3485683672134403
2025-07-15 10:00:00,37.05,37.05,37.05,37.05,100,3705.0,40.235,42.48500000000001,40.46854166666666,-1.6375994652378694,-1.3447549491558974,-0.29284451608197193
2025-07-15 10:05:00,37.5,37.5,37.5,37.5,2000,75000.0,39.959999999999994,42.40083333333334,40.46520833333333,-1.5967407859174472,-1.3951521165082075,-0.2015886694092397
2025-07-15 12:02:00,37.05,37.05,37.05,37.05,50,1852.5,39.6875,42.30916666666666,40.460208333333334,-1.5824299598297387,-1.4326076851725138,-0.14982227465722486
2025-07-15 12:23:00,37.5,37.5,37.5,37.5,1050,39375.0,39.4125,42.21083333333333,40.456875,-1.5172869483954372,-1.4495435378170987,-0.06774341057833855
2025-07-15 13:12:00,38.85,38.85,38.85,38.85,100,3885.0,39.2525,42.141666666666666,40.45916666666667,-1.341265649426738,-1.4278879601390266,0.08662231071228854
2025-07-15 14:11:00,38.85,38.85,38.85,38.85,7,271.95,39.07,42.056666666666665,40.46145833333333,-1.1880721456828596,-1.3799247972477933,0.1918526515649337
2025-07-15 14:20:00,37.5,37.5,37.5,37.5,1000,37500.0,38.7975,41.94916666666667,40.458124999999995,-1.1622017692945477,-1.3363801916571443,0.17417842236259662
2025-07-16 09:51:00,37.1,37.1,37.1,37.1,1000,37100.0,38.505,41.835,40.450624999999995,-1.160597323186387,-1.301223617962993,0.14062629477660593
2025-07-16 09:52:00,37.4,37.4,37.4,37.4,1000,37400.0,38.2275,41.725833333333334,40.444375,-1.122182474261919,-1.2654153892227784,0.14323291496085933
2025-07-16 12:10:00,38.7,38.7,38.7,38.7,1000,38700.0,38.0125,41.638333333333335,40.443125,-0.9755932624349128,-1.2074509638652053,0.2318577014302925
2025-07-16 12:11:00,37.5,37.5,37.5,37.5,1000,37500.0,37.727500000000006,41.538333333333334,40.434999999999995,-0.9453527886395747,-1.1550313288200793,0.20967854018050458
2025-07-17 09:50:00,38.8,38.8,38.8,38.8,1000,38800.0,37.695,41.46000000000001,40.432291666666664,-0.8071831548837949,-1.0854616940328226,0.27827853914902767
2025-07-17 11:35:00,38.2,38.2,38.2,38.2,1000,38200.0,37.6575,41.37166666666667,40.426875,-0.7375951722559506,-1.0158883896774482,0.2782932174214976
2025-07-17 11:45:00,37.8,37.8,37.8,37.8,2000,75600.0,37.695,41.27666666666667,40.42604166666667,-0.7065778619662666,-0.9540262841352118,0.24744842216894525
2025-07-17 12:20:00,38.0,38.0,38.0,38.0,8,304.0,37.7425,41.178333333333335,40.41979166666667,-0.6582699651641875,-0.8948750203410071,0.23660505517681962
2025-07-17 12:37:00,38.0,38.0,38.0,38.0,50,1900.0,37.79,41.080000000000005,40.41354166666667,-0.6129202458444425,-0.8384840654416942,0.2255638195972517
2025-07-17 13:37:00,37.25,37.25,37.25,37.25,30,1117.5,37.777499999999996,40.969166666666666,40.40416666666667,-0.6302340526925718,-0.7968340628918698,0.16660001019929793
2025-07-18 09:05:00,38.75,38.75,38.75,38.75,1000,38750.0,37.839999999999996,40.88333333333333,40.401041666666664,-0.5169587269731011,-0.7408589957081161,0.223900268735015
2025-07-18 09:29:00,38.0,38.0,38.0,38.0,1000,38000.0,37.864999999999995,40.795,40.40270833333333,-0.4821480446917832,-0.6891168055048495,0.20696876081306637
2025-07-18 13:21:00,38.65,38.65,38.65,38.65,200,7730.0,37.9225,40.707499999999996,40.40687500000001,-0.3975283016543756,-0.6307991047347548,0.23327080308037917
2025-07-21 10:00:00,37.5,37.5,37.5,37.5,30,1125.0,37.945,40.60083333333333,40.40291666666667,-0.4184384368626155,-0.588326971160327,0.16988853429771145
2025-07-21 10:04:00,37.5,37.5,37.5,37.5,20,750.0,37.945,40.49416666666666,40.39895833333333,-0.43005249223246267,-0.5566720753747542,0.1266195831422915
2025-07-21 10:56:00,37.5,37.5,37.5,37.5,70,2625.0,37.967499999999994,40.3875,40.398541666666674,-0.43425094026032696,-0.5321878483518687,0.09793690809154176
2025-07-21 11:10:00,37.5,37.5,37.5,37.5,50,1875.0,37.967499999999994,40.280833333333334,40.39666666666667,-0.43259159395439184,-0.5122685974723733,0.07967700351798146
2025-07-21 11:33:00,37.5,37.5,37.5,37.5,50,1875.0,37.9,40.18083333333333,40.39270833333333,-0.4263617175727674,-0.4950872214924521,0.06872550391968468
2025-07-21 12:19:00,37.5,37.5,37.5,37.5,10,375.0,37.832499999999996,40.075,40.389375,-0.4166219373014428,-0.47939416465425033,0.06277222735280752
2025-07-21 13:29:00,37.5,37.5,37.5,37.5,50,1875.0,37.832499999999996,39.96916666666666,40.38604166666667,-0.4042432269771723,-0.4643639771188348,0.060120750141662516
2025-07-22 13:03:00,38.25,38.25,38.25,38.25,1000,38250.0,37.89,39.875833333333325,40.39041666666667,-0.3301089869569864,-0.4375129790864652,0.10740399212947876
2025-07-22 14:58:00,37.9,37.9,37.9,37.9,1000,37900.0,37.915000000000006,39.776666666666664,40.38875,-0.2961849073177305,-0.4092473647327183,0.11306245741498777
2025-07-23 10:13:00,37.3,37.3,37.3,37.3,2000,74600.0,37.845,39.667500000000004,40.38458333333333,-0.3140941337277994,-0.39021671853173456,0.07612258480393519
2025-07-23 10:45:00,37.2,37.2,37.2,37.2,2000,74400.0,37.83,39.556666666666665,40.38,-0.3325233665707046,-0.3786780481395286,0.04615468156882402
2025-07-23 11:14:00,37.2,37.2,37.2,37.2,2000,74400.0,37.75,39.44583333333333,40.375,-0.3431727841362715,-0.3715769953388772,0.028404211202605723
2025-07-23 11:24:00,38.15,38.15,38.15,38.15,1000,38150.0,37.747499999999995,39.35083333333333,40.374166666666675,-0.2718220681647239,-0.3516260099040466,0.0798039417393227
2025-07-23 12:17:00,37.2,37.2,37.2,37.2,2000,74400.0,37.7175,39.23833333333334,40.369375,-0.2886062984643374,-0.33902206761610476,0.050415769151767376
2025-07-23 12:44:00,37.1,37.1,37.1,37.1,1000,37100.0,37.6725,39.12416666666666,40.36854166666667,-0.3064445837593155,-0.33250657084474694,0.02606198708543145
2025-07-23 13:17:00,37.75,37.75,37.75,37.75,1000,37750.0,37.660000000000004,39.0225,40.36833333333333,-0.2650763504860407,-0.31902052677300574,0.05394417628696502
2025-07-23 13:42:00,37.75,37.75,37.2,37.2,9,337.0,37.6575,38.91416666666667,40.365833333333335,-0.2735191722749448,-0.30992025587339356,0.036401083598448736
2025-07-23 14:15:00,37.75,37.75,37.75,37.75,1,37.75,37.6075,38.835,40.37041666666667,-0.23314224721183763,-0.2945646541410824,0.06142240692924478
2025-07-25 10:27:00,37.5,37.5,37.5,37.5,1000,37500.0,37.582499999999996,38.751666666666665,40.37250000000001,-0.2187940324505746,-0.27941052980298087,0.06061649735240626
2025-07-25 10:32:00,37.05,37.05,37.05,37.05,6,222.3,37.502500000000005,38.6525,40.372708333333335,-0.24095661025927484,-0.2717197458942397,0.030763135634964855
2025-07-25 11:31:00,37.5,37.5,37.5,37.5,1000,37500.0,37.502500000000005,38.560833333333335,40.37479166666667,-0.2196770730978912,-0.26131121133497,0.04163413823707879
2025-07-25 14:01:00,37.2,37.2,37.2,37.2,28,1041.6,37.4875,38.464166666666664,40.37562500000001,-0.22443325255152757,-0.2539356195782815,0.029502367026753906
2025-07-25 14:58:00,37.1,37.1,37.1,37.1,20,742.0,37.4675,38.374166666666675,40.376041666666666,-0.23357916804880574,-0.24986432927238633,0.01628516122358059
2025-07-28 09:02:00,37.5,37.5,37.5,37.5,1000,37500.0,37.4675,38.282500000000006,40.378125,-0.206174068588858,-0.24112627713568072,0.03495220854682271
2025-07-28 10:10:00,37.45,37.45,37.3,37.3,40,1495.0,37.4575,38.20333333333333,40.380833333333335,-0.19830769073745103,-0.2325625598560348,0.034254869118583775
2025-07-28 10:11:00,37.15,37.15,37.15,37.15,20,743.0,37.440000000000005,38.11416666666666,40.38125,-0.20185046944945384,-0.22642014177471864,0.024569672325264802
2025-07-28 10:18:00,37.05,37.05,37.05,37.05,1050,38902.5,37.417500000000004,38.01583333333334,40.38125,-0.21030306850359892,-0.22319672712049474,0.012893658616895814
2025-07-28 12:09:00,37.05,37.05,37.05,37.05,200,7410.0,37.3575,37.9175,40.381458333333335,-0.21452885900466612,-0.22146315349732903,0.006934294492662918
2025-07-28 13:18:00,37.05,37.05,37.05,37.05,1000,37050.0,37.315,37.81916666666667,40.38333333333333,-0.21539489020630498,-0.22024950083912426,0.004854610632819278
2025-07-28 13:52:00,37.1,37.1,37.1,37.1,25,927.5,37.305,37.72083333333333,40.38375,-0.20963015806848517,-0.21812563228499648,0.008495474216511312
2025-07-29 15:00:00,37.25,37.25,37.25,37.25,10,372.5,37.3075,37.62166666666667,40.38645833333333,-0.19075887040416717,-0.21265227990883065,0.02189340950466348
2025-07-30 10:38:00,36.3,36.3,36.3,36.3,1,36.3,37.2625,37.56916666666667,40.383541666666666,-0.24958325903863,-0.22003847573479052,-0.029544783303839472
2025-07-30 13:36:00,37.25,37.25,37.25,37.25,100,3725.0,37.2175,37.54083333333334,40.38625,-0.21704301356376732,-0.2194393833005859,0.0023963697368185877
2025-07-31 11:37:00,37.25,37.25,37.25,37.25,100,3725.0,37.22,37.54416666666667,40.38770833333333,-0.18907509458986027,-0.2133665255584408,0.024291430968580524
2025-07-31 11:52:00,37.25,37.25,37.25,37.25,250,9312.5,37.2275,37.54750000000001,40.39125,-0.16500820542694328,-0.2036948615321413,0.03868665610519803
2025-07-31 14:03:00,37.25,37.25,37.25,37.25,500,18625.0,37.2025,37.55083333333334,40.39479166666667,-0.14427194519472408,-0.19181027826465788,0.0475383330699338
2025-08-14 09:57:00,36.35,36.35,36.35,36.35,1000,36350.0,37.160000000000004,37.531666666666666,40.3925,-0.19817633452623085,-0.1930834895169725,-0.005092845009258357
2025-08-14 10:32:00,36.35,36.35,36.35,36.35,1000,36350.0,37.09,37.5125,40.38979166666666,-0.23815069842383707,-0.2020969312983454,-0.03605376712549166
2025-08-14 10:42:00,36.0,36.0,36.0,36.0,3000,108000.0,37.015,37.4875,40.385416666666664,-0.2946759043444871,-0.22061272590757375,-0.07406317843691335
2025-08-04 13:37:00,37.25,37.25,37.25,37.25,150,5587.5,37.025,37.483333333333334,40.385625,-0.23588880466015638,-0.2236679416580903,-0.012220863002066068
2025-08-29 09:21:00,35.4,35.4,35.4,35.4,3000,106200.0,36.92,37.45583333333333,40.37416666666666,-0.3347206917489558,-0.24587849167626344,-0.08884220007269236
2025-08-29 09:57:00,35.4,35.4,35.4,35.4,19,672.6,36.83,37.420833333333334,40.36270833333333,-0.4083386011005885,-0.27837051356112846,-0.12996808753946004
2025-08-29 09:58:00,35.3,35.3,35.0,35.0,3100,108530.0,36.725,37.38666666666667,40.349583333333335,-0.4932718508649714,-0.32135078102189707,-0.17192106984307431
2025-08-29 10:08:00,35.1,35.1,35.1,35.1,548,19234.8,36.605000000000004,37.34666666666667,40.34145833333333,-0.5462164556562641,-0.3663239159487705,-0.17989253970749358
2025-08-29 10:50:00,35.0,35.0,35.0,35.0,3000,105000.0,36.489999999999995,37.282500000000006,40.32729166666666,-0.5894497903997973,-0.41094909083897585,-0.17850069956082143
2025-08-29 13:37:00,35.1,35.1,35.1,35.1,1,35.1,36.3875,37.22,40.313541666666666,-0.6086274767042781,-0.4504847680120363,-0.15814270869224178
2025-08-29 13:38:00,34.5,34.5,34.5,34.5,2408,83076.0,36.260000000000005,37.169999999999995,40.303125,-0.6645800517097342,-0.49330382475157597,-0.17127622695815825
2025-08-29 13:39:00,34.8,34.8,34.8,34.8,100,3480.0,36.147499999999994,37.13166666666667,40.291875,-0.6769123534751529,-0.5300255304962914,-0.14688682297886146
2025-08-11 14:05:00,36.3,36.3,36.3,36.3,31,1125.3,36.11,37.11333333333333,40.283125000000005,-0.5592021927104511,-0.5358608629391234,-0.023341329771327746
2025-08-18 09:02:00,35.7,35.7,35.7,35.7,2000,71400.0,36.04,37.06333333333334,40.27104166666666,-0.5084697055847087,-0.5303826314682405,0.021912925883531775
2025-08-27 12:08:00,34.5,34.5,34.5,34.5,1000,34500.0,35.902499999999996,37.013333333333335,40.255833333333335,-0.5586539996533162,-0.5360369051052557,-0.02261709454806049
2025-08-20 09:05:00,35.5,35.5,35.5,35.5,20,710.0,35.8625,36.958333333333336,40.240208333333335,-0.5118336716483398,-0.5311962584138725,0.019362586765532708
2025-08-20 09:22:00,34.9,34.9,34.9,34.9,4,139.6,35.745,36.90333333333333,40.22208333333334,-0.5171814639903332,-0.5283932995291647,0.011211835538831538
2025-08-20 10:01:00,34.7,35.5,34.7,35.5,2010,71347.0,35.6575,36.864999999999995,40.20645833333334,-0.46761427606465134,-0.516237494836262,0.04862321877161069
2025-08-20 10:04:00,34.9,34.9,34.9,34.9,1010,35249.0,35.54,36.813333333333325,40.188125,-0.47131389491416087,-0.5072527748518418,0.03593887993768097
2025-08-20 13:38:00,34.7,34.7,34.7,34.7,384,13324.8,35.4125,36.75833333333333,40.1675,-0.48479577412771846,-0.5027613747070172,0.017965600579298746
2025-08-20 14:07:00,34.65,34.65,34.65,34.65,282,9771.3,35.3275,36.714999999999996,40.14666666666667,-0.4938223658291889,-0.5009735729314515,0.00715120710226258
2025-08-08 12:13:00,36.3,36.3,36.3,36.3,5,181.5,35.325,36.674166666666665,40.135416666666664,-0.3636429449020966,-0.47350744732558053,0.10986450242348395
2025-08-08 12:38:00,36.3,36.3,36.3,36.3,5,181.5,35.339999999999996,36.645833333333336,40.125,-0.25750644195462513,-0.4303072462513895,0.17280080429676437
2025-08-22 13:46:00,34.5,34.5,34.5,34.5,5,172.5,35.2025,36.576666666666675,40.10375,-0.3150062593951617,-0.407247048880144,0.09224078948498232
2025-08-12 10:41:00,36.3,36.3,36.3,36.3,20,726.0,35.247499999999995,36.556666666666665,40.09,-0.21287641540247648,-0.36837292218461054,0.15549650678213406
2025-08-12 13:13:00,37.25,37.25,37.25,37.25,1000,37250.0,35.339999999999996,36.5525,40.08020833333333,-0.05465073802470499,-0.30562848535262943,0.25097774732792444
2025-08-12 13:51:00,37.25,37.25,37.25,37.25,20,745.0,35.4525,36.54833333333333,40.07041666666667,0.06993804895815714,-0.23051517849047212,0.30045322744862923
2025-08-12 14:58:00,37.25,37.25,37.25,37.25,250,9312.5,35.559999999999995,36.54416666666667,40.060625,0.1667533316489127,-0.15106147646259516,0.31781480811150786
2025-08-15 09:08:00,36.0,36.0,36.0,36.0,2000,72000.0,35.61,36.51916666666667,40.045625,0.1409903385245883,-0.09265111346515845,0.23364145198974676
2025-08-15 13:21:00,35.85,35.85,35.85,35.85,2000,71700.0,35.647499999999994,36.49166666666667,40.029791666666675,0.10723311783146272,-0.05267426720583421,0.15990738503729693
2025-08-15 14:37:00,35.85,35.85,35.85,35.85,3000,107550.0,35.714999999999996,36.46416666666667,40.009375,0.07956312306811242,-0.026226789151044875,0.10578991221915729
2025-08-19 09:09:00,34.6,34.6,34.6,34.6,384,13286.4,35.705,36.403333333333336,39.98375,-0.04273744973015425,-0.029528921266866754,-0.0132085284632875
2025-08-19 09:12:00,34.65,34.65,34.65,34.65,22,762.3,35.622499999999995,36.34916666666667,39.964999999999996,-0.13408134637005276,-0.05043940628750397,-0.08364194008254879
2025-08-19 09:13:00,34.65,34.65,34.65,34.65,24,831.6,35.57,36.30499999999999,39.94645833333334,-0.20411908480450336,-0.08117534199090387,-0.12294374281359949
2025-08-19 09:16:00,34.65,34.65,34.65,34.65,20,693.0,35.5775,36.2625,39.928958333333334,-0.25666581338073513,-0.11627343626887014,-0.14039237711186497
2025-08-19 09:19:00,34.65,34.65,34.65,34.65,20,693.0,35.535000000000004,36.22,39.911458333333336,-0.2949099361868335,-0.15200073625246283,-0.14290919993437065
2025-08-19 09:50:00,34.65,34.65,34.65,34.65,10,346.5,35.5225,36.16166666666667,39.893541666666664,-0.3215124832721017,-0.18590308565639063,-0.13560939761571106
2025-08-19 10:07:00,34.65,34.65,34.65,34.65,10,346.5,35.480000000000004,36.11916666666666,39.87333333333333,-0.3386909747688449,-0.21646066347888152,-0.1222303112899634
2025-08-19 10:23:00,34.65,34.65,34.65,34.65,10,346.5,35.4675,36.07833333333333,39.85125000000001,-0.3482901806450016,-0.24282656691210555,-0.10546361373289606
2025-08-19 10:53:00,34.65,34.65,34.65,34.65,10,346.5,35.464999999999996,36.026666666666664,39.835208333333334,-0.3518418071218221,-0.2646296149540489,-0.0872121921677732
2025-08-19 11:44:00,34.65,34.65,34.65,34.65,170,5890.5,35.465,35.98416666666667,39.81333333333334,-0.3506148272148053,-0.2818266574062002,-0.06878816980860508
2025-08-19 11:55:00,35.95,35.95,35.95,35.95,3,107.85000000000001,35.4475,35.954166666666666,39.796875,-0.24195420390059752,-0.27385216670507967,0.03189796280448215
2025-08-19 11:56:00,35.95,35.95,35.95,35.95,1,35.95,35.43,35.928333333333335,39.784166666666664,-0.1540639240515631,-0.24989451817437636,0.09583059412281325
2025-08-19 13:05:00,34.65,34.65,34.65,34.65,384,13305.6,35.4375,35.888333333333335,39.76604166666666,-0.18715200765642948,-0.237346016070787,0.05019400841435753
2025-08-19 13:24:00,34.65,34.65,34.65,34.65,10,346.5,35.355000000000004,35.84083333333333,39.74604166666667,-0.21094293347042736,-0.2320653995507151,0.021122466080287727
2025-08-19 14:58:00,34.65,34.65,34.65,34.65,60,2079.0,35.225,35.79833333333333,39.72604166666667,-0.22717863963842433,-0.231088047568257,0.003909407929832659
2025-08-21 10:01:00,34.65,34.65,34.65,34.65,10,346.5,35.095000000000006,35.7575,39.70395833333334,-0.23730999188244084,-0.23233243643109378,-0.0049775554513470655
2025-08-21 12:22:00,34.65,34.65,34.65,34.65,5,173.25,34.965,35.71,39.681666666666665,-0.2425432736475983,-0.2343746038743947,-0.008168669773203602
2025-08-21 12:42:00,34.65,34.65,34.65,34.65,128,4435.2,34.8975,35.66583333333333,39.65958333333333,-0.24387939726819496,-0.23627556255315477,-0.0076038347150401975
2025-08-25 13:26:00,34.5,34.5,34.5,34.5,384,13248.0,34.83,35.62166666666666,39.632708333333326,-0.25411277734395554,-0.23984300551131493,-0.01426977183264061
2025-08-13 09:01:00,36.3,36.3,36.3,36.3,1000,36300.0,34.8525,35.60916666666666,39.61333333333334,-0.11564476712019456,-0.21500335783309088,0.09935859071289632
2025-08-13 09:02:00,36.3,36.3,36.3,36.3,333,12087.9,34.9375,35.59666666666667,39.59375,-0.005840545239806261,-0.17317079531443394,0.16733025007462768
2025-08-13 09:08:00,36.3,36.3,36.3,36.3,579,21017.7,35.019999999999996,35.58416666666666,39.57458333333334,0.08025496244699326,-0.1224856437621485,0.20274060620914175
2025-08-13 09:17:00,36.3,36.3,36.3,36.3,1000,36300.0,35.1025,35.57083333333333,39.55479166666667,0.1467941213190187,-0.06862969074591506,0.21542381206493377
2025-08-13 09:21:00,36.5,36.5,36.5,36.5,1000,36500.0,35.195,35.55833333333333,39.53479166666667,0.2132074894230982,-0.012262254712112395,0.2254697441352106
2025-08-13 09:26:00,36.5,36.5,36.5,36.5,10,365.0,35.287499999999994,35.56166666666666,39.51479166666666,0.262811040052533,0.0427524042408167,0.22005863581171628
2025-08-13 11:03:00,36.1,36.1,36.1,36.1,1000,36100.0,35.36,35.5425,39.493125,0.2667703912288317,0.08755600163841971,0.17921438959041203
2025-08-13 12:58:00,36.35,36.35,36.35,36.35,1000,36350.0,35.445,35.527499999999996,39.472500000000004,0.28677534851819786,0.12739987101437536,0.1593754775038225
2025-08-13 14:53:00,36.25,36.25,36.25,36.25,1000,36250.0,35.525,35.51083333333333,39.45270833333334,0.2912034449868699,0.16016058580887427,0.13104285917799563
2025-08-13 15:00:00,36.0,36.0,36.0,36.0,20,720.0,35.5925,35.489999999999995,39.430625,0.27141117361632183,0.1824107033703638,0.08900047024595803
2025-08-06 09:03:00,37.25,37.25,37.25,37.25,1000,37250.0,35.7225,35.504999999999995,39.41375000000001,0.35252650318507506,0.21643386333330608,0.13609263985176898
2025-08-06 09:08:00,37.0,37.0,37.0,37.0,55,2035.0,35.775,35.51583333333333,39.401250000000005,0.3921179835801354,0.25157068738267196,0.14054729619746342
2025-08-06 14:16:00,37.0,37.0,37.0,37.0,1000,37000.0,35.8275,35.5325,39.38729166666667,0.41866836869216684,0.28499022364457094,0.1336781450475959
2025-08-05 13:46:00,37.25,37.25,37.25,37.25,5,186.25,35.957499999999996,35.5325,39.374375,0.454641822911654,0.3189205434979876,0.1357212794136664
2025-08-28 15:00:00,35.5,35.5,35.5,35.5,28,994.0,36.0,35.534166666666664,39.354375000000005,0.33804391014444946,0.32274521682727997,0.015298693317169487
2025-08-07 09:27:00,37.25,37.25,37.25,37.25,1000,37250.0,36.13,35.56499999999999,39.338541666666664,0.3824410564363063,0.3346843847490853,0.04775667168722103
2025-08-07 09:30:00,37.25,37.25,37.25,37.25,2000,74500.0,36.26,35.60249999999999,39.32270833333334,0.41286684277395835,0.35032087635405995,0.0625459664198984
2025-08-07 09:36:00,37.25,37.25,37.25,37.25,1000,37250.0,36.39,35.63833333333333,39.306875000000005,0.43199967431743147,0.3666566359467343,0.06534303837069716
2025-09-01 09:49:00,34.8,34.8,34.8,34.8,100,3480.0,36.397499999999994,35.635,39.28416666666667,0.24662511584787694,0.34265033192696287,-0.09602521607908593
2025-09-01 10:34:00,34.8,34.8,34.8,34.8,1000,34800.0,36.4125,35.629999999999995,39.2625,0.09857809578371501,0.2938358846983133,-0.19525778891459827
2025-09-01 11:45:00,34.1,34.1,34.1,34.1,5,170.5,36.3025,35.623333333333335,39.23791666666667,-0.07437701219571125,0.22019330531950837,-0.2945703175152196
2025-09-03 09:19:00,34.8,34.8,34.8,34.8,3,104.4,36.2275,35.62333333333333,39.215,-0.1531950938069997,0.14551562549420674,-0.2987107193012064
2025-09-03 12:48:00,34.8,34.8,34.8,34.8,997,34695.6,36.152499999999996,35.598333333333336,39.189166666666665,-0.21320133901461702,0.07377223259244198,-0.286973571607059
2025-09-03 13:52:00,33.85,33.85,33.85,33.85,200,6770.0,36.03,35.567499999999995,39.159375,-0.3335686098865196,-0.007695935903350359,-0.3258726739831692
2025-09-08 09:06:00,33.8,33.8,33.8,33.8,1000,33800.0,35.895,35.55583333333333,39.129374999999996,-0.4280607040467075,-0.09176888953202181,-0.3362918145146857
2025-09-08 09:07:00,33.8,33.8,33.8,33.8,1903,64321.4,35.760000000000005,35.527499999999996,39.098125,-0.4972147868896286,-0.1728580690035432,-0.32435671788608544
2025-09-08 10:53:00,33.75,33.75,33.75,33.75,1000,33750.0,35.6425,35.50833333333333,39.06666666666667,-0.5497176747364776,-0.2482299901501301,-0.3014876845863475
2025-09-08 11:29:00,34.7,34.7,34.7,34.7,1,34.7,35.56,35.495000000000005,39.03916666666667,-0.5088043512576732,-0.30034486237163877,-0.20845948888603444
2025-09-09 10:48:00,34.6,34.6,34.6,34.6,2000,69200.0,35.4775,35.49,39.011041666666664,-0.47892862088245636,-0.3360616140738023,-0.14286700680865405
2025-09-10 10:43:00,34.6,34.6,34.6,34.6,1000,34600.0,35.4075,35.48833333333333,38.98291666666667,-0.45006383359836377,-0.3588620579787146,-0.09120177561964915
2025-09-10 12:25:00,34.6,34.6,34.6,34.6,15,519.0,35.275,35.4875,38.95479166666667,-0.42232003918947925,-0.3715536542208676,-0.05076638496861163
2025-09-12 09:01:00,34.6,34.6,34.6,34.6,5,173.0,35.155,35.45916666666666,38.92666666666666,-0.3957706841490207,-0.37639706020649827,-0.019373623942522455
2025-09-19 14:43:00,34.6,34.6,34.6,34.6,29,1003.4,35.035000000000004,35.43083333333333,38.89854166666667,-0.3704597001811436,-0.37520958820142736,0.0047498880202837546
2025-09-24 14:40:00,35.1,35.1,35.1,35.1,50,1755.0,34.927499999999995,35.44083333333333,38.87791666666667,-0.3065213543353025,-0.36147194142820244,0.05495058709289996
2025-10-02 11:08:00,34.95,34.95,34.95,34.95,100,3495.0,34.9,35.41833333333333,38.85125000000001,-0.264899899848281,-0.3421575331122182,0.0772576332639372
2025-10-02 12:13:00,34.95,34.95,34.9,34.9,4000,139700.0,34.7825,35.37916666666667,38.824375,-0.23326029989578956,-0.3203780864689325,0.08711778657314295
2025-10-02 14:53:00,35.1,35.1,35.1,35.1,3000,105300.0,34.675,35.343333333333334,38.79833333333333,-0.1898587865438799,-0.294274226483922,0.1044154399400421
2025-10-03 13:33:00,35.05,35.05,35.05,35.05,1,35.05,34.565,35.306666666666665,38.77208333333333,-0.15767972295997623,-0.26695532577913283,0.1092756028191566
2025-10-03 14:55:00,35.1,35.1,35.1,35.1,20,702.0,34.58,35.291666666666664,38.74604166666667,-0.12668268199868038,-0.23890079702304234,0.11221811502436196
2025-10-08 14:54:00,35.1,35.1,35.1,35.1,3000,105300.0,34.595,35.27916666666667,38.720000000000006,-0.10095357375836755,-0.21131135237010742,0.11035777861173987
2025-10-09 12:30:00,35.1,35.1,35.1,35.1,3000,105300.0,34.644999999999996,35.26666666666666,38.69395833333333,-0.07964497244464042,-0.184978076385014,0.1053331039403736
2025-10-13 09:03:00,34.0,34.0,34.0,34.0,2000,68000.0,34.605000000000004,35.25666666666666,38.66333333333333,-0.14979185207126733,-0.1779408315222647,0.02814897945099737
2025-10-14 13:13:00,34.0,34.0,34.0,34.0,1000,34000.0,34.565000000000005,35.24583333333332,38.63208333333333,-0.20304320389188746,-0.18296130599618926,-0.020081897895698197
2025-10-14 13:14:00,34.0,34.0,34.0,34.0,1000,34000.0,34.572500000000005,35.235,38.598749999999995,-0.24245046581525997,-0.19485913796000343,-0.04759132785525655
2025-10-14 13:15:00,34.0,34.1,34.0,34.1,3256,111004.0,34.5875,35.225833333333334,38.56583333333333,-0.26258492497670005,-0.2084042953633428,-0.05418062961335726
2025-10-15 15:00:00,35.1,35.1,35.1,35.1,28,982.8,34.652499999999996,35.233333333333334,38.537083333333335,-0.1955952855735319,-0.2058424934053806,0.01024720783184871
2025-10-16 13:46:00,33.5,33.5,33.5,33.5,1,33.5,34.64,35.214166666666664,38.501666666666665,-0.2685168468893053,-0.21837736410216557,-0.050139482787139755
2025-10-20 13:00:00,33.45,34.0,33.45,34.0,247,8343.0,34.605,35.20333333333333,38.46375,-0.282703063340243,-0.2312425039497811,-0.051460559390461874
2025-10-20 14:21:00,34.0,34.0,34.0,34.0,100,3400.0,34.575,35.1925,38.42583333333334,-0.29059593305718323,-0.24311318977126156,-0.04748274328592167
2025-10-20 14:26:00,33.8,33.8,33.8,33.8,80,2704.0,34.535000000000004,35.17833333333333,38.38708333333333,-0.3094225867322038,-0.25637506916345004,-0.053047517568753755
2025-10-21 15:00:00,34.7,34.7,34.7,34.7,24,832.8,34.54,35.17916666666667,38.3525,-0.24885175885101063,-0.25487040710096215,0.006018648249951519
2025-10-22 09:46:00,34.5,34.5,34.5,34.5,1000,34500.0,34.535000000000004,35.155,38.31791666666666,-0.21451448049564448,-0.2467992217798986,0.032284741284254126
2025-10-22 10:58:00,33.45,33.45,33.45,33.45,416,13915.2,34.4775,35.11333333333333,38.283125000000005,-0.26892812873009575,-0.25122500316993807,-0.017703125560157684
2025-10-22 11:51:00,33.7,33.7,33.7,33.7,842,28375.4,34.407500000000006,35.0975,38.24395833333333,-0.2885521764496275,-0.258690437825876,-0.02986173862375152
2025-10-27 10:56:00,33.45,33.45,33.45,33.45,1000,33450.0,34.332499999999996,35.0775,38.20375,-0.32058181866349855,-0.2710687139934005,-0.04951310467009806
2025-10-27 11:16:00,33.45,33.45,33.45,33.45,1000,33450.0,34.260000000000005,35.0575,38.16875,-0.3420229136326256,-0.2852595539212455,-0.05676335971138008
2025-10-27 12:26:00,33.45,33.6,33.45,33.6,3770,126556.5,34.185,35.04,38.13375,-0.3429579833248795,-0.2967992398019723,-0.046158743522907164
2025-10-29 15:00:00,34.6,34.6,34.6,34.6,22,761.2,34.16250000000001,35.03916666666667,38.10291666666667,-0.2600101549262206,-0.289441422826822,0.02943126790060141
2025-10-30 10:13:00,34.6,34.6,34.6,34.6,1000,34600.0,34.1375,35.038333333333334,38.07208333333334,-0.19205946139534547,-0.26996503054052673,0.07790556914518126
2025-10-30 13:45:00,34.6,34.6,34.6,34.6,25,865.0,34.1125,35.04,38.03854166666667,-0.13663302673274558,-0.2432986297789705,0.10666560304622491
2025-10-31 13:14:00,34.6,34.6,34.6,34.6,1000,34600.0,34.0875,35.01166666666667,38.00354166666666,-0.09165068588047376,-0.21296904099927116,0.1213183551187974
2025-10-31 13:31:00,34.6,34.6,34.6,34.6,1000,34600.0,34.1175,34.983333333333334,37.96854166666666,-0.05536365887791561,-0.18144796457500006,0.12608430569708445
2025-10-31 14:39:00,34.6,34.6,34.6,34.6,9,311.4,34.1475,34.955000000000005,37.93354166666666,-0.026302727079588806,-0.1504189170759178,0.12411618999632901
2025-11-03 09:55:00,34.6,34.6,34.6,34.6,7,242.2,34.177499999999995,34.92666666666666,37.89854166666667,-0.003234444592806085,-0.12098202257929547,0.11774757798648938
2025-11-03 10:02:00,33.45,33.45,33.45,33.45,1000,33450.0,34.144999999999996,34.87583333333334,37.85874999999999,-0.07686203586848706,-0.11215802523713381,0.03529598936864675
2025-11-03 10:55:00,33.45,33.45,33.45,33.45,115,3846.75,34.0625,34.825,37.821041666666666,-0.1336715499919663,-0.11646073018810033,-0.017210819803865962
2025-11-03 10:56:00,34.0,34.0,34.0,34.0,15,510.0,34.0875,34.79,37.78416666666667,-0.13278246219705636,-0.11972507658989155,-0.01305738560716481
2025-11-04 10:07:00,33.45,33.45,33.45,33.45,3000,100350.0,34.059999999999995,34.74166666666667,37.745000000000005,-0.17444733686262026,-0.13066952864443732,-0.043777808218182945
2025-11-04 10:08:00,33.4,33.4,33.4,33.4,2000,66800.0,34.03000000000001,34.69416666666667,37.70645833333334,-0.20909135733435136,-0.14635389438242014,-0.06273746295193122
2025-11-04 10:14:00,33.6,33.6,33.6,33.6,3000,100800.0,34.019999999999996,34.65416666666667,37.668125,-0.2178968849707914,-0.1606624925000944,-0.057234392470697004
2025-11-04 10:20:00,34.0,34.0,34.0,34.0,1000,34000.0,33.985,34.6,37.63270833333333,-0.19040381534155415,-0.16661075706838638,-0.023793058273167772
2025-11-04 10:56:00,33.4,33.4,33.4,33.4,1640,54776.0,33.93000000000001,34.54,37.59354166666667,-0.21455706488740844,-0.1762000186321908,-0.03835704625521763
2025-11-04 10:57:00,33.5,33.5,33.4,33.4,6000,200900.0,33.9275,34.48,37.551875,-0.2310354562422745,-0.18716710615420756,-0.04386835008806694
2025-11-04 11:52:00,33.35,33.35,33.35,33.35,1000,33350.0,33.910000000000004,34.415,37.50770833333333,-0.2453015981158373,-0.19879400454653354,-0.04650759356930376
2025-11-05 15:00:00,33.95,33.95,33.95,33.95,20,679.0,33.935,34.38916666666667,37.46604166666666,-0.20582006712656664,-0.20019921706254015,-0.005620850064026489
2025-11-10 13:31:00,33.95,33.95,33.95,33.95,50,1697.5,33.96,34.33416666666666,37.43020833333333,-0.17254171587142508,-0.19466771682431716,0.022126000952892078
2025-11-11 09:08:00,32.65,32.65,32.65,32.65,2000,65300.0,33.9125,34.2575,37.388958333333335,-0.24820634989236368,-0.2053754434379265,-0.042830906454437184
2025-11-11 09:09:00,32.75,32.75,32.75,32.75,3000,98250.0,33.82,34.1825,37.344583333333325,-0.2966819879441829,-0.2236367523391778,-0.07304523560500509
2025-11-11 09:17:00,33.0,33.0,33.0,33.0,28,924.0,33.74,34.1525,37.30291666666666,-0.3113374651876981,-0.2411768949088819,-0.07016057027881623
2025-11-11 09:29:00,33.0,33.0,32.75,32.75,2256,74384.0,33.6475,34.11833333333333,37.25625,-0.33921469134500626,-0.2607844541961068,-0.07843023714889946
2025-11-11 09:32:00,32.75,32.75,32.75,32.75,1000,32750.0,33.555,34.09583333333333,37.20958333333333,-0.35719012846147535,-0.2800655890491805,-0.07712453941229486
2025-11-11 09:33:00,32.75,32.75,32.75,32.75,256,8384.0,33.4625,34.06166666666666,37.16291666666667,-0.3672029053651329,-0.297493052312371,-0.0697098530527619
2025-11-11 11:52:00,33.9,33.9,33.9,33.9,1,33.9,33.427499999999995,34.04666666666667,37.12104166666666,-0.2791251333624061,-0.293819468522378,0.014694335159971927
2025-11-12 15:00:00,32.3,32.3,32.3,32.3,110,3553.0,33.31250000000001,34.020833333333336,37.0725,-0.3345727463703838,-0.3019701240919792,-0.0326026222784046
2025-11-13 14:02:00,32.3,32.3,32.3,32.3,1,32.3,33.255,33.99583333333333,37.02583333333333,-0.374201813583241,-0.3164164619902316,-0.057785351593009404
2025-11-14 10:24:00,32.3,32.3,32.3,32.3,1000,32300.0,33.1975,33.97083333333334,36.979166666666664,-0.40098581993424887,-0.3333303335790351,-0.06765548635521379
2025-11-14 10:28:00,32.3,32.3,32.3,32.3,435,14050.5,33.1125,33.94666666666667,36.9325,-0.417400801321115,-0.3501444271274511,-0.06725637419366393
2025-11-14 13:21:00,32.3,32.3,32.3,32.3,100,3230.0,33.055,33.906666666666666,36.88583333333333,-0.42550483743536915,-0.36521650918903475,-0.0602883282463344
2025-11-17 15:00:00,33.4,33.4,33.4,33.4,25,835.0,33.05499999999999,33.88666666666667,36.842083333333335,-0.33925580775354547,-0.36002436890193695,0.020768561148391484
2025-11-18 15:00:00,32.1,32.1,32.1,32.1,2000,64200.0,32.980000000000004,33.845,36.79291666666666,-0.3715193223019284,-0.3623233595819353,-0.009195962719993123
2025-11-19 12:13:00,32.1,32.1,32.0,32.0,4000,128300.0,32.88,33.80166666666666,36.74333333333333,-0.400540374186825,-0.36996676250291327,-0.030573611683911706
2025-11-19 12:26:00,32.0,32.0,32.0,32.0,1000,32000.0,32.809999999999995,33.75833333333333,36.69375,-0.41871310288084373,-0.3797160305784994,-0.03899707230234434
2025-11-20 10:29:00,32.0,32.0,32.0,32.0,408,13056.0,32.739999999999995,33.715,36.64666666666666,-0.4281793364401878,-0.38940869175083714,-0.03877064468935065
2025-11-20 10:31:00,32.0,32.0,32.0,32.0,1000,32000.0,32.6725,33.663333333333334,36.59708333333333,-0.4307163645970533,-0.3976702263200804,-0.03304613827697289
2025-11-21 09:26:00,33.4,33.4,33.4,33.4,30,1002.0,32.644999999999996,33.6375,36.553333333333335,-0.3161147044396486,-0.38135912194399413,0.06524441750434551
2025-11-21 14:37:00,33.4,33.4,33.4,33.4,100,3340.0,32.61749999999999,33.6125,36.50958333333334,-0.22272463218595107,-0.3496322239923855,0.12690759180643446
2025-11-25 10:48:00,32.0,32.0,32.0,32.0,4,128.0,32.584999999999994,33.56083333333333,36.46,-0.258698511392474,-0.33144548147240327,0.07274697007992925
2025-11-25 11:14:00,33.2,33.2,33.2,33.2,30,996.0,32.6075,33.53,36.415416666666665,-0.1882085476780162,-0.30279809471352587,0.11458954703550966
2025-11-25 11:56:00,32.0,32.0,32.0,32.0,31,992.0,32.5575,33.47833333333333,36.36749999999999,-0.22656303710197534,-0.28755108319121575,0.06098804608924041
2025-11-26 13:45:00,33.2,33.2,33.2,33.2,10,332.0,32.58,33.446666666666665,36.323125,-0.1583044400739979,-0.26170175456777217,0.10339731449377426
2025-11-26 14:45:00,33.2,33.2,33.2,33.2,15,498.0,32.6025,33.415,36.27875000000001,-0.10302144308543149,-0.22996569227130403,0.12694424918587255
2025-11-27 10:26:00,32.0,32.0,32.0,32.0,225,7200.0,32.565,33.38166666666667,36.229375000000005,-0.15426101589397945,-0.21482475699583914,0.06056374110185969
2025-11-27 10:29:00,32.0,32.0,32.0,32.0,1000,32000.0,32.47,33.348333333333336,36.18,-0.19264802005003645,-0.21038940960667862,0.017741389556642173
2025-11-27 11:24:00,33.2,33.2,33.2,33.2,1,33.2,32.515,33.335,36.135625,-0.12480139344808805,-0.1932718063749605,0.06847041292687245
2025-11-27 14:37:00,32.0,32.0,32.0,32.0,1000,32000.0,32.5,33.3,36.08624999999999,-0.1659494621394586,-0.18780733752786014,0.021857875388401532
2025-11-28 09:06:00,32.5,32.5,32.5,32.5,20,650.0,32.510000000000005,33.25666666666667,36.03895833333333,-0.1564107756482045,-0.18152802515192903,0.025117249503724542
2025-11-28 10:59:00,32.5,32.5,32.5,32.5,1,32.5,32.519999999999996,33.239999999999995,35.99166666666667,-0.14715498679439065,-0.17465341748042137,0.027498430686030723
2025-11-28 12:32:00,32.5,32.5,32.5,32.5,1000,32500.0,32.53,33.214999999999996,35.94395833333333,-0.13822632046397842,-0.1673679980771328,0.029141677613154365
2025-11-28 12:51:00,33.2,33.2,33.2,33.2,20,664.0,32.52,33.20166666666667,35.89916666666667,-0.07381524205167267,-0.14865744687204077,0.0748422048203681
2025-12-02 11:21:00,33.2,33.2,33.2,33.2,10,332.0,32.575,33.19166666666667,35.854791666666664,-0.02250952258845018,-0.12342786201532266,0.10091833942687248
2025-12-03 12:39:00,33.15,33.15,33.15,33.15,56,1856.4,32.6325,33.16583333333333,35.810833333333335,0.013955180952116564,-0.09595125342183482,0.10990643437395138
2025-12-05 11:17:00,33.15,33.15,33.15,33.15,106,3513.9,32.690000000000005,33.14333333333333,35.771875,0.0423653597266167,-0.06828793079214451,0.11065329051876122
2025-12-19 11:00:00,33.0,33.0,33.0,33.0,16,528.0,32.74,33.13583333333333,35.73229166666667,0.05217543871260233,-0.04419525689119514,0.09637069560379746
2025-12-23 13:20:00,31.6,31.6,31.6,31.6,1000,31600.0,32.72,33.100833333333334,35.68479166666667,-0.05241410554296522,-0.045839026621549164,-0.006575078921416053
2025-12-23 14:56:00,31.95,31.95,31.95,31.95,1,31.95,32.6475,33.075833333333335,35.638749999999995,-0.10583994100766603,-0.05783920949877255,-0.04800073150889348
2025-12-24 13:53:00,33.0,33.0,33.0,33.0,10,330.0,32.627500000000005,33.068333333333335,35.59708333333333,-0.06273095237165904,-0.05881755807334985,-0.0039133942983091904
2025-12-26 13:05:00,33.0,33.0,33.0,33.0,16,528.0,32.6775,33.05833333333333,35.5575,-0.028241221077102807,-0.05270229067410045,0.02446106959699764
2026-01-06 11:29:00,32.9,32.9,32.9,32.9,1000,32900.0,32.6625,33.03,35.51541666666666,-0.008874722529206736,-0.0439367770451217,0.035062054515914966
2026-01-08 09:50:00,32.9,32.9,32.9,32.9,30,987.0,32.707499999999996,33.00166666666667,35.47729166666667,0.006399596532865814,-0.0338695023295242,0.04026909886239002
2026-01-13 14:04:00,32.9,32.9,32.9,32.9,1,32.0,32.6925,32.97333333333333,35.43729166666667,0.01829372575205923,-0.023436856713207516,0.041730582465266744
2026-01-14 09:36:00,31.6,31.6,31.6,31.6,1000,31600.0,32.6125,32.92333333333333,35.39,-0.07629969125001423,-0.034009423620568864,-0.04229026762944537
2026-01-14 09:40:00,31.6,31.6,31.6,31.6,503,15894.0,32.5925,32.873333333333335,35.342708333333334,-0.1495418305963767,-0.057115905015730446,-0.09242592558064627
2026-01-14 11:07:00,31.55,31.55,31.55,31.55,314,9906.0,32.57000000000001,32.8225,35.295208333333335,-0.20920969668715372,-0.08753466335001511,-0.12167503333713861
2026-01-14 11:26:00,32.8,32.8,32.8,32.8,16,524.0,32.55,32.792500000000004,35.25270833333333,-0.15385876901824957,-0.10079948448366202,-0.05305928453458755
2026-01-15 09:15:00,32.8,32.8,32.8,32.8,30,984.0,32.589999999999996,32.781666666666666,35.209375,-0.10873928131163524,-0.10238744384925667,-0.006351837462378565
2026-01-16 09:01:00,31.55,31.55,31.55,31.55,1,31.0,32.542500000000004,32.75,35.176458333333336,-0.17186516095674875,-0.1162829872707551,-0.05558217368599365
2026-01-16 09:56:00,31.55,31.55,31.55,31.55,1000,31550.0,32.495,32.70916666666667,35.145624999999995,-0.21936418163645754,-0.1368992261438956,-0.08246495549256194
2026-01-16 10:11:00,31.55,31.55,31.55,31.55,653,20602.0,32.447500000000005,32.677499999999995,35.122708333333335,-0.2540786373640245,-0.1603351083879214,-0.09374352897610308
2026-01-16 10:18:00,31.55,31.7,31.55,31.7,4000,126650.0,32.372499999999995,32.649166666666666,35.10041666666666,-0.2664152777504114,-0.1815511422604194,-0.084864135489992
2026-01-16 10:58:00,31.45,31.45,31.45,31.45,1000,31450.0,32.285000000000004,32.61333333333333,35.077083333333334,-0.2929876851443076,-0.20383845083719707,-0.08914923430711055
2026-01-16 10:59:00,31.45,31.45,31.45,31.45,1000,31450.0,32.2,32.57083333333333,35.051875,-0.31046763184727766,-0.2251642870392132,-0.08530334480806445
2026-01-16 12:26:00,31.45,31.45,31.45,31.45,118,3711.0,32.114999999999995,32.538333333333334,35.026666666666664,-0.3206246541148765,-0.2442563604543459,-0.0763682936605306
2026-01-16 12:44:00,31.65,31.65,31.65,31.65,3000,94950.0,32.0475,32.509166666666665,35.002291666666665,-0.30897417692721874,-0.25719992374892053,-0.0517742531782982
2026-01-16 13:21:00,32.0,32.0,32.0,32.0,1000,32000.0,32.0675,32.486666666666665,34.979375,-0.26840500902318,-0.25944094080377245,-0.00896406821940754
2026-01-19 09:19:00,32.2,32.2,32.2,32.2,30,966.0,32.08,32.4575,34.95916666666667,-0.2176068859186131,-0.2510741298267406,0.0334672439081275
2026-01-21 11:28:00,32.1,32.1,32.1,32.1,1,32.0,32.035000000000004,32.42666666666666,34.936666666666675,-0.18330514404559395,-0.23752033267051126,0.05421518862491731
2026-01-22 09:13:00,32.1,32.1,32.1,32.1,30,963.0,31.99,32.4175,34.916041666666665,-0.15434161244655442,-0.2208845886257199,0.06654297617916549
2026-01-23 10:09:00,32.1,32.1,32.1,32.1,1000,32100.0,31.95,32.406666666666666,34.893541666666664,-0.12989050806045555,-0.20268577251266706,0.07279526445221152
2026-01-23 11:20:00,32.1,32.1,32.1,32.1,1000,32100.0,31.910000000000004,32.391666666666666,34.86541666666666,-0.10925342618461542,-0.18399930324705677,0.07474587706244135
2026-01-26 12:42:00,31.3,31.3,31.3,31.3,3000,93900.0,31.829999999999995,32.3675,34.83395833333334,-0.1556573828210972,-0.17833091916186486,0.022673536340767658
2026-01-26 12:43:00,31.6,31.6,31.6,31.6,1032,32611.0,31.830000000000002,32.348333333333336,34.809375,-0.16630826186311864,-0.17592638770211563,0.009618125838996988
2026-01-26 14:14:00,31.6,31.6,31.6,31.6,32,1011.0,31.830000000000002,32.32916666666667,34.786458333333336,-0.1727577168178236,-0.17529265352525725,0.002534936707433655
2026-01-27 11:18:00,31.55,31.55,31.55,31.55,30,946.0,31.829999999999995,32.29,34.76208333333334,-0.17983056367045336,-0.17620023555429648,-0.003630328116156878
2026-01-29 12:51:00,30.4,30.5,30.4,30.5,6000,182700.0,31.714999999999996,32.260000000000005,34.72791666666667,-0.2670833005074691,-0.19437684854493104,-0.07270645196253805
2026-01-29 12:52:00,30.5,30.5,30.5,30.5,2000,61000.0,31.6,32.230000000000004,34.698750000000004,-0.3324000225249861,-0.2219814833409421,-0.11041853918404404
2026-01-29 14:03:00,30.5,30.5,30.5,30.5,33,1006.0,31.547499999999996,32.2,34.664166666666674,-0.37978605803700205,-0.2535423982801541,-0.12624365975684793
2026-01-30 09:08:00,30.5,30.5,30.5,30.5,30,915.0,31.494999999999997,32.17,34.632083333333334,-0.41258382309015573,-0.28535068324215446,-0.12723313984800128
2026-01-30 12:28:00,30.45,30.45,30.45,30.45,1000,30450.0,31.439999999999998,32.13916666666667,34.60145833333333,-0.43756687180028564,-0.3157939209537807,-0.12177295084650491
2026-02-02 12:35:00,30.3,30.4,30.3,30.4,4000,121300.0,31.375,32.089166666666664,34.56979166666667,-0.45614257239312295,-0.3438636512416492,-0.11227892115147375
2026-02-02 12:48:00,30.05,30.35,30.05,30.35,3000,90450.0,31.32,32.06,34.53791666666667,-0.46948658200411586,-0.36898823739414255,-0.10049834460997331
2026-02-03 09:39:00,30.3,30.3,30.3,30.3,30,909.0,31.2625,32.031666666666666,34.50895833333334,-0.478579619938607,-0.3909065139030355,-0.08767310603557149
2026-02-03 10:33:00,30.3,30.3,30.3,30.3,2000,60600.0,31.205000000000002,32.00333333333334,34.47375,-0.4802498961557866,-0.4087751903535857,-0.07147470580220089
2026-02-03 14:45:00,30.0,30.0,30.0,30.0,50,1500.0,31.122500000000002,31.970000000000002,34.44041666666667,-0.5000172077657581,-0.42702359383602023,-0.07299361392973786
2026-02-03 14:57:00,29.0,29.0,29.0,29.0,140,4060.0,30.972500000000004,31.92,34.40020833333333,-0.5895782956907709,-0.4595345342069704,-0.13004376148380054
2026-02-04 11:51:00,30.25,30.25,30.25,30.25,1000,30250.0,30.875,31.8675,34.37,-0.5533132985301314,-0.47829028707160265,-0.0750230114585288
2026-02-05 09:32:00,30.25,30.25,30.25,30.25,1000,30250.0,30.7825,31.815,34.33979166666666,-0.5185949868113369,-0.4863512270195495,-0.03224375979178734
2026-02-05 15:00:00,29.0,29.0,29.0,29.0,150,4350.0,30.627500000000005,31.765,34.304375,-0.5851992156719845,-0.5061208247500366,-0.0790783909219479
2026-02-06 11:22:00,29.0,29.0,29.0,29.0,743,21547.0,30.472500000000004,31.695,34.26895833333333,-0.630713079130647,-0.5310392756261587,-0.09967380350448829
2026-02-06 12:46:00,30.25,30.25,30.25,30.25,60,1815.0,30.380000000000003,31.665833333333335,34.238749999999996,-0.5594693758104441,-0.5367252956630159,-0.022744080147428236
2026-02-09 13:08:00,29.0,29.0,29.0,29.0,280,8120.0,30.265000000000004,31.595833333333335,34.20333333333333,-0.5969910398665803,-0.5487784445037288,-0.048212595362851496
2026-02-09 13:19:00,30.25,30.25,30.25,30.25,11,332.0,30.1975,31.546666666666667,34.173125,-0.5198699386015377,-0.5429967433232906,0.02312680472175288
2026-02-10 09:10:00,30.25,30.25,30.25,30.25,30,907.0,30.130000000000003,31.5175,34.13979166666666,-0.45352297962064725,-0.525101990582762,0.07157901096211472
2026-02-10 10:51:00,30.25,30.25,30.25,30.25,198,5989.0,30.065000000000005,31.488333333333333,34.10791666666667,-0.39637339090774404,-0.4993562706477584,0.10298287974001435
2026-02-23 09:01:00,30.25,30.25,30.25,30.25,50,1512.0,30.052500000000002,31.43916666666667,34.078541666666666,-0.34708099643572865,-0.4689012158053525,0.12182021936962384
2026-02-23 10:25:00,29.0,29.0,29.0,29.0,5000,145000.0,29.977500000000003,31.389166666666668,34.044374999999995,-0.4042213597817508,-0.4559652446006322,0.051743884818881425
2026-02-23 14:14:00,29.45,29.45,29.45,29.45,35,1030.0,29.925,31.338333333333335,34.01208333333333,-0.40848550360233915,-0.4464692964009736,0.03798379279863445
2026-02-24 09:27:00,29.45,29.45,29.45,29.45,30,883.0,29.872500000000002,31.287500000000005,33.975833333333334,-0.4071712515688759,-0.4386096874345541,0.03143843586567818
2026-02-24 11:40:00,28.9,28.9,28.9,28.9,564,16299.0,29.794999999999998,31.227500000000003,33.941250000000004,-0.4453760825789139,-0.43996296646342614,-0.005413116115487782
2026-02-24 12:35:00,29.4,29.4,29.4,29.4,25,735.0,29.744999999999997,31.16416666666667,33.909166666666664,-0.43034709168843577,-0.43803979150842814,0.007692699819992377
2026-02-25 09:03:00,29.45,29.45,29.45,29.45,30,883.0,29.7,31.101666666666667,33.874583333333334,-0.4096793969259416,-0.43236771259193085,0.022688315665989278
2026-03-02 13:42:00,29.45,29.45,29.45,29.45,100,2945.0,29.657500000000006,31.04,33.84229166666667,-0.3888180475031824,-0.4236577795741812,0.03483973207099883
2026-03-03 14:57:00,28.5,28.5,28.5,28.5,240,6840.0,29.567500000000003,30.9625,33.80375,-0.44382618630297443,-0.42769146091993987,-0.016134725383034565
2026-03-04 14:04:00,28.5,28.5,28.5,28.5,1000,28500.0,29.4925,30.8875,33.76625,-0.48186588266973374,-0.43852634526989864,-0.04333953739983509
2026-03-06 14:55:00,28.3,28.3,28.3,28.3,8,226.0,29.4575,30.832499999999996,33.729791666666664,-0.5221321304480249,-0.45524750230552397,-0.0668846281425009
