ts,open,high,low,close,volume,amount,ma20,ma60,ma240,macd,signal,hist
2025-03-07 09:21:00,29.0,29.0,29.0,29.0,10,290.0,,,,0.0,0.0,0.0
2025-03-07 10:17:00,28.5,28.5,28.5,28.5,2000,57000.0,,,,-0.011217948717952453,-0.006232193732195807,-0.004985754985756646
2025-03-07 11:16:00,29.0,29.0,29.0,29.0,1,29.0,,,,0.0012110767998017025,-0.003181673022360762,0.0043927498221624645
2025-03-07 12:49:00,29.0,29.0,29.0,29.0,18,522.0,,,,0.006834360841963871,0.00021129237883321902,0.006623068463130652
2025-03-07 13:04:00,29.0,29.0,29.0,29.0,1,29.0,,,,0.009746088780364204,0.0030476787429250156,0.006698410037439188
2025-03-07 13:48:00,29.0,29.0,29.0,29.0,190,5510.0,,,,0.011313238080347787,0.005288104879575736,0.006025133200772051
2025-03-10 09:25:00,29.0,29.0,29.0,29.0,14,406.0,,,,0.012123399605552976,0.0070179356256503764,0.005105463979902599
2025-03-10 10:49:00,29.0,29.0,29.0,29.0,10,290.0,,,,0.012471709624275462,0.00832858007576276,0.004143129548512703
2025-03-10 11:14:00,29.0,29.0,29.0,29.0,50,1450.0,,,,0.012523145380047396,0.00929754547039829,0.003225599909649105
2025-03-11 09:35:00,28.5,28.5,28.5,28.5,1,28.5,,,,-0.013377237047219381,0.0042170779171331885,-0.01759431496435257
2025-03-11 09:37:00,28.5,28.5,28.5,28.5,5000,142500.0,,,,-0.03190565963914338,-0.0036863706571668544,-0.028219288981976526
2025-03-11 10:04:00,28.0,28.0,28.0,28.0,2000,56000.0,,,,-0.07252118087814097,-0.01846920107215681,-0.054051979805984154
2025-03-11 10:16:00,28.0,28.0,27.25,27.25,2,55.25,,,,-0.1440468556789476,-0.045045795736522974,-0.09900105994242461
2025-03-12 09:19:00,27.25,27.25,27.25,27.25,1,27.25,,,,-0.19571390817799283,-0.07656567727512975,-0.11914823090286308
2025-03-12 10:04:00,27.25,27.25,27.25,27.25,2000,54500.0,,,,-0.2321815038883095,-0.10882382528006806,-0.12335767860824143
2025-03-12 11:27:00,27.95,27.95,27.95,27.95,1000,27950.0,,,,-0.21447985265393044,-0.13056704806761446,-0.08391280458631598
2025-03-13 12:45:00,27.95,27.95,27.95,27.95,1,27.95,,,,-0.1983181984243707,-0.14442943125781496,-0.053888767166555746
2025-03-13 15:00:00,27.25,27.25,27.25,27.25,1,27.25,,,,-0.22764129050560555,-0.1613771052606693,-0.06626418524493624
2025-03-14 09:08:00,27.25,27.25,27.25,27.25,2150,58587.5,,,,-0.24740751578903186,-0.17883477895918468,-0.06857273682984719
2025-03-14 09:10:00,27.6,27.6,27.6,27.6,100,2760.0,28.2625,,,-0.23684222618652484,-0.1905715845603828,-0.04627064162614203
2025-03-14 09:11:00,27.6,27.6,27.6,27.6,50,1380.0,28.192500000000003,,,-0.22584054029843514,-0.19769104110439897,-0.02814949919403617
2025-03-14 10:03:00,27.2,27.2,27.2,27.2,8,217.6,28.127499999999998,,,-0.24146245707004255,-0.20651039967772628,-0.03495205739231627
2025-03-14 10:04:00,27.6,27.6,27.2,27.6,26,714.4,28.057499999999997,,,-0.22354022960324116,-0.2099365903226612,-0.013603639280579949
2025-03-14 10:05:00,27.2,27.6,27.2,27.2,25,683.6,27.9675,,,-0.23448069948556238,-0.21486870340073105,-0.01961199608483133
2025-03-14 10:06:00,27.6,27.6,27.6,27.6,9,248.4,27.8975,,,-0.21242907854676218,-0.21437892811120818,0.0019498495644459934
2025-03-14 12:16:00,27.6,27.6,27.6,27.6,10,276.0,27.827499999999997,,,-0.19277350657326764,-0.2100447445375472,0.017271237964279568
2025-03-14 13:45:00,27.6,27.6,27.6,27.6,64,1766.4,27.7575,,,-0.17520645030355197,-0.20306019809367956,0.027853747790127587
2025-03-14 14:44:00,27.2,27.2,27.2,27.2,8,217.6,27.6675,,,-0.18806864491340747,-0.20005607664164332,0.011987431728235853
2025-03-17 14:27:00,27.2,27.2,27.2,27.2,1,27.2,27.577499999999997,,,-0.19591703767114765,-0.19922698589174984,0.0033099482206021824
2025-03-19 09:46:00,27.8,27.8,27.8,27.8,1,27.8,27.5425,,,-0.15619207839456095,-0.19060933625878687,0.03441725786422592
2025-03-19 11:04:00,27.0,27.0,27.0,27.0,1,27.0,27.4675,,,-0.18186584908881187,-0.18885890528191807,0.006993056193106195
2025-03-20 13:24:00,27.0,27.0,27.0,27.0,1,27.0,27.4175,,,-0.1998220576333587,-0.1910532743104663,-0.00876878332289241
2025-03-21 13:37:00,28.1,28.1,28.1,28.1,1000,28100.0,27.46,,,-0.13009214958134407,-0.1788533167228625,0.04876116714151843
2025-03-25 11:29:00,27.0,27.0,27.0,27.0,1,27.0,27.4475,,,-0.1559811817942247,-0.1742765690503613,0.01829538725613658
2025-03-25 14:58:00,27.95,27.95,27.95,27.95,1,27.95,27.482499999999998,,,-0.10332770901807464,-0.16008103865266263,0.056753329634587985
2025-03-26 09:19:00,27.05,27.05,27.05,27.05,2000,54100.0,27.4375,,,-0.12863163012584522,-0.15378911510136856,0.025157484975523337
2025-03-27 10:17:00,27.05,27.05,27.05,27.05,95,2569.75,27.392500000000002,,,-0.14694890432648933,-0.15242071769011373,0.0054718133636244
2025-03-31 10:33:00,27.0,27.0,27.0,27.0,3000,81000.0,27.380000000000003,,,-0.16338498999285989,-0.15461402768332644,-0.008770962309533448
2025-03-31 11:29:00,26.95,26.95,26.95,26.95,1000,26950.0,27.365000000000002,,,-0.1781776198089986,-0.1593275292732448,-0.01885009053575379
2025-03-31 11:36:00,27.0,27.0,27.0,27.0,50,1350.0,27.335,,,-0.18389112588363332,-0.1642409016945401,-0.019650224189093235
2025-04-02 09:16:00,27.25,27.25,27.25,27.25,200,5450.0,27.317500000000003,,,-0.1670945855694299,-0.1648116991671165,-0.0022828864023134166
2025-04-02 11:46:00,26.2,26.8,26.2,26.8,4000,105400.0,27.297500000000003,,,-0.18661928774168857,-0.16917358795049076,-0.01744569979119781
2025-04-02 11:47:00,26.3,26.3,26.3,26.3,1000,26300.0,27.232499999999998,,,-0.23830690173828373,-0.18300119176600038,-0.055305709972283346
2025-04-07 09:01:00,26.0,26.0,23.6,23.6,9000,226800.0,27.0525,,,-0.48469578465013186,-0.24334339568490262,-0.24135238896522923
2025-04-07 09:03:00,23.8,23.8,23.8,23.8,52,1237.6,26.8625,,,-0.6565862914657217,-0.3259955748511986,-0.33059071661452305
2025-04-07 09:05:00,25.5,25.5,23.8,23.8,3000,74800.0,26.672500000000003,,,-0.78367568349314,-0.41753478625557,-0.36614089723757
2025-04-07 09:07:00,25.5,25.5,25.5,25.5,150,3825.0,26.567500000000003,,,-0.7419964855277641,-0.4824289350948565,-0.2595675504329076
2025-04-07 09:10:00,25.25,25.25,25.25,25.25,1000,25250.0,26.47,,,-0.7203508853174334,-0.530014386330395,-0.19033649898703842
2025-04-07 09:12:00,23.8,25.25,23.8,25.25,2000,49050.0,26.372500000000002,,,-0.6951606649040762,-0.5630442313172569,-0.13211643358681935
2025-04-07 09:19:00,24.05,24.05,24.05,24.05,3000,72150.0,26.185000000000002,,,-0.7613173321377928,-0.6026994174590933,-0.15861791467869957
2025-04-07 09:36:00,23.6,23.6,23.6,23.6,1000,23600.0,26.014999999999997,,,-0.8396721608407098,-0.6500945072916775,-0.18957765354903233
2025-04-07 09:37:00,23.6,23.6,23.6,23.6,1000,23600.0,25.845,,,-0.8914494093551255,-0.6983659286341254,-0.19308348072100012
2025-04-07 10:04:00,23.6,23.6,23.6,23.6,310,7316.0,25.619999999999997,,,-0.9218208696925032,-0.7430572434279495,-0.17876362626455367
2025-04-07 10:53:00,23.55,23.55,23.3,23.3,4000,93950.0,25.435000000000002,,,-0.9586645006827936,-0.7861789469686797,-0.1724855537141139
2025-04-07 11:01:00,24.0,24.0,24.0,24.0,100,2400.0,25.2375,,,-0.9214880392448173,-0.8132408919873535,-0.10824714725746376
2025-04-07 11:22:00,23.3,23.3,23.3,23.3,2000,46600.0,25.05,,,-0.9369879038466742,-0.8379903869580717,-0.09899751688860248
2025-04-07 11:23:00,23.6,23.6,23.6,23.6,1000,23600.0,24.8775,,,-0.9147767742133013,-0.8533477103759725,-0.06142906383732882
2025-04-07 11:57:00,23.6,23.6,23.6,23.6,200,4720.0,24.707500000000003,,,-0.8869349004753246,-0.8600651644809497,-0.02686973599437492
2025-04-07 12:22:00,23.6,23.6,23.6,23.6,100,2360.0,24.54,,,-0.8550010007152586,-0.8590523297876058,0.004051329072347176
2025-04-07 13:20:00,23.6,23.6,23.6,23.6,50,1180.0,24.37,26.65583333333333,,-0.82022690627252,-0.8512872331846126,0.031060326912092595
2025-04-08 10:03:00,23.6,23.6,23.6,23.6,3000,70800.0,24.187500000000004,26.565833333333334,,-0.7836254742903961,-0.837754864815134,0.054129390524737864
2025-04-08 11:10:00,23.0,23.0,23.0,23.0,3000,69000.0,23.997500000000002,26.47416666666667,,-0.7934974944039901,-0.828903382051396,0.03540588764740593
2025-04-08 11:11:00,23.5,23.5,23.5,23.5,3000,70500.0,23.8575,26.3825,,-0.7525824543806472,-0.8136391845403811,0.061056730159733896
2025-04-08 11:12:00,23.0,23.5,23.0,23.0,8000,185500.0,23.8275,26.282500000000002,,-0.7515607576487788,-0.8012234913686037,0.04966273371982488
2025-04-08 11:30:00,23.0,23.5,22.9,23.5,7000,163400.0,23.812500000000004,26.190833333333334,,-0.7025500626963748,-0.7814887957240225,0.07893873302764776
2025-04-09 09:52:00,22.9,22.9,22.9,22.9,1000,22900.0,23.767500000000002,26.089166666666664,,-0.7037271315495985,-0.7659364566412264,0.06220932509162791
2025-04-09 10:08:00,22.9,22.9,22.9,22.9,1000,22900.0,23.6375,25.9875,,-0.6966226794276302,-0.752073696743188,0.05545101731555779
2025-04-09 12:22:00,22.8,22.8,22.8,22.8,1000,22800.0,23.515,25.884166666666665,,-0.6910494877632871,-0.7398688518092191,0.04881936404593201
2025-04-10 09:01:00,24.0,24.0,24.0,24.0,50,1200.0,23.4525,25.800833333333333,,-0.5835152802567549,-0.7085981310667121,0.12508285080995718
2025-04-10 09:14:00,24.0,24.0,24.0,24.0,1000,24000.0,23.45,25.725833333333334,,-0.49261537042668024,-0.6654015718306923,0.17278620140401202
2025-04-10 11:57:00,24.0,24.0,24.0,24.0,100,2400.0,23.47,25.65083333333333,,-0.41578385421630415,-0.6154780217358603,0.19969416751955615
2025-04-10 13:18:00,23.95,23.95,23.95,23.95,1,23.95,23.4875,25.583333333333332,,-0.3548241710917033,-0.5633472461170175,0.2085230750253142
2025-04-10 13:49:00,23.5,23.5,23.0,23.0,6000,139500.0,23.4575,25.5125,,-0.37854785583800776,-0.5263873649473517,0.14783950910934396
2025-04-10 13:54:00,23.5,23.5,23.0,23.0,5000,116500.0,23.4425,25.441666666666666,,-0.3928179033603314,-0.49967347082943475,0.10685556746910335
2025-04-10 14:04:00,23.0,23.0,23.0,23.0,1000,23000.0,23.3925,25.370833333333334,,-0.3995190619470286,-0.47964258797289044,0.08012352602586187
2025-04-11 12:27:00,23.5,23.5,23.5,23.5,3000,70500.0,23.402499999999996,25.296666666666667,,-0.3604349761524226,-0.455801064580371,0.09536608842794841
2025-04-11 15:00:00,23.85,24.0,23.2,23.3,14000,331450.0,23.3875,25.219166666666663,,-0.3416202283145644,-0.43296489653916254,0.09134466822459814
2025-04-14 12:55:00,23.3,23.3,23.3,23.3,3000,69900.0,23.3725,25.15333333333333,,-0.32298522399637974,-0.41096896142336453,0.08798373742698479
2025-04-15 13:56:00,23.9,23.9,23.9,23.9,10,239.0,23.3875,25.0975,,-0.2569420695705027,-0.38016358237243725,0.12322151280193455
2025-04-16 14:23:00,22.8,23.9,22.8,23.9,66,1546.6,23.4025,25.035833333333336,,-0.20227115414338215,-0.3445850960980088,0.14231394195462665
2025-04-21 09:12:00,23.9,23.9,23.9,23.9,50,1195.0,23.417499999999997,24.97416666666667,,-0.1571330803284603,-0.30709469241418064,0.14996161208572034
2025-04-21 09:34:00,24.0,24.0,24.0,24.0,1000,24000.0,23.467499999999998,24.920833333333334,,-0.1120143538226479,-0.26807862425468737,0.15606427043203946
2025-04-21 13:23:00,24.0,24.0,24.0,24.0,42,1008.0,23.4925,24.860833333333332,,-0.07538881065097769,-0.22954066118532115,0.15415185053434347
2025-04-21 14:24:00,24.0,24.0,24.0,24.0,6,144.0,23.542499999999997,24.8075,,-0.04583479681327063,-0.19279948804501498,0.14696469123174435
2025-04-21 14:55:00,22.9,22.9,22.9,22.9,870,19923.0,23.5125,24.729166666666668,,-0.10978963539525921,-0.176197517418945,0.06640788202368578
2025-04-22 09:15:00,22.8,22.8,22.8,22.8,1001,22822.8,23.5075,24.649166666666666,,-0.16661178487453654,-0.17428037090118367,0.007668586026647134
2025-04-22 09:17:00,22.8,22.9,22.8,22.9,7050,160745.0,23.5075,24.570833333333333,,-0.2012627831208924,-0.17967685336512126,-0.021585929755771144
2025-04-22 10:03:00,22.9,22.9,22.9,22.9,3000,68700.0,23.5125,24.499166666666667,,-0.2261166342765044,-0.18896480957492998,-0.03715182470157444
2025-04-23 11:10:00,21.85,21.85,21.85,21.85,1,21.85,23.405,24.410000000000004,,-0.3266897463428968,-0.21650979699384415,-0.11017994934905267
2025-04-23 14:52:00,22.9,22.9,22.9,22.9,1,22.9,23.35,24.328333333333333,,-0.31807757037997675,-0.2368233517096083,-0.08125421867036844
2025-04-24 09:39:00,21.85,21.85,21.85,21.85,42,917.7,23.2425,24.242500000000003,,-0.39139488148974166,-0.2677376577125539,-0.12365722377718774
2025-04-24 10:06:00,21.85,22.0,21.85,22.0,7000,153250.0,23.145000000000003,24.15916666666667,,-0.43241926563117516,-0.30067397933626844,-0.13174528629490673
2025-04-24 10:07:00,21.9,21.9,21.9,21.9,50,1095.0,23.09,24.055833333333332,,-0.467603574049793,-0.33405989831140226,-0.13354367573839077
2025-04-24 10:08:00,22.0,22.0,22.0,22.0,2000,44000.0,23.04,23.9725,,-0.4818681275999559,-0.3636215441920843,-0.11824658340787159
2025-04-24 10:14:00,22.0,22.0,22.0,22.0,1000,22000.0,22.990000000000002,23.87333333333333,,-0.4875520409409546,-0.38840764355726676,-0.09914439738368785
2025-04-24 12:26:00,21.5,21.5,21.5,21.5,1,21.5,22.89,23.78083333333333,,-0.5263116762859319,-0.41598845011671637,-0.11032322616921553
2025-04-28 10:05:00,21.5,21.5,21.5,21.5,1,21.5,22.8,23.688333333333333,,-0.550680328495627,-0.4429268258032162,-0.1077535026924108
2025-04-28 10:35:00,22.2,22.2,22.2,22.2,105,2331.0,22.744999999999997,23.608333333333334,,-0.507683437028362,-0.4558781480523676,-0.05180528897599446
2025-04-28 11:55:00,22.0,22.0,21.7,21.7,300,6525.0,22.634999999999998,23.520833333333332,,-0.5080784712818733,-0.4663182127009271,-0.04176025858094623
2025-04-30 09:22:00,21.5,22.15,21.5,22.15,36,785.7,22.5475,23.439999999999998,,-0.4667152239585093,-0.46639761495245974,-0.00031760900604954623
2025-04-30 09:23:00,21.5,22.15,21.5,21.5,27,586.35,22.427500000000002,23.344166666666663,,-0.48082083789652685,-0.46928225954174324,-0.011538578354783613
2025-04-30 09:24:00,22.15,22.15,22.15,22.15,9,199.35,22.335,23.266666666666666,,-0.4345593469810787,-0.46233767702870493,0.027778330047626254
2025-04-30 09:43:00,21.5,21.5,21.5,21.5,3000,64500.0,22.21,23.186666666666667,,-0.44519670793244615,-0.45890948320909564,0.013712775276649491
2025-04-30 10:12:00,21.6,21.6,21.6,21.6,50,1080.0,22.09,23.15333333333333,,-0.44048233341674603,-0.45522405325031823,0.014741719833572198
2025-04-30 11:06:00,21.75,21.75,21.75,21.75,2,43.5,22.0325,23.119166666666665,,-0.4198063987337264,-0.44814052234652707,0.028334123612800688
2025-04-30 11:08:00,21.1,21.1,21.1,21.1,1,21.1,21.947499999999998,23.074166666666667,,-0.45066109198460325,-0.4486446362741692,-0.002016455710434073
2025-04-30 11:15:00,21.75,21.75,21.75,21.75,1,21.75,21.889999999999997,23.011666666666667,,-0.4178598955296806,-0.44248768812500844,0.024627792595327824
2025-05-02 09:58:00,21.1,21.1,21.1,21.1,1,21.1,21.8,22.9425,,-0.43923894098366745,-0.441837938696718,0.002598997713050555
2025-05-02 13:28:00,21.75,21.75,21.75,21.75,10,217.5,21.794999999999998,22.884166666666665,,-0.39914221389664917,-0.43329879373647084,0.03415657983982168
2025-05-02 14:01:00,21.75,21.75,21.5,21.5,5000,108000.0,21.725,22.841666666666665,,-0.3831178254572585,-0.42326260008040884,0.04014477462315036
2025-05-06 10:33:00,21.1,21.1,21.1,21.1,1,21.1,21.6875,22.8,,-0.39810004546612276,-0.41823008915746346,0.020130043691340693
2025-05-06 10:57:00,21.75,21.75,21.75,21.75,1,21.75,21.675,22.769166666666667,,-0.3534581907670358,-0.4052757094791966,0.05181751871216084
2025-05-06 10:58:00,21.75,21.75,21.75,21.75,2,43.5,21.6675,22.738333333333337,,-0.3144543340801178,-0.3871114343991774,0.07265710031905959
2025-05-06 12:17:00,21.1,21.1,21.1,21.1,1155,24370.5,21.6225,22.701666666666664,,-0.33215660437334904,-0.3761204683939133,0.043963864020564236
2025-05-06 12:26:00,21.5,21.5,21.3,21.3,1102,23485.5,21.5875,22.656666666666663,,-0.3262882451447098,-0.36615402374400113,0.03986577859929136
2025-05-06 12:53:00,21.75,21.75,21.75,21.75,1,21.75,21.6,22.63083333333333,,-0.28207906346380085,-0.3493390316878647,0.06725996822406383
2025-05-06 13:08:00,21.75,21.75,21.75,21.75,1,21.75,21.6125,22.6,,-0.24422765577596905,-0.3283167565053891,0.08408910072942005
2025-05-06 14:36:00,21.75,21.75,21.75,21.75,1,21.75,21.59,22.569166666666664,,-0.21178876628830778,-0.30501115846188737,0.09322239217357958
2025-05-07 09:31:00,21.1,21.1,21.1,21.1,1,21.1,21.560000000000002,22.5275,,-0.23580690855404995,-0.29117030848027925,0.055363399926229295
2025-05-08 09:11:00,20.95,20.95,20.95,20.95,1,20.95,21.5,22.483333333333334,,-0.2639019494819905,-0.28571663668060865,0.02181468719861812
2025-05-09 09:02:00,20.75,20.75,20.75,20.75,1,20.75,21.4625,22.43583333333333,,-0.29885931686970224,-0.2883451727184323,-0.010514144151269944
2025-05-12 10:49:00,21.1,21.1,21.1,21.1,1000,21100.0,21.410000000000004,22.404166666666665,,-0.2949236327185467,-0.28966086471845715,-0.005262768000089568
2025-05-12 11:03:00,21.1,21.1,21.1,21.1,10,211.0,21.39,22.364166666666666,,-0.28847912992251423,-0.28942451775926825,0.0009453878367540192
2025-05-13 09:37:00,20.65,20.65,20.65,20.65,1000,20650.0,21.3425,22.325,,-0.31603752145878516,-0.29474711849917673,-0.021290402959608434
2025-05-13 11:48:00,21.0,21.0,21.0,21.0,10,210.0,21.305,22.283333333333335,,-0.30610872620129115,-0.29701944003960135,-0.009089286161689802
2025-05-13 12:32:00,21.0,21.0,21.0,21.0,100,2100.0,21.300000000000004,22.251666666666665,,-0.29484131036348415,-0.2965838141043776,0.001742503740893464
2025-05-13 13:17:00,20.55,20.55,20.55,20.55,1,20.55,21.240000000000002,22.2125,,-0.3185490639762065,-0.3009768640787456,-0.01757219989746095
2025-05-13 13:49:00,20.7,20.7,20.7,20.7,50,1035.0,21.220000000000002,22.177500000000002,,-0.32152805877682056,-0.30508710301836217,-0.016440955758458387
2025-05-13 14:10:00,21.0,21.0,21.0,21.0,1,21.0,21.1825,22.1275,,-0.296267323533403,-0.30332314712136976,0.0070558235879667475
2025-05-14 09:06:00,20.1,20.1,20.1,20.1,1,20.1,21.1125,22.0625,,-0.3448917310914972,-0.31163686391539736,-0.03325486717609982
2025-05-14 09:48:00,20.5,20.5,20.5,20.5,25,512.5,21.0825,22.004166666666666,,-0.34714975014105676,-0.31873944116053066,-0.0284103089805261
2025-05-14 10:28:00,20.05,20.05,20.05,20.05,1,20.05,20.9975,21.939166666666665,,-0.38085885166564637,-0.33116332326155584,-0.04969552840409053
2025-05-14 15:00:00,20.95,20.95,20.95,20.95,1,20.95,20.9575,21.904999999999998,,-0.3311363286347877,-0.3311579243362022,2.159570141452294e-05
2025-05-15 09:36:00,20.05,20.05,20.05,20.05,1,20.05,20.905,21.855833333333333,,-0.3601989572842079,-0.3369661309258039,-0.023232826358404013
2025-05-15 09:53:00,21.0,21.0,21.0,21.0,10,210.0,20.89,21.822499999999998,,-0.30308265191427,-0.3301894351234966,0.027106783209226604
2025-05-15 10:20:00,20.05,20.05,20.05,20.05,1,20.05,20.805,21.765,,-0.33066094939105994,-0.3302837379770093,-0.00037721141405067105
2025-05-15 11:36:00,20.05,20.05,20.05,20.05,38,761.9,20.720000000000002,21.710833333333333,,-0.3484996397283382,-0.3339269183272752,-0.014572721401062971
2025-05-15 11:37:00,21.0,21.0,21.0,21.0,48,1008.0,20.6825,21.6725,,-0.28272253874543196,-0.3236860424109061,0.04096350366547413
2025-05-15 12:35:00,21.0,21.0,21.0,21.0,50,1050.0,20.677500000000002,21.624166666666667,,-0.22796586682843056,-0.30454200729441033,0.07657614046597977
2025-05-15 13:44:00,20.05,20.05,20.05,20.05,1,20.05,20.6325,21.56,,-0.25824944465825794,-0.2952834947671796,0.037034050108921635
2025-05-16 10:36:00,21.0,21.0,21.0,21.0,50,1050.0,20.645,21.511666666666667,,-0.20325075439615503,-0.27687694669297425,0.07362619229681922
2025-05-16 14:02:00,20.05,20.05,20.05,20.05,1,20.05,20.592499999999998,21.445833333333333,,-0.2336265809234952,-0.2682268735390783,0.03460029261558312
2025-05-19 09:02:00,21.0,21.0,21.0,21.0,20,420.0,20.5875,21.395833333333332,,-0.17898057591838068,-0.2503776140149385,0.07139703809655784
2025-05-19 09:14:00,20.05,20.05,20.05,20.05,1,20.05,20.557499999999997,21.330000000000002,,-0.20990948629602002,-0.2422839884711547,0.032374502175134684
2025-05-19 09:43:00,21.0,21.0,21.0,21.0,1,21.0,20.557499999999997,21.298333333333336,,-0.15596692475494223,-0.22502057572791206,0.06905365097296984
2025-05-19 12:22:00,21.0,21.0,21.0,21.0,2000,42000.0,20.557499999999997,21.268333333333334,,-0.11192683643909973,-0.20240182787014946,0.09047499143104973
2025-05-19 13:09:00,20.7,20.7,20.7,20.7,1,20.7,20.565,21.231666666666666,,-0.10007832958401153,-0.18193712821292177,0.08185879862891024
2025-05-20 10:49:00,21.05,21.05,21.05,21.05,10,210.5,20.5825,21.200833333333335,,-0.061734882111160516,-0.1578966789925694,0.09616179688140888
2025-05-20 11:00:00,21.05,21.05,21.05,21.05,600,12630.0,20.585,21.1875,,-0.030990190835431974,-0.13251538136114183,0.10152519052570985
2025-05-20 11:36:00,21.05,21.05,21.05,21.05,100,2105.0,20.6325,21.15666666666667,,-0.0065493074924383166,-0.10732216658740105,0.10077285909496274
2025-05-20 14:39:00,21.0,21.0,21.0,21.0,200,4200.0,20.657500000000002,21.1425,,0.008685595986705152,-0.08412061407257976,0.09280621005928491
2025-05-21 09:54:00,20.7,20.7,20.7,20.7,1,20.7,20.69,21.120833333333334,,-0.0034086478196115877,-0.0679782208219861,0.06456957300237451
2025-05-22 09:17:00,20.7,20.7,20.7,20.7,3000,62100.0,20.677500000000002,21.100833333333338,,-0.012845349043477228,-0.056951646466284304,0.04410629742280708
2025-05-22 10:00:00,20.05,20.05,20.05,20.05,1,20.05,20.677500000000002,21.068333333333335,,-0.07194389821685476,-0.0599500968163984,-0.011993801400456361
2025-05-26 09:59:00,20.05,20.05,20.05,20.05,1,20.05,20.630000000000003,21.035833333333336,,-0.11742630232983586,-0.0714453379190859,-0.04598096441074996
2025-05-26 13:05:00,20.05,20.05,20.05,20.05,2000,40100.0,20.630000000000003,21.011666666666667,,-0.15172246917279253,-0.08750076416982724,-0.06422170500296528
2025-05-26 13:36:00,19.95,19.95,19.95,19.95,1,19.95,20.625,20.985833333333336,,-0.18484081713549472,-0.10696877476296075,-0.07787204237253396
2025-05-26 13:37:00,20.15,20.15,20.15,20.15,2000,40300.0,20.5825,20.951666666666668,,-0.19272745100286315,-0.12412051001094124,-0.06860694099192191
2025-05-26 13:39:00,19.95,19.95,19.95,19.95,1,19.95,20.529999999999998,20.9225,,-0.2126644555696231,-0.14182929912267764,-0.07083515644694546
2025-05-26 14:16:00,20.15,20.15,20.15,20.15,20,403.0,20.535000000000004,20.889166666666668,,-0.20990673734355525,-0.15544478676685317,-0.054461950576702084
2025-05-27 09:28:00,20.1,20.1,20.1,20.1,3000,60300.0,20.490000000000002,20.865833333333335,,-0.2093426195204131,-0.16622435331756516,-0.04311826620284795
2025-05-27 10:22:00,20.1,20.1,20.1,20.1,50,1005.0,20.4925,20.831666666666667,,-0.20651497461938462,-0.17428247757792906,-0.03223249704145556
2025-05-27 11:35:00,19.95,19.95,19.95,19.95,1,19.95,20.44,20.805833333333336,,-0.2139119075031246,-0.18220836356296818,-0.031703543940156426
2025-05-27 12:25:00,19.95,19.95,19.95,19.95,4000,79800.0,20.435,20.778333333333332,,-0.21726948130410406,-0.18922058711119538,-0.02804889419290868
2025-05-27 13:08:00,19.15,19.15,19.15,19.15,1,19.15,20.3425,20.735000000000003,,-0.2812415350918833,-0.207624776707333,-0.07361675838455031
2025-05-29 13:16:00,19.15,19.15,19.15,19.15,1,19.15,20.25,20.7025,,-0.32815705522406446,-0.2317312324106793,-0.09642582281338516
2025-06-02 09:01:00,19.15,19.15,19.15,19.15,1,19.15,20.1725,20.659166666666668,,-0.36117454492590895,-0.2576198949137253,-0.10355465001218367
2025-06-02 09:05:00,19.15,19.6,19.15,19.6,5050,97180.0,20.1,20.63416666666667,,-0.34702964199086495,-0.2755018443291532,-0.07152779766171175
2025-06-02 09:17:00,19.1,19.1,19.1,19.1,1,19.1,20.0025,20.59,,-0.3718786549887163,-0.2947772064610658,-0.0771014485276505
2025-06-02 09:22:00,19.1,19.1,19.1,19.1,4000,76400.0,19.904999999999998,20.55,,-0.3871093197006843,-0.3132436291089895,-0.07386569059169479
2025-06-02 09:23:00,19.0,19.0,19.0,19.0,4000,76000.0,19.805,20.514999999999997,,-0.40260786659976233,-0.3311164766071441,-0.07149138999261823
2025-06-02 09:46:00,18.45,18.45,18.45,18.45,1,18.45,19.6925,20.459999999999997,,-0.4540370486774883,-0.355700591021213,-0.0983364576562753
2025-06-03 12:08:00,19.1,19.1,19.1,19.1,10,191.0,19.6125,20.415833333333335,,-0.43730458154967167,-0.37202138912690474,-0.06528319242276692
2025-06-03 14:42:00,19.1,19.1,19.1,19.1,30,573.0,19.565,20.3825,,-0.41921156985162966,-0.3814594252718498,-0.03775214457977988
2025-06-04 09:39:00,19.1,19.1,19.1,19.1,30,573.0,19.5175,20.345833333333335,,-0.40025879272789666,-0.3852192987630592,-0.015039493964837447
2025-06-04 09:57:00,18.45,18.45,18.45,18.45,1,18.45,19.4375,20.290833333333335,,-0.4327001851454,-0.39471547603952745,-0.03798470910587254
2025-06-05 09:14:00,19.1,19.1,19.1,19.1,3100,59210.0,19.395,20.24666666666667,,-0.40133437953613793,-0.3960392567388496,-0.005295122797288332
2025-06-09 09:55:00,18.4,18.4,18.4,18.4,1,18.4,19.307499999999997,20.190833333333334,,-0.42802681639069107,-0.4024367686692179,-0.025590047721473164
2025-06-09 14:52:00,19.0,19.0,19.0,19.0,5,95.0,19.26,20.15583333333333,,-0.3961986931300707,-0.40118915356138846,0.004990460431317734
2025-06-10 09:55:00,18.25,18.25,18.25,18.25,1,18.25,19.165,20.110833333333336,,-0.4265760504492917,-0.40626653293896914,-0.02030951751032256
2025-06-10 12:59:00,18.25,18.25,18.25,18.25,300,5475.0,19.0725,20.069166666666668,,-0.44551470782903735,-0.4141161679169828,-0.031398539912054546
2025-06-10 13:08:00,19.0,19.0,19.0,19.0,10,190.0,19.017500000000002,20.034166666666668,,-0.39544658183569936,-0.41038225070072615,0.014935668865026785
2025-06-11 12:18:00,18.25,18.25,18.25,18.25,1,18.25,18.932499999999997,19.986666666666668,,-0.4115419210338054,-0.410614184767342,-0.0009277362664633637
2025-06-12 10:05:00,19.0,19.0,19.0,19.0,10,190.0,18.885,19.959166666666665,,-0.35963327199326045,-0.40041800221252577,0.04078473021926532
2025-06-12 12:47:00,19.0,19.0,19.0,19.0,1000,19000.0,18.877499999999998,19.925833333333333,,-0.31486571756716586,-0.38330754528345384,0.06844182771628798
2025-06-12 14:17:00,19.0,19.0,19.0,19.0,53,1007.0,18.869999999999997,19.8925,,-0.27620320941137777,-0.3618866781090387,0.08568346869766091
2025-06-13 13:26:00,19.0,19.0,19.0,19.0,10,190.0,18.8625,19.866666666666667,,-0.24276445555917192,-0.33806223359906534,0.09529777803989342
2025-06-16 13:28:00,19.0,19.0,19.0,19.0,10,190.0,18.8325,19.83833333333333,,-0.21379945513140797,-0.3132096779055339,0.09941022277412592
2025-06-16 14:10:00,19.0,19.0,19.0,19.0,5,95.0,18.827499999999997,19.805,,-0.18866961765543877,-0.28830166585551487,0.0996320482000761
2025-06-17 13:55:00,19.0,19.0,19.0,19.0,50,950.0,18.8225,19.78666666666667,,-0.166830917398606,-0.2640075161641331,0.09717659876552709
2025-06-18 09:05:00,18.25,18.25,18.25,18.25,1,18.25,18.785000000000004,19.749166666666667,,-0.20764865441426394,-0.25273574381415925,0.04508708939989531
2025-06-18 13:16:00,18.25,18.25,18.25,18.25,2000,36500.0,18.775,19.71916666666667,,-0.2372619961849871,-0.2496409942883248,0.012378998103337702
2025-06-18 13:32:00,19.0,19.0,19.0,19.0,10,190.0,18.77,19.686666666666667,,-0.19793045152043476,-0.23929888573474684,0.04136843421431208
2025-06-19 13:27:00,19.0,19.0,19.0,19.0,10,190.0,18.764999999999997,19.66916666666667,,-0.16485952107832702,-0.2244110128034629,0.05955149172513588
2025-06-20 13:27:00,19.0,19.0,19.0,19.0,10,190.0,18.76,19.635833333333334,,-0.13707050696789835,-0.20694291163635,0.06987240466845165
2025-06-23 09:46:00,18.25,18.25,18.25,18.25,1,18.25,18.75,19.605833333333333,,-0.17356547452329707,-0.20026742421373941,0.026701949690442345
2025-06-23 13:27:00,19.0,19.0,19.0,19.0,10,190.0,18.744999999999997,19.58833333333333,,-0.14035139816150277,-0.18828421900329212,0.04793282084178935
2025-06-24 12:55:00,18.25,18.25,18.25,18.25,95,1733.75,18.7375,19.5425,,-0.1725585739839559,-0.1851390899994249,0.012580516015469001
2025-06-25 13:27:00,19.0,19.0,19.0,19.0,10,190.0,18.7375,19.509166666666665,,-0.13599658925503277,-0.1753105898505465,0.03931400059551374
2025-06-26 09:01:00,19.0,19.0,19.0,19.0,5,95.0,18.775,19.491666666666667,,-0.10580134096635518,-0.16140874007370826,0.05560739910735307
2025-06-26 10:39:00,19.0,19.0,19.0,19.0,100,1900.0,18.8125,19.458333333333332,,-0.08093838188867508,-0.14531466843670163,0.06437628654802655
2025-06-26 11:05:00,18.25,18.25,18.25,18.25,1000,18250.0,18.775,19.428333333333335,,-0.12036553082647572,-0.14032484091465644,0.01995931008818072
2025-06-26 11:06:00,18.25,18.25,18.25,18.25,50,912.5,18.775,19.3825,,-0.14988406017428701,-0.14223668476658255,-0.007647375407704465
2025-06-26 12:50:00,18.95,18.95,18.95,18.95,20,379.0,18.7725,19.364166666666666,,-0.11546258457821068,-0.13688186472890818,0.021419280150697495
2025-06-26 13:26:00,18.95,18.95,18.95,18.95,10,189.5,18.770000000000003,19.33,,-0.0871783791054419,-0.12694116760421492,0.039762788498773016
2025-06-27 13:26:00,18.95,18.95,18.95,18.95,10,189.5,18.7675,19.295833333333334,,-0.06402490327626964,-0.11435791473862586,0.05033301146235622
2025-06-27 14:47:00,18.95,18.95,18.95,18.95,1,18.95,18.765,19.266666666666666,,-0.045155087146635964,-0.1005173492202279,0.055362262073591934
2025-06-30 13:26:00,18.95,18.95,18.95,18.95,10,189.5,18.762499999999996,19.231666666666666,,-0.029856455294009265,-0.08638517043498418,0.05652871514097492
2025-07-01 09:47:00,18.25,18.25,18.25,18.25,10000,182500.0,18.725,19.185,,-0.07337055370210166,-0.08378224708840769,0.010411693386306028
2025-07-01 09:48:00,18.35,18.35,18.35,18.35,1000,18350.0,18.692500000000003,19.14,,-0.09864945705869843,-0.08675568908246585,-0.01189376797623258
2025-07-01 09:54:00,18.35,18.35,18.35,18.35,2000,36700.0,18.6975,19.095833333333335,,-0.11733065529820763,-0.09287068232561421,-0.02445997297259342
2025-07-01 10:02:00,18.35,18.35,18.35,18.35,2000,36700.0,18.7025,19.056666666666665,,-0.13062982020912983,-0.10042250990231735,-0.03020731030681248
2025-07-01 11:14:00,18.05,18.05,18.05,18.05,1,18.05,18.654999999999998,19.0125,,-0.16349235715382449,-0.11303647935261879,-0.050455877801205695
2025-07-01 13:26:00,18.65,18.65,18.65,18.65,10,186.5,18.6375,18.989166666666666,,-0.13951295349028214,-0.11833177418015148,-0.021181179310130666
2025-07-01 14:39:00,18.65,18.65,18.65,18.65,1,18.65,18.62,18.965833333333332,,-0.11913578020898541,-0.11849257538591829,-0.0006432048230671228
2025-07-02 12:25:00,18.65,18.65,18.65,18.65,1,18.65,18.639999999999997,18.9425,,-0.10181308569772796,-0.11515667744828025,0.013343591750552289
2025-07-03 10:48:00,18.6,18.6,18.6,18.6,100,1860.0,18.619999999999997,18.92,,-0.09106951473984637,-0.11033924490659347,0.0192697301667471
2025-07-03 11:08:00,18.6,18.6,18.6,18.6,2000,37200.0,18.6375,18.894166666666663,,-0.08161435783563675,-0.10459426749240214,0.022979909656765385
2025-07-03 13:26:00,18.6,18.6,18.6,18.6,10,186.0,18.6175,18.87166666666667,,-0.07327639321780666,-0.09833069263748305,0.025054299419676393
2025-07-03 13:41:00,17.9,17.9,17.9,17.9,1,17.9,18.5625,18.834166666666665,,-0.12174919478345103,-0.10301439306667665,-0.018734801716774385
2025-07-04 13:26:00,18.6,18.6,18.6,18.6,10,186.0,18.5425,18.80916666666667,,-0.10249855201688263,-0.10291122485671786,0.00041267283983523195
2025-07-04 13:30:00,18.6,18.6,18.6,18.6,10,186.0,18.560000000000002,18.784166666666668,,-0.08624806492629489,-0.09957859287063328,0.013330527944338394
2025-07-07 09:08:00,18.6,18.6,18.6,18.6,100,1860.0,18.5775,18.761666666666663,,-0.07253331789054229,-0.0941695378746151,0.021636219984072808
2025-07-07 13:06:00,18.6,18.6,18.6,18.6,100,1860.0,18.56,18.73916666666667,,-0.06096155519442448,-0.08752794133857698,0.026566386144152507
2025-07-08 13:29:00,18.6,18.6,18.6,18.6,10,186.0,18.5425,18.73,,-0.0512006407723149,-0.08026248122532458,0.029061840453009677
2025-07-08 13:30:00,18.6,18.6,18.6,18.6,10,186.0,18.525,18.72083333333334,,-0.042969717612407976,-0.07280392850274126,0.02983421089033328
2025-07-09 13:26:00,18.6,18.6,18.6,18.6,10,186.0,18.5075,18.711666666666666,,-0.03603130524947673,-0.06544940385208835,0.029418098602611617
2025-07-10 13:28:00,18.6,18.6,18.6,18.6,10,186.0,18.490000000000002,18.694999999999997,,-0.03018461402220396,-0.05839644588611147,0.028211831863907508
2025-07-11 13:28:00,18.6,18.6,18.6,18.6,20,372.0,18.5075,18.686666666666667,,-0.025259888826870025,-0.051769134474263186,0.02650924564739316
2025-07-15 10:36:00,18.6,18.6,18.6,18.6,2000,37200.0,18.520000000000003,18.678333333333335,,-0.02111362391518412,-0.04563803236244738,0.02452440844726326
2025-07-15 10:38:00,18.6,18.6,18.6,18.6,3000,55800.0,18.5325,18.67166666666667,,-0.01762451466630921,-0.04003532882321975,0.02241081415691054
2025-07-15 12:59:00,18.65,18.65,18.65,18.65,3,55.95,18.547500000000003,18.675,,-0.010701428970580906,-0.034168548852691986,0.02346711988211108
2025-07-15 13:09:00,18.65,18.65,18.65,18.65,4,74.6,18.5775,18.6675,,-0.005155405375319333,-0.028365920157217454,0.02321051478189812
2025-07-15 13:26:00,18.65,18.65,18.65,18.65,7,130.55,18.577499999999997,18.66,,-0.0007514791360989648,-0.022843031952993757,0.022091552816894792
2025-07-15 13:36:00,18.65,18.65,18.65,18.65,5000,93250.0,18.5775,18.6525,,0.0027074542887746134,-0.017732934704640085,0.020440388993414698
2025-07-16 13:27:00,19.0,19.0,19.0,19.0,10,190.0,18.595000000000002,18.66166666666667,,0.03330681826810533,-0.007524984110091,0.04083180237819633
2025-07-17 13:32:00,19.05,19.05,19.05,19.05,10,190.5,18.6175,18.660833333333333,,0.060889717995177506,0.006157956310962705,0.0547317616842148
2025-07-18 13:29:00,19.05,19.05,19.05,19.05,10,190.5,18.639999999999997,18.671666666666667,,0.08180635204513464,0.021287635457797098,0.06051871658733755
2025-07-18 14:46:00,19.05,19.05,19.05,19.05,1,19.05,18.6625,18.672500000000003,,0.09726176217143845,0.036482460800525376,0.06077930137091307
2025-07-21 09:14:00,18.15,18.15,18.15,18.15,1000,18150.0,18.675000000000004,18.670833333333334,21.980208333333334,0.0364674344152931,0.03647945552347892,-1.202110818582236e-05
2025-07-21 10:16:00,18.15,18.15,18.15,18.15,50,907.5,18.6525,18.66916666666667,21.935,-0.0115790324479903,0.026867757929185075,-0.038446790377175376
2025-07-22 13:28:00,19.05,19.05,19.05,19.05,10,190.5,18.675,18.67,21.895625,0.022704550323840778,0.02603511640811622,-0.003330566084275441
2025-07-23 12:12:00,19.05,19.05,19.05,19.05,20,381.0,18.6975,18.683333333333334,21.854166666666668,0.04930616587937209,0.030689326302367398,0.01861683957700469
2025-07-23 13:27:00,19.05,19.05,19.05,19.05,10,190.5,18.72,18.684166666666666,21.812708333333333,0.06958599383785113,0.03846865980946415,0.031117334028386984
2025-07-23 14:16:00,19.05,19.05,19.05,19.05,20,381.0,18.7425,18.685000000000002,21.771250000000002,0.08468174515556726,0.047711276878684775,0.03697046827688248
2025-07-24 13:28:00,19.05,19.05,19.05,19.05,10,190.5,18.765,18.685833333333335,21.729791666666664,0.09554386661181269,0.05727779482531037,0.03826607178650232
2025-07-28 12:05:00,18.15,18.15,18.15,18.15,7000,127050.0,18.7425,18.671666666666667,21.684583333333332,0.031170385310900883,0.05205631292242848,-0.020885927611527598
2025-07-28 12:15:00,18.25,18.25,18.25,18.25,3000,54750.0,18.725,18.659166666666668,21.639791666666667,-0.011642688510615784,0.03931651263581963,-0.050959201146435415
2025-07-28 12:16:00,18.25,18.25,18.25,18.25,871,15895.75,18.7075,18.646666666666665,21.595000000000002,-0.04505301485295732,0.022442607138064237,-0.06749562199102155
2025-07-28 12:31:00,18.25,18.25,18.25,18.25,100,1825.0,18.689999999999998,18.634166666666665,21.55229166666667,-0.07071577178777488,0.003810931352896408,-0.0745267031406713
2025-07-28 13:52:00,18.25,18.25,18.25,18.25,1,18.25,18.672500000000003,18.634166666666665,21.509583333333335,-0.09001604264076946,-0.014954463445836771,-0.07506157919493268
2025-07-28 13:59:00,18.25,18.25,18.25,18.25,59,1076.75,18.652499999999996,18.634166666666665,21.468958333333333,-0.10411151361957494,-0.03278587348058441,-0.07132564013899052
2025-07-29 09:26:00,19.0,19.0,19.0,19.0,500,9500.0,18.669999999999998,18.634166666666665,21.434583333333332,-0.05413945815665144,-0.03705659041579782,-0.017082867740853623
2025-07-29 13:36:00,19.0,19.0,19.0,19.0,10,190.0,18.6875,18.634166666666665,21.400208333333335,-0.014370588970052722,-0.0325193901266488,0.018148801156596076
2025-07-30 13:32:00,19.0,19.0,19.0,19.0,10,190.0,18.705000000000002,18.634166666666665,21.365833333333335,0.016951124368478787,-0.022625287227623282,0.03957641159610207
2025-07-31 13:30:00,19.0,19.0,19.0,19.0,10,190.0,18.705000000000002,18.646666666666665,21.32854166666667,0.04129775305879946,-0.009840679170338732,0.05113843222913819
2025-08-14 13:26:00,19.0,19.0,19.0,19.0,10,190.0,18.702499999999997,18.646666666666665,21.29125,0.05990211738167872,0.004107880140064762,0.05579423724161396
2025-08-04 13:29:00,19.0,19.0,19.0,19.0,10,190.0,18.7,18.659166666666668,21.256875,0.07379554108262099,0.01804541232857601,0.055750128754044975
2025-08-29 09:01:00,35.55,35.55,31.85,32.0,25306,845843.3,19.347500000000004,18.875833333333333,21.276666666666667,1.1208767621886473,0.23861168230059032,0.8822650798880569
2025-08-29 09:02:00,30.9,31.0,30.4,31.0,5600,171550.0,19.99,19.075833333333332,21.290833333333335,1.8486939382569183,0.560628133491856,1.2880658047650622
2025-08-29 09:03:00,30.5,32.8,29.0,29.0,12000,369150.0,20.5325,19.2425,21.296666666666667,2.2383091740327394,0.8961643416000329,1.3421448324327065
2025-08-29 09:04:00,29.0,29.0,28.7,28.7,5000,144700.0,21.015,19.416666666666668,21.302916666666665,2.494123855375257,1.215756244355078,1.278367611020179
2025-08-29 09:05:00,28.35,28.5,27.4,27.55,16215,454863.85000000003,21.439999999999998,19.571666666666665,21.302708333333335,2.57438750777499,1.4874824970390605,1.0869050107359293
2025-08-29 09:06:00,27.6,28.25,27.6,27.6,4000,111050.0,21.8675,19.715833333333332,21.304374999999997,2.611922990322391,1.712370595695727,0.8995523946266641
2025-08-29 09:08:00,28.2,28.2,27.8,27.8,2000,56000.0,22.305,19.863333333333333,21.305208333333333,2.6275200436832193,1.8954004852932258,0.7321195583899935
2025-08-29 09:10:00,28.2,28.2,28.2,28.2,1000,28200.0,22.7625,20.0175,21.30770833333333,2.6417055407886423,2.044661496392309,0.5970440443963332
2025-08-29 09:11:00,28.2,28.25,28.2,28.25,4000,112950.0,23.267500000000002,20.172500000000003,21.310416666666665,2.6267032317781798,2.1610698434694835,0.46563338830869627
2025-08-29 09:12:00,28.5,28.5,28.5,28.5,3000,85500.0,23.78,20.331666666666667,21.31583333333333,2.6049583659267412,2.2498475479609352,0.355110817965806
2025-08-29 09:15:00,29.3,29.3,29.3,29.3,100,2930.0,24.332500000000003,20.515833333333333,21.324583333333333,2.622053318645758,2.3242887020979,0.297764616547858
2025-08-29 09:17:00,29.3,29.3,29.3,29.3,1000,29300.0,24.884999999999998,20.69833333333333,21.33083333333333,2.6055658506161024,2.380544131801541,0.22502171881456157
2025-08-29 09:18:00,29.3,29.3,29.3,29.3,200,5860.0,25.437500000000004,20.88083333333333,21.340416666666666,2.562955260553558,2.4170263575519444,0.14592890300161354
2025-08-29 09:19:00,29.3,29.3,29.3,29.3,1000,29300.0,25.99,21.063333333333336,21.35,2.5003634277599467,2.433693771593545,0.06666965616640175
2025-08-29 09:23:00,29.35,29.35,29.35,29.35,300,8805.0,26.5075,21.251666666666665,21.355208333333334,2.4268186763888977,2.4323187525526158,-0.0055000761637180595
2025-08-29 09:26:00,28.5,28.5,28.5,28.5,1000,28500.0,26.982499999999998,21.415833333333335,21.361458333333335,2.2737358236308083,2.4006021667682544,-0.12686634313744616
2025-08-29 09:29:00,28.5,28.5,28.5,28.5,20,570.0,27.4575,21.58,21.36375,2.1278875962702486,2.3460592526686534,-0.21817165639840486
2025-08-29 09:30:00,28.5,28.5,28.5,28.5,100,2850.0,27.932499999999997,21.74416666666667,21.369791666666668,1.9893696107724885,2.2747213242894206,-0.2853517135169321
2025-08-29 09:31:00,28.5,29.0,28.5,29.0,3200,91700.0,28.432499999999997,21.9175,21.377916666666668,1.8980592846683457,2.199388916365206,-0.3013296316968601
2025-08-29 09:51:00,28.3,28.3,28.3,28.3,1000,28300.0,28.897499999999997,22.079166666666666,21.383333333333333,1.749049094330882,2.109320951958341,-0.36027185762745884
2025-08-29 09:52:00,28.3,28.3,28.3,28.3,400,11320.0,28.7125,22.24083333333333,21.388958333333335,1.6123710352984268,2.009930968626358,-0.39755993332793116
2025-08-29 09:53:00,28.3,28.5,28.25,28.25,4001,113328.25,28.575,22.413333333333334,21.394166666666667,1.4829238832335285,1.904529551547792,-0.4216056683142635
2025-08-29 09:55:00,28.2,28.2,28.2,28.2,3000,84600.0,28.534999999999997,22.57333333333333,21.398125,1.3606171528903914,1.7957470718163122,-0.4351299189259208
2025-08-29 09:58:00,28.5,28.5,28.5,28.5,3000,85500.0,28.525,22.738333333333333,21.405208333333334,1.2732188068533254,1.691241418823715,-0.4180226119703896
2025-08-29 10:01:00,28.5,28.5,28.5,28.5,2000,57000.0,28.572499999999998,22.903333333333332,21.414375,1.1902347031844585,1.5910400756958638,-0.40080537251140536
2025-08-29 10:02:00,28.05,28.05,28.05,28.05,3000,84150.0,28.595,23.06083333333333,21.432916666666667,1.075757303417923,1.4879835212402759,-0.4122262178223528
2025-08-29 10:09:00,28.0,28.5,27.9,28.5,11000,310200.0,28.630000000000003,23.225833333333334,21.4525,1.0097051263437429,1.3923278422609695,-0.38262271591722663
2025-08-29 10:11:00,28.45,28.45,28.45,28.45,100,2845.0,28.642499999999995,23.389999999999997,21.471875,0.9424596300459562,1.3023541998179669,-0.3598945697720106
2025-08-29 10:13:00,28.0,28.0,28.0,28.0,2000,56000.0,28.629999999999995,23.546666666666667,21.482291666666665,0.843136695575371,1.2105106989694479,-0.3673740033940769
2025-08-29 10:14:00,28.0,28.0,28.0,28.0,1000,28000.0,28.604999999999997,23.703333333333333,21.49375,0.7557111862826247,1.1195507964320832,-0.36383961014945854
2025-08-29 10:17:00,27.9,27.9,27.9,27.9,3000,83700.0,28.535000000000004,23.858333333333334,21.504791666666666,0.6706261156270621,1.029765860271079,-0.359139744644017
2025-08-29 10:18:00,27.9,27.9,27.9,27.9,1000,27900.0,28.465000000000003,24.013333333333332,21.520833333333332,0.5963215603768823,0.9430770002922397,-0.3467554399153574
2025-08-29 10:19:00,28.45,28.45,28.45,28.45,1000,28450.0,28.422499999999996,24.1775,21.54104166666667,0.5751846973056232,0.8694985396949165,-0.29431384238929337
2025-08-29 10:22:00,28.45,28.45,28.45,28.45,10,284.5,28.380000000000003,24.340833333333332,21.561249999999998,0.5520696655851971,0.8060127648729727,-0.2539430992877756
2025-08-29 10:29:00,27.9,28.05,27.6,27.6,20603,575907.8,28.2925,24.49,21.577916666666667,0.45986193800132114,0.7367825994986424,-0.2769206614973213
2025-08-29 10:30:00,27.6,27.6,27.6,27.6,1000,27600.0,28.247500000000002,24.639166666666668,21.595833333333335,0.3823788245039843,0.6659018444997109,-0.2835230199957266
2025-08-29 10:50:00,27.6,27.6,27.6,27.6,1000,27600.0,28.202499999999997,24.788333333333334,21.610833333333336,0.31731508800888264,0.5961844932015453,-0.2788694051926627
2025-08-29 10:52:00,27.6,28.0,27.6,27.95,3050,84597.5,28.175,24.9375,21.630208333333332,0.2906433276403675,0.5350762600893098,-0.24443293244894226
2025-08-29 10:53:00,27.9,27.9,27.9,27.9,2000,55800.0,28.119999999999997,25.085,21.648125,0.2624458706268058,0.48055018219680895,-0.21810431157000315
2025-08-29 11:15:00,28.5,28.5,28.5,28.5,1000,28500.0,28.130000000000003,25.242500000000003,21.66854166666667,0.2852262576269382,0.4414853972828348,-0.1562591396558966
2025-08-29 11:26:00,28.5,28.5,28.5,28.5,22,627.0,28.139999999999997,25.4,21.688958333333336,0.2998236974973203,0.41315305732573193,-0.11332935982841164
2025-08-29 11:28:00,28.6,28.6,28.6,28.6,1,28.6,28.1575,25.574166666666667,21.709791666666664,0.3158208518394865,0.3936866162284829,-0.0778657643889964
2025-08-29 11:29:00,27.9,27.9,27.9,27.9,1000,27900.0,28.142500000000002,25.736666666666668,21.727708333333336,0.2689146810084324,0.36873222918447285,-0.09981754817604044
2025-08-29 11:47:00,28.5,28.5,28.5,28.5,1000,28500.0,28.142500000000002,25.894166666666667,21.750625000000003,0.27696352515705414,0.35037848837898916,-0.07341496322193503
2025-08-29 11:54:00,28.5,28.5,28.5,28.5,500,14250.0,28.142500000000002,26.05166666666667,21.771458333333335,0.2801133201434638,0.33632545473188413,-0.05621213458842034
2025-08-29 11:55:00,28.5,28.5,27.6,28.5,1316,37041.6,28.165,26.20916666666667,21.794375000000002,0.2793889336496669,0.3249381505154407,-0.045549216865773845
2025-08-29 11:56:00,28.0,28.0,28.0,28.0,1000,28000.0,28.139999999999997,26.358333333333334,21.813125000000003,0.23575143501840756,0.3071008074160341,-0.07134937239762656
2025-08-29 12:00:00,27.6,27.6,27.6,27.6,1000,27600.0,28.097500000000004,26.500833333333333,21.832708333333333,0.16696705364218545,0.2790740566612644,-0.11210700301907894
2025-08-29 12:01:00,27.6,27.6,27.6,27.6,200,5520.0,28.077500000000004,26.658333333333335,21.852291666666666,0.11117339810650506,0.24549392495031253,-0.13432052684380746
2025-08-29 12:06:00,27.6,27.9,27.6,27.9,9430,262068.0,28.0725,26.819166666666668,21.873541666666664,0.09012511074147156,0.21442016210854437,-0.1242950513670728
2025-08-29 12:46:00,28.5,28.5,28.5,28.5,25,712.5,28.1025,26.990000000000002,21.892291666666665,0.12047046837941267,0.19563022336271804,-0.07515975498330538
2025-08-29 13:21:00,28.5,28.5,28.5,28.5,3,85.5,28.1325,27.160833333333336,21.911041666666666,0.14287243839909536,0.18507866636999354,-0.04220622797089818
2025-08-29 13:26:00,28.5,28.5,28.5,28.5,2000,57000.0,28.135,27.331666666666667,21.929791666666667,0.1587956634754768,0.17982206579109022,-0.021026402315613424
2025-08-29 13:28:00,28.55,28.55,28.55,28.55,200,5710.0,28.139999999999997,27.503333333333334,21.948958333333334,0.17345009151549817,0.17854767093597182,-0.005097579420473647
2025-08-29 13:52:00,27.9,27.9,27.9,27.9,1000,27900.0,28.155,27.651666666666667,21.969375,0.1311029899357905,0.16905873473593558,-0.037955744800145075
2025-08-29 14:08:00,27.6,27.6,27.6,27.6,200,5520.0,28.154999999999994,27.795,21.988541666666666,0.07249938624944008,0.1497468650386365,-0.07724747878919641
2025-08-29 14:18:00,27.6,27.6,27.6,27.6,800,22080.0,28.155,27.938333333333336,22.007708333333333,0.025758678104882193,0.12494922765188562,-0.09919054954700343
2025-08-29 14:54:00,28.55,28.55,28.55,28.55,500,14275.0,28.185000000000002,28.097500000000004,22.02875,0.06462839476343873,0.11288506107419627,-0.048256666310757534
2025-08-29 14:56:00,28.55,28.55,28.55,28.55,2000,57100.0,28.2175,28.256666666666668,22.050625,0.0943453705527375,0.10917712296990453,-0.014831752417167027
2025-08-29 14:57:00,28.65,28.65,28.65,28.65,1000,28650.0,28.225,28.417500000000004,22.072916666666668,0.12452994850083599,0.11224768807609084,0.012282260424745145
2025-08-11 13:27:00,19.0,19.0,19.0,19.0,10,190.0,27.75,28.200833333333335,22.052500000000002,-0.6230408801396727,-0.03481002556706191,-0.5882308545726108
2025-08-11 14:01:00,19.0,19.0,19.0,19.0,8,152.0,27.27,28.000833333333336,22.032083333333336,-1.201644339842023,-0.2681768884220542,-0.9334674514199687
2025-08-18 13:26:00,19.0,19.0,19.0,19.0,10,190.0,26.825,27.83416666666667,22.011666666666667,-1.6412721861631852,-0.5427959479702805,-1.0984762381929047
2025-08-27 09:01:00,19.45,19.45,19.45,19.45,5000,97250.0,26.372500000000002,27.68,21.992708333333333,-1.9311085650629778,-0.8204584713888202,-1.1106500936741575
2025-08-27 09:05:00,19.45,19.45,19.45,19.45,10000,194500.0,25.919999999999998,27.545,21.97375,-2.1361814138867885,-1.083603059888414,-1.0525783539983744
2025-08-27 09:08:00,20.0,20.0,20.0,20.0,2000,40000.0,25.495,27.418333333333333,21.957083333333333,-2.2286324331779035,-1.3126089345463121,-0.9160234986315914
2025-08-27 09:09:00,20.0,20.0,20.0,20.0,4000,80000.0,25.095000000000002,27.288333333333334,21.945,-2.275668047344066,-1.5052207571058631,-0.7704472902382029
2025-08-27 09:14:00,20.15,20.15,20.15,20.15,1,20.15,24.7225,27.154166666666665,21.933958333333333,-2.2746199610373665,-1.6591005978921638,-0.6155193631452027
2025-08-27 09:18:00,20.15,20.15,20.15,20.15,1000,20150.0,24.35,27.019166666666663,21.922500000000003,-2.2478772157994484,-1.776855921473621,-0.4710212943258274
2025-08-27 09:22:00,20.6,20.6,20.6,20.6,1,20.6,23.985,26.8875,21.912916666666664,-2.165410652256682,-1.8545668676302334,-0.3108437846264487
2025-08-27 09:23:00,20.6,20.6,20.6,20.6,5000,103000.0,23.59,26.7425,21.907708333333336,-2.076123052304265,-1.8988781045650398,-0.17724494773922506
2025-08-27 09:24:00,20.65,20.9,20.65,20.9,6000,124650.0,23.21,26.602500000000003,21.899375,-1.9585772340818544,-1.9108179304684028,-0.0477593036134516
2025-08-27 09:25:00,20.7,20.7,20.7,20.7,3000,62100.0,22.82,26.45916666666667,21.894583333333337,-1.8601173795304469,-1.9006778202808117,0.0405604407503648
2025-08-27 09:34:00,21.05,21.05,21.05,21.05,1,21.05,22.445,26.321666666666665,21.890625,-1.733858321069789,-1.8673139204386076,0.13345559936881846
2025-08-27 09:50:00,21.05,21.55,21.05,21.55,8999,191528.95,22.1275,26.191666666666666,21.889166666666664,-1.57529229724965,-1.8089095958008161,0.2336172985511662
2025-08-27 09:51:00,21.55,21.55,21.0,21.05,9000,190800.0,21.8,26.0675,21.88520833333333,-1.4729936484187967,-1.7417264063244124,0.2687327579056158
2025-08-27 09:53:00,20.6,20.6,20.6,20.6,1000,20600.0,21.45,25.935833333333335,21.879375,-1.4119563178711125,-1.6757723886337526,0.26381607076264
2025-08-27 09:54:00,21.5,21.5,21.5,21.5,108,2322.0,21.0975,25.819166666666668,21.879375,-1.2762495054153753,-1.595867811990077,0.3196183065747018
2025-08-27 09:55:00,21.5,21.5,21.5,21.5,2000,43000.0,20.744999999999997,25.694166666666668,21.879375,-1.1553823502957457,-1.507770719651211,0.35238836935546525
2025-08-27 09:56:00,21.5,21.55,20.9,21.55,6901,147771.95,20.39,25.581666666666667,21.876666666666665,-1.0435305068225915,-1.4149226770854872,0.3713921702628957
2025-08-27 10:01:00,21.55,21.65,21.55,21.65,3000,64750.0,20.5225,25.470833333333335,21.876458333333336,-0.9360280025992402,-1.319143742188238,0.3831157395889977
2025-08-27 10:02:00,21.65,22.0,21.65,22.0,2009,43498.0,20.672500000000003,25.366666666666667,21.875833333333333,-0.8132151801725129,-1.217958029785093,0.40474284961258
2025-08-27 10:03:00,22.0,22.0,21.45,21.45,1500,32450.0,20.795,25.254166666666666,21.875625,-0.7516015423146882,-1.1246867322910121,0.3730851899763239
2025-08-27 10:04:00,22.0,22.0,22.0,22.0,98,2156.0,20.9225,25.145833333333332,21.875,-0.6508888455052642,-1.0299271549338624,0.3790383094285983
2025-08-27 10:10:00,22.0,22.0,22.0,22.0,2000,44000.0,21.05,25.0375,21.877083333333335,-0.5645653497656191,-0.9368547939002138,0.37228944413459464
2025-08-27 10:17:00,22.0,22.0,22.0,22.0,9,198.0,21.15,24.936666666666667,21.87875,-0.49049918814891313,-0.8475836727499537,0.3570844846010406
2025-08-27 10:25:00,22.0,22.0,22.0,22.0,1000,22000.0,21.25,24.828333333333333,21.879791666666666,-0.42688040980933906,-0.7634430201618307,0.3365626103524917
2025-08-27 10:26:00,22.0,22.0,22.0,22.0,91,2002.0,21.3425,24.720833333333335,21.883541666666666,-0.37217190359105246,-0.6851887968476752,0.31301689325662274
2025-08-27 10:30:00,22.0,22.0,22.0,22.0,96,2112.0,21.435,24.620833333333334,21.884583333333335,-0.3250678385642871,-0.6131646051909976,0.28809676662671047
2025-08-27 10:32:00,22.0,22.0,21.85,21.85,2000,43850.0,21.4975,24.518333333333334,21.887708333333332,-0.2964242794855778,-0.5498165400499136,0.25339226056433584
2025-08-27 10:33:00,22.25,22.25,22.25,22.25,596,13261.0,21.58,24.424166666666668,21.889791666666667,-0.2386958582190104,-0.487592403683733,0.24889654546472262
2025-08-27 10:36:00,22.25,22.25,22.25,22.25,1000,22250.0,21.6475,24.330000000000002,21.892916666666668,-0.19074685741792408,-0.4282232944305713,0.2374764370126472
2025-08-27 10:39:00,22.25,22.25,22.25,22.25,65,1446.25,21.725,24.22666666666667,21.897708333333338,-0.1510062230875242,-0.37277988016196184,0.22177365707443764
2025-08-27 10:49:00,22.25,22.25,21.85,21.85,1100,24075.0,21.765,24.116666666666667,21.898125,-0.15005836173929765,-0.328235576477429,0.17817721473813136
2025-08-27 10:51:00,22.25,22.25,22.25,22.25,239,5317.75,21.8,24.0275,21.900208333333335,-0.11569683661763364,-0.28572782850546996,0.17003099188783632
2025-08-27 10:59:00,22.25,22.25,22.25,22.25,5,111.25,21.86,23.938333333333333,21.904999999999998,-0.08745693133293742,-0.24607364907096346,0.15861671773802605
2025-08-27 11:01:00,22.3,22.3,22.3,22.3,5,111.5,21.945,23.85,21.909166666666668,-0.060346385240002576,-0.2089281963047713,0.14858181106476873
2025-08-27 11:02:00,22.3,23.0,22.3,23.0,2009,44807.0,22.020000000000003,23.7675,21.914375,0.017422235034914024,-0.16365811003683423,0.18108034507174825
2025-08-27 11:03:00,23.0,23.0,23.0,23.0,2900,66700.0,22.095000000000002,23.68583333333333,21.919583333333332,0.07815352174563373,-0.11529578368034063,0.19344930542597435
2025-08-27 11:04:00,23.0,23.5,23.0,23.5,13000,301100.0,22.192500000000003,23.6025,21.926875,0.1647304156443532,-0.05929054381540185,0.22402095945975506
2025-08-27 11:08:00,24.2,24.2,24.2,24.2,1010,24442.0,22.32,23.53083333333333,21.939791666666668,0.28652450156900144,0.009872465261478827,0.2766520363075226
2025-08-27 11:09:00,24.2,24.2,24.2,24.2,1188,28749.6,22.43,23.4575,21.95333333333333,0.3786819819764098,0.08363436860446505,0.29504761337194474
2025-08-27 11:10:00,24.4,24.4,24.4,24.4,3000,73200.0,22.5775,23.399166666666662,21.968541666666667,0.46252408791409394,0.15941231246639087,0.30311177544770307
2025-08-27 11:11:00,24.5,24.5,24.0,24.0,7000,170000.0,22.677500000000002,23.324166666666663,21.980625,0.4910325858662752,0.22573636714636777,0.2652962187199074
2025-08-27 11:12:00,24.0,24.0,24.0,24.0,3000,72000.0,22.7775,23.249166666666664,21.992708333333333,0.5077724906907299,0.28214359185524024,0.2256288988354897
2025-08-27 11:13:00,24.7,24.7,24.45,24.7,7010,172497.0,22.9125,23.18583333333333,22.009583333333335,0.5709416754883065,0.3399032085818535,0.23103846690645302
2025-08-27 11:14:00,24.7,25.45,24.7,25.45,993,24529.35,23.085,23.14333333333333,22.028125,0.6737558040278131,0.4066737276710455,0.2670820763567676
2025-08-27 11:15:00,25.45,25.45,25.45,25.45,10,254.5,23.2575,23.1075,22.046666666666667,0.746630055116853,0.47466499316020705,0.27196506195664594
2025-08-27 11:16:00,25.45,25.75,25.15,25.75,8598,219298.5,23.445,23.076666666666668,22.06833333333333,0.8191482853989456,0.5435616516079549,0.2755866337909907
2025-08-27 11:17:00,26.45,26.45,26.45,26.45,1009,26688.05,23.675,23.052500000000002,22.092291666666668,0.9224699953304842,0.6193433203524608,0.3031266749780235
2025-08-27 11:18:00,26.45,26.8,26.0,26.8,4309,113991.2,23.9025,23.024166666666666,22.116458333333334,1.0208278023101016,0.699640216743989,0.3211875855661126
2025-08-27 11:19:00,26.8,27.35,26.8,27.35,1503,40282.05,24.157500000000002,23.005,22.146666666666665,1.1301300408005552,0.7857381815553024,0.34439185924525284
2025-08-27 11:20:00,27.35,27.35,26.8,27.35,1351,36757.35,24.4125,22.985833333333336,22.175208333333334,1.2028867229135791,0.8691678898269579,0.3337188330866212
2025-08-27 11:23:00,26.8,27.35,26.8,26.8,3096,83025.6,24.66,22.956666666666667,22.20333333333333,1.2023070667581202,0.9357957252131905,0.2665113415449296
2025-08-27 11:24:00,27.35,27.35,27.35,27.35,10,273.5,24.915,22.947499999999998,22.23,1.2320260590379242,0.9950417919781375,0.2369842670597867
2025-08-27 11:25:00,27.35,27.35,27.35,27.35,1200,32820.0,25.169999999999998,22.943333333333335,22.260416666666668,1.2412699867894652,1.044287430940403,0.1969825558490621
2025-08-27 11:26:00,27.4,27.4,27.15,27.4,3013,81806.2,25.425,22.939999999999998,22.28708333333333,1.2383554574006261,1.0831010362324478,0.15525442116817834
2025-08-27 11:36:00,27.35,27.35,27.35,27.35,3000,82050.0,25.642500000000002,22.92,22.317500000000003,1.2179710773107857,1.1100750444481153,0.10789603286267035
2025-08-27 11:37:00,27.15,27.4,27.15,27.4,2009,54546.6,25.8625,22.90083333333333,22.348125,1.1921090008607855,1.1264818357306494,0.06562716513013611
2025-08-27 11:38:00,26.85,27.4,26.85,27.4,53,1425.8,26.057499999999997,22.88,22.374791666666667,1.1582614024927125,1.1328377490830621,0.02542365340965036
2025-08-27 11:39:00,27.4,27.4,27.4,27.4,1000,27400.0,26.2175,23.019999999999996,22.401458333333334,1.1185430687001485,1.1299788130064794,-0.011435744306330875
2025-08-27 11:40:00,27.4,27.4,27.4,27.4,200,5480.0,26.377499999999998,23.16,22.43208333333333,1.0746777864558332,1.1189186076963502,-0.04424082124051698
2025-08-27 11:41:00,27.4,27.4,27.4,27.4,1000,27400.0,26.527499999999996,23.3,22.458750000000002,1.0280633597805888,1.100747558113198,-0.0726841983326092
2025-08-27 11:43:00,28.1,28.1,28.1,28.1,1,28.1,26.732499999999998,23.444166666666668,22.492291666666667,1.0356667193964917,1.0877313903698569,-0.0520646709733652
2025-08-27 11:44:00,28.1,28.1,28.1,28.1,250,7025.0,26.9375,23.58833333333333,22.521875,1.029821297791898,1.0761493718542652,-0.046328074062367275
2025-08-27 11:53:00,28.1,28.1,28.1,28.1,45,1264.5,27.107500000000005,23.723333333333336,22.555416666666662,1.0135056962750042,1.0636206367384131,-0.05011494046340892
2025-08-27 11:56:00,28.1,28.1,28.1,28.1,2000,56200.0,27.24,23.858333333333334,22.584999999999997,0.9891728951289984,1.0487310884165302,-0.05955819328753176
2025-08-27 11:57:00,28.1,28.1,27.85,28.0,4000,111900.0,27.367499999999996,23.989166666666666,22.614166666666666,0.9508589011242528,1.0291566509580747,-0.07829774983382198
2025-08-27 11:58:00,28.1,28.5,28.1,28.5,11000,310750.0,27.504999999999995,24.128333333333334,22.646666666666665,0.9498908556661227,1.0133034918996844,-0.06341263623356164
2025-08-27 11:59:00,29.45,29.45,29.45,29.45,86,2532.7,27.655,24.27583333333333,22.681666666666665,1.0140909242597012,1.0134609783716877,0.0006299458880134612
2025-08-27 12:01:00,29.4,29.4,29.4,29.4,3000,88200.0,27.784999999999997,24.422500000000003,22.716458333333335,1.0488449275821914,1.0205377682137884,0.028307159368403
2025-08-27 12:02:00,29.45,29.45,29.4,29.45,1988,58496.6,27.890000000000004,24.564999999999998,22.751458333333336,1.0681098028054308,1.0300521751321168,0.038057627673314
2025-08-27 12:05:00,29.0,29.0,29.0,29.0,1000,29000.0,27.972500000000004,24.70333333333333,22.784791666666667,1.0351337386321262,1.0310684878321186,0.004065250800007636
2025-08-27 12:06:00,29.0,29.45,29.0,29.45,1012,29353.4,28.104999999999997,24.84333333333333,22.821250000000003,1.0333988309335815,1.0315345564524112,0.001864274481170325
2025-08-27 12:09:00,29.35,29.35,29.35,29.35,1000,29350.0,28.205000000000002,24.973333333333336,22.857291666666665,1.012285739934061,1.0276847931487412,-0.015399053214680158
2025-08-27 12:10:00,29.45,29.45,29.45,29.45,5,147.25,28.310000000000002,25.113333333333333,22.896458333333335,0.9921853325705108,1.0205849010330952,-0.0283995684625844
2025-08-27 12:26:00,29.45,29.45,29.45,29.45,5,147.25,28.4125,25.26083333333333,22.935625,0.9651301948062461,1.0094939597877253,-0.0443637649814792
2025-08-27 12:27:00,29.45,29.5,29.0,29.5,2001,58479.5,28.52,25.394166666666663,22.975,0.9369231188392959,0.9949797915980394,-0.05805667275874349
2025-08-27 12:29:00,29.5,29.8,29.0,29.8,3609,105868.2,28.640000000000004,25.532499999999995,23.01604166666667,0.9280779952886711,0.9815994323361659,-0.05352143704749479
2025-08-27 12:30:00,29.0,29.8,29.0,29.8,103,2989.4,28.759999999999998,25.67,23.05625,0.9105716677742102,0.9673938794237749,-0.05682221164956469
2025-08-27 12:39:00,29.8,29.8,29.8,29.8,1000,29800.0,28.880000000000003,25.805833333333336,23.097291666666663,0.8864789990061936,0.9512109033402588,-0.06473190433406517
2025-08-27 12:43:00,29.8,29.8,29.8,29.8,430,12814.0,29.0,25.935833333333335,23.1375,0.8575006516921491,0.932468853010637,-0.07496820131848791
2025-08-27 12:44:00,29.0,29.0,29.0,29.0,100,2900.0,29.080000000000002,26.061666666666667,23.17458333333333,0.7612070673100142,0.8982164958705124,-0.13700942856049825
2025-08-27 12:47:00,29.8,29.8,29.8,29.8,100,2980.0,29.165,26.191666666666666,23.215,0.7409063152464022,0.8667544597456904,-0.12584814449928827
2025-08-27 12:50:00,29.8,29.8,29.0,29.0,1100,32700.0,29.209999999999997,26.308333333333334,23.25270833333333,0.6527401269886326,0.823951593194279,-0.17121146620564642
2025-08-27 12:51:00,30.0,30.0,30.0,30.0,2001,60030.0,29.304999999999996,26.441666666666666,23.294583333333332,0.65599749941358,0.7903607744381393,-0.13436327502455936
2025-08-27 12:52:00,30.1,30.2,30.1,30.2,6000,180900.0,29.410000000000004,26.578333333333333,23.340625,0.6670282328016306,0.7656942661108377,-0.09866603330920709
2025-08-27 12:53:00,30.45,30.45,30.45,30.45,1,30.45,29.532500000000006,26.71916666666667,23.38770833333333,0.688012103885697,0.7501578336658097,-0.06214572978011268
2025-08-27 12:54:00,30.45,30.45,30.45,30.45,2000,60900.0,29.630000000000003,26.860000000000003,23.43479166666667,0.6966118649471618,0.7394486399220802,-0.042836774974918446
2025-08-27 12:55:00,30.8,30.8,30.8,30.8,2002,61661.6,29.6975,27.009166666666665,23.48145833333333,0.7233312006511952,0.7362251520679033,-0.012893951416708127
2025-08-27 12:56:00,30.5,31.0,30.5,30.5,2011,61336.0,29.752500000000005,27.146666666666665,23.528958333333332,0.7120904385885325,0.7313982093720293,-0.01930777078349677
2025-08-27 12:57:00,31.0,31.0,31.0,31.0,2010,62310.0,29.830000000000002,27.2925,23.578541666666663,0.7350546228575148,0.7321294920691265,0.002925130788388297
2025-08-27 12:58:00,31.2,31.2,31.2,31.2,2001,62431.2,29.939999999999998,27.441666666666666,23.629375,0.7606242302151784,0.737828439698337,0.02279579051684144
2025-08-27 12:59:00,31.55,32.0,31.5,31.5,7001,220832.0,30.0425,27.602500000000003,23.68375,0.7959209399089033,0.7494469397404504,0.046474000168452934
2025-08-27 13:02:00,32.0,32.0,31.5,31.5,1001,31532.0,30.15,27.756666666666668,23.735416666666666,0.814504733088782,0.7624584984101168,0.052046234678665204
2025-08-27 13:03:00,32.0,32.0,32.0,32.0,1,32.0,30.277499999999996,27.91916666666667,23.78916666666667,0.8596686196759968,0.7819005226632929,0.07776809701270393
2025-08-27 13:06:00,31.0,31.0,31.0,31.0,10,310.0,30.355,28.06416666666667,23.83875,0.8054845579460235,0.7866173297198391,0.018867228226184363
2025-08-27 13:07:00,31.0,31.5,31.0,31.5,3010,93315.0,30.455000000000002,28.205833333333334,23.893125,0.793739386414611,0.7880417410587935,0.0056976453558174045
2025-08-27 13:09:00,31.5,31.5,31.5,31.5,26,819.0,30.54,28.347500000000004,23.944791666666667,0.7754918658539331,0.7855317660178216,-0.010039900163888449
2025-08-27 13:10:00,30.15,31.5,30.15,31.5,3065,96459.75,30.625,28.480833333333337,23.999375,0.752357861245379,0.7788969850633332,-0.026539123817954202
2025-08-27 13:12:00,31.6,31.6,30.2,31.6,8010,246116.0,30.714999999999996,28.604166666666668,24.051875,0.7336362580763378,0.7698448396659342,-0.03620858158959639
2025-08-27 13:13:00,30.2,30.2,30.2,30.2,1000,30200.0,30.735000000000003,28.704166666666666,24.101666666666667,0.5989268965270753,0.7356612510381625,-0.13673435451108717
2025-08-27 13:15:00,31.0,31.0,31.0,31.0,3,93.0,30.835,28.81416666666667,24.154791666666664,0.5503776600252088,0.6986045328355718,-0.14822687281036295
2025-08-27 13:16:00,30.1,30.1,30.1,30.1,500,15050.0,30.85,28.915833333333335,24.201041666666665,0.434273527039128,0.645738331676283,-0.211464804637155
2025-08-27 13:18:00,29.95,29.95,29.95,29.95,2000,59900.0,30.8975,29.015,24.249791666666667,0.3263939524541435,0.5818694558318551,-0.25547550337771163
2025-08-27 13:19:00,31.0,31.0,31.0,31.0,10,310.0,30.9475,29.12,24.299791666666668,0.32191401279406406,0.5298783672242969,-0.20796435443023287
2025-08-27 13:31:00,29.85,29.85,29.85,29.85,2000,59700.0,30.93,29.19333333333333,24.345000000000002,0.22299766106273466,0.4685022259919845,-0.24550456492924982
2025-08-27 13:32:00,30.9,30.9,30.9,30.9,3,92.7,30.952499999999997,29.284166666666668,24.394583333333333,0.22671849476539307,0.4201454797466662,-0.19342698498127314
2025-08-27 13:40:00,30.9,30.9,30.9,30.9,10,309.0,30.975,29.37,24.444166666666668,0.22704999131573445,0.38152638206047984,-0.1544763907447454
2025-08-27 13:48:00,30.9,30.9,30.9,30.9,500,15450.0,30.979999999999997,29.444166666666664,24.49375,0.22472224654673667,0.3501655549577312,-0.12544330841099455
2025-08-27 13:49:00,30.9,30.9,30.9,30.9,2000,61800.0,31.0,29.5125,24.543333333333333,0.22033757760752692,0.32419995948769037,-0.10386238188016345
2025-08-27 13:56:00,29.7,29.7,29.7,29.7,9,267.3,30.934999999999995,29.55166666666667,24.58791666666667,0.11866483040321896,0.2830929336707961,-0.16442810326757712
2025-08-27 13:57:00,30.9,30.9,30.9,30.9,10,309.0,30.919999999999998,29.610833333333332,24.640625,0.13338088509610557,0.25315052395585796,-0.11976963885975239
2025-08-27 14:08:00,30.8,30.8,30.8,30.8,1000,30800.0,30.885,29.6775,24.69291666666667,0.13541333951251033,0.22960308706718843,-0.0941897475546781
2025-08-27 14:22:00,30.9,30.9,30.9,30.9,3,92.7,30.855,29.736666666666668,24.7425,0.14343975434573153,0.21237042052289706,-0.06893066617716553
2025-08-27 14:25:00,29.7,29.7,29.7,29.7,400,11880.0,30.740000000000002,29.77583333333333,24.78708333333333,0.05236711919403092,0.18036976025712384,-0.12800264106309292
2025-08-27 14:29:00,30.9,30.9,30.9,30.9,3,92.7,30.735000000000003,29.834166666666665,24.836666666666666,0.0761436344547306,0.15952453509664521,-0.08338090064191461
2025-08-27 14:55:00,30.9,30.9,29.7,29.8,5503,164967.7,30.65,29.875,24.88479166666667,0.006154936901662467,0.12885061545764867,-0.1226956785559862
2025-08-27 14:56:00,30.0,30.0,30.0,30.0,1,30.0,30.575,29.918333333333337,24.930625000000003,-0.03279523852483024,0.0965214446611529,-0.12931668318598313
2025-08-27 14:58:00,30.0,30.0,30.0,30.0,100,3000.0,30.5,29.961666666666666,24.979583333333334,-0.06293802282165828,0.06462955116459065,-0.12756757398624893
2025-08-20 11:20:00,19.0,19.0,19.0,19.0,1000,19000.0,29.869999999999997,29.82166666666667,24.979583333333334,-0.9633297994323122,-0.14096231895479,-0.8223674804775223
2025-08-20 13:26:00,19.0,19.0,19.0,19.0,10,190.0,29.309999999999995,29.68166666666667,24.979583333333334,-1.6577868346750506,-0.44432722209884223,-1.2134596125762083
2025-08-08 12:13:00,18.9,18.9,18.9,18.9,1000,18900.0,28.704999999999995,29.54,24.979166666666668,-2.1909621547692204,-0.793654208632918,-1.3973079461363023
2025-08-08 12:18:00,18.9,18.9,18.9,18.9,2000,37800.0,28.145000000000003,29.386666666666667,24.981875,-2.583723876725969,-1.1516681422515285,-1.4320557344744407
2025-08-08 12:21:00,18.9,18.9,18.9,18.9,2000,37800.0,27.5925,29.233333333333334,24.984583333333333,-2.8619990278120184,-1.4937343193636266,-1.3682647084483919
2025-08-08 13:29:00,19.0,19.0,19.0,19.0,10,190.0,26.9925,29.081666666666663,24.98479166666667,-3.039428288317474,-1.8028731131543962,-1.2365551751630777
2025-08-12 09:01:00,19.0,19.0,19.0,19.0,3000,57000.0,26.45,28.93,24.985000000000003,-3.1438024577924892,-2.071058982082015,-1.0727434757104741
2025-08-12 13:26:00,19.0,19.0,19.0,19.0,10,190.0,25.855,28.779999999999998,24.985208333333333,-3.189750283360752,-2.2947972423377627,-0.8949530410229891
2025-08-15 14:59:00,19.0,19.0,19.0,19.0,1,19.0,25.26,28.621666666666666,24.985416666666666,-3.1893988614172386,-2.473717566153658,-0.7156812952635807
2025-08-01 13:39:00,19.0,19.0,19.0,19.0,10,190.0,24.665,28.447499999999998,24.985625000000002,-3.1527771050635813,-2.609529473935643,-0.5432476311279384
2025-08-19 13:28:00,19.0,19.0,19.0,19.0,10,190.0,24.07,28.274166666666662,24.98875,-3.0881557619937503,-2.7052547315472646,-0.3829010304464857
2025-08-19 14:31:00,19.0,19.0,19.0,19.0,10,190.0,23.535000000000004,28.1,24.991458333333334,-3.0023338463465166,-2.764670554507115,-0.2376632918394015
2025-08-21 13:27:00,19.0,19.0,19.0,19.0,20,380.0,22.939999999999998,27.933333333333334,24.99416666666667,-2.90087982301781,-2.7919124082092543,-0.10896741480855576
2025-08-21 14:31:00,19.0,19.0,19.0,19.0,66,1254.0,22.35,27.759166666666665,24.996875,-2.7883345930820163,-2.791196845183807,0.0028622521017909186
2025-08-25 12:09:00,19.0,19.0,19.0,19.0,1000,19000.0,21.755000000000003,27.586666666666662,25.000833333333333,-2.668382238082952,-2.7666339237636364,0.09825168568068454
2025-08-25 12:40:00,19.0,19.0,19.0,19.0,750,14250.0,21.22,27.4125,25.002291666666668,-2.5439935583761866,-2.722105850686147,0.17811229230996029
2025-08-25 12:53:00,19.0,19.0,19.0,19.0,5000,95000.0,20.625,27.238333333333333,25.003750000000004,-2.4175466605047724,-2.6611940126498723,0.24364735214509992
2025-08-25 13:26:00,19.0,19.0,19.0,19.0,10,190.0,20.085,27.063333333333333,25.005208333333332,-2.2909281888333837,-2.587140847886575,0.2962126590531913
2025-08-13 12:46:00,18.15,18.15,18.15,18.15,4000,72600.0,19.4925,26.86916666666667,25.003333333333334,-2.2334245065970144,-2.516397579628663,0.2829730730316484
2025-08-13 13:24:00,18.6,18.6,18.6,18.6,1000,18600.0,18.922500000000003,26.682499999999997,25.003333333333334,-2.1270221970773875,-2.438522503118408,0.31150030604102064
2025-08-13 13:32:00,18.95,18.95,18.95,18.95,1000,18950.0,18.92,26.501666666666665,25.004791666666666,-1.991498767145174,-2.3491177559237615,0.35761898877858744
2025-08-13 14:43:00,18.95,18.95,18.95,18.95,1,18.95,18.9175,26.320833333333333,25.009166666666665,-1.8626242990541755,-2.2518190645498444,0.3891947654956689
2025-08-05 09:48:00,19.0,19.0,19.0,19.0,2000,38000.0,18.9225,26.154166666666665,25.01083333333333,-1.7364391824694394,-2.1487430881337635,0.41230390566432407
2025-08-05 13:26:00,19.0,19.0,19.0,19.0,10,190.0,18.927500000000002,25.97416666666667,25.0125,-1.6177877186783363,-2.042552014242678,0.4247642955643416
2025-08-26 09:25:00,19.0,19.0,19.0,19.0,3000,57000.0,18.932499999999997,25.8075,25.014166666666664,-1.506390842845665,-1.9353197799632753,0.4289289371176104
2025-08-26 10:16:00,19.0,19.0,19.0,19.0,10,190.0,18.932499999999997,25.624166666666667,25.015833333333333,-1.4019472410639935,-1.828645272183419,0.4266980311194255
2025-08-26 13:11:00,19.0,19.0,19.0,19.0,6000,114000.0,18.932499999999997,25.4375,25.0175,-1.3041416015932903,-1.7237445380653933,0.419602936472103
2025-08-26 14:53:00,19.45,19.45,19.45,19.45,10,194.5,18.955,25.254166666666666,25.021041666666665,-1.1767538031294293,-1.6143463910782005,0.4375925879487712
2025-08-28 09:01:00,29.4,29.6,27.1,27.1,54532,1539058.4500000002,19.360000000000003,25.19833333333333,25.056458333333335,-0.4532818379155259,-1.3821334804456658,0.9288516425301399
2025-08-28 09:02:00,28.5,29.0,28.5,29.0,6002,171557.5,19.860000000000003,25.168333333333333,25.099791666666665,0.2702734834106444,-1.0516520876744038,1.3219255710850482
2025-08-28 09:03:00,28.5,29.0,27.55,27.55,10001,278379.0,20.2875,25.119166666666665,25.137083333333337,0.7184120003082342,-0.6976392700778762,1.4160512703861103
2025-08-28 09:04:00,27.55,27.55,27.2,27.2,5160,142154.5,20.6975,25.055833333333332,25.172916666666666,1.0334104166774765,-0.3514293327268056,1.3848397494042821
2025-08-28 09:05:00,27.2,27.65,27.2,27.65,4000,109700.0,21.130000000000003,24.996666666666666,25.210624999999997,1.30432472674822,-0.020278520831800373,1.3246032475800205
2025-08-28 09:07:00,26.8,27.65,26.6,27.2,13002,349754.4,21.54,24.925,25.24625,1.4658179927381418,0.2769407818821882,1.1888772108559538
2025-08-28 09:08:00,27.65,27.85,27.6,27.85,11200,310480.0,21.982499999999998,24.864166666666666,25.284583333333334,1.627491429137791,0.5470509113333089,1.0804405178044822
2025-08-28 09:09:00,27.85,27.85,27.85,27.85,2000,55700.0,22.425,24.794999999999998,25.322916666666668,1.7356117405148623,0.7847630771696197,0.9508486633452427
2025-08-28 09:10:00,28.4,28.5,28.4,28.5,6000,170700.0,22.9,24.75333333333333,25.363958333333336,1.8523941868585538,0.9982892991074067,0.8541048877511471
2025-08-28 09:11:00,28.9,28.9,28.9,28.9,200,5780.0,23.395,24.709999999999997,25.405208333333334,1.954689332149382,1.1895693057158019,0.76512002643358
2025-08-28 09:12:00,28.9,28.9,28.5,28.5,3114,89589.0,23.9125,24.66,25.444583333333334,1.9806506074382106,1.3477855660602838,0.6328650413779269
2025-08-28 09:13:00,28.5,28.5,28.5,28.5,1000,28500.0,24.4075,24.61,25.48395833333333,1.9784191210412772,1.4739122770564825,0.5045068439847946
2025-08-28 09:14:00,28.0,28.0,28.0,28.0,3000,84000.0,24.86,24.55,25.52125,1.9142386787526071,1.5619775573957075,0.3522611213568996
2025-08-28 09:15:00,28.5,28.5,27.55,28.0,11000,304900.0,25.3125,24.513333333333332,25.562291666666667,1.8421401706489213,1.6180100800463506,0.22413009060257072
2025-08-28 09:16:00,27.5,28.0,27.5,28.0,1505,41887.5,25.7625,24.46333333333333,25.603333333333335,1.7646596851471905,1.6473400010665187,0.11731968408067184
2025-08-28 09:17:00,28.2,28.2,28.2,28.2,3000,84600.0,26.222500000000004,24.43166666666667,25.641458333333333,1.699799935137026,1.6578319878806205,0.041967947256405624
2025-08-28 09:18:00,28.5,28.6,28.0,28.0,7000,199300.0,26.672500000000003,24.399166666666666,25.678749999999997,1.613658536295599,1.6489972975636162,-0.03533876126801716
2025-08-28 09:19:00,28.5,28.8,28.5,28.8,4000,114300.0,27.1625,24.3625,25.719375,1.591597229097374,1.6375172838703678,-0.04592005477299366
2025-08-28 09:20:00,28.8,28.8,28.8,28.8,2000,57600.0,27.652499999999996,24.345000000000002,25.759999999999998,1.5561748689950896,1.621248800895312,-0.06507393190022248
2025-08-28 09:21:00,29.45,29.6,28.5,29.6,7362,216467.0,28.159999999999997,24.323333333333334,25.803958333333338,1.5745057849378057,1.6119001977038108,-0.03739441276600508
2025-08-28 09:22:00,29.5,30.65,29.5,30.65,10439,316101.5,28.3375,24.319166666666664,25.856041666666666,1.6546852115602988,1.6204572004751083,0.03422801108519047
2025-08-28 09:23:00,30.7,31.35,30.7,31.35,4500,138825.0,28.455000000000002,24.326666666666668,25.910625,1.7544874949646996,1.6472632593730265,0.10722423559167304
2025-08-28 09:24:00,31.35,31.35,30.0,31.35,5194,162705.0,28.645,24.334166666666665,25.965208333333333,1.8126860076608544,1.680347809030592,0.1323381986302623
2025-08-28 09:25:00,31.35,32.4,31.35,32.4,10400,333290.0,28.905,24.379166666666666,26.024166666666666,1.9213864263525906,1.7285555324949922,0.19283089385759844
2025-08-28 09:26:00,32.6,32.6,32.6,32.6,2000,65200.0,29.152499999999996,24.407500000000002,26.08395833333333,2.0006088463948046,1.782966195274955,0.2176426511198497
2025-08-28 09:27:00,32.6,33.2,32.4,33.2,2010,65332.0,29.452500000000004,24.4475,26.14625,2.0877419806570003,1.8439213523513642,0.2438206283056361
2025-08-28 09:28:00,33.2,33.2,32.2,32.2,5005,164811.0,29.669999999999998,24.46916666666667,26.20125,2.0524446701141947,1.8856260159039304,0.16681865421026432
2025-08-28 09:29:00,33.25,33.75,32.75,33.75,15010,498982.5,29.964999999999996,24.53666666666667,26.262708333333332,2.1250471228785024,1.933510237298845,0.1915368855796573
2025-08-28 09:30:00,34.5,34.7,34.5,34.7,5700,197250.0,30.275,24.6,26.328125,2.2334958009943726,1.993507350037951,0.23998845095642163
2025-08-28 09:31:00,35.75,35.75,35.0,35.75,5600,199750.0,30.6175,24.699166666666663,26.397916666666667,2.376770454207726,2.0701599708719063,0.30661048333581986
2025-08-28 09:32:00,35.75,36.0,35.75,36.0,2200,79175.0,30.9925,24.799166666666665,26.46875,2.481879992147448,2.1525039751270145,0.3293760170204334
2025-08-28 09:33:00,36.0,36.8,36.0,36.8,2100,77000.0,31.4075,24.9125,26.542916666666667,2.5997649008791583,2.2419561602774434,0.35780874060171497
2025-08-28 09:34:00,36.8,36.8,36.8,36.8,1100,40480.0,31.847500000000004,25.209166666666665,26.562916666666663,2.66249792167034,2.3260645125560226,0.3364334091143175
2025-08-28 09:35:00,36.3,36.3,36.3,36.3,30,1089.0,32.2625,25.4975,26.584999999999997,2.641419827741263,2.389135575593071,0.25228425214819206
2025-08-28 09:37:00,35.75,35.75,35.2,35.2,9000,319950.0,32.6225,25.769166666666667,26.610833333333332,2.5070547133781247,2.412719403150082,0.09433531022804287
2025-08-28 09:38:00,35.7,35.7,34.7,35.0,10300,361910.0,32.9625,26.0375,26.637083333333333,2.357258060092157,2.401627134538497,-0.044369074446340306
2025-08-28 09:39:00,33.95,33.95,33.95,33.95,900,30555.0,33.26,26.288333333333338,26.66375,2.129271986320056,2.347156104894809,-0.21788411857475287
2025-08-28 09:40:00,33.95,33.95,33.95,33.95,1000,33950.0,33.5175,26.5375,26.690208333333334,1.9263852107285757,2.263001926061562,-0.3366167153329864
2025-08-28 09:41:00,33.95,35.0,33.95,35.0,110,3745.0,33.8275,26.804166666666667,26.720208333333336,1.8292359112112777,2.1762487230915055,-0.3470128118802278
2025-08-28 09:42:00,35.0,35.0,35.0,35.0,2000,70000.0,34.097500000000004,27.070833333333333,26.748541666666668,1.7322757943676805,2.0874541373467403,-0.3551783429790598
2025-08-28 09:43:00,35.65,35.65,35.65,35.65,1,35.65,34.347500000000004,27.348333333333336,26.779375,1.688420708015947,2.0076474514805818,-0.31922674346463475
2025-08-28 09:47:00,34.0,34.0,34.0,34.0,3000,102000.0,34.480000000000004,27.598333333333336,26.80229166666667,1.5031961166233785,1.9067571845091411,-0.4035610678857626
2025-08-28 09:48:00,35.2,35.2,34.0,34.5,7000,241000.0,34.6375,27.85666666666667,26.823958333333334,1.3808327345736657,1.8015722945220463,-0.4207395599483805
2025-08-28 09:51:00,33.95,33.95,33.95,33.95,1000,33950.0,34.715,28.105833333333337,26.84333333333333,1.2253533584996887,1.6863285073175749,-0.46097514881788615
2025-08-28 09:53:00,33.8,34.0,33.4,33.4,9000,303600.0,34.755,28.345833333333335,26.860416666666666,1.045700247803552,1.5582028554147702,-0.5125026076112182
2025-08-28 09:54:00,32.55,32.55,32.05,32.05,8007,258274.35,34.6975,28.563333333333336,26.871875,0.7853372665139489,1.403629737634606,-0.6182924711206572
2025-08-28 09:55:00,32.05,32.4,30.75,30.75,17200,541550.0,34.625,28.75916666666667,26.877708333333334,0.46869575961737553,1.21664294203116,-0.7479471824137844
2025-08-28 09:56:00,30.75,30.75,30.75,30.75,50,1537.5,34.475,28.955000000000002,26.887083333333337,0.21527354470277515,1.016369062565483,-0.8010955178627079
2025-08-28 09:58:00,31.5,31.5,31.5,31.5,1080,34020.0,34.315,29.163333333333338,26.899583333333336,0.07409917638275232,0.8279150853289369,-0.7538159089461846
2025-08-28 10:05:00,31.5,31.5,31.5,31.5,1000,31500.0,34.1025,29.37166666666667,26.912083333333335,-0.03735195750197562,0.6548616767627544,-0.69221363426473
2025-08-28 10:07:00,32.2,32.2,32.2,32.2,1001,32232.2,33.9125,29.605833333333333,26.925416666666667,-0.06840510276775547,0.5102083208566525,-0.5786134236244079
2025-08-28 10:08:00,32.2,32.35,32.2,32.35,4999,161417.8,33.690000000000005,29.835,26.942291666666666,-0.07998913278775177,0.39216883012777165,-0.4721579629155234
2025-08-28 10:09:00,32.1,32.1,32.1,32.1,1000,32100.0,33.455,30.054166666666667,26.958125,-0.1080964026576865,0.29211578357068,-0.4002121862283665
2025-08-28 10:10:00,32.6,32.6,32.6,32.6,1,32.6,33.269999999999996,30.28166666666667,26.97625,-0.08899986021781103,0.2158926548129818,-0.30489251503079284
2025-08-28 10:12:00,32.6,32.6,32.6,32.6,100,3260.0,33.14,30.508333333333333,26.99458333333333,-0.07302393824676301,0.15810933620103285,-0.23113327444779586
2025-08-28 10:13:00,32.6,32.6,32.6,32.6,200,6520.0,33.019999999999996,30.735,27.011666666666667,-0.05967500863130937,0.1145524672345644,-0.17422747586587378
2025-08-28 10:15:00,31.35,31.35,31.35,31.35,1000,31350.0,32.89,30.940833333333334,27.023541666666667,-0.14825148817895695,0.06199167615186012,-0.21024316433081708
2025-08-28 10:16:00,31.35,31.35,31.35,31.35,200,6270.0,32.760000000000005,31.146666666666665,27.037291666666665,-0.21595953924131095,0.0064014330732258895,-0.22236097231453683
2025-08-28 10:19:00,31.35,31.35,31.35,31.35,800,25080.0,32.5775,31.352500000000003,27.049166666666668,-0.26654608022474235,-0.048188069586367774,-0.21835801063837457
2025-08-28 10:22:00,31.35,31.35,31.35,31.35,1000,31350.0,32.394999999999996,31.550833333333333,27.061249999999998,-0.30314184788726095,-0.09917882524654643,-0.20396302264071453
2025-08-28 10:29:00,32.55,32.8,32.0,32.0,8100,264450.0,32.2125,31.6325,27.077916666666667,-0.2765072858235662,-0.1346445173619504,-0.1418627684616158
2025-08-28 10:39:00,33.35,33.35,33.35,33.35,10,333.5,32.18,31.705,27.100208333333335,-0.14479636357054204,-0.13667488660366875,-0.008121476966873292
2025-08-28 11:04:00,33.45,33.45,33.45,33.45,500,16725.0,32.127500000000005,31.803333333333335,27.123333333333335,-0.0319767365794803,-0.11573525659883106,0.08375852001935076
2025-08-28 11:06:00,33.45,33.45,33.45,33.45,2000,66900.0,32.1025,31.907500000000002,27.14645833333333,0.05677911632325561,-0.08123238201441373,0.13801149833766935
2025-08-28 11:07:00,33.5,33.5,33.0,33.0,450,14950.0,32.082499999999996,31.996666666666666,27.165416666666665,0.08977268636017754,-0.047031368339495463,0.136804054699673
2025-08-28 11:08:00,33.5,33.5,33.5,33.5,20,670.0,32.155,32.10166666666667,27.186458333333334,0.15448533882373994,-0.006728026906848373,0.1612133657305883
2025-08-28 11:09:00,33.5,33.5,33.5,33.5,100,3350.0,32.292500000000004,32.19583333333333,27.211041666666667,0.2034256182316838,0.03530270212085808,0.16812291611082575
2025-08-28 11:15:00,33.1,33.45,33.1,33.45,4000,133450.0,32.4275,32.28916666666667,27.235416666666666,0.23546229733212698,0.07533462116311188,0.1601276761690151
2025-08-28 11:16:00,33.35,33.35,33.35,33.35,3000,100050.0,32.52,32.37,27.259375,0.24990172058937077,0.11024804104836367,0.1396536795410071
2025-08-28 11:19:00,33.5,33.5,33.5,33.5,100,3350.0,32.620000000000005,32.446666666666665,27.282500000000002,0.2703325881488752,0.142264950468466,0.12806763768040919
2025-08-28 11:30:00,33.3,33.4,33.3,33.4,1100,36730.0,32.68,32.528333333333336,27.305416666666662,0.2752817568846808,0.16886831175170897,0.10641344513297185
2025-08-28 11:31:00,34.0,34.0,34.0,34.0,1,34.0,32.7625,32.62,27.32833333333333,0.3238854445621939,0.19987173831380597,0.12401370624838795
2025-08-28 11:36:00,33.95,33.95,33.95,33.95,1000,33950.0,32.855000000000004,32.719166666666666,27.351041666666667,0.35428565063931217,0.23075452077890724,0.12353112986040493
2025-08-28 11:39:00,33.95,33.95,33.95,33.95,1000,33950.0,32.9225,32.818333333333335,27.373333333333335,0.37406603260127724,0.25941682314338127,0.11464920945789597
2025-08-28 11:41:00,33.4,33.4,33.4,33.4,3000,100200.0,32.9625,32.90833333333333,27.39625,0.34142597821134757,0.27581865415697454,0.06560732405437303
2025-08-28 11:42:00,34.0,34.0,34.0,34.0,1,34.0,33.0325,33.005,27.419166666666666,0.35982563955015934,0.2926200512356115,0.06720558831454782
2025-08-28 11:54:00,34.0,34.0,34.0,34.0,200,6800.0,33.165,33.105,27.442083333333333,0.3701407515443904,0.30812419129736734,0.06201656024702307
2025-08-28 11:55:00,34.0,34.0,34.0,34.0,1000,34000.0,33.2975,33.19166666666667,27.464999999999996,0.37400426377297435,0.32130020579248875,0.05270405798048561
2025-08-28 11:57:00,34.0,34.0,33.8,34.0,6300,213600.0,33.43,33.278333333333336,27.49,0.37276907519112257,0.33159397967221554,0.04117509551890702
2025-08-28 11:59:00,34.25,34.25,34.25,34.25,1,34.25,33.575,33.35583333333333,27.517708333333335,0.3874962741632757,0.3427744385704276,0.04472183559284809
2025-08-28 12:02:00,34.25,34.25,34.25,34.25,4,137.0,33.6875,33.41583333333333,27.545416666666664,0.3946187659601108,0.3531433040483643,0.0414754619117465
2025-08-28 12:05:00,33.5,33.5,33.5,33.5,1000,33500.0,33.695,33.45166666666667,27.56875,0.3358729260179132,0.3496892284422741,-0.013816302424360938
2025-08-28 12:07:00,34.25,34.25,34.25,34.25,10,342.5,33.735,33.5,27.592708333333334,0.34584843117980313,0.34892106898978,-0.0030726378099768525
2025-08-28 12:15:00,33.5,33.5,33.5,33.5,50,1675.0,33.7375,33.51833333333333,27.613541666666666,0.28989364541000384,0.33711558427382476,-0.04722193886382092
2025-08-28 12:18:00,34.25,34.25,34.25,34.25,1,34.25,33.8,33.545833333333334,27.6375,0.302579854332123,0.33020843828548446,-0.027628583953361485
2025-08-28 12:22:00,33.2,33.2,33.2,33.2,1000,33200.0,33.785000000000004,33.545833333333334,27.656875,0.22531030457786727,0.30922881154396104,-0.08391850696609376
2025-08-28 12:23:00,33.5,33.5,33.5,33.5,1000,33500.0,33.785000000000004,33.5675,27.680208333333333,0.1861354686783514,0.28461014297083914,-0.09847467429248774
2025-08-28 12:24:00,33.2,33.2,33.2,33.2,4,132.8,33.7725,33.55833333333333,27.70354166666667,0.1293901075755599,0.2535661358917833,-0.12417602831622337
2025-08-28 12:35:00,34.25,34.25,34.25,34.25,1,34.25,33.817499999999995,33.55083333333334,27.73125,0.16721764394715422,0.23629643750285748,-0.06907879355570326
2025-08-28 12:36:00,34.25,34.25,34.25,34.25,2000,68500.0,33.855,33.52583333333334,27.755000000000003,0.19494898846680542,0.22802694769564708,-0.03307795922884166
2025-08-28 12:37:00,34.8,34.8,34.8,34.8,3000,104400.0,33.925,33.505833333333335,27.781041666666667,0.2583288283216163,0.23408732382084096,0.024241504500775335
2025-08-28 12:40:00,34.8,34.8,34.8,34.8,1000,34800.0,33.964999999999996,33.4725,27.806666666666665,0.30504147973696405,0.24827815500406564,0.05676332473289841
2025-08-28 12:41:00,34.9,34.9,34.9,34.9,10,349.0,34.0125,33.44083333333334,27.872916666666665,0.3461406627007051,0.2678506565433936,0.07829000615731152
2025-08-28 12:42:00,35.0,35.0,35.0,35.0,1,35.0,34.065,33.41916666666667,27.939583333333335,0.38237346231387903,0.2907552176974907,0.09161824461638834
2025-08-28 12:44:00,35.0,35.0,35.0,35.0,100,3500.0,34.144999999999996,33.41583333333333,28.00625,0.40640345104427666,0.3138848643668479,0.09251858667742874
2025-08-28 13:00:00,35.0,35.0,34.5,34.5,2000,69500.0,34.17,33.4075,28.068958333333335,0.38071294704622005,0.32725048090272235,0.0534624661434977
2025-08-28 13:02:00,35.0,35.0,35.0,35.0,1,35.0,34.22,33.425,28.133750000000003,0.3961324901013441,0.34102688274244675,0.05510560735889736
2025-08-28 13:25:00,35.2,35.2,35.2,35.2,3,105.6,34.28,33.44583333333334,28.197083333333335,0.419653414260182,0.3567521890459938,0.06290122521418817
2025-08-28 13:33:00,34.2,34.2,34.2,34.2,250,8550.0,34.290000000000006,33.4325,28.25625,0.35352703388024054,0.3561071580128432,-0.002580124132602668
2025-08-28 13:37:00,34.2,34.2,34.2,34.2,600,20520.0,34.2875,33.41916666666667,28.314791666666668,0.29768981809675665,0.3444236900296259,-0.046733871932869264
2025-08-28 13:43:00,35.1,35.1,35.1,35.1,2000,70200.0,34.33,33.410000000000004,28.377083333333335,0.3223451069490437,0.3400079734135095,-0.0176628664644658
2025-08-28 13:46:00,34.7,34.7,34.7,34.7,1000,34700.0,34.39,33.42166666666667,28.435833333333335,0.30607964827834877,0.33322230838647743,-0.027142660108128658
2025-08-28 13:47:00,35.05,35.05,35.05,35.05,1000,35050.0,34.43,33.43083333333333,28.496041666666667,0.31776819606308493,0.330131485921799,-0.012363289858714044
2025-08-28 13:53:00,35.2,35.2,35.2,35.2,800,28160.0,34.515,33.45166666666667,28.555625000000003,0.3352704121786161,0.3311592711731624,0.004111141005453678
2025-08-28 14:00:00,35.2,35.2,35.2,35.2,1000,35200.0,34.5625,33.48166666666667,28.616041666666664,0.3451622292243641,0.3339598627834028,0.011202366440961342
2025-08-28 14:06:00,35.2,35.2,34.8,34.8,4000,140000.0,34.6425,33.527499999999996,28.673333333333336,0.317069923727729,0.33058187497226804,-0.013511951244539022
2025-08-28 14:11:00,35.3,35.3,35.3,35.3,1,35.3,34.7325,33.60333333333333,28.730625,0.33133299009102046,0.33073209799601855,0.0006008920950019148
2025-08-28 14:54:00,35.15,35.15,35.15,35.15,1000,35150.0,34.83,33.67666666666666,28.789375,0.32676607068800223,0.32993889253441533,-0.0031728218464130986
2025-08-07 09:56:00,18.9,18.9,18.9,18.9,1000,18900.0,34.0625,33.46666666666667,28.782291666666666,-0.976832126231038,0.06858468878132461,-1.0454168150123626
2025-08-07 14:29:00,18.9,18.9,18.9,18.9,30,567.0,33.295,33.25666666666667,28.77145833333333,-1.9870377548572833,-0.3425397999463971,-1.6444979549108862
2025-08-07 14:53:00,18.9,18.9,18.9,18.9,1,18.9,32.5,33.035000000000004,28.760624999999997,-2.7558650963182174,-0.8252048592207614,-1.930660237097456
2025-09-01 09:01:00,27.95,27.95,27.4,27.4,9000,248850.0,32.13,32.9525,28.785000000000004,-2.6487541519207376,-1.1899147177607567,-1.4588394341599809
2025-09-01 09:02:00,26.45,27.0,25.5,25.5,13000,338250.0,31.660000000000004,32.8425,28.801041666666666,-2.6862170399065164,-1.4891751821899089,-1.1970418577166075
2025-09-01 09:05:00,25.75,25.8,25.75,25.8,4000,103050.0,31.2,32.729166666666664,28.816875,-2.6610245214918784,-1.7235450500503031,-0.9374794714415753
2025-09-01 09:06:00,25.8,25.8,25.5,25.5,5000,128100.0,30.725,32.61083333333333,28.833750000000002,-2.634893351548886,-1.90581471035002,-0.7290786411988659
2025-09-01 09:12:00,24.75,25.0,24.75,25.0,3210,79697.5,30.25,32.48416666666667,28.84625,-2.624278977929169,-2.04950756386585,-0.5747714140633189
2025-09-01 09:14:00,25.5,25.5,25.5,25.5,53,1351.5,29.775,32.38666666666667,28.860833333333336,-2.546170520216524,-2.1488401551359853,-0.39733036508053887
2025-09-01 09:15:00,24.7,24.7,24.7,24.7,310,7657.0,29.25,32.27583333333334,28.872083333333332,-2.5197759106671107,-2.2230273062422103,-0.29674860442490036
2025-09-01 09:17:00,24.75,24.75,24.75,24.75,1000,24750.0,28.777499999999996,32.16583333333333,28.883541666666666,-2.466392374288887,-2.2717003198515457,-0.19469205443734117
2025-09-01 09:23:00,24.75,24.75,24.75,24.75,1000,24750.0,28.305,32.05583333333333,28.895,-2.396460630695813,-2.2966523820203992,-0.09980824867541394
2025-09-01 09:24:00,24.75,24.75,24.75,24.75,1000,24750.0,27.7875,31.935000000000002,28.906458333333333,-2.314360710436901,-2.3001940477036995,-0.014166662733201552
2025-09-01 09:31:00,24.7,24.7,24.7,24.7,4000,98800.0,27.2875,31.790833333333335,28.918333333333333,-2.2276515340467427,-2.285685544972308,0.05803401092556548
2025-09-01 09:32:00,24.7,24.7,24.7,24.7,1500,37050.0,26.77,31.645,28.928541666666664,-2.1343306518715828,-2.255414566352163,0.1210839144805802
2025-09-01 09:33:00,24.25,24.25,24.25,24.25,10,242.5,26.222499999999997,31.491666666666667,28.936874999999997,-2.072790580060598,-2.2188897690938503,0.14609918903325214
2025-09-01 09:42:00,24.25,24.85,24.25,24.8,4007,98273.95,25.702499999999997,31.355,28.947499999999998,-1.9570792351367707,-2.1665276623024345,0.2094484271656638
2025-09-01 09:47:00,24.25,24.25,24.25,24.25,10,242.5,25.175,31.200833333333332,28.9575,-1.8879939451236645,-2.1108209188666804,0.22282697374301597
2025-09-01 09:51:00,24.25,24.25,24.25,24.25,1000,24250.0,24.6225,31.046666666666667,28.965833333333332,-1.8123516928897665,-2.0511270736712977,0.23877538078153115
2025-09-01 10:07:00,24.0,24.75,24.0,24.75,6000,146450.0,24.1025,30.901666666666664,28.97625,-1.6925481996251506,-1.9794112988620682,0.28686309923691766
2025-09-01 10:09:00,24.95,24.95,24.95,24.95,100,2495.0,24.405,30.761666666666667,28.987291666666668,-1.5634423493508791,-1.8962175089598308,0.33277515960895165
2025-09-01 10:12:00,24.95,24.95,24.95,24.95,50,1247.5,24.707500000000003,30.61916666666667,28.995416666666664,-1.4444740353257224,-1.8058688142330093,0.3613947789072869
2025-09-01 10:13:00,24.0,24.0,24.0,24.0,10,240.0,24.9625,30.4625,28.99958333333333,-1.4105874755017318,-1.726812546486754,0.3162250709850223
2025-09-01 10:17:00,24.95,24.95,24.95,24.95,1,24.95,24.84,30.311666666666667,29.005625000000002,-1.29217962976497,-1.6398859631423972,0.3477063333774273
2025-09-01 10:37:00,24.0,24.0,24.0,24.0,1000,24000.0,24.765,30.145833333333332,29.00479166666667,-1.2604677320536588,-1.5640023169246497,0.30353458487099094
2025-09-01 10:38:00,24.0,24.0,24.0,24.0,1000,24000.0,24.675,29.98,29.003958333333337,-1.2212579235099952,-1.495453438241719,0.2741955147317239
2025-09-01 10:50:00,23.9,23.9,23.9,23.9,10,239.0,24.595,29.821666666666665,29.001875,-1.184597726804732,-1.4332822959543219,0.2486845691495898
2025-09-01 10:58:00,24.0,24.5,24.0,24.5,4000,97500.0,24.57,29.663333333333334,29.003958333333333,-1.094512413411099,-1.3655283194456775,0.2710159060345785
2025-09-01 10:59:00,24.7,24.7,24.7,24.7,1000,24700.0,24.529999999999998,29.508333333333333,29.006874999999997,-0.9955052600296348,-1.291523707562469,0.29601844753283424
2025-09-01 11:02:00,24.7,24.7,24.7,24.7,2000,49400.0,24.53,29.353333333333335,29.006874999999997,-0.9065907636762951,-1.2145371187852343,0.3079463551089392
2025-09-01 12:28:00,25.0,25.0,25.0,25.0,3000,75000.0,24.5425,29.203333333333333,29.005,-0.8026652663775131,-1.13216274830369,0.3294974819261769
2025-09-01 12:36:00,25.1,25.1,25.1,25.1,3000,75300.0,24.56,29.050833333333333,29.003541666666667,-0.7041177654582071,-1.0465537517345935,0.3424359862763864
2025-09-01 12:41:00,25.5,25.5,25.5,25.5,3000,76500.0,24.5975,28.904999999999998,29.0025,-0.5869752189777486,-0.9546380451832245,0.36766282620547586
2025-09-01 12:42:00,25.55,25.55,25.5,25.5,10000,255150.0,24.6375,28.771666666666665,28.998541666666664,-0.4885076943109752,-0.8614119750087746,0.37290428069779946
2025-09-01 12:43:00,25.6,25.6,25.6,25.6,1000,25600.0,24.682499999999997,28.6275,28.99354166666667,-0.3978165260471407,-0.7686928852164479,0.37087635916930717
2025-09-01 12:51:00,25.0,25.0,25.0,25.0,10,250.0,24.72,28.485833333333336,28.98375,-0.37009191813619324,-0.688972691800397,0.31888077366420375
2025-09-01 12:58:00,25.6,25.6,25.6,25.6,2000,51200.0,24.76,28.341666666666665,28.97645833333333,-0.29628953965169913,-0.6104360613706574,0.3141465217189583
2025-09-01 13:08:00,26.1,26.1,26.1,26.1,3000,78300.0,24.8525,28.223333333333336,28.97354166666667,-0.1952046044897564,-0.5273897699944772,0.33218516550472077
2025-09-01 13:16:00,26.3,26.3,26.3,26.3,3000,78900.0,24.955000000000002,28.103333333333335,28.96916666666667,-0.09782803586442057,-0.44147742316846583,0.34364938730404526
2025-09-01 13:18:00,26.5,26.5,26.5,26.5,3000,79500.0,25.0425,27.991666666666667,28.965625,-0.004466587102527342,-0.3540752559552781,0.34960866885275077
2025-09-01 13:34:00,26.8,26.8,26.8,26.8,100,2680.0,25.134999999999998,27.8675,28.963124999999998,0.09266237232177588,-0.2647277302998673,0.35739010262164317
2025-09-01 13:53:00,26.0,26.0,25.7,25.7,9000,232200.0,25.1725,27.725,28.95625,0.079955290704671,-0.19579112609895963,0.27574641680363066
2025-09-01 13:54:00,26.0,26.0,25.2,25.2,9000,230550.0,25.232499999999998,27.565,28.947083333333335,0.029202388688940317,-0.15079242314137964,0.17999481183031996
2025-09-01 14:02:00,24.9,24.9,24.9,24.9,100,2490.0,25.23,27.4,28.936666666666667,-0.034825695667418444,-0.1275990776465874,0.09277338197916896
2025-09-01 14:55:00,24.9,24.9,24.9,24.9,2000,49800.0,25.275,27.233333333333334,28.92625,-0.08459327519826942,-0.1189979171569238,0.03440464195865438
2025-09-01 14:57:00,24.7,24.7,24.7,24.7,1000,24700.0,25.31,27.061666666666667,28.915000000000003,-0.13857535858912584,-0.12291340544336422,-0.015661953145761617
2025-09-01 14:58:00,25.8,25.85,25.8,25.85,6000,154950.0,25.407500000000002,26.909166666666668,28.908541666666665,-0.08755191556385356,-0.1158411074674621,0.02828919190360854
2025-09-02 09:02:00,26.0,26.0,26.0,26.0,3000,78000.0,25.4825,26.7675,28.899791666666665,-0.03461272897067502,-0.09959543176810469,0.06498270279742967
2025-09-02 09:17:00,25.55,26.05,25.5,25.5,6000,154200.0,25.5225,26.609166666666667,28.88895833333333,-0.03262775111025462,-0.08620189563653469,0.053574144526280065
2025-09-02 09:18:00,26.2,26.2,26.2,26.2,1000,26200.0,25.5975,26.459166666666665,28.88104166666667,0.02513971303805107,-0.06393357390161754,0.08907328693966861
2025-09-02 09:19:00,26.2,26.2,26.2,26.2,2000,52400.0,25.6575,26.325833333333335,28.873125,0.07011262981477984,-0.03712433315833806,0.1072369629731179
2025-09-02 09:28:00,25.55,25.55,25.55,25.55,100,2555.0,25.68,26.18166666666667,28.862916666666667,0.0526969648413953,-0.019160073558391385,0.07185703839978669
2025-09-02 10:34:00,25.6,25.6,25.6,25.6,100,2560.0,25.685000000000002,26.02333333333333,28.850833333333334,0.04244028185835447,-0.006840002475042212,0.04928028433339668
2025-09-02 10:55:00,25.65,25.65,25.65,25.65,1000,25650.0,25.692500000000003,25.872500000000002,28.835,0.037909373175253336,0.0021098726550169,0.035799500520236435
2025-09-02 11:06:00,26.75,26.75,26.75,26.75,200,5350.0,25.75,25.734166666666667,28.823958333333334,0.12167678804546966,0.026023255733107462,0.0956535323123622
2025-09-02 11:47:00,26.75,26.75,26.4,26.4,4000,106300.0,25.82,25.5875,28.811249999999998,0.157999671057226,0.05241853879793119,0.10558113225929483
2025-09-02 12:15:00,26.8,26.8,26.8,26.8,1,26.8,25.880000000000003,25.4475,28.802083333333332,0.21656603613986292,0.08524803826631755,0.13131799787354537
2025-09-02 12:27:00,25.85,25.85,25.85,25.85,3000,77550.0,25.8675,25.298333333333336,28.78708333333333,0.18419990010899312,0.10503841063485268,0.07916148947414044
2025-09-02 12:29:00,26.8,26.8,26.8,26.8,1,26.8,25.892500000000002,25.156666666666663,28.77645833333333,0.23252614794681392,0.13053595809724494,0.10199018984956898
2025-09-02 12:40:00,26.8,26.8,26.8,26.8,50,1340.0,25.9075,25.0175,28.765416666666667,0.26773872220212525,0.157976510918221,0.10976221128390423
2025-09-02 13:23:00,26.8,26.8,26.8,26.8,2000,53600.0,25.9075,25.149166666666666,28.754375,0.29227576787563336,0.18483636230970352,0.10743940556592985
2025-09-02 13:24:00,26.85,26.85,26.85,26.85,1000,26850.0,25.964999999999996,25.28166666666667,28.743333333333332,0.31215777496598207,0.21030064484095926,0.10185713012502282
2025-09-02 13:31:00,26.85,26.85,26.85,26.85,1000,26850.0,26.047500000000003,25.414166666666667,28.731041666666666,0.32417749248729777,0.23307601437022699,0.09110147811707078
2025-09-02 13:32:00,26.85,26.85,26.85,26.85,1000,26850.0,26.145000000000003,25.404999999999998,28.71875,0.3299003196907542,0.25244087543433247,0.0774594442564217
2025-09-02 13:36:00,26.9,26.9,26.9,26.9,1000,26900.0,26.244999999999997,25.42833333333333,28.706666666666667,0.3346130724035383,0.2688753148281737,0.06573775757536465
2025-09-02 13:37:00,26.9,27.0,26.75,26.75,4000,107550.0,26.347500000000004,25.444166666666664,28.693958333333335,0.3225263336753379,0.2796055185976065,0.04292081507773138
2025-09-02 13:38:00,27.0,27.0,27.0,27.0,1000,27000.0,26.405,25.469166666666663,28.685625,0.32932417274953707,0.28954924942799265,0.03977492332154442
2025-09-02 13:39:00,27.0,27.0,26.8,27.0,3007,80889.0,26.455000000000002,25.502499999999998,28.673958333333335,0.33089713301849955,0.29781882614609406,0.03307830687240548
2025-09-02 13:45:00,27.35,27.35,27.35,27.35,1,27.35,26.547500000000003,25.533333333333335,28.667083333333334,0.3562788297190451,0.3095108268606843,0.0467680028583608
2025-09-02 14:42:00,26.25,26.25,26.25,26.25,1000,26250.0,26.55,25.559166666666666,28.651458333333334,0.2843553290745291,0.3044797273034533,-0.0201243982289242
2025-09-02 14:44:00,27.35,27.35,27.35,27.35,1,27.35,26.607499999999998,25.6025,28.639583333333334,0.3125137792353847,0.3060865376898396,0.0064272415455450815
2025-09-02 14:45:00,26.25,26.25,26.25,26.25,100,2625.0,26.642500000000002,25.627499999999998,28.622083333333332,0.24326454469775882,0.2935221390914235,-0.05025759439366467
2025-09-02 14:46:00,27.35,27.35,27.35,27.35,1,27.35,26.73,25.670833333333334,28.609166666666667,0.2739864886389576,0.28961500900093035,-0.015628520361972764
2025-09-02 14:59:00,27.35,27.35,27.35,27.35,2004,54809.4,26.814999999999998,25.715,28.594791666666666,0.2949340345913072,0.2906788141190057,0.00425522047230148
2025-09-02 15:00:00,27.4,27.4,27.25,27.25,4000,109300.0,26.839999999999996,25.7575,28.58125,0.3000076499717359,0.29254458128955174,0.00746306868218416
2025-09-03 09:24:00,27.0,27.0,27.0,27.0,2000,54000.0,26.869999999999997,25.803333333333335,28.564583333333335,0.2806207942159844,0.2901598238748383,-0.009539029658853893
2025-09-03 09:26:00,27.0,27.0,27.0,27.0,1000,27000.0,26.880000000000003,25.84,28.54708333333333,0.26223370444476757,0.2845745999888242,-0.022340895544056605
2025-09-03 09:33:00,26.6,27.0,26.6,27.0,3050,81150.0,26.9375,25.885833333333334,28.52833333333333,0.2448394465961563,0.2766275693102906,-0.03178812271413428
2025-09-03 09:34:00,26.25,26.25,26.25,26.25,1000,26250.0,26.910000000000004,25.91916666666667,28.50645833333333,0.1685922138475746,0.2550204982177474,-0.0864282843701728
2025-09-03 09:35:00,26.25,26.25,26.25,26.25,1000,26250.0,26.8825,25.944166666666668,28.482499999999998,0.1069330746417343,0.22540301350254477,-0.11846993886081048
2025-09-03 09:36:00,26.25,26.5,26.25,26.5,2000,52750.0,26.8675,25.970000000000002,28.463749999999997,0.07734904164978573,0.19579221913199296,-0.11844317748220723
2025-09-03 09:40:00,25.95,25.95,25.95,25.95,1200,31140.0,26.8225,25.986666666666668,28.440625,0.009414553788285929,0.15851668606325156,-0.14910213227496563
2025-09-03 09:41:00,25.95,25.95,25.95,25.95,1000,25950.0,26.777500000000003,26.019166666666667,28.4175,-0.04391776067628328,0.1180297967153446,-0.16194755739162786
2025-09-03 09:43:00,25.85,25.85,25.85,25.85,3000,77550.0,26.7275,26.034166666666668,28.39395833333333,-0.09317905821204064,0.07578802572986754,-0.16896708394190818
2025-09-03 09:44:00,25.65,25.65,25.65,25.65,3000,76950.0,26.665000000000003,26.061666666666667,28.36916666666667,-0.14666663823906845,0.03129709293608033,-0.17796373117514877
2025-09-03 09:45:00,25.2,25.2,25.2,25.2,5,126.0,26.5875,26.081666666666663,28.348333333333336,-0.2227988831236125,-0.019522102275858252,-0.20327678084775425
2025-09-03 09:51:00,25.2,25.2,25.2,25.2,900,22680.0,26.497500000000002,26.103333333333335,28.324166666666667,-0.27990763472120506,-0.07159920876492763,-0.2083084259562774
2025-09-03 10:02:00,25.85,25.85,25.85,25.85,5,129.25,26.440000000000005,26.125833333333336,28.306458333333335,-0.2696092761754869,-0.11120122224703952,-0.1584080539284474
2025-09-03 10:18:00,26.1,26.1,26.1,26.1,10,261.0,26.377499999999998,26.149166666666666,28.290416666666665,-0.23852527131857926,-0.1366660320613475,-0.10185923925723175
2025-09-03 11:58:00,26.1,26.1,26.1,26.1,600,15660.0,26.369999999999997,26.1725,28.27,-0.21145346954956423,-0.15162351955899087,-0.05982994999057337
2025-09-03 12:27:00,26.1,26.1,26.1,26.1,100,2610.0,26.307499999999997,26.190833333333334,28.254375,-0.1878336422997755,-0.15886554410714782,-0.02896809819262769
2025-09-03 13:29:00,26.1,26.1,26.1,26.1,2000,52200.0,26.3,26.2075,28.234375,-0.16718752531147985,-0.16052994034801424,-0.006657584963465607
2025-09-03 13:56:00,26.1,26.1,26.1,26.1,100,2610.0,26.2375,26.217500000000005,28.214375,-0.14910652168462235,-0.15824525661533587,0.009138734930713516
2025-09-03 14:52:00,25.4,25.4,25.4,25.4,1000,25400.0,26.139999999999997,26.215833333333332,28.191458333333333,-0.18908172942215984,-0.16441255117670067,-0.024669178245459167
2025-09-03 14:53:00,26.1,26.1,26.1,26.1,1,26.1,26.0825,26.22416666666667,28.171458333333337,-0.1624061032402082,-0.16401126158940219,0.0016051583491939747
2025-09-04 09:01:00,26.1,26.1,26.1,26.1,1000,26100.0,26.0375,26.2425,28.15645833333333,-0.13965561431428597,-0.15914013213437894,0.019484517820092973
2025-09-04 09:02:00,25.3,26.1,25.3,26.1,1010,25561.0,25.9925,26.250833333333333,28.136458333333334,-0.12023964020634637,-0.15136003374877244,0.031120393542426072
2025-09-04 10:26:00,25.3,25.3,25.3,25.3,100,2530.0,25.9075,26.2375,28.113541666666666,-0.1674751061878048,-0.15458304823657892,-0.012892057951225888
2025-09-04 10:32:00,25.3,26.1,25.3,26.1,1001,25326.1,25.9,26.234166666666667,28.09354166666667,-0.13875673786914433,-0.151417786163092,0.01266104829394768
2025-09-04 10:48:00,25.25,25.25,25.25,25.25,1000,25250.0,25.85,26.21333333333333,28.075000000000003,-0.18248158619077515,-0.15763054616862865,-0.024851040022146498
2025-09-04 10:50:00,25.25,25.25,25.25,25.25,1000,25250.0,25.7875,26.1875,28.051458333333336,-0.21465938375113325,-0.16903631368512959,-0.04562307006600366
2025-09-04 10:59:00,25.25,25.45,25.2,25.45,6000,151750.0,25.7625,26.183333333333334,28.033333333333335,-0.2214692321673546,-0.1795228973815746,-0.04194633478578
2025-09-04 11:00:00,25.45,25.45,25.45,25.45,1000,25450.0,25.7375,26.1875,28.014374999999998,-0.2242807175969581,-0.18847446142465132,-0.03580625617230679
2025-09-04 11:22:00,25.0,25.3,25.0,25.3,5999,150874.7,25.71,26.194166666666668,27.994791666666668,-0.2358933546988169,-0.19795824007948445,-0.03793511461933244
2025-09-04 11:47:00,24.95,24.95,24.95,24.95,3000,74850.0,25.675,26.195,28.019583333333333,-0.2702235592122513,-0.21241130390603782,-0.05781225530621345
2025-09-04 11:48:00,25.3,25.3,25.0,25.0,2001,50075.3,25.665000000000003,26.2,28.044583333333332,-0.29005236834144554,-0.22793951679311938,-0.06211285154832616
2025-09-04 12:09:00,24.8,24.8,24.6,24.7,10000,247000.0,25.639999999999997,26.180833333333332,28.06875,-0.3262139439458984,-0.2475944022236752,-0.07861954172222321
2025-09-04 12:12:00,23.85,23.85,23.85,23.85,1000,23850.0,25.54,26.145,28.089375000000004,-0.4186343927078333,-0.28180240032050685,-0.13683199238732646
2025-09-04 12:16:00,23.85,23.85,23.85,23.85,750,17887.5,25.427500000000002,26.1175,28.11,-0.48627281390071175,-0.32269648303654785,-0.1635763308641639
2025-09-04 12:26:00,24.0,24.0,24.0,24.0,2000,48000.0,25.3225,26.08083333333333,28.13083333333333,-0.521758496443276,-0.3625088857178935,-0.15924961072538246
2025-09-04 14:58:00,24.9,24.9,24.9,24.9,26,647.4,25.2625,26.059166666666666,28.155416666666667,-0.4718198318091815,-0.3843710749361512,-0.08744875687303033
2025-09-05 09:05:00,24.9,24.9,23.75,23.75,1026,25517.5,25.145,26.029166666666665,28.175208333333334,-0.5190551249669788,-0.4113078849423168,-0.10774724002466202
2025-09-05 09:06:00,23.75,23.75,23.75,23.75,100,2375.0,25.0275,25.998333333333335,28.195,-0.5501476751622114,-0.43907584298629576,-0.11107183217591565
2025-09-05 09:15:00,23.75,23.75,23.75,23.75,1000,23750.0,24.945,25.966666666666665,28.214791666666667,-0.5682384461110424,-0.46490836361124516,-0.1033300824997972
2025-09-05 09:27:00,23.75,23.75,23.75,23.75,100,2375.0,24.8275,25.916666666666668,28.234583333333333,-0.5759364752463263,-0.48711398593826144,-0.08882248930806486
2025-09-05 10:29:00,23.75,23.75,23.75,23.75,500,11875.0,24.71,25.872500000000002,28.254375,-0.5754043160190214,-0.5047720519544134,-0.07063226406460799
2025-09-05 10:52:00,23.75,23.75,23.75,23.75,4000,95000.0,24.592499999999998,25.821666666666665,28.274166666666666,-0.5684300680088086,-0.5175036551652925,-0.05092641284351607
2025-09-05 10:53:00,23.7,24.0,23.3,23.3,9006,212942.8,24.4925,25.779166666666665,28.292083333333334,-0.5923855139494272,-0.5324800269221195,-0.05990548702730769
2025-09-05 10:58:00,23.0,23.75,23.0,23.75,1600,37250.0,24.375,25.728333333333335,28.311875,-0.5685057577610344,-0.5396851730899025,-0.02882058467113191
2025-09-05 10:59:00,23.75,23.75,23.75,23.75,100,2375.0,24.3,25.677500000000002,28.331666666666667,-0.5433178489779742,-0.5404117082675168,-0.002906140710457361
2025-09-05 11:00:00,23.0,23.0,23.0,23.0,2000,46000.0,24.1875,25.614166666666666,28.348333333333336,-0.5772211358404995,-0.5477735937821134,-0.029447542058386067
2025-09-05 11:01:00,23.2,23.2,23.2,23.2,1000,23200.0,24.075,25.553333333333335,28.365833333333335,-0.5812511054810479,-0.5544690961219003,-0.02678200935914754
2025-09-05 11:05:00,23.2,23.2,23.2,23.2,2000,46400.0,23.9625,25.492500000000003,28.386875,-0.5777845448805543,-0.5591321858736311,-0.01865235900692319
2025-09-05 11:09:00,23.0,23.0,23.0,23.0,1000,23000.0,23.8475,25.428333333333335,28.405208333333334,-0.5844385552946321,-0.5641934597578313,-0.02024509553680076
2025-09-05 11:22:00,23.0,23.0,23.0,23.0,1000,23000.0,23.75,25.363333333333337,28.422083333333333,-0.5829915428806522,-0.5679530763823956,-0.015038466498256686
2025-09-05 11:35:00,23.0,23.0,23.0,23.0,1000,23000.0,23.65,25.300833333333337,28.438958333333336,-0.5752140654294635,-0.5694052741918092,-0.0058087912376543205
2025-09-05 11:38:00,22.8,22.8,22.8,22.8,2000,45600.0,23.555,25.230833333333337,28.45479166666667,-0.5785198700995657,-0.5712281933733605,-0.007291676726205232
2025-09-05 11:39:00,23.0,23.0,23.0,23.0,1000,23000.0,23.5125,25.16416666666667,28.471458333333334,-0.5585626530166046,-0.5686950853020093,0.010132432285404724
2025-09-05 12:25:00,23.35,23.35,23.35,23.35,500,11675.0,23.4875,25.0975,28.489583333333332,-0.5086410424471417,-0.5566842767310358,0.04804323428389412
2025-09-05 12:48:00,23.35,23.35,23.35,23.35,100,2335.0,23.455000000000002,25.049166666666668,28.507708333333333,-0.46373219037765523,-0.5380938594603597,0.07436166908270447
2025-09-05 13:10:00,23.35,23.35,23.35,23.35,1000,23350.0,23.3775,24.9825,28.525833333333335,-0.42326249499127044,-0.5151275865665419,0.09186509157527145
2025-09-05 13:21:00,23.35,23.35,23.35,23.35,8,186.8,23.3575,24.934166666666666,28.542083333333334,-0.38673196447497205,-0.4894484621482279,0.10271649767325586
2025-09-05 13:22:00,23.35,23.35,23.35,23.35,1000,23350.0,23.3375,24.8675,28.526458333333334,-0.3537039765835708,-0.46229956503529657,0.10859558845172579
2025-09-05 13:45:00,23.4,23.4,23.4,23.4,500,11700.0,23.32,24.801666666666666,28.503125,-0.31980792935716096,-0.4338012378996695,0.11399330854250855
2025-09-05 13:57:00,23.4,23.4,23.4,23.4,175,4095.0,23.302500000000002,24.7375,28.485833333333336,-0.2896066623922273,-0.4049623227981811,0.1153556604059538
2025-09-05 14:28:00,23.4,23.4,23.4,23.4,2000,46800.0,23.285000000000004,24.677500000000002,28.470000000000002,-0.262644340269933,-0.37649872629253156,0.11385438602259856
2025-09-05 14:56:00,23.0,23.2,23.0,23.2,8000,184400.0,23.2575,24.614166666666666,28.451458333333335,-0.25448133188044864,-0.352095247410115,0.09761391552966636
2025-09-08 10:11:00,23.2,23.2,23.2,23.2,500,11600.0,23.2525,24.550833333333333,28.434791666666666,-0.24518574032879314,-0.33071334599385066,0.08552760566505752
2025-09-08 10:43:00,23.2,23.2,23.2,23.2,2000,46400.0,23.225,24.5,28.41541666666667,-0.23510872996406107,-0.3115924227878928,0.07648369282383172
2025-09-08 10:44:00,23.3,23.3,23.3,23.3,3000,69900.0,23.2025,24.450833333333332,28.39645833333333,-0.2165571266302777,-0.29258536355636977,0.07602823692609206
2025-09-08 12:17:00,24.2,24.2,24.2,24.2,1000,24200.0,23.2625,24.4125,28.378541666666667,-0.12775963539577262,-0.25962021792425033,0.1318605825284777
2025-09-08 12:19:00,24.2,24.2,24.2,24.2,3000,72600.0,23.3125,24.383333333333333,28.358958333333337,-0.0567330011192162,-0.2190427745632435,0.1623097734440273
2025-09-08 12:20:00,24.2,25.2,24.2,25.2,4301,104085.2,23.4125,24.370833333333334,28.345208333333336,0.07933325651762502,-0.15936756834706978,0.2387008248646948
2025-09-08 12:28:00,24.0,24.0,24.0,24.0,1000,24000.0,23.4625,24.34,28.326458333333335,0.08930729590241171,-0.10963259549717347,0.19893989139958518
2025-09-08 12:36:00,24.0,24.0,24.0,24.0,1000,24000.0,23.5125,24.3125,28.30979166666667,0.09610396726197479,-0.06848528294534381,0.1645892502073186
2025-09-08 12:44:00,24.0,24.0,24.0,24.0,175,4200.0,23.5625,24.292500000000004,28.293125,0.1003337927743182,-0.03472146780141141,0.1350552605757296
2025-09-08 12:45:00,24.0,24.0,24.0,24.0,3000,72000.0,23.6225,24.2725,28.276458333333334,0.10250435358570442,-0.007276303523988235,0.10978065710969266
2025-09-08 12:46:00,23.95,23.95,23.95,23.95,5000,119750.0,23.67,24.24083333333333,28.258750000000003,0.09904819064778181,0.013988595310365781,0.08505959533741603
2025-09-08 12:55:00,24.2,24.2,24.2,24.2,3000,72600.0,23.7125,24.209166666666665,28.242916666666666,0.11515463631581824,0.03422180351145628,0.08093283280436195
2025-09-08 12:56:00,24.4,24.5,24.4,24.5,6000,146700.0,23.77,24.1825,28.225,0.1503929668384565,0.05745603617685634,0.09293693066160015
2025-09-08 13:04:00,24.8,24.8,24.8,24.8,3000,74400.0,23.8425,24.160833333333333,28.208333333333332,0.20021908942070965,0.08600864682562702,0.11421044259508263
2025-09-08 13:06:00,24.85,24.85,24.85,24.85,2200,54670.0,23.917499999999997,24.14,28.188541666666666,0.2409635548122715,0.11699962842295593,0.12396392638931557
2025-09-08 13:11:00,25.25,25.25,25.25,25.25,2000,50500.0,24.0125,24.125833333333333,28.16604166666667,0.3020486652493908,0.15400943578824292,0.14803922946114786
2025-09-08 13:12:00,25.25,25.3,25.0,25.3,3000,75550.0,24.107499999999998,24.124166666666667,28.140833333333333,0.35045382396508984,0.1932983134236123,0.15715551054147753
2025-09-08 13:18:00,25.25,25.25,25.25,25.25,1000,25250.0,24.2,24.11,28.11541666666667,0.38039571385385784,0.23071779350966146,0.14967792034419639
2025-09-08 13:34:00,25.25,25.25,25.25,25.25,1000,25250.0,24.2925,24.095833333333335,28.085625,0.3995194656031309,0.26447812792835534,0.13504133767477555
2025-09-08 13:42:00,25.3,25.3,25.3,25.3,1000,25300.0,24.3975,24.0825,28.055208333333333,0.41393813759355425,0.29437012986139516,0.11956800773215909
2025-09-08 13:51:00,25.3,25.3,25.3,25.3,50,1265.0,24.5025,24.082499999999996,28.022291666666668,0.42051757419466895,0.31959961872804993,0.10091795546661902
2025-09-08 14:10:00,24.8,24.8,24.8,24.8,1000,24800.0,24.5825,24.060833333333335,27.991458333333334,0.38099414048677716,0.33187852307979543,0.049115617406981726
2025-09-08 14:18:00,25.45,25.45,25.45,25.45,10,254.5,24.69,24.064166666666665,27.956875,0.39753852558187575,0.3450105235802115,0.05252800200166424
2025-09-08 14:29:00,24.8,24.8,24.8,24.8,2000,49600.0,24.72,24.05666666666667,27.915625,0.35411844523664726,0.3468321079114987,0.007286337325148551
2025-09-08 14:30:00,24.5,24.5,24.5,24.5,3000,73500.0,24.735000000000003,24.040833333333335,27.86875,0.2921327020005151,0.335892226729302,-0.043759524728786914
2025-09-08 14:33:00,25.15,25.15,25.15,25.15,10,251.5,24.7325,24.035833333333333,27.823541666666664,0.2920910775049599,0.3271319968844336,-0.035040919379473734
2025-09-08 14:50:00,25.3,25.3,25.3,25.3,10,253.0,24.797500000000003,24.035833333333333,27.775624999999998,0.30069560443858734,0.3218447183952644,-0.021149113956677068
2025-09-09 09:02:00,25.3,25.45,25.3,25.45,6000,152250.0,24.87,24.044166666666666,27.728333333333335,0.3159761243502466,0.3206709995862609,-0.0046948752360143065
2025-09-09 09:03:00,25.7,25.7,25.7,25.7,2000,51400.0,24.955000000000002,24.055833333333332,27.68416666666667,0.34429019408900885,0.3253948384868105,0.01889535560219835
2025-09-09 09:04:00,25.7,25.7,25.7,25.7,1000,25700.0,25.04,24.0725,27.644583333333337,0.3625500470856018,0.3328258802065688,0.02972416687903301
2025-09-09 09:05:00,26.3,26.3,26.3,26.3,10,263.0,25.1575,24.113333333333333,27.608333333333338,0.42058782311329423,0.3503782687879139,0.07020955432538034
2025-09-09 09:12:00,26.3,26.4,26.3,26.4,5000,131800.0,25.2675,24.155833333333337,27.576874999999998,0.4692431995097692,0.374151254932285,0.09509194457748421
2025-09-09 09:13:00,26.5,26.5,26.5,26.5,3000,79500.0,25.3675,24.1975,27.545833333333334,0.5099932157804012,0.40131964710190826,0.10867356867849298
2025-09-09 09:14:00,26.3,26.3,26.3,26.3,300,7890.0,25.4425,24.220833333333335,27.509583333333335,0.5201535622513447,0.4250864301317956,0.09506713211954909
2025-09-09 09:16:00,26.3,27.15,26.3,27.15,3510,93171.5,25.5575,24.277499999999996,27.476875,0.5899925395462304,0.45806765201468264,0.1319248875315478
2025-09-09 09:17:00,27.0,27.0,27.0,27.0,700,18900.0,25.645,24.331666666666663,27.440833333333334,0.6260203133294482,0.4916581842776358,0.13436212905181238
2025-09-09 09:21:00,25.95,25.95,25.95,25.95,600,15570.0,25.6775,24.368333333333332,27.407291666666666,0.5633523832356246,0.5059970240692336,0.05735535916639101
2025-09-09 09:22:00,26.0,26.0,26.0,26.0,10,260.0,25.714999999999996,24.40583333333333,27.371875,0.5118222114158364,0.5071620615385541,0.004660149877282249
2025-09-09 09:23:00,26.0,27.0,26.0,27.0,2010,52270.0,25.8025,24.459999999999997,27.342916666666667,0.5453889176947371,0.5148074327697907,0.03058148492494639
2025-09-09 09:24:00,27.0,27.0,27.0,27.0,290,7830.0,25.8875,24.514166666666664,27.31625,0.5654723608739936,0.5249404183906312,0.04053194248336234
2025-09-09 09:25:00,27.0,27.75,26.4,27.5,12190,332958.5,25.997499999999995,24.584166666666665,27.297291666666663,0.6146491626711459,0.5428821672467342,0.07176699542441167
2025-09-09 09:26:00,27.75,28.4,27.5,28.4,6603,184410.2,26.177500000000002,24.66166666666667,27.2875,0.7179683189205264,0.5778993975814927,0.1400689213390337
2025-09-09 09:27:00,28.4,28.4,28.3,28.3,5500,155949.7,26.32,24.7375,27.277291666666663,0.7827571926894628,0.6188709566030868,0.16388623608637598
2025-09-09 09:28:00,29.3,29.3,29.3,29.3,101,2959.3,26.544999999999998,24.842499999999998,27.268124999999998,0.9043694762099719,0.6759706605244639,0.22839881568550802
2025-09-09 09:29:00,29.3,29.3,28.9,28.9,4000,116400.0,26.765000000000004,24.9375,27.257291666666667,0.9574347185555538,0.732263472130682,0.22517124642487185
2025-09-09 09:30:00,29.5,29.5,29.5,29.5,9,265.5,26.982499999999998,25.0425,27.246041666666667,1.0359623617772442,0.7930032500599945,0.2429591117172497
2025-09-09 09:34:00,29.5,29.5,29.5,29.5,3,88.5,27.192500000000003,25.15083333333333,27.23416666666667,1.0856810296942143,0.8515388059868385,0.2341422237073758
2025-09-09 09:35:00,28.2,28.2,28.2,28.2,2010,56682.0,27.330000000000002,25.2375,27.217916666666667,1.0085582649033036,0.8829426977701317,0.1256155671331719
2025-09-09 09:38:00,29.0,29.0,29.0,29.0,3,87.0,27.494999999999997,25.3375,27.202916666666667,1.0004585686722116,0.9064458719505477,0.0940126967216639
2025-09-09 09:41:00,29.0,29.0,29.0,29.0,100,2900.0,27.660000000000004,25.440833333333334,27.18791666666667,0.9827114155718171,0.9216989806748017,0.061012434897015355
2025-09-09 09:45:00,29.0,29.5,29.0,29.5,2007,58206.5,27.82,25.549166666666668,27.175,0.9974940002872081,0.9368579845972832,0.06063601568992494
2025-09-09 09:50:00,28.3,29.5,28.3,29.5,38,1085.0,27.975,25.651666666666667,27.167291666666667,0.997708344434173,0.9490280565646613,0.04868028786951173
2025-09-09 09:51:00,29.5,29.5,29.5,29.5,9,265.5,28.125,25.754166666666666,27.159583333333334,0.9865063822195772,0.9565237216956445,0.029982660523932725
2025-09-09 10:20:00,28.35,28.35,28.35,28.35,3000,85050.0,28.2275,25.8375,27.14708333333333,0.8747497863851308,0.9401689346335418,-0.065419148248411
2025-09-09 10:21:00,29.5,29.5,29.5,29.5,3,88.5,28.345000000000006,25.94,27.139375000000005,0.8689604331087395,0.9259272343285815,-0.05696680121984199
2025-09-09 10:23:00,28.3,28.3,28.3,28.3,2000,56600.0,28.410000000000004,26.022499999999997,27.123958333333334,0.7587954362898159,0.8925008747208284,-0.13370543843101246
2025-09-09 10:24:00,28.05,28.05,28.0,28.0,8000,224150.0,28.5125,26.09916666666667,27.101666666666667,0.6399049637246819,0.8419816925215992,-0.2020767287969173
2025-09-09 10:25:00,28.3,28.3,28.0,28.0,3000,84350.0,28.6125,26.175833333333333,27.078958333333333,0.5394647933249352,0.7814783126822664,-0.24201351935733117
2025-09-09 10:26:00,28.2,28.2,28.2,28.2,1,28.2,28.672500000000003,26.25583333333333,27.057083333333335,0.47057902115048833,0.7192984543759109,-0.24871943322542256
2025-09-09 10:43:00,28.2,28.2,28.2,28.2,1000,28200.0,28.732499999999998,26.339166666666667,27.037083333333335,0.4112459629380254,0.6576879560883339,-0.24644199315030846
2025-09-09 10:57:00,28.2,28.2,28.2,28.2,1000,28200.0,28.767500000000002,26.422500000000003,27.015,0.36007338498879093,0.5981650418684253,-0.2380916568796344
2025-09-09 10:59:00,28.2,28.2,28.2,28.2,1000,28200.0,28.7575,26.50583333333333,26.992916666666666,0.3158775089888124,0.5417075352925028,-0.22583002630369042
2025-09-09 11:00:00,28.5,28.5,28.5,28.5,1000,28500.0,28.767499999999995,26.592499999999998,26.972291666666667,0.30158299065277205,0.4936826263645567,-0.19209963571178462
2025-09-09 11:04:00,28.5,28.5,28.5,28.5,5000,142500.0,28.7275,26.664166666666667,26.952083333333334,0.2869467385017117,0.4523354487919877,-0.16538871029027602
2025-09-09 11:05:00,28.9,28.9,28.9,28.9,5,144.5,28.7275,26.7425,26.932916666666664,0.3041183729873289,0.422692033631056,-0.1185736606437271
2025-09-09 11:13:00,28.9,28.9,28.9,28.9,1,28.9,28.6975,26.804166666666667,26.91416666666667,0.31410619632520564,0.400974866169886,-0.08686866984468034
2025-09-09 11:14:00,28.9,28.9,28.9,28.9,1000,28900.0,28.6675,26.88583333333333,26.892916666666668,0.3183518562471903,0.3844502641853469,-0.06609840793815658
2025-09-09 11:15:00,28.9,28.9,28.5,28.5,3202,91657.0,28.682499999999997,26.96083333333333,26.87020833333333,0.2861414546903731,0.3647885022863522,-0.07864704759597907
2025-09-09 11:17:00,28.9,28.9,28.9,28.9,3,86.7,28.6775,27.0425,26.84916666666667,0.2895533457248831,0.3497414709740584,-0.06018812524917527
2025-09-09 11:29:00,28.9,28.9,28.9,28.9,1000,28900.0,28.672499999999996,27.124166666666664,26.830416666666668,0.28892672649864437,0.3375785220789756,-0.048651795580331225
2025-09-09 12:08:00,28.05,28.05,28.05,28.05,12,336.6,28.6,27.192500000000003,26.805625000000003,0.21733690543537065,0.3135301987502546,-0.09619329331488397
2025-09-09 12:12:00,28.9,28.9,28.9,28.9,1,28.9,28.57,27.270833333333332,26.784375,0.22657750824407685,0.2961396606490191,-0.06956215240494223
2025-09-09 12:47:00,28.9,28.9,28.9,28.9,1000,28900.0,28.54,27.34416666666667,26.763125000000002,0.23123521690339288,0.28315877189989386,-0.051923554996500976
2025-09-09 12:51:00,28.9,29.0,28.5,29.0,6003,171887.0,28.5725,27.41416666666667,26.74229166666667,0.24022646765467215,0.2745723110508495,-0.034345843396177356
2025-09-09 13:03:00,28.05,28.05,28.05,28.05,50,1402.5,28.5,27.467499999999998,26.716458333333332,0.16874979553496772,0.25340780794767315,-0.08465801241270543
2025-09-09 13:04:00,28.05,28.2,28.05,28.2,2999,84271.8,28.494999999999997,27.516666666666666,26.691250000000004,0.1227922912185555,0.2272847046018496,-0.1044924133832941
2025-09-09 13:06:00,28.0,28.0,28.0,28.0,1000,28000.0,28.494999999999997,27.561666666666667,26.668333333333337,0.06943194121318186,0.19571415192411606,-0.1262822107109342
2025-09-09 13:07:00,28.0,28.0,28.0,28.0,1000,28000.0,28.494999999999997,27.6075,26.64229166666667,0.026834151992861877,0.16193815193786523,-0.13510399994500336
2025-09-09 13:08:00,28.0,28.0,28.0,28.0,1000,28000.0,28.485000000000003,27.653333333333332,26.619375,-0.006845986592775688,0.12818132423173706,-0.13502731082451275
2025-09-09 13:14:00,28.4,28.4,28.4,28.4,3,85.2,28.494999999999997,27.705,26.595000000000002,-0.001246710708670662,0.1022957172436555,-0.10354242795232617
2025-09-09 13:15:00,28.4,28.5,28.4,28.5,2001,56828.5,28.509999999999998,27.758333333333333,26.57541666666667,0.011131601858181739,0.08406289416656076,-0.07293129230837903
2025-09-09 13:18:00,28.5,28.5,28.5,28.5,8,228.0,28.525,27.819999999999997,26.554583333333333,0.02070285413296702,0.07139088615984202,-0.050688032026874996
2025-09-09 13:19:00,28.5,28.5,28.5,28.5,2000,57000.0,28.525,27.870833333333334,26.535,0.027965768546174274,0.06270586263710846,-0.03474009409093419
2025-09-09 13:20:00,29.0,29.0,29.0,29.0,9,261.0,28.55,27.94083333333333,26.513125,0.07322342777536761,0.06480937566476029,0.00841405211060732
2025-09-09 13:25:00,29.0,29.0,28.8,28.8,14000,405200.0,28.545000000000005,28.0125,26.490416666666665,0.09189283682643534,0.0702260678970953,0.02166676892934004
2025-09-09 13:28:00,29.3,29.3,28.8,28.8,4000,116700.0,28.54,28.073333333333334,26.46541666666667,0.10547265489406854,0.07727538529648996,0.02819726959757858
2025-09-09 13:33:00,29.9,29.9,29.9,29.9,3,89.7,28.589999999999996,28.15,26.445,0.20265943366621642,0.10235219497043528,0.10030723869578113
2025-09-09 13:36:00,29.8,29.9,29.5,29.9,2400,71260.0,28.659999999999997,28.22416666666667,26.424166666666665,0.27649341209263767,0.1371804383948758,0.13931297369776188
2025-09-09 13:42:00,29.9,29.9,29.9,29.9,500,14950.0,28.71,28.29416666666667,26.402916666666666,0.3311896241122838,0.1759822755383574,0.1552073485739264
2025-09-09 13:54:00,29.9,29.9,29.9,29.9,97,2900.3,28.76,28.364166666666666,26.381666666666664,0.3702685409469133,0.2148395286200686,0.1554290123268447
2025-09-09 13:57:00,29.85,29.85,29.85,29.85,9,268.65,28.85,28.423333333333336,26.362291666666668,0.3926777374304855,0.25040717038215204,0.14227056704833346
2025-09-09 14:29:00,29.4,29.4,29.4,29.4,1000,29400.0,28.875,28.473333333333333,26.33895833333333,0.36986240433435924,0.2742982171725935,0.09556418716176573
2025-09-09 14:32:00,29.85,29.85,29.85,29.85,1,29.85,28.922500000000003,28.529166666666665,26.316666666666666,0.38366962308430175,0.29617249835493514,0.0874971247293666
2025-09-09 14:35:00,29.85,29.85,29.85,29.85,8,238.8,28.964999999999996,28.58833333333333,26.298541666666665,0.3901149412150602,0.3149609869269602,0.07515395428810001
2025-09-09 14:47:00,29.5,29.9,29.5,29.9,2008,59439.2,29.057500000000005,28.63416666666667,26.280625,0.3947075415600665,0.33091029785358145,0.06379724370648504
2025-09-09 14:52:00,29.9,29.9,29.9,29.9,1,29.9,29.142500000000002,28.6825,26.258958333333332,0.3938076410718523,0.34348976649723567,0.05031787457461662
2025-09-09 14:54:00,29.4,29.4,29.4,29.4,4,117.6,29.2125,28.740000000000002,26.236875,0.3487287145802682,0.34453755611384224,0.0041911584664259816
2025-09-09 14:55:00,29.9,29.9,29.9,29.9,1000,29900.0,29.307499999999997,28.805,26.215416666666666,0.3493223908095935,0.3454945230529925,0.003827867756600989
2025-09-09 14:57:00,30.0,30.0,30.0,30.0,1,30.0,29.4075,28.855,26.19375,0.3537838477891597,0.34715238800022596,0.006631459788933758
2025-09-09 14:59:00,30.0,30.9,30.0,30.9,6000,182400.0,29.5325,28.92,26.175833333333333,0.42504243832540567,0.36273039806526197,0.0623120402601437
2025-09-10 09:01:00,30.9,31.1,30.9,31.1,8001,248131.05,29.6625,28.98,26.160416666666666,0.4919824458586426,0.38858080762393815,0.10340163823470444
2025-09-10 09:02:00,31.75,31.75,31.75,31.75,2009,63785.75,29.825,29.035833333333333,26.145625,0.5906735349988281,0.4289993530989162,0.16167418189991195
2025-09-10 09:03:00,32.1,32.1,32.1,32.1,1003,32196.3,30.005000000000003,29.09916666666667,26.13291666666667,0.6891845189690748,0.4810363862729479,0.20814813269612692
2025-09-10 09:06:00,32.05,32.05,32.05,32.05,700,22435.0,30.1575,29.145,26.18770833333333,0.7545229306954049,0.5357336951574394,0.21878923553796548
2025-09-10 09:07:00,30.6,30.6,30.6,30.6,1000,30600.0,30.247499999999995,29.173333333333332,26.236458333333335,0.6814459264274788,0.5648761414114473,0.11656978501603155
2025-09-10 09:08:00,30.6,30.6,30.45,30.45,8000,244050.0,30.330000000000002,29.189166666666665,26.284583333333334,0.6044602857454571,0.5727929702782493,0.0316673154672078
2025-09-10 09:09:00,29.6,30.45,29.4,30.45,11000,326250.0,30.357499999999998,29.205,26.297291666666663,0.5372554642909328,0.565685469080786,-0.028430004789853136
2025-09-10 09:10:00,29.15,29.15,29.15,29.15,2237,65208.55,30.320000000000004,29.220833333333335,26.3125,0.3747758410511679,0.5275035434748624,-0.1527277024236945
2025-09-10 09:14:00,28.95,28.95,28.95,28.95,3000,86850.0,30.272499999999997,29.219999999999995,26.325625,0.22725162522456088,0.46745315982480207,-0.24020153460024118
2025-09-10 09:20:00,28.3,28.3,28.3,28.3,2300,65090.0,30.192499999999995,29.208333333333332,26.337291666666665,0.05722836068548176,0.385408199996938,-0.3281798393114562
2025-09-10 09:21:00,29.0,29.0,29.0,29.0,1000,29000.0,30.15,29.2,26.35395833333333,-0.020792468918468643,0.30416806621385667,-0.3249605351323253
2025-09-10 09:22:00,28.95,28.95,28.95,28.95,1000,28950.0,30.127499999999998,29.19083333333333,26.368333333333332,-0.08567155229571455,0.22620014251194243,-0.311871694807657
2025-09-10 09:26:00,29.15,29.15,29.15,29.15,1000,29150.0,30.092499999999994,29.185,26.386874999999996,-0.11957201303520293,0.15704571140251333,-0.27661772443771626
2025-09-10 09:33:00,29.15,29.15,29.15,29.15,1100,32065.0,30.057499999999997,29.19833333333333,26.405208333333334,-0.1447695590500686,0.09668265731199693,-0.24145221636206554
2025-09-10 09:34:00,28.5,28.5,28.5,28.5,1000,28500.0,29.987499999999994,29.181666666666665,26.420833333333334,-0.21471328246285282,0.03440346935702697,-0.2491167518198798
2025-09-10 09:37:00,28.5,28.5,28.5,28.5,1000,28500.0,29.917499999999997,29.185,26.436458333333334,-0.2670656209490794,-0.025890348704194318,-0.24117527224488505
2025-09-10 09:38:00,28.5,29.15,28.5,29.15,2000,57650.0,29.905,29.204166666666666,26.455,-0.253187075649695,-0.07134969409329447,-0.18183738155640053
2025-09-10 09:41:00,28.15,28.15,28.15,28.15,1000,28150.0,29.817500000000003,29.206666666666667,26.469375000000003,-0.319200328470405,-0.1209198209687166,-0.1982805075016884
2025-09-10 09:42:00,28.15,28.15,28.05,28.05,5000,140450.0,29.72,29.204166666666666,26.485208333333333,-0.37525971084024334,-0.17178779894302199,-0.20347191189722136
2025-09-10 09:43:00,27.7,27.7,27.7,27.7,1000,27700.0,29.560000000000002,29.195833333333333,26.49729166666667,-0.44282464334265015,-0.22599516782294765,-0.2168294755197025
2025-09-10 09:44:00,27.7,28.15,27.7,28.0,8100,224850.0,29.405,29.1925,26.51291666666667,-0.4667820731568675,-0.2741525488897317,-0.1926295242671358
2025-09-10 09:45:00,28.0,28.0,28.0,28.0,2000,56000.0,29.2175,29.18916666666667,26.52854166666667,-0.4802326854254808,-0.3153685761968815,-0.1648641092285993
2025-09-10 09:46:00,27.6,27.6,27.6,27.6,3000,82800.0,28.9925,29.174166666666668,26.540416666666665,-0.5172070091638474,-0.35573626279027476,-0.16147074637357267
2025-09-10 09:48:00,27.55,27.55,27.55,27.55,3000,82650.0,28.767500000000002,29.158333333333335,26.55125,-0.5442700034413335,-0.39344301092048656,-0.15082699252084691
2025-09-10 09:52:00,28.0,28.0,28.0,28.0,50,1400.0,28.6375,29.14333333333333,26.563958333333336,-0.5233732610269222,-0.4194290609417737,-0.10394420008514849
2025-09-10 10:00:00,27.9,27.9,27.9,27.9,2000,55800.0,28.509999999999998,29.126666666666665,26.580208333333335,-0.5090140097218772,-0.4373460506977944,-0.07166795902408274
2025-09-10 10:01:00,27.9,27.9,27.9,27.9,1000,27900.0,28.3825,29.11,26.592499999999998,-0.49196315460001117,-0.4482694714782378,-0.04369368312177335
2025-09-10 10:23:00,27.35,27.55,27.2,27.2,8000,218700.0,28.285000000000004,29.08833333333333,26.605833333333333,-0.5288382606486941,-0.46438322931232917,-0.06445503133636493
2025-09-10 10:24:00,27.2,27.2,27.2,27.2,2000,54400.0,28.1975,29.06,26.619166666666665,-0.5517023664059373,-0.4818470567310508,-0.06985530967488646
2025-09-10 10:36:00,27.0,27.0,27.0,27.0,2000,54000.0,28.132500000000004,29.028333333333332,26.632083333333334,-0.5792830490772154,-0.5013342552002837,-0.07794879387693165
2025-09-10 10:38:00,27.0,27.0,27.0,27.0,1000,27000.0,28.032500000000006,29.01083333333333,26.6425,-0.5942903298130915,-0.5199254701228453,-0.0743648596902462
2025-09-10 10:44:00,26.55,26.55,26.55,26.55,2,53.1,27.9125,28.971666666666668,26.650208333333335,-0.6351730673718201,-0.5429749895726402,-0.09219807779917988
2025-09-10 11:24:00,27.4,27.5,27.4,27.5,5100,139850.0,27.830000000000002,28.94833333333333,26.661875000000002,-0.584181786913593,-0.5512163490408308,-0.03296543787276218
2025-09-10 11:27:00,27.5,27.5,27.5,27.5,1000,27500.0,27.747500000000002,28.923333333333332,26.67229166666667,-0.537574011205141,-0.5484878814736929,0.01091387026855184
2025-09-10 11:31:00,27.0,27.0,27.0,27.0,1000,27000.0,27.672500000000003,28.90583333333333,26.680208333333333,-0.5348177879440392,-0.5457538627677622,0.010936074823722941
2025-09-10 11:34:00,27.0,27.0,27.0,27.0,2000,54000.0,27.597500000000004,28.88583333333333,26.686458333333334,-0.5265635641589164,-0.5419158030459931,0.015352238887076708
2025-09-10 11:35:00,27.5,27.5,27.5,27.5,2000,55000.0,27.514999999999997,28.877499999999998,26.694791666666667,-0.4742098154479635,-0.5283746055263872,0.054164790078423675
2025-09-10 12:07:00,27.5,27.5,27.5,27.5,500,13750.0,27.482499999999998,28.869166666666665,26.70270833333333,-0.42778782069780874,-0.5082572485606714,0.08046942786286271
2025-09-10 12:11:00,27.0,27.0,27.0,27.0,10,270.0,27.43,28.8525,26.711041666666667,-0.42642827699672026,-0.4918914542478812,0.06546317725116096
2025-09-10 12:21:00,27.0,27.0,27.0,27.0,30,810.0,27.395,28.829166666666666,26.716875,-0.4205035259261045,-0.4776138685835259,0.057110342657421376
2025-09-10 12:51:00,27.9,27.9,27.9,27.9,100,2790.0,27.389999999999997,28.819166666666668,26.724375,-0.3392746921707648,-0.4499460333009737,0.11067134113020893
2025-09-10 12:53:00,27.9,27.9,27.9,27.9,500,13950.0,27.384999999999998,28.809166666666666,26.731041666666666,-0.2717674897451161,-0.41431032458980227,0.14254283484468616
2025-09-10 13:07:00,27.9,27.9,27.9,27.9,1000,27900.0,27.4,28.799166666666668,26.736874999999998,-0.21578016602422423,-0.37460429287668673,0.1588241268524625
2025-09-10 13:11:00,27.9,27.9,27.9,27.9,100,2790.0,27.4175,28.780833333333337,26.741458333333338,-0.16945642047624077,-0.3335747183965976,0.16411829792035681
2025-09-10 13:23:00,27.9,27.9,27.9,27.9,2000,55800.0,27.4125,28.76583333333333,26.750625,-0.13123176034063277,-0.29310612678540465,0.16187436644477188
2025-09-10 14:00:00,28.0,28.0,28.0,28.0,1000,28000.0,27.4175,28.752499999999998,26.762291666666666,-0.09181093817921493,-0.2528470890641667,0.16103615088495177
2025-09-10 14:37:00,27.0,27.0,27.0,27.0,1000,27000.0,27.372500000000002,28.704166666666666,26.77104166666667,-0.13965147992535165,-0.2302079672364037,0.09055648731105204
2025-09-10 14:58:00,27.9,27.9,27.9,27.9,1000,27900.0,27.4075,28.670833333333334,26.783541666666665,-0.10374704420024017,-0.204915782629171,0.10116873842893084
2025-09-11 09:06:00,27.05,27.05,27.05,27.05,3000,81150.0,27.4,28.62333333333333,26.793333333333333,-0.14224075359851795,-0.19238077682304042,0.05014002322452246
2025-09-11 09:07:00,27.0,27.0,27.0,27.0,3000,81000.0,27.4,28.575,26.798125000000002,-0.17476726946783572,-0.1888580753519995,0.014090805884163782
2025-09-11 09:09:00,26.85,26.85,26.85,26.85,991,26608.35,27.392499999999995,28.524999999999995,26.80166666666667,-0.21022516914359457,-0.19313149411031855,-0.017093675033276023
2025-09-11 09:10:00,26.85,26.85,26.85,26.85,1000,26850.0,27.4075,28.4825,26.807291666666668,-0.23560984644917582,-0.20162716457809002,-0.0339826818710858
2025-09-11 09:12:00,26.85,26.85,26.85,26.85,1000,26850.0,27.375,28.432499999999997,26.81,-0.25281311389429817,-0.21186435444133167,-0.0409487594529665
2025-09-11 09:13:00,26.55,26.55,26.55,26.55,3000,79650.0,27.327499999999997,28.377499999999998,26.811458333333334,-0.2873420201388335,-0.22695988758083208,-0.0603821325580014
2025-09-11 09:14:00,26.9,26.9,26.9,26.9,1000,26900.0,27.3225,28.327499999999997,26.817083333333333,-0.2831998011550496,-0.2382078702956756,-0.044991930859374
2025-09-11 09:18:00,26.9,26.9,26.9,26.9,2000,53800.0,27.317500000000003,28.2775,26.8225,-0.276727124730094,-0.2459117211825593,-0.030815403547534675
2025-09-11 09:27:00,26.15,26.15,26.15,26.15,2000,52300.0,27.25,28.223333333333333,26.824583333333333,-0.3283314138589155,-0.2623956597178306,-0.06593575414108493
2025-09-11 09:29:00,26.15,26.15,26.15,26.15,1000,26150.0,27.182499999999997,28.160833333333336,26.82208333333333,-0.36502045618082235,-0.2829206190104289,-0.08209983717039343
2025-09-11 09:30:00,26.9,26.9,26.9,26.9,1000,26900.0,27.1775,28.109166666666667,26.824166666666667,-0.3297765952514844,-0.29229181425864004,-0.03748478099284436
2025-09-11 09:58:00,26.0,26.0,26.0,26.0,1,26.0,27.127499999999998,28.027499999999996,26.820833333333333,-0.37020061765440815,-0.30787357493779366,-0.06232704271661449
2025-09-11 11:14:00,26.0,26.0,26.0,26.0,1000,26000.0,27.0325,27.9425,26.821458333333336,-0.39765304982017824,-0.3258294699142706,-0.07182357990590765
2025-09-11 12:21:00,26.0,26.4,26.0,26.4,2000,52400.0,26.957500000000003,27.853333333333335,26.819791666666667,-0.3827208750233311,-0.33720775093608274,-0.045513124087248336
2025-09-11 12:27:00,26.7,26.7,26.7,26.7,3000,80100.0,26.8975,27.763333333333332,26.819374999999997,-0.3427287622904913,-0.3383119532069645,-0.004416809083526818
2025-09-11 12:30:00,26.9,26.9,26.9,26.9,2000,53800.0,26.847499999999997,27.6775,26.819791666666667,-0.29153575359906014,-0.3289567132853837,0.03742095968632353
2025-09-11 13:07:00,26.1,26.1,26.1,26.1,1000,26100.0,26.7575,27.602500000000003,26.816666666666666,-0.31192259005336,-0.32554988863897893,0.013627298585618952
2025-09-11 13:12:00,26.1,26.1,26.1,26.1,500,13050.0,26.6625,27.529999999999998,26.813541666666666,-0.32434050932605984,-0.32530801277639515,0.0009675034503353053
2025-09-11 13:17:00,26.1,26.1,26.1,26.1,1000,26100.0,26.6175,27.4575,26.810416666666665,-0.33037346021691505,-0.3263211022644992,-0.004052357952415875
2025-09-11 13:18:00,26.1,26.1,26.1,26.1,150,3915.0,26.527500000000003,27.40666666666667,26.80708333333333,-0.3313351914252216,-0.3273239200966437,-0.0040112713285779256
2025-09-11 15:00:00,27.15,27.15,27.15,27.15,1,27.15,26.5325,27.37666666666667,26.80875,-0.24455210115907988,-0.31076955630913095,0.06621745515005106
2025-09-12 09:03:00,27.15,27.15,27.15,27.15,1,27.15,26.54,27.3575,26.809375,-0.17377273298863471,-0.2833701916450317,0.10959745865639697
2025-09-12 09:58:00,27.2,27.2,27.2,27.2,1000,27200.0,26.557499999999997,27.327499999999997,26.810208333333332,-0.11234989202331747,-0.24916613172068885,0.1368162396973714
2025-09-12 10:52:00,26.0,26.0,26.0,26.0,1000,26000.0,26.515000000000004,27.278333333333332,26.80458333333333,-0.1586727386513651,-0.23106745310682414,0.07239471445545903
2025-09-12 12:50:00,27.2,27.2,27.2,27.2,1000,27200.0,26.5325,27.245833333333334,26.808541666666663,-0.09743083514169726,-0.2043401295137988,0.10690929437210153
2025-09-12 14:52:00,26.0,26.0,26.0,26.0,1000,26000.0,26.505000000000003,27.193333333333335,26.802916666666665,-0.14406545962681605,-0.19228519553640228,0.048219735909586225
2025-09-15 10:17:00,26.0,26.0,26.0,26.0,1000,26000.0,26.46,27.151666666666667,26.801875,-0.1789607869627119,-0.18962031382166422,0.010659526858952328
2025-09-15 12:39:00,26.0,26.0,26.0,26.0,1000,26000.0,26.415,27.110000000000003,26.796249999999997,-0.2042609917191811,-0.1925484494011676,-0.011712542318013497
2025-09-15 12:44:00,26.0,26.0,26.0,26.0,1000,26000.0,26.4075,27.0575,26.790625,-0.22175532887345994,-0.1983898252956261,-0.023365503577833846
2025-09-15 13:32:00,26.3,26.3,26.3,26.3,1000,26300.0,26.415000000000003,27.026666666666664,26.78666666666667,-0.20900296819520392,-0.2005124538755417,-0.008490514319662218
2025-09-16 09:50:00,26.3,26.3,26.3,26.3,50,1315.0,26.384999999999998,26.9975,26.78375,-0.19663000221429527,-0.19973596354329246,0.003105961328997181
2025-09-16 10:30:00,26.3,26.3,26.3,26.3,1000,26300.0,26.4,26.974166666666665,26.780833333333337,-0.18469528525244527,-0.19672782788512305,0.012032542632677778
2025-09-16 10:43:00,25.85,25.85,25.85,25.85,1001,25875.85,26.392500000000002,26.938333333333333,26.776041666666668,-0.20913736985211173,-0.19920973627852082,-0.009927633573590916
2025-09-16 11:22:00,25.85,25.85,25.85,25.85,1000,25850.0,26.365,26.902499999999996,26.774375000000003,-0.22590381938344706,-0.20454855289950608,-0.021355266483940982
2025-09-16 11:23:00,25.8,25.8,25.8,25.8,1000,25800.0,26.32,26.8725,26.7725,-0.24045412805462618,-0.21172966793053014,-0.028724460124096046
2025-09-16 11:28:00,25.8,25.8,25.8,25.8,2000,51600.0,26.264999999999997,26.843333333333337,26.769583333333337,-0.2491137245570627,-0.21920647925583667,-0.029907245301226043
2025-09-16 11:54:00,25.5,25.5,25.5,25.5,3000,76500.0,26.235000000000003,26.80166666666667,26.767708333333335,-0.276991029799067,-0.23076338936448273,-0.046227640434584244
2025-09-16 12:32:00,25.0,25.8,25.0,25.8,4000,100800.0,26.22,26.766666666666666,26.767083333333332,-0.2717440065009278,-0.23895951279177177,-0.03278449370915601
2025-09-16 12:44:00,25.5,25.5,25.5,25.5,3000,76500.0,26.189999999999998,26.72666666666667,26.765625,-0.2884679169482496,-0.24886119362306736,-0.039606723325182225
2025-09-16 14:48:00,25.85,25.85,25.85,25.85,500,12925.0,26.1775,26.704166666666666,26.766458333333333,-0.2703630841995839,-0.2531615717383707,-0.017201512461213153
2025-09-17 14:11:00,25.0,25.0,25.0,25.0,1000,25000.0,26.070000000000004,26.6675,26.765625,-0.3209035931947959,-0.2667099760296558,-0.054193617165140096
2025-09-17 14:30:00,25.0,25.0,25.0,25.0,1000,25000.0,25.9625,26.634166666666665,26.764791666666667,-0.35684383707202016,-0.28473674823812867,-0.0721070888338915
2025-09-18 11:58:00,25.0,25.0,25.0,25.0,100,2500.0,25.8525,26.600833333333334,26.76125,-0.38093555136816803,-0.3039765088641366,-0.07695904250403146
2025-09-18 12:32:00,25.0,25.0,25.0,25.0,100,2500.0,25.8025,26.575,26.756666666666668,-0.39546968021707585,-0.32227514313472444,-0.07319453708235141
2025-09-19 12:56:00,25.0,25.0,25.0,25.0,2000,50000.0,25.692500000000003,26.533333333333335,26.752083333333335,-0.4023500412215846,-0.3382901227520965,-0.06405991846948805
2025-09-23 12:14:00,25.0,25.0,25.0,25.0,3000,75000.0,25.642500000000002,26.491666666666667,26.7475,-0.4031554517952429,-0.35126318856072586,-0.051892263234517066
2025-09-23 12:20:00,25.5,25.5,25.5,25.5,1000,25500.0,25.6175,26.466666666666665,26.745,-0.35930606746639526,-0.3528717643418598,-0.006434303124535468
2025-09-23 12:25:00,25.5,25.5,25.5,25.5,2000,51000.0,25.5925,26.441666666666666,26.7425,-0.32085648068491324,-0.3464687076104705,0.025612226925557258
2025-09-23 12:34:00,25.0,25.0,25.0,25.0,100,2500.0,25.5425,26.4,26.740833333333335,-0.32696171633264726,-0.34256730935490587,0.015605593022258613
2025-09-23 14:31:00,25.0,25.0,25.0,25.0,1000,25000.0,25.4775,26.358333333333334,26.73625,-0.32801896116967555,-0.33965763971785984,0.01163867854818429
2025-09-24 11:47:00,25.0,25.0,25.0,25.0,100,2500.0,25.4125,26.325,26.73166666666667,-0.32510917907709214,-0.33674794758970633,0.011638768512614195
2025-09-24 11:49:00,25.0,25.0,25.0,25.0,2000,50000.0,25.3475,26.291666666666668,26.727083333333333,-0.31912448736264665,-0.33322325554429444,0.014098768181647792
2025-09-25 09:21:00,25.0,25.0,25.0,25.0,2000,50000.0,25.305,26.243333333333332,26.725833333333334,-0.31079888003808165,-0.3287383804430519,0.017939500404970277
2025-09-25 11:55:00,25.0,25.0,25.0,25.0,1000,25000.0,25.2625,26.195,26.721249999999998,-0.3007341007377775,-0.32313752450199706,0.022403423764219554
2025-09-25 12:33:00,24.9,24.9,24.9,24.9,500,12450.0,25.217499999999998,26.145,26.719791666666662,-0.29739862862798816,-0.3179897453271953,0.020591116699207157
2025-09-25 12:37:00,24.85,24.85,24.85,24.85,1000,24850.0,25.169999999999998,26.094166666666663,26.718124999999997,-0.2953848128311165,-0.3134687588279796,0.018083945996863082
2025-09-30 12:27:00,25.1,25.1,25.1,25.1,30,753.0,25.15,26.047500000000003,26.716666666666665,-0.27049780828563286,-0.30487456871951024,0.034376760433877385
2025-10-01 09:37:00,25.1,25.1,25.1,25.1,70,1757.0,25.115000000000002,25.999166666666667,26.715208333333333,-0.24791684679517445,-0.2934830243346431,0.04556617753946862
2025-10-02 09:51:00,25.2,25.2,25.2,25.2,100,2520.0,25.1,25.96916666666667,26.714791666666663,-0.21942273911125554,-0.2786709672899656,0.05924822817871006
2025-10-02 09:53:00,25.2,25.2,25.2,25.2,2000,50400.0,25.067500000000003,25.924166666666668,26.715833333333332,-0.1945977517336921,-0.2618563241787109,0.06725857244501882
2025-10-02 10:04:00,25.5,25.5,25.5,25.5,10,255.0,25.0925,25.898333333333333,26.717916666666667,-0.14899871317026125,-0.23928480197702098,0.09028608880675973
2025-10-02 10:08:00,25.5,25.5,25.5,25.5,2000,51000.0,25.1175,25.873333333333335,26.72125,-0.11157497967275631,-0.21374283751616807,0.10216785784341176
2025-10-02 10:41:00,25.6,25.6,25.6,25.6,1000,25600.0,25.1475,25.852500000000003,26.728541666666665,-0.07300567303314054,-0.18559540461956256,0.11258973158642202
2025-10-02 10:42:00,25.6,25.6,25.6,25.6,1000,25600.0,25.177500000000002,25.831666666666663,26.735833333333336,-0.04195558181369563,-0.15686744005838918,0.11491185824469355
2025-10-02 10:43:00,25.6,25.6,25.1,25.1,6000,151100.0,25.182499999999997,25.802500000000002,26.740416666666665,-0.05703650086610779,-0.1369012522199329,0.07986475135382512
2025-10-02 11:03:00,25.7,25.7,25.7,25.7,10,257.0,25.2175,25.788333333333338,26.74375,-0.02033879925911819,-0.11358876162776996,0.09324996236865177
2025-10-02 12:10:00,25.7,25.7,25.7,25.7,2000,51400.0,25.2275,25.76833333333333,26.751875,0.008644742447312836,-0.0891420608127534,0.09778680326006624
2025-10-02 12:11:00,25.2,25.2,25.2,25.2,1000,25200.0,25.2125,25.74,26.757916666666667,-0.008631909975825636,-0.07304003064536785,0.06440812066954221
2025-10-02 13:33:00,25.75,25.75,25.75,25.75,1000,25750.0,25.25,25.733333333333334,26.76625,0.02180526445021158,-0.05407097162625196,0.07587623607646354
2025-10-02 13:34:00,25.75,25.75,25.75,25.75,1000,25750.0,25.2875,25.726666666666667,26.774583333333332,0.045403560488278316,-0.0341760652033459,0.07957962569162422
2025-10-02 14:04:00,25.05,25.05,25.05,25.05,500,12525.0,25.29,25.695833333333333,26.779999999999998,0.007534378632197303,-0.02583397643623726,0.033368355068434566
2025-10-02 14:37:00,25.75,25.75,25.75,25.75,10,257.5,25.3275,25.691666666666666,26.788333333333334,0.033619385683611114,-0.013943304012267585,0.0475626896958787
2025-10-02 14:47:00,25.05,25.05,25.05,25.05,2000,50100.0,25.330000000000002,25.675833333333337,26.795624999999998,-0.002167225722637056,-0.01158808835434148,0.009420862631704423
2025-10-03 09:03:00,25.0,25.8,25.0,25.8,2010,50258.0,25.369999999999997,25.665833333333335,26.804166666666664,0.029648588425999378,-0.0033407529982733067,0.032989341424272685
2025-10-03 09:34:00,25.0,25.0,25.0,25.0,1000,25000.0,25.375,25.6375,26.809374999999996,-0.009580031126219524,-0.004588608623862551,-0.0049914225023569726
2025-10-03 09:45:00,25.8,25.8,25.8,25.8,10,258.0,25.4225,25.61916666666667,26.821041666666662,0.023612133396984092,0.001051539780306779,0.022560593616677314
2025-10-03 13:22:00,24.85,25.8,24.85,25.8,2010,49958.0,25.4575,25.614166666666666,26.831875,0.04934830636078047,0.01071089309640152,0.03863741326437895
2025-10-03 14:08:00,25.8,25.8,25.8,25.8,1,25.8,25.4925,25.609166666666667,26.842708333333334,0.06894960077559986,0.022358634632241192,0.04659096614335867
2025-10-07 09:01:00,25.8,25.8,25.8,25.8,10,258.0,25.5225,25.604166666666668,26.854375,0.083520989838199,0.03459110567343276,0.04892988416476624
2025-10-07 09:30:00,24.65,24.65,24.65,24.65,1000,24650.0,25.494999999999997,25.58,26.86125,0.00224762241045795,0.028122409020837794,-0.025874786610379844
2025-10-07 09:33:00,25.8,25.8,25.8,25.8,10,258.0,25.509999999999998,25.557499999999997,26.872916666666665,0.030284184996578034,0.028554764215985844,0.0017294207805921905
2025-10-07 09:37:00,24.65,24.65,24.65,24.65,1000,24650.0,25.467499999999998,25.515833333333333,26.880625,-0.03983285782052448,0.014877239808683775,-0.054710097629208254
2025-10-07 09:38:00,25.8,25.8,25.8,25.8,1,25.8,25.4775,25.4925,26.892291666666665,-0.002576035437105162,0.011386584759525987,-0.013962620196631149
2025-10-07 10:06:00,25.8,25.8,25.8,25.8,5,129.0,25.4875,25.489166666666666,26.9025,0.026643139198760935,0.014437895647372977,0.012205243551387957
2025-10-07 11:15:00,24.65,24.65,24.65,24.65,600,14790.0,25.464999999999996,25.446666666666665,26.907916666666665,-0.0425058623167196,0.003049144054554459,-0.04555500637127406
2025-10-07 11:23:00,24.55,24.55,24.55,24.55,4000,98200.0,25.4075,25.4225,26.912916666666664,-0.10417524114147625,-0.018395732984651688,-0.08577950815682456
2025-10-07 11:28:00,24.55,24.55,24.55,24.55,2000,49100.0,25.35,25.39833333333333,26.917916666666667,-0.15130452379743886,-0.044977491147209135,-0.10632703265022972
2025-10-07 11:54:00,23.85,23.85,23.85,23.85,400,9540.0,25.282500000000002,25.3625,26.919999999999998,-0.2423453632139605,-0.08445106556055942,-0.15789429765340107
2025-10-07 11:56:00,23.85,23.85,23.85,23.85,1000,23850.0,25.1875,25.326666666666664,26.921875,-0.31091188568315786,-0.12974322958507914,-0.18116865609807872
2025-10-07 12:12:00,23.85,23.85,23.85,23.85,60,1431.0,25.0925,25.285833333333336,26.92375,-0.3610889402025208,-0.17601237170856748,-0.18507656849395332
2025-10-08 09:07:00,24.6,24.65,24.6,24.65,6000,147750.0,25.072499999999998,25.258333333333333,26.928958333333334,-0.3324688098094022,-0.20730365932873446,-0.12516515048066773
2025-10-08 09:08:00,25.0,25.0,25.0,25.0,2000,50000.0,25.035,25.236666666666668,26.936458333333334,-0.2783365844608383,-0.22151024435515526,-0.05682634010568305
2025-10-08 09:11:00,25.0,25.0,25.0,25.0,1000,25000.0,25.0325,25.2225,26.943958333333335,-0.23275336990614548,-0.22375886946535334,-0.008994500440792141
2025-10-08 09:17:00,24.6,24.6,24.6,24.6,3000,73800.0,24.972500000000004,25.201666666666668,26.949791666666666,-0.22629639702248383,-0.22426637497677948,-0.0020300220457043494
2025-10-08 09:27:00,24.5,24.5,24.5,24.5,3000,73500.0,24.9475,25.180000000000003,26.95479166666667,-0.22663584679143156,-0.22474026933970992,-0.0018955774517216417
2025-10-08 10:39:00,25.0,25.0,25.0,25.0,1,25.0,24.907500000000002,25.166666666666668,26.958125,-0.18443301288629144,-0.21667881804902625,0.032245805162734814
2025-10-08 10:59:00,25.0,25.0,25.0,25.0,200,5000.0,24.8675,25.158333333333335,26.961458333333333,-0.14926631381091582,-0.20319631720140416,0.05393000339048834
2025-10-09 09:12:00,24.2,24.2,24.2,24.2,1000,24200.0,24.7875,25.131666666666668,26.957291666666666,-0.1838306799050109,-0.19932318974212554,0.015492509837114643
2025-10-09 09:13:00,24.2,24.2,24.2,24.2,21,508.2,24.7075,25.11,26.958125,-0.20881608718779532,-0.20122176923125953,-0.007594317956535784
2025-10-09 09:34:00,24.2,24.2,24.2,24.2,100,2420.0,24.685,25.0825,26.95895833333333,-0.2260118782248739,-0.2061797910299824,-0.01983208719489149
2025-10-09 10:35:00,24.2,24.2,24.2,24.2,1000,24200.0,24.605,25.069166666666668,26.959791666666664,-0.2369087301402395,-0.21232557885203385,-0.02458315128820565
2025-10-09 10:36:00,24.5,24.5,24.5,24.5,3000,73500.0,24.597500000000004,25.060833333333335,26.961875,-0.2188147112119374,-0.21362340532401458,-0.005191305887922826
2025-10-09 12:02:00,24.2,24.2,24.2,24.2,1000,24200.0,24.517500000000002,25.047500000000003,26.96291666666667,-0.22607649454490186,-0.21611402316819206,-0.009962471376709803
2025-10-09 12:26:00,24.2,24.2,24.2,24.2,200,4840.0,24.4375,25.034166666666668,26.96291666666667,-0.22918955562291998,-0.21872912965913768,-0.0104604259637823
2025-10-09 12:52:00,24.2,24.2,24.2,24.2,100,2420.0,24.415,25.020833333333332,26.961666666666666,-0.22901671680230962,-0.22078664708777207,-0.008230069714537547
2025-10-13 09:01:00,25.0,26.2,25.0,26.2,12000,304500.0,24.4975,25.040833333333335,26.967499999999998,-0.06672726511319382,-0.18997477069285643,0.1232475055796626
2025-10-13 09:02:00,27.45,27.45,25.2,27.3,12000,315450.0,24.634999999999998,25.070833333333333,26.977708333333332,0.14893230262173063,-0.12219335602993901,0.27112565865166965
2025-10-13 09:03:00,25.55,26.3,25.55,26.3,9000,234450.0,24.7575,25.084166666666665,26.982083333333332,0.2364270374269104,-0.05046927733856912,0.2868963147654795
2025-10-13 09:05:00,27.3,27.3,27.3,27.3,3000,81900.0,24.93,25.122500000000002,26.990416666666665,0.38205479788764407,0.036035537706673545,0.3460192601809705
2025-10-13 09:08:00,27.6,27.6,27.6,27.6,1000,27600.0,25.1175,25.165833333333335,27.00020833333333,0.5157283447114374,0.13197409910762634,0.383754245603811
2025-10-13 09:10:00,27.6,27.6,27.6,27.6,2000,55200.0,25.265,25.20916666666667,27.009999999999998,0.6145810854456144,0.228495496375224,0.38608558907039037
2025-10-13 09:11:00,27.85,27.9,27.85,27.9,6000,167250.0,25.41,25.2575,27.020833333333332,0.7089576648191667,0.3245879300640126,0.38436973475515407
2025-10-13 09:12:00,28.6,28.6,27.6,27.6,8501,240128.6,25.54,25.300833333333337,27.030416666666667,0.7508885157264302,0.4098480471964962,0.341040468529934
2025-10-13 09:13:00,28.0,28.0,28.0,28.0,3000,84000.0,25.71,25.350833333333338,27.04375,0.8070920198192866,0.4892968417210543,0.31779517809823227
2025-10-13 09:15:00,28.2,28.2,27.8,27.8,5000,139800.0,25.875,25.399166666666666,27.053541666666668,0.8259740584126156,0.5566322850593667,0.26934177335324894
2025-10-13 09:16:00,28.45,28.45,28.45,28.45,2001,56928.45,26.047500000000003,25.45916666666667,27.06875,0.883206720462514,0.6219471721399962,0.26125954832251785
2025-10-13 09:17:00,28.5,28.5,28.5,28.5,100,2850.0,26.222500000000004,25.51583333333333,27.085416666666667,0.9219706953396383,0.6819518767799246,0.24001881855971363
2025-10-13 09:18:00,28.5,29.45,28.5,29.45,5901,169079.45,26.485000000000003,25.58833333333333,27.103333333333335,1.0176180181597303,0.7490851050558859,0.2685329131038444
2025-10-13 09:19:00,29.45,29.85,29.0,29.85,10000,296300.0,26.767500000000002,25.665833333333335,27.12229166666667,1.1128674247206582,0.8218415689888404,0.29102585573181783
2025-10-13 09:20:00,30.5,30.5,30.0,30.0,6101,185580.5,27.057499999999997,25.745833333333334,27.141250000000003,1.1867765902630296,0.8948285732436783,0.29194801701935136
2025-10-13 09:21:00,30.8,30.9,30.0,30.8,10003,305392.4,27.3875,25.834166666666665,27.162499999999998,1.2949757759128886,0.9748580137775205,0.32011776213536813
2025-10-13 09:22:00,31.0,31.0,31.0,31.0,300,9300.0,27.7125,25.925833333333333,27.18458333333333,1.3809440749159059,1.0560752260051978,0.3248688489107081
2025-10-13 09:23:00,31.0,31.0,30.8,30.8,2000,61800.0,28.0425,26.0125,27.20333333333333,1.4166064849619637,1.128181477796551,0.28842500716541264
2025-10-13 09:24:00,31.5,31.5,31.5,31.5,1,31.5,28.4075,26.110833333333336,27.22458333333333,1.484243911807603,1.1993939645987615,0.2848499472088415
2025-10-13 09:25:00,31.5,31.5,30.95,31.5,8001,250381.5,28.772499999999997,26.217499999999998,27.245416666666664,1.52032173726435,1.2635795191318793,0.2567422181324708
2025-10-13 09:26:00,31.5,31.55,31.0,31.55,12013,376660.0,29.040000000000003,26.314999999999998,27.267291666666665,1.535250839975312,1.3179137833005659,0.21733705667474612
2025-10-13 09:27:00,32.0,32.0,31.5,32.0,4003,127596.0,29.275,26.42,27.2875,1.5653491302477178,1.3674008526899963,0.19794827755772149
2025-10-13 09:28:00,32.0,32.0,31.2,32.0,5001,157232.0,29.560000000000002,26.533333333333335,27.308333333333334,1.5710916752731343,1.4081390172066242,0.16295265806651016
2025-10-13 09:32:00,32.0,32.0,32.0,32.0,50,1600.0,29.795000000000005,26.6375,27.33354166666667,1.5576866416004762,1.4380485420853948,0.11963809951508142
2025-10-13 09:36:00,30.6,30.6,30.6,30.6,50,1530.0,29.945,26.718333333333337,27.352708333333336,1.417751795941264,1.4339891928565687,-0.01623739691530468
2025-10-13 09:37:00,30.6,30.6,30.6,30.6,2000,61200.0,30.095,26.810833333333335,27.367708333333333,1.2919595174795866,1.4055832577811724,-0.11362374030158584
2025-10-13 09:38:00,31.95,31.95,31.45,31.95,3051,96179.45,30.297500000000003,26.91416666666667,27.388333333333332,1.2863734358645438,1.3817412933978468,-0.09536785753330301
2025-10-13 09:39:00,31.95,32.6,31.75,32.6,24255,777198.1,30.547500000000003,27.04,27.409583333333334,1.3191892017118505,1.3692308750606477,-0.05004167334879717
2025-10-13 09:40:00,32.6,32.9,32.5,32.75,6309,205876.1,30.785000000000004,27.15583333333333,27.42770833333333,1.3418318763590342,1.363751075320325,-0.021919198961290798
2025-10-13 09:41:00,32.9,32.9,32.9,32.9,3251,106957.9,31.040000000000003,27.2875,27.446875,1.3562461442295195,1.362250089102164,-0.006003944872644551
2025-10-13 09:42:00,33.15,33.15,33.15,33.15,30,994.5,31.275,27.41,27.46291666666667,1.372026597470164,1.364205390775764,0.007821206694399896
2025-10-13 09:45:00,33.15,34.0,33.15,34.0,7001,235734.0,31.55,27.54666666666667,27.484166666666667,1.4365608375023484,1.3786764801210811,0.05788435738126729
2025-10-13 09:46:00,34.0,35.25,33.15,35.25,4186,142616.75,31.839999999999996,27.704166666666666,27.508125,1.570465887812432,1.4170343616593515,0.15343152615308053
2025-10-13 09:48:00,35.25,35.55,35.0,35.35,7009,246869.95,32.115,27.863333333333333,27.532499999999995,1.6654574128381476,1.4667189718951108,0.19873844094303683
2025-10-13 09:49:00,35.55,35.55,35.55,35.55,1,35.55,32.3925,28.045,27.563125,1.7368558166293653,1.520746340841962,0.21610947578740336
2025-10-13 09:50:00,35.55,35.8,35.55,35.55,13111,467148.15,32.63,28.2075,27.590416666666666,1.7730015082990747,1.5711973743333847,0.20180413396568997
2025-10-13 09:51:00,35.8,35.8,35.8,35.8,1002,35871.6,32.87,28.39333333333333,27.61875,1.8010586569485767,1.6171696308564232,0.18388902609215352
2025-10-13 09:52:00,35.8,35.8,35.8,35.8,98,3508.4,33.12,28.560000000000002,27.645,1.8025158684893725,1.6542388783830133,0.1482769901063592
2025-10-13 09:54:00,35.8,35.8,35.8,35.8,99,3544.2,33.335,28.72666666666667,27.671249999999997,1.783116067064185,1.6800143161192478,0.10310175094493723
2025-10-13 09:55:00,34.5,34.5,34.5,34.5,40,1380.0,33.485,28.890833333333333,27.692083333333333,1.643892677718938,1.672789988439186,-0.028897310720247926
2025-10-13 09:56:00,35.8,35.8,34.5,34.5,53,1832.4,33.6325,29.05666666666667,27.717708333333334,1.5160807039844002,1.641448131548229,-0.1253674275638288
2025-10-13 09:57:00,34.5,35.8,34.5,35.8,2001,69035.8,33.8225,29.24416666666667,27.743958333333335,1.502369548448975,1.6136324149283783,-0.11126286647940331
2025-10-13 10:00:00,34.5,34.5,34.5,34.5,1000,34500.0,33.9475,29.421666666666667,27.769791666666666,1.3708024659246547,1.5650664251276338,-0.19426395920297912
2025-10-13 10:01:00,34.5,34.5,34.5,34.5,1000,34500.0,34.0725,29.59916666666667,27.796875,1.252101162340928,1.5024733725702928,-0.25037221022936484
2025-10-13 10:03:00,34.5,34.5,34.5,34.5,100,3450.0,34.2675,29.776666666666664,27.823958333333334,1.1448326064010743,1.4309452193364491,-0.2861126129353748
2025-10-13 10:04:00,34.0,34.0,34.0,34.0,150,5100.0,34.4375,29.9325,27.848124999999996,1.007857725178674,1.3463277205048942,-0.33846999532622024
2025-10-13 10:05:00,34.0,34.0,34.0,34.0,5000,170000.0,34.54,30.0825,27.872291666666666,0.8890556646747569,1.2548733093388669,-0.36581764466410993
2025-10-13 10:07:00,34.5,34.5,34.5,34.5,1,34.5,34.635,30.240833333333335,27.898541666666667,0.8257314786426306,1.1690449431996197,-0.3433134645569891
2025-10-13 10:08:00,33.95,33.95,33.95,33.95,1800,61110.0,34.695,30.396666666666665,27.9225,0.7228338231628442,1.0798027191922646,-0.3569688960294204
2025-10-13 10:10:00,33.95,33.95,33.95,33.95,5,169.75,34.747499999999995,30.554166666666667,27.945208333333333,0.6339785794318118,0.990637891240174,-0.3566593118083622
2025-10-13 10:12:00,34.4,34.4,34.4,34.4,1000,34400.0,34.81,30.71083333333333,27.969791666666666,0.5930352565151153,0.9111173642951623,-0.318082107780047
2025-10-13 10:14:00,34.15,34.15,34.15,34.15,3000,102450.0,34.8175,30.863333333333333,27.991666666666667,0.5342558980303451,0.8357450710421989,-0.30148917301185374
2025-10-13 10:15:00,34.0,34.0,34.0,34.0,2100,71400.0,34.755,31.026666666666664,28.012916666666666,0.47014949582113275,0.7626259559979857,-0.2924764601768529
2025-10-13 10:17:00,33.75,33.75,33.75,33.75,1000,33750.0,34.675,31.185833333333335,28.033125,0.39462283316923674,0.689025331432236,-0.29440249826299925
2025-10-13 10:19:00,33.75,33.75,33.75,33.75,2000,67500.0,34.585,31.345000000000002,28.055,0.33095239567080625,0.6174107442799501,-0.2864583486091439
2025-10-13 10:35:00,32.5,32.5,32.35,32.35,5000,162200.0,34.425,31.480833333333333,28.069374999999997,0.16561570081396582,0.5270517355867532,-0.3614360347727874
2025-10-13 10:36:00,32.35,32.35,32.35,32.35,1000,32350.0,34.2525,31.611666666666668,28.083750000000002,0.03419104585986332,0.4284795976413752,-0.3942885517815119
2025-10-13 10:37:00,32.3,32.3,32.3,32.3,5,161.5,34.0775,31.746666666666666,28.10145833333333,-0.07315523418519376,0.3281526312760614,-0.4013078654612552
2025-10-13 10:40:00,32.3,32.3,32.3,32.3,2000,64600.0,33.902499999999996,31.881666666666668,28.115625,-0.15642476716425335,0.23123715158799846,-0.3876619187522518
2025-10-13 10:50:00,32.6,32.6,32.6,32.6,304,9910.4,33.8075,32.02166666666667,28.131041666666665,-0.19595018739384074,0.1457996837916306,-0.34174987118547134
2025-10-13 11:26:00,32.6,32.6,32.6,32.6,96,3129.6,33.7125,32.12833333333334,28.146041666666665,-0.2246843464068391,0.07170287775193666,-0.2963872241587758
2025-10-13 11:27:00,32.6,32.6,32.6,32.6,600,19560.0,33.552499999999995,32.21666666666667,28.165000000000003,-0.24463635877990697,0.00843503044556792,-0.2530713892254749
2025-10-13 11:34:00,32.6,32.6,32.6,32.6,2000,65200.0,33.457499999999996,32.32166666666667,28.183333333333334,-0.25748039857327853,-0.04474805535820139,-0.21273234321507714
2025-10-13 11:35:00,33.15,33.15,32.0,32.0,1010,32331.5,33.332499999999996,32.4,28.2,-0.3124723910202434,-0.09829292249060981,-0.21417946852963357
2025-10-13 11:38:00,33.15,33.15,33.15,33.15,1003,33249.45,33.265,32.4925,28.22145833333333,-0.2602584547206206,-0.130686028936612,-0.1295724257840086
2025-10-13 11:41:00,33.15,33.15,33.15,33.15,100,3315.0,33.222500000000004,32.585,28.242916666666662,-0.2163841917540239,-0.14782566150009438,-0.06855853025392952
2025-10-13 11:42:00,33.15,33.45,33.0,33.45,2003,66250.35,33.195,32.6775,28.263958333333335,-0.1556122285550714,-0.1493829749110898,-0.006229253643981608
2025-10-13 11:47:00,33.45,33.45,33.45,33.45,100,3345.0,33.1425,32.775,28.284583333333334,-0.10622550834444411,-0.14075148159776066,0.03452597325331655
2025-10-13 11:49:00,33.45,33.65,33.45,33.65,2003,67000.95,33.1275,32.869166666666665,28.306041666666665,-0.050367245976062236,-0.12267463447342097,0.07230738849735874
2025-10-13 11:50:00,33.65,33.65,33.65,33.65,1098,36947.7,33.1125,32.96666666666667,28.3275,-0.0060296643942692185,-0.09934564045759063,0.09331597606332141
2025-10-13 11:51:00,33.65,33.65,33.65,33.65,1099,36981.35,33.075,33.053333333333335,28.346875,0.02877647119709792,-0.07372121812665293,0.10249768932375085
2025-10-13 11:52:00,34.0,34.0,34.0,34.0,3,102.0,33.067499999999995,33.144999999999996,28.368541666666665,0.0836385264758377,-0.0422492692061548,0.1258877956819925
2025-10-13 11:56:00,34.0,34.0,34.0,34.0,200,6800.0,33.067499999999995,33.22083333333333,28.39020833333333,0.1256684726175692,-0.008665720841409994,0.13433419345897918
2025-10-13 12:02:00,33.45,33.45,33.45,33.45,1000,33450.0,33.052499999999995,33.280833333333334,28.404999999999998,0.11329115437970216,0.015725654202812446,0.09756550017688972
2025-10-13 12:08:00,34.0,34.0,34.0,34.0,3,102.0,33.065,33.3475,28.422083333333333,0.14617740186422168,0.0418160037350943,0.10436139812912737
2025-10-13 12:09:00,33.0,33.0,33.0,33.0,2000,66000.0,33.097500000000004,33.384166666666665,28.435,0.09050506126817481,0.051553815241710405,0.03895124602646441
2025-10-13 12:10:00,34.0,34.0,34.0,34.0,5,170.0,33.18,33.43416666666666,28.452083333333334,0.1256278136642237,0.06636861492621307,0.05925919873801064
2025-10-13 12:12:00,34.0,34.0,34.0,34.0,100,3400.0,33.265,33.4875,28.469375,0.1517139836193735,0.08343768866484516,0.06827629495452833
2025-10-13 12:18:00,34.0,34.0,34.0,34.0,100,3400.0,33.35,33.52916666666667,28.488541666666666,0.1704229317766064,0.10083473728719743,0.06958819448940896
2025-10-13 12:26:00,34.0,34.0,34.0,34.0,9,306.0,33.42,33.57083333333333,28.50583333333333,0.18313879791943322,0.11729554941364459,0.06584324850578863
2025-10-13 12:42:00,34.0,34.0,34.0,34.0,15,510.0,33.489999999999995,33.611666666666665,28.523125,0.19101431928012147,0.13203930338693998,0.05897501589318149
2025-10-13 12:51:00,34.0,34.0,34.0,34.0,1000,34000.0,33.56,33.645,28.540208333333332,0.19500779818914538,0.14463300234738105,0.050374795841764325
2025-10-13 13:02:00,34.0,34.0,33.5,33.75,2615,88635.0,33.6175,33.674166666666665,28.55625,0.17597126117269113,0.15090065411244308,0.02507060706024805
2025-10-13 13:04:00,34.0,34.0,34.0,34.0,1005,34170.0,33.7175,33.7075,28.575416666666666,0.1789942448643771,0.1565193722628299,0.022474872601547208
2025-10-13 13:12:00,33.0,33.0,33.0,33.0,50,1650.0,33.71,33.747499999999995,28.58833333333333,0.0995507791542849,0.1451256536411209,-0.045574874486836
2025-10-13 13:26:00,34.0,34.0,34.0,34.0,1100,37400.0,33.7525,33.80416666666667,28.605,0.11594634557339845,0.1392897920275764,-0.023343446454177963
2025-10-13 13:27:00,34.0,34.0,34.0,34.0,294,9996.0,33.78,33.83833333333333,28.617916666666666,0.12747054894365561,0.13692594341079226,-0.00945539446713664
2025-10-13 13:33:00,34.0,34.0,34.0,34.0,100,3400.0,33.8075,33.861666666666665,28.63,0.1350468273796821,0.13655012020457022,-0.0015032928248881194
2025-10-13 13:52:00,34.0,34.0,34.0,34.0,5009,170306.0,33.825,33.8825,28.639374999999998,0.1394436628793727,0.13712882873953072,0.002314834139841987
2025-10-13 13:53:00,34.15,34.15,34.15,34.15,1013,34593.95,33.85,33.903333333333336,28.647916666666667,0.15326518741184714,0.14035610047399402,0.012909086937853115
2025-10-13 13:56:00,34.15,34.15,34.15,34.15,1000,34150.0,33.875,33.92,28.65666666666667,0.16234740535139025,0.14475436144947326,0.017593043901916988
2025-10-13 13:57:00,34.15,34.15,34.15,34.15,200,6830.0,33.8825,33.9225,28.67145833333333,0.16761299028577525,0.14932608721673368,0.01828690306904157
2025-10-13 13:59:00,34.15,34.15,34.15,34.15,98,3346.7,33.89,33.90416666666666,28.686875,0.16982832902028377,0.1534265355774437,0.016401793442840068
2025-10-13 14:01:00,34.15,34.15,34.15,34.15,102,3483.3,33.925,33.884166666666665,28.702291666666667,0.1696286276980956,0.1566669540015741,0.012961673696521514
2025-10-13 14:07:00,34.15,34.2,33.95,34.2,6000,204850.0,33.935,33.861666666666665,28.723333333333333,0.17152768076249458,0.1596390993537582,0.011888581408736387
2025-10-13 14:08:00,34.0,34.2,34.0,34.2,14003,476902.6,33.995,33.83916666666667,28.745208333333334,0.17106081144528673,0.16192344177206391,0.009137369673222817
2025-10-13 14:09:00,34.4,34.4,34.4,34.4,3,103.2,34.015,33.81583333333334,28.770625,0.18470003563898274,0.1664787605454477,0.01822127509353505
2025-10-13 14:12:00,34.3,34.3,34.3,34.3,50,1715.0,34.03,33.79083333333333,28.792708333333334,0.18530398581194873,0.1702438055987479,0.015060180213200824
2025-10-13 14:22:00,34.25,34.25,34.25,34.25,10,342.5,34.042500000000004,33.765,28.814791666666668,0.17967683582424598,0.17213041164384754,0.007546424180398442
2025-10-13 14:33:00,34.25,34.25,34.25,34.25,1000,34250.0,34.055,33.76083333333333,28.83604166666667,0.17322050081024543,0.17234842947712714,0.000872071333118285
2025-10-13 14:34:00,34.25,34.25,34.0,34.0,10130,344670.0,34.055,33.7525,28.85625,0.14624507593248381,0.1671277587681985,-0.020882682835714678
2025-10-13 14:35:00,34.3,34.5,34.3,34.5,89,3069.9,34.08,33.73083333333333,28.88125,0.1633299131258994,0.16636818963973868,-0.003038276513839283
2025-10-13 14:36:00,34.5,34.6,34.5,34.6,2003,69103.8,34.1225,33.7325,28.906666666666663,0.18283136775747977,0.1696608252632869,0.01317054249419286
2025-10-13 14:37:00,34.6,34.6,34.6,34.6,2600,89960.0,34.152499999999996,33.73416666666667,28.929375,0.19602673685336214,0.17493400758130198,0.021092729272060157
2025-10-13 14:38:00,34.6,34.6,34.6,34.6,10,346.0,34.2325,33.73583333333333,28.95625,0.2041310660668998,0.18077341927842155,0.023357646788478237
2025-10-13 14:39:00,34.6,34.6,34.6,34.6,10,346.0,34.2625,33.74583333333333,28.983541666666667,0.20815433179184595,0.18624960178110644,0.021904730010739504
2025-10-13 14:40:00,34.6,34.7,34.25,34.7,2598,89517.1,34.2975,33.7575,29.01270833333333,0.21691154189780804,0.1923819898044468,0.024529552093361245
2025-10-13 14:41:00,34.7,35.0,34.7,35.0,2013,69852.0,34.347500000000004,33.76583333333333,29.041874999999997,0.2452323014748714,0.2029520521385317,0.0422802493363397
2025-10-13 14:42:00,35.0,35.5,35.0,35.5,5088,178124.0,34.4225,33.791666666666664,29.073124999999997,0.30451230055690814,0.22326410182220702,0.08124819873470113
2025-10-13 14:43:00,35.5,35.5,35.5,35.5,10,355.0,34.49,33.8175,29.106041666666666,0.3474865186347742,0.2481085851847205,0.09937793345005369
2025-10-13 14:44:00,35.5,35.5,35.5,35.5,50,1775.0,34.557500000000005,33.83583333333333,29.139166666666664,0.3771958174862675,0.27392603164503,0.10326978584123753
2025-10-13 14:45:00,35.45,35.45,34.9,35.0,4120,145545.5,34.6,33.85,29.168333333333333,0.35628776595981293,0.2903983785079866,0.06588938745182632
2025-10-13 14:46:00,35.4,35.4,35.4,35.4,1005,35577.0,34.6625,33.87333333333333,29.199583333333337,0.36775538637686367,0.305869780081762,0.06188560629510165
2025-10-13 14:48:00,35.4,35.4,35.4,35.4,1000,35400.0,34.725,33.90083333333333,29.230833333333333,0.3725490446936206,0.31920563300413374,0.053343411689486864
2025-10-13 14:49:00,35.4,35.4,35.4,35.4,1000,35400.0,34.785,33.928333333333335,29.265,0.3720591867401595,0.3297763437513389,0.04228284298882057
2025-10-13 14:50:00,35.4,35.5,35.4,35.5,52,1841.0,34.85,33.98083333333334,29.299583333333334,0.3754126121414032,0.3389035974293518,0.036509014712051424
2025-10-13 14:53:00,35.5,35.5,35.5,35.5,100,3550.0,34.904999999999994,34.03333333333333,29.335,0.3737617333288057,0.3458752246092426,0.027886508719563108
2025-10-13 14:54:00,35.5,35.5,35.5,35.5,1000,35500.0,34.964999999999996,34.086666666666666,29.370416666666667,0.3682089167852709,0.35034196304444826,0.017866953740822644
2025-10-13 14:55:00,35.5,35.8,35.5,35.8,2259,80542.2,35.042500000000004,34.144999999999996,29.40895833333333,0.3835939304131557,0.3569923565181898,0.026601573894965924
2025-10-13 14:56:00,35.8,35.85,35.8,35.85,1088,38954.8,35.1225,34.19916666666667,29.44375,0.3952648792052216,0.3646468610555962,0.030618018149625392
2025-10-13 14:57:00,35.85,35.85,35.85,35.85,12,430.20000000000005,35.214999999999996,34.25333333333333,29.47854166666667,0.39990434188612767,0.3716983572217025,0.028205984664425143
2025-10-13 14:58:00,35.85,35.85,35.7,35.7,8032,287197.2,35.275,34.305,29.514791666666667,0.387016122141695,0.37476191020570104,0.012254211935993964
2025-10-13 14:59:00,35.9,36.15,35.7,36.15,6005,215379.85,35.3525,34.36416666666666,29.552916666666665,0.4084055098388859,0.3814906301323381,0.026914879706547823
2025-10-13 15:00:00,36.15,36.5,36.0,36.5,4031,145928.0,35.447500000000005,34.439166666666665,29.590416666666666,0.4484296111989181,0.3948784263456541,0.05355118485326399
2025-10-14 09:01:00,36.5,39.0,35.35,36.4,34027,1248062.5,35.5375,34.49333333333333,29.6275,0.4667000084331434,0.409242742763152,0.05745726566999143
2025-10-14 09:02:00,36.8,38.4,36.4,38.3,34202,1286526.7,35.722500000000004,34.579166666666666,29.67458333333333,0.6272628551729724,0.45284676524511613,0.1744160899278563
2025-10-14 09:03:00,38.3,38.65,37.1,38.65,9853,375005.2,35.92,34.66583333333333,29.723125,0.7738318905939465,0.5170437903148823,0.2567881002790642
2025-10-14 09:04:00,38.9,40.0,38.15,40.0,30028,1167383.65,36.17,34.775,29.77354166666667,0.987538891102183,0.6111428104723425,0.3763960806298404
2025-10-14 09:05:00,40.0,41.05,39.1,39.9,19065,771113.0,36.39,34.87916666666667,29.823541666666664,1.135741938325424,0.7160626360429588,0.4196793022824651
2025-10-14 09:06:00,41.05,41.85,39.9,40.5,2267,92027.40000000001,36.64,34.99333333333333,29.876041666666666,1.286775756653313,0.8302052601650297,0.4565704964882832
2025-10-14 09:07:00,41.85,41.85,40.0,41.5,12681,519921.4,36.94,35.12416666666666,29.93270833333333,1.4702150643842415,0.9582072210088721,0.5120078433753694
2025-10-14 09:08:00,40.0,41.0,39.45,39.5,20003,799322.55,37.165,35.21583333333333,29.981041666666666,1.4376365725565137,1.0540930913184006,0.3835434812381131
2025-10-14 09:09:00,39.8,40.0,38.0,38.0,26000,1009500.0,37.295,35.2825,30.022708333333334,1.2760706707250336,1.0984886071997273,0.17758206352530626
2025-10-14 09:10:00,38.0,38.9,38.0,38.9,2480,94609.0,37.47,35.373333333333335,30.07229166666667,1.206740455093815,1.1201389767785448,0.08660147831527021
2025-10-14 09:11:00,37.05,38.0,37.0,37.15,14000,520750.0,37.5575,35.42583333333334,30.110833333333336,0.9990687425041855,1.095924929923673,-0.09685618741948754
2025-10-14 09:12:00,36.5,37.2,36.1,37.2,11541,421186.2,37.6425,35.49583333333333,30.153125,0.8289661899909007,1.0425331819371186,-0.21356699194621798
2025-10-14 09:13:00,37.0,37.85,37.0,37.85,5001,186737.85,37.760000000000005,35.559999999999995,30.198333333333334,0.7380999030931221,0.9816465261683194,-0.24354662307519725
2025-10-14 09:14:00,37.85,37.85,37.0,37.85,5101,191372.85,37.877500000000005,35.62416666666666,30.244166666666665,0.6584969728673045,0.9170166155081165,-0.25851964264081206
2025-10-14 09:15:00,37.85,37.85,37.85,37.85,1011,38266.35,37.98,35.68833333333334,30.290000000000003,0.5886257657346405,0.8513384455534214,-0.2627126798187809
2025-10-14 09:16:00,37.85,37.95,36.2,36.3,3321,120694.95,38.002500000000005,35.72666666666667,30.329375000000002,0.4035286574029442,0.761776487923326,-0.3582478305203818
2025-10-14 09:17:00,37.95,37.95,36.35,37.95,1004,36501.799999999996,38.1075,35.792500000000004,30.376875,0.3855348698792227,0.6865281643145054,-0.30099329443528267
2025-10-14 09:18:00,37.95,37.95,37.95,37.95,100,3795.0,38.22,35.858333333333334,30.422916666666666,0.36704361333067226,0.6226312541177388,-0.25558764078706653
2025-10-14 09:19:00,37.95,38.0,36.8,38.0,3002,111875.95,38.3125,35.92916666666667,30.469166666666663,0.35236193240710634,0.5685773897756123,-0.216215457368506
2025-10-14 09:20:00,37.95,37.95,37.95,37.95,1850,70207.49999999999,38.385000000000005,35.995,30.51833333333333,0.3328550663569345,0.5214329250918768,-0.18857785873494226
2025-10-14 09:21:00,37.95,38.0,37.5,37.95,7101,268583.0,38.4625,36.0775,30.567500000000003,0.3137786890656926,0.4799020778866399,-0.1661233888209473
2025-10-14 09:22:00,37.0,37.95,37.0,37.0,2100,77795.0,38.397499999999994,36.127500000000005,30.609583333333333,0.21947350812166633,0.4278163639336452,-0.20834285581197887
2025-10-14 09:23:00,37.0,37.95,37.0,37.95,2001,74037.95,38.3625,36.193333333333335,30.659375,0.21887003577951702,0.38602709830281956,-0.16715706252330254
2025-10-14 09:24:00,37.95,37.95,37.95,37.95,100,3795.0,38.260000000000005,36.25916666666667,30.709166666666665,0.21590298439145528,0.35200227552054675,-0.13609929112909147
2025-10-14 09:25:00,37.95,38.0,37.0,38.0,4001,150937.95,38.165000000000006,36.325833333333335,30.7575,0.21510654259862605,0.32462312893616263,-0.10951658633753658
2025-10-14 09:26:00,37.95,37.95,37.95,37.95,262,9942.9,38.0375,36.38916666666667,30.804375,0.20804258914158424,0.301307020977247,-0.09326443183566274
2025-10-14 09:27:00,36.9,36.9,36.9,36.9,3000,110700.0,37.8075,36.434999999999995,30.846041666666668,0.11637661319499415,0.26432093942079643,-0.14794432622580228
2025-10-14 09:28:00,36.85,36.85,36.85,36.85,1000,36850.0,37.675,36.480000000000004,30.890833333333333,0.03924370767336427,0.21930549307130998,-0.1800617853979457
2025-10-14 09:30:00,37.95,37.95,37.95,37.95,2,75.9,37.6725,36.54333333333333,30.94020833333333,0.06611401009745776,0.18866719647653954,-0.12255318637908177
2025-10-14 09:31:00,36.9,37.95,36.9,37.95,1001,36937.95,37.625,36.60666666666667,30.989583333333332,0.08641280532890505,0.16821631824701266,-0.08180351291810761
2025-10-14 09:32:00,36.85,37.95,36.85,37.95,51,1880.45,37.665000000000006,36.66916666666667,31.038958333333333,0.10133165851218706,0.15483938630004757,-0.053507727787860504
2025-10-14 09:34:00,37.65,37.65,37.6,37.6,4000,150450.0,37.685,36.72583333333333,31.082499999999996,0.08394521404311206,0.14066055184866047,-0.05671533780554841
2025-10-14 09:35:00,37.6,37.65,37.6,37.65,7566,284581.6,37.675,36.779999999999994,31.126250000000002,0.07335531921356875,0.12719950532164212,-0.05384418610807337
2025-10-14 09:36:00,36.85,37.95,36.85,37.95,3006,110776.8,37.68,36.840833333333336,31.171041666666667,0.08815405894297612,0.11939041604590891,-0.031236357102932794
2025-10-14 09:37:00,37.5,38.0,37.5,38.0,9109,343996.55,37.6875,36.903333333333336,31.221041666666668,0.10273251247521387,0.11605883533176993,-0.013326322856556064
2025-10-14 09:38:00,37.25,38.9,37.25,38.0,12109,459595.1,37.7725,36.965833333333336,31.26604166666667,0.1129836368953363,0.11544379564448322,-0.002460158749146915
2025-10-14 09:39:00,38.3,38.3,38.3,38.3,2500,95750.0,37.79,37.0375,31.31729166666667,0.14365920574990554,0.1210868776655677,0.022572328084337845
2025-10-14 09:40:00,39.0,39.0,38.2,38.95,3002,114777.95,37.84,37.11166666666667,31.37125,0.21790748099778767,0.14045099833201172,0.07745648266577596
2025-10-14 09:41:00,38.95,38.95,38.95,38.95,356,13866.2,37.8875,37.18416666666667,31.425208333333334,0.273595930482621,0.1670799847621336,0.10651594572048739
2025-10-14 09:42:00,38.95,38.95,38.95,38.95,1100,42845.0,37.9375,37.25666666666666,31.479166666666668,0.31410857973160944,0.19648570375602878,0.11762287597558066
2025-10-14 09:43:00,38.95,38.95,38.95,38.95,1000,38950.0,37.987500000000004,37.329166666666666,31.531875000000003,0.34226967438844014,0.22564249788251106,0.11662717650592908
2025-10-14 09:44:00,39.0,40.1,38.5,40.1,8256,323265.6,38.1425,37.420833333333334,31.589375,0.45217059271628557,0.270948116849266,0.18122247586701956
2025-10-14 09:45:00,39.1,39.1,38.9,38.9,1500,58550.0,38.190000000000005,37.490833333333335,31.641875000000002,0.4373958638538795,0.3042376662501887,0.1331581976036908
2025-10-14 09:46:00,40.1,40.1,40.1,40.1,1012,40581.200000000004,38.2975,37.575833333333335,31.70125,0.5165621490602135,0.3467025628121937,0.16985958624801978
2025-10-14 09:47:00,40.4,40.4,40.4,40.4,2700,109080.0,38.417500000000004,37.657500000000006,31.761875,0.5966318921812928,0.39668842868601356,0.1999434634952792
2025-10-14 09:48:00,40.4,40.4,40.4,40.4,1000,40400.0,38.540000000000006,37.73916666666667,31.82270833333333,0.6525653730632612,0.4478638175614631,0.20470155550179814
2025-10-14 09:49:00,40.4,40.4,40.4,40.4,22,888.8,38.715,37.82083333333333,31.883541666666662,0.6889512583917181,0.4960813057275142,0.19286995266420393
2025-10-14 09:50:00,40.4,40.4,39.0,39.0,1260,50624.0,38.822500000000005,37.8875,31.939791666666665,0.5979265103340481,0.5164503466488211,0.08147616368522703
2025-10-14 09:52:00,40.45,40.45,40.0,40.1,9001,361040.45,38.93,37.965833333333336,31.999375,0.6075461349574311,0.534669504310543,0.0728766306468881
2025-10-14 09:53:00,40.45,40.7,40.4,40.5,8307,336563.5,39.057500000000005,38.05083333333334,32.061875,0.6400681071272274,0.5557492248738799,0.0843188822533475
2025-10-14 09:54:00,40.95,40.95,40.0,40.7,7259,293883.55,39.195,38.13916666666667,32.12375,0.6742084772645072,0.5794410753520054,0.09476740191250177
2025-10-14 09:55:00,40.8,41.1,40.45,40.45,23012,933041.8500000001,39.3375,38.22166666666667,32.188125,0.6733303230727543,0.5982189248961552,0.07511139817659906
2025-10-14 09:56:00,40.95,40.95,40.0,40.95,4010,161359.5,39.502500000000005,38.3125,32.254583333333336,0.7048550703803755,0.6195461539929994,0.08530891638737614
2025-10-14 09:58:00,40.85,40.85,40.85,40.85,6100,249185.0,39.6475,38.401666666666664,32.320625,0.713544202084293,0.6383457636112582,0.07519843847303487
2025-10-14 09:59:00,40.85,43.0,40.85,42.0,54285,2236723.0,39.847500000000004,38.505,32.39145833333333,0.8039582602331308,0.6714682629356328,0.132489997297498
2025-10-14 10:00:00,42.0,42.1,42.0,42.1,18100,760810.0,40.052499999999995,38.60916666666666,32.46270833333333,0.8736107757601914,0.7118967655005446,0.16171401025964682
2025-10-14 10:01:00,42.1,42.1,42.1,42.1,100,4210.0,40.2425,38.71333333333334,32.53395833333334,0.9182261565775676,0.7531626437159493,0.16506351286161824
2025-10-14 10:02:00,42.1,42.1,41.1,41.1,4000,165400.0,40.35,38.803333333333335,32.598958333333336,0.8629450315019724,0.7751191212731541,0.08782591022881836
2025-10-14 10:03:00,42.1,42.1,42.1,42.1,9,378.9,40.50750000000001,38.9025,32.668125,0.889571557080906,0.7980096084347046,0.09156194864620137
2025-10-14 10:04:00,41.0,41.0,41.0,41.0,1020,41820.0,40.61,38.9775,32.734791666666666,0.8125459397187527,0.8009168746915143,0.011629065027238372
2025-10-14 10:05:00,41.0,41.0,41.0,41.0,3000,123000.0,40.7125,39.05416666666667,32.801458333333336,0.7429384510194197,0.7893211899570954,-0.04638273893767575
2025-10-14 10:06:00,42.1,42.1,41.0,41.0,1001,41042.1,40.75750000000001,39.09916666666667,32.868125,0.6799361342205685,0.7674441788097901,-0.08750804458922157
2025-10-14 10:08:00,42.1,42.1,42.1,42.1,1,42.1,40.917500000000004,39.156666666666666,32.939375,0.7105760725209578,0.7560705575520237,-0.0454944850310659
2025-10-14 10:09:00,42.1,42.15,41.0,42.15,7000,291500.0,41.02,39.1925,33.01083333333334,0.7304725931549214,0.7509509646726034,-0.020478371517681948
2025-10-14 10:10:00,41.5,42.0,41.5,42.0,2000,83500.0,41.1,39.2275,33.08166666666667,0.725770749285175,0.7459149215951177,-0.0201441723099427
2025-10-14 10:11:00,42.15,42.15,41.5,41.5,3025,127487.5,41.155,39.244166666666665,33.15083333333334,0.6739300368597583,0.731517944648046,-0.05758790778828771
2025-10-14 10:12:00,42.0,42.2,42.0,42.2,3300,138840.0,41.245,39.255833333333335,33.223125,0.6814744355366003,0.7215092428257569,-0.04003480728915665
2025-10-14 10:13:00,41.2,41.2,41.2,41.2,3000,123600.0,41.355000000000004,39.28416666666667,33.29020833333333,0.5998471189952497,0.6971768180596555,-0.0973296990644058
2025-10-14 10:14:00,41.1,41.1,41.1,41.1,500,20550.0,41.405,39.33583333333333,33.356875,0.5210810206338365,0.6619576585744917,-0.1408766379406552
2025-10-14 10:16:00,42.2,42.2,41.1,41.1,2001,82242.2,41.435,39.372499999999995,33.423125,0.453431444759417,0.6202524158114768,-0.16682097105205984
2025-10-14 10:17:00,41.5,41.5,41.5,41.5,2000,83000.0,41.47500000000001,39.445,33.49104166666667,0.427171162296446,0.5816361651084707,-0.1544650028120247
2025-10-14 10:20:00,42.1,42.1,42.1,42.1,1,42.1,41.5575,39.526666666666664,33.560208333333335,0.44959206734914403,0.5552273455566054,-0.10563527820746133
2025-10-14 10:22:00,41.7,42.1,41.0,41.0,8100,334010.0,41.559999999999995,39.579166666666666,33.62479166666667,0.37428545942918845,0.519038968331122,-0.1447535089019335
2025-10-14 10:23:00,40.85,41.2,40.85,41.0,5270,216000.0,41.567499999999995,39.63166666666667,33.68895833333333,0.31101919442718184,0.4774350135503339,-0.16641581912315206
2025-10-14 10:24:00,41.65,41.65,40.5,40.5,3200,133050.0,41.49249999999999,39.67583333333333,33.751041666666666,0.2180211897170281,0.4255522487836728,-0.2075310590666447
2025-10-14 10:25:00,40.5,41.0,40.5,41.0,5100,207600.0,41.4375,39.75416666666667,33.81729166666667,0.1825609730385196,0.37695399363464216,-0.19439302059612257
2025-10-14 10:27:00,41.0,41.0,41.0,41.0,3000,123000.0,41.3825,39.80499999999999,33.88104166666667,0.15269828506488636,0.33210285192069106,-0.1794045668558047
2025-10-14 10:32:00,40.0,40.0,40.0,40.0,1000,40000.0,41.3275,39.839166666666664,33.940625,0.04778936103922149,0.27524015374439714,-0.22745079270517565
2025-10-14 10:33:00,40.0,41.6,40.0,41.6,1015,40624.0,41.302499999999995,39.89916666666667,34.00895833333333,0.0926864791269324,0.23872941882090418,-0.14604293969397178
2025-10-14 10:38:00,41.3,41.3,40.1,40.1,350,14275.0,41.2575,39.93500000000001,34.06875,0.007147908066002628,0.19241311666992386,-0.18526520860392123
2025-10-14 10:39:00,41.3,41.3,39.8,41.0,8250,331745.0,41.2575,39.98583333333333,34.13229166666667,0.011843923239730714,0.15629927798388524,-0.14445535474415452
2025-10-14 10:40:00,40.8,40.8,40.3,40.3,1090,43972.0,41.2225,40.04083333333333,34.19583333333333,-0.04045229191748945,0.1169489640036103,-0.15740125592109974
2025-10-14 10:41:00,40.75,40.75,40.75,40.75,5000,203750.0,41.154999999999994,40.0875,34.25833333333333,-0.0450666793834813,0.08454583532619198,-0.12961251470967328
2025-10-14 10:42:00,40.8,40.8,40.8,40.8,5000,204000.0,41.0875,40.135,34.32395833333333,-0.044179755838229084,0.05880071709330776,-0.10298047293153684
2025-10-14 10:43:00,41.0,41.0,41.0,41.0,1000,41000.0,41.0375,40.184999999999995,34.38729166666666,-0.02702698376330659,0.04163517692198489,-0.06866216068529148
2025-10-14 10:44:00,41.3,41.3,41.3,41.3,1055,43571.5,41.027499999999996,40.240833333333335,34.45520833333333,0.01065142152346965,0.035438425842281844,-0.024787004318812193
2025-10-14 10:45:00,40.8,40.8,40.8,40.8,2000,81600.0,40.9575,40.30583333333333,34.51770833333333,0.00016411601853860702,0.028383563877533196,-0.02821944785899459
2025-10-14 10:51:00,40.1,40.1,40.1,40.1,150,6015.0,40.902499999999996,40.36,34.57729166666666,-0.06389475998696525,0.009927899104633502,-0.07382265909159876
2025-10-14 10:56:00,40.1,40.1,40.1,40.1,1000,40100.0,40.8525,40.39583333333334,34.636875,-0.11335519264100213,-0.014728719244493631,-0.0986264733965085
2025-10-14 10:59:00,40.1,40.1,40.0,40.0,7000,280100.0,40.7975,40.43,34.69604166666667,-0.1587916547757402,-0.04354130635074296,-0.11525034842499723
2025-10-14 11:00:00,40.0,40.0,40.0,40.0,1000,40000.0,40.7225,40.46416666666667,34.76,-0.19258043103771172,-0.07334913128813672,-0.119231299749575
2025-10-14 11:01:00,40.0,40.0,40.0,40.0,1000,40000.0,40.6175,40.50416666666668,34.81916666666667,-0.2168584702054943,-0.10205099907160825,-0.11480747113388606
2025-10-14 11:09:00,39.8,40.0,39.8,40.0,4200,167400.0,40.5675,40.54333333333334,34.883125,-0.2334084043659388,-0.12832248013047437,-0.10508592423546442
2025-10-14 11:10:00,40.55,40.55,40.55,40.55,1000,40550.0,40.545,40.586666666666666,34.94458333333333,-0.19984030828804578,-0.14262604576198865,-0.05721426252605713
2025-10-14 11:15:00,39.6,39.6,39.6,39.6,1000,39600.0,40.5,40.61333333333333,35.00208333333333,-0.24704661126646243,-0.16351015886288342,-0.08353645240357901
2025-10-14 11:18:00,39.6,39.6,39.6,39.6,2000,79200.0,40.43,40.64,35.064375000000005,-0.2812162604801358,-0.1870513791863339,-0.0941648812938019
2025-10-14 11:19:00,39.8,39.8,39.6,39.6,2100,83380.0,40.36,40.66166666666667,35.12708333333333,-0.30478260945974256,-0.21059762524101566,-0.0941849842187269
2025-10-14 11:20:00,39.0,39.0,39.0,39.0,2000,78000.0,40.31,40.6625,35.18729166666667,-0.3676362149627366,-0.24200534318535988,-0.1256308717773767
2025-10-14 11:21:00,39.0,39.6,39.0,39.6,1300,51300.0,40.21,40.67333333333333,35.252916666666664,-0.3648276584199266,-0.2665698062322733,-0.09825785218765332
2025-10-14 11:29:00,39.6,39.6,39.6,39.6,2000,79200.0,40.185,40.68416666666666,35.31854166666666,-0.3584696422291813,-0.2849497734316549,-0.07351986879752642
2025-10-14 11:31:00,40.0,40.0,40.0,40.0,5000,200000.0,40.135000000000005,40.70166666666667,35.38583333333334,-0.3174943344759882,-0.2914586856405216,-0.026035648835466607
2025-10-14 11:32:00,39.4,39.4,39.4,39.4,1000,39400.0,40.09,40.690000000000005,35.44729166666666,-0.3296362519402791,-0.2990941989004731,-0.030542053039806005
2025-10-14 11:34:00,40.1,40.1,40.1,40.1,1,40.1,40.057500000000005,40.71,35.51020833333333,-0.2795521559144021,-0.2951857903032589,0.015633634388856843
2025-10-14 11:36:00,40.1,40.1,40.1,40.1,1000,40100.0,40.022499999999994,40.71,35.573125,-0.23712669998626978,-0.2835739722398611,0.0464472722535913
2025-10-14 11:40:00,40.1,40.1,40.1,40.1,1000,40100.0,39.9775,40.705000000000005,35.637708333333336,-0.2011850840883227,-0.2670961946095534,0.06591111052123072
2025-10-14 11:54:00,38.9,38.9,38.9,38.9,900,35010.0,39.8575,40.67999999999999,35.69770833333334,-0.26645948662880414,-0.26696885301340356,0.000509366384599419
2025-10-14 12:00:00,40.15,40.15,40.15,40.15,1,40.15,39.825,40.67583333333333,35.76083333333334,-0.2148487252388378,-0.2565448274584904,0.04169610221965259
2025-10-14 12:02:00,40.15,40.15,40.15,40.15,10,401.5,39.8275,40.69500000000001,35.82395833333333,-0.1719645250018047,-0.23962876696715324,0.06766424196534854
2025-10-14 12:03:00,40.25,40.25,40.25,40.25,50,2012.5,39.835,40.6975,35.89083333333333,-0.12842887495852295,-0.2173887885654272,0.08895991360690425
2025-10-14 12:04:00,40.25,40.25,40.1,40.15,4000,160750.0,39.8425,40.69166666666667,35.95729166666667,-0.10083337848633533,-0.19407770654960882,0.09324432806327348
2025-10-14 12:05:00,39.4,39.4,39.4,39.4,10,394.0,39.8125,40.67,36.020625,-0.13789293676611436,-0.18284075259290994,0.04494781582679558
2025-10-14 12:07:00,40.5,40.5,40.5,40.5,1,40.5,39.8375,40.670833333333334,36.088541666666664,-0.07760748599653766,-0.1617940992736355,0.08418661327709784
2025-10-14 12:10:00,40.45,41.15,40.0,41.15,7001,282891.15,39.894999999999996,40.674166666666665,36.157916666666665,0.022360972424039005,-0.1249630849341006,0.1473240573581396
2025-10-14 12:11:00,41.15,41.15,41.15,41.15,1024,42137.6,39.925,40.67916666666667,36.228541666666665,0.10042901281139649,-0.07988466538500118,0.18031367819639765
2025-10-14 12:12:00,41.15,41.35,41.0,41.35,1032,42462.5,40.0125,40.66833333333333,36.3,0.17640335769822713,-0.028627060768355504,0.20503041846658263
2025-10-14 12:14:00,41.3,41.3,41.3,41.3,1000,41300.0,40.097500000000004,40.655,36.371249999999996,0.2299285184192712,0.023084055069169853,0.20684446335010134
2025-10-14 12:28:00,41.2,41.2,41.2,41.2,1000,41200.0,40.177499999999995,40.63999999999999,36.43375,0.2612667096574697,0.07072058598682983,0.19054612367063983
2025-10-14 12:30:00,40.4,40.4,40.0,40.0,5000,201200.0,40.2275,40.62166666666666,36.486666666666665,0.18711552946337662,0.0939995746821392,0.09311595478123742
2025-10-14 12:32:00,40.0,40.0,40.0,40.0,1000,40000.0,40.247499999999995,40.586666666666666,36.54375,0.12688750475902566,0.10057716069751649,0.026310344061509172
2025-10-14 12:34:00,41.0,41.0,41.0,41.0,1,41.0,40.317499999999995,40.586666666666666,36.600833333333334,0.1580263742384247,0.11206700340569814,0.045959370832726554
2025-10-14 12:35:00,40.8,40.8,40.8,40.8,500,20400.0,40.3575,40.583333333333336,36.655833333333334,0.16466763808423934,0.1225871303414064,0.04208050774283294
2025-10-14 12:41:00,41.0,41.0,41.0,41.0,1,41.0,40.4375,40.583333333333336,36.711666666666666,0.18394876915335345,0.13485945810379582,0.04908931104955763
2025-10-14 12:47:00,41.0,41.0,41.0,41.0,1000,41000.0,40.4825,40.565000000000005,36.76625,0.19695878615447526,0.1472793237139317,0.049679462440543554
2025-10-14 12:56:00,41.0,41.0,41.0,41.0,950,38950.0,40.5275,40.545833333333334,36.82208333333333,0.2049072748459082,0.15880491394032703,0.046102360905581174
2025-10-14 13:02:00,39.9,39.9,39.9,39.9,100,3990.0,40.5175,40.51083333333334,36.87166666666667,0.12105030986231924,0.15125399312472548,-0.030203683262406245
2025-10-14 13:03:00,39.9,40.1,39.9,40.1,7000,280300.0,40.5775,40.4875,36.922916666666666,0.06992533376563159,0.13498826125290672,-0.06506292748727513
2025-10-14 13:06:00,39.85,39.85,39.85,39.85,1000,39850.0,40.5625,40.44833333333334,36.970416666666665,0.009130263219617518,0.10981666164624887,-0.10068639842663135
2025-10-14 13:10:00,40.9,40.9,40.9,40.9,1,40.9,40.6,40.443333333333335,37.02208333333333,0.04515543286908752,0.0968844158908166,-0.05172898302172908
2025-10-14 13:17:00,40.9,40.9,40.9,40.9,1000,40900.0,40.6325,40.440000000000005,37.06979166666667,0.07286568905749391,0.09208067052415207,-0.019214981466658163
2025-10-14 13:22:00,40.9,40.9,40.9,40.9,1000,40900.0,40.67,40.436666666666675,37.115833333333335,0.09374562551214183,0.09241366152175004,0.001331963990391788
2025-10-14 13:26:00,40.9,40.9,40.9,40.9,2000,81800.0,40.745,40.42666666666666,37.16125,0.10903622386820899,0.09573817399104184,0.01329804987716715
2025-10-14 13:27:00,40.9,40.9,40.9,40.9,1200,49080.0,40.765,40.406666666666666,37.20333333333333,0.11977345934526085,0.10054523106188566,0.019228228283375184
2025-10-14 13:31:00,40.9,40.9,40.9,40.9,300,12270.0,40.752500000000005,40.405,37.24458333333333,0.12682088361536614,0.10580036157258177,0.021020522042784373
2025-10-14 13:37:00,39.9,39.9,39.9,39.9,3000,119700.0,40.69,40.38666666666667,37.282500000000006,0.05112503785986888,0.09486529683003919,-0.04374025897017031
2025-10-14 13:43:00,40.75,40.75,40.75,40.75,1,40.75,40.660000000000004,40.39083333333334,37.32104166666667,0.05904282209290557,0.08770080188261248,-0.02865797978970691
2025-10-14 13:46:00,40.75,40.75,40.75,40.75,1000,40750.0,40.6325,40.38666666666667,37.35958333333334,0.06457336162485916,0.08307531383106183,-0.018501952206202668
2025-10-14 14:02:00,40.7,40.7,40.7,40.7,50,2035.0,40.6075,40.38166666666667,37.39770833333333,0.06418192266414025,0.07929663559767752,-0.015114712933537278
2025-10-14 14:03:00,40.7,40.7,40.7,40.7,25,1017.5,40.6425,40.39333333333334,37.43395833333333,0.06314382179561306,0.07606607283726463,-0.012922251041651567
2025-10-14 14:22:00,40.7,40.7,40.7,40.7,2000,81400.0,40.6775,40.37833333333333,37.470208333333325,0.06161090719153606,0.07317503970811892,-0.011564132516582865
2025-10-14 14:27:00,40.7,40.7,40.5,40.5,5000,202900.0,40.6525,40.385,37.505624999999995,0.04375337116621125,0.0672907059997374,-0.023537334833526144
2025-10-14 14:28:00,40.75,40.75,40.75,40.75,1,40.75,40.65,40.380833333333335,37.547916666666666,0.0492068301644224,0.06367393083267439,-0.014467100668251992
2025-10-14 14:33:00,40.75,40.75,40.75,40.75,500,20375.0,40.6375,40.388333333333335,37.59020833333333,0.05291872162838018,0.06152288899181555,-0.008604167363435368
2025-10-14 14:37:00,40.75,40.75,40.75,40.75,1000,40750.0,40.625,40.388333333333335,37.626875,0.05522383634654204,0.060263078462760855,-0.005039242116218812
2025-10-14 14:42:00,40.75,40.75,40.75,40.75,4000,163000.0,40.6125,40.3875,37.66083333333333,0.05640050643803107,0.05949056405781491,-0.0030900576197838356
2025-10-14 14:43:00,40.9,40.9,40.9,40.9,1,40.9,40.6625,40.38583333333334,37.69479166666667,0.06864547011155508,0.06132154526856295,0.007323924842992137
2025-10-14 14:44:00,40.9,41.0,40.8,40.8,8100,331880.0,40.6975,40.37749999999999,37.72770833333333,0.06947961008241776,0.06295315823133392,0.006526451851083845
2025-10-14 14:45:00,40.8,41.4,40.8,41.4,101,4121.4,40.775,40.3875,37.76208333333333,0.11720459598456756,0.07380344578198066,0.043401150202586905
2025-10-14 14:46:00,41.4,41.4,41.4,41.4,900,37260.0,40.8,40.40916666666667,37.79291666666666,0.15326030179412697,0.08969481698440993,0.06356548480971705
2025-10-14 14:50:00,41.4,41.4,40.8,40.8,530,21924.0,40.795,40.420833333333334,37.81604166666667,0.13189927014299485,0.09813570761612693,0.03376356252686792
2025-10-14 14:52:00,41.45,41.45,41.45,41.45,1,41.45,40.822500000000005,40.445,37.84145833333333,0.16551214540044867,0.11161099517299128,0.053901150227457395
2025-10-14 14:57:00,41.45,41.45,41.4,41.4,1801,74611.45,40.847500000000004,40.468333333333334,37.865833333333335,0.18597223689388898,0.12648324351717083,0.05948899337671815
2025-10-14 14:58:00,41.4,41.4,41.4,41.4,5150,213210.0,40.872499999999995,40.49166666666667,37.890208333333334,0.1998828813757143,0.14116317108887952,0.058719710286834786
2025-10-14 14:59:00,41.4,41.4,40.8,40.8,8000,328200.0,40.86749999999999,40.504999999999995,37.91104166666666,0.16064041900248327,0.14505862067160027,0.015581798330882995
2025-10-14 15:00:00,41.45,41.45,40.8,40.8,2000,82250.0,40.9125,40.50916666666667,37.931875000000005,0.12806424000349637,0.1416597445379795,-0.013595504534483133
2025-10-15 09:01:00,40.5,41.45,40.0,40.0,6117,247189.45,40.875,40.51583333333334,37.949375,0.037264507283452986,0.12078069708707419,-0.0835161898036212
2025-10-15 09:02:00,40.1,41.0,39.1,39.1,23102,919580.1,40.792500000000004,40.5075,37.96854166666666,-0.10609442299331562,0.07540567307099622,-0.18150009606431183
2025-10-15 09:03:00,38.2,39.3,38.0,39.0,7493,287043.9,40.7075,40.497499999999995,37.987291666666664,-0.22518082793388317,0.015288372870020325,-0.2404692008039035
2025-10-15 09:04:00,37.4,38.5,37.4,37.45,26500,1008075.0,40.545,40.471666666666664,37.994166666666665,-0.4395627027114415,-0.07568184224627207,-0.36388086046516943
2025-10-15 09:05:00,37.45,37.45,36.7,36.7,12020,446249.0,40.345,40.42333333333333,38.00333333333334,-0.6623455082754859,-0.1930145754521149,-0.469330932823371
2025-10-15 09:06:00,36.7,36.7,35.65,35.65,9225,331451.25,40.1025,40.3575,38.008125,-0.9131030282099886,-0.3370322660036897,-0.5760707622062988
2025-10-15 09:07:00,35.8,35.8,34.15,34.15,11130,389491.0,39.772499999999994,40.26,38.00666666666667,-1.2188178597460322,-0.5133893847521582,-0.705428474993874
2025-10-15 09:08:00,33.75,33.75,32.3,32.3,17154,566066.7,39.35,40.141666666666666,37.999583333333334,-1.5920267122629213,-0.7291168502543109,-0.8629098620086103
2025-10-15 09:09:00,32.3,32.8,32.3,32.5,9680,313861.0,38.9375,40.015,37.99333333333333,-1.8503296398785594,-0.9533594081791607,-0.8969702316993987
2025-10-15 09:10:00,32.5,32.5,31.3,31.3,14400,457800.0,38.464999999999996,39.86833333333334,37.980000000000004,-2.1273438465303727,-1.1881562958494032,-0.9391875506809695
2025-10-15 09:11:00,31.8,31.8,30.5,30.5,11100,347515.0,37.945,39.708333333333336,37.965625,-2.383952198220193,-1.4273154763235614,-0.9566367218966316
2025-10-15 09:12:00,30.5,30.85,30.5,30.8,5000,153750.0,37.445,39.57333333333334,37.9525,-2.533899457256716,-1.6486322725101923,-0.8852671847465237
2025-10-15 09:13:00,30.35,31.7,30.35,31.7,3001,91981.7,36.96,39.432500000000005,37.94125,-2.5507082846242923,-1.8290474749330126,-0.7216608096912798
2025-10-15 09:14:00,31.8,33.65,31.8,33.6,12001,391633.65,36.57,39.32333333333334,37.93895833333333,-2.383242741568978,-1.939886528260206,-0.44335621330877184
2025-10-15 09:15:00,33.6,34.4,33.25,34.35,7257,245408.2,36.2475,39.225,37.940416666666664,-2.165049022747077,-1.9849190271575803,-0.1801299955894966
2025-10-15 09:16:00,34.35,35.65,34.3,35.65,7002,242370.9,35.957499999999996,39.15,37.94833333333334,-1.8657229009037408,-1.9610798019068127,0.09535690100307193
2025-10-15 09:19:00,34.0,35.0,34.0,35.0,3001,102035.0,35.6375,39.07666666666667,37.953541666666666,-1.6617981854891184,-1.9012234786232742,0.23942529313415584
2025-10-15 09:20:00,33.9,33.9,33.9,33.9,2000,67800.0,35.2625,38.96666666666667,37.96,-1.5708395259991548,-1.8351466880984506,0.26430716209929583
2025-10-15 09:24:00,34.3,34.3,34.3,34.3,1000,34300.0,34.9375,38.8525,37.968125,-1.4497654819429329,-1.7580704468673474,0.3083049649244145
2025-10-15 09:25:00,34.3,34.35,33.5,33.9,7000,238400.0,34.5925,38.73166666666667,37.97479166666666,-1.370294188372462,-1.6805151951683703,0.31022100679590836
2025-10-15 09:27:00,33.05,33.05,33.05,33.05,1,33.05,34.245,38.59333333333334,37.97791666666667,-1.3602207339981902,-1.6164563029343344,0.2562355689361442
2025-10-15 09:29:00,33.05,33.05,33.05,33.05,1000,33050.0,33.942499999999995,38.45583333333333,37.979791666666664,-1.3368273354542666,-1.560530509438321,0.22370317398405448
2025-10-15 09:30:00,33.05,33.05,33.05,33.05,1063,35132.15,33.644999999999996,38.32000000000001,37.98166666666667,-1.3032646746525742,-1.5090773424811719,0.20581266782859764
2025-10-15 09:31:00,33.0,33.0,33.0,33.0,2020,66660.0,33.4225,38.20333333333334,37.983333333333334,-1.266105727589668,-1.4604830195028713,0.1943772919132032
2025-10-15 09:32:00,33.0,33.0,32.8,32.8,3070,100710.0,33.2275,38.083333333333336,37.98416666666667,-1.2385184530806796,-1.416090106218433,0.17757165313775336
2025-10-15 09:33:00,33.1,33.1,32.45,33.0,15160,497430.0,33.095,37.95,37.98833333333334,-1.1868359052108914,-1.370239266016925,0.18340336080603348
2025-10-15 09:37:00,32.05,32.05,32.0,32.0,6000,192150.0,32.9875,37.80333333333333,37.98354166666666,-1.2125907647976817,-1.3387095657730763,0.12611880097539463
2025-10-15 09:38:00,32.2,32.2,32.2,32.2,1000,32200.0,32.9825,37.656666666666666,37.97958333333334,-1.202995959462008,-1.3115668445108628,0.1085708850488547
2025-10-15 09:39:00,31.5,31.5,30.7,30.7,7100,219750.0,32.8925,37.485,37.968125,-1.3014274258290754,-1.3095389607745054,0.008111534945429932
2025-10-15 09:40:00,31.0,31.0,30.8,30.8,2000,61800.0,32.8675,37.315000000000005,37.95708333333334,-1.3557378063066494,-1.3187787298809344,-0.036959076425715054
2025-10-15 09:42:00,31.5,31.5,30.8,30.8,1001,30831.5,32.8825,37.16333333333333,37.94520833333333,-1.3828386707115072,-1.331590718047049,-0.05124795266445825
2025-10-15 09:43:00,30.1,30.8,30.1,30.5,17088,518484.0,32.8675,37.00333333333333,37.93208333333334,-1.4122443203653283,-1.347721438510705,-0.06452288185462329
2025-10-15 09:44:00,30.5,31.5,30.1,31.5,8002,242863.0,32.8575,36.86416666666666,37.923125,-1.3394169026255511,-1.3460605313336744,0.006643628708123295
2025-10-15 09:45:00,31.5,31.5,31.5,31.5,300,9450.0,32.7525,36.707499999999996,37.91270833333333,-1.26709437416703,-1.3302672999003458,0.06317292573331579
2025-10-15 09:47:00,31.5,31.5,31.5,31.5,2,63.0,32.61,36.55083333333333,37.90229166666666,-1.195991602592212,-1.303412160438719,0.10742055784650706
2025-10-15 09:57:00,31.45,31.45,31.45,31.45,501,15756.45,32.4,36.39333333333333,37.89395833333334,-1.130643372981261,-1.2688584029472274,0.13821502996596635
2025-10-15 09:58:00,31.45,31.45,31.45,31.45,2000,62900.0,32.2225,36.23583333333333,37.88333333333333,-1.0665597928247479,-1.2283986809227316,0.16183888809798375
2025-10-15 09:59:00,31.5,31.5,31.5,31.5,8001,252031.5,32.1025,36.079166666666666,37.87708333333333,-1.0002087281115273,-1.1827606903604908,0.18255196224896353
2025-10-15 10:00:00,32.6,32.6,31.5,32.0,3202,101864.6,31.9875,35.93083333333333,37.86875,-0.8969398457508966,-1.125596521438572,0.22865667568767534
2025-10-15 10:01:00,32.6,32.6,32.6,32.6,1000,32600.0,31.922499999999996,35.80916666666666,37.86291666666667,-0.7579463926677725,-1.0520664956844121,0.2941201030166396
2025-10-15 10:02:00,32.6,32.6,32.6,32.6,2000,65200.0,31.9,35.673333333333325,37.857083333333335,-0.6404108223870573,-0.9697353610249412,0.3293245386378839
2025-10-15 10:03:00,32.0,32.0,32.0,32.0,1000,32000.0,31.847500000000004,35.527499999999996,37.84875,-0.5888896682082994,-0.8935662224616129,0.3046765542533135
2025-10-15 10:06:00,33.15,33.15,33.15,33.15,1,33.15,31.8525,35.401666666666664,37.84520833333333,-0.45007520646473154,-0.8048680192622366,0.3547928127975051
2025-10-15 10:10:00,32.0,32.0,32.0,32.0,1100,35200.0,31.8025,35.25666666666666,37.836875,-0.427926266848381,-0.7294796687794656,0.3015534019310846
2025-10-15 10:11:00,33.0,33.0,33.0,33.0,50,1650.0,31.8125,35.12833333333333,37.83375,-0.3259243766435702,-0.6487686103522865,0.3228442337087163
2025-10-15 10:12:00,31.55,31.55,31.55,31.55,2000,63100.0,31.740000000000002,34.979166666666664,37.823541666666664,-0.35796364355838506,-0.5906076169935063,0.23264397343512122
2025-10-15 10:15:00,31.6,31.6,31.6,31.6,3200,101120.0,31.72,34.82666666666667,37.817708333333336,-0.3749976715565069,-0.5474856279061064,0.17248795634959957
2025-10-15 10:19:00,31.5,31.5,31.5,31.5,2000,63000.0,31.684999999999995,34.6725,37.807291666666664,-0.39204715022675884,-0.5163979323702369,0.12435078214347806
2025-10-15 10:20:00,32.0,32.0,32.0,32.0,500,16000.0,31.75,34.526666666666664,37.79895833333333,-0.3610511902079878,-0.4853285839377871,0.12427739372979929
2025-10-15 10:25:00,32.9,32.9,32.9,32.9,2,65.8,31.855,34.395833333333336,37.794374999999995,-0.26085719087467396,-0.44043430532516453,0.17957711445049057
2025-10-15 10:38:00,32.0,32.0,32.0,32.0,2100,67200.0,31.915000000000003,34.247499999999995,37.78604166666666,-0.25117975902236367,-0.40258339606460436,0.1514036370422407
2025-10-15 10:43:00,31.75,31.75,31.75,31.75,1000,31750.0,31.977500000000003,34.096666666666664,37.776041666666664,-0.26067829806659404,-0.3742023764650023,0.11352407839840828
2025-10-15 11:13:00,31.75,32.0,31.75,32.0,6200,197900.0,32.002500000000005,33.940000000000005,37.767083333333325,-0.24520646058766715,-0.34840319328953534,0.10319673270186819
2025-10-15 11:16:00,31.75,31.75,31.75,31.75,3000,95250.0,32.015,33.77916666666667,37.75708333333333,-0.25023329492083946,-0.3287692136157962,0.07853591869495674
2025-10-15 11:18:00,31.7,31.7,31.7,31.7,4000,126800.0,32.025,33.627500000000005,37.746875,-0.2553086403964535,-0.3140770989719277,0.05876845857547419
2025-10-15 11:26:00,31.5,31.5,31.5,31.5,1000,31500.0,32.027499999999996,33.461666666666666,37.73583333333333,-0.2723299664483321,-0.3057276724672086,0.03339770601887654
2025-10-15 11:27:00,32.0,32.0,31.5,31.5,2610,82798.0,32.03,33.29666666666667,37.724583333333335,-0.2825622878115013,-0.30109459553606716,0.018532307724565877
2025-10-15 11:28:00,31.5,31.5,31.5,31.5,2000,63000.0,32.03,33.13166666666667,37.71333333333334,-0.2873589807563022,-0.2983474725801142,0.010988491823812008
2025-10-15 11:29:00,31.7,31.7,31.7,31.7,4000,126800.0,32.015,32.98,37.702083333333334,-0.2718879113454591,-0.2930555603331832,0.021167648987724108
2025-10-15 11:38:00,31.5,31.5,31.5,31.5,1000,31500.0,31.96,32.825,37.69041666666667,-0.272622681335875,-0.28896898453372155,0.01634630319784658
2025-10-15 11:39:00,31.5,31.5,31.5,31.5,1000,31500.0,31.905,32.68333333333333,37.678958333333334,-0.2700915446464798,-0.2851934965562732,0.01510195190979341
2025-10-15 11:55:00,32.5,32.5,32.5,32.5,1,32.5,31.93,32.57333333333333,37.67166666666667,-0.18525841425283218,-0.265206480095585,0.07994806584275282
2025-10-15 12:05:00,32.5,32.5,32.5,32.5,30,975.0,31.8975,32.464999999999996,37.66541666666667,-0.11668250395293,-0.235501684867054,0.118819180914124
2025-10-15 12:07:00,31.5,31.5,31.5,31.5,2000,63000.0,31.872500000000002,32.36583333333333,37.65291666666667,-0.14139730353047142,-0.21668080859973748,0.07528350506926607
2025-10-15 12:09:00,31.5,31.5,31.5,31.5,1000,31500.0,31.797500000000003,32.27916666666667,37.64,-0.15914938521052946,-0.20517452392189592,0.04602513871136646
2025-10-15 12:10:00,32.5,32.5,32.5,32.5,1,32.5,31.845,32.22666666666667,37.63125,-0.09147196333353591,-0.18243401180422394,0.09096204847068803
2025-10-15 12:12:00,31.5,31.5,31.5,31.5,70,2205.0,31.840000000000003,32.1825,37.61833333333334,-0.11717800644034781,-0.16938281073144873,0.052204804291100915
2025-10-15 12:14:00,31.5,31.6,31.5,31.6,8000,252600.0,31.845000000000006,32.170833333333334,37.60583333333333,-0.12800549882955892,-0.16110734835107077,0.03310184952151185
2025-10-15 12:15:00,31.5,31.6,31.5,31.6,4000,126200.0,31.825,32.155833333333334,37.59291666666666,-0.13502982478886238,-0.1558918436386291,0.02086201884976671
2025-10-15 12:23:00,32.6,32.6,32.6,32.6,1,32.6,31.809999999999995,32.1775,37.58291666666666,-0.05922233287903822,-0.13655794148671094,0.07733560860767272
2025-10-15 12:29:00,32.6,32.6,32.6,32.6,50,1630.0,31.839999999999996,32.2125,37.57083333333333,0.0008458996187314938,-0.10907717326562244,0.10992307288435393
2025-10-15 12:42:00,32.6,32.6,32.0,32.0,4000,128600.0,31.8525,32.2325,37.55625,3.501739197986353e-05,-0.08725473513410198,0.08728975252608184
2025-10-15 12:51:00,32.5,32.5,32.5,32.5,1000,32500.0,31.877499999999998,32.24583333333333,37.54375,0.03928535163151281,-0.06194671778097902,0.10123206941249183
2025-10-15 12:53:00,32.5,32.5,32.0,32.5,14000,452500.0,31.915,32.2275,37.53333333333333,0.06958934168662978,-0.035639505887457255,0.10522884757408704
2025-10-15 12:56:00,32.85,32.85,32.5,32.6,6150,201730.0,31.96,32.19833333333333,37.52166666666667,0.10051595108381406,-0.008408414493202987,0.10892436557701704
2025-10-15 12:57:00,32.7,32.7,32.7,32.7,2000,65400.0,32.019999999999996,32.149166666666666,37.510416666666664,0.13157792766469356,0.01958885393837633,0.11198907372631722
2025-10-15 12:58:00,33.0,33.0,33.0,33.0,5000,165000.0,32.095,32.115833333333335,37.500416666666666,0.17834639447119827,0.05134036204494073,0.12700603242625752
2025-10-15 12:59:00,32.5,32.5,32.5,32.5,1000,32500.0,32.144999999999996,32.0925,37.48791666666667,0.17306987821451258,0.07568626527885512,0.09738361293565746
2025-10-15 13:00:00,34.0,34.0,34.0,34.0,1,34.0,32.26,32.0875,37.48166666666667,0.286621668859965,0.11787334599507712,0.16874832286488786
2025-10-15 13:01:00,32.7,33.9,32.7,33.9,2101,69033.9,32.38,32.0875,37.475,0.3643431952191136,0.16716731583988445,0.19717587937922917
2025-10-15 13:03:00,33.9,33.9,33.9,33.9,1000,33900.0,32.5,32.10166666666667,37.467083333333335,0.4210840697715028,0.21795066662620813,0.20313340314529468
2025-10-15 13:08:00,33.9,34.0,33.5,33.5,5000,169400.0,32.55,32.10916666666667,37.45729166666667,0.4288316601499105,0.26012686533094864,0.16870479481896183
2025-10-15 13:09:00,34.0,34.05,34.0,34.05,5100,173550.0,32.6275,32.12583333333334,37.44979166666667,0.47388938298028904,0.30287936886081673,0.1710100141194723
2025-10-15 13:10:00,35.0,35.0,35.0,35.0,1,35.0,32.802499999999995,32.15916666666667,37.446875,0.5795740446510322,0.35821830401885985,0.2213557406321724
2025-10-15 13:11:00,35.0,35.0,35.0,35.0,3000,105000.0,32.9775,32.19583333333333,37.442083333333336,0.6557705853372156,0.417728760282531,0.23804182505468457
2025-10-15 13:12:00,35.2,35.2,35.0,35.0,2165,76188.0,33.1025,32.229166666666664,37.435833333333335,0.7079955606857951,0.47578212036318385,0.2322134403226112
2025-10-15 13:13:00,35.2,35.2,35.2,35.2,1000,35200.0,33.2875,32.2825,37.43083333333334,0.7567986546405479,0.5319854272186567,0.22481322742189114
2025-10-15 13:15:00,35.7,35.7,35.7,35.7,1,35.7,33.49249999999999,32.340833333333336,37.419999999999995,0.8262962507060578,0.590847591916137,0.23544865878992083
2025-10-15 13:20:00,35.7,35.7,35.0,35.2,5030,178050.0,33.6725,32.41583333333333,37.405625,0.8314434128575954,0.6389667561044288,0.1924766567531666
2025-10-15 13:23:00,35.7,35.7,35.7,35.7,1001,35735.7,33.8275,32.4975,37.38770833333333,0.8658869910349267,0.6843508030905284,0.1815361879443983
2025-10-15 13:25:00,35.2,35.2,35.2,35.2,1000,35200.0,33.957499999999996,32.57083333333333,37.368125,0.8431190025295905,0.7161044429783409,0.12701455955124963
2025-10-15 13:28:00,35.7,35.7,35.2,35.2,600,21170.0,34.1175,32.649166666666666,37.34604166666667,0.8156726411361817,0.7360180826099091,0.07965455852627257
2025-10-15 13:30:00,35.7,35.7,35.7,35.7,1,35.7,34.2775,32.719166666666666,37.321875,0.8247597068121593,0.7537664074503592,0.0709932993618001
2025-10-15 13:31:00,34.4,34.4,34.4,34.4,30,1032.0,34.3725,32.7675,37.300625,0.7187765279906344,0.7467684315584143,-0.02799190356777992
2025-10-15 13:33:00,35.7,35.7,35.7,35.7,1,35.7,34.527499999999996,32.8375,37.291041666666665,0.731253792127724,0.7436655036722764,-0.01241171154455234
2025-10-15 13:53:00,34.0,34.0,34.0,34.0,100,3400.0,34.5925,32.88,37.270625,0.5970835142621596,0.714349105790253,-0.11726559152809346
2025-10-15 14:05:00,34.0,34.0,34.0,34.0,900,30600.0,34.6425,32.9225,37.2575,0.48515998015937356,0.6685112806640772,-0.1833513005047036
2025-10-15 14:09:00,35.3,35.3,35.3,35.3,1,35.3,34.782500000000006,32.98583333333333,37.249583333333334,0.4956454166297348,0.6339381078572087,-0.1382926912274739
2025-10-15 14:31:00,35.3,35.3,35.3,35.3,1000,35300.0,34.847500000000004,33.04083333333333,37.238958333333336,0.4982121213671462,0.6067929105591963,-0.10858078919205005
2025-10-15 14:32:00,34.0,34.0,34.0,34.0,500,17000.0,34.8525,33.064166666666665,37.22291666666667,0.3908417376558049,0.563602675978518,-0.1727609383227131
2025-10-15 14:33:00,34.0,34.0,34.0,34.0,50,1700.0,34.8575,33.0875,37.206875,0.30226560525910884,0.5113352618346362,-0.20906965657552734
2025-10-15 14:47:00,34.0,34.0,34.0,34.0,400,13600.0,34.8825,33.12083333333333,37.197291666666665,0.22942372825019675,0.4549529551177483,-0.22552922686755156
2025-10-15 14:51:00,34.0,34.0,34.0,34.0,4000,136000.0,34.88,33.135,37.18083333333333,0.1697393661691322,0.3979102373280251,-0.2281708711588929
2025-10-15 14:52:00,33.9,33.9,33.9,33.9,7000,237300.0,34.825,33.166666666666664,37.16395833333333,0.1130665540979976,0.3409415006820196,-0.22787494658402202
2025-10-15 14:56:00,34.05,34.05,34.05,34.05,100,3405.0,34.7775,33.18416666666666,37.1475,0.07934208248559571,0.28862161704273487,-0.20927953455713916
2025-10-15 14:57:00,34.45,34.45,34.45,34.45,1,34.45,34.75,33.2325,37.13291666666667,0.08392442429939706,0.24768217849406732,-0.16375775419467026
2025-10-15 15:00:00,34.4,34.4,34.4,34.4,50,1720.0,34.71,33.27916666666667,37.118125,0.08256957045779956,0.2146596568868138,-0.13209008642901424
2025-10-16 09:01:00,33.9,34.4,33.0,33.0,12000,402900.0,34.575,33.30416666666667,37.10145833333333,-0.03111380016405718,0.1655049654766396,-0.19661876564069677
2025-10-16 09:02:00,32.5,33.3,31.85,33.3,3020,98164.55,34.480000000000004,33.325833333333335,37.08208333333334,-0.09589577087731271,0.11322481820584912,-0.20912058908316183
2025-10-16 09:03:00,33.3,33.5,33.3,33.5,7000,234100.0,34.37,33.33583333333333,37.063541666666666,-0.12960363088482296,0.06465912838771469,-0.19426275927253767
2025-10-16 09:04:00,32.5,33.65,32.5,33.65,2101,69548.3,34.292500000000004,33.36333333333333,37.04541666666667,-0.14257014649316346,0.023213273411539052,-0.16578341990470252
2025-10-16 09:05:00,32.5,33.65,32.5,33.65,3,98.65,34.214999999999996,33.395,37.0275,-0.15110436645419156,-0.01165025456160708,-0.13945411189258447
2025-10-16 09:10:00,34.0,34.0,32.8,32.8,12,405.6,34.07,33.40833333333333,37.010416666666664,-0.2238750018486826,-0.0540952040190222,-0.16977979782966038
2025-10-16 09:11:00,33.95,33.95,33.95,33.95,10,339.5,34.0475,33.445,36.998333333333335,-0.1865998586181732,-0.08059613493885241,-0.10600372367932077
2025-10-16 09:12:00,32.85,32.85,32.85,32.85,3,98.55,33.905,33.464166666666664,36.97708333333333,-0.2430184802054498,-0.11308060399217192,-0.1299378762132779
2025-10-16 09:13:00,32.85,32.85,32.85,32.85,600,19710.0,33.847500000000004,33.486666666666665,36.95583333333334,-0.2844516625863065,-0.14735481571099884,-0.13709684687530765
2025-10-16 09:14:00,32.85,34.0,32.5,32.5,24611,809909.0,33.7725,33.50333333333333,36.933125000000004,-0.34159217114582674,-0.18620228679796444,-0.1553898843478623
2025-10-16 09:15:00,33.5,33.5,32.5,32.5,2001,65033.5,33.6325,33.519999999999996,36.911875,-0.3824675875825321,-0.22545534695487798,-0.1570122406276541
2025-10-16 09:16:00,32.3,33.0,32.3,33.0,3001,96933.0,33.5175,33.541666666666664,36.892500000000005,-0.37024784162744595,-0.2544138458893916,-0.11583399573805436
2025-10-16 09:17:00,31.85,33.0,31.85,33.0,18501,600783.0,33.4675,33.56666666666667,36.871875,-0.3564546179688719,-0.27482200030528764,-0.08163261766358426
2025-10-16 09:18:00,32.85,33.25,32.8,33.0,16001,526683.25,33.417500000000004,33.59166666666667,36.85104166666667,-0.3415858003677812,-0.2881747603177864,-0.05341104004999481
2025-10-16 09:19:00,33.0,33.25,32.25,32.25,9001,294433.25,33.33,33.5875,36.827083333333334,-0.38587278600375896,-0.30771436545498093,-0.07815842054877803
2025-10-16 09:20:00,33.0,33.0,33.0,33.0,10,330.0,33.28,33.59583333333333,36.805,-0.35634409627692065,-0.3174403116193689,-0.03890378465755173
2025-10-16 09:22:00,32.6,32.6,32.25,32.25,4000,129350.0,33.197500000000005,33.608333333333334,36.77708333333333,-0.38897724140515777,-0.3317476975765267,-0.057229543828631046
2025-10-16 09:23:00,32.95,32.95,32.95,32.95,10,329.5,33.1425,33.6325,36.75208333333333,-0.35427127543547954,-0.33625241314831733,-0.018018862287162207
2025-10-16 09:26:00,32.95,32.95,32.95,32.95,1000,32950.0,33.0675,33.64,36.72708333333333,-0.32304271206396606,-0.33361047293144713,0.010567760867481069
2025-10-16 09:32:00,31.6,31.85,31.5,31.85,12000,379800.0,32.940000000000005,33.645833333333336,36.697500000000005,-0.3826437782308503,-0.3434171339913278,-0.03922664423952249
2025-10-16 09:34:00,31.8,31.8,31.8,31.8,60,1908.0,32.879999999999995,33.649166666666666,36.66291666666667,-0.42896776137322234,-0.36052725946770675,-0.0684405019055156
2025-10-16 09:37:00,31.8,31.8,31.8,31.8,550,17490.0,32.805,33.6525,36.63333333333333,-0.4603729588622727,-0.38049639934662,-0.0798765595156527
2025-10-16 09:38:00,31.8,31.8,31.8,31.8,2390,76002.0,32.72,33.63916666666667,36.59875,-0.4797317550846145,-0.4003434704942189,-0.0793882845903956
2025-10-16 09:43:00,31.55,31.8,31.55,31.55,14110,446198.0,32.615,33.62166666666666,36.561875,-0.5093748945171086,-0.42214975529879695,-0.08722513921831165
2025-10-16 09:44:00,31.8,31.8,31.8,31.8,5000,159000.0,32.5225,33.61833333333333,36.526041666666664,-0.506851714362881,-0.4390901471116138,-0.0677615672512672
2025-10-16 09:45:00,31.8,31.8,31.8,31.8,2000,63600.0,32.4725,33.60666666666667,36.490208333333335,-0.4990987759017287,-0.4510918728696368,-0.048006903032091874
2025-10-16 09:51:00,31.55,31.55,31.55,31.55,2000,63100.0,32.352500000000006,33.590833333333336,36.45916666666666,-0.5072798209717533,-0.4623294624900602,-0.0449503584816931
2025-10-16 09:58:00,31.55,31.8,31.55,31.8,2100,66755.0,32.3,33.5775,36.42458333333333,-0.48796548510385307,-0.4674566670128188,-0.020508818091034275
2025-10-16 09:59:00,31.55,31.55,31.55,31.55,500,15775.0,32.235,33.55833333333333,36.38729166666666,-0.4872153303913507,-0.4714083996885252,-0.01580693070282546
2025-10-16 10:03:00,31.55,31.8,31.55,31.8,3000,94900.0,32.2,33.538333333333334,36.350208333333335,-0.46113227093977827,-0.4693531739387759,0.008220902998997637
2025-10-16 10:04:00,32.6,32.6,32.6,32.6,1,32.6,32.205,33.54,36.317499999999995,-0.37162409306814226,-0.4498073577646492,0.07818326469650694
2025-10-16 10:12:00,32.6,32.6,32.6,32.6,2000,65200.0,32.185,33.516666666666666,36.28270833333333,-0.2972615708830375,-0.41929820038832694,0.12203662950528943
2025-10-16 10:16:00,32.9,32.9,32.9,32.9,1,32.9,32.18,33.5,36.249583333333334,-0.21168111537183165,-0.3777747833850279,0.16609366801319625
2025-10-16 10:18:00,32.9,32.9,32.9,32.9,100,3290.0,32.175,33.483333333333334,36.21166666666667,-0.14221858053687697,-0.3306635428153977,0.18844496227852076
2025-10-16 10:19:00,32.9,32.9,32.9,32.9,100,3290.0,32.207499999999996,33.473333333333336,36.17333333333333,-0.08617564207032302,-0.2817659626663828,0.1955903205960598
2025-10-16 10:20:00,31.55,31.55,31.55,31.55,280,8834.0,32.135000000000005,33.431666666666665,36.129374999999996,-0.14897760604016952,-0.25520829134114015,0.10623068530097063
2025-10-16 10:22:00,31.55,31.55,31.55,31.55,1000,31550.0,32.1,33.37416666666666,36.08958333333333,-0.19648367346908202,-0.24346336776672853,0.04697969429764651
2025-10-16 10:24:00,31.55,31.55,31.5,31.5,3000,94550.0,32.027499999999996,33.31583333333333,36.045416666666675,-0.23545300067442554,-0.24186129434826795,0.006408293673842408
2025-10-16 10:25:00,31.5,31.5,31.5,31.5,380,11970.0,31.955000000000002,33.2575,36.00583333333334,-0.2633012997592381,-0.246149295430462,-0.017152004328776116
2025-10-16 10:28:00,31.35,31.35,31.35,31.35,3000,94050.0,31.93,33.193333333333335,35.965625,-0.2940849950563518,-0.25573643535564,-0.03834855970071177
2025-10-16 10:30:00,31.0,31.5,31.0,31.35,13300,414505.0,31.907500000000006,33.12083333333333,35.92541666666667,-0.31485187889248323,-0.26755952406300865,-0.04729235482947458
2025-10-16 10:37:00,31.35,31.35,31.35,31.35,1000,31350.0,31.884999999999998,33.056666666666665,35.880625,-0.3275341738764297,-0.27955445402569284,-0.047979719850736846
2025-10-16 11:08:00,30.6,31.35,30.6,31.35,5050,154567.5,31.8625,32.98416666666667,35.83562500000001,-0.3337378616971698,-0.29039113555998824,-0.043346726137181546
2025-10-16 11:09:00,30.6,31.0,30.6,31.0,21050,648950.0,31.834999999999997,32.91416666666667,35.78979166666667,-0.36271524831801116,-0.30485595811159283,-0.057859290206418335
2025-10-16 11:10:00,30.6,31.0,30.5,30.5,9300,284800.0,31.77,32.83583333333333,35.74395833333334,-0.4211708617865533,-0.32811893884658494,-0.09305192293996833
2025-10-16 11:11:00,30.45,30.6,30.4,30.4,12800,390130.0,31.7,32.7475,35.69479166666667,-0.47014695938399953,-0.3565245429540679,-0.11362241642993165
2025-10-16 11:12:00,30.0,30.5,29.95,30.25,19000,572600.0,31.634999999999998,32.678333333333335,35.649166666666666,-0.5151265576796149,-0.38824494589917735,-0.12688161178043755
2025-10-16 11:13:00,30.25,30.25,30.25,30.25,1000,30250.0,31.557499999999997,32.5875,35.60395833333334,-0.5444965955729977,-0.41949527583394147,-0.1250013197390562
2025-10-16 11:15:00,30.6,30.6,29.85,29.85,1100,32910.0,31.472499999999997,32.51833333333333,35.55708333333334,-0.5932110515228146,-0.4542384309717161,-0.1389726205510985
2025-10-16 11:19:00,29.85,29.85,29.85,29.85,4000,119400.0,31.375,32.44916666666667,35.50854166666667,-0.6246174081613027,-0.4883142264096335,-0.13630318175166922
2025-10-16 11:21:00,29.85,29.85,29.85,29.85,2000,59700.0,31.2375,32.358333333333334,35.457499999999996,-0.6421053809332129,-0.5190724573143495,-0.12303292361886342
2025-10-16 11:25:00,29.85,29.85,29.85,29.85,1000,29850.0,31.1,32.2675,35.41104166666666,-0.6484893438635311,-0.5449558346241858,-0.10353350923934523
2025-10-16 11:26:00,29.85,29.85,29.85,29.85,1000,29850.0,30.9475,32.19833333333334,35.364583333333336,-0.6461008322691804,-0.5651848341531848,-0.08091599811599559
2025-10-16 11:28:00,29.85,30.0,29.8,30.0,5100,152650.0,30.8025,32.13166666666667,35.32083333333333,-0.6249007068631336,-0.5771280086951746,-0.04777269816795904
2025-10-16 11:37:00,30.2,30.2,30.2,30.2,100,3020.0,30.6675,32.068333333333335,35.27583333333334,-0.5852151304696385,-0.5787454330500673,-0.006469697419571152
2025-10-16 11:38:00,30.2,30.2,30.2,30.2,2000,60400.0,30.6,32.005,35.23083333333333,-0.5474533241161055,-0.572487011263275,0.02503368714716947
2025-10-16 11:46:00,30.15,30.15,30.15,30.15,3000,90450.0,30.53,31.9425,35.189791666666665,-0.5156176829660062,-0.5611131456038212,0.04549546263781501
2025-10-16 11:47:00,29.8,29.8,29.8,29.8,3000,89400.0,30.445,31.871666666666666,35.140625,-0.5127194720026402,-0.551434410883585,0.038714938880944794
2025-10-16 12:10:00,30.15,30.15,30.15,30.15,50,1507.5,30.377499999999998,31.8,35.09916666666666,-0.4766856090313141,-0.5364846505131309,0.059799041481816806
2025-10-16 12:12:00,30.15,30.15,30.15,30.15,1000,30150.0,30.317500000000003,31.729166666666668,35.05395833333333,-0.4430216353753593,-0.5177920474855766,0.07477041211021729
2025-10-16 12:18:00,29.8,30.0,29.8,30.0,750,22450.0,30.25,31.679166666666667,35.011041666666664,-0.42356385960074405,-0.4989464099086101,0.07538255030786606
2025-10-16 12:22:00,30.15,30.15,30.15,30.15,2,60.3,30.190000000000005,31.62666666666667,34.966874999999995,-0.39152641294427326,-0.4774624105157428,0.08593599757146952
2025-10-16 12:23:00,30.15,30.15,30.15,30.15,30,904.5,30.130000000000003,31.570833333333336,34.92250000000001,-0.36196400986078103,-0.4543627303847505,0.09239872052396947
2025-10-16 12:25:00,29.35,30.1,29.35,29.8,6000,178050.0,30.07,31.506666666666668,34.87583333333334,-0.36259786488242085,-0.43600975728428465,0.0734118924018638
2025-10-16 12:41:00,30.2,30.2,30.2,30.2,1000,30200.0,30.055,31.449166666666667,34.82958333333333,-0.32705347363290826,-0.4142185005540094,0.08716502692110112
2025-10-16 12:43:00,30.2,30.2,30.2,30.2,2000,60400.0,30.045000000000005,31.40583333333333,34.78541666666667,-0.29547819873790004,-0.3904704401907876,0.09499224145288754
2025-10-16 12:47:00,30.5,30.5,30.15,30.15,5000,151800.0,30.040000000000003,31.342499999999998,34.74395833333333,-0.2713610665695896,-0.366648565466548,0.09528749889695842
2025-10-16 12:52:00,30.8,30.8,30.8,30.8,1,30.8,30.067500000000003,31.308333333333334,34.70520833333333,-0.1975215918899167,-0.33282317075122175,0.13530157886130506
2025-10-16 12:57:00,30.15,30.15,30.15,30.15,1000,30150.0,30.0825,31.263333333333335,34.66416666666667,-0.18927104515353577,-0.30411274563168456,0.11484170047814879
2025-10-16 13:24:00,30.75,30.75,30.75,30.75,100,3075.0,30.127499999999998,31.23416666666667,34.625625,-0.13278675873439383,-0.2698475482522264,0.13706078951783257
2025-10-16 13:28:00,30.0,30.0,30.0,30.0,3000,90000.0,30.134999999999998,31.192500000000003,34.583958333333335,-0.14684850859136844,-0.2452477403200548,0.09839923172868636
2025-10-16 13:45:00,29.75,29.75,29.75,29.75,1004,29869.0,30.129999999999995,31.138333333333335,34.54125,-0.1761350817432259,-0.23142520860468907,0.055290126861463174
2025-10-16 14:05:00,29.75,30.45,29.75,30.45,1001,29780.45,30.160000000000004,31.095833333333335,34.499166666666675,-0.1412327093494632,-0.21338670875364393,0.07215399940418074
2025-10-16 14:58:00,30.35,30.35,30.35,30.35,50,1517.5,30.177500000000002,31.05166666666667,34.460625,-0.12025526420506694,-0.19476041984392853,0.07450515563886159
2025-10-16 14:59:00,30.35,30.35,30.35,30.35,1000,30350.0,30.185000000000002,31.02,34.42208333333333,-0.10244951357392651,-0.17629823858992813,0.07384872501600162
2025-10-16 15:00:00,30.0,30.0,29.75,29.75,3100,92750.0,30.1625,30.965833333333332,34.38104166666666,-0.13519487118686158,-0.16807756510931485,0.03288269392245327
2025-10-17 09:01:00,29.75,29.8,29.0,29.5,6200,183510.0,30.130000000000003,30.92,34.34145833333333,-0.1792524035481513,-0.17031253279708217,-0.00893987075106914
2025-10-17 09:02:00,29.5,29.8,29.5,29.8,2020,59890.0,30.130000000000003,30.867500000000003,34.300625000000004,-0.18779602686769792,-0.17380923161120534,-0.013986795256492573
2025-10-17 09:03:00,30.0,30.0,29.5,29.5,8000,239000.0,30.097500000000004,30.810000000000002,34.25854166666667,-0.21628124711101293,-0.1823036347111669,-0.033977612399846036
2025-10-17 09:12:00,30.0,30.2,29.55,30.2,4039,121752.45,30.1,30.782500000000002,34.217708333333334,-0.18029352796135,-0.18190161336120353,0.0016080853998535205
2025-10-17 09:13:00,31.0,31.0,30.6,30.6,6,185.6,30.129999999999995,30.7625,34.181041666666665,-0.11813456249695165,-0.16914820318835316,0.05101364069140152
2025-10-17 09:14:00,30.6,30.6,30.6,30.6,1000,30600.0,30.152499999999996,30.7425,34.14145833333334,-0.06808825550921327,-0.14893621365252518,0.08084795814331192
2025-10-17 09:15:00,30.6,30.6,29.6,30.6,1009,29875.4,30.175,30.722500000000004,34.101875,-0.028102251396205702,-0.12476942120126129,0.09666716980505559
2025-10-17 09:16:00,29.65,29.65,29.65,29.65,3000,88950.0,30.1675,30.690833333333334,34.05833333333333,-0.07223740770201204,-0.11426301850141145,0.04202561079939941
2025-10-17 09:17:00,30.55,30.55,30.55,30.55,5,152.75,30.185000000000002,30.67,34.02354166666667,-0.03419814375126862,-0.09825004355138288,0.06405189980011426
2025-10-17 09:18:00,29.6,29.6,29.6,29.6,1000,29600.0,30.154999999999994,30.633333333333333,33.97958333333334,-0.07978905497218136,-0.09455784583554258,0.01476879086336122
2025-10-17 09:19:00,30.5,30.5,30.5,30.5,1010,30805.0,30.172499999999996,30.615833333333335,33.939375,-0.042804281085746965,-0.08420713288558347,0.04140285179983651
2025-10-17 09:21:00,30.5,30.5,30.5,30.5,10,305.0,30.1575,30.59416666666667,33.89875,-0.013339808313350687,-0.07003366797113691,0.05669385965778623
2025-10-17 09:23:00,30.4,30.4,29.5,29.5,1010,29804.0,30.125,30.560000000000002,33.854375,-0.069875166587817,-0.07000196769447294,0.00012680110665592992
2025-10-17 09:24:00,29.35,29.35,29.35,29.35,5000,146750.0,30.055,30.519166666666667,33.8125,-0.12533876447706405,-0.08106932705099117,-0.04426943742607288
2025-10-17 09:25:00,29.8,30.0,29.5,29.5,4105,121220.0,30.03,30.467499999999998,33.766666666666666,-0.1553989763335757,-0.09593525690750808,-0.05946371942606761
2025-10-17 09:26:00,30.0,30.0,30.0,30.0,3,90.0,30.0425,30.424166666666668,33.72020833333333,-0.137293455978039,-0.10420689672161426,-0.03308655925642473
2025-10-17 09:27:00,30.3,30.3,30.3,30.3,5,151.5,30.035000000000004,30.38083333333333,33.675,-0.09761199751170224,-0.10288791687963188,0.005275919367929635
2025-10-17 09:28:00,30.2,30.2,30.2,30.2,10,302.0,30.027499999999996,30.33583333333333,33.62854166666667,-0.07338735629149795,-0.09698780476200511,0.023600448470507157
2025-10-17 09:29:00,30.15,30.15,30.15,30.15,60,1809.0,30.017499999999995,30.290000000000003,33.58208333333333,-0.05756021737206396,-0.08910228728401688,0.03154206991195292
2025-10-17 09:32:00,30.15,30.15,28.5,28.5,31411,907791.65,29.954999999999995,30.23916666666667,33.52916666666667,-0.1761280120377826,-0.10650743223477004,-0.06962057980301257
2025-10-17 09:33:00,28.25,28.6,28.0,28.0,8999,254521.4,29.879999999999995,30.180000000000003,33.479166666666664,-0.3069018909122043,-0.14658632397025692,-0.1603155669419474
2025-10-17 09:35:00,28.95,28.95,28.0,28.0,605,16944.75,29.79,30.12166666666667,33.42916666666667,-0.40586260067521707,-0.19844157931124898,-0.2074210213639681
2025-10-17 09:36:00,28.95,28.95,28.95,28.95,1001,28978.95,29.7625,30.07916666666667,33.37895833333333,-0.40298722968412193,-0.2393507093858236,-0.16363652029829834
2025-10-17 09:37:00,28.95,28.95,28.95,28.95,1100,31845.0,29.7,30.039166666666667,33.32958333333333,-0.3961419990821682,-0.2707089673250926,-0.1254330317570756
2025-10-17 09:39:00,28.95,28.95,28.95,28.95,1039,30079.05,29.6175,29.999166666666667,33.279375,-0.3862644879372503,-0.29382007144752414,-0.09244441648972618
2025-10-17 09:40:00,27.85,27.85,27.85,27.85,1000,27850.0,29.48,29.940833333333334,33.224583333333335,-0.4618731103970717,-0.3274306792374337,-0.134442431159638
2025-10-17 09:41:00,28.95,28.95,28.95,28.95,3,86.85,29.3975,29.90083333333333,33.174375,-0.4280978361374217,-0.3475641106174313,-0.08053372551999038
2025-10-17 10:03:00,28.85,28.85,28.85,28.85,50,1442.5,29.357499999999998,29.865000000000002,33.12833333333334,-0.4047343268327097,-0.358998153860487,-0.04573617297222271
2025-10-17 10:05:00,28.85,28.85,28.85,28.85,2000,57700.0,29.272499999999997,29.8375,33.08145833333334,-0.3818172260745172,-0.36356196830329307,-0.01825525777122411
2025-10-17 10:08:00,28.9,28.9,28.9,28.9,10,289.0,29.2375,29.8125,33.035833333333336,-0.3555224351548567,-0.36195406167360583,0.006431626518749123
2025-10-17 10:11:00,28.9,29.0,28.9,29.0,4000,115800.0,29.1625,29.791666666666668,32.98625,-0.32289235753797385,-0.3541417208464795,0.03124936330850564
2025-10-17 10:12:00,29.0,29.2,29.0,29.2,605,17646.0,29.097500000000004,29.774166666666666,32.9375,-0.2776933809716091,-0.33885205287150544,0.06115867189989632
2025-10-17 10:13:00,29.2,29.2,29.2,29.2,1000,29200.0,29.082500000000003,29.763333333333332,32.888749999999995,-0.23911648045981693,-0.3189049383891678,0.07978845792935085
2025-10-17 10:14:00,29.2,29.2,29.2,29.2,5,146.0,29.075,29.752499999999998,32.84,-0.20616743897098289,-0.2963574385055308,0.09018999953454793
2025-10-17 10:21:00,29.2,29.2,29.2,29.2,16,467.2,29.060000000000002,29.741666666666667,32.791250000000005,-0.17800317639174068,-0.2726865860827728,0.09468340969103212
2025-10-17 10:35:00,29.2,29.2,29.2,29.2,1000,29200.0,29.02,29.730833333333337,32.7425,-0.15390863247476716,-0.24893099536117166,0.0950223628864045
2025-10-17 10:36:00,29.45,29.45,29.45,29.45,10,294.5,28.9775,29.72416666666667,32.69895833333333,-0.11333417632927834,-0.221811631554793,0.10847745522551466
2025-10-17 10:37:00,29.45,29.45,29.45,29.45,384,11308.8,28.940000000000005,29.714999999999996,32.651875,-0.08025351494657684,-0.19350000823314978,0.11324649328657294
2025-10-17 10:41:00,29.45,29.45,29.45,29.45,2,58.9,28.905,29.702499999999997,32.60479166666667,-0.05342104788097046,-0.16548421616271394,0.11206316828174348
2025-10-17 10:50:00,29.4,29.4,29.4,29.4,100,2940.0,28.95,29.68916666666667,32.55770833333334,-0.03577827684231849,-0.13954302829863485,0.10376475145631636
2025-10-17 10:51:00,29.4,29.4,29.4,29.4,1000,29400.0,29.020000000000003,29.676666666666666,32.510625,-0.021547863329505645,-0.115943995304809,0.09439613197530336
2025-10-17 10:55:00,29.4,29.4,29.4,29.4,1000,29400.0,29.090000000000003,29.67,32.463541666666664,-0.010153119257303445,-0.0947858200953079,0.08463270083800445
2025-10-17 10:56:00,29.4,29.4,29.4,29.4,2000,58800.0,29.1125,29.657499999999995,32.417291666666664,-0.0011099081550689505,-0.07605063770726012,0.07494072955219117
2025-10-17 10:57:00,29.4,29.4,29.4,29.4,100,2940.0,29.134999999999998,29.645,32.37,0.005987877274371556,-0.05964293471093378,0.06563081198530533
2025-10-17 11:02:00,29.25,29.25,29.25,29.25,100,2925.0,29.15,29.6325,32.32208333333333,-0.0004852296088166952,-0.047811393690510365,0.04732616408169367
2025-10-17 11:05:00,29.4,29.4,29.4,29.4,1,29.4,29.2275,29.62,32.274791666666665,0.006414589552313998,-0.036966197041945495,0.04338078659425949
2025-10-17 11:08:00,28.55,29.4,28.55,29.4,3010,85944.0,29.25,29.607499999999998,32.2275,0.011747330039785453,-0.027223491625599304,0.03897082166538476
2025-10-17 11:10:00,28.55,29.0,28.55,28.75,8200,235330.0,29.245000000000005,29.589999999999996,32.176875,-0.03606032148757876,-0.0289908575979952,-0.007069463889583561
2025-10-17 11:11:00,29.45,29.45,29.45,29.45,3,88.35,29.275,29.577499999999997,32.129583333333336,-0.017265059049048403,-0.02664569788820584,0.009380638839157438
2025-10-17 11:16:00,29.45,29.45,29.45,29.45,300,8835.0,29.302500000000002,29.565,32.07979166666667,-0.00234267327471116,-0.021785092965506906,0.019442419690795746
2025-10-17 12:03:00,29.45,29.45,29.45,29.45,2000,58900.0,29.325,29.553333333333335,32.03,0.009375351742502147,-0.015553004023905095,0.024928355766407242
2025-10-17 12:06:00,28.65,28.65,28.65,28.65,1000,28650.0,29.297500000000003,29.5175,31.979374999999997,-0.04536836485931062,-0.021516076190986205,-0.023852288668324412
2025-10-17 12:10:00,28.65,28.65,28.65,28.65,2000,57300.0,29.27,29.4925,31.926041666666666,-0.08774172271133551,-0.03476120549505607,-0.052980517216279444
2025-10-17 12:11:00,28.85,29.9,28.85,28.85,2005,57849.5,29.252499999999998,29.46083333333333,31.873749999999998,-0.1039859008266113,-0.04860614456136712,-0.055379756265244176
2025-10-17 12:12:00,29.9,29.9,29.9,29.9,5,149.5,29.2875,29.459166666666665,31.825833333333332,-0.03176711273086852,-0.04523833819526741,0.01347122546439889
2025-10-17 12:14:00,28.85,28.85,28.85,28.85,1000,28850.0,29.270000000000003,29.444166666666664,31.776041666666668,-0.058584106527867164,-0.04790749186178737,-0.010676614666079796
2025-10-17 12:15:00,29.9,29.9,29.9,29.9,5,149.5,29.2925,29.435,31.730625,0.0048337371528646145,-0.037359246058856974,0.04219298321172159
2025-10-17 12:21:00,29.9,29.9,29.9,29.9,20,598.0,29.314999999999998,29.4275,31.688541666666666,0.05446499659328907,-0.01899439752842776,0.07345939412171683
2025-10-17 12:23:00,29.9,29.9,29.9,29.9,1000,29900.0,29.3375,29.42,31.650208333333335,0.09272920274640484,0.003350322526538766,0.08937888021986608
2025-10-17 12:30:00,29.45,29.45,29.45,29.45,1000,29450.0,29.340000000000003,29.415000000000003,31.610416666666666,0.08575410269262207,0.01983107855975543,0.06592302413286663
2025-10-17 12:31:00,29.9,29.9,29.9,29.9,5,149.5,29.365,29.421666666666667,31.578958333333333,0.11520946187905778,0.03890675522361591,0.07630270665544187
2025-10-17 12:45:00,29.9,29.9,29.9,29.9,100,2990.0,29.389999999999997,29.423333333333332,31.550625000000004,0.13697409415470574,0.058520223009833894,0.07845387114487185
2025-10-17 12:46:00,28.65,30.0,28.65,30.0,8001,230730.0,29.419999999999998,29.431666666666665,31.527083333333334,0.1604424061181966,0.07890465963150645,0.08153774648669015
2025-10-17 12:47:00,30.0,30.0,30.0,30.0,5000,150000.0,29.45,29.428333333333335,31.50979166666667,0.1770008567321213,0.09852389905162943,0.07847695768049186
2025-10-17 12:48:00,30.15,30.15,30.15,30.15,3000,90450.0,29.494999999999997,29.420833333333334,31.500833333333333,0.19992270998539752,0.11880366123838305,0.08111904874701446
2025-10-17 12:49:00,30.5,31.05,30.5,31.05,5508,167996.75,29.577500000000004,29.428333333333335,31.494791666666668,0.28739797723528326,0.15252252443776312,0.13487545279752014
2025-10-17 12:50:00,31.05,31.5,30.55,30.55,4003,123794.5,29.634999999999998,29.4275,31.491666666666667,0.3127715002688376,0.18457231960397805,0.12819918066485955
2025-10-17 12:51:00,31.45,31.45,31.45,31.45,300,9435.0,29.77,29.4575,31.495625,0.4008815653205531,0.22783416874729306,0.17304739657326002
2025-10-17 12:53:00,31.55,31.55,31.55,31.55,5,157.75,29.875,29.47416666666667,31.498750000000005,0.4733224246594112,0.27693181992971677,0.19639060472969444
2025-10-17 13:02:00,31.55,31.55,31.55,31.55,1000,31550.0,29.979999999999997,29.506666666666664,31.498124999999998,0.5246840959401737,0.32648227513180816,0.19820182080836557
2025-10-17 13:09:00,30.25,31.55,30.25,30.25,2003,60594.65,30.02,29.502499999999998,31.484166666666667,0.45524171194715635,0.3522341624948778,0.10300754945227852
2025-10-17 13:10:00,31.55,31.55,31.55,31.55,5,157.75,30.165000000000003,29.519999999999996,31.4725,0.49935104970820987,0.38165753993754425,0.11769350977066562
2025-10-17 13:26:00,31.55,31.55,31.55,31.55,200,6310.0,30.309999999999995,29.554166666666667,31.455416666666668,0.5282190374160649,0.41096983943324844,0.11724919798281647
2025-10-17 13:46:00,31.55,31.55,31.55,31.55,100,3155.0,30.445,29.590833333333332,31.441041666666667,0.5448168165328617,0.4377392348531711,0.10707758167969061
2025-10-17 14:00:00,31.55,31.55,31.55,31.55,19,599.45,30.527499999999996,29.625,31.43125,0.5516120358804066,0.4605137950586183,0.09109824082178836
2025-10-17 14:48:00,30.25,30.25,30.25,30.25,1000,30250.0,30.597500000000004,29.629166666666666,31.414375000000003,0.44694604493184187,0.45780024503326305,-0.010854200101421185
2025-10-17 14:53:00,31.5,31.5,31.5,31.5,3,94.5,30.6775,29.649166666666666,31.404375,0.4595644731637982,0.4581530906593701,0.001411382504428127
2025-10-20 09:01:00,30.2,30.2,30.0,30.0,5000,150600.0,30.682499999999997,29.645833333333332,31.391666666666666,0.3445553844775695,0.43543354942301,-0.09087816494544049
2025-10-20 09:02:00,30.0,30.0,30.0,30.0,2512,75360.0,30.6875,29.64333333333333,31.378958333333337,0.2505219915242236,0.3984512378432527,-0.1479292463190291
2025-10-20 09:03:00,29.95,29.95,29.95,29.95,1000,29950.0,30.7125,29.6675,31.366041666666668,0.17000554984824845,0.35276210024425186,-0.18275655039600341
2025-10-20 09:10:00,29.45,29.45,29.45,29.45,1000,29450.0,30.689999999999998,29.691666666666666,31.35125,0.06509944255398992,0.2952295687061995,-0.23013012615220957
2025-10-20 09:13:00,30.0,30.0,30.0,30.0,2,60.0,30.695,29.725,31.339583333333334,0.026040817835649932,0.24139181853208957,-0.21535100069643964
2025-10-20 09:16:00,30.0,30.0,29.5,29.5,6000,179500.0,30.669999999999998,29.734166666666667,31.325,-0.04474347010989632,0.1841647608036924,-0.22890823091358872
2025-10-20 09:18:00,30.4,30.4,30.4,30.4,3,91.2,30.689999999999998,29.758333333333333,31.31833333333333,-0.027896476675664417,0.14175251330782104,-0.16964898998348546
2025-10-20 09:20:00,29.35,29.35,29.35,29.35,2000,58700.0,30.65,29.765,31.306458333333335,-0.09814004049015068,0.0937740025482267,-0.1919140430383774
2025-10-20 09:21:00,29.35,30.4,29.35,30.0,6001,179380.4,30.597499999999997,29.800833333333333,31.303541666666668,-0.10020391481215185,0.05497841907615098,-0.15518233388830283
2025-10-20 09:29:00,30.4,30.4,30.4,30.4,2,60.8,30.589999999999996,29.825,31.301875,-0.06877015349962434,0.03022870456099591,-0.09899885806062025
2025-10-20 09:39:00,29.7,30.0,29.7,30.0,5000,149400.0,30.517499999999995,29.844166666666663,31.298541666666665,-0.07526768918354065,0.009129425812088593,-0.08439711499562924
2025-10-20 09:40:00,29.8,29.8,29.8,29.8,1000,29800.0,30.43,29.86,31.295624999999998,-0.09545501555488656,-0.011787462461306445,-0.08366755309358011
2025-10-20 09:41:00,29.9,29.9,29.9,29.9,2000,59800.0,30.347500000000004,29.876666666666665,31.288958333333333,-0.1022062824776846,-0.029871226464582085,-0.07233505601310251
2025-10-20 09:43:00,30.1,30.1,30.1,30.1,1,30.1,30.340000000000003,29.894999999999996,31.283125,-0.0903765767052036,-0.0419722965127064,-0.04840428019249721
2025-10-20 09:48:00,29.2,29.35,29.2,29.35,7000,204550.0,30.23,29.897499999999997,31.274166666666666,-0.13990741603781132,-0.061559320417727395,-0.07834809562008392
2025-10-20 09:49:00,29.15,29.15,29.15,29.15,3500,102025.0,30.110000000000003,29.896666666666665,31.264583333333334,-0.19307365863700454,-0.08786218806158284,-0.1052114705754217
2025-10-20 09:50:00,30.0,30.0,30.0,30.0,1,30.0,30.0325,29.91,31.258541666666666,-0.16472158479150423,-0.10323406740756712,-0.06148751738393711
2025-10-20 09:57:00,30.0,30.0,30.0,30.0,93,2790.0,29.955000000000002,29.923333333333332,31.252291666666668,-0.14063125246478947,-0.1107135044190116,-0.029917748045777875
2025-10-20 09:58:00,29.15,29.15,29.15,29.15,1000,29150.0,29.9,29.9225,31.24041666666667,-0.18796069292146456,-0.1261629421195022,-0.06179775080196234
2025-10-20 10:02:00,29.0,29.0,29.0,29.0,1000,29000.0,29.775,29.915,31.225416666666668,-0.23486597313200974,-0.14790354832200373,-0.08696242481000602
2025-10-20 10:06:00,30.0,30.0,30.0,30.0,2,60.0,29.775,29.924166666666668,31.214583333333334,-0.1891665092156849,-0.15615614050073998,-0.03301036871494492
2025-10-20 10:12:00,30.0,30.0,30.0,30.0,1000,30000.0,29.775,29.933333333333334,31.20625,-0.15120634222465767,-0.15516618084552353,0.003959838620865852
2025-10-20 10:17:00,29.15,29.15,29.0,29.0,4000,116350.0,29.7275,29.926666666666666,31.188958333333336,-0.19951440122342845,-0.16403582492110452,-0.03547857630232393
2025-10-20 10:32:00,28.9,28.9,28.9,28.9,3000,86700.0,29.7,29.918333333333337,31.176041666666666,-0.243066135182886,-0.17984188697346085,-0.06322424820942515
2025-10-20 10:38:00,28.9,28.9,28.9,28.9,588,16993.2,29.645,29.91,31.15895833333333,-0.27441787962196784,-0.19875708550316226,-0.07566079411880558
2025-10-20 10:44:00,28.9,29.0,28.9,29.0,8000,231800.0,29.619999999999997,29.903333333333332,31.14833333333333,-0.28787673489906496,-0.2165810153823428,-0.07129571951672214
2025-10-20 11:08:00,29.5,29.5,29.5,29.5,1000,29500.0,29.575,29.904999999999998,31.139583333333334,-0.2552547356443746,-0.2243157594347492,-0.030938976209625407
2025-10-20 11:15:00,29.45,29.45,29.45,29.45,1000,29450.0,29.580000000000002,29.908333333333335,31.13104166666667,-0.23077590733207387,-0.22560778901421416,-0.00516811831785971
2025-10-20 11:27:00,28.9,28.9,28.9,28.9,3000,86700.0,29.525,29.9,31.118125000000003,-0.2528420571462888,-0.2310546426406291,-0.021787414505659713
2025-10-20 11:30:00,29.5,29.5,29.5,29.5,1,29.5,29.48,29.901666666666667,31.10395833333333,-0.21938571233240012,-0.22872085657898333,0.009335144246583216
2025-10-20 11:44:00,29.5,29.5,29.5,29.5,70,2065.0,29.455000000000002,29.91416666666667,31.093541666666667,-0.19067335428924181,-0.22111135612103505,0.030438001831793238
2025-10-20 11:52:00,28.9,28.9,28.9,28.9,1000,28900.0,29.409999999999997,29.904999999999998,31.081666666666663,-0.21386824922079128,-0.21966273474098633,0.005794485520195042
2025-10-20 11:53:00,28.9,28.9,28.9,28.9,300,8670.0,29.360000000000003,29.895833333333332,31.06875,-0.22960364269455624,-0.2216509163317003,-0.007952726362855933
2025-10-20 11:55:00,28.9,28.9,28.9,28.9,300,8670.0,29.3,29.886666666666663,31.056874999999998,-0.23931537669600544,-0.22518380840456137,-0.014131568291444074
2025-10-20 12:13:00,29.45,29.45,29.45,29.45,1,29.45,29.304999999999996,29.9,31.0475,-0.2003224004669839,-0.22021152681704592,0.019889126350062014
2025-10-20 12:14:00,29.1,29.1,29.1,29.1,1000,29100.0,29.3025,29.907500000000002,31.0375,-0.1954096994275325,-0.21525116133914327,0.019841461911610764
2025-10-20 12:31:00,28.9,28.9,28.9,28.9,200,5780.0,29.247499999999995,29.908333333333335,31.026666666666664,-0.20528824192451367,-0.21325857745621735,0.007970335531703676
2025-10-20 12:32:00,28.9,29.1,28.9,29.1,1300,37630.0,29.202499999999997,29.895,31.016666666666666,-0.19473395764807933,-0.20955365349458976,0.014819695846510439
2025-10-20 12:33:00,29.45,29.45,29.45,29.45,1,29.45,29.2175,29.904999999999998,31.007291666666667,-0.1563255131847967,-0.19890802543263117,0.042582512247834464
2025-10-20 12:36:00,28.9,28.9,28.9,28.9,1500,43350.0,29.2125,29.888333333333332,30.996458333333333,-0.1683265836117407,-0.1927917370684531,0.024465153456712407
2025-10-20 12:40:00,28.9,28.9,28.9,28.9,1000,28900.0,29.1575,29.87166666666667,30.985625000000002,-0.17581088000195066,-0.18939556565515264,0.013584685653201978
2025-10-20 12:41:00,29.0,29.0,28.85,28.85,9000,260550.0,29.1,29.854166666666668,30.970416666666665,-0.18365970617659144,-0.1882483937594404,0.0045886875828489715
2025-10-20 12:42:00,29.0,29.0,28.85,28.85,2150,62327.5,29.0925,29.844166666666663,30.955208333333335,-0.18771608330855827,-0.18814193166926402,0.0004258483607057495
2025-10-20 12:43:00,28.85,28.85,28.85,28.85,20,577.0,29.090000000000003,29.826666666666668,30.944166666666668,-0.18875494193550324,-0.1882645337225119,-0.0004904082129913445
2025-10-20 12:50:00,28.85,28.9,28.85,28.9,3000,86600.0,29.090000000000003,29.81,30.933333333333334,-0.18342920505421034,-0.1872974679888516,0.0038682629346412645
2025-10-20 13:14:00,29.0,29.0,29.0,29.0,3000,87000.0,29.090000000000003,29.793333333333333,30.91875,-0.16918904989018557,-0.1836757843691184,0.014486734478932839
2025-10-20 13:32:00,29.5,29.5,29.5,29.5,1,29.5,29.090000000000003,29.785,30.910416666666666,-0.11621811293957052,-0.17018425008320884,0.05396613714363832
2025-10-20 14:45:00,29.45,29.45,29.45,29.45,200,5890.0,29.089999999999996,29.77333333333333,30.90145833333333,-0.07738084765986031,-0.15162356959853915,0.07424272193867884
2025-10-20 14:59:00,29.0,29.0,29.0,29.0,1000,29000.0,29.095,29.739166666666666,30.890625,-0.08196839369245268,-0.13769253441732185,0.05572414072486917
2025-10-20 15:00:00,28.55,29.45,28.55,29.45,1002,28608.9,29.0925,29.720833333333335,30.877499999999998,-0.04873107626849915,-0.1199002427875573,0.07116916651905815
2025-10-21 09:01:00,29.45,29.45,29.45,29.45,2039,60048.55,29.090000000000003,29.6875,30.864375000000003,-0.022135103058644745,-0.10034721484177479,0.07821211178313005
2025-10-21 09:03:00,29.5,29.6,29.1,29.1,5000,147200.0,29.1,29.646666666666665,30.852291666666666,-0.028965778144268484,-0.08607092750227353,0.05710514935800505
2025-10-21 09:04:00,29.6,29.6,29.6,29.6,2000,59200.0,29.134999999999998,29.61416666666667,30.840208333333333,0.0058986875652173865,-0.06767700448877535,0.07357569205399274
2025-10-21 09:05:00,30.5,30.5,30.5,30.5,2,61.0,29.214999999999996,29.618333333333336,30.831875,0.10494180243658136,-0.033153243103704,0.13809504554028534
2025-10-21 09:07:00,30.4,30.4,29.5,29.5,4000,118900.0,29.2175,29.58416666666667,30.818958333333335,0.1015716867097396,-0.006208257141015277,0.10777994385075487
2025-10-21 09:09:00,29.15,29.15,29.15,29.15,2000,58300.0,29.22,29.544166666666666,30.804166666666667,0.0698535426307636,0.009004102813340504,0.06084943981742309
2025-10-21 09:14:00,29.15,29.3,29.1,29.3,4000,116850.0,29.240000000000002,29.506666666666664,30.78875,0.056172905046032895,0.01843786325987899,0.0377350417861539
2025-10-21 09:15:00,29.1,29.1,29.1,29.1,1000,29100.0,29.240000000000002,29.465833333333332,30.774583333333336,0.028859893775415202,0.020522269362986234,0.008337624412428968
2025-10-21 09:18:00,29.0,29.3,29.0,29.2,7200,209660.0,29.2275,29.448333333333334,30.754583333333336,0.015109131169943169,0.01943964172437762,-0.004330510554434452
2025-10-21 09:22:00,28.9,28.9,28.9,28.9,3000,86700.0,29.2275,29.404999999999998,30.733749999999997,-0.01976806609838988,0.01159810015982412,-0.031366166258214
2025-10-21 09:23:00,29.1,29.1,29.1,29.1,1000,29100.0,29.2375,29.39,30.71375,-0.03091381249268821,0.0030957176293216516,-0.03400953012200986
2025-10-21 09:36:00,29.25,29.25,28.9,28.9,8000,233300.0,29.24,29.371666666666666,30.694583333333334,-0.055248356676337096,-0.008573097231810102,-0.046675259444526995
2025-10-21 09:37:00,29.25,29.25,28.9,28.9,4000,115950.0,29.2425,29.354166666666668,30.673125000000002,-0.07368427184384885,-0.02159533215421786,-0.05208893968963099
2025-10-21 09:48:00,28.55,28.55,28.55,28.55,1500,42825.0,29.2275,29.339166666666664,30.64625,-0.11520888604239943,-0.040318042931854176,-0.07489084311054525
2025-10-21 09:52:00,28.55,29.0,28.55,29.0,3000,86550.0,29.232499999999998,29.322499999999998,30.621249999999996,-0.11053205800943999,-0.054360845947371346,-0.05617121206206865
2025-10-21 09:53:00,29.25,29.25,29.25,29.25,1170,34222.5,29.244999999999997,29.31833333333333,30.597291666666663,-0.0856652319664164,-0.06062172315118036,-0.025043508815236037
2025-10-21 09:58:00,29.25,29.25,29.25,29.25,1000,29250.0,29.232499999999998,29.299166666666668,30.572499999999998,-0.06520643399007042,-0.06153866531895839,-0.003667768671112036
2025-10-21 09:59:00,29.25,29.25,29.25,29.25,10,292.5,29.222500000000004,29.2975,30.545624999999998,-0.04843436795173872,-0.05891780584551446,0.01048343789377574
2025-10-21 10:15:00,28.55,28.55,28.55,28.55,1000,28550.0,29.2,29.27333333333333,30.517916666666665,-0.09058235760316435,-0.06525071619704445,-0.025331641406119904
2025-10-21 10:22:00,28.55,28.55,28.55,28.55,1000,28550.0,29.155,29.2425,30.488125,-0.12257200923772515,-0.0767149748051806,-0.04585703443254456
2025-10-21 10:29:00,28.55,28.55,28.55,28.55,2000,57100.0,29.109999999999996,29.218333333333337,30.460416666666667,-0.14623829460112603,-0.0906196387643697,-0.055618655836756334
2025-10-21 10:36:00,28.55,28.55,28.55,28.55,2000,57100.0,29.082500000000003,29.1975,30.432708333333334,-0.16311372279636416,-0.10511845557076858,-0.05799526722559557
2025-10-21 10:39:00,28.55,28.55,28.55,28.55,2000,57100.0,29.03,29.175,30.402916666666666,-0.17447636627928986,-0.11899003771247285,-0.05548632856681701
2025-10-21 10:42:00,28.55,28.55,28.55,28.55,1000,28550.0,28.932499999999997,29.149166666666666,30.378541666666663,-0.18139038762597792,-0.1314701076951739,-0.04992027993080403
2025-10-21 10:43:00,28.8,28.8,28.8,28.8,3000,86400.0,28.8975,29.139999999999997,30.349791666666665,-0.16479720905001116,-0.13813552796614134,-0.02666168108386982
2025-10-21 10:53:00,28.55,28.8,28.5,28.5,10000,286150.0,28.865000000000002,29.129166666666666,30.326874999999998,-0.17385044852411013,-0.1452785120777351,-0.02857193644637504
2025-10-21 10:54:00,28.6,28.6,28.5,28.5,1800,51400.0,28.825,29.104166666666668,30.303958333333334,-0.17896224072148925,-0.15201525780648595,-0.026946982915003304
2025-10-21 10:55:00,28.2,28.55,28.0,28.0,23400,660475.0,28.77,29.070833333333333,30.273541666666667,-0.2208137902696201,-0.1657749642991128,-0.05503882597050733
2025-10-21 10:56:00,28.0,28.1,27.65,28.0,7000,195400.0,28.71,29.051666666666666,30.243125,-0.25108706937120573,-0.1828373853135314,-0.06824968405767434
2025-10-21 10:57:00,28.1,28.1,28.1,28.1,1000,28100.0,28.670000000000005,29.03666666666667,30.218541666666667,-0.26396685135254927,-0.19906327852133499,-0.06490357283121428
2025-10-21 10:58:00,28.4,28.4,28.4,28.4,2,56.8,28.635,29.009999999999998,30.19520833333333,-0.2471180554535728,-0.20867423390778259,-0.03844382154579021
2025-10-21 10:59:00,28.1,28.1,28.1,28.1,1000,28100.0,28.595000000000006,28.978333333333335,30.170624999999998,-0.2550328956415129,-0.21794596625452867,-0.03708692938698421
2025-10-21 11:03:00,28.4,28.4,28.4,28.4,1000,28400.0,28.57,28.96833333333333,30.147291666666664,-0.23439599954213364,-0.2212359729120497,-0.013160026630083949
2025-10-21 11:05:00,28.4,28.4,28.4,28.4,1000,28400.0,28.5625,28.959999999999997,30.124374999999997,-0.2155563117201993,-0.2201000406736796,0.004543728953480319
2025-10-21 11:12:00,27.7,27.7,27.7,27.7,1000,27700.0,28.497500000000002,28.94,30.097916666666666,-0.2541798461990794,-0.22691600177875962,-0.02726384442031979
2025-10-21 11:15:00,28.4,28.4,28.4,28.4,2,56.8,28.455000000000002,28.93,30.07270833333333,-0.2257033578711507,-0.22667347299723786,0.0009701151260871621
2025-10-21 11:17:00,28.8,28.8,28.8,28.8,1000,28800.0,28.432499999999997,28.918333333333337,30.049375,-0.16891176892053394,-0.2151211321818971,0.04620936326136316
2025-10-21 11:29:00,28.8,28.8,28.8,28.8,1000,28800.0,28.410000000000004,28.907500000000002,30.031875000000003,-0.12249201382908126,-0.19659530851133394,0.07410329468225269
2025-10-21 11:34:00,28.8,28.8,28.8,28.8,1000,28800.0,28.422500000000003,28.90583333333333,30.013125,-0.08472733945453115,-0.1742217146999734,0.08949437524544226
2025-10-21 11:52:00,29.0,29.0,29.0,29.0,1,29.0,28.445,28.897499999999997,29.994374999999998,-0.03821966193082815,-0.14702130414614437,0.10880164221531621
2025-10-21 12:11:00,28.95,28.95,28.95,28.95,1000,28950.0,28.465000000000003,28.888333333333332,29.974791666666665,-0.005335075130997069,-0.1186840583431149,0.11334898321211784
2025-10-21 12:29:00,28.95,29.0,28.8,29.0,5000,144700.0,28.4875,28.89,29.955416666666668,0.024478604841874585,-0.090051525706117,0.11453013054799159
2025-10-21 12:31:00,29.35,29.35,29.0,29.2,9001,263379.35,28.52,28.895,29.940416666666668,0.06351235861159665,-0.05933874884257427,0.12285110745417092
2025-10-21 12:33:00,29.45,29.45,29.45,29.45,1002,29508.9,28.565000000000005,28.904166666666665,29.921666666666667,0.11331359180882572,-0.024808280712294264,0.13812187252112
2025-10-21 12:34:00,29.45,29.45,29.45,29.45,1000,29450.0,28.597499999999997,28.904166666666665,29.907499999999995,0.15104032902250353,0.010361441234665305,0.1406788877878382
2025-10-21 12:35:00,30.2,30.2,30.2,30.2,1,30.2,28.682499999999997,28.9225,29.89645833333333,0.23870611653723728,0.056030376295179714,0.18267574024205757
2025-10-21 12:36:00,30.2,30.2,30.2,30.2,2000,60400.0,28.767500000000002,28.944166666666668,29.886875,0.30466984047001233,0.10575826913014627,0.19891157133986606
2025-10-21 12:37:00,30.3,30.3,30.3,30.3,1000,30300.0,28.8825,28.964166666666664,29.87770833333333,0.3608560077624112,0.1567778168565993,0.20407819090581192
2025-10-21 12:41:00,30.3,30.3,30.3,30.3,1,30.3,28.997499999999995,28.978333333333335,29.866458333333334,0.40076419002554786,0.20557509149038905,0.1951890985351588
2025-10-21 12:42:00,30.3,30.3,30.3,30.3,200,6060.0,29.107499999999998,29.001666666666665,29.855208333333334,0.42746417111460744,0.24995290741523277,0.17751126369937467
2025-10-21 12:45:00,30.3,30.3,30.3,30.3,30,909.0,29.202499999999997,29.025,29.843958333333333,0.44351157315173495,0.2886646405625332,0.15484693258920174
2025-10-21 12:46:00,30.3,30.3,30.3,30.3,210,6363.0,29.3125,29.049166666666668,29.835833333333333,0.4510300610936291,0.3211377246687524,0.1298923364248767
2025-10-21 12:49:00,29.2,29.2,29.2,29.2,50,1460.0,29.3525,29.055000000000003,29.82,0.3640313828590003,0.329716456306802,0.034314926552198255
2025-10-21 12:50:00,30.0,30.3,30.0,30.3,1001,30030.3,29.4475,29.079166666666666,29.811875,0.3794708072294881,0.3396673264913393,0.03980348073814882
2025-10-21 12:59:00,29.25,30.0,29.25,29.5,5000,147250.0,29.5375,29.089166666666667,29.797500000000003,0.32342510487326237,0.3364188821677239,-0.01299377729446155
2025-10-21 13:00:00,30.25,30.25,30.25,30.25,10,302.5,29.630000000000003,29.110000000000003,29.78625,0.33565795795743725,0.3362666973256666,-0.0006087393682293607
2025-10-21 13:38:00,30.25,30.25,30.25,30.25,100,3025.0,29.702500000000004,29.122500000000002,29.779583333333335,0.3414169401976608,0.3372967459000655,0.004120194297595303
2025-10-21 13:57:00,30.25,30.25,30.25,30.25,300,9075.0,29.775,29.135833333333334,29.773125,0.34203817197905906,0.33824503111586424,0.0037931408631948216
2025-10-21 14:14:00,29.2,29.2,29.2,29.2,2000,58400.0,29.794999999999998,29.139166666666668,29.762291666666666,0.2548663373692861,0.32156929236654863,-0.06670295499726253
2025-10-21 14:16:00,29.0,29.0,29.0,29.0,1000,29000.0,29.794999999999998,29.131666666666668,29.750625,0.1677104403118399,0.2907975219556069,-0.12308708164376697
2025-10-21 14:17:00,29.0,29.0,29.0,29.0,388,11252.0,29.797499999999996,29.124166666666667,29.740000000000002,0.09751467549119397,0.2521409526627243,-0.15462627717153032
2025-10-21 14:18:00,29.0,29.45,29.0,29.45,3000,87900.0,29.82,29.13,29.730208333333334,0.07730415119591427,0.2171735923693623,-0.13986944117344802
2025-10-21 14:26:00,29.9,29.9,29.9,29.9,2,59.8,29.855,29.134999999999998,29.722291666666663,0.09648617174866203,0.19303610824522224,-0.09654993649656021
2025-10-21 14:41:00,29.9,29.9,29.9,29.9,1000,29900.0,29.877499999999998,29.125,29.715416666666666,0.11041526281707092,0.17651193915959199,-0.06609667634252106
2025-10-21 14:49:00,28.85,28.85,28.85,28.85,1000,28850.0,29.847500000000004,29.114166666666666,29.703124999999996,0.03630939100095887,0.14847142952786538,-0.11216203852690651
2025-10-21 14:52:00,29.9,29.9,29.9,29.9,1,29.9,29.8325,29.12666666666667,29.696250000000003,0.06159613654672569,0.13109637093163745,-0.06950023438491176
2025-10-21 15:00:00,29.9,29.9,29.9,29.9,1000,29900.0,29.817499999999995,29.136666666666667,29.688333333333333,0.08070573905071043,0.12101824455545204,-0.04031250550474161
2025-10-22 09:01:00,29.0,29.0,29.0,29.0,3000,87000.0,29.752499999999998,29.134999999999998,29.673333333333332,0.02296305452761871,0.10140720654988539,-0.07844415202226668
2025-10-22 09:05:00,28.65,28.65,28.65,28.65,3000,85950.0,29.670000000000005,29.125833333333333,29.656875000000003,-0.05045885562041619,0.07103399411582507,-0.12149284973624126
2025-10-22 09:06:00,28.65,28.65,28.65,28.65,1000,28650.0,29.5875,29.121666666666666,29.639166666666664,-0.1074081145042598,0.0353455723918081,-0.1427536868960679
2025-10-22 09:10:00,28.95,28.95,28.95,28.95,1,28.95,29.52,29.119166666666665,29.622708333333332,-0.12687083169810265,0.0029022915738259407,-0.12977312327192858
2025-10-22 09:22:00,28.9,28.9,28.9,28.9,5000,144500.0,29.449999999999996,29.11916666666667,29.606041666666666,-0.1446621818448719,-0.026610603109913637,-0.11805157873495825
2025-10-22 09:23:00,28.65,28.65,28.65,28.65,1000,28650.0,29.422500000000003,29.115,29.593958333333333,-0.17689572191034486,-0.0566676268699999,-0.12022809504034496
2025-10-22 09:30:00,28.65,28.65,28.65,28.65,588,16846.2,29.339999999999996,29.116666666666667,29.581875,-0.2001340143045418,-0.0853609043569083,-0.11477310994763351
2025-10-22 09:37:00,28.3,28.3,28.05,28.05,2000,56350.0,29.267499999999995,29.100833333333334,29.5675,-0.2639231720002293,-0.12107335788557251,-0.1428498141146568
2025-10-22 09:38:00,28.85,28.85,28.85,28.85,50,1442.5,29.197499999999998,29.09416666666667,29.556458333333335,-0.24707509700967023,-0.14627370571039208,-0.10080139129927815
2025-10-22 09:43:00,28.0,28.3,28.0,28.3,3100,86830.0,29.099999999999994,29.078333333333333,29.54375,-0.2749340115098384,-0.17200576687028138,-0.10292824463955705
2025-10-22 09:47:00,28.7,28.7,28.7,28.7,1,28.7,29.022499999999997,29.069166666666668,29.532708333333336,-0.2617188133374917,-0.18994837616372345,-0.07177043717376824
2025-10-22 09:54:00,28.7,28.7,28.7,28.7,1,28.7,28.997500000000002,29.071666666666665,29.521666666666665,-0.2483824750162782,-0.20163519593423443,-0.04674727908204376
2025-10-22 10:17:00,27.9,27.9,27.9,27.9,1000,27900.0,28.942500000000003,29.060833333333335,29.507291666666664,-0.2989208712031761,-0.22109233098802278,-0.07782854021515334
2025-10-22 10:25:00,27.9,27.9,27.9,27.9,60,1674.0,28.8875,29.05,29.494374999999998,-0.33510997509657514,-0.2438958598097333,-0.09121411528684184
2025-10-22 10:26:00,27.9,28.0,27.9,28.0,3000,83900.0,28.814999999999998,29.040833333333335,29.48395833333333,-0.3516671365504216,-0.265450115157871,-0.08621702139255061
2025-10-22 10:29:00,27.55,27.55,27.55,27.55,10,275.5,28.697499999999998,29.024166666666666,29.472083333333334,-0.39652910479431114,-0.29166591308515905,-0.10486319170915209
2025-10-22 10:30:00,27.55,27.9,27.55,27.75,5000,138500.0,28.589999999999996,29.010833333333334,29.461666666666666,-0.4112041043609551,-0.3155735513403183,-0.09563055302063683
2025-10-22 10:31:00,28.6,28.6,27.5,27.5,4002,110207.2,28.522499999999997,28.98916666666667,29.450208333333332,-0.43795854442757687,-0.34005054995777,-0.09790799446980686
2025-10-22 10:32:00,27.75,27.75,27.75,27.75,4000,111000.0,28.415,28.97666666666667,29.441458333333333,-0.4339859998139275,-0.35883763992900153,-0.07514835988492596
2025-10-22 10:34:00,28.6,28.6,28.6,28.6,3,85.8,28.35,28.978333333333335,29.436249999999998,-0.3581216301045025,-0.3586944379641018,0.0005728078595992891
2025-10-22 11:45:00,27.55,27.55,27.55,27.55,2000,55100.0,28.277500000000003,28.970833333333335,29.426666666666666,-0.3783632591913637,-0.3626282022095542,-0.015735056981809492
2025-10-22 11:46:00,27.55,28.0,27.5,27.5,3110,86605.0,28.220000000000006,28.9625,29.416875,-0.3938988573740474,-0.3688823332424529,-0.025016524131594498
2025-10-22 11:47:00,27.5,27.5,27.5,27.5,2000,55000.0,28.1625,28.952499999999997,29.407083333333333,-0.40158174646447975,-0.3754222158868583,-0.026159530577621437
2025-10-22 11:59:00,27.8,27.8,27.8,27.8,3,83.4,28.105,28.942500000000003,29.397916666666667,-0.3790930499232026,-0.3761563826941272,-0.0029366672290753737
2025-10-22 12:11:00,27.8,27.8,27.8,27.8,1500,41700.0,28.05,28.9375,29.38791666666667,-0.35715355206410493,-0.3723558165681228,0.015202264504017848
2025-10-22 12:12:00,27.8,27.8,27.8,27.8,460,12788.0,28.0075,28.927500000000002,29.377916666666668,-0.335894360840431,-0.36506352542258447,0.029169164582153462
2025-10-22 12:18:00,27.6,27.6,27.6,27.6,1000,27600.0,27.955000000000002,28.914166666666667,29.367291666666667,-0.33136485933082227,-0.35832379220423205,0.02695893287340978
2025-10-22 12:24:00,28.0,28.0,28.0,28.0,3,84.0,27.952500000000004,28.919166666666666,29.359791666666663,-0.2921310349648252,-0.3450852407563507,0.052954205791525544
2025-10-22 12:27:00,28.0,28.0,28.0,28.0,1000,28000.0,27.910000000000004,28.9125,29.350833333333334,-0.258063155077334,-0.3276808236205474,0.06961766854321338
2025-10-22 12:30:00,28.0,28.0,28.0,28.0,1000,28000.0,27.895000000000003,28.899166666666662,29.341875,-0.22843090553497092,-0.30783084000343214,0.07939993446846122
2025-10-22 12:37:00,28.0,28.0,27.7,27.7,2000,55700.0,27.845,28.88083333333333,29.332291666666666,-0.22654317833756465,-0.29157330767025863,0.06503012933269398
2025-10-22 12:39:00,28.2,28.2,28.2,28.2,2,56.4,27.82,28.870833333333334,29.324166666666663,-0.18259646126452722,-0.26977793838911235,0.08718147712458513
2025-10-22 12:40:00,28.0,28.0,27.8,27.8,2000,55800.0,27.814999999999998,28.850833333333334,29.314375,-0.17799323322993388,-0.25142099735727663,0.07342776412734275
2025-10-22 12:43:00,28.2,28.2,28.2,28.2,1,28.2,27.830000000000002,28.83833333333333,29.30770833333333,-0.14044947071587544,-0.2292266920289964,0.08877722131312096
2025-10-22 12:51:00,28.2,28.2,28.2,28.2,1000,28200.0,27.839999999999996,28.825,29.299375,-0.10943427819670504,-0.20526820926253814,0.0958339310658331
2025-10-22 12:56:00,28.2,28.2,28.2,28.2,1000,28200.0,27.872500000000002,28.808333333333334,29.29104166666667,-0.08388751165665198,-0.18099206974136092,0.09710455808470894
2025-10-22 13:03:00,28.5,28.5,28.5,28.5,1,28.5,27.910000000000004,28.792500000000004,29.284166666666668,-0.03898463175596589,-0.15259058214428192,0.11360595038831603
2025-10-22 13:13:00,27.5,27.5,27.5,27.5,3000,82500.0,27.910000000000004,28.76,29.270416666666666,-0.08313212320977215,-0.13869889035737998,0.05556676714760783
2025-10-22 13:14:00,28.0,28.0,28.0,28.0,1,28.0,27.922500000000003,28.723333333333336,29.261458333333334,-0.07688719915552511,-0.126336552117009,0.049449352961483894
2025-10-22 13:30:00,28.0,28.0,28.0,28.0,150,4200.0,27.892500000000002,28.686666666666667,29.25,-0.07111824499158814,-0.11529289069192483,0.04417464570033669
2025-10-22 13:33:00,28.0,28.0,28.0,28.0,1,28.0,27.915,28.648333333333333,29.241666666666667,-0.0657879447777745,-0.10539190150909478,0.03960395673132028
2025-10-22 13:52:00,28.0,28.0,28.0,28.0,2000,56000.0,27.939999999999998,28.610000000000003,29.234375,-0.060862063473194894,-0.0964859339019148,0.03562387042871991
2025-10-22 14:01:00,28.5,28.5,28.5,28.5,1,28.5,27.99,28.580000000000002,29.22625,-0.016423130103813577,-0.08047337314229457,0.06405024303848099
2025-10-22 14:17:00,28.5,28.5,28.5,28.5,1,28.5,28.025,28.55,29.218541666666667,0.01858085621241301,-0.06066252727135305,0.07924338348376606
2025-10-22 14:35:00,28.5,28.5,28.5,28.5,2000,57000.0,28.060000000000002,28.52,29.210833333333333,0.04579388416714636,-0.039371244983653166,0.08516512915079952
2025-10-22 14:43:00,28.6,28.6,28.6,28.6,1,28.6,28.1,28.509999999999998,29.206041666666668,0.07456997291610179,-0.01658300140370217,0.09115297431980396
2025-10-22 14:51:00,27.5,27.5,27.5,27.5,1000,27500.0,28.095,28.46333333333333,29.19770833333333,0.008516253583618294,-0.011563150406238076,0.02007940398985637
2025-10-22 14:53:00,27.5,27.5,27.5,27.5,200,5500.0,28.07,28.43,29.188125,-0.04333228724478033,-0.01791697777394653,-0.025415309470833803
2025-10-22 14:54:00,28.6,28.6,28.6,28.6,2,57.2,28.1,28.402499999999996,29.184375,0.004288739596162827,-0.013475834299924657,0.017764573896087484
2025-10-23 09:01:00,28.6,28.6,27.5,27.6,8069,222173.4,28.079999999999995,28.358333333333334,29.17354166666667,-0.03822229338710059,-0.018425126117359848,-0.019797167269740745
2025-10-23 09:06:00,27.4,27.4,27.4,27.4,1000,27400.0,28.065000000000005,28.31083333333333,29.160208333333333,-0.08704749252342125,-0.032149599398572135,-0.05489789312484912
2025-10-23 09:07:00,27.9,27.9,27.9,27.9,200,5580.0,28.05,28.289166666666667,29.14895833333333,-0.08442281956727982,-0.04260424343231368,-0.04181857613496614
2025-10-23 09:25:00,27.4,27.4,27.4,27.4,890,24386.0,28.03,28.2625,29.135625,-0.12129040833876914,-0.05834147641360477,-0.06294893192516438
2025-10-23 09:32:00,27.4,27.4,27.4,27.4,1000,27400.0,27.99,28.235833333333332,29.126249999999995,-0.14879304446072084,-0.076431790023028,-0.07236125443769284
2025-10-23 09:41:00,26.9,26.9,26.9,26.9,1,26.9,27.925,28.193333333333335,29.11104166666667,-0.20853108649973606,-0.10285164931836963,-0.10567943718136644
2025-10-23 09:47:00,26.9,26.9,26.9,26.9,1000,26900.0,27.860000000000003,28.14333333333333,29.099791666666665,-0.2529579731513856,-0.13287291408497284,-0.12008505906641273
2025-10-23 09:48:00,27.85,27.85,27.85,27.85,3,83.55,27.827499999999997,28.109166666666667,29.08875,-0.20909917524995691,-0.14811816631796967,-0.06098100893198724
2025-10-23 10:19:00,27.85,27.85,27.85,27.85,300,8355.0,27.845,28.092499999999998,29.07770833333333,-0.17235397261778473,-0.15296532757793269,-0.019388645039852048
2025-10-23 11:16:00,27.85,27.85,27.85,27.85,1,27.85,27.8375,28.058333333333334,29.070833333333333,-0.14160084836046494,-0.15069243173443914,0.0090915833739742
2025-10-23 12:26:00,27.85,27.85,27.85,27.85,350,9747.5,27.830000000000002,28.024166666666666,29.064583333333328,-0.11589283535703387,-0.1437325124589581,0.027839677101924226
2025-10-23 12:27:00,27.85,27.85,27.85,27.85,1000,27850.0,27.8225,28.005,29.05770833333333,-0.09443051365511579,-0.13387211269818963,0.039441599043073844
2025-10-23 12:41:00,27.85,27.85,27.85,27.85,1000,27850.0,27.814999999999998,27.991666666666667,29.04875,-0.07653917313475844,-0.1224055247855034,0.04586635165074496
2025-10-23 13:00:00,27.9,27.9,27.9,27.9,1,27.9,27.785000000000004,27.979166666666668,29.03875,-0.057660895825243585,-0.10945659899345145,0.05179570316820786
2025-10-23 13:01:00,27.9,27.9,27.9,27.9,10,279.0,27.755000000000003,27.961666666666666,29.02916666666666,-0.04221311849357079,-0.09600790289347531,0.053794784399904524
2025-10-23 13:52:00,27.0,27.0,27.0,27.0,801,21627.0,27.68,27.93,29.016041666666663,-0.1014239696611412,-0.0970911162470085,-0.004332853414132698
2025-10-23 14:01:00,27.9,27.9,27.9,27.9,2,55.8,27.645,27.917500000000004,29.013541666666665,-0.07486353716096161,-0.09264560042979914,0.017782063268837522
2025-10-23 14:42:00,27.0,27.0,27.0,27.0,2000,54000.0,27.619999999999997,27.89,29.009375,-0.12499580757066298,-0.09911564185797192,-0.025880165712691056
2025-10-23 14:44:00,26.9,27.5,26.9,27.5,2000,54400.0,27.619999999999997,27.880833333333335,29.007291666666667,-0.12296273387375578,-0.1038850602611287,-0.019077673612627077
2025-10-23 14:56:00,27.1,27.4,27.1,27.1,4000,108700.0,27.544999999999998,27.851666666666667,28.99958333333333,-0.15187741705852886,-0.11348353162060876,-0.038393885437920106
2025-10-23 14:57:00,27.5,27.5,27.5,27.5,22,605.0,27.54,27.83833333333333,28.993541666666665,-0.14089174243624925,-0.11896517378373687,-0.02192656865251237
2025-10-23 14:58:00,27.5,27.5,27.5,27.5,25,687.5,27.544999999999998,27.81833333333333,28.987499999999997,-0.1306791285021376,-0.12130796472741703,-0.009371163774720553
2025-10-23 14:59:00,27.5,27.5,27.5,27.5,14,385.0,27.525,27.798333333333336,28.986041666666665,-0.12118857196114874,-0.12128408617416339,9.551421301465246e-05
2025-10-23 15:00:00,27.5,27.5,27.5,27.5,1007,27692.5,27.53,27.791666666666668,28.98,-0.1123718843924344,-0.11950164581781761,0.007129761425383213
2025-10-27 09:02:00,26.8,26.8,26.8,26.8,1000,26800.0,27.5,27.77333333333333,28.97145833333333,-0.16002408775720767,-0.12760613420569564,-0.03241795355151203
2025-10-27 09:03:00,26.8,26.8,26.8,26.8,3000,80400.0,27.495000000000005,27.75333333333333,28.962916666666665,-0.19553479879505176,-0.14119186712356688,-0.05434293167148488
2025-10-27 09:04:00,27.0,27.0,27.0,27.0,1000,27000.0,27.5,27.744166666666665,28.955,-0.20517384819740414,-0.15398826333833435,-0.051185584859069794
2025-10-27 09:06:00,26.6,26.6,26.6,26.6,2200,58520.0,27.4375,27.725,28.945,-0.24229647837648471,-0.17164990634596444,-0.07064657203052027
2025-10-27 09:07:00,27.0,27.0,26.15,27.0,3002,78504.0,27.395000000000003,27.716666666666665,28.935833333333335,-0.23671111480310003,-0.1846621480373916,-0.05204896676570844
2025-10-27 09:08:00,26.9,26.9,26.9,26.9,2000,53800.0,27.347500000000004,27.702499999999997,28.92625,-0.2376147631167953,-0.19525267105327235,-0.042362092063522955
2025-10-27 09:16:00,26.0,26.0,26.0,26.0,1000,26000.0,27.255000000000003,27.659166666666668,28.912916666666664,-0.30740976093388994,-0.21768408902939587,-0.08972567190449407
2025-10-27 09:17:00,26.1,26.1,26.1,26.1,2100,54810.0,27.167499999999997,27.635,28.9,-0.3506119984152676,-0.24426967090657023,-0.10634232750869735
2025-10-27 09:18:00,25.65,26.0,25.65,26.0,10000,257900.0,27.075,27.610000000000003,28.886666666666667,-0.3884415349215864,-0.2731040437095735,-0.11533749121201292
2025-10-27 09:19:00,26.0,26.0,26.0,26.0,2000,52000.0,26.979999999999997,27.585,28.87229166666667,-0.4136533765157502,-0.30121391027080885,-0.11243946624494133
2025-10-27 09:20:00,26.0,26.3,26.0,26.3,4000,104300.0,26.9,27.56,28.859166666666667,-0.40476062133721413,-0.32192325248408993,-0.0828373688531242
2025-10-27 09:21:00,26.3,26.3,26.0,26.0,4000,104900.0,26.85,27.529999999999998,28.844791666666662,-0.417112330284656,-0.3409610680442032,-0.07615126224045282
2025-10-27 09:23:00,26.5,26.5,25.75,26.5,2010,52515.0,26.78,27.508333333333333,28.832708333333333,-0.3821501383741399,-0.34919888211019057,-0.03295125626394935
2025-10-27 09:31:00,26.5,26.5,26.5,26.5,1000,26500.0,26.755000000000003,27.490000000000002,28.820625,-0.3504031203431204,-0.34943972975677656,-0.0009633905863438152
2025-10-27 09:35:00,26.45,26.45,26.0,26.0,4300,113150.0,26.68,27.456666666666667,28.80645833333333,-0.36142294245165374,-0.35183637229575204,-0.009586570155901697
2025-10-27 10:05:00,25.8,25.8,25.8,25.8,2000,51600.0,26.615,27.42,28.79145833333333,-0.38189234219536417,-0.3578475662756745,-0.024044775919689676
2025-10-27 10:06:00,25.8,26.1,25.8,26.1,3588,93470.4,26.544999999999998,27.388333333333335,28.777708333333333,-0.36964594778151394,-0.36020724257684245,-0.009438705204671494
2025-10-27 10:12:00,26.25,26.25,26.25,26.25,2000,52500.0,26.482499999999998,27.36416666666667,28.76520833333333,-0.3438728929241428,-0.3569403726463026,0.01306747972215977
2025-10-27 10:13:00,26.25,26.25,26.0,26.25,8000,208750.0,26.419999999999998,27.331666666666667,28.752083333333335,-0.3197615491706607,-0.3495046079511742,0.02974305878051353
2025-10-27 10:15:00,26.25,26.25,26.25,26.25,1000,26250.0,26.357499999999998,27.305833333333336,28.738958333333336,-0.297226888974393,-0.339049064155818,0.041822175181425
2025-10-27 10:16:00,26.25,26.3,26.1,26.3,5000,131150.0,26.3325,27.274166666666666,28.72875,-0.2721957234192054,-0.32567839600849546,0.05348267258929007
2025-10-27 10:17:00,26.3,26.3,26.3,26.3,1000,26300.0,26.307499999999997,27.2425,28.715624999999996,-0.24948246580851574,-0.31043920996849955,0.06095674415998381
2025-10-27 10:19:00,26.3,26.3,26.0,26.0,3000,78300.0,26.2575,27.20583333333333,28.701249999999998,-0.25277569741485806,-0.29890650745777125,0.046130810042913195
2025-10-27 10:37:00,26.8,26.8,26.8,26.8,3,80.4,26.267500000000002,27.1775,28.69020833333333,-0.18865756608175843,-0.2768567191825687,0.08819915310081028
2025-10-27 10:54:00,26.8,26.8,26.8,26.8,20,536.0,26.2575,27.16583333333333,28.6825,-0.13627261912754918,-0.2487398991715648,0.11246728004401563
2025-10-27 10:59:00,26.0,26.0,26.0,26.0,1000,26000.0,26.2125,27.132499999999997,28.67145833333333,-0.15749498126738715,-0.23049091559072932,0.07299593432334217
2025-10-27 11:03:00,26.8,26.8,26.8,26.8,2,53.6,26.252500000000005,27.1125,28.662916666666668,-0.1085097096530987,-0.20609467440320323,0.09758496475010453
2025-10-27 11:04:00,26.8,26.8,26.8,26.8,1000,26800.0,26.2875,27.092499999999998,28.65,-0.0688943577085297,-0.17865461106426853,0.10976025335573883
2025-10-27 11:05:00,26.8,26.8,26.8,26.8,588,15758.4,26.327499999999997,27.072499999999998,28.641458333333333,-0.03707156792052757,-0.15033800243552034,0.11326643451499277
2025-10-27 11:14:00,26.8,26.8,26.8,26.8,1000,26800.0,26.3675,27.044166666666666,28.628541666666663,-0.011716714748498447,-0.12261374489811597,0.11089703014961752
2025-10-27 11:36:00,27.0,27.0,27.0,27.0,2000,54000.0,26.402499999999996,27.019166666666663,28.616458333333334,0.024236138474588387,-0.0932437682235751,0.11747990669816348
2025-10-27 11:37:00,27.0,27.0,27.0,27.0,1000,27000.0,26.452499999999997,26.994166666666665,28.604374999999997,0.05212813301148245,-0.06416938797656359,0.11629752098804604
2025-10-27 11:39:00,27.35,27.35,27.35,27.35,695,19008.25,26.494999999999997,26.973333333333336,28.595625,0.10130701040635515,-0.031074108299979836,0.13238111870633498
2025-10-27 11:44:00,27.35,27.35,27.35,27.35,300,8205.0,26.5375,26.970833333333335,28.584999999999997,0.1386829740586748,0.002877308171751101,0.1358056658869237
2025-10-27 11:53:00,27.35,27.35,27.35,27.35,50,1367.5,26.605,26.96833333333333,28.574374999999996,0.1663857037115335,0.03557898727970759,0.1308067164318259
2025-10-27 12:07:00,27.35,27.35,27.35,27.35,1000,27350.0,26.682499999999997,26.9475,28.563333333333333,0.18619398815508958,0.065701987454784,0.12049200070030558
2025-10-27 12:09:00,27.35,27.35,27.35,27.35,1000,27350.0,26.744999999999997,26.94333333333333,28.552291666666665,0.1995914305179376,0.09247987606741473,0.10711155445052287
2025-10-27 12:12:00,27.35,27.35,27.35,27.35,1000,27350.0,26.8,26.942500000000003,28.540625,0.20781345595301914,0.11554659204453563,0.09226686390848352
2025-10-27 12:31:00,26.4,26.4,26.4,26.4,100,2640.0,26.807499999999997,26.9175,28.52125,0.1361034934767602,0.11965797233098056,0.016445521145779643
2025-10-27 12:33:00,27.35,27.35,26.5,26.5,152,4029.7,26.82,26.902499999999996,28.504374999999996,0.0863466454571622,0.1129957069562169,-0.026649061499054702
2025-10-27 12:34:00,27.5,27.5,27.5,27.5,3,82.5,26.880000000000003,26.904166666666665,28.487916666666663,0.12615143238816628,0.11562685204260678,0.010524580345559503
2025-10-27 12:35:00,27.5,27.5,27.5,27.5,550,15125.0,26.939999999999998,26.914166666666667,28.471041666666665,0.15589989585390285,0.12368146080486601,0.032218435049036834
2025-10-27 13:32:00,26.5,26.5,26.5,26.5,200,5300.0,26.964999999999996,26.907500000000002,28.45,0.09765837981305481,0.11847684460650378,-0.020818464793448968
2025-10-27 13:33:00,26.5,26.5,26.5,26.5,1000,26500.0,26.95,26.884999999999998,28.434375,0.05091464639286514,0.10496440496377606,-0.05404975857091092
2025-10-27 13:45:00,26.5,26.5,26.5,26.5,1000,26500.0,26.934999999999995,26.8625,28.413333333333334,0.013711839338387932,0.08671389183869843,-0.0730020525003105
2025-10-27 14:31:00,27.0,27.0,27.0,27.0,2,54.0,26.984999999999996,26.848333333333333,28.394375,0.02429412054255664,0.07422993757947008,-0.04993581703691344
2025-10-27 14:49:00,27.0,27.0,27.0,27.0,1000,27000.0,26.994999999999997,26.834166666666665,28.375416666666663,0.032308225525397916,0.06584559516865565,-0.033537369643257736
2025-10-27 14:53:00,27.0,27.0,27.0,27.0,1000,27000.0,27.004999999999995,26.82,28.35645833333333,0.03821889779941401,0.06032025569480732,-0.02210135789539331
2025-10-27 14:54:00,27.0,27.45,27.0,27.45,11,297.45,27.0375,26.813333333333333,28.344791666666666,0.07831165929273354,0.06391853641439257,0.014393122878340964
2025-10-28 09:01:00,26.3,26.3,26.3,26.3,3000,78900.0,27.0125,26.78666666666667,28.323124999999997,0.01709303471578849,0.05455343607467175,-0.03746040135888326
2025-10-28 09:02:00,26.3,26.3,26.3,26.3,2000,52600.0,26.977500000000003,26.759999999999998,28.30770833333333,-0.031065067556355075,0.037429735348466386,-0.06849480290482146
2025-10-28 09:03:00,26.3,26.3,26.3,26.3,1000,26300.0,26.942500000000003,26.748333333333335,28.292291666666664,-0.06844175660084062,0.016255436958604978,-0.0846971935594456
2025-10-28 09:04:00,26.5,26.5,26.5,26.5,10,265.0,26.9,26.725,28.277916666666666,-0.0809911083410988,-0.0031938721013357817,-0.077797236239763
2025-10-28 09:08:00,26.5,26.5,26.5,26.5,30,795.0,26.857499999999998,26.716666666666665,28.265625,-0.08990024593428103,-0.020535146867924837,-0.0693650990663562
2025-10-28 09:11:00,26.1,26.1,26.1,26.1,1000,26100.0,26.794999999999998,26.69333333333333,28.249375,-0.12776466717185286,-0.041981050928710455,-0.0857836162431424
2025-10-28 09:13:00,26.5,26.5,26.5,26.5,1000,26500.0,26.752500000000005,26.683333333333334,28.236875,-0.12406568475488555,-0.05839797769394548,-0.06566770706094008
2025-10-28 09:15:00,26.1,26.3,26.1,26.3,3000,78500.0,26.7,26.663333333333334,28.219791666666666,-0.13570818360478043,-0.07386001887611247,-0.061848164728667956
2025-10-28 09:34:00,26.3,26.3,26.3,26.3,500,13150.0,26.647499999999997,26.64333333333333,28.207083333333333,-0.1432832675059288,-0.08774466860207575,-0.05553859890385304
2025-10-28 09:35:00,26.3,26.3,26.3,26.3,1000,26300.0,26.642500000000002,26.623333333333335,28.191666666666666,-0.14758530455091545,-0.09971279579184371,-0.047872508759071744
2025-10-28 09:37:00,26.5,26.5,26.5,26.5,1000,26500.0,26.642500000000002,26.60666666666667,28.175416666666667,-0.13331954662832146,-0.10643414595913926,-0.0268854006691822
2025-10-28 09:38:00,26.5,26.5,26.5,26.5,888,23532.0,26.5925,26.60166666666667,28.160833333333336,-0.12062335969035232,-0.10927198870538188,-0.011351370984970438
2025-10-28 09:39:00,26.55,26.55,26.55,26.55,3000,79650.0,26.544999999999998,26.597500000000004,28.147291666666668,-0.10531297551170837,-0.1084801860666472,0.0031672105549388208
2025-10-28 09:40:00,27.0,27.0,27.0,27.0,3,81.0,26.57,26.597500000000004,28.13520833333333,-0.05622007650551808,-0.09802816415442138,0.0418080876489033
2025-10-28 09:41:00,27.0,27.0,27.0,27.0,1000,27000.0,26.595,26.604166666666668,28.12229166666667,-0.017116294361002815,-0.08184579019573768,0.06472949583473486
2025-10-28 09:43:00,27.0,27.0,27.0,27.0,2000,54000.0,26.619999999999997,26.604166666666668,28.1125,0.013715629477133007,-0.06273350626116354,0.07644913573829655
2025-10-28 09:45:00,27.0,27.0,27.0,27.0,77,2079.0,26.619999999999997,26.605833333333337,28.10354166666667,0.037715391692461964,-0.04264372667043844,0.08035911836290041
2025-10-28 09:49:00,27.0,27.0,27.0,27.0,1000,27000.0,26.619999999999997,26.622500000000002,28.09104166666667,0.05608881916381492,-0.022897217503587766,0.07898603666740268
2025-10-28 09:50:00,27.0,27.25,26.8,27.25,9010,242522.5,26.6325,26.641666666666666,28.079583333333336,0.08978778576770807,-0.00036021684932859244,0.09014800261703666
2025-10-28 09:58:00,27.2,27.2,27.2,27.2,3000,81600.0,26.619999999999997,26.66166666666667,28.071458333333332,0.11117828341158287,0.021947483202853706,0.08923080020872916
2025-10-28 09:59:00,27.0,27.0,27.0,27.0,3000,81000.0,26.655,26.678333333333335,28.063125,0.11071581537288822,0.03970114963686061,0.0710146657360276
2025-10-28 10:00:00,27.25,27.25,27.25,27.25,1010,27522.5,26.702499999999997,26.694166666666668,28.051666666666666,0.12903478411325153,0.0575678765321388,0.07146690758111274
2025-10-28 10:01:00,27.35,27.35,27.35,27.35,1,27.35,26.755000000000003,26.716666666666665,28.040625,0.14989397860654563,0.07603309694702018,0.07386088165952545
2025-10-28 10:06:00,27.35,27.35,27.35,27.35,2000,54700.0,26.797500000000003,26.730833333333333,28.033749999999998,0.16452845886646017,0.0937321693309082,0.07079628953555198
2025-10-28 10:07:00,27.85,27.9,27.85,27.85,6000,167250.0,26.865000000000002,26.753333333333334,28.029375,0.21400529144768754,0.11778679375426408,0.09621849769342346
2025-10-28 10:08:00,28.4,28.7,28.1,28.7,13002,370306.8,26.994999999999997,26.798333333333336,28.02854166666667,0.3181366526842915,0.1578567655402696,0.1602798871440219
2025-10-28 10:10:00,29.2,29.2,28.55,28.55,2001,57129.2,27.097500000000004,26.84416666666667,28.026666666666667,0.3841297516282438,0.20311136275786448,0.18101838887037933
2025-10-28 10:11:00,29.2,29.2,29.2,29.2,8,233.6,27.2425,26.895833333333332,28.02541666666667,0.483308051352104,0.2591507004767124,0.22415735087539157
2025-10-28 10:12:00,29.2,29.2,29.2,29.2,100,2920.0,27.3875,26.944999999999997,28.024375,0.5555040633710568,0.3184213730555813,0.23708269031547552
2025-10-28 10:24:00,29.2,29.2,29.2,29.2,850,24820.0,27.532500000000006,26.994166666666665,28.025624999999998,0.6057373598147215,0.3758845704074094,0.22985278940731213
2025-10-28 10:40:00,29.2,29.45,29.0,29.1,14500,423900.0,27.6625,27.041666666666668,28.023958333333333,0.630213733269855,0.4267504029798986,0.2034633302899564
2025-10-28 10:41:00,29.2,30.0,29.2,30.0,5455,159290.0,27.8375,27.103333333333335,28.026041666666668,0.7140033280478661,0.48420098799349215,0.229802340054374
2025-10-28 10:42:00,30.0,30.0,30.0,30.0,1000,30000.0,28.009999999999998,27.165000000000003,28.030625,0.7715136564004617,0.5416635216748861,0.22985013472557558
2025-10-28 10:43:00,30.0,30.0,30.0,30.0,2000,60000.0,28.159999999999997,27.23166666666667,28.035208333333333,0.8077794275439416,0.5948867028486973,0.21289272469524434
2025-10-28 10:44:00,30.0,30.0,29.4,29.75,6000,178900.0,28.297499999999996,27.280833333333337,28.03875,0.8070442974991572,0.6373182217787893,0.1697260757203679
2025-10-28 10:45:00,30.45,30.45,30.45,30.45,1,30.45,28.47,27.341666666666665,28.042916666666667,0.853111710740432,0.6804769195711179,0.17263479116931413
2025-10-28 10:50:00,30.45,30.45,30.45,30.45,2000,60900.0,28.642499999999995,27.415833333333335,28.048541666666665,0.8794823426446783,0.7202780041858301,0.15920433845884818
2025-10-28 10:51:00,29.8,30.6,29.8,30.6,7000,212300.0,28.822499999999998,27.479166666666668,28.055625000000003,0.9020863153030518,0.7566396664092745,0.14544664889377734
2025-10-28 10:52:00,30.3,30.3,30.0,30.0,4000,120300.0,28.959999999999997,27.532500000000002,28.059375,0.8616525466986076,0.7776422424671412,0.08401030423146638
2025-10-28 10:53:00,30.5,30.5,30.0,30.0,2897,86914.5,29.1,27.585833333333333,28.061666666666667,0.820154265920781,0.7861446471578692,0.03400961876291175
2025-10-28 10:54:00,30.5,30.5,30.5,30.5,9,274.5,29.275,27.6475,28.068333333333335,0.818180920400593,0.7925519018064141,0.025629018594178876
2025-10-28 10:58:00,30.5,30.5,30.5,30.5,50,1525.0,29.4375,27.705833333333334,28.075,0.8073108528802138,0.7955036920211741,0.011807160859039656
2025-10-28 10:59:00,29.3,29.3,29.3,29.3,3000,87900.0,29.535000000000004,27.74416666666667,28.076875000000005,0.693867798807208,0.775176513378381,-0.08130871457117306
2025-10-28 11:00:00,30.0,30.0,30.0,30.0,2000,60000.0,29.6675,27.788333333333334,28.081666666666667,0.6529210436353985,0.7507254194297845,-0.09780437579438606
2025-10-28 11:06:00,29.0,29.0,29.0,29.0,100,2900.0,29.725,27.815833333333334,28.082291666666666,0.53362747712033,0.7073058309678937,-0.1736783538475637
2025-10-28 11:07:00,29.0,30.25,29.0,30.25,674,19653.5,29.802500000000002,27.86416666666667,28.08791666666667,0.5337977315359304,0.672604211081501,-0.13880647954557068
2025-10-28 11:09:00,30.25,30.25,30.25,30.25,1000,30250.0,29.8875,27.9125,28.093125,0.5278479567158314,0.6436529602083672,-0.11580500349253575
2025-10-28 11:12:00,29.55,30.25,29.55,30.25,2010,59402.5,29.940000000000005,27.960833333333333,28.09625,0.517171090897051,0.618356586346104,-0.10118549544905298
2025-10-28 11:16:00,30.25,30.25,30.25,30.25,96,2904.0,29.9925,28.009166666666665,28.099583333333335,0.5029123374390672,0.5952677365646967,-0.09235539912562951
2025-10-28 11:28:00,30.25,30.25,30.25,30.25,5,151.25,30.045000000000005,28.073333333333334,28.104791666666667,0.48600975467353535,0.5734161401864645,-0.08740638551292912
2025-10-28 11:46:00,29.6,29.9,29.6,29.9,2000,59500.0,30.085,28.13,28.10666666666667,0.4393081897754847,0.5465945501042685,-0.1072863603287838
2025-10-28 11:47:00,30.15,30.15,30.15,30.15,5,150.75,30.0925,28.174166666666668,28.109583333333333,0.41765530343341695,0.5208067007700982,-0.10315139733668122
2025-10-28 11:49:00,29.35,30.15,29.35,30.15,25,737.75,30.1,28.218333333333337,28.113958333333336,0.395931186744523,0.4958315979649831,-0.09990041122046012
2025-10-28 11:56:00,29.35,29.35,29.35,29.35,20,587.0,30.067500000000003,28.265833333333333,28.112916666666667,0.3105811672675287,0.4587815118254923,-0.1482003445579636
2025-10-28 11:57:00,30.15,30.15,30.15,30.15,2,60.3,30.0875,28.326666666666668,28.111458333333335,0.303989771184213,0.4278231636972365,-0.1238333925130235
2025-10-28 12:01:00,29.35,29.35,29.35,29.35,1025,30083.75,30.0325,28.374166666666667,28.110833333333336,0.23154363725929272,0.38856725840964773,-0.157023621150355
2025-10-28 12:03:00,30.15,30.15,30.15,30.15,10,301.5,30.017500000000002,28.42666666666667,28.115000000000002,0.23596283561145626,0.3580463738500095,-0.12208353823855322
2025-10-28 12:04:00,29.35,29.5,29.35,29.5,5000,147350.0,29.9625,28.468333333333337,28.115833333333335,0.18488428348723573,0.32341395577745474,-0.138529672290219
2025-10-28 12:08:00,30.25,30.25,30.25,30.25,5,151.25,29.975,28.5225,28.120625,0.20258759127040094,0.299248682876044,-0.09666109160564307
2025-10-28 12:21:00,30.2,30.2,30.2,30.2,86,2597.2,29.985000000000003,28.56833333333333,28.124791666666667,0.21016040971851524,0.28143102824453825,-0.07127061852602301
2025-10-28 12:34:00,30.15,30.15,30.15,30.15,100,3015.0,29.9675,28.6325,28.130000000000003,0.20970993517252623,0.26708680963013587,-0.05737687445760964
2025-10-28 12:39:00,30.15,30.15,30.15,30.15,10,301.5,29.95,28.69666666666667,28.134375,0.20696714246358994,0.25506287619682666,-0.04809573373323672
2025-10-28 12:49:00,29.1,29.1,29.1,29.1,2000,58200.0,29.939999999999998,28.743333333333332,28.135208333333335,0.11869894712224038,0.2277900903819094,-0.10909114325966901
2025-10-28 12:51:00,30.15,30.15,30.15,30.15,5,150.75,29.947499999999998,28.804166666666667,28.140416666666667,0.13195094282776765,0.20862226087108107,-0.07667131804331342
2025-10-28 12:54:00,29.1,29.1,29.1,29.1,5,145.5,29.952499999999997,28.8475,28.14270833333334,0.05706916233691217,0.17831164116424728,-0.1212424788273351
2025-10-28 12:55:00,30.0,30.0,30.0,30.0,1000,30000.0,29.939999999999998,28.9125,28.146875000000005,0.06954561166929807,0.15655843526525745,-0.08701282359595938
2025-10-28 12:56:00,30.0,30.0,30.0,30.0,100,3000.0,29.9275,28.970833333333335,28.150000000000002,0.07852806500186205,0.14095236121257837,-0.062424296210716324
2025-10-28 12:57:00,30.0,30.0,30.0,30.0,5,150.0,29.915,29.032500000000002,28.153125000000003,0.0846706929404526,0.1296960275581532,-0.04502533461770061
2025-10-28 13:10:00,29.1,29.1,29.1,29.1,1000,29100.0,29.857499999999998,29.079166666666666,28.1525,0.01672351320071286,0.10710152468666513,-0.09037801148595227
2025-10-28 13:11:00,30.0,30.0,30.0,30.0,5,150.0,29.845,29.14083333333333,28.158541666666668,0.03509283376700978,0.09269978650273406,-0.057606952735724276
2025-10-28 13:19:00,30.0,30.0,30.0,30.0,1000,30000.0,29.85,29.199166666666663,28.164583333333333,0.04908483325607804,0.08397679585340286,-0.03489196259732481
2025-10-28 13:20:00,30.1,30.1,30.1,30.1,5,150.5,29.847500000000004,29.259166666666665,28.171041666666667,0.0674650626762201,0.08067444921796631,-0.013209386541746207
2025-10-28 13:32:00,30.1,30.1,30.1,30.1,10,301.0,29.845000000000006,29.31833333333333,28.1775,0.08109669469853742,0.08075889831408053,0.0003377963844568843
2025-10-28 13:44:00,30.1,30.1,30.1,30.1,100,3010.0,29.8825,29.37,28.183958333333337,0.0908525694203135,0.08277763253532713,0.008074936884986367
2025-10-28 13:50:00,29.1,29.5,28.8,29.3,17030,496382.0,29.840000000000003,29.408333333333335,28.187083333333337,0.03364304027731535,0.07295071408372478,-0.03930767380640943
2025-10-28 13:51:00,28.8,29.2,28.8,29.15,3120,89899.0,29.830000000000002,29.444166666666664,28.188541666666666,-0.023528448826489523,0.05365488150168191,-0.07718333032817143
2025-10-28 13:52:00,29.45,29.45,29.45,29.45,1,29.45,29.795000000000005,29.485,28.1925,-0.04412117164198648,0.03409967087294823,-0.07822084251493472
2025-10-28 13:57:00,29.45,29.45,29.45,29.45,100,2945.0,29.7925,29.52583333333333,28.196458333333336,-0.059752265908919355,0.015329283516574713,-0.07508154942549407
2025-10-28 14:02:00,29.45,29.45,29.45,29.45,88,2591.6,29.752500000000005,29.5625,28.2025,-0.07131791223304873,-0.002000155633349981,-0.06931775659969874
2025-10-28 14:10:00,29.45,29.45,29.45,29.45,100,2945.0,29.714999999999996,29.6,28.20854166666667,-0.07956657630770536,-0.017513439768221062,-0.0620531365394843
2025-10-28 14:17:00,29.45,29.45,29.45,29.45,711,20938.95,29.68,29.64083333333333,28.214166666666664,-0.08512246324588091,-0.031035244463753036,-0.05408721878212787
2025-10-28 14:19:00,29.45,29.5,29.45,29.5,3000,88400.0,29.6475,29.67833333333333,28.21875,-0.08451670556786084,-0.041731536684574605,-0.042785168883286234
2025-10-28 14:28:00,29.45,29.45,29.45,29.45,2000,58900.0,29.665,29.71333333333333,28.224375,-0.08706755974527525,-0.05079874129671474,-0.03626881844856051
2025-10-28 14:30:00,29.5,29.5,29.5,29.5,87,2566.5,29.6325,29.749166666666667,28.22895833333333,-0.08408526532877758,-0.05745604610312731,-0.026629219225650272
2025-10-28 14:50:00,29.5,29.5,29.5,29.5,600,17700.0,29.652499999999996,29.776666666666664,28.233541666666667,-0.08079047323233723,-0.062122931528969305,-0.01866754170336793
2025-10-28 14:57:00,29.5,29.5,29.5,29.5,16,472.0,29.627499999999998,29.79,28.241041666666664,-0.07728839425953993,-0.06515602407508345,-0.012132370184456481
2025-10-28 14:58:00,29.5,29.5,29.5,29.5,297,8761.5,29.6025,29.805833333333332,28.245625,-0.0736638207707685,-0.06685758341422046,-0.006806237356548034
2025-10-29 09:01:00,28.5,28.5,28.5,28.5,3001,85528.5,29.527499999999996,29.794166666666666,28.244374999999998,-0.14975666124799147,-0.08343739898097467,-0.0663192622670168
2025-10-29 09:02:00,28.2,29.0,28.2,29.0,11,318.2,29.522499999999997,29.790833333333335,28.24520833333333,-0.16778089055353362,-0.10030609729548647,-0.06747479325804716
2025-10-29 09:03:00,27.8,28.95,27.8,28.95,11,317.3,29.47,29.78666666666667,28.245833333333337,-0.18397900877805995,-0.11704067959200116,-0.06693832918605878
2025-10-29 09:08:00,28.95,28.95,27.8,27.8,62,1793.75,29.359999999999996,29.764999999999997,28.240833333333335,-0.28631110700208495,-0.15089476507401794,-0.135416341928067
2025-10-29 09:09:00,28.95,28.95,28.95,28.95,1,28.95,29.3025,29.7475,28.240833333333335,-0.27148513145678166,-0.17501283835057072,-0.09647229310621094
2025-10-29 09:11:00,28.95,28.95,28.95,28.95,141,4081.95,29.245000000000005,29.73,28.240625,-0.2567754909987059,-0.19136536888019778,-0.06541012211850811
2025-10-29 09:17:00,27.8,27.8,27.8,27.8,1,27.8,29.130000000000003,29.69333333333333,28.23479166666667,-0.33406251923241825,-0.2199047989506419,-0.11415772028177634
2025-10-29 09:18:00,28.95,28.95,28.95,28.95,2,57.9,29.1125,29.68,28.232708333333335,-0.2990701622162959,-0.23573787160377274,-0.06333229061252316
2025-10-29 09:19:00,27.8,28.2,27.8,28.2,5000,140200.0,29.064999999999998,29.642500000000002,28.227500000000003,-0.32807535073965965,-0.2542053674309502,-0.07386998330870947
2025-10-29 09:20:00,27.6,28.0,27.6,28.0,6000,166800.0,28.992499999999996,29.60166666666667,28.218333333333337,-0.36301587906150345,-0.2759674697570608,-0.08704840930444263
2025-10-29 09:21:00,28.3,28.3,28.3,28.3,1000,28300.0,28.935000000000002,29.563333333333333,28.210416666666667,-0.3623223798371775,-0.29323845177308416,-0.06908392806409336
2025-10-29 09:22:00,28.3,28.65,28.15,28.65,3013,85122.45,28.895,29.54083333333333,28.20354166666667,-0.32972978209917514,-0.3005367178383024,-0.02919306426087276
2025-10-29 09:50:00,28.65,28.65,28.65,28.65,100,2865.0,28.855,29.51833333333333,28.19666666666667,-0.30043666669647706,-0.3005167076099373,8.004091346025533e-05
2025-10-29 10:16:00,27.8,27.8,27.8,27.8,1,27.8,28.772499999999997,29.473333333333333,28.186249999999998,-0.3418687082847143,-0.3087871077448927,-0.033081600539821565
2025-10-29 10:20:00,28.6,28.6,28.6,28.6,1,28.6,28.7275,29.441666666666666,28.179166666666667,-0.30661610601584144,-0.3083529073990825,0.00173680138324106
2025-10-29 10:44:00,27.8,27.8,27.8,27.8,1000,27800.0,28.645000000000003,29.416666666666668,28.16875,-0.33932000901298665,-0.31454632772186336,-0.024773681291123284
2025-10-29 10:46:00,28.6,28.6,28.6,28.6,10,286.0,28.6,29.39333333333333,28.166249999999998,-0.2972581665291152,-0.31108869548331375,0.013830528954198562
2025-10-29 11:05:00,27.8,28.0,27.65,27.85,12100,336750.0,28.517500000000002,29.374166666666667,28.156041666666667,-0.3207452339103689,-0.3130200031687248,-0.007725230741644107
2025-10-29 11:06:00,27.8,28.4,27.65,28.4,7002,194056.8,28.4625,29.34333333333333,28.15145833333333,-0.29161692221294544,-0.308739386977569,0.017122464764623535
2025-10-29 11:07:00,27.7,27.7,27.7,27.7,1000,27700.0,28.372500000000002,29.300833333333333,28.140833333333333,-0.32131278145612185,-0.3112540658732796,-0.01005871558284227
2025-10-29 11:08:00,28.35,28.35,28.35,28.35,3,85.05,28.365000000000002,29.269166666666663,28.132916666666667,-0.2890652320716498,-0.30681629911295366,0.01775106704130386
2025-10-29 11:10:00,27.6,27.6,27.25,27.25,3001,82827.25,28.277500000000003,29.219166666666663,28.120416666666664,-0.34825515512288163,-0.31510407031493926,-0.03315108480794238
2025-10-29 11:14:00,27.25,27.5,27.25,27.5,4100,112250.0,28.205000000000002,29.173333333333332,28.113333333333333,-0.370717286799799,-0.32622671361191125,-0.04449057318788774
2025-10-29 11:15:00,27.0,27.0,27.0,27.0,1,27.0,28.165000000000003,29.125,28.105,-0.4239771644748771,-0.3457768037845044,-0.07820036069037267
2025-10-29 11:23:00,28.0,28.0,28.0,28.0,1,28.0,28.1175,29.089166666666664,28.100833333333334,-0.381101260494102,-0.352841695126424,-0.028259565367677986
2025-10-29 11:35:00,27.95,27.95,27.95,27.95,1000,27950.0,28.067499999999995,29.0525,28.094583333333333,-0.3471545977115085,-0.3517042756434409,0.00454967793193245
2025-10-29 11:37:00,27.95,27.95,27.95,27.95,2000,55900.0,28.075,29.029166666666665,28.086458333333336,-0.3166020317398335,-0.3446838268627195,0.028081795122886
2025-10-29 11:39:00,28.0,28.0,28.0,28.0,3,84.0,28.027499999999996,28.993333333333332,28.07854166666667,-0.28506823182766183,-0.332760707855708,0.04769247602804616
2025-10-29 11:48:00,28.0,28.0,28.0,28.0,1000,28000.0,28.017500000000002,28.970833333333335,28.075000000000003,-0.25711362241695923,-0.31763129076795826,0.06051766835099903
2025-10-29 12:26:00,27.0,27.0,27.0,27.0,1,27.0,27.9675,28.918333333333333,28.06291666666667,-0.31205387290809483,-0.3165158071959856,0.0044619342878907675
2025-10-29 12:29:00,27.0,27.0,27.0,27.0,500,13500.0,27.902499999999996,28.876666666666665,28.050833333333337,-0.35154205921416093,-0.3235210575996207,-0.028021001614540242
2025-10-29 12:42:00,27.95,27.95,27.95,27.95,1,27.95,27.8675,28.83833333333333,28.046458333333337,-0.30269044382189136,-0.31935493484407484,0.01666449102218348
2025-10-29 12:43:00,27.95,27.95,27.95,27.95,100,2795.0,27.8325,28.800833333333337,28.043541666666666,-0.2609669224311162,-0.30767733236148315,0.04671040993036696
2025-10-29 13:01:00,27.95,27.95,27.0,27.0,2100,56795.0,27.7925,28.748333333333335,28.03666666666667,-0.3010870475815821,-0.30635927540550295,0.005272227823920839
2025-10-29 13:02:00,27.0,27.35,26.65,26.65,12000,322400.0,27.695,28.689999999999998,28.027083333333334,-0.3570092305617827,-0.3164892664367589,-0.04051996412502379
2025-10-29 13:03:00,27.05,27.05,26.65,26.65,15094,404688.0,27.6375,28.649166666666666,28.017708333333335,-0.39675442542590744,-0.33254229823458864,-0.0642121271913188
2025-10-29 13:04:00,26.75,27.15,26.65,27.15,38010,1015071.5,27.565000000000005,28.599166666666665,28.011458333333334,-0.38348636527186386,-0.34273111164204373,-0.04075525362982013
2025-10-29 13:05:00,27.5,27.5,27.5,27.5,10,275.0,27.547500000000003,28.572499999999998,28.006666666666668,-0.340800718538393,-0.34234503302131364,0.001544314482920639
2025-10-29 13:31:00,27.5,27.5,27.5,27.5,1000,27500.0,27.502500000000005,28.53083333333333,28.004375,-0.3034737791484794,-0.3345707822467468,0.031097003098267406
2025-10-29 13:52:00,27.5,27.5,27.5,27.5,500,13750.0,27.4925,28.489166666666666,27.998749999999998,-0.27077063541964463,-0.3218107528813264,0.051040117461681744
2025-10-29 14:22:00,27.5,27.5,27.5,27.5,1,27.5,27.45,28.447499999999998,27.995416666666664,-0.24206280901762867,-0.3058611641085869,0.06379835509095821
2025-10-29 14:45:00,27.5,27.5,27.5,27.5,700,19250.0,27.4625,28.420833333333334,27.990416666666665,-0.2168123717053092,-0.28805140562793136,0.07123903392262215
2025-10-29 14:46:00,27.4,27.55,27.4,27.55,510,13975.5,27.464999999999996,28.380000000000003,27.985625000000002,-0.1905698653015797,-0.26855509756266105,0.07798523226108134
2025-10-29 14:47:00,27.55,27.55,27.55,27.55,1000,27550.0,27.4925,28.339166666666667,27.98416666666667,-0.1678377606798378,-0.2484116301860964,0.08057386950625861
2025-10-29 14:48:00,27.55,27.55,27.55,27.55,1000,27550.0,27.47,28.296666666666667,27.982708333333335,-0.1481150261678792,-0.22835230938245302,0.08023728321457382
2025-10-29 14:49:00,28.0,28.0,28.0,28.0,1,28.0,27.472500000000004,28.261666666666667,27.982708333333335,-0.09507738487026529,-0.20169732448001548,0.10661993960975019
2025-10-30 09:02:00,28.0,28.0,28.0,28.0,10,280.0,27.475,28.226666666666667,27.984583333333333,-0.05244017433942716,-0.17184589445189782,0.11940572011247066
2025-10-30 09:25:00,26.75,27.8,26.75,27.8,1010,27028.0,27.464999999999996,28.201666666666664,27.984791666666663,-0.03439175954359186,-0.14435506747023663,0.10996330792664477
2025-10-30 09:29:00,26.75,27.0,26.55,26.75,9277,247293.6,27.402499999999996,28.16166666666667,27.981666666666666,-0.1036200184979279,-0.1362080576757749,0.032588039177847
2025-10-30 09:31:00,27.0,27.0,27.0,27.0,1010,27270.0,27.402499999999996,28.120833333333334,27.978541666666665,-0.13673480806615856,-0.13631340775385165,-0.00042140031230691877
2025-10-30 09:32:00,27.0,27.0,27.0,27.0,1,27.0,27.402499999999996,28.08,27.971875,-0.16112121233681265,-0.14127496867044384,-0.019846243666368807
2025-10-30 09:34:00,26.55,26.55,26.4,26.4,1773,46957.2,27.325,28.029166666666665,27.967083333333335,-0.22625447822024114,-0.15827087058040332,-0.06798360763983782
2025-10-30 09:38:00,26.1,26.5,26.1,26.2,19155,503326.60000000003,27.2375,27.975,27.961666666666666,-0.29066083208081395,-0.18474886288048548,-0.10591196920032847
2025-10-30 09:39:00,26.0,26.2,26.0,26.2,11160,290777.0,27.1975,27.920833333333334,27.95625,-0.3378092764777776,-0.21536094559994393,-0.12244833087783366
2025-10-30 09:40:00,26.2,26.2,26.2,26.2,1000,26200.0,27.175,27.865833333333335,27.949583333333333,-0.37089926252693317,-0.24646860898534179,-0.12443065354159139
2025-10-30 09:42:00,26.4,26.4,26.0,26.0,1010,26264.0,27.142499999999995,27.808333333333334,27.942083333333333,-0.4085521090038853,-0.27888530898905056,-0.12966680001483472
2025-10-30 09:44:00,26.4,26.4,26.4,26.4,10,264.0,27.105,27.756666666666668,27.936250000000005,-0.40148750599860605,-0.3034057483909617,-0.09808175760764437
2025-10-30 09:47:00,26.4,26.4,26.4,26.4,1080,28512.0,27.05,27.705,27.93125,-0.39137720443038404,-0.32100003959884615,-0.07037716483153789
2025-10-30 09:48:00,26.4,26.4,26.4,26.4,1000,26400.0,26.994999999999997,27.653333333333332,27.92458333333333,-0.37899588890621416,-0.3325992094603198,-0.04639667944589437
2025-10-30 09:50:00,26.7,26.7,26.7,26.7,10,267.0,26.955000000000002,27.60666666666667,27.91916666666667,-0.341044762624815,-0.33428832009321885,-0.00675644253159613
2025-10-30 10:06:00,26.8,26.8,26.8,26.8,10,268.0,26.919999999999998,27.578333333333333,27.914166666666667,-0.299447216249078,-0.3273200993243907,0.027872883075312715
2025-10-30 10:49:00,26.8,26.8,26.8,26.8,1,26.8,26.884999999999998,27.541666666666668,27.910416666666666,-0.26344404212279926,-0.3145448878840724,0.05110084576127316
2025-10-30 11:25:00,26.0,26.0,26.0,26.0,2000,52000.0,26.807499999999997,27.4925,27.90125,-0.29605187957801604,-0.31084628622286115,0.014794406644845104
2025-10-30 11:30:00,26.4,26.4,26.3,26.3,2000,52700.0,26.744999999999997,27.467499999999998,27.895,-0.29429389605058986,-0.3075358081884069,0.013241912137817058
2025-10-30 12:10:00,26.75,26.75,26.75,26.75,10,267.5,26.705000000000002,27.430833333333332,27.888958333333335,-0.253665346038499,-0.29676171575842536,0.043096369719926364
2025-10-30 12:28:00,26.0,26.3,26.0,26.3,3000,78600.0,26.619999999999997,27.386666666666667,27.881041666666665,-0.25484052370949684,-0.28837747734863967,0.03353695363914283
2025-10-30 12:32:00,26.0,26.0,26.0,26.0,10,260.0,26.52,27.35666666666667,27.871875,-0.27678870537526734,-0.2860597229539652,0.00927101757869786
2025-10-30 12:43:00,26.75,26.75,26.75,26.75,1,26.75,26.4675,27.32,27.864583333333332,-0.23100122713192306,-0.2750480237895568,0.044046796657633724
2025-10-30 13:03:00,26.0,26.0,26.0,26.0,1000,26000.0,26.43,27.283333333333335,27.858333333333334,-0.2523244139540104,-0.27050330182244753,0.018178887868437132
2025-10-30 13:04:00,26.0,26.3,26.0,26.0,5080,132796.0,26.380000000000003,27.25,27.85,-0.26615512255873597,-0.2696336659697052,0.0034785434109692592
2025-10-30 13:05:00,26.8,26.8,26.8,26.8,10,268.0,26.369999999999997,27.225,27.845000000000002,-0.21014037719139722,-0.2577350082140436,0.04759463102264638
2025-10-30 13:17:00,26.75,26.75,26.75,26.75,1000,26750.0,26.3875,27.193333333333335,27.839791666666667,-0.16784802253389586,-0.23975761107801405,0.07190958854411819
2025-10-30 13:19:00,26.75,26.75,26.75,26.75,1000,26750.0,26.415000000000003,27.16166666666667,27.834583333333335,-0.13280018885597755,-0.21836612663360677,0.08556593777762922
2025-10-30 13:20:00,26.0,26.0,26.0,26.0,1000,26000.0,26.405,27.131666666666668,27.824166666666667,-0.1636567272695082,-0.20742424676078708,0.04376751949127888
2025-10-30 13:21:00,26.0,26.1,26.0,26.1,4000,104300.0,26.4,27.089999999999996,27.814166666666665,-0.17798983597219475,-0.20153736460306865,0.023547528630873893
2025-10-30 13:24:00,26.8,26.8,26.8,26.8,1,26.8,26.439999999999998,27.07333333333333,27.80708333333333,-0.13135064950310493,-0.18750002158307594,0.056149372079971005
2025-10-30 14:37:00,26.8,26.8,26.8,26.8,200,5360.0,26.46,27.043333333333337,27.799583333333334,-0.09331310284494876,-0.16866263783545052,0.07534953499050176
2025-10-31 09:03:00,27.0,27.0,27.0,27.0,10,270.0,26.49,27.029166666666665,27.797500000000003,-0.04649379303762302,-0.144228868875885,0.09773507583826199
2025-10-31 09:28:00,27.0,27.0,27.0,27.0,1000,27000.0,26.52,27.005833333333335,27.795416666666668,-0.00928215380923092,-0.11723952586255419,0.10795737205332327
2025-10-31 09:34:00,27.25,27.25,27.25,27.25,1,27.25,26.547500000000003,26.998333333333335,27.789791666666666,0.039921063863257444,-0.08580740791739186,0.1257284717806493
2025-10-31 10:01:00,26.0,26.0,26.0,26.0,1000,26000.0,26.5075,26.95916666666667,27.783125,-0.02169944723508266,-0.07298581578093002,0.051286368545847366
2025-10-31 10:04:00,26.0,26.2,26.0,26.0,8222,214272.0,26.4675,26.938333333333336,27.777291666666667,-0.06973033829805786,-0.0723347202843556,0.0026043819862977408
2025-10-31 10:08:00,26.0,26.0,26.0,26.0,67,1742.0,26.4675,26.913333333333338,27.769375000000004,-0.10656673057476951,-0.07918112234243839,-0.02738560823233112
2025-10-31 10:16:00,26.0,26.0,26.0,26.0,2000,52000.0,26.452499999999997,26.89666666666667,27.763541666666665,-0.13421271619812103,-0.09018744111357493,-0.044025275084546095
2025-10-31 10:18:00,26.0,26.0,26.0,26.0,1000,26000.0,26.415,26.863333333333337,27.757708333333333,-0.15434318680105008,-0.10301859025106998,-0.0513245965499801
2025-10-31 11:20:00,26.4,26.4,26.4,26.4,1000,26400.0,26.419999999999998,26.8375,27.755625,-0.13644719440390318,-0.10970431108163663,-0.026742883322266556
2025-10-31 11:44:00,26.9,26.9,26.9,26.9,1,26.9,26.465000000000003,26.82,27.755625000000002,-0.08098512407105218,-0.10396047367951974,0.02297534960846756
2025-10-31 11:45:00,26.9,26.9,26.9,26.9,10,269.0,26.472500000000004,26.801666666666666,27.751666666666665,-0.03660902766701213,-0.09049018447701823,0.0538811568100061
2025-10-31 11:46:00,26.9,26.9,26.9,26.9,1000,26900.0,26.517500000000002,26.783333333333335,27.747708333333332,-0.0014242338727719073,-0.07267699435616896,0.07125276048339706
2025-10-31 12:13:00,26.9,26.9,26.9,26.9,10,269.0,26.5625,26.78166666666667,27.74375,0.026158430597053695,-0.05290990936552443,0.07906833996257812
2025-10-31 14:52:00,26.9,26.9,26.9,26.9,10,269.0,26.567500000000003,26.779999999999998,27.73979166666667,0.04747067847971209,-0.03283379179647712,0.08030447027618921
2025-11-03 09:37:00,26.0,26.2,26.0,26.1,4080,106196.0,26.535000000000004,26.749166666666667,27.7325,-0.0001903316233864416,-0.026305099761858984,0.026114768138472542
2025-11-03 09:42:00,25.9,25.9,25.9,25.9,5000,129500.0,26.4925,26.714999999999996,27.724375,-0.05348382578822708,-0.03174084496713261,-0.021742980821094472
2025-11-03 09:43:00,26.0,26.0,26.0,26.0,1000,26000.0,26.4925,26.69833333333333,27.716458333333332,-0.086651277617797,-0.04272293149726549,-0.043928346120531515
2025-11-03 09:53:00,26.15,26.15,26.15,26.15,2200,57530.0,26.494999999999997,26.69,27.70916666666667,-0.09968388201284029,-0.054115121600380456,-0.04556876041245983
2025-11-03 10:06:00,26.8,26.8,26.8,26.8,1,26.8,26.494999999999997,26.6925,27.708333333333332,-0.056906761444707854,-0.05467344956924594,-0.002233311875461913
2025-11-03 10:16:00,25.85,25.85,25.85,25.85,1000,25850.0,26.4475,26.670833333333334,27.699791666666666,-0.09852688907428941,-0.06344413747025465,-0.03508275160403476
2025-11-03 10:19:00,25.85,26.15,25.8,25.8,7300,189045.0,26.3875,26.642500000000002,27.694791666666667,-0.13400104161514292,-0.07755551829923231,-0.056445523315910615
2025-11-03 10:20:00,25.8,25.8,25.55,25.55,3000,77150.0,26.315000000000005,26.610000000000003,27.686666666666667,-0.18021012361591815,-0.09808643936256949,-0.08212368425334866
2025-11-03 10:26:00,25.55,25.55,25.55,25.55,1000,25550.0,26.23,26.5775,27.680208333333333,-0.2143601437177729,-0.12134118023361018,-0.09301896348416272
2025-11-03 10:34:00,25.9,25.9,25.9,25.9,1000,25900.0,26.225,26.550833333333337,27.67354166666667,-0.2107527789118997,-0.1392234999692681,-0.07152927894263159
2025-11-03 10:36:00,25.5,25.5,25.5,25.5,3000,76500.0,26.2,26.517500000000002,27.665208333333336,-0.23743358678294868,-0.15886551733200424,-0.07856806945094444
2025-11-03 10:38:00,25.4,25.6,25.4,25.5,8800,224440.0,26.175,26.483333333333334,27.656875000000003,-0.2556315577727055,-0.17821872542014452,-0.077412832352561
2025-11-03 10:55:00,25.1,25.5,25.0,25.0,7000,175800.0,26.125,26.440833333333334,27.646458333333335,-0.306862087092064,-0.20394739775452841,-0.10291468933753556
2025-11-03 11:01:00,25.5,25.5,25.5,25.5,2000,51000.0,26.1,26.40666666666667,27.64104166666667,-0.30361692246087557,-0.22388130269579787,-0.0797356197650777
2025-11-03 11:02:00,25.6,25.6,25.6,25.6,2000,51200.0,26.059999999999995,26.366666666666667,27.636041666666664,-0.289637184673353,-0.23703247909130892,-0.05260470558204405
2025-11-03 11:07:00,25.6,25.6,25.6,25.6,1000,25600.0,25.994999999999997,26.326666666666664,27.630208333333332,-0.2753836900002469,-0.24470272127309656,-0.030680968727150315
2025-11-03 11:13:00,24.85,24.85,24.85,24.85,1000,24850.0,25.892500000000002,26.2775,27.622916666666665,-0.32090720625350855,-0.259943618269179,-0.06096358798432955
2025-11-03 11:25:00,24.9,25.1,24.9,24.9,2524,62864.4,25.7925,26.246666666666666,27.614166666666666,-0.3489281126484727,-0.2777405171450377,-0.07118759550343495
2025-11-03 11:30:00,24.9,24.9,24.9,24.9,1000,24900.0,25.692500000000003,26.211666666666666,27.605833333333333,-0.36690542549183647,-0.2955734988143975,-0.07133192667743898
2025-11-03 11:43:00,24.9,24.9,24.9,24.9,1000,24900.0,25.592499999999998,26.17666666666667,27.60125,-0.37680895634641587,-0.31182059032080117,-0.0649883660256147
2025-11-03 11:50:00,25.8,25.8,25.8,25.8,1000,25800.0,25.5775,26.166666666666668,27.6,-0.3084791419863677,-0.3111523006539145,0.0026731586675468044
2025-11-03 11:53:00,24.9,24.9,24.9,24.9,1000,24900.0,25.527499999999996,26.144999999999996,27.595416666666665,-0.3232238271232397,-0.3135666059477796,-0.00965722117546014
2025-11-03 11:56:00,24.9,25.0,24.9,25.0,6000,149900.0,25.4775,26.125,27.59125,-0.3231152604683878,-0.31547633685190124,-0.007638923616486548
2025-11-03 11:57:00,24.9,25.0,24.9,25.0,6000,149700.0,25.419999999999998,26.105,27.585833333333333,-0.3193479759328923,-0.3162506646680995,-0.003097311264792846
2025-11-03 12:05:00,24.9,24.9,24.9,24.9,247,6150.3,25.325,26.086666666666666,27.58125,-0.3207343145340573,-0.31714739464129105,-0.0035869198927662715
2025-11-03 12:08:00,24.9,24.9,24.9,24.9,500,12450.0,25.277499999999996,26.061666666666667,27.574583333333337,-0.3181653853522448,-0.31735099278348183,-0.0008143925687629783
2025-11-03 12:14:00,25.8,25.8,25.8,25.8,8,206.4,25.2775,26.05166666666667,27.57166666666667,-0.24073200339666911,-0.3020271949061193,0.061295191509450175
2025-11-03 12:57:00,24.9,24.9,24.9,24.9,1000,24900.0,25.244999999999997,26.026666666666664,27.567083333333336,-0.24911631094262532,-0.2914450181134205,0.04232870717079518
2025-11-03 12:58:00,24.9,24.9,24.9,24.9,1000,24900.0,25.2125,25.996666666666666,27.563333333333333,-0.2528462805476579,-0.283725270600268,0.030878990052610078
2025-11-03 13:02:00,24.9,25.0,24.9,25.0,3502,87538.2,25.1675,25.966666666666665,27.558749999999996,-0.24490997433453288,-0.27596221134712096,0.03105223701258808
2025-11-03 13:03:00,25.0,25.0,25.0,25.0,3000,75000.0,25.142500000000002,25.936666666666667,27.553541666666664,-0.23590107374779024,-0.2679499838272548,0.03204891007946459
2025-11-03 14:45:00,24.9,24.9,24.9,24.9,1000,24900.0,25.1125,25.918333333333337,27.547916666666666,-0.23413169495478314,-0.2611863260527605,0.027054631097977344
2025-11-03 14:58:00,24.9,24.9,24.9,24.9,1000,24900.0,25.1075,25.895,27.542291666666664,-0.23007726205479528,-0.25496451325316744,0.02488725119837215
2025-11-04 09:09:00,24.9,24.9,24.9,24.9,10,249.0,25.0775,25.86416666666667,27.536458333333332,-0.22427874896158428,-0.24882736039485082,0.02454861143326653
2025-11-04 09:24:00,24.9,24.9,24.9,24.9,1000,24900.0,25.042499999999997,25.84083333333333,27.530625,-0.21717987119383864,-0.24249786255464842,0.025317991360809783
2025-11-04 09:34:00,25.6,25.6,25.6,25.6,1,25.6,25.042499999999997,25.834166666666665,27.528958333333335,-0.15330263224538854,-0.22465881649279645,0.07135618424740792
2025-11-04 09:59:00,24.9,25.0,24.9,25.0,2100,52400.0,25.05,25.805,27.521458333333335,-0.149372571733128,-0.2096015675408628,0.060228995807734775
2025-11-04 10:29:00,24.75,24.75,24.75,24.75,1000,24750.0,25.042499999999997,25.784166666666668,27.51291666666667,-0.16453423290747082,-0.20058810061418442,0.036053867706713594
2025-11-04 11:05:00,25.0,25.0,24.9,24.9,2100,52300.0,25.042499999999997,25.76583333333333,27.508333333333333,-0.16257218131577744,-0.19298491675450305,0.030412735438725608
2025-11-04 11:54:00,24.75,24.75,24.75,24.75,2000,49500.0,25.035,25.731666666666666,27.499791666666667,-0.17114809894261285,-0.18861755319212503,0.017469454249512184
2025-11-04 11:57:00,24.55,24.55,24.55,24.55,1000,24550.0,24.9725,25.695,27.490416666666665,-0.19187113299278025,-0.18926826915225609,-0.002602863840524161
2025-11-04 12:07:00,24.55,24.55,24.55,24.55,1000,24550.0,24.955,25.658333333333335,27.48104166666667,-0.20592056271308223,-0.19259872786442134,-0.013321834848660896
2025-11-04 12:12:00,24.8,24.8,24.8,24.8,82,2033.6,24.945,25.638333333333332,27.472708333333333,-0.19463825764821152,-0.19300663382117939,-0.001631623827032136
2025-11-04 12:29:00,25.15,25.15,25.15,25.15,1,25.15,24.952499999999997,25.622500000000002,27.465,-0.15566051712561446,-0.18553741048206643,0.029876893356451967
2025-11-04 12:32:00,25.15,25.15,25.15,25.15,300,7545.0,24.964999999999996,25.595000000000002,27.457291666666666,-0.12334849230447986,-0.17309962684654914,0.04975113454206928
2025-11-04 13:26:00,25.15,25.15,25.15,25.15,150,3772.5,24.9775,25.5675,27.448125,-0.09662712251807548,-0.15780512598085442,0.061178003462778935
2025-11-04 14:20:00,24.35,24.35,24.35,24.35,1000,24350.0,24.905,25.52333333333333,27.435625,-0.13840807641740582,-0.15392571606816471,0.015517639650758891
2025-11-04 14:32:00,25.0,25.0,25.0,25.0,200,5000.0,24.910000000000004,25.49,27.425833333333333,-0.11771329014004905,-0.1466832308825416,0.02896994074249254
2025-11-04 14:52:00,24.4,24.4,24.4,24.4,1000,24400.0,24.884999999999998,25.4425,27.413541666666667,-0.14802121211488029,-0.14695082712900934,-0.001070384985870948
2025-11-04 14:59:00,24.4,24.4,24.4,24.4,1000,24400.0,24.854999999999997,25.41583333333333,27.40125,-0.17007988360952453,-0.15157663842511238,-0.018503245184412154
2025-11-05 09:03:00,25.3,25.3,25.3,25.3,10,253.0,24.869999999999997,25.404166666666665,27.392708333333335,-0.11362921445450525,-0.14398715363099096,0.030357939176485715
2025-11-05 09:15:00,24.4,24.4,24.4,24.4,1000,24400.0,24.845,25.377499999999998,27.384375,-0.13990143418257261,-0.1431700097413073,0.003268575558734693
2025-11-05 09:19:00,25.3,25.3,25.3,25.3,1,25.3,24.865,25.36583333333333,27.379375,-0.08709589198453216,-0.13195518618995228,0.04485929420542012
2025-11-05 09:27:00,24.4,24.4,24.4,24.4,2000,48800.0,24.84,25.339166666666664,27.366458333333334,-0.11652635445632953,-0.12886941984322772,0.012343065386898194
2025-11-05 09:46:00,24.35,24.4,24.3,24.4,5400,131440.0,24.815,25.305833333333332,27.35354166666667,-0.13825647343616154,-0.1307468305618145,-0.00750964287434705
2025-11-05 10:12:00,24.75,24.75,24.75,24.75,1,24.75,24.7725,25.269999999999996,27.34625,-0.12578569516182014,-0.1297546034818156,0.003968908319995468
2025-11-05 10:52:00,24.75,24.75,24.75,24.75,400,9900.0,24.759999999999998,25.23416666666667,27.338958333333334,-0.11458168716726291,-0.12672002021890508,0.012138333051642164
2025-11-05 10:54:00,24.8,24.8,24.8,24.8,500,12400.0,24.7625,25.199166666666667,27.331875000000004,-0.10050924002431927,-0.12147786417998792,0.02096862415566865
2025-11-05 10:58:00,24.8,24.8,24.8,24.8,5,124.0,24.7575,25.164166666666667,27.32270833333333,-0.08833841402886122,-0.11484997414976258,0.026511560120901362
2025-11-05 11:40:00,23.9,23.9,23.9,23.9,300,7170.0,24.715,25.114166666666666,27.30979166666667,-0.1495910328184138,-0.12179818588349285,-0.027792846934920942
2025-11-05 12:42:00,23.9,23.9,23.9,23.9,41,979.9,24.682499999999997,25.077499999999997,27.296875,-0.1958762351997656,-0.13661379574674742,-0.05926243945301818
2025-11-05 12:43:00,24.75,24.75,24.75,24.75,1,24.75,24.6925,25.058333333333334,27.285624999999996,-0.1621010947840169,-0.14171125555420133,-0.020389839229815576
2025-11-05 12:56:00,24.75,24.75,24.75,24.75,1000,24750.0,24.689999999999998,25.0375,27.279166666666665,-0.13379178426131588,-0.14012736129562425,0.006335577034308371
2025-11-05 13:23:00,24.75,24.75,24.75,24.75,1000,24750.0,24.669999999999998,25.014166666666664,27.272708333333334,-0.11008743232175178,-0.13411937550084976,0.024031943179097986
2025-11-05 13:58:00,23.9,24.4,23.8,23.8,12000,286550.0,24.6025,24.964166666666664,27.262291666666666,-0.1660445647642952,-0.14050441335353886,-0.02554015141075633
2025-11-05 13:59:00,24.2,24.2,24.0,24.0,1086,26081.2,24.544999999999998,24.933333333333334,27.251875,-0.19203896123905295,-0.1508113229306417,-0.04122763830841125
2025-11-05 14:00:00,24.0,24.0,24.0,24.0,1000,24000.0,24.527499999999996,24.90333333333333,27.241458333333334,-0.21021646319233867,-0.1626923509829811,-0.047524112209357566
2025-11-05 14:05:00,23.6,23.6,23.6,23.6,2000,47200.0,24.4575,24.870833333333334,27.231041666666666,-0.25397129847548783,-0.18094814048148247,-0.07302315799400536
2025-11-05 14:08:00,23.9,24.0,23.85,24.0,5100,121940.0,24.4375,24.845000000000002,27.220625,-0.25344906060928807,-0.1954483245070436,-0.05800073610224446
2025-11-05 14:09:00,24.25,24.25,24.25,24.25,1000,24250.0,24.43,24.8175,27.212083333333336,-0.23020857156187802,-0.2024003739180105,-0.02780819764386752
2025-11-05 14:12:00,24.5,24.5,24.5,24.5,1,24.5,24.39,24.800833333333333,27.204583333333336,-0.1894337317490944,-0.1998070454842273,0.010373313735132922
2025-11-05 14:50:00,24.0,24.0,24.0,24.0,3000,72000.0,24.37,24.77583333333333,27.195,-0.19521488310091328,-0.19888861300756452,0.0036737299066512408
2025-11-06 10:04:00,23.7,23.7,23.7,23.7,1000,23700.0,24.29,24.754166666666666,27.183333333333334,-0.22145122808480622,-0.20340113602301288,-0.018050092061793338
2025-11-06 10:08:00,24.45,24.45,24.45,24.45,10,244.5,24.292499999999997,24.736666666666665,27.174791666666668,-0.17965404847863198,-0.19865171851413674,0.01899767003550476
2025-11-06 11:18:00,24.45,24.45,24.45,24.45,1,24.45,24.294999999999998,24.717499999999998,27.166041666666665,-0.14485963085580522,-0.18789330098247045,0.04303367012666523
2025-11-06 11:31:00,24.45,24.45,24.45,24.45,1000,24450.0,24.28,24.698333333333334,27.155416666666664,-0.11594822524412152,-0.17350428583480068,0.057556060590679164
2025-11-06 11:42:00,23.7,23.7,23.7,23.7,2000,47400.0,24.2275,24.679166666666667,27.141666666666666,-0.15180455161394946,-0.16916433899063046,0.017359787376681007
2025-11-06 11:43:00,23.6,23.7,23.6,23.7,3050,71985.0,24.1725,24.659166666666668,27.127916666666668,-0.17816714860895644,-0.17096490091429567,-0.007202247694660768
2025-11-06 11:46:00,24.0,24.0,24.0,24.0,3000,72000.0,24.1325,24.644166666666663,27.115416666666665,-0.17285958615650543,-0.17134383796273764,-0.0015157481937677908
2025-11-06 11:47:00,24.1,24.1,24.1,24.1,1010,24341.0,24.142500000000002,24.63083333333333,27.10333333333333,-0.15875412171477166,-0.16882589471314446,0.010071772998372808
2025-11-06 11:56:00,24.1,24.1,24.1,24.1,1000,24100.0,24.1525,24.6025,27.090208333333333,-0.14589366812976934,-0.16423944939646945,0.018345781266700112
2025-11-06 12:14:00,24.1,24.1,24.1,24.1,1000,24100.0,24.12,24.589166666666667,27.077291666666667,-0.13415520827679117,-0.1582226011725338,0.02406739289574264
2025-11-06 12:26:00,24.1,24.1,24.1,24.1,1000,24100.0,24.0875,24.574166666666667,27.06520833333333,-0.12342957496432305,-0.15126399593089168,0.02783442096656863
2025-11-06 12:27:00,24.0,24.1,24.0,24.1,4000,96100.0,24.055,24.55916666666667,27.052083333333332,-0.1136196961586684,-0.14373513597644702,0.030115439817778616
2025-11-06 13:05:00,23.6,23.6,23.6,23.6,2000,47200.0,24.045,24.5375,27.03645833333333,-0.1445251222094086,-0.14389313322303934,-0.000631988986369264
2025-11-06 13:12:00,23.6,23.6,23.6,23.6,1000,23600.0,24.025,24.51583333333333,27.020833333333332,-0.16709176515845314,-0.1485328596101221,-0.018558905548331034
2025-11-06 13:14:00,24.1,24.1,24.1,24.1,1,24.1,24.03,24.4875,27.005208333333332,-0.14298196387741058,-0.1474226804635798,0.0044407165861692355
2025-11-06 13:28:00,24.1,24.1,24.1,24.1,3000,72300.0,24.055,24.47416666666667,26.986041666666665,-0.12246309433953328,-0.14243076323877052,0.019967668899237234
2025-11-07 09:05:00,24.3,24.3,24.3,24.3,1000,24300.0,24.07,24.464166666666664,26.96833333333333,-0.0890370501792006,-0.13175202062685654,0.04271497044765593
2025-11-07 09:08:00,24.3,24.3,24.3,24.3,1000,24300.0,24.072499999999998,24.4525,26.947916666666668,-0.06183388680368296,-0.11776839386222182,0.05593450705853886
2025-11-07 09:51:00,23.8,23.8,23.8,23.8,3000,71400.0,24.0375,24.4325,26.925416666666667,-0.07970224727239383,-0.11015516454425624,0.030452917271862404
2025-11-07 09:52:00,23.5,23.5,23.5,23.5,1000,23500.0,24.0125,24.409166666666668,26.901666666666667,-0.11672501120346368,-0.11146913387609773,-0.005255877327365946
2025-11-07 12:11:00,24.45,24.5,23.8,24.5,5000,121650.0,24.052500000000002,24.4025,26.8825,-0.06462917085084285,-0.10210114127104676,0.03747197042020391
2025-11-07 12:12:00,24.2,24.2,24.2,24.2,1000,24200.0,24.04,24.390833333333333,26.858333333333334,-0.04700845067884174,-0.09108260315260577,0.04407415247376403
2025-11-07 12:17:00,24.5,24.5,24.5,24.5,1,24.5,24.0425,24.38416666666667,26.835416666666667,-0.008735710365407101,-0.07461322459516605,0.06587751422975895
2025-11-07 12:56:00,24.5,24.5,24.5,24.5,2000,49000.0,24.044999999999998,24.365833333333335,26.8125,0.021349607092304268,-0.05542065825767198,0.07677026534997625
2025-11-07 14:25:00,24.5,24.5,24.5,24.5,1000,24500.0,24.085,24.3575,26.790625,0.04467742439288003,-0.035401041727561575,0.0800784661204416
2025-11-07 14:31:00,24.5,24.5,24.5,24.5,100,2450.0,24.125,24.353333333333335,26.765833333333333,0.062445059891700794,-0.015831821403709097,0.07827688129540988
2025-11-07 14:38:00,24.7,24.7,24.7,24.7,1,24.7,24.16,24.35,26.741875,0.09160836337491318,0.005656215552015365,0.08595214782289781
2025-11-10 09:05:00,23.6,23.6,23.6,23.6,1000,23600.0,24.134999999999998,24.330833333333334,26.712708333333335,0.025663847717893873,0.009657741985191069,0.016006105732702804
2025-11-10 09:13:00,23.6,23.6,23.6,23.6,5000,118000.0,24.110000000000003,24.314999999999998,26.686041666666664,-0.026294548853481814,0.0024672838174564903,-0.028761832670938306
2025-11-10 09:14:00,24.0,24.0,24.0,24.0,5000,120000.0,24.105,24.305833333333332,26.661041666666666,-0.03479420942816702,-0.004985014831668215,-0.029809194596498806
2025-11-10 09:19:00,24.3,24.3,24.3,24.3,100,2430.0,24.115000000000002,24.2975,26.63520833333333,-0.017125348517414096,-0.007413081568817392,-0.009712266948596705
2025-11-10 09:24:00,24.3,24.3,24.3,24.3,2000,48600.0,24.125,24.283333333333335,26.609375,-0.003087063205370555,-0.006547877896128025,0.00346081469075747
2025-11-10 09:27:00,24.5,24.5,24.5,24.5,1000,24500.0,24.169999999999998,24.2725,26.589375,0.023901189540023182,-0.0004580644088977818,0.024359253948920963
2025-11-10 09:40:00,24.5,24.5,24.5,24.5,500,12250.0,24.215,24.261666666666667,26.566458333333333,0.04477345377598496,0.00858823922807877,0.03618521454790619
2025-11-10 11:03:00,24.5,24.5,24.5,24.5,1000,24500.0,24.235,24.264166666666668,26.547708333333333,0.060616128561697735,0.018993817094802568,0.04162231146689517
2025-11-10 11:07:00,24.7,24.7,24.7,24.7,333,8225.1,24.264999999999997,24.259166666666665,26.524583333333332,0.08829211446433405,0.03285347656870887,0.05543863789562518
2025-11-10 11:44:00,24.7,24.7,24.7,24.7,50,1235.0,24.285000000000004,24.264166666666664,26.501458333333332,0.10896940126025356,0.048076661507017816,0.060892739753235746
2025-11-10 12:23:00,24.0,24.0,24.0,24.0,1000,24000.0,24.270000000000003,24.2575,26.475416666666664,0.06808728235380457,0.05207878567637517,0.0160084966774294
2025-11-10 12:44:00,24.0,24.0,24.0,24.0,2000,48000.0,24.28,24.235833333333332,26.449374999999996,0.03528120876779539,0.048719270294659216,-0.013438061526863825
2025-11-10 12:46:00,23.8,23.8,23.8,23.8,1000,23800.0,24.294999999999998,24.225833333333334,26.4225,-0.0067780364493650325,0.03761980894585437,-0.044397845395219404
2025-11-10 13:03:00,24.5,24.5,24.5,24.5,26,637.0,24.294999999999998,24.2125,26.4,0.016187261872794068,0.03333329953124231,-0.017146037658448243
2025-11-10 13:04:00,24.5,24.5,24.5,24.5,1,24.5,24.31,24.214166666666664,26.376458333333332,0.03399554674773242,0.033465748974540334,0.0005297977731920853
2025-11-10 14:21:00,23.8,23.8,23.8,23.8,1000,23800.0,24.275,24.204166666666666,26.35,-0.0082799627861192,0.025116606622408427,-0.03339656940852763
2025-11-10 14:53:00,24.3,24.3,24.3,24.3,1000,24300.0,24.265,24.196666666666665,26.328958333333333,-0.0014214023036807077,0.0198090048371906,-0.021230407140871307
2025-11-11 09:01:00,24.5,25.4,24.5,25.4,9010,222554.0,24.31,24.2075,26.309166666666666,0.09171759980994665,0.034190723831741814,0.057526875978204835
2025-11-11 09:05:00,25.4,25.4,25.4,25.4,2,50.8,24.355,24.217499999999998,26.29270833333333,0.16364453765042342,0.06008148659547815,0.10356305105494526
2025-11-11 09:06:00,25.4,25.55,25.4,25.55,3000,76350.0,24.3975,24.23,26.273541666666667,0.23009846857785732,0.094084882991954,0.13601358558590332
2025-11-11 09:07:00,25.55,25.65,25.55,25.65,4005,102528.25,24.5,24.25916666666667,26.2575,0.28751851738336853,0.13277160987023692,0.1547469075131316
2025-11-11 09:09:00,26.3,26.3,26.3,26.3,2,52.6,24.634999999999998,24.299166666666668,26.241041666666664,0.3810810226596715,0.18243349242812384,0.19864753023154763
2025-11-11 09:11:00,26.3,26.3,26.3,26.3,105,2761.5,24.75,24.325,26.224791666666665,0.45004217610794583,0.2359552291640883,0.21408694694385755
2025-11-11 09:16:00,26.3,26.3,26.3,26.3,200,5260.0,24.85,24.350833333333334,26.20875,0.49894288406761333,0.28855276014479336,0.21039012392281997
2025-11-11 09:18:00,25.5,26.3,25.5,25.5,3002,76552.6,24.91,24.363333333333333,26.189375,0.4677517819383752,0.32439256450350973,0.14335921743486546
2025-11-11 09:19:00,25.85,25.85,25.85,25.85,1,25.85,24.9775,24.3975,26.175833333333333,0.4659040320429533,0.3526948580113985,0.11320917403155478
2025-11-11 09:25:00,25.35,25.95,25.35,25.95,4001,102975.95,25.05,24.430000000000003,26.158333333333335,0.4671241250645686,0.37558071142203253,0.09154341364253604
2025-11-11 09:26:00,25.95,25.95,25.95,25.95,2,51.9,25.1225,24.4625,26.145208333333333,0.46275668654800484,0.39301590644722706,0.06974078010077778
2025-11-11 09:27:00,25.05,25.95,25.05,25.95,510,12784.5,25.185000000000002,24.501666666666665,26.12833333333333,0.45406132376097474,0.40522498990997663,0.048836333850998115
2025-11-11 09:28:00,25.95,25.95,25.95,25.95,1000,25950.0,25.2475,24.534166666666668,26.111458333333328,0.442074229568739,0.4125948378417291,0.029479391727009863
2025-11-11 09:29:00,25.95,25.95,25.95,25.95,1201,31165.95,25.345,24.5625,26.094583333333333,0.4276447485968262,0.4156048199927486,0.012039928604077599
2025-11-11 09:43:00,25.3,25.95,25.3,25.95,2002,50651.9,25.4425,24.586666666666666,26.081458333333334,0.4114661552587542,0.41477708704594973,-0.003310931787195548
2025-11-11 09:44:00,25.3,25.95,25.0,25.95,5001,125325.95,25.55,24.619166666666665,26.064583333333335,0.3941015461732711,0.41064197887141407,-0.01654043269814298
2025-11-11 10:47:00,25.05,25.05,25.05,25.05,1000,25050.0,25.5775,24.641666666666666,26.043958333333332,0.30421073795902487,0.38935573068893625,-0.08514499272991138
2025-11-11 10:48:00,25.95,25.95,25.95,25.95,2,51.9,25.65,24.666666666666668,26.026666666666664,0.302111549324394,0.37190689441602787,-0.06979534509163388
2025-11-11 10:55:00,25.05,25.95,25.05,25.6,2101,52685.95,25.74,24.685833333333335,26.00791666666667,0.26910379128501916,0.35134627378982614,-0.08224248250480698
2025-11-11 10:57:00,25.0,25.0,25.0,25.0,1000,25000.0,25.775,24.695,25.986666666666668,0.19231305445890357,0.31953962992364165,-0.1272265754647381
2025-11-11 10:58:00,25.6,25.6,25.6,25.6,1,25.6,25.785000000000004,24.726666666666667,25.971249999999998,0.17782101786340831,0.291195907511595,-0.1133748896481867
2025-11-11 11:57:00,25.6,25.6,25.6,25.6,1,25.6,25.794999999999998,24.758333333333336,25.956458333333334,0.16444040779157376,0.26584480756759077,-0.101404399776017
2025-11-11 12:01:00,25.6,25.6,25.6,25.6,26,665.6,25.797499999999996,24.785000000000004,25.940416666666668,0.15208305907099628,0.24309245786827188,-0.0910093987972756
2025-11-11 12:08:00,25.6,25.6,25.6,25.6,50,1280.0,25.794999999999998,24.81,25.924374999999998,0.14066823532614947,0.22260761335984744,-0.08193937803369797
2025-11-11 12:09:00,25.6,25.6,25.6,25.6,32,819.2,25.76,24.835,25.908333333333335,0.13012194053658277,0.2041104787951945,-0.07398853825861174
2025-11-11 12:20:00,25.6,25.6,25.6,25.6,1000,25600.0,25.725,24.86,25.892291666666665,0.12037630284633494,0.18736364360542263,-0.06698734075908769
2025-11-11 12:24:00,25.6,25.6,25.6,25.6,2,51.2,25.690000000000005,24.885,25.876250000000002,0.11136902200245302,0.1721647192848287,-0.06079569728237569
2025-11-11 12:28:00,25.6,25.6,25.6,25.6,2000,51200.0,25.695000000000004,24.91,25.86,0.10304287294240311,0.1583403500163436,-0.055297477073940504
2025-11-11 12:32:00,25.9,25.9,25.9,25.9,1,25.9,25.6975,24.948333333333334,25.845208333333336,0.11927688296153605,0.15052765660538212,-0.03125077364384607
2025-11-11 12:36:00,25.9,25.9,25.9,25.9,1000,25900.0,25.695,24.986666666666668,25.830208333333335,0.13063655596272028,0.14654943647684976,-0.01591288051412948
2025-11-11 12:38:00,25.9,25.9,25.9,25.9,2,51.8,25.692500000000003,25.016666666666666,25.815208333333334,0.13804784898686506,0.14484911897885283,-0.006801269991987768
2025-11-11 13:11:00,25.9,25.9,25.5,25.5,4000,102400.0,25.669999999999998,25.040000000000003,25.79854166666667,0.11037239082644845,0.13795377334837197,-0.02758138252192352
2025-11-11 13:13:00,25.95,25.95,25.95,25.95,598,15518.1,25.669999999999998,25.067500000000003,25.78375,0.12332897043493318,0.1350288127656842,-0.011699842330751026
2025-11-11 13:22:00,25.95,25.95,25.95,25.95,104,2698.8,25.669999999999998,25.094999999999995,25.773125,0.13207467844232212,0.1344379859010118,-0.0023633074586896785
2025-11-11 13:24:00,25.95,25.95,25.5,25.95,4010,103259.5,25.669999999999998,25.13083333333333,25.760416666666668,0.13742160433480777,0.135034709587771,0.0023868947470367663
2025-11-11 13:25:00,25.95,25.95,25.95,25.95,1001,25975.95,25.669999999999998,25.171666666666667,25.74791666666666,0.14004473311855392,0.13603671429392758,0.0040080188246263415
2025-11-11 13:26:00,25.95,25.95,25.95,25.95,1000,25950.0,25.715000000000003,25.195833333333333,25.740208333333335,0.14050393962298457,0.13693015935973898,0.0035737802632455906
2025-11-11 13:27:00,25.95,25.95,25.95,25.95,3,77.85,25.715000000000003,25.225,25.727708333333332,0.1392625323016965,0.13739663394813048,0.0018658983535660145
2025-11-11 13:28:00,25.95,26.0,25.95,26.0,3300,85700.0,25.735000000000003,25.25,25.715416666666666,0.1406914863114892,0.13805560442080222,0.002635881890686975
2025-11-11 13:29:00,26.0,26.0,26.0,26.0,2,52.0,25.785000000000004,25.275,25.707916666666666,0.14020771539253474,0.13848602661514872,0.0017216887773860157
2025-11-11 13:42:00,26.0,26.0,26.0,26.0,1000,26000.0,25.805,25.3,25.695625,0.1382308838703672,0.13843499806619242,-0.0002041141958252224
2025-11-11 13:43:00,26.1,26.1,26.1,26.1,502,13102.2,25.830000000000002,25.326666666666664,25.686874999999997,0.14308401149407146,0.13936480075176824,0.0037192107423032195
2025-11-11 13:50:00,26.1,26.1,26.1,26.1,517,13493.7,25.855,25.35,25.678958333333334,0.14525573243578904,0.1405429870885724,0.004712745347216635
2025-11-11 14:17:00,26.1,26.1,26.1,26.1,1,26.1,25.880000000000003,25.391666666666666,25.669791666666665,0.14530188721991877,0.14149476711484169,0.003807120105077083
2025-11-11 14:21:00,25.2,26.1,25.2,26.1,1002,25252.2,25.905,25.433333333333334,25.659166666666668,0.14368218641295627,0.1419322509744646,0.0017499354384916677
2025-11-11 14:34:00,25.2,26.0,25.05,25.05,8005,201280.0,25.877499999999998,25.450833333333332,25.644166666666663,0.05701510245977204,0.1249488212715261,-0.06793371881175406
2025-11-11 14:35:00,25.2,25.95,25.0,25.95,4001,100225.95,25.895,25.478333333333335,25.636458333333334,0.060258667995487514,0.1120107906163184,-0.051752122620830884
2025-11-12 09:01:00,25.95,25.95,25.95,25.95,2,51.9,25.9125,25.50583333333333,25.625416666666663,0.062113214577649956,0.10203127540858471,-0.03991806083093476
2025-11-12 09:04:00,25.0,25.0,25.0,25.0,1000,25000.0,25.8675,25.514166666666664,25.613749999999996,-0.012925111770538678,0.07903999797276004,-0.09196510974329872
2025-11-12 09:05:00,25.0,25.95,24.9,25.95,5010,124959.5,25.869999999999997,25.538333333333334,25.602708333333336,0.0042149472076040695,0.06407498781972884,-0.05986004061212477
2025-11-12 09:07:00,25.1,25.1,25.1,25.1,30,753.0,25.830000000000002,25.548333333333332,25.59125,-0.05021053304835377,0.04121788364611232,-0.09142841669446608
2025-11-12 09:08:00,25.1,25.1,25.0,25.0,3000,75200.0,25.805,25.553333333333335,25.577083333333334,-0.10025658700331874,0.012922989516226101,-0.11317957651954484
2025-11-12 09:10:00,25.65,25.65,25.65,25.65,10,256.5,25.790000000000003,25.569166666666668,25.568541666666665,-0.08647208127569428,-0.00695602464215798,-0.0795160566335363
2025-11-12 09:20:00,24.7,24.7,24.7,24.7,2000,49400.0,25.7275,25.580833333333334,25.553333333333335,-0.1504702938107343,-0.035658878475873255,-0.11481141533486103
2025-11-12 09:22:00,24.7,24.7,24.7,24.7,30,741.0,25.665,25.592499999999998,25.542708333333334,-0.19889658233465113,-0.06830641924762886,-0.13059016308702226
2025-11-12 09:23:00,24.55,25.0,24.55,25.0,12,299.1,25.6175,25.6125,25.532291666666666,-0.210639155026211,-0.09677296640334529,-0.11386618862286571
2025-11-12 09:24:00,24.55,25.0,24.55,25.0,1001,24575.0,25.57,25.620833333333334,25.523958333333333,-0.21743873015462967,-0.12090611915360218,-0.09653261100102749
2025-11-12 09:25:00,24.75,24.75,24.75,24.75,1000,24750.0,25.51,25.625,25.510416666666668,-0.24023111830191013,-0.14477111898326378,-0.09545999931864635
2025-11-12 09:34:00,25.0,25.0,25.0,25.0,5,125.0,25.46,25.644999999999996,25.498125,-0.23540770595801774,-0.16289843637821458,-0.07250926957980317
2025-11-12 09:37:00,25.0,25.0,25.0,25.0,1000,25000.0,25.410000000000004,25.656666666666663,25.485833333333332,-0.22894597029305785,-0.17610794316118325,-0.052838027131874604
2025-11-12 09:38:00,25.0,25.0,25.0,25.0,1000,25000.0,25.360000000000003,25.65,25.473333333333333,-0.2212742859938075,-0.18514121172770812,-0.03613307426609938
2025-11-12 10:08:00,24.6,24.6,24.6,24.6,2000,49200.0,25.285,25.636666666666667,25.459166666666665,-0.2446508947508761,-0.19704314833234174,-0.04760774641853435
2025-11-12 10:11:00,25.2,25.2,25.2,25.2,10,252.0,25.240000000000002,25.630833333333335,25.451666666666664,-0.21231460936395763,-0.20009744053866493,-0.012217168825292696
2025-11-12 10:21:00,24.6,24.7,24.5,24.7,6000,147900.0,25.169999999999998,25.615,25.442083333333333,-0.22444641301393276,-0.2049672350337185,-0.019479177980214257
2025-11-12 10:23:00,25.2,25.2,25.2,25.2,53,1335.6,25.125,25.596666666666668,25.430625,-0.19150755361702565,-0.20227529875037994,0.010767745133354295
2025-11-12 10:35:00,25.2,25.2,25.2,25.2,1000,25200.0,25.1325,25.578333333333333,25.419166666666666,-0.16351833268079474,-0.19452390553646293,0.031005572855668184
2025-11-12 10:37:00,24.5,24.5,24.5,24.5,206,5047.0,25.06,25.548333333333336,25.408749999999998,-0.1955664549366709,-0.19473241541650455,-0.0008340395201663631
2025-11-12 10:43:00,25.2,25.2,25.2,25.2,500,12600.0,25.0225,25.543333333333337,25.402708333333337,-0.16260624924043654,-0.18830718218129097,0.025700932940854432
2025-11-12 10:48:00,24.5,24.5,24.5,24.5,1000,24500.0,24.9975,25.520833333333332,25.39375,-0.19077011943010547,-0.18879976963105388,-0.001970349799051585
2025-11-12 10:52:00,24.5,24.6,24.5,24.6,6000,147300.0,24.93,25.49833333333333,25.383125,-0.20268460326040838,-0.1915767363569248,-0.011107866903483588
2025-11-12 12:08:00,24.0,24.0,24.0,24.0,1822,43728.0,24.875,25.465833333333332,25.368541666666665,-0.2575727646287653,-0.20477594201129293,-0.0527968226174724
2025-11-12 12:13:00,24.9,24.9,24.9,24.9,10,249.0,24.869999999999997,25.448333333333334,25.357708333333335,-0.2258461359044972,-0.20898998078993378,-0.016856155114563426
2025-11-12 12:14:00,24.9,24.9,24.9,24.9,7,174.3,24.8325,25.430833333333332,25.346875,-0.19841534546919348,-0.2068750537257857,0.00845970825659223
2025-11-12 13:16:00,24.9,24.9,24.9,24.9,1000,24900.0,24.8425,25.413333333333334,25.336041666666667,-0.17466284190342307,-0.20043261136131318,0.025769769457890113
2025-11-12 13:31:00,24.0,24.9,24.0,24.9,12,297.0,24.8525,25.395833333333332,25.325208333333332,-0.1540628708259284,-0.19115866325423625,0.03709579242830785
2025-11-12 14:36:00,24.0,24.0,24.0,24.0,10,240.0,24.8025,25.363333333333337,25.310416666666665,-0.20796246190964496,-0.19451942298531802,-0.013443038924326939
2025-11-12 14:44:00,24.9,24.9,24.9,24.9,1,24.9,24.7975,25.360833333333332,25.299374999999998,-0.1760266718822514,-0.19082087276470472,0.014794200882453312
2025-11-12 14:50:00,24.0,24.0,24.0,24.0,1000,24000.0,24.76,25.328333333333333,25.28458333333333,-0.22079462360571966,-0.19681562293290775,-0.023979000672811918
2025-11-12 14:51:00,24.6,24.6,24.5,24.5,1001,24574.6,24.735000000000003,25.31,25.269999999999996,-0.21346701172403826,-0.20014590069113386,-0.013321111032904398
2025-11-12 14:52:00,24.0,24.0,24.0,24.0,2000,48000.0,24.685000000000002,25.293333333333333,25.25333333333333,-0.24517937265179768,-0.20915259508326664,-0.03602677756853104
2025-11-12 14:55:00,24.5,24.5,24.5,24.5,1000,24500.0,24.660000000000004,25.275,25.239583333333332,-0.22734513266469136,-0.21279110259955158,-0.014554030065139778
2025-11-12 14:57:00,24.5,24.5,24.5,24.5,500,12250.0,24.655,25.256666666666664,25.230208333333334,-0.21078160979542204,-0.21238920403872572,0.0016075942433036727
2025-11-12 15:00:00,24.5,24.5,24.5,24.5,10,245.0,24.62,25.238333333333333,25.219791666666666,-0.19540242111100525,-0.20899184745318164,0.013589426342176386
2025-11-13 09:12:00,24.0,24.0,24.0,24.0,2,48.0,24.585,25.211666666666666,25.207291666666666,-0.22101243087551126,-0.21139596413764758,-0.009616466737863677
2025-11-13 09:14:00,24.0,24.0,24.0,24.0,500,12000.0,24.525,25.185,25.197291666666665,-0.23855859315965944,-0.21682848994204995,-0.021730103217609487
2025-11-13 09:15:00,24.0,24.5,24.0,24.1,6000,144800.0,24.47,25.160000000000004,25.188541666666666,-0.24160976197875428,-0.22178474434939086,-0.019825017629363423
2025-11-13 09:18:00,24.0,24.0,24.0,24.0,2000,48000.0,24.445,25.133333333333333,25.179375,-0.2492240992361232,-0.22727261532673734,-0.021951483909385866
2025-11-13 09:22:00,24.5,24.5,24.5,24.5,10,245.0,24.41,25.115000000000002,25.17229166666667,-0.2124635475233987,-0.22431080176606963,0.01184725424267094
2025-11-13 09:34:00,24.5,24.5,24.5,24.5,1000,24500.0,24.41,25.091666666666665,25.16604166666667,-0.18124130846045006,-0.21569690310494571,0.03445559464449566
2025-11-13 09:49:00,24.55,24.55,24.55,24.55,10,245.5,24.4075,25.069166666666668,25.158333333333335,-0.15072540824348835,-0.20270260413265426,0.05197719588916591
2025-11-13 10:39:00,24.55,24.55,24.55,24.55,1000,24550.0,24.435,25.046666666666667,25.150624999999998,-0.1250992709425276,-0.18718193749462894,0.062082666552101345
2025-11-13 10:40:00,24.55,24.55,24.55,24.55,1000,24550.0,24.4175,25.03083333333333,25.142916666666668,-0.10359618022591022,-0.17046478604088522,0.066868605814975
2025-11-13 11:32:00,24.0,24.0,24.0,24.0,1000,24000.0,24.372500000000002,24.99833333333333,25.131666666666664,-0.12944309000375753,-0.1622604468334597,0.03281735682970216
2025-11-13 11:35:00,24.0,24.0,24.0,24.0,1000,24000.0,24.3275,24.965833333333332,25.12,-0.14821838296357015,-0.1594520340594818,0.011233651095911651
2025-11-13 13:21:00,24.95,24.95,24.95,24.95,10,249.5,24.330000000000002,24.949166666666667,25.112291666666668,-0.08545579616042076,-0.1446527864796696,0.05919699031924883
2025-11-13 13:54:00,24.95,24.95,24.95,24.95,1000,24950.0,24.3775,24.9325,25.107916666666668,-0.0353089740649537,-0.12278402399672642,0.08747504993177271
2025-11-13 13:55:00,24.95,24.95,24.95,24.95,1000,24950.0,24.38,24.915833333333335,25.102291666666666,0.004382228135934696,-0.0973507735701942,0.1017330017061289
2025-11-13 13:58:00,25.0,25.0,25.0,25.0,3000,75000.0,24.43,24.9,25.095000000000002,0.03941798794420137,-0.0699970212673151,0.10941500921151646
2025-11-13 13:59:00,25.15,25.2,24.8,24.8,12000,301050.0,24.445,24.88,25.08875,0.05046403351541784,-0.045904810310768505,0.09636884382618635
2025-11-13 14:19:00,25.5,25.5,24.95,24.95,4010,101155.0,24.4925,24.8625,25.084375,0.07050906598841422,-0.02262203505093196,0.09313110103934619
2025-11-13 14:51:00,25.75,25.75,25.75,25.75,20,515.0,24.555,24.858333333333334,25.080208333333335,0.1492280052081334,0.011747973000881122,0.13748003220725227
2025-11-13 14:52:00,25.75,25.75,25.75,25.75,80,2060.0,24.6175,24.852500000000003,25.079166666666666,0.2092017837397293,0.05123873514865078,0.15796304859107851
2025-11-14 09:11:00,25.7,25.7,25.7,25.7,10,257.0,24.6775,24.845833333333335,25.077916666666667,0.24981711696260334,0.09095441151144132,0.15886270545116202
2025-11-14 09:38:00,24.8,24.8,24.8,24.8,3000,74400.0,24.717499999999998,24.824166666666667,25.069583333333334,0.20699645647383136,0.11416282050391935,0.09283363596991201
2025-11-14 09:39:00,24.7,24.8,24.45,24.45,7000,172250.0,24.74,24.796666666666667,25.06,0.14316834405130052,0.1199639252133956,0.023204418837904917
2025-11-14 09:42:00,23.9,23.9,23.9,23.9,3000,71700.0,24.73,24.7775,25.048124999999995,0.047654371708276244,0.10550201451237175,-0.0578476428040955
2025-11-14 09:43:00,23.75,23.75,23.75,23.75,1019,24201.25,24.7175,24.740833333333335,25.038749999999997,-0.039687394334926296,0.07646413274291214,-0.11615152707783843
2025-11-14 09:53:00,24.5,24.5,24.5,24.5,10,245.0,24.7175,24.716666666666665,25.032083333333333,-0.047836215088601364,0.051604063176609434,-0.09944027826521079
2025-11-14 11:03:00,24.5,24.5,24.5,24.5,150,3675.0,24.7175,24.708333333333332,25.022499999999997,-0.05367547676070217,0.030548155189147115,-0.08422363194984928
2025-11-14 11:19:00,24.8,24.8,24.8,24.8,7000,173600.0,24.73,24.689166666666665,25.014166666666664,-0.03370708659769406,0.01769710683177888,-0.05140419342947294
2025-11-14 12:48:00,24.1,24.1,24.1,24.1,2000,48200.0,24.7075,24.672500000000003,25.002083333333335,-0.07351866596744117,-0.0005460477280651348,-0.07297261823937604
2025-11-14 12:51:00,24.5,24.5,24.5,24.5,300,7350.0,24.705,24.66416666666667,24.991666666666667,-0.07196342284154866,-0.014829522750761845,-0.05713390009078682
2025-11-14 13:13:00,24.1,24.2,24.0,24.2,6000,144500.0,24.714999999999996,24.639999999999997,24.97895833333333,-0.09385645545981802,-0.030634909292573086,-0.06322154616724493
2025-11-14 13:15:00,24.2,24.2,24.2,24.2,1000,24200.0,24.725,24.631666666666664,24.97145833333333,-0.10993952710707333,-0.046495832855473145,-0.06344369425160018
2025-11-14 14:33:00,23.95,23.95,23.95,23.95,1000,23950.0,24.675,24.61916666666667,24.962916666666665,-0.1412303721058379,-0.06544274070554609,-0.0757876314002918
2025-11-14 14:40:00,24.2,24.2,24.1,24.1,5000,120700.0,24.6325,24.604166666666668,24.955,-0.15217071651106906,-0.0827883358666507,-0.06938238064441836
2025-11-14 14:47:00,24.8,24.8,24.8,24.8,10,248.0,24.625,24.600833333333338,24.95,-0.10316761635550264,-0.08686419196442109,-0.016303424391081553
2025-11-14 14:58:00,23.95,23.95,23.95,23.95,81,1939.95,24.572499999999998,24.5875,24.941458333333333,-0.1314054425429525,-0.09577244208012739,-0.03563300046282511
2025-11-14 15:00:00,24.8,24.8,24.8,24.8,10,248.0,24.572499999999998,24.58416666666667,24.93479166666667,-0.0842253298118365,-0.09346301962646922,0.009237689814632716
2025-11-17 09:01:00,24.8,24.8,24.8,24.8,10,248.0,24.565,24.580833333333334,24.926041666666666,-0.04630102120698254,-0.0840306199425719,0.037729598735589356
2025-11-17 09:05:00,23.9,23.9,23.9,23.9,3000,71700.0,24.4725,24.5625,24.913541666666667,-0.08785546863956739,-0.084795589681971,-0.003059878957596393
2025-11-17 09:07:00,23.8,23.8,23.8,23.8,2000,47600.0,24.375,24.549166666666668,24.900625,-0.12738837795410163,-0.09331414733639713,-0.034074230617704496
2025-11-17 09:10:00,24.55,24.55,24.55,24.55,10,245.5,24.317500000000003,24.538333333333334,24.890833333333333,-0.09708067581643931,-0.09406745303240557,-0.0030132227840337367
2025-11-17 09:18:00,24.55,24.55,24.55,24.55,1000,24550.0,24.305,24.535833333333336,24.881041666666665,-0.07222899265084948,-0.08969976095609436,0.017470768305244883
2025-11-17 09:26:00,24.55,24.55,24.55,24.55,1000,24550.0,24.310000000000002,24.525,24.87458333333333,-0.05193517828862326,-0.08214684442260015,0.030211666133976883
2025-11-17 09:37:00,24.75,24.75,24.75,24.75,10,247.5,24.3525,24.5175,24.869791666666668,-0.019489196343418058,-0.06961531480676374,0.05012611846334568
2025-11-17 10:37:00,24.7,24.7,24.7,24.7,1000,24700.0,24.4,24.520833333333332,24.864375,0.002164939896765361,-0.055259263866057916,0.05742420376282328
2025-11-17 11:57:00,24.0,24.25,24.0,24.25,5000,120500.0,24.3875,24.505,24.85645833333333,-0.016791676324142912,-0.047565746357674916,0.030774070033532004
2025-11-17 12:20:00,24.6,24.6,24.6,24.6,5,123.0,24.3925,24.506666666666664,24.847291666666667,-0.0035321400148831117,-0.03875902508911656,0.035226885074233445
2025-11-17 12:43:00,23.9,23.9,23.9,23.9,28,669.2,24.3475,24.495,24.839166666666664,-0.04894381794905556,-0.04079598366110436,-0.008147834287951197
2025-11-17 12:53:00,23.9,23.9,23.9,23.9,2000,47800.0,24.3375,24.493333333333336,24.83125,-0.08396500359037162,-0.049429787646957817,-0.034535215943413806
2025-11-17 12:57:00,24.0,24.0,24.0,24.0,4100,98400.0,24.3125,24.478333333333335,24.824791666666666,-0.10246918033396568,-0.06003766618435939,-0.04243151414960629
2025-11-17 13:05:00,23.9,24.0,23.9,24.0,2820,67480.0,24.302500000000002,24.463333333333335,24.818333333333335,-0.11579901475889542,-0.07118993589926662,-0.04460907885962881
2025-11-17 13:15:00,23.9,24.0,23.8,23.9,4380,104620.0,24.2875,24.446666666666665,24.81,-0.13290017831394252,-0.0835319843822018,-0.04936819393174072
2025-11-17 13:18:00,23.9,23.9,23.9,23.9,1000,23900.0,24.285,24.43,24.803333333333335,-0.1447839938819797,-0.09578238628215739,-0.04900160759982232
2025-11-17 13:19:00,23.9,23.9,23.9,23.9,200,4780.0,24.275,24.42833333333333,24.796666666666667,-0.1524447155505939,-0.10711485213584471,-0.045329863414749205
2025-11-17 14:02:00,23.55,23.55,23.55,23.55,3000,70650.0,24.2125,24.405833333333337,24.790625,-0.18462967166645328,-0.12261781604196645,-0.06201185562448683
2025-11-17 14:18:00,23.3,23.3,23.3,23.3,176,4100.8,24.18,24.394166666666667,24.781458333333333,-0.22768478347612842,-0.14363120952879888,-0.08405357394732954
2025-11-17 14:21:00,23.3,23.3,23.3,23.3,1000,23300.0,24.105,24.374166666666667,24.771875,-0.2588227225466575,-0.1666695121323706,-0.0921532104142869
2025-11-17 14:53:00,23.0,23.0,23.0,23.0,100,2300.0,24.015,24.3575,24.761041666666664,-0.3042006209916934,-0.1941757339042352,-0.11002488708745822
2025-11-18 09:21:00,23.0,23.0,23.0,23.0,1000,23000.0,23.970000000000002,24.3325,24.75333333333333,-0.33628643178490947,-0.22259787348037008,-0.11368855830453939
2025-11-18 09:36:00,23.0,23.0,23.0,23.0,2000,46000.0,23.93,24.3075,24.745416666666664,-0.3575925635256354,-0.2495968114894232,-0.1079957520362122
2025-11-18 10:42:00,22.8,22.8,22.8,22.8,100,2280.0,23.8425,24.279166666666665,24.736666666666668,-0.38616468880938726,-0.2769103869534161,-0.10925430185597118
2025-11-18 10:43:00,22.8,22.8,22.8,22.8,1000,22800.0,23.755,24.259166666666665,24.727916666666665,-0.4041495198572349,-0.30235821353417985,-0.10179130632305505
2025-11-18 10:44:00,22.8,23.0,22.8,23.0,6000,137200.0,23.6775,24.2425,24.71625,-0.3976800909647267,-0.32142258902028925,-0.07625750194443742
2025-11-18 11:40:00,22.35,22.35,22.35,22.35,880,19668.0,23.557499999999997,24.21333333333333,24.705625,-0.43993133509778204,-0.34512433823578786,-0.09480699686199417
2025-11-18 11:59:00,22.35,22.35,22.35,22.35,1000,22350.0,23.44,24.18583333333333,24.694583333333334,-0.46802069918950906,-0.36970361042653216,-0.0983170887629769
2025-11-18 12:18:00,22.35,22.35,22.35,22.35,85,1899.75,23.345,24.15,24.683541666666667,-0.48469446650707937,-0.39270178164264163,-0.09199268486443773
2025-11-18 12:27:00,22.35,22.35,22.35,22.35,1000,22350.0,23.2325,24.114166666666666,24.672916666666666,-0.4922343757558103,-0.41260830046527536,-0.07962607529053495
2025-11-18 12:37:00,22.2,22.2,22.2,22.2,2000,44400.0,23.1475,24.075,24.66166666666667,-0.504498015471988,-0.4309862434666179,-0.07351177200537012
2025-11-18 12:39:00,22.2,22.8,22.2,22.4,2050,45740.0,23.072499999999998,24.039166666666667,24.647499999999997,-0.4924025991188863,-0.4432695145970716,-0.049133084521814696
2025-11-18 12:52:00,21.85,21.85,21.85,21.85,1000,21850.0,22.965,23.99416666666667,24.63479166666667,-0.5211893515588315,-0.4588534819894236,-0.0623358695694079
2025-11-18 13:09:00,21.85,21.85,21.85,21.85,8,174.8,22.8575,23.958333333333332,24.622083333333332,-0.5378035951905922,-0.4746435046296574,-0.0631600905609348
2025-11-18 13:11:00,22.8,22.8,22.8,22.8,1000,22800.0,22.8025,23.938333333333333,24.612916666666667,-0.4689081610537613,-0.4734964359144782,0.00458827486071689
2025-11-18 13:41:00,21.85,21.85,21.85,21.85,180,3933.0,22.7,23.886666666666667,24.59979166666667,-0.4853700498519302,-0.47587115870196867,-0.009498891149961552
2025-11-18 14:43:00,21.85,21.85,21.85,21.85,35,764.75,22.597500000000004,23.834999999999997,24.587083333333332,-0.49273625845616564,-0.4792441786528081,-0.013492079803357537
2025-11-18 14:56:00,21.85,22.5,21.85,22.5,3000,66850.0,22.545,23.794166666666666,24.577083333333334,-0.44104042464517335,-0.47160342785128123,0.030563003206107886
2025-11-18 14:57:00,22.0,22.8,22.0,22.8,1387,31314.0,22.520000000000003,23.757499999999997,24.56833333333333,-0.37158026511069053,-0.4515987953031631,0.08001853019247257
2025-11-18 14:58:00,22.0,22.0,22.0,22.0,2000,44000.0,22.455000000000002,23.71083333333333,24.55625,-0.3767430430809888,-0.4366276448587283,0.059884601777739466
2025-11-18 14:59:00,22.35,22.35,21.85,21.85,1633,36181.05,22.3975,23.659166666666668,24.540625,-0.3884603985496753,-0.42699419559691776,0.03853379704724247
2025-11-19 09:15:00,21.85,21.85,21.85,21.85,3000,65550.0,22.34,23.594166666666663,24.527499999999996,-0.393213763676993,-0.42023810921293286,0.027024345535939853
2025-11-19 09:16:00,22.0,22.0,22.0,22.0,1000,22000.0,22.29,23.531666666666663,24.516041666666663,-0.3804910296465245,-0.4122886932996512,0.031797663653126695
2025-11-19 09:25:00,22.0,22.0,22.0,22.0,100,2200.0,22.25,23.470000000000002,24.503958333333333,-0.3661869955241137,-0.4030683537445437,0.03688135822042998
2025-11-19 10:08:00,22.0,22.0,22.0,22.0,350,7700.0,22.21,23.423333333333332,24.4925,-0.350807060009128,-0.3926160949974606,0.041809034988332605
2025-11-19 11:02:00,22.0,22.0,22.0,22.0,1000,22000.0,22.160000000000004,23.3825,24.481875,-0.3347594517280541,-0.3810447663435793,0.04628531461552521
2025-11-19 11:25:00,22.0,22.0,22.0,22.0,1000,22000.0,22.142500000000002,23.350833333333334,24.471249999999998,-0.31837161673031034,-0.36851013642092556,0.050138519690615224
2025-11-19 11:33:00,22.0,22.0,22.0,22.0,1000,22000.0,22.125,23.321666666666665,24.459583333333335,-0.3019039782935593,-0.35518890479545234,0.05328492650189304
2025-11-19 12:10:00,22.0,22.0,22.0,22.0,100,2200.0,22.1075,23.279999999999998,24.446458333333332,-0.285561481190193,-0.3412634200744005,0.05570193888420755
2025-11-19 12:20:00,22.0,22.0,22.0,22.0,1000,22000.0,22.09,23.238333333333333,24.433333333333334,-0.269503268574276,-0.3269113897743756,0.05740812120009964
2025-11-19 12:22:00,22.1,22.1,22.1,22.1,6000,132600.0,22.085,23.193333333333335,24.420624999999998,-0.2458735775666625,-0.310703827332833,0.06483024976617052
2025-11-19 12:38:00,21.7,21.7,21.7,21.7,9,195.3,22.050000000000004,23.15333333333333,24.409583333333334,-0.2564671407080823,-0.2998564900078829,0.043389349299800595
2025-11-19 12:47:00,21.7,21.7,21.7,21.7,2000,43400.0,22.0425,23.106666666666666,24.395833333333332,-0.26184423843189464,-0.29225403969268526,0.030409801260790625
2025-11-19 12:51:00,22.35,22.35,22.35,22.35,3000,67050.0,22.0675,23.075833333333335,24.387291666666666,-0.21122123250688318,-0.27604747825552484,0.06482624574864165
2025-11-19 12:53:00,22.5,22.5,22.5,22.5,500,11250.0,22.0525,23.047500000000003,24.379375,-0.15718644173934493,-0.25227527095228885,0.09508882921294393
2025-11-19 12:54:00,22.5,22.5,22.5,22.5,2500,56250.0,22.085,23.023333333333333,24.367708333333333,-0.11306019322643834,-0.22443225540711875,0.11137206218068041
2025-11-19 13:03:00,23.15,23.4,23.15,23.4,9000,209400.0,22.1625,23.011666666666667,24.363541666666666,-0.005405039055627725,-0.18062681213682055,0.17522177308119283
2025-11-19 13:04:00,24.2,24.5,24.2,24.5,9000,218700.0,22.2625,23.006666666666664,24.360208333333333,0.16675105083952246,-0.11115123954155194,0.2779022903810744
2025-11-19 13:08:00,25.3,25.3,25.3,25.3,2000,50600.0,22.3875,23.029166666666665,24.363958333333336,0.36354854519224844,-0.01621128259479184,0.37975982778704026
2025-11-19 13:19:00,25.3,25.3,25.15,25.15,3000,75600.0,22.544999999999998,23.035,24.367083333333333,0.5016258009364947,0.08735613411146549,0.4142696668250292
2025-11-19 13:20:00,25.35,25.35,24.9,24.9,3000,75150.0,22.697499999999998,23.03666666666667,24.367708333333333,0.5841464337738778,0.18671419404394798,0.3974322397299298
2025-11-19 13:21:00,24.9,24.9,24.9,24.9,1000,24900.0,22.85,23.053333333333335,24.368333333333332,0.6421424118228352,0.27779983759972543,0.3643425742231097
2025-11-19 13:42:00,25.3,25.3,25.3,25.3,2000,50600.0,23.015,23.07833333333333,24.370416666666664,0.7121718258290244,0.3646742352455853,0.3474975905834391
2025-11-19 13:45:00,25.3,25.3,25.3,25.3,100,2530.0,23.18,23.090833333333332,24.372500000000002,0.7589222575908039,0.44352383971462905,0.31539841787617484
2025-11-19 14:10:00,24.3,24.3,24.3,24.3,1000,24300.0,23.294999999999998,23.086666666666666,24.374166666666667,0.7071293222749269,0.4962449362266887,0.21088438604823817
2025-11-19 14:17:00,24.3,24.3,24.3,24.3,900,21870.0,23.41,23.0825,24.375833333333336,0.6584923578847075,0.5286944205582925,0.12979793732641498
2025-11-19 14:23:00,25.35,25.35,25.35,25.35,10,253.5,23.5775,23.092499999999998,24.378333333333334,0.6966429714492435,0.5622841307364828,0.13435884071276072
2025-11-19 14:27:00,25.35,25.35,25.35,25.35,1,25.35,23.744999999999997,23.103333333333335,24.380833333333335,0.7185941020602158,0.5935461250012294,0.1250479770589864
2025-11-19 14:29:00,25.35,25.35,25.35,25.35,1000,25350.0,23.9125,23.121666666666666,24.383333333333333,0.7276031747376379,0.6203575349485111,0.10724563978912682
2025-11-19 14:30:00,25.0,25.2,25.0,25.2,3000,75200.0,24.072499999999998,23.131666666666668,24.389166666666668,0.7144039789750778,0.6391668237538245,0.0752371552212533
2025-11-19 14:34:00,25.0,25.2,25.0,25.2,4000,100200.0,24.2275,23.153333333333332,24.394166666666667,0.6959213728480016,0.65051773357266,0.045403639275341634
2025-11-19 14:35:00,25.45,25.45,25.45,25.45,1,25.45,24.415,23.179166666666667,24.400208333333335,0.6934529905792246,0.659104784973973,0.03434820560525165
2025-11-19 14:46:00,24.35,24.35,24.35,24.35,1000,24350.0,24.5475,23.185,24.403333333333332,0.5958671869147558,0.6464572653621296,-0.05059007844737373
2025-11-19 14:51:00,25.45,25.45,25.45,25.45,10,254.5,24.7025,23.209166666666665,24.409375,0.600369851429317,0.6372397825755671,-0.036869931146250146
2025-11-20 09:01:00,25.45,25.45,25.45,25.45,3000,76350.0,24.85,23.235000000000003,24.414375,0.5970557583688851,0.6292029777342307,-0.03214721936534559
2025-11-20 09:02:00,25.5,25.5,25.5,25.5,2010,51255.0,25.0,23.261666666666667,24.418541666666666,0.5916437964740275,0.6216911414821902,-0.03004734500816264
2025-11-20 09:04:00,25.8,25.8,25.8,25.8,3000,77400.0,25.119999999999997,23.293333333333337,24.426041666666666,0.6045928998729373,0.6182714931603397,-0.013678593287402396
2025-11-20 09:08:00,26.3,26.3,26.3,26.3,10,263.0,25.21,23.339166666666664,24.436875,0.6477343011128518,0.6241640547508421,0.02357024636200966
2025-11-20 09:09:00,26.3,26.3,26.0,26.0,3000,78600.0,25.244999999999997,23.384166666666665,24.443333333333335,0.650221332840843,0.6293755103688423,0.02084582247200073
2025-11-20 09:10:00,26.0,26.0,26.0,26.0,1500,39000.0,25.2875,23.429166666666667,24.44979166666667,0.6447599322534714,0.6324523947457682,0.012307537507703192
2025-11-20 09:13:00,26.3,26.3,26.3,26.3,2900,76270.0,25.3575,23.484166666666667,24.4575,0.6570649895453862,0.6373749137056919,0.019690075839694288
2025-11-20 09:16:00,26.35,26.35,26.35,26.35,10,263.5,25.43,23.540000000000003,24.468541666666667,0.663206387827703,0.6425412085300941,0.020665179297608915
2025-11-20 09:20:00,26.0,26.0,26.0,26.0,6000,156000.0,25.464999999999996,23.59,24.478125,0.6325398891847591,0.6405409446610272,-0.00800105547626806
2025-11-20 09:23:00,25.45,25.45,25.45,25.45,102,2595.9,25.472500000000004,23.634166666666665,24.484166666666667,0.5574303544737909,0.62391882662358,-0.06648847214978915
2025-11-20 09:24:00,25.45,25.45,25.45,25.45,1000,25450.0,25.53,23.678333333333335,24.48979166666667,0.4922313702475485,0.5975813353483738,-0.10534996510082528
2025-11-20 09:25:00,25.45,25.45,25.25,25.25,4000,101200.0,25.5775,23.715833333333332,24.49458333333333,0.4195856547398371,0.5619821992266665,-0.14239654448682937
2025-11-20 09:27:00,25.1,25.1,25.1,25.1,3000,75300.0,25.564999999999998,23.761666666666667,24.498749999999998,0.3459220809974468,0.5187701755808225,-0.1728480945833757
2025-11-20 09:29:00,24.95,24.95,24.95,24.95,3000,74850.0,25.545,23.805,24.502291666666668,0.27230051090300833,0.46947624264525967,-0.19717573174225134
2025-11-20 09:37:00,24.7,25.15,24.7,25.0,11000,272450.0,25.5275,23.849166666666665,24.506041666666665,0.21550525785576724,0.4186820456873612,-0.20317678783159399
2025-11-20 10:35:00,25.4,25.4,25.4,25.4,3000,76200.0,25.5375,23.9,24.513541666666672,0.20046048401128047,0.3750377333521451,-0.1745772493408646
2025-11-20 10:43:00,25.5,25.5,25.5,25.5,10,255.0,25.552500000000002,23.955,24.521458333333335,0.19436602605321696,0.33890339189235946,-0.1445373658391425
2025-11-20 11:04:00,24.9,24.9,24.9,24.9,1000,24900.0,25.525,23.99666666666667,24.524791666666665,0.13951292051851993,0.29902529761759156,-0.15951237709907162
2025-11-20 11:20:00,24.9,24.9,24.9,24.9,200,4980.0,25.552500000000002,24.0475,24.528125,0.09494694985152208,0.25820962806437764,-0.16326267821285556
2025-11-20 11:33:00,24.9,24.9,24.9,24.9,1000,24900.0,25.525,24.098333333333336,24.530625,0.058948574544309906,0.21835741736036407,-0.15940884281605416
2025-11-20 11:34:00,25.0,25.0,25.0,25.0,2050,51250.0,25.5025,24.135,24.533541666666668,0.03805014859656097,0.18229596360760345,-0.14424581501104247
2025-11-20 12:04:00,24.3,24.3,24.3,24.3,2000,48600.0,25.442500000000003,24.175833333333333,24.535624999999996,-0.03459733781374652,0.13891730332333346,-0.17351464113707998
2025-11-20 12:10:00,24.3,24.4,24.3,24.4,1100,26830.0,25.3725,24.218333333333337,24.539375,-0.0831434045134003,0.09450516175598671,-0.17764856626938702
2025-11-20 12:39:00,25.0,25.0,25.0,25.0,1,25.0,25.307499999999997,24.26,24.54145833333333,-0.07236732110699506,0.06113066518339035,-0.13349798629038542
2025-11-20 13:29:00,25.0,25.0,25.0,25.0,1,25.0,25.2575,24.29666666666667,24.544791666666665,-0.06309982190132857,0.03628456776644656,-0.09938438966777513
2025-11-20 13:43:00,24.25,24.25,24.25,24.25,3000,72750.0,25.169999999999998,24.33416666666667,24.54375,-0.11494893423989083,0.006037867365179076,-0.1209868016050699
2025-11-20 13:46:00,24.0,24.0,24.0,24.0,1000,24000.0,25.055,24.37,24.541666666666668,-0.17420451873033116,-0.03001060985392298,-0.14419390887640818
2025-11-20 13:49:00,24.9,24.9,24.9,24.9,1,24.9,24.9825,24.420833333333334,24.543333333333333,-0.14684972573873978,-0.05337843303088635,-0.09347129270785343
2025-11-20 14:59:00,24.9,24.9,24.9,24.9,1,24.9,24.9275,24.46916666666667,24.545,-0.1237444067198119,-0.06745162776867147,-0.05629277895114043
2025-11-21 09:12:00,24.0,24.0,24.0,24.0,2900,69600.0,24.854999999999997,24.5025,24.542083333333334,-0.1760266279247027,-0.08916662779987773,-0.08686000012482496
2025-11-21 09:13:00,23.8,23.8,23.8,23.8,3000,71400.0,24.7725,24.532500000000002,24.542916666666663,-0.23093689664164074,-0.11752068156823034,-0.1134162150734104
2025-11-21 09:14:00,24.0,24.0,24.0,24.0,2000,48000.0,24.71,24.565833333333334,24.544583333333332,-0.25537158698520557,-0.1450908626516254,-0.11028072433358016
2025-11-21 09:17:00,24.0,24.0,24.0,24.0,1000,24000.0,24.655,24.59916666666667,24.544583333333332,-0.27160535763061944,-0.17039376164742423,-0.10121159598319521
2025-11-21 09:37:00,23.75,23.75,23.75,23.75,3000,71250.0,24.595,24.628333333333334,24.542291666666664,-0.30117192599804454,-0.19654939451754833,-0.10462253148049622
2025-11-21 09:38:00,24.0,24.0,23.3,23.3,16000,376600.0,24.509999999999998,24.65,24.538124999999997,-0.35680189351100466,-0.22859989431623964,-0.12820199919476502
2025-11-21 09:39:00,23.55,23.55,22.8,23.3,4000,93050.0,24.405,24.671666666666667,24.533125,-0.39632050744838665,-0.2621440169426691,-0.13417649050571756
2025-11-21 09:44:00,23.4,23.4,23.4,23.4,1000,23400.0,24.3,24.69333333333333,24.528541666666666,-0.41478870346828955,-0.2926729542477932,-0.12211574922049634
2025-11-21 10:00:00,22.8,23.0,22.45,22.9,10000,227250.0,24.2,24.713333333333335,24.521875,-0.464417190908744,-0.3270218015799834,-0.1373953893287606
2025-11-21 10:46:00,22.45,22.45,22.45,22.45,1000,22450.0,24.077499999999997,24.725833333333334,24.5125,-0.533904841286212,-0.36839840952122915,-0.1655064317649828
2025-11-21 10:48:00,22.3,22.3,22.3,22.3,2000,44600.0,23.947499999999998,24.725,24.5025,-0.5942281589177192,-0.4135643594005272,-0.18066379951719197
2025-11-21 11:39:00,22.3,22.3,22.25,22.25,3000,66800.0,23.81,24.720833333333335,24.495208333333334,-0.6387067905786701,-0.4585928456361558,-0.18011394494251426
2025-11-21 11:40:00,22.9,22.9,22.9,22.9,10,229.0,23.740000000000002,24.7275,24.490625,-0.6144241596511648,-0.48975910843915765,-0.12466505121200716
2025-11-21 11:44:00,22.9,22.9,22.9,22.9,1,22.9,23.665,24.71916666666667,24.486875,-0.5883973216350142,-0.509486751078329,-0.07891057055668527
2025-11-21 13:21:00,22.9,22.9,22.9,22.9,1000,22900.0,23.56,24.6925,24.480208333333334,-0.5613005417461814,-0.5198495092118994,-0.04145103253428195
2025-11-21 13:22:00,22.25,22.6,22.25,22.6,1100,24510.0,23.44,24.6475,24.472291666666667,-0.557605907454402,-0.5274007888604,-0.03020511859400199
2025-11-21 13:23:00,22.5,22.5,22.5,22.5,3000,67500.0,23.3525,24.603333333333335,24.466875,-0.556333975659367,-0.5331874262201934,-0.023146549439173603
2025-11-21 13:58:00,22.9,22.9,22.9,22.9,1,22.9,23.2975,24.569999999999997,24.461041666666667,-0.5170886276642932,-0.5299676665090134,0.012879038844720192
2025-11-24 11:50:00,23.0,23.0,23.0,23.0,10,230.0,23.202499999999997,24.538333333333334,24.451041666666665,-0.47247089202525316,-0.5184683116122614,0.045997419587008204
2025-11-24 12:29:00,23.0,23.0,23.0,23.0,10,230.0,23.107499999999998,24.5,24.441041666666667,-0.4321296929687328,-0.5012005878835557,0.06907089491482288
2025-11-24 13:17:00,22.0,22.0,22.0,22.0,71,1562.0,23.0075,24.444999999999997,24.42625,-0.4753708652980322,-0.496034643366451,0.020663778068418792
2025-11-24 13:25:00,22.0,22.0,22.0,22.0,5000,110000.0,22.917499999999997,24.406666666666663,24.411041666666666,-0.5038319448688711,-0.4975941036669351,-0.00623784120193599
2025-11-24 13:29:00,22.25,22.25,22.25,22.25,1000,22250.0,22.83,24.3725,24.394166666666667,-0.5004458169557786,-0.4981644463247038,-0.0022813706310748083
2025-11-24 13:30:00,21.85,21.85,21.85,21.85,1005,21959.25,22.7225,24.31416666666667,24.375625000000003,-0.5239986134118375,-0.5033312797421307,-0.020667333669706855
2025-11-24 13:48:00,21.85,22.0,21.85,22.0,3700,81250.0,22.634999999999998,24.258333333333333,24.357708333333335,-0.5245143529325489,-0.5075678943802143,-0.016946458552334565
2025-11-24 14:24:00,22.25,22.25,22.25,22.25,1,22.25,22.5825,24.206666666666667,24.34416666666667,-0.49899803087119565,-0.5058539216784106,0.006855890807214937
2025-11-25 09:02:00,22.25,22.25,22.25,22.25,1,22.25,22.529999999999998,24.157500000000002,24.329166666666666,-0.4733200232063588,-0.4993471419840002,0.02602711877764141
2025-11-25 09:24:00,21.8,22.0,21.75,21.9,7300,159150.0,22.455,24.1025,24.312291666666667,-0.4757281935748665,-0.4946233523021736,0.01889515872730707
2025-11-25 09:26:00,21.9,21.9,21.9,21.9,1000,21900.0,22.405,24.043333333333333,24.295416666666664,-0.4721935328256883,-0.4901373884068766,0.017943855581188273
2025-11-25 09:30:00,21.9,21.9,21.9,21.9,1000,21900.0,22.377499999999998,24.0025,24.27854166666667,-0.46404308884470424,-0.4849185284944422,0.02087543964973798
2025-11-25 09:36:00,21.5,21.9,21.5,21.6,8010,172569.0,22.3425,23.938333333333333,24.260416666666668,-0.47630079696393324,-0.48319498218834045,0.006894185224407212
2025-11-25 09:40:00,21.0,21.0,21.0,21.0,6000,126000.0,22.28,23.864166666666666,24.239791666666665,-0.5283397329893837,-0.4922239323485492,-0.03611580064083453
2025-11-25 09:46:00,20.85,20.85,20.85,20.85,3000,62550.0,22.1775,23.786666666666665,24.218541666666667,-0.5750558255108729,-0.508790310981014,-0.06626551452985885
2025-11-25 09:51:00,21.3,21.3,21.3,21.3,1000,21300.0,22.0975,23.711666666666666,24.199166666666667,-0.5692059740617736,-0.5208734435971659,-0.048332530464607726
2025-11-25 10:03:00,21.3,21.3,21.3,21.3,1000,21300.0,22.017500000000002,23.628333333333334,24.183541666666667,-0.5581360793473849,-0.5283259707472097,-0.02981010860017519
2025-11-25 10:32:00,21.3,21.3,21.3,21.3,1000,21300.0,21.9525,23.55,24.164166666666667,-0.5431025597922599,-0.5312812885562197,-0.011821271236040154
2025-11-25 10:37:00,21.0,21.0,21.0,21.0,1000,21000.0,21.8775,23.466666666666665,24.144999999999996,-0.5490665822514451,-0.5348383472952648,-0.014228234956180308
2025-11-25 10:39:00,21.3,21.3,21.3,21.3,1000,21300.0,21.797500000000003,23.383333333333333,24.129583333333333,-0.5235504564601889,-0.5325807691282497,0.009030312668060758
2025-11-25 10:52:00,21.0,21.0,21.0,21.0,300,6300.0,21.6975,23.294166666666666,24.110416666666666,-0.5215244267780363,-0.530369500658207,0.00884507388017064
2025-11-25 10:54:00,21.0,21.0,21.0,21.0,1000,21000.0,21.597500000000004,23.21083333333333,24.09125,-0.5139937832746071,-0.527094357181487,0.013100573906879909
2025-11-25 11:10:00,21.3,21.3,21.3,21.3,1,21.3,21.5625,23.141666666666666,24.073333333333334,-0.47830460351237747,-0.5173364064476651,0.03903180293528763
2025-11-25 11:52:00,21.3,21.3,21.3,21.3,4000,85200.0,21.5275,23.0725,24.055416666666666,-0.44489223072416806,-0.5028475713029656,0.05795534057879759
2025-11-25 12:10:00,21.6,21.6,21.6,21.6,500,10800.0,21.495,23.011666666666667,24.038749999999997,-0.38971282491318604,-0.4802206220250097,0.09050779711182366
2025-11-25 12:35:00,21.0,21.0,21.0,21.0,2000,42000.0,21.4525,22.94333333333333,24.019583333333333,-0.3899031727830611,-0.4621571321766201,0.072253959393559
2025-11-25 12:39:00,21.6,21.6,21.6,21.6,1,21.6,21.4325,22.8875,24.002916666666668,-0.33774571686592125,-0.43727484911448034,0.09952913224855908
2025-11-25 12:40:00,21.6,21.6,21.6,21.6,1,21.6,21.4,22.830833333333334,23.986250000000002,-0.29303265918878196,-0.4084264111293407,0.11539375194055873
2025-11-25 13:49:00,21.5,21.5,21.5,21.5,1000,21500.0,21.3625,22.765833333333333,23.967916666666667,-0.26263886574727735,-0.37926890205292807,0.11663003630565072
2025-11-26 09:12:00,20.7,20.7,20.7,20.7,1000,20700.0,21.302500000000002,22.685833333333335,23.946250000000003,-0.2996506929284628,-0.36334526022803504,0.06369456729957224
2025-11-26 09:15:00,20.7,20.7,20.7,20.7,300,6210.0,21.2425,22.61583333333333,23.92458333333333,-0.32523374051567444,-0.35572295628556294,0.0304892157698885
2025-11-26 09:21:00,20.7,21.0,20.7,21.0,2000,41700.0,21.1975,22.550833333333333,23.90583333333333,-0.3176394474228559,-0.3481062545130216,0.030466807090165693
2025-11-26 09:22:00,20.6,20.6,20.6,20.6,1000,20600.0,21.1475,22.479166666666668,23.883541666666666,-0.3399785118381935,-0.34648070597805597,0.006502194139862472
2025-11-26 09:24:00,20.6,20.7,20.6,20.7,4000,82700.0,21.1325,22.407500000000002,23.861666666666668,-0.3456290208605992,-0.34631036895456463,0.0006813480939654171
2025-11-26 09:25:00,21.0,21.0,21.0,21.0,1000,21000.0,21.14,22.352500000000003,23.84104166666667,-0.32218564165182784,-0.3414854234940173,0.019299781842189445
2025-11-26 09:28:00,21.0,21.0,21.0,21.0,10,210.0,21.125,22.295833333333334,23.82041666666667,-0.3001466905150174,-0.33321767689821735,0.03307098638319994
2025-11-26 09:30:00,21.0,21.0,21.0,21.0,1000,21000.0,21.11,22.229166666666668,23.799791666666668,-0.2794592309005388,-0.3224659876986817,0.043006756798142864
2025-11-26 09:31:00,21.1,21.1,21.1,21.1,2000,42200.0,21.1,22.164166666666667,23.779583333333335,-0.25208917871368897,-0.30839062590168315,0.05630144718799418
2025-11-26 09:32:00,21.1,21.1,21.1,21.1,1000,21100.0,21.105,22.111666666666665,23.759166666666665,-0.22777259447939002,-0.2922670196172245,0.06449442513783449
2025-11-26 09:38:00,21.5,21.5,21.5,21.5,500,10750.0,21.115000000000002,22.069999999999997,23.740416666666665,-0.17421660860375,-0.2686569374145296,0.09444032881077963
2025-11-26 09:44:00,20.9,20.9,20.9,20.9,3000,62700.0,21.11,22.003333333333334,23.71916666666667,-0.17813466401623756,-0.2505524827348712,0.07241781871863362
2025-11-26 09:45:00,21.2,21.2,21.2,21.2,4000,84800.0,21.119999999999997,21.941666666666666,23.698750000000004,-0.1552427169574564,-0.23149052957938823,0.07624781262193184
2025-11-26 09:53:00,21.5,21.5,21.5,21.5,19,408.5,21.130000000000003,21.9,23.679583333333333,-0.11160665909707745,-0.20751375548292608,0.09590709638584863
2025-11-26 09:56:00,21.5,21.5,21.0,21.0,4023,85483.0,21.115000000000002,21.853333333333335,23.658333333333335,-0.11603303360422501,-0.18921761110718588,0.07318457750296087
2025-11-26 10:04:00,21.55,21.55,21.55,21.55,1000,21550.0,21.1125,21.8125,23.639375000000005,-0.0743040331912539,-0.1662348955239995,0.09193086233274561
2025-11-26 11:23:00,20.9,20.9,20.9,20.9,3000,62700.0,21.107499999999998,21.760833333333334,23.622083333333332,-0.09261545414187466,-0.15151100724757455,0.05889555310569988
2025-11-26 11:24:00,21.0,21.0,20.5,20.5,9200,189700.0,21.0525,21.706666666666667,23.599375000000002,-0.13781539415570165,-0.1487718846292,0.010956490473498337
2025-11-26 11:25:00,20.4,20.65,20.35,20.65,7000,142900.0,21.005000000000003,21.6625,23.577291666666667,-0.15969209480293856,-0.15095592666394772,-0.008736168138990835
2025-11-26 11:26:00,20.55,20.55,20.55,20.55,3000,61650.0,20.957500000000003,21.616666666666667,23.55875,-0.18298931502737403,-0.157362604336633,-0.025626710690741045
2025-11-26 12:53:00,20.9,20.9,20.9,20.9,1000,20900.0,20.9675,21.575,23.53770833333333,-0.17123654665589783,-0.16013739280048597,-0.011099153855411853
2025-11-26 13:13:00,20.9,20.9,20.9,20.9,1000,20900.0,20.9775,21.541666666666668,23.520208333333336,-0.16007712361094661,-0.1601253389625781,4.821535163149204e-05
2025-11-26 13:14:00,20.9,20.9,20.9,20.9,300,6270.0,20.9725,21.515833333333333,23.503125,-0.14950974517275029,-0.15800222020461255,0.008492475031862262
2025-11-26 14:22:00,21.0,21.0,21.0,21.0,1,21.0,20.9925,21.494166666666665,23.483749999999997,-0.1315494373345878,-0.15271166363060762,0.021162226296019826
2025-11-26 14:48:00,20.45,20.45,20.45,20.45,2000,40900.0,20.98,21.464166666666664,23.466041666666666,-0.15985347606725853,-0.1541400261179378,-0.005713449949320715
2025-11-27 09:35:00,20.45,20.45,20.45,20.45,500,10225.0,20.9525,21.423333333333336,23.448333333333334,-0.18020731295391101,-0.15935348348513245,-0.020853829468778562
2025-11-27 09:47:00,20.45,20.45,20.45,20.45,2000,40900.0,20.925,21.3825,23.429375,-0.1941004066633525,-0.16630286812077646,-0.027797538542576022
2025-11-27 10:04:00,20.9,20.9,20.9,20.9,1000,20900.0,20.92,21.34916666666667,23.412291666666665,-0.16687590279851605,-0.1664174750563244,-0.0004584277421916527
2025-11-27 10:20:00,20.9,20.9,20.9,20.9,100,2090.0,20.91,21.320833333333333,23.396250000000002,-0.14364444361326534,-0.1618628687677126,0.01821842515444727
2025-11-27 11:27:00,20.9,20.9,20.9,20.9,1,20.9,20.9,21.294166666666666,23.379166666666666,-0.123806184210423,-0.1542515318562547,0.030445347645831705
2025-11-27 13:07:00,20.9,20.9,20.9,20.9,1000,20900.0,20.869999999999997,21.260833333333334,23.36208333333333,-0.10685249169582178,-0.1447717238241681,0.03791923212834633
2025-11-27 13:19:00,20.2,20.2,20.2,20.2,120,2424.0,20.835,21.214166666666667,23.342083333333335,-0.14819244779754115,-0.14545586861884272,-0.002736579178698434
2025-11-27 13:26:00,20.9,20.9,20.9,20.9,100,2090.0,20.82,21.179166666666667,23.326666666666664,-0.12305204362882805,-0.1409751036208398,0.01792305999201174
2025-11-27 14:43:00,20.2,20.2,20.2,20.2,1000,20200.0,20.755000000000003,21.149166666666666,23.305833333333332,-0.15779329912480833,-0.1443387427216335,-0.013454556403174833
2025-11-27 14:44:00,20.2,20.5,20.2,20.5,1159,23459.5,20.73,21.124166666666667,23.288333333333334,-0.15928239332678729,-0.14732747284266426,-0.011954920484123027
2025-11-27 14:50:00,20.5,20.5,20.5,20.5,100,2050.0,20.6775,21.095000000000002,23.26875,-0.1586338786038155,-0.14958875399489452,-0.009045124608920985
2025-11-27 14:53:00,20.45,20.45,20.4,20.4,3100,63245.0,20.6525,21.070833333333333,23.248750000000005,-0.1642951975119864,-0.1525300426983129,-0.01176515481367349
2025-11-28 09:25:00,20.05,20.05,20.05,20.05,100,2005.0,20.630000000000003,21.038333333333334,23.230208333333334,-0.1947786217561429,-0.16097975850987892,-0.033798863246263994
2025-11-28 09:29:00,20.5,20.5,20.5,20.5,5000,102500.0,20.6225,21.009166666666665,23.210624999999997,-0.18054451115819248,-0.16489270903954165,-0.01565180211865083
2025-11-28 11:13:00,21.0,21.0,21.0,21.0,1000,21000.0,20.645,20.988333333333333,23.196041666666662,-0.12744890301269507,-0.15740394783417233,0.02995504482147726
2025-11-28 11:15:00,21.0,21.0,20.85,21.0,9200,193070.0,20.65,20.973333333333336,23.181041666666665,-0.08439737067063291,-0.14280263240146446,0.05840526173083155
2025-11-28 11:16:00,21.45,21.45,21.45,21.45,1000,21450.0,20.677500000000002,20.965833333333332,23.170416666666668,-0.013808308343712383,-0.11700376758991404,0.10319545924620166
2025-11-28 11:20:00,21.45,21.45,21.45,21.45,2000,42900.0,20.705,20.958333333333332,23.156041666666667,0.04165387220693617,-0.08527223963054399,0.12692611183748015
2025-11-28 11:37:00,22.0,22.0,22.0,22.0,1,22.0,20.755,20.965,23.143958333333334,0.1285071034394143,-0.042516371016552326,0.1710234744559666
2025-11-28 12:06:00,22.0,22.0,22.0,22.0,1,22.0,20.8325,20.98166666666667,23.131875,0.19509003841142203,0.005004910869042558,0.19008512754237947
2025-11-28 12:09:00,22.0,22.0,22.0,22.0,1000,22000.0,20.91,21.000833333333336,23.119791666666668,0.24503290725374782,0.05301051014598363,0.1920223971077642
2025-11-28 12:10:00,22.0,22.0,22.0,22.0,500,11000.0,20.9875,21.0125,23.111458333333335,0.28136953774555806,0.09868231566589854,0.18268722207965954
2025-11-28 12:19:00,22.0,22.0,22.0,22.0,1000,22000.0,21.042499999999997,21.024166666666666,23.099375000000002,0.3066319173303569,0.1402722359987902,0.16635968133156667
2025-11-28 12:22:00,22.0,22.0,21.85,22.0,1002,21894.0,21.0975,21.035833333333336,23.09104166666667,0.3229299991437422,0.17680378862778062,0.14612621051596159
2025-11-28 12:23:00,21.85,21.85,21.85,21.85,2000,43700.0,21.145000000000003,21.05,23.08,0.32005322564547,0.20545367603131853,0.11459954961415147
2025-11-28 12:28:00,22.0,22.0,22.0,22.0,1,22.0,21.2,21.061666666666667,23.071666666666665,0.3261178250340535,0.22958650583186557,0.09653131920218794
2025-11-28 13:04:00,22.0,22.0,22.0,22.0,1,22.0,21.29,21.078333333333333,23.061249999999998,0.3271528493409619,0.24909977453368487,0.07805307480727702
2025-11-28 13:27:00,22.0,22.0,22.0,22.0,100,2200.0,21.345000000000002,21.095000000000002,23.050833333333333,0.3242355282214078,0.2641269252712295,0.06010860295017828
2025-11-28 14:09:00,22.0,22.0,22.0,22.0,2000,44000.0,21.435000000000002,21.10666666666667,23.040416666666665,0.31825488599701046,0.2749525174163857,0.04330236858062475
2025-11-28 14:42:00,21.2,21.2,21.2,21.2,2000,42400.0,21.470000000000002,21.105,23.028750000000002,0.24612469751924237,0.26918695343695703,-0.023062255917714658
2025-11-28 14:43:00,22.1,22.1,22.1,22.1,1,22.1,21.55,21.113333333333333,23.020833333333332,0.2586024735264658,0.2670700574548588,-0.008467583928392974
2025-11-28 14:49:00,22.1,22.1,22.1,22.1,1,22.1,21.634999999999998,21.131666666666668,23.0125,0.2654314721244191,0.26674234038877087,-0.0013108682643517833
2025-12-01 09:01:00,22.1,22.1,22.1,22.1,10,221.0,21.7375,21.14,23.004583333333333,0.2677569670701132,0.26694526572503935,0.0008117013450738564
2025-12-01 09:19:00,21.2,21.9,21.2,21.9,7000,149800.0,21.807499999999997,21.145,22.99375,0.25057315864215113,0.2636708443084617,-0.013097685666310588
2025-12-01 09:20:00,21.2,21.5,21.2,21.5,1010,21415.0,21.8325,21.145,22.98125,0.20234569439070427,0.2514058143249102,-0.04906011993420595
2025-12-01 13:13:00,21.5,21.5,21.5,21.5,1,21.5,21.857499999999998,21.158333333333335,22.968541666666667,0.16225471021204285,0.23357559350233673,-0.07132088329029387
2025-12-01 14:33:00,20.85,20.85,20.85,20.85,500,10425.0,21.8275,21.160833333333336,22.953125,0.07714348659386516,0.20228917212064243,-0.12514568552677727
2025-12-01 14:58:00,21.5,21.5,21.5,21.5,10,215.0,21.830000000000002,21.16916666666667,22.940416666666668,0.06143362778652772,0.1741180632538195,-0.11268443546729179
2025-12-02 09:24:00,21.5,21.5,21.5,21.5,10,215.0,21.805,21.184166666666666,22.93,0.048425235526803334,0.1489794977084163,-0.10055426218161295
2025-12-02 09:37:00,20.85,21.5,20.85,21.5,1010,21065.0,21.78,21.197499999999998,22.919583333333332,0.03768162067343539,0.1267199223014201,-0.0890383016279847
2025-12-02 09:43:00,21.5,21.5,21.5,21.5,1000,21500.0,21.755000000000003,21.20583333333333,22.905208333333334,0.028834838430221055,0.10714290552718028,-0.07830806709695923
2025-12-02 12:21:00,20.85,20.85,20.85,20.85,200,4170.0,21.697499999999998,21.20333333333333,22.888125,-0.030276855218229315,0.07965895337809836,-0.10993580859632768
2025-12-02 12:39:00,21.5,21.5,21.5,21.5,10,215.0,21.6725,21.211666666666662,22.873749999999998,-0.02439254847307737,0.05884865300786322,-0.08324120148094058
2025-12-02 12:44:00,21.5,21.5,21.5,21.5,1,21.5,21.6475,21.21833333333333,22.859166666666667,-0.0195043588753272,0.04317805063122513,-0.06268240950655232
2025-12-02 14:34:00,20.85,20.85,20.85,20.85,1000,20850.0,21.5975,21.214166666666667,22.842708333333334,-0.0673041606562883,0.02108160837372244,-0.08838576903001075
2025-12-02 14:35:00,20.85,20.85,20.85,20.85,100,2085.0,21.54,21.203333333333333,22.825625,-0.10398714882477478,-0.00393214306597701,-0.10005500575879776
2025-12-02 14:41:00,21.05,21.05,21.05,21.05,1,21.05,21.4925,21.20583333333333,22.806041666666665,-0.11558792703285548,-0.02626329985935271,-0.08932462717350276
2025-12-02 14:42:00,20.85,20.85,20.85,20.85,2000,41700.0,21.435,21.2,22.785625,-0.13931403044906787,-0.04887344597729575,-0.09044058447177211
2025-12-02 15:00:00,21.05,21.05,21.05,21.05,10,210.5,21.3875,21.1925,22.76625,-0.14036081767887154,-0.06717092031761092,-0.07318989736126062
2025-12-03 09:08:00,21.05,21.05,21.05,21.05,10,210.5,21.380000000000003,21.19333333333333,22.750625,-0.1395813966460544,-0.08165301558329963,-0.057928381062754775
2025-12-03 09:15:00,21.05,21.05,21.05,21.05,1,21.05,21.327499999999997,21.185,22.736458333333335,-0.13738006795486157,-0.09279842605761203,-0.044581641897249544
2025-12-03 11:06:00,20.8,20.8,20.8,20.8,3000,62400.0,21.2625,21.183333333333334,22.72354166666667,-0.1540328153568602,-0.10504530391746167,-0.04898751143939853
2025-12-03 11:07:00,21.0,21.0,21.0,21.0,1000,21000.0,21.2075,21.191666666666666,22.712083333333336,-0.14937006400107933,-0.11391025593418522,-0.03545980806689411
2025-12-03 11:39:00,21.05,21.05,21.05,21.05,1,21.05,21.165,21.198333333333334,22.697708333333335,-0.14002608428927843,-0.11913342160520388,-0.020892662684074553
2025-12-03 12:01:00,20.6,20.6,20.6,20.6,1000,20600.0,21.12,21.199166666666667,22.681458333333335,-0.1670069995089314,-0.1287081371859494,-0.03829886232298199
2025-12-03 13:15:00,21.05,21.05,21.05,21.05,5,105.25,21.097500000000004,21.201666666666664,22.665833333333335,-0.1503452436324828,-0.13303555847525608,-0.017309685157226723
2025-12-03 13:29:00,20.6,20.6,20.6,20.6,1000,20600.0,21.085,21.196666666666665,22.65125,-0.1714752611807704,-0.14072349901635894,-0.030751762164411445
2025-12-03 13:30:00,20.6,20.6,20.6,20.6,450,9270.0,21.04,21.191666666666666,22.634999999999998,-0.18607598420371474,-0.14979399605383012,-0.03628198814988462
2025-12-03 13:31:00,20.85,20.85,20.8,20.8,3100,64535.0,21.005000000000003,21.188333333333333,22.620833333333334,-0.17944035712250894,-0.15572326826756588,-0.023717088854943058
2025-12-03 13:34:00,21.0,21.0,21.0,21.0,10,210.0,20.98,21.197499999999998,22.6075,-0.1562421836871195,-0.15582705135147662,-0.0004151323356428871
2025-12-03 13:40:00,20.45,20.45,20.45,20.45,400,8180.0,20.927500000000002,21.197499999999998,22.592916666666667,-0.1801610827484268,-0.16069385763086666,-0.019467225117560133
2025-12-03 13:52:00,21.0,21.0,21.0,21.0,1,21.0,20.935000000000002,21.206666666666663,22.58,-0.15297319930360231,-0.1591497259654138,0.006176526661811482
2025-12-03 14:12:00,21.0,21.0,21.0,21.0,100,2100.0,20.910000000000004,21.208333333333332,22.564166666666665,-0.12992886669806936,-0.1533055541119449,0.023376687413875552
2025-12-04 09:01:00,21.05,21.05,21.05,21.05,10,210.5,20.887500000000003,21.21083333333333,22.552083333333332,-0.1064049153211073,-0.1439254263537774,0.037520511032670095
2025-12-04 10:53:00,21.05,21.05,21.05,21.05,100,2105.0,20.8975,21.213333333333335,22.536458333333332,-0.0867618774580059,-0.13249271657462308,0.045730839116617183
2025-12-04 12:13:00,21.05,21.05,21.05,21.05,1,21.05,20.9075,21.215833333333332,22.520833333333332,-0.07038329363411933,-0.12007083198652233,0.049687538352403
2025-12-04 12:16:00,20.45,20.45,20.45,20.45,1,20.45,20.8775,21.220000000000002,22.506458333333335,-0.10461222888737609,-0.1169791113666931,0.012366882479317012
2025-12-04 12:17:00,20.45,20.45,20.45,20.45,10,204.5,20.8575,21.2125,22.4925,-0.1302376085999022,-0.11963081081333493,-0.010606797786567257
2025-12-04 12:18:00,20.45,20.45,20.45,20.45,19,388.55,20.8275,21.216666666666665,22.475416666666664,-0.14883028377524354,-0.12547070540571667,-0.023359578369526873
2025-12-04 12:27:00,20.45,20.45,20.45,20.45,2000,40900.0,20.7975,21.215833333333332,22.458333333333332,-0.1617011229151828,-0.1327167889076099,-0.028984334007572887
2025-12-04 12:28:00,20.4,20.4,20.4,20.4,1000,20400.0,20.764999999999997,21.214166666666667,22.441041666666667,-0.1739309698434539,-0.14095962509477872,-0.03297134474867519
2025-12-04 12:31:00,20.8,20.8,20.8,20.8,1,20.8,20.765,21.220833333333335,22.424583333333334,-0.14962180752408116,-0.1426920615806392,-0.006929745943441951
2025-12-04 12:39:00,20.4,20.8,20.4,20.8,2001,40820.8,20.755000000000003,21.233333333333334,22.408333333333335,-0.12887107570663048,-0.13992786440583746,0.011056788699206982
2025-12-04 12:40:00,20.4,20.5,20.4,20.5,20240,414111.0,20.7275,21.233333333333334,22.392708333333335,-0.1350763875225205,-0.13895756902917408,0.0038811815066535915
2025-12-04 13:52:00,20.75,20.75,20.75,20.75,1,20.75,20.735,21.229166666666668,22.376666666666665,-0.11845574706462614,-0.1348572046362645,0.016401457571638356
2025-12-05 10:44:00,20.8,20.8,20.8,20.8,50,1040.0,20.7225,21.225833333333334,22.36375,-0.10009535072792985,-0.12790483385459755,0.0278094831266677
2025-12-05 10:45:00,20.8,20.8,20.8,20.8,2000,41600.0,20.7325,21.214999999999996,22.350833333333334,-0.08456973706552873,-0.11923781449678379,0.034668077431255065
2025-12-05 11:20:00,21.0,21.0,21.0,21.0,1,21.0,20.7525,21.207499999999996,22.33833333333333,-0.05548762109566141,-0.10648777581655933,0.05100015472089792
2025-12-05 11:45:00,21.0,21.0,21.0,21.0,2400,50400.0,20.7625,21.19083333333333,22.325833333333332,-0.03207014993869706,-0.09160425064098687,0.059534100702289816
2025-12-05 11:46:00,21.05,21.05,21.05,21.05,3000,63150.0,20.764999999999997,21.175,22.313958333333336,-0.009369052594195182,-0.07515721103162853,0.06578815843743335
2025-12-05 12:22:00,21.55,21.55,21.55,21.55,2,43.1,20.82,21.1675,22.304166666666667,0.04840951714972519,-0.050443865395357786,0.09885338254508297
2025-12-05 12:43:00,21.55,21.55,21.55,21.55,1,21.55,20.8475,21.16,22.294375000000002,0.09312595193884121,-0.02172990192851798,0.11485585386735919
2025-12-05 12:57:00,20.7,20.7,20.7,20.7,1000,20700.0,20.8325,21.138333333333332,22.282500000000002,0.05929266350365836,-0.005525388842082709,0.06481805234574108
2025-12-05 13:45:00,21.55,21.55,21.55,21.55,2,43.1,20.857499999999998,21.13083333333333,22.275208333333335,0.09991566927662276,0.015562822781658391,0.08435284649496437
2025-12-05 13:50:00,21.55,21.55,21.55,21.55,500,10775.0,20.8825,21.125833333333333,22.267916666666668,0.1306041704460199,0.03857109231453071,0.0920330781314892
2025-12-05 14:38:00,20.7,20.7,20.7,20.7,2000,41400.0,20.865000000000002,21.104166666666668,22.258333333333336,0.08535323352237256,0.047927520556099085,0.03742571296627348
2025-12-05 14:39:00,21.05,21.05,21.0,21.0,3000,63050.0,20.892500000000002,21.0875,22.250000000000004,0.07285915777281815,0.0529138479994429,0.019945309773375247
2025-12-08 09:01:00,21.65,21.65,21.65,21.65,9000,194850.0,20.952499999999997,21.081666666666667,22.244375,0.11409190004570391,0.06514945840869511,0.048942441637008796
2025-12-08 09:02:00,22.1,22.6,22.1,22.6,9000,201300.0,21.06,21.091666666666665,22.24354166666667,0.2208800382931706,0.09629557438559022,0.12458446390758038
2025-12-08 09:03:00,22.1,22.1,22.1,22.1,3000,66300.0,21.142500000000002,21.106666666666666,22.240625,0.26214276725294283,0.12946501295906077,0.13267775429388207
2025-12-08 09:09:00,23.15,23.15,23.15,23.15,2001,46323.15,21.28,21.124166666666667,22.24125,0.37524441795073926,0.17862089395739647,0.1966235239933428
2025-12-08 09:10:00,23.15,23.45,23.15,23.15,8999,209826.85,21.3975,21.141666666666666,22.24458333333333,0.4595805326803415,0.2348128217019855,0.224767710978356
2025-12-08 09:12:00,24.3,24.3,24.3,24.3,500,12150.0,21.572499999999998,21.178333333333335,22.252708333333334,0.6121563429935009,0.31028152596028863,0.30187481703321223
2025-12-08 09:18:00,24.3,24.3,23.9,24.0,6000,145100.0,21.7475,21.21333333333333,22.259583333333335,0.700788030925537,0.38838282695333837,0.3124052039721986
2025-12-08 09:25:00,23.8,23.8,23.8,23.8,2900,69020.0,21.9,21.251666666666665,22.265625000000004,0.7462882077278401,0.4599639031082388,0.2863243046196013
2025-12-08 09:26:00,23.3,23.3,23.3,23.3,100,2330.0,22.025,21.281666666666663,22.270208333333333,0.7335457455902947,0.51468027160465,0.2188654739856447
2025-12-08 09:28:00,24.0,24.0,24.0,24.0,10,240.0,22.185,21.334166666666665,22.276875,0.7710432952478818,0.5659528763332964,0.20509041891458546
2025-12-08 09:37:00,23.15,23.15,23.15,23.15,1000,23150.0,22.292499999999997,21.361666666666668,22.282291666666666,0.7238286313585505,0.5975280273383472,0.12630060402020327
2025-12-08 09:44:00,23.8,23.8,23.8,23.8,100,2380.0,22.432499999999997,21.4,22.29041666666667,0.730440178096444,0.6241104574899666,0.10632972060647738
2025-12-08 10:02:00,24.0,24.0,24.0,24.0,10,240.0,22.580000000000002,21.441666666666666,22.295416666666668,0.7432504762176286,0.647938461235499,0.0953120149821296
2025-12-08 10:08:00,24.0,24.0,24.0,24.0,1000,24000.0,22.7025,21.483333333333334,22.304375,0.7448169436776126,0.6673141577239218,0.07750278595369087
2025-12-08 10:15:00,24.0,24.0,24.0,24.0,9,216.0,22.825,21.535833333333336,22.313333333333336,0.7375562906200237,0.6813625843031422,0.056193706316881475
2025-12-08 10:31:00,24.0,24.0,24.0,24.0,1000,24000.0,22.990000000000002,21.5775,22.319583333333338,0.7234625448840752,0.6897825764193289,0.0336799684647463
2025-12-08 10:32:00,24.05,24.05,23.7,23.7,4000,95850.0,23.0975,21.61416666666667,22.323333333333334,0.6802442250637846,0.6878749061482201,-0.007630681084435542
2025-12-08 10:33:00,23.85,23.85,23.85,23.85,2000,47700.0,23.2125,21.664166666666667,22.331041666666668,0.6505974591069901,0.6804194167399742,-0.02982195763298412
2025-12-08 10:35:00,24.2,24.2,24.2,24.2,5,121.0,23.3875,21.720000000000002,22.340833333333332,0.647875947783497,0.6739107229486788,-0.026034775165181823
2025-12-08 10:50:00,23.5,23.5,23.5,23.5,70,1645.0,23.5125,21.760833333333334,22.347708333333337,0.5825200520424865,0.6556325887674403,-0.07311253672495388
2025-12-08 10:51:00,24.15,24.15,24.15,24.15,1000,24150.0,23.6375,21.815833333333334,22.35666666666667,0.5765287371224055,0.6398118184384334,-0.06328308131602789
2025-12-08 10:53:00,23.5,24.15,23.5,24.15,1100,25915.0,23.715,21.8675,22.365625,0.5652645589129683,0.6249023665333404,-0.059637807620372074
2025-12-08 11:06:00,24.15,24.15,24.15,24.15,1,24.15,23.8175,21.91916666666667,22.374583333333337,0.5499975867099813,0.6099214105686687,-0.05992382385868733
2025-12-08 11:12:00,24.15,24.15,24.0,24.0,4000,96150.0,23.86,21.968333333333337,22.38291666666667,0.5198026929702131,0.5918976670489776,-0.07209497407876453
2025-12-08 11:13:00,24.2,24.3,24.2,24.3,3000,72700.0,23.9175,22.026666666666664,22.392500000000002,0.5141536714593329,0.5763488679310487,-0.062195196471715786
2025-12-08 11:15:00,24.3,24.3,24.3,24.3,1000,24300.0,23.9175,22.081666666666663,22.402083333333334,0.503868498805975,0.561852794106034,-0.057984295300059
2025-12-08 11:16:00,24.3,25.0,24.3,25.0,1001,24325.0,23.9675,22.147499999999997,22.414583333333333,0.5459086797891715,0.5586639712426614,-0.01275529145348997
2025-12-08 11:18:00,25.0,25.0,25.0,25.0,80,2000.0,24.0275,22.220833333333335,22.427083333333332,0.5726249619863886,0.5614561693914069,0.011168792594981714
2025-12-08 11:19:00,25.0,25.0,24.5,24.5,2200,54900.0,24.0875,22.278333333333332,22.43708333333333,0.5471448416339371,0.5585939038399129,-0.011449062205975857
2025-12-08 11:24:00,24.5,24.5,24.5,24.5,3000,73500.0,24.1125,22.34333333333333,22.44875,0.520946515527207,0.5510644261773717,-0.03011791065016467
2025-12-08 11:29:00,25.0,25.0,25.0,25.0,50,1250.0,24.205000000000002,22.416666666666668,22.4625,0.5343700889133665,0.5477255587245707,-0.013355469811204279
2025-12-08 12:04:00,25.0,25.0,25.0,25.0,2000,50000.0,24.265,22.486666666666668,22.473541666666666,0.5387974459661891,0.5459399361728944,-0.007142490206705321
2025-12-08 12:05:00,25.2,25.2,25.2,25.2,1,25.2,24.325,22.55666666666667,22.48479166666667,0.5520804471219165,0.5471680383626988,0.0049124087592177235
2025-12-08 12:23:00,24.5,24.5,24.5,24.5,2500,61250.0,24.35,22.624166666666667,22.493125000000003,0.5003553859519414,0.5378055078805474,-0.03745012192860597
2025-12-08 12:36:00,25.2,25.2,25.2,25.2,2000,50400.0,24.41,22.694166666666668,22.500625000000003,0.5099684532865538,0.5322380969617487,-0.022269643675194906
2025-12-08 12:37:00,24.75,25.0,24.75,25.0,6100,151750.0,24.46,22.760833333333334,22.502708333333334,0.4957340364884679,0.5249372848670926,-0.029203248378624647
2025-12-08 12:45:00,25.2,25.2,25.2,25.2,10,252.0,24.535,22.830000000000002,22.502291666666668,0.49488674086046913,0.5189271760657679,-0.02404043520529875
2025-12-08 12:54:00,24.75,25.2,24.75,25.2,600,14895.0,24.6025,22.899166666666662,22.502499999999998,0.48858317031590914,0.5128583749157961,-0.024275204599886968
2025-12-08 13:08:00,25.2,25.2,25.2,25.2,2000,50400.0,24.6525,22.96833333333333,22.50375,0.47807657606799125,0.5059020151462351,-0.027825439078243863
2025-12-08 13:11:00,25.25,25.25,25.25,25.25,2,50.5,24.740000000000002,23.048333333333332,22.505208333333332,0.46838535178751073,0.49839868247449026,-0.030013330686979534
2025-12-08 13:18:00,25.25,25.25,25.25,25.25,1000,25250.0,24.795,23.128333333333334,22.505,0.4554547874448218,0.4898099034685567,-0.034355116023734866
2025-12-08 13:23:00,25.0,25.25,25.0,25.25,1005,25375.0,24.85,23.208333333333332,22.504791666666666,0.4401336354675678,0.479874649868359,-0.0397410144007912
2025-12-08 13:24:00,26.05,26.05,26.05,26.05,1,26.05,24.945,23.301666666666666,22.512083333333333,0.4869317798105399,0.4812860758567952,0.005645703953744696
2025-12-08 13:25:00,26.05,26.05,26.05,26.05,50,1302.5,25.0475,23.395833333333332,22.519375000000004,0.5180479125030644,0.4886384431860491,0.02940946931701527
2025-12-08 13:27:00,25.0,25.0,25.0,25.0,2000,50000.0,25.0825,23.465833333333332,22.517916666666668,0.45276228526782347,0.4814632116024041,-0.0287009263345806
2025-12-08 13:28:00,25.6,25.6,25.6,25.6,2,51.2,25.1475,23.545833333333334,22.51895833333333,0.4443161410206393,0.4740337974860512,-0.029717656465411857
2025-12-08 13:30:00,25.6,25.6,25.6,25.6,200,5120.0,25.177500000000002,23.63083333333333,22.52,0.4326353597327284,0.46575410993538663,-0.033118750202658254
2025-12-08 14:03:00,24.75,24.75,24.75,24.75,500,12375.0,25.165,23.697499999999998,22.518124999999998,0.35074716516547255,0.44275272098140384,-0.09200555581593128
2025-12-08 14:19:00,25.6,25.6,25.6,25.6,10,256.0,25.22,23.7775,22.519791666666666,0.3503988968843963,0.42428195616200237,-0.07388305927760608
2025-12-08 14:33:00,24.75,25.15,24.75,25.15,2001,49525.15,25.2525,23.85,22.518541666666668,0.3102354514005441,0.40147265520971076,-0.09123720380916667
2025-12-08 14:51:00,25.5,25.5,25.5,25.5,1010,25755.0,25.2775,23.925,22.52333333333333,0.30315314566361096,0.38180875330049086,-0.0786556076368799
2025-12-08 14:52:00,25.5,25.5,25.0,25.15,4100,103015.0,25.285,23.99416666666667,22.52208333333333,0.2662293660046089,0.3586928758413145,-0.09246350983670559
2025-12-08 15:00:00,25.4,25.4,25.4,25.4,10,254.0,25.294999999999998,24.066666666666666,22.521875,0.2542095458614604,0.3377962098453437,-0.08358666398388331
2025-12-09 09:03:00,24.35,24.35,24.35,24.35,2000,48700.0,25.2875,24.113333333333333,22.517083333333336,0.15813464921527398,0.30186389771932975,-0.14372924850405577
2025-12-09 09:05:00,24.35,24.35,24.35,24.35,200,4870.0,25.245,24.16,22.511041666666664,0.08106019002849152,0.25770315618116213,-0.1766429661526706
2025-12-09 09:06:00,24.25,24.4,24.15,24.4,8000,194000.0,25.215,24.221666666666668,22.503125,0.023739058870425822,0.21091033671901485,-0.18717127784858903
2025-12-09 09:10:00,23.3,23.3,23.3,23.3,1000,23300.0,25.12,24.250833333333333,22.491874999999997,-0.10919047760805967,0.14689017385359993,-0.2560806514616596
2025-12-09 09:11:00,23.3,23.3,23.3,23.3,1000,23300.0,25.025,24.279999999999998,22.480624999999996,-0.21209321442045592,0.07509349619878875,-0.28718671061924467
2025-12-09 09:12:00,23.3,23.3,23.3,23.3,1000,23300.0,24.93,24.323333333333334,22.468125,-0.2902980000778008,0.0020151969434708122,-0.2923131970212716
2025-12-09 09:13:00,24.0,24.0,24.0,24.0,10,240.0,24.8675,24.373333333333335,22.458333333333332,-0.29242086063466033,-0.05687201457215544,-0.2355488460625049
2025-12-09 09:14:00,23.25,23.25,23.2,23.2,5075,117890.0,24.765,24.399166666666662,22.446666666666665,-0.35456930283010024,-0.11641147222374444,-0.2381578306063558
2025-12-09 09:30:00,23.2,23.2,23.2,23.2,3000,69600.0,24.6625,24.409166666666668,22.437291666666667,-0.39922042645524414,-0.1729732630700444,-0.22624716338519973
2025-12-09 09:31:00,23.2,23.4,23.2,23.3,10200,237480.0,24.525,24.429166666666667,22.428333333333335,-0.42167677201391385,-0.22271396485881834,-0.1989628071550955
2025-12-09 09:45:00,23.2,23.2,23.2,23.2,3000,69600.0,24.3825,24.43,22.419791666666665,-0.4424425496224025,-0.2666596818115352,-0.17578286781086727
2025-12-09 09:46:00,22.9,23.3,22.8,22.8,16000,367700.0,24.2725,24.424166666666665,22.410208333333333,-0.48557878507494934,-0.31044350246421804,-0.1751352826107313
2025-12-09 09:47:00,22.65,22.65,22.65,22.65,1511,34224.15,24.125,24.396666666666665,22.400624999999998,-0.5258071315397679,-0.35351622827932805,-0.17229090326043983
2025-12-09 09:54:00,23.0,23.0,23.0,23.0,1,23.0,23.994999999999997,24.38,22.392291666666665,-0.5234127348208659,-0.38749552958763567,-0.13591720523323025
2025-12-09 10:41:00,23.0,23.0,23.0,23.0,2000,46000.0,23.9075,24.366666666666667,22.382291666666667,-0.5155719654847388,-0.41311081676705635,-0.10246114871768247
2025-12-09 11:34:00,22.6,22.6,22.6,22.6,1000,22600.0,23.7575,24.355,22.37020833333333,-0.5354622805007629,-0.4375811095137977,-0.09788117098696525
2025-12-09 11:37:00,22.6,22.6,22.6,22.6,1000,22600.0,23.63,24.331666666666667,22.360625000000002,-0.5449437263908017,-0.4590536328891986,-0.0858900935016031
2025-12-09 11:38:00,22.6,22.6,22.6,22.6,1000,22600.0,23.485,24.322499999999998,22.351041666666667,-0.5461620247218484,-0.47647531125572856,-0.06968671346611982
2025-12-09 11:57:00,23.0,23.0,23.0,23.0,1,23.0,23.3775,24.309166666666666,22.343124999999997,-0.5089836313946421,-0.4829769752835113,-0.026006656111130788
2025-12-09 12:02:00,22.55,22.65,22.55,22.6,7000,158200.0,23.2375,24.285833333333336,22.333125,-0.5059637091993139,-0.48757432206667184,-0.018389387132642043
2025-12-09 12:11:00,23.0,23.0,23.0,23.0,1,23.0,23.169999999999998,24.269166666666667,22.32770833333333,-0.4659228731864573,-0.483244032290629,0.0173211591041717
2025-12-09 13:18:00,23.0,23.0,23.0,23.0,1000,23000.0,23.1025,24.2525,22.321875,-0.42924218544776593,-0.4724436629220564,0.043201477474290484
2025-12-09 14:36:00,23.0,23.0,23.0,23.0,1000,23000.0,23.0325,24.235833333333336,22.313541666666666,-0.3956121060462543,-0.45707735154689605,0.06146524550064175
2025-12-10 09:19:00,23.0,23.0,23.0,23.0,100,2300.0,23.017500000000002,24.22416666666667,22.305208333333333,-0.36475535316989394,-0.4386129518714956,0.07385759870160169
2025-12-10 09:30:00,22.5,22.5,22.5,22.5,1000,22500.0,22.9775,24.201666666666668,22.297916666666666,-0.3763091182591367,-0.4261521851490239,0.04984306688988721
2025-12-10 09:40:00,22.5,22.5,22.5,22.5,10,225.0,22.9375,24.173333333333336,22.291666666666668,-0.381072790414418,-0.41713630620210274,0.03606351578768474
2025-12-10 10:26:00,23.0,23.4,23.0,23.4,5000,116200.0,22.907500000000002,24.171666666666667,22.285416666666666,-0.30866743053135437,-0.3954425310679531,0.0867751005365987
2025-12-10 10:28:00,23.5,23.5,23.5,23.5,500,11750.0,22.9225,24.160833333333333,22.27958333333333,-0.24044479893600368,-0.3644429846415632,0.12399818570555954
2025-12-10 11:05:00,22.8,22.8,22.8,22.8,1,22.8,22.9025,24.138333333333332,22.274583333333332,-0.24009436336772438,-0.3395732603867955,0.09947889701907109
2025-12-10 11:26:00,22.8,22.8,22.8,22.8,1000,22800.0,22.877499999999998,24.115833333333335,22.27041666666667,-0.23708368748525643,-0.31907534580648766,0.08199165832123123
2025-12-10 12:02:00,22.8,22.8,22.8,22.8,1000,22800.0,22.857499999999998,24.095833333333335,22.26541666666667,-0.23202308743505284,-0.3016648941322007,0.06964180669714787
2025-12-10 12:19:00,23.5,23.5,23.5,23.5,2,47.0,22.8925,24.0825,22.263333333333335,-0.1695736362568674,-0.27524664255713405,0.10567300630026666
2025-12-10 12:49:00,23.5,23.5,23.5,23.5,2000,47000.0,22.935,24.069166666666668,22.26229166666667,-0.11871354047615412,-0.24394002214093807,0.12522648166478395
2025-12-10 12:53:00,23.0,23.0,23.0,23.0,3000,69000.0,22.935,24.035833333333336,22.261041666666667,-0.11739906611262185,-0.21863183093527486,0.101232764822653
2025-12-10 13:48:00,23.55,23.55,23.55,23.55,1,23.55,22.9625,24.011666666666667,22.262083333333337,-0.07115668231084626,-0.18913680121038914,0.11798011889954288
2025-12-10 13:49:00,23.55,23.55,23.55,23.55,2,47.1,23.009999999999998,23.995833333333334,22.262708333333332,-0.03411599206944871,-0.15813263938220107,0.12401664731275236
2025-12-10 14:34:00,23.55,23.55,23.55,23.55,1,23.55,23.0575,23.98,22.265416666666667,-0.004706722027673749,-0.1274474559112956,0.12274073388362186
2025-12-11 10:16:00,23.0,23.0,23.0,23.0,3000,69000.0,23.0775,23.946666666666665,22.267708333333335,-0.025486277157021675,-0.10705522016044082,0.08156894300341914
2025-12-11 10:31:00,22.6,22.6,22.6,22.6,1000,22600.0,23.057499999999997,23.90666666666667,22.268958333333334,-0.07338494539617813,-0.10032116520758828,0.02693621981141016
2025-12-11 10:44:00,22.6,22.6,22.6,22.6,2000,45200.0,23.057499999999997,23.863333333333333,22.270416666666666,-0.1100760963482621,-0.10227215143572305,-0.007803944912539051
2025-12-11 10:45:00,22.4,22.4,22.4,22.4,3000,67200.0,23.027499999999996,23.828333333333333,22.268333333333334,-0.153522712093082,-0.11252226356719486,-0.041000448525887134
2025-12-11 11:25:00,22.2,22.2,22.2,22.2,500,11100.0,22.9875,23.778333333333332,22.265416666666667,-0.20176695278097867,-0.13037120140995165,-0.07139575137102702
2025-12-11 12:37:00,22.7,22.7,22.7,22.7,2,45.4,22.9725,23.74,22.264583333333334,-0.19737976867285312,-0.14377291486253194,-0.05360685381032118
2025-12-11 13:05:00,22.7,22.7,22.7,22.7,1,22.7,22.957500000000003,23.69833333333333,22.264999999999997,-0.1916931740733503,-0.15335696670469562,-0.03833620736865467
2025-12-11 14:01:00,22.7,22.7,22.7,22.7,1,22.7,22.967499999999998,23.65666666666667,22.265833333333333,-0.18505332731792024,-0.15969623882734055,-0.025357088490579688
2025-12-11 14:39:00,22.7,22.7,22.7,22.7,1,22.7,22.9775,23.615000000000002,22.265,-0.17774229835206867,-0.1633054507322862,-0.014436847619782478
2025-12-11 15:00:00,22.7,22.7,22.7,22.7,100,2270.0,22.942500000000003,23.5725,22.26375,-0.16998873094745903,-0.1646421067753208,-0.005346624172138242
2025-12-12 09:01:00,22.2,22.2,22.2,22.2,1,22.2,22.8775,23.521666666666665,22.260416666666668,-0.2018628450213633,-0.17208625442452932,-0.02977659059683399
2025-12-12 09:37:00,22.2,22.2,22.2,22.2,1000,22200.0,22.8475,23.470833333333335,22.26125,-0.2245350102357193,-0.18257600558676734,-0.04195900464895197
2025-12-12 10:25:00,22.2,22.2,22.1,22.1,2000,44300.0,22.8125,23.405000000000005,22.261666666666667,-0.24771650708188986,-0.19560410588579188,-0.052112401196097974
2025-12-12 10:27:00,22.5,22.5,22.5,22.5,200,4500.0,22.797500000000003,23.345833333333335,22.262708333333332,-0.23114683643906275,-0.20271265199644606,-0.028434184442616695
2025-12-12 11:02:00,22.5,22.5,22.5,22.5,10,225.0,22.747500000000002,23.304166666666667,22.265416666666667,-0.2155307487680318,-0.20527627135076323,-0.010254477417268565
2025-12-12 12:26:00,22.5,22.5,22.5,22.5,1,22.5,22.6975,23.2525,22.2675,-0.20083973137599287,-0.20438896335580917,0.0035492319798162975
2025-12-12 12:42:00,22.5,22.5,22.5,22.5,1,22.5,22.672500000000003,23.200833333333335,22.268541666666668,-0.18704090314717092,-0.20091935131408153,0.013878448166910612
2025-12-12 14:25:00,22.5,22.5,22.5,22.5,1,22.5,22.619999999999997,23.163333333333338,22.269583333333333,-0.1740983351257661,-0.19555514807641847,0.021456812950652354
2025-12-12 14:35:00,22.5,22.5,22.5,22.5,1000,22500.0,22.567500000000003,23.111666666666668,22.272083333333335,-0.16197411989388755,-0.1888389424399123,0.026864822546024764
2025-12-15 09:43:00,22.5,22.5,22.5,22.5,1000,22500.0,22.514999999999997,23.067500000000003,22.274583333333336,-0.15062923194989253,-0.1811970003419084,0.03056776839201586
2025-12-15 09:45:00,22.5,22.5,22.5,22.5,1000,22500.0,22.49,23.017500000000002,22.277083333333334,-0.1400242145356536,-0.17296244318065745,0.03293822864500384
2025-12-15 10:04:00,22.5,22.5,22.5,22.5,1000,22500.0,22.485000000000003,22.973333333333336,22.280833333333337,-0.13011972266368943,-0.16439389907726387,0.03427417641357444
2025-12-15 11:30:00,22.9,22.9,22.9,22.9,1,22.9,22.5,22.931666666666665,22.28875,-0.08896811538321359,-0.14930874233845381,0.06034062695524023
2025-12-15 11:53:00,22.1,22.1,22.1,22.1,1000,22100.0,22.485000000000003,22.894166666666667,22.293958333333332,-0.11953060978873253,-0.14335311582850957,0.023822506039777036
2025-12-15 12:25:00,22.9,22.9,22.9,22.9,2,45.8,22.52,22.87,22.300625,-0.07829574802908468,-0.1303416422686246,0.052045894239539925
2025-12-15 13:03:00,22.75,22.75,22.75,22.75,1000,22750.0,22.5225,22.842499999999998,22.306666666666665,-0.05706278513444474,-0.11568587084178862,0.05862308570734388
2025-12-15 13:27:00,22.1,22.1,22.1,22.1,1000,22100.0,22.4925,22.8225,22.310000000000002,-0.09162883659722354,-0.11087446399287561,0.019245627395652068
2025-12-15 13:31:00,22.2,22.2,22.2,22.2,3000,66600.0,22.4675,22.804166666666667,22.315,-0.10968908960541768,-0.11063738911538402,0.0009482995099663466
2025-12-15 14:13:00,22.0,22.0,22.0,22.0,3000,66000.0,22.4325,22.782499999999995,22.31791666666667,-0.1385432583200341,-0.11621856295631405,-0.02232469536372006
2025-12-15 14:14:00,22.2,22.2,22.2,22.2,1000,22200.0,22.407500000000002,22.752499999999998,22.322916666666668,-0.14361654425519177,-0.12169815921608962,-0.02191838503910215
2025-12-15 14:16:00,22.2,22.2,22.2,22.2,2000,44400.0,22.4075,22.735833333333336,22.32791666666667,-0.14595468515305043,-0.1265494644034818,-0.01940522074956863
2025-12-16 09:15:00,22.0,22.0,22.0,22.0,1000,22000.0,22.3975,22.715833333333332,22.330833333333334,-0.16207767662397998,-0.13365510684758145,-0.028422569776398537
2025-12-16 09:41:00,22.95,22.95,22.95,22.95,2,45.9,22.44,22.71,22.337708333333335,-0.0970791351653233,-0.1263399125111298,0.02926077734580651
2025-12-16 10:06:00,22.95,22.95,22.95,22.95,1000,22950.0,22.4625,22.705833333333334,22.343333333333337,-0.04504803704056215,-0.11008153741701626,0.06503350037645411
2025-12-16 11:31:00,22.95,22.95,22.95,22.95,1,22.95,22.485000000000003,22.708333333333332,22.351458333333333,-0.003769563728674541,-0.08881914267934791,0.08504957895067337
2025-12-16 13:27:00,22.0,22.0,22.0,22.0,1000,22000.0,22.46,22.697499999999998,22.353125,-0.04716939730222336,-0.08048919360392301,0.03331979630169965
2025-12-16 13:30:00,22.0,22.0,22.0,22.0,1000,22000.0,22.435000000000002,22.680833333333332,22.354791666666664,-0.08063457292477949,-0.08051826946809432,-0.00011630345668517394
2025-12-16 13:31:00,22.0,22.0,22.0,22.0,1000,22000.0,22.410000000000004,22.664166666666667,22.356875,-0.1059348151028594,-0.08560157859504734,-0.02033323650781206
2025-12-16 13:35:00,22.0,22.0,22.0,22.0,100,2200.0,22.385,22.654166666666665,22.362291666666668,-0.12454970780530417,-0.09339120443709872,-0.031158503368205442
2025-12-17 09:21:00,22.5,22.5,22.5,22.5,11,247.5,22.385,22.652499999999996,22.369791666666668,-0.09782861567411061,-0.09427868668450111,-0.0035499289896094993
2025-12-17 09:31:00,22.5,22.5,22.5,22.5,500,11250.0,22.385,22.65083333333333,22.376041666666666,-0.07577843106221493,-0.09057863556004389,0.014800204497828956
2025-12-17 11:11:00,22.5,22.5,22.5,22.5,150,3375.0,22.385,22.6425,22.383958333333332,-0.05763907353366804,-0.08399072315476873,0.02635164962110069
2025-12-17 12:19:00,22.5,22.5,22.5,22.5,1,22.5,22.365000000000002,22.64083333333333,22.391458333333333,-0.04277047064339712,-0.0757466726524944,0.03297620200909729
2025-12-17 12:59:00,22.5,22.5,22.5,22.5,2100,47250.0,22.385,22.632499999999997,22.397708333333334,-0.030633867573889972,-0.06672411163677353,0.03609024406288355
2025-12-17 13:40:00,22.95,22.95,22.95,22.95,100,2295.0,22.3875,22.631666666666664,22.40583333333333,0.015121406826139605,-0.05035500794419089,0.0654764147703305
2025-12-17 14:53:00,22.95,22.95,22.95,22.95,2,45.9,22.3975,22.63083333333333,22.413958333333333,0.05079723256033475,-0.030124559843285763,0.08092179240362052
2025-12-18 10:28:00,23.0,23.0,23.0,23.0,11,253.0,22.442500000000003,22.63083333333333,22.421875,0.08215809622604553,-0.007668028629419499,0.08982612485546503
2025-12-18 12:05:00,23.0,23.0,23.0,23.0,1,23.0,22.482499999999998,22.639166666666664,22.429791666666667,0.10579229885614083,0.015024036867692575,0.09076826198844826
2025-12-18 13:20:00,22.0,22.0,22.0,22.0,100,2200.0,22.482499999999998,22.63083333333333,22.431874999999998,0.043331434263130575,0.02068551634678018,0.022645917916350396
2025-12-18 13:59:00,23.0,23.0,23.0,23.0,2,46.0,22.5225,22.624166666666667,22.440625,0.07367313369296369,0.03128303981601689,0.0423900938769468
2025-12-18 14:25:00,23.0,23.0,23.0,23.0,1,23.0,22.5625,22.615833333333335,22.448124999999997,0.09660554055459158,0.044347539963731836,0.05225800059085975
2025-12-18 14:35:00,22.0,22.0,22.0,22.0,25,550.0,22.5625,22.602500000000003,22.45020833333333,0.03369952837432777,0.04221793764585103,-0.00851840927152326
2025-12-19 10:41:00,23.0,23.0,23.0,23.0,1,23.0,22.565,22.605833333333333,22.458541666666665,0.06380223075874625,0.04653479626843008,0.017267434490316168
2025-12-19 13:30:00,23.0,23.0,23.0,23.0,1,23.0,22.567500000000003,22.609166666666667,22.464583333333334,0.08665987814529785,0.054559812643803635,0.03210006550149422
2025-12-22 11:49:00,23.0,23.0,23.0,23.0,1000,23000.0,22.57,22.600833333333334,22.473333333333336,0.10358071438097127,0.06436399299123717,0.0392167213897341
2025-12-22 11:51:00,23.0,23.0,23.0,23.0,1000,23000.0,22.619999999999997,22.592499999999998,22.48375,0.11565737280628596,0.07462266895424693,0.04103470385203903
2025-12-22 13:03:00,22.0,22.0,22.0,22.0,75,1650.0,22.619999999999997,22.575833333333332,22.489375000000003,0.044029029717219004,0.06850394110684135,-0.02447491138962235
2025-12-22 13:05:00,23.0,23.0,23.0,23.0,1000,23000.0,22.669999999999998,22.566666666666666,22.49958333333333,0.06718028194410408,0.0682392092742939,-0.001058927330189821
2025-12-22 14:00:00,23.0,23.0,23.0,23.0,11,253.0,22.72,22.5575,22.508333333333333,0.08455314016238802,0.07150199545191273,0.01305114471047529
2025-12-23 09:09:00,23.0,23.0,23.0,23.0,1,23.0,22.744999999999997,22.548333333333336,22.517083333333336,0.09720078531731247,0.07664175342499269,0.02055903189231978
2025-12-23 10:45:00,23.0,23.0,23.0,23.0,1,23.0,22.77,22.548333333333336,22.525833333333335,0.10600220775701175,0.08251384429139651,0.02348836346561524
2025-12-23 11:06:00,23.0,23.0,23.0,23.0,2000,46000.0,22.794999999999998,22.555,22.53416666666667,0.11168990673105483,0.08834905677932818,0.023340849951726653
2025-12-23 11:46:00,23.1,23.1,23.1,23.1,1,23.1,22.825,22.563333333333333,22.545208333333335,0.1228504696682009,0.09524933935710274,0.027601130311098163
2025-12-23 12:40:00,23.1,23.1,23.1,23.1,1,23.1,22.854999999999997,22.575,22.55625,0.13019449510706949,0.1022383705070961,0.02795612459997339
2025-12-23 12:43:00,23.1,23.1,23.1,23.1,1500,34650.0,22.8625,22.589999999999996,22.567291666666666,0.13446466324171524,0.10868362905401993,0.025781034187695312
2025-12-23 13:35:00,23.1,23.1,23.1,23.1,1000,23100.0,22.869999999999997,22.59666666666667,22.576458333333335,0.13627787573191696,0.11420247838959936,0.0220753973423176
2025-12-23 13:36:00,23.1,23.1,23.1,23.1,1000,23100.0,22.875,22.603333333333335,22.585625,0.1361454595834175,0.118591074628363,0.0175543849550545
2025-12-23 13:37:00,23.1,23.1,22.9,23.1,6549,150676.9,22.880000000000003,22.61,22.594791666666666,0.13449019952879837,0.12177089960845008,0.012719299920348287
2025-12-23 14:09:00,23.5,23.5,23.5,23.5,1,23.5,22.955000000000002,22.62333333333333,22.605625,0.16356952342299635,0.13013062437135936,0.033438899051636994
2025-12-23 14:12:00,23.5,23.5,23.5,23.5,1,23.5,22.98,22.636666666666663,22.619374999999998,0.18448842934098764,0.14100218536528503,0.04348624397570261
2025-12-23 14:56:00,23.5,23.5,23.5,23.5,1,23.5,23.005000000000003,22.658333333333335,22.630208333333332,0.19877545330133373,0.15255683895249478,0.04621861434883895
2025-12-24 09:31:00,23.5,23.5,23.5,23.5,3000,70500.0,23.080000000000002,22.68,22.643958333333334,0.20770374326113483,0.1635862198142228,0.04411752344691203
2025-12-24 09:33:00,23.65,23.65,23.65,23.65,1000,23650.0,23.1125,22.70583333333333,22.657083333333336,0.2242976599731037,0.175728507845999,0.04856915212710469
2025-12-24 09:34:00,23.65,23.65,23.65,23.65,100,2365.0,23.145,22.725,22.670208333333335,0.23474249318079288,0.1875313049129578,0.047211188267835075
2025-12-24 09:35:00,23.65,23.65,23.65,23.65,20,473.0,23.177500000000002,22.744166666666665,22.683749999999996,0.24025063893404663,0.1980751717171756,0.04217546721687104
2025-12-24 09:36:00,23.65,23.65,23.65,23.65,1000,23650.0,23.21,22.763333333333332,22.698750000000004,0.2418282387243842,0.20682578511861735,0.03500245360576684
2025-12-24 09:48:00,24.0,24.0,24.0,24.0,100,2400.0,23.31,22.788333333333334,22.713333333333335,0.2682286005119785,0.21910634819728958,0.04912225231468892
2025-12-24 09:49:00,24.0,24.0,24.0,24.0,100,2400.0,23.36,22.813333333333333,22.725833333333338,0.2858559084593857,0.23245626024970883,0.05339964820967685
2025-12-24 09:51:00,24.0,24.2,23.5,24.0,11000,264700.0,23.41,22.83833333333333,22.738333333333337,0.2964088601736279,0.2452467802344927,0.051162079939135185
2025-12-24 09:55:00,24.0,24.0,24.0,24.0,1000,24000.0,23.46,22.863333333333333,22.748958333333334,0.3012989635375085,0.25645721689509593,0.04484174664241258
2025-12-24 10:13:00,24.7,24.7,24.7,24.7,3000,74100.0,23.544999999999998,22.9,22.7625,0.35753709052018223,0.2766731916201132,0.08086389890006901
2025-12-24 10:15:00,25.05,25.05,25.05,25.05,3000,75150.0,23.6475,22.9425,22.775208333333335,0.42544403228130534,0.3064273597523517,0.11901667252895365
2025-12-24 10:16:00,25.25,25.45,24.5,24.5,7200,181945.0,23.717499999999998,22.96916666666667,22.785625,0.4299244677661598,0.33112678135511336,0.09879768641104641
2025-12-24 10:17:00,25.15,25.15,25.15,25.15,1000,25150.0,23.82,23.019999999999996,22.79875,0.48038720818572855,0.36097886672123647,0.11940834146449208
2025-12-24 10:19:00,25.45,25.45,25.15,25.15,2100,52845.0,23.9225,23.0575,22.811875,0.5144490451733077,0.39167290241165076,0.12277614276165694
2025-12-24 10:28:00,25.35,25.35,25.0,25.0,3093,78375.0,24.017500000000002,23.095000000000002,22.824375,0.5233071904465021,0.4179997600186211,0.10530743042788099
2025-12-24 10:30:00,25.45,25.45,25.45,25.45,1000,25450.0,24.134999999999998,23.15083333333333,22.83875,0.5601811539460506,0.44643603880410704,0.11374511514194358
2025-12-24 10:40:00,25.75,25.75,25.75,25.75,3000,77250.0,24.2675,23.21,22.855000000000004,0.6066188045061409,0.47847259194451386,0.12814621256162706
2025-12-24 10:47:00,26.1,26.1,26.1,26.1,3000,78300.0,24.3975,23.278333333333332,22.872083333333332,0.6640087722725205,0.5155798280101153,0.14842894426240527
2025-12-24 10:51:00,26.3,26.3,26.3,26.3,6000,157800.0,24.5375,23.346666666666668,22.89,0.7173597866504906,0.5559358197381904,0.1614239669123002
2025-12-24 10:52:00,26.0,26.0,25.9,25.9,6000,155700.0,24.6575,23.408333333333335,22.90625,0.7190751422269486,0.5885636842359421,0.1305114579910065
2025-12-24 10:53:00,26.2,26.2,25.9,25.9,6000,156300.0,24.777499999999996,23.473333333333336,22.922500000000003,0.7122244932657473,0.6132958460419031,0.0989286472238442
2025-12-24 10:54:00,26.2,26.3,25.9,26.1,11100,290200.0,24.9,23.52583333333333,22.942916666666665,0.7146950732161947,0.6335756914767615,0.08111938173943323
2025-12-24 10:56:00,26.5,26.5,26.5,26.5,3000,79500.0,25.0425,23.584999999999997,22.961250000000003,0.7403948714882986,0.654939527479069,0.0854553440092296
2025-12-24 10:57:00,27.0,27.0,27.0,27.0,6,162.0,25.21,23.6525,22.98166666666667,0.7919785325677147,0.6823473284967982,0.10963120407091642
2025-12-24 10:58:00,27.0,27.0,26.3,27.0,5900,157600.0,25.3775,23.735833333333336,23.002083333333335,0.8233676854639178,0.7105513998902222,0.11281628557369561
2025-12-24 11:00:00,27.2,27.2,27.2,27.2,1000,27200.0,25.5375,23.8225,23.024166666666666,0.8545316350496819,0.7393474469221142,0.1151841881275677
2025-12-24 11:01:00,27.2,27.2,27.0,27.0,5000,135400.0,25.6875,23.905833333333337,23.047083333333333,0.8532551666618886,0.7621289908700691,0.09112617579181947
2025-12-24 11:04:00,27.3,27.3,27.3,27.3,1,27.3,25.8525,23.99416666666667,23.071250000000003,0.8664630029203195,0.7829957932801194,0.08346720964020016
2025-12-24 11:07:00,27.3,27.3,27.3,27.3,550,15015.0,26.017500000000002,24.074166666666667,23.098125,0.8669368005254086,0.7997839947291773,0.06715280579623129
2025-12-24 11:15:00,26.15,26.15,26.15,26.15,1000,26150.0,26.090000000000003,24.135,23.117500000000003,0.7656904960789639,0.7929652949991347,-0.027274798920170817
2025-12-24 11:16:00,26.15,26.15,26.15,26.15,1000,26150.0,26.145,24.195833333333333,23.136875,0.6776406507596278,0.7699003661512334,-0.0922597153916056
2025-12-24 11:17:00,26.15,26.15,26.15,26.15,1000,26150.0,26.2275,24.256666666666668,23.15625,0.6009333286346816,0.7361069586479231,-0.13517363001324145
2025-12-24 11:18:00,26.1,26.1,26.1,26.1,1000,26100.0,26.275,24.316666666666666,23.175416666666667,0.5299981522845414,0.6948851973752468,-0.1648870450907054
2025-12-24 11:19:00,26.1,26.1,26.1,26.1,2000,52200.0,26.3225,24.36916666666667,23.19729166666667,0.4683822944343241,0.6495846167870623,-0.18120232235273814
2025-12-24 11:23:00,26.0,26.0,26.0,26.0,5000,130000.0,26.372500000000002,24.42,23.21604166666667,0.4067928639883185,0.6010262662273136,-0.1942334022389951
2025-12-24 11:37:00,25.5,25.5,25.5,25.5,1000,25500.0,26.375,24.461666666666666,23.232708333333335,0.31401718071593976,0.5436244491250388,-0.22960726840909906
2025-12-24 11:40:00,26.45,26.45,26.45,26.45,1000,26450.0,26.410000000000004,24.519166666666667,23.256041666666665,0.31353461199010724,0.4976064816980525,-0.18407186970794526
2025-12-24 11:45:00,26.45,26.45,26.0,26.0,5000,131800.0,26.405,24.585833333333333,23.2775,0.2736860511708379,0.4528223955926096,-0.17913634442177173
2025-12-24 11:48:00,26.0,26.0,26.0,26.0,500,13000.0,26.389999999999997,24.635833333333334,23.298125000000002,0.23934673940450324,0.4101272643549884,-0.17078052495048518
2025-12-24 11:53:00,26.0,26.5,26.0,26.5,3000,79000.0,26.419999999999998,24.694166666666668,23.321666666666665,0.24960116193054205,0.3780220438700992,-0.12842088193955714
2025-12-24 12:01:00,26.5,26.5,26.5,26.5,1000,26500.0,26.45,24.769166666666667,23.344375000000003,0.25479079596740917,0.35337579428956123,-0.09858499832215206
2025-12-24 12:02:00,26.6,26.6,26.6,26.6,1,26.6,26.475,24.829166666666666,23.367500000000003,0.26393035772315443,0.3354867069762799,-0.07155634925312548
2025-12-24 12:03:00,26.6,26.6,26.6,26.6,5,133.0,26.48,24.889166666666664,23.390625,0.26808322966600073,0.3220060115142241,-0.053922781848223356
2025-12-24 12:06:00,26.8,26.8,26.8,26.8,1,26.8,26.47,24.9525,23.415625,0.28423624067915654,0.3144520573472106,-0.030215816668054063
2025-12-24 12:51:00,26.6,26.6,26.6,26.6,501,13326.6,26.45,25.0125,23.438958333333336,0.2776981582458262,0.3071012775269337,-0.029403119281107504
2025-12-24 12:57:00,26.75,26.75,26.75,26.75,1000,26750.0,26.427500000000002,25.091666666666665,23.462708333333335,0.2813768895787341,0.30195639993729384,-0.02057951035855976
2025-12-24 13:18:00,26.75,26.75,26.0,26.2,6226,164176.0,26.3875,25.145,23.48604166666667,0.2371778683771275,0.2890006936252606,-0.051822825248133086
2025-12-24 13:19:00,25.8,25.8,25.8,25.8,1000,25800.0,26.3125,25.191666666666666,23.505833333333335,0.1679372920125921,0.2647880133027269,-0.09685072129013478
2025-12-24 13:20:00,26.75,26.75,26.75,26.75,1,26.75,26.285000000000004,25.254166666666666,23.531458333333333,0.18755863768696202,0.2493421381795739,-0.06178350049261189
2025-12-24 13:45:00,26.75,26.75,26.75,26.75,200,5350.0,26.315000000000005,25.316666666666666,23.557083333333335,0.2007940664895358,0.23963252384156633,-0.038838457352030537
2025-12-24 13:58:00,26.75,26.75,26.5,26.5,6000,159750.0,26.3325,25.375,23.580833333333334,0.1889324330272828,0.22949250567870963,-0.04056007265142683
2025-12-24 14:19:00,26.8,26.8,26.8,26.8,1,26.8,26.365,25.436666666666667,23.605,0.2014176782289141,0.22387754018875053,-0.02245986195983643
2025-12-24 14:21:00,26.8,26.8,26.5,26.5,3000,80100.0,26.384999999999998,25.493333333333332,23.630208333333332,0.18497258340706324,0.21609654883241308,-0.031123965425349842
2025-12-24 14:22:00,26.95,26.95,26.95,26.95,1,26.95,26.427500000000002,25.5575,23.655000000000005,0.20587773608616544,0.2140527862831636,-0.008175050196998157
2025-12-24 14:26:00,26.5,26.5,26.5,26.5,2000,53000.0,26.452500000000004,25.614166666666666,23.67791666666667,0.18401279603605047,0.208044788233741,-0.024031992197690533
2025-12-24 14:27:00,26.8,26.8,26.8,26.8,1,26.8,26.517500000000002,25.675833333333333,23.701874999999998,0.1887167570106172,0.20417918198911628,-0.01546242497849909
2025-12-24 14:31:00,26.8,26.8,26.8,26.8,588,15758.4,26.535000000000004,25.7375,23.725833333333334,0.19025157820709282,0.2013936612327116,-0.011142083025618782
2025-12-24 14:36:00,26.75,26.75,26.5,26.6,6100,162410.0,26.565000000000005,25.78916666666667,23.748958333333334,0.173331548338723,0.19578123865391392,-0.022449690315190923
2025-12-24 14:42:00,26.8,26.8,26.8,26.8,801,21466.8,26.605,25.84416666666667,23.77541666666667,0.17405424233543343,0.19143583939021785,-0.017381597054784426
2025-12-24 14:43:00,26.8,26.8,26.8,26.8,99,2653.2,26.619999999999997,25.899166666666666,23.801875,0.17263693145153525,0.18767605780248137,-0.01503912635094612
2025-12-24 14:45:00,26.8,26.8,26.8,26.8,1000,26800.0,26.635,25.954166666666666,23.828333333333333,0.1695591302581505,0.18405267229361522,-0.014493542035464713
2025-12-24 14:54:00,26.5,26.5,26.5,26.5,1000,26500.0,26.630000000000003,26.001666666666665,23.85354166666667,0.141283825844436,0.17549890300377938,-0.03421507715934338
2025-12-24 14:56:00,26.5,26.5,26.5,26.5,200,5300.0,26.625,26.049166666666665,23.878958333333333,0.1175207374764895,0.1639032698983214,-0.04638253242183191
2025-12-24 15:00:00,26.95,26.95,26.95,26.95,1,26.95,26.6325,26.104166666666668,23.90458333333333,0.13346110143350032,0.1578148362053572,-0.024353734771856872
2025-12-26 09:01:00,26.95,26.95,26.1,26.8,8600,225550.0,26.642500000000002,26.156666666666663,23.92958333333333,0.13246325437493667,0.1527445198392731,-0.020281265464336423
2025-12-26 09:02:00,26.5,26.5,26.5,26.5,400,10600.0,26.630000000000003,26.19833333333333,23.954583333333336,0.10624028868090107,0.1434436736075987,-0.037203384926697614
2025-12-26 09:04:00,25.7,25.7,25.7,25.7,3000,77100.0,26.605,26.226666666666667,23.975208333333335,0.020666850730524544,0.11888830903218385,-0.0982214583016593
2025-12-26 09:05:00,26.2,26.2,25.65,25.65,4200,108290.0,26.597500000000004,26.254166666666666,23.995416666666667,-0.05060198926741322,0.08499024937226443,-0.13559223863967765
2025-12-26 09:06:00,25.3,25.3,25.2,25.2,6000,151500.0,26.52,26.274166666666666,24.01375,-0.14176017457329593,0.03964016458315235,-0.18140033915644826
2025-12-26 09:07:00,25.5,25.5,24.9,25.0,7000,176200.0,26.432499999999997,26.279166666666665,24.030416666666667,-0.22751932061552438,-0.01379173245658301,-0.21372758815894136
2025-12-26 09:08:00,25.1,25.1,25.1,25.1,2000,50200.0,26.3625,26.279999999999998,24.047500000000003,-0.28413951400342086,-0.0678612887659506,-0.21627822523747026
2025-12-26 09:09:00,25.1,25.1,25.1,25.1,100,2510.0,26.277499999999996,26.29,24.064375,-0.32526200723891563,-0.11934143246054363,-0.205920574778372
2025-12-26 09:10:00,25.5,25.5,25.5,25.5,1,25.5,26.2275,26.295833333333334,24.08083333333333,-0.32186496339505055,-0.15984613864744504,-0.1620188247476055
2025-12-26 09:14:00,25.5,25.5,25.5,25.5,1000,25500.0,26.155,26.301666666666666,24.097291666666663,-0.3155354850171541,-0.19098400792138687,-0.12455147709576725
2025-12-26 09:17:00,25.5,25.5,25.5,25.5,1000,25500.0,26.105,26.31,24.117291666666667,-0.3069806460029376,-0.21418333553769706,-0.09279731046524056
2025-12-26 09:18:00,26.0,26.0,26.0,26.0,1,26.0,26.064999999999998,26.319166666666664,24.13583333333333,-0.256893741977521,-0.22272541682566185,-0.034168325151859164
2025-12-26 09:23:00,26.2,26.2,26.2,26.2,1,26.2,26.034999999999997,26.326666666666664,24.155208333333334,-0.19876988563877518,-0.21793431058828452,0.019164424949509345
2025-12-26 10:21:00,26.2,26.2,26.2,26.2,1,26.2,26.015000000000004,26.328333333333333,24.178125,-0.1509660678732203,-0.2045406620452717,0.053574594172051376
2025-12-26 10:38:00,24.9,25.9,24.9,25.9,15902,397441.0,25.97,26.32166666666667,24.198541666666664,-0.13572414719794423,-0.19077735907580623,0.055053211877861996
2025-12-26 10:41:00,24.9,24.9,24.9,24.9,250,6225.0,25.875,26.305,24.212083333333332,-0.202007837299103,-0.19302345472046561,-0.008984382578637373
2025-12-26 10:43:00,24.65,25.6,24.65,25.6,3001,73975.6,25.814999999999998,26.3,24.22458333333333,-0.19579696387637924,-0.19357815655164837,-0.0022188073247308704
2025-12-26 10:44:00,24.65,24.65,24.65,24.65,1000,24650.0,25.722499999999997,26.27583333333333,24.235208333333333,-0.2644830663072746,-0.2077591385027736,-0.05672392780450097
2025-12-26 10:45:00,24.45,25.0,24.35,24.35,6001,146425.0,25.615,26.240000000000002,24.24020833333333,-0.33921453611715435,-0.2340502180256498,-0.10516431809150456
2025-12-26 10:48:00,24.6,24.6,24.6,24.6,1,24.6,25.4975,26.2,24.24625,-0.3739561203144426,-0.2620313984834084,-0.11192472183103419
2025-12-26 11:11:00,24.6,24.6,24.6,24.6,2000,49200.0,25.3875,26.16,24.2475,-0.39691370200388576,-0.2890078591875039,-0.10790584281638188
2025-12-26 11:12:00,24.9,24.9,24.9,24.9,1000,24900.0,25.307499999999997,26.121666666666666,24.251250000000002,-0.3864455543018437,-0.30849539821037186,-0.07795015609147182
2025-12-26 11:13:00,24.9,24.9,24.9,24.9,2000,49800.0,25.267500000000002,26.086666666666666,24.25583333333333,-0.3738400761386842,-0.32156433379603433,-0.05227574234264987
2025-12-26 12:37:00,25.1,25.1,25.1,25.1,1,25.1,25.240000000000002,26.05,24.263333333333335,-0.3437492875363368,-0.32600132454409486,-0.01774796299224196
2025-12-26 13:29:00,25.1,25.1,25.1,25.1,1,25.1,25.235000000000003,26.013333333333332,24.267916666666668,-0.31625651256257115,-0.32405236214779015,0.007795849585219006
2025-12-26 13:50:00,24.25,24.25,24.25,24.25,640,15520.0,25.1975,25.981666666666666,24.272499999999997,-0.3589187941351213,-0.3310256485452564,-0.027893145589864887
2025-12-26 13:53:00,25.1,25.1,25.1,25.1,1,25.1,25.197499999999998,25.964166666666667,24.277916666666666,-0.3204471481405662,-0.32890994846431837,0.008462800323752184
2025-12-26 14:22:00,24.25,24.25,24.25,24.25,360,8730.0,25.154999999999998,25.9325,24.278958333333332,-0.35445999360761604,-0.3340199574929779,-0.020440036114638127
2025-12-26 14:38:00,24.25,24.25,24.25,24.25,2000,48500.0,25.092499999999998,25.901666666666667,24.279999999999998,-0.3770688042315662,-0.3426297268406956,-0.0344390773908706
2025-12-26 14:39:00,25.1,25.1,25.1,25.1,1,25.1,25.072499999999998,25.884999999999998,24.28458333333333,-0.32267891165225393,-0.3386395638030073,0.015960652150753374
2025-12-29 09:01:00,25.1,25.1,25.1,25.1,200,5020.0,25.052500000000002,25.87,24.289166666666667,-0.27638849539606625,-0.3261893501216191,0.049800854725552846
2025-12-29 09:03:00,24.1,24.1,24.1,24.1,1000,24100.0,24.9575,25.846666666666668,24.290833333333335,-0.3167434285811517,-0.3243001658135256,0.0075567372323739335
2025-12-29 09:04:00,24.1,24.1,24.1,24.1,600,14460.0,24.8525,25.807499999999997,24.291875,-0.34475092975372945,-0.3283903186015664,-0.01636061115216303
2025-12-29 09:07:00,25.1,25.1,25.1,25.1,1,25.1,24.797500000000003,25.7925,24.295624999999998,-0.2829932633817762,-0.3193109075576084,0.036317644175832164
2025-12-29 09:09:00,25.1,25.1,25.1,25.1,30,753.0,24.7575,25.777499999999996,24.302291666666665,-0.23138263288088012,-0.30172525262226274,0.07034261974138262
2025-12-29 09:17:00,25.1,25.1,25.1,25.1,100,2510.0,24.767500000000002,25.754166666666666,24.30625,-0.1883101145923618,-0.27904222501628256,0.09073211042392076
2025-12-29 09:21:00,25.1,25.1,25.1,25.1,2150,53965.0,24.7425,25.730833333333333,24.310208333333335,-0.15241785536811037,-0.2537173510866481,0.10129949571853775
2025-12-29 09:22:00,25.1,25.35,25.0,25.35,10500,264500.0,24.7775,25.709999999999997,24.31520833333333,-0.10261716389192443,-0.22349731364770337,0.12088014975577893
2025-12-29 09:26:00,26.0,26.0,26.0,26.0,42,1092.0,24.860000000000003,25.7,24.323541666666664,-0.010578249898994585,-0.1809135008979616,0.170335250998967
2025-12-29 09:33:00,26.0,26.0,26.0,26.0,1,26.0,24.93,25.686666666666664,24.330625,0.061652560208273144,-0.13240028867671466,0.1940528488849878
2025-12-29 09:36:00,26.0,26.0,26.0,26.0,100,2600.0,25.0,25.676666666666666,24.337708333333335,0.11754105746942756,-0.08241201944748622,0.19995307691691377
2025-12-29 09:57:00,26.0,26.0,26.0,26.0,1000,26000.0,25.055,25.664166666666667,24.341875,0.15998884241797384,-0.03393184707439419,0.19392068949236804
2025-12-29 10:16:00,26.0,26.0,26.0,26.0,1000,26000.0,25.110000000000003,25.660833333333336,24.346041666666668,0.19142241931591997,0.011139006203668653,0.18028341311225132
2025-12-29 10:17:00,25.7,25.9,25.7,25.9,8000,206600.0,25.15,25.6625,24.351875000000003,0.20589120555430185,0.050089446073795306,0.15580175948050654
2025-12-29 10:18:00,26.15,26.15,26.15,26.15,1010,26411.5,25.2025,25.6525,24.35875,0.23482383060654755,0.08703632298034576,0.1477875076262018
2025-12-29 10:34:00,25.2,25.2,25.2,25.2,3000,75600.0,25.25,25.626666666666665,24.359583333333333,0.17903231085423954,0.10543552055512452,0.07359679029911502
2025-12-29 10:38:00,26.0,26.0,26.0,26.0,1,26.0,25.295,25.618333333333332,24.36375,0.1970984157679112,0.12376809959768187,0.07333031617022934
2025-12-29 11:04:00,26.0,26.0,26.0,26.0,50,1300.0,25.3825,25.605,24.367083333333333,0.20900663567728017,0.14081580681360156,0.06819082886367861
2025-12-29 11:12:00,26.0,26.0,26.0,26.0,1000,26000.0,25.470000000000002,25.596666666666668,24.373333333333335,0.21595459559855357,0.15584356457059198,0.06011103102796159
2025-12-29 13:11:00,26.0,26.0,26.0,26.0,1000,26000.0,25.515,25.58083333333333,24.376666666666665,0.21893713290896955,0.1684622782382675,0.050474854670702035
2025-12-29 13:15:00,26.0,26.0,26.0,26.0,100,2600.0,25.56,25.572499999999998,24.38083333333333,0.21877886860334783,0.1785255963112836,0.04025327229206424
2025-12-29 13:31:00,26.0,26.0,26.0,26.0,100,2600.0,25.655,25.559166666666666,24.384166666666665,0.21616166587270058,0.186052810223567,0.03010885564913357
2025-12-29 13:38:00,26.0,26.0,26.0,26.0,10,260.0,25.75,25.545833333333334,24.3875,0.2116477701051238,0.1911718021998784,0.020475967905245418
2025-12-29 14:11:00,26.0,26.0,26.0,26.0,201,5226.0,25.794999999999998,25.535833333333333,24.390833333333333,0.20569930168203499,0.19407730209630975,0.01162199958572524
2025-12-29 14:55:00,25.1,25.1,25.1,25.1,1000,25100.0,25.794999999999998,25.5075,24.390208333333337,0.12689979734278367,0.18064180114560455,-0.053742003802820876
2025-12-29 14:57:00,26.0,26.0,26.0,26.0,1,26.0,25.839999999999996,25.49416666666667,24.393333333333334,0.1355110142012883,0.17161564375674132,-0.036104629555453016
2025-12-29 15:00:00,26.0,26.0,26.0,26.0,3,78.0,25.885,25.480833333333337,24.396458333333335,0.14071340901406515,0.1654351968082061,-0.024721787794140943
2025-12-30 09:02:00,25.15,25.15,25.15,25.15,500,12575.0,25.875,25.458333333333332,24.392708333333335,0.07537951994699199,0.1474240614359633,-0.0720445414889713
2025-12-30 09:03:00,25.15,25.15,25.0,25.0,7000,175600.0,25.825,25.433333333333334,24.388333333333332,0.011367162188488322,0.12021268158646829,-0.10884551939797997
2025-12-30 09:05:00,25.4,25.4,25.4,25.4,1,25.4,25.794999999999998,25.407500000000002,24.39,-0.007005678359494283,0.09476900959727577,-0.10177468795677005
2025-12-30 09:08:00,25.0,25.0,25.0,25.0,100,2500.0,25.744999999999997,25.3775,24.3875,-0.053229349120911706,0.06516933785363828,-0.11839868697454999
2025-12-30 09:09:00,25.25,25.25,24.9,24.9,2001,49825.25,25.689999999999998,25.350833333333338,24.384583333333335,-0.09681508149386531,0.032772453984137556,-0.12958753547800286
2025-12-30 09:10:00,25.25,25.25,25.25,25.25,51,1287.75,25.652499999999996,25.343333333333337,24.386666666666667,-0.10193991362088894,0.005829980463132249,-0.1077698940840212
2025-12-30 09:13:00,24.9,24.9,24.9,24.9,1000,24900.0,25.602500000000003,25.33083333333333,24.38375,-0.13271361498969014,-0.02187873862743224,-0.1108348763622579
2025-12-30 09:15:00,25.2,25.2,25.2,25.2,1,25.2,25.555,25.33083333333333,24.383958333333336,-0.13138003497960682,-0.04377899789786716,-0.08760103708173966
2025-12-30 09:51:00,25.2,25.2,25.2,25.2,10,252.0,25.555,25.334166666666665,24.382708333333333,-0.1288379989605417,-0.060790798110402076,-0.06804720085013963
2025-12-30 10:52:00,24.4,24.4,24.4,24.4,1000,24400.0,25.475,25.322499999999998,24.379583333333336,-0.18919579981215406,-0.0864717984507525,-0.10272400136140157
2025-12-30 10:57:00,25.2,25.2,25.2,25.2,1,25.2,25.435,25.324166666666667,24.37875,-0.17051093381484606,-0.10327962552357121,-0.06723130829127484
2025-12-30 11:16:00,24.4,24.4,24.4,24.4,1000,24400.0,25.354999999999997,25.305833333333336,24.378958333333333,-0.21774631306123027,-0.12617296303110304,-0.09157335003012723
2025-12-30 11:22:00,25.2,25.2,25.2,25.2,1000,25200.0,25.315,25.300833333333337,24.3825,-0.18845498554131979,-0.1386293675331464,-0.049825618008173395
2025-12-30 11:41:00,24.4,24.4,24.4,24.4,1000,24400.0,25.235,25.282500000000002,24.382499999999997,-0.22717596841841114,-0.15633868771019935,-0.0708372807082118
2025-12-30 11:42:00,25.2,25.2,24.4,25.2,1002,24450.4,25.195,25.269166666666667,24.39041666666667,-0.19110635707233214,-0.1632922215826259,-0.027814135489706238
2025-12-30 11:46:00,24.4,24.4,24.4,24.4,900,21960.0,25.115,25.23916666666667,24.395,-0.22448650365791067,-0.1755310779976829,-0.048955425660227786
2025-12-30 11:47:00,24.4,24.4,24.4,24.4,1000,24400.0,25.035,25.209166666666665,24.399583333333332,-0.24808078940264977,-0.19004102027867628,-0.05803976912397349
2025-12-30 11:53:00,25.2,25.2,25.2,25.2,1,25.2,25.04,25.197499999999998,24.404583333333335,-0.19992154559123065,-0.19201712534118717,-0.007904420250043481
2025-12-30 13:10:00,24.4,24.8,24.4,24.8,6000,146800.0,24.979999999999997,25.195833333333333,24.41125,-0.19182046801144637,-0.19197779387523903,0.00015732586379266222
2025-12-30 13:41:00,24.2,24.2,24.2,24.2,1000,24200.0,24.889999999999997,25.1725,24.41541666666667,-0.23115072953142501,-0.19981238100647625,-0.03133834852494877
2025-12-30 14:06:00,25.0,25.0,25.0,25.0,1,25.0,24.8825,25.178333333333335,24.422500000000003,-0.1955131768244982,-0.19895254017008066,0.0034393633455824524
2025-12-30 14:47:00,25.0,25.0,25.0,25.0,1,25.0,24.8825,25.189166666666665,24.430000000000003,-0.16536394690511358,-0.19223482151708726,0.026870874611973683
2025-12-30 15:00:00,25.0,25.0,25.0,25.0,11,275.0,24.8625,25.195833333333333,24.43916666666667,-0.13985826594941742,-0.18175951040355331,0.0419012444541359
2025-12-31 09:05:00,25.0,25.0,25.0,25.0,1,25.0,24.8625,25.2025,24.448958333333334,-0.11828135618698354,-0.16906387956023938,0.05078252337325584
2025-12-31 09:09:00,25.0,25.0,25.0,25.0,50,1250.0,24.8675,25.204166666666666,24.457291666666666,-0.10002843422283192,-0.1552567904927579,0.05522835626992598
2025-12-31 09:11:00,25.0,25.0,25.0,25.0,100,2500.0,24.854999999999997,25.20583333333333,24.465625,-0.08458778670991762,-0.14112298973618984,0.05653520302627221
2025-12-31 09:15:00,25.0,25.0,25.0,25.0,2,50.0,24.86,25.204166666666666,24.475625,-0.0715264499210555,-0.12720368177316296,0.05567723185210746
2025-12-31 09:23:00,25.0,25.0,25.0,25.0,1,25.0,24.85,25.2025,24.485625000000002,-0.060478092608743594,-0.11385856394027909,0.05338047133153549
2025-12-31 10:39:00,25.0,25.0,25.0,25.0,1,25.0,24.84,25.215,24.495625000000004,-0.051132763174781104,-0.1013134037871795,0.050180640612398394
2025-12-31 10:50:00,25.0,25.0,25.0,25.0,1000,25000.0,24.869999999999997,25.21333333333333,24.503958333333337,-0.04322821432281643,-0.08969636589430689,0.046468151571490465
2025-12-31 10:54:00,24.2,24.2,24.2,24.2,800,19360.0,24.82,25.2125,24.510625,-0.10036022631261332,-0.09182913797796818,-0.008531088334645137
2025-12-31 10:55:00,25.0,25.0,25.0,25.0,1,25.0,24.85,25.225,24.518958333333334,-0.0801604040674384,-0.08949539119586224,0.00933498712842383
2025-12-31 11:58:00,25.0,25.0,25.0,25.0,1000,25000.0,24.839999999999996,25.223333333333336,24.527291666666667,-0.06342082362956702,-0.0842804776826032,0.020859654053036178
2025-12-31 12:07:00,25.15,25.15,25.15,25.15,1,25.15,24.8775,25.224166666666665,24.53625,-0.03761721133631468,-0.0749478244133455,0.037330613077030825
2025-12-31 12:31:00,24.25,24.25,24.25,24.25,1000,24250.0,24.830000000000002,25.226666666666667,24.54145833333333,-0.08876689160414841,-0.07771163785150609,-0.011055253752642324
2025-12-31 12:32:00,25.15,25.15,25.15,25.15,1,25.15,24.8675,25.24416666666667,24.552500000000002,-0.056034967123345325,-0.07337630370587393,0.017341336582528608
2025-12-31 12:39:00,24.25,24.25,24.25,24.25,1000,24250.0,24.86,25.23,24.55979166666667,-0.10154659361703722,-0.0790103616881066,-0.022536231928930617
2025-12-31 12:46:00,25.15,25.15,25.15,25.15,1,25.15,24.857499999999998,25.230833333333337,24.567083333333336,-0.06425175290848273,-0.07605863993218183,0.0118068870236991
2025-12-31 12:50:00,24.25,24.25,24.25,24.25,1000,24250.0,24.83,25.216666666666665,24.570208333333333,-0.10609480645125302,-0.08206587323599608,-0.02402893321525694
2025-12-31 13:00:00,25.0,25.0,25.0,25.0,1,25.0,24.869999999999997,25.215,24.579375000000002,-0.07783970815625807,-0.08122064022004849,0.0033809320637904205
2025-12-31 13:17:00,24.2,24.2,24.2,24.2,1000,24200.0,24.830000000000002,25.195833333333333,24.585208333333334,-0.118633124498853,-0.0887031370758094,-0.02992998742304359
2025-12-31 13:20:00,25.0,25.0,25.0,25.0,1,25.0,24.830000000000002,25.179166666666667,24.594375,-0.08542417007212677,-0.08804734367507289,0.002623173602946116
2025-12-31 13:35:00,24.5,24.5,24.5,24.5,1000,24500.0,24.805,25.154166666666665,24.598541666666666,-0.09831830355463467,-0.09010153565098525,-0.008216767903649419
2025-12-31 13:38:00,24.6,24.6,24.6,24.6,1,24.6,24.785,25.130833333333335,24.603125,-0.09932290040213232,-0.09194580860121468,-0.00737709180091764
2025-12-31 14:01:00,24.6,24.6,24.5,24.5,3000,73700.0,24.759999999999998,25.105833333333333,24.609375,-0.10695530077664372,-0.0949477070363005,-0.012007593740343228
2025-12-31 14:06:00,25.0,25.0,25.0,25.0,1,25.0,24.759999999999998,25.089166666666664,24.615416666666665,-0.0718301979273086,-0.09032420521450213,0.018494007287193526
2025-12-31 14:37:00,25.0,25.0,25.0,25.0,1,25.0,24.759999999999998,25.074166666666667,24.621458333333337,-0.04349195269860573,-0.08095775471132285,0.037465802012717125
2025-12-31 14:53:00,25.0,25.0,25.0,25.0,1,25.0,24.759999999999998,25.055,24.6275,-0.02079398902712626,-0.06892500157448354,0.048131012547357285
2025-12-31 15:00:00,25.0,25.0,25.0,25.0,2,50.0,24.759999999999998,25.05166666666667,24.635833333333334,-0.0027737156203890834,-0.055694744383664646,0.05292102876327556
2026-01-02 09:14:00,25.0,25.0,25.0,25.0,1,25.0,24.759999999999998,25.035000000000004,24.645833333333332,0.011376341500220377,-0.04228052720688764,0.053656868707108014
2026-01-02 09:25:00,25.0,25.0,25.0,25.0,1,25.0,24.8,25.018333333333334,24.655833333333337,0.022332923671633864,-0.029357837031183335,0.051690760702817196
2026-01-02 09:39:00,24.2,24.2,24.2,24.2,1000,24200.0,24.759999999999998,24.988333333333337,24.663333333333334,-0.033155029597729424,-0.030117275544492554,-0.00303775405323687
2026-01-02 09:40:00,24.2,24.2,24.2,24.2,2000,48400.0,24.720000000000002,24.958333333333332,24.671666666666667,-0.07625066216377974,-0.03934395286835,-0.03690670929542974
2026-01-02 09:41:00,24.4,24.4,24.0,24.0,9000,216950.0,24.6625,24.925,24.677083333333332,-0.12510050919229698,-0.056495264133139406,-0.06860524505915758
2026-01-02 09:43:00,24.2,24.2,24.2,24.2,1001,24224.2,24.66,24.895,24.683333333333334,-0.14599311858281894,-0.07439483502307533,-0.07159828355974361
2026-01-02 09:53:00,23.75,24.0,23.75,24.0,4001,95274.0,24.6025,24.861666666666668,24.688749999999995,-0.17665264880521292,-0.09484639777950285,-0.08180625102571007
2026-01-02 09:54:00,24.1,24.1,24.1,24.1,1,24.1,24.595,24.830000000000002,24.694583333333334,-0.19068330469107764,-0.11401377916181783,-0.0766695255292598
2026-01-02 09:55:00,23.05,23.8,23.0,23.8,8000,185750.0,24.5275,24.808333333333334,24.699166666666667,-0.22343457862226757,-0.1358979390539078,-0.08753663956835978
2026-01-02 09:56:00,23.4,23.75,23.4,23.75,5001,117723.75,24.5025,24.770833333333332,24.705625,-0.25053674960970085,-0.15882570116506642,-0.09171104844463443
2026-01-02 09:57:00,22.9,23.15,22.9,23.0,17000,390450.0,24.4025,24.720833333333335,24.708958333333335,-0.3287445844333625,-0.19280947781872565,-0.13593510661463687
2026-01-02 09:58:00,22.45,22.45,22.45,22.45,3000,67350.0,24.314999999999998,24.675833333333337,24.710416666666667,-0.43014679593984084,-0.24027694144294873,-0.18986985449689212
2026-01-02 09:59:00,23.0,23.0,22.05,22.05,7001,155773.0,24.167499999999997,24.62666666666667,24.70854166666667,-0.5365998471663964,-0.29954152258763833,-0.23705832457875808
2026-01-02 10:00:00,23.0,23.0,22.2,22.2,6001,133723.0,24.0525,24.573333333333334,24.707291666666666,-0.6019223249402899,-0.36001768305816867,-0.24190464188212119
2026-01-02 10:01:00,22.45,22.45,22.45,22.45,1000,22450.0,23.945,24.53083333333333,24.707083333333333,-0.6262983707752205,-0.4132738206015791,-0.21302455017364147
2026-01-02 10:02:00,22.9,22.9,22.9,22.9,1001,22922.9,23.865000000000002,24.4975,24.70875,-0.6023616731156913,-0.45109139110440155,-0.15127028201128978
2026-01-02 10:05:00,22.0,22.0,22.0,22.0,3000,66000.0,23.715,24.44333333333333,24.706666666666663,-0.648538201466593,-0.4905807531768399,-0.1579574482897531
2026-01-02 10:06:00,22.2,22.2,22.2,22.2,1,22.2,23.575,24.398333333333333,24.705416666666668,-0.6613712285054305,-0.5247388482425581,-0.1366323802628724
2026-01-02 10:07:00,22.2,22.2,22.2,22.2,2000,44400.0,23.435,24.348333333333336,24.704166666666666,-0.6638886003620073,-0.5525687986664479,-0.11131980169555933
2026-01-02 10:09:00,22.0,22.0,22.0,22.0,3000,66000.0,23.285,24.295,24.702083333333334,-0.6742496341486479,-0.576904965762888,-0.09734466838575995
2026-01-02 10:12:00,22.2,22.2,22.2,22.2,3000,66600.0,23.145,24.258333333333333,24.700833333333332,-0.6587290807433241,-0.5932697887589752,-0.06545929198434897
2026-01-02 10:13:00,23.0,23.0,23.0,23.0,1,23.0,23.044999999999998,24.221666666666668,24.70125,-0.5752445550754111,-0.5896647420222624,0.014420186946851321
2026-01-02 10:15:00,23.0,23.0,23.0,23.0,1000,23000.0,22.985000000000003,24.19833333333333,24.705,-0.503280957414507,-0.5723879851007113,0.06910702768620436
2026-01-02 10:28:00,21.95,21.95,21.95,21.95,128,2809.6,22.8725,24.144166666666663,24.701041666666665,-0.524924509589983,-0.5628952899985656,0.037970780408582594
2026-01-02 10:33:00,23.0,23.0,23.0,23.0,1,23.0,22.822499999999998,24.120833333333334,24.702083333333334,-0.45213897913384926,-0.5407440278256224,0.0886050486917731
2026-01-02 10:55:00,23.0,23.0,23.0,23.0,170,3910.0,22.7625,24.084166666666665,24.70583333333333,-0.3899606976752352,-0.510587361795545,0.12062666412030976
2026-01-02 11:18:00,23.0,23.0,23.0,23.0,4000,92000.0,22.7125,24.06083333333333,24.709166666666665,-0.33680152333957025,-0.47583019410435,0.13902867076477976
2026-01-02 11:34:00,22.9,22.9,22.9,22.9,3000,68700.0,22.6525,24.035833333333336,24.71291666666667,-0.29929161155704165,-0.4405224775948884,0.14123086603784674
2026-01-02 11:38:00,23.1,23.1,23.1,23.1,100,2310.0,22.6175,24.000833333333333,24.716666666666665,-0.25053835746467,-0.4025256535688448,0.15198729610417477
2026-01-02 11:48:00,23.1,23.1,23.1,23.1,600,13860.0,22.585,23.972500000000004,24.720416666666665,-0.20948622554085006,-0.3639177679632459,0.15443154242239582
2026-01-02 13:10:00,23.1,23.1,23.1,23.1,1000,23100.0,22.59,23.954166666666666,24.724999999999998,-0.17493556690491374,-0.3261213277515795,0.15118576084666574
2026-01-02 13:23:00,23.1,23.1,22.9,22.9,2000,46000.0,22.6125,23.91916666666667,24.724791666666665,-0.16182681080091754,-0.2932624243614471,0.13143561356052957
2026-01-02 13:33:00,22.9,22.9,22.9,22.9,4,91.6,22.655,23.884166666666665,24.72458333333333,-0.14971223766188047,-0.2645523870215338,0.11484014935965331
2026-01-02 13:54:00,22.9,22.9,22.9,22.9,1000,22900.0,22.69,23.84916666666667,24.724375000000002,-0.13851464061378138,-0.2393448377399833,0.10083019712620192
2026-01-02 14:54:00,22.5,22.5,22.5,22.5,3000,67500.0,22.6925,23.8075,24.726458333333333,-0.16007191197936166,-0.22349025258785898,0.06341834060849733
2026-01-02 15:00:00,22.8,22.8,22.8,22.8,1,22.8,22.6875,23.770833333333332,24.729791666666664,-0.15120570678738687,-0.20903334342776458,0.05782763664037771
2026-01-05 09:01:00,22.45,22.45,22.45,22.45,5,112.25,22.71,23.728333333333335,24.73166666666667,-0.17045633569068386,-0.20131794188034846,0.030861606189664603
2026-01-05 09:04:00,22.45,22.45,22.45,22.45,2000,44900.0,22.7225,23.685833333333335,24.733541666666667,-0.18359621490904487,-0.19777359648608778,0.014177381577042902
2026-01-05 09:05:00,22.7,22.7,22.7,22.7,1,22.7,22.7475,23.647499999999997,24.734375,-0.17185570757403923,-0.1925900187036781,0.02073431112963886
2026-01-05 09:06:00,22.7,22.7,22.7,22.7,400,9080.0,22.782500000000002,23.609166666666667,24.735208333333333,-0.16069883478935765,-0.18621178192081403,0.02551294713145638
2026-01-05 09:17:00,22.0,22.0,22.0,22.0,1000,22000.0,22.7725,23.559166666666666,24.733124999999998,-0.20596682523111198,-0.19016279058287364,-0.015804034648238346
2026-01-05 09:18:00,22.0,22.0,22.0,22.0,1000,22000.0,22.722500000000004,23.522499999999997,24.731041666666666,-0.23908599922130236,-0.19994743231055942,-0.03913856691074294
2026-01-05 09:21:00,22.0,22.45,22.0,22.45,2001,44472.45,22.695,23.48,24.730833333333333,-0.2264120073421516,-0.20524034731687787,-0.021171660025273736
2026-01-05 09:25:00,22.45,22.45,22.45,22.45,1000,22450.0,22.72,23.4375,24.72875,-0.21390204780900035,-0.20697268741530236,-0.006929360393697986
2026-01-05 10:15:00,22.7,22.7,22.7,22.7,1,22.7,22.705,23.39666666666667,24.727708333333336,-0.1817201473450325,-0.2019221794012484,0.0202020320562159
2026-01-05 10:21:00,21.85,21.85,21.85,21.85,2000,43700.0,22.6475,23.35666666666667,24.722916666666663,-0.22224179060152593,-0.20598610164130393,-0.016255688960222003
2026-01-05 10:26:00,21.85,21.85,21.85,21.85,10,218.5,22.589999999999996,23.301666666666666,24.718125,-0.25145684682126657,-0.2150802506772965,-0.03637659614397007
2026-01-05 10:33:00,22.45,22.45,22.45,22.45,1000,22450.0,22.567500000000003,23.271666666666665,24.720000000000002,-0.2236172829270906,-0.21678765712725534,-0.006829625799835259
2026-01-05 10:58:00,21.8,21.8,21.8,21.8,2000,43600.0,22.502499999999998,23.21583333333333,24.714999999999996,-0.2511091655407469,-0.2236519588099537,-0.027457206730793215
2026-01-05 11:12:00,21.8,22.0,21.8,21.9,6000,131500.0,22.442500000000003,23.176666666666666,24.710416666666667,-0.26180953892135506,-0.23128347483223402,-0.030526064089121036
2026-01-05 11:45:00,22.65,22.65,22.65,22.65,1,22.65,22.419999999999998,23.1375,24.713125,-0.20738037802101772,-0.22650285546999077,0.019122477448973052
2026-01-05 13:22:00,21.75,21.75,21.75,21.75,2000,43500.0,22.3625,23.09666666666667,24.707916666666666,-0.23416801118433028,-0.2280358866128587,-0.006132124571471581
2026-01-05 13:32:00,21.75,22.0,21.75,22.0,2000,43750.0,22.3175,23.04666666666667,24.70375,-0.23254387179736113,-0.22893748364975922,-0.003606388147601919
2026-01-05 13:36:00,21.7,21.9,21.7,21.9,2100,45790.0,22.267500000000002,23.003333333333334,24.699166666666663,-0.236598533282816,-0.2304696935763706,-0.006128839706445399
2026-01-05 13:58:00,21.65,21.65,21.65,21.65,1000,21650.0,22.225,22.954166666666666,24.693541666666665,-0.25702200272831277,-0.23578015540675906,-0.02124184732155371
2026-01-05 14:18:00,22.0,22.0,22.0,22.0,1000,22000.0,22.185,22.9125,24.69354166666667,-0.2421740428610697,-0.23705893289762123,-0.0051151099634484665
2026-01-06 09:17:00,22.0,22.0,22.0,22.0,1000,22000.0,22.1625,22.8625,24.689375000000002,-0.22778120771879884,-0.23520338786185677,0.007422180143057927
2026-01-06 09:45:00,22.0,22.0,22.0,22.0,1000,22000.0,22.14,22.8125,24.685208333333335,-0.21390897269030873,-0.23094450482754716,0.017035532137238435
2026-01-06 10:02:00,22.0,22.0,21.9,21.9,3000,65800.0,22.1,22.76083333333333,24.680625000000003,-0.20857991136952592,-0.22647158613594293,0.01789167476641701
2026-01-06 10:15:00,22.0,22.0,22.0,22.0,2000,44000.0,22.064999999999998,22.71083333333333,24.676458333333336,-0.19405053385187898,-0.21998737567913018,0.0259368418272512
2026-01-06 10:20:00,22.0,22.0,22.0,22.0,1000,22000.0,22.064999999999998,22.660833333333333,24.67229166666667,-0.18045571632264412,-0.212081043807833,0.03162532748518887
2026-01-06 10:21:00,22.7,22.7,22.7,22.7,1000,22700.0,22.1,22.6225,24.670624999999998,-0.1119075747675744,-0.19204634999978126,0.08013877523220686
2026-01-06 10:22:00,22.7,22.7,22.6,22.6,7000,158700.0,22.107499999999998,22.595833333333335,24.668541666666666,-0.06490367383676343,-0.1666178147671777,0.10171414093041428
2026-01-06 10:23:00,22.7,22.7,22.7,22.7,4000,90800.0,22.119999999999997,22.570833333333333,24.666875,-0.0193604047446847,-0.13716633276267912,0.11780592801799442
2026-01-06 10:27:00,22.7,22.7,22.7,22.7,1000,22700.0,22.119999999999997,22.549166666666668,24.665208333333332,0.01654227508238648,-0.10642461119366599,0.12296688627605247
2026-01-06 10:34:00,22.7,22.7,22.7,22.7,1000,22700.0,22.1625,22.524166666666666,24.663541666666664,0.04448263933342389,-0.07624316108824801,0.1207258004216719
2026-01-06 10:36:00,22.6,22.6,22.6,22.6,3,67.8,22.2,22.500833333333333,24.661458333333332,0.057889105463623025,-0.0494167077778738,0.10730581324149682
2026-01-06 11:01:00,23.15,23.15,23.15,23.15,1000,23150.0,22.235,22.485,24.66,0.11160768598770332,-0.017211829024758367,0.1288195150124617
2026-01-06 11:17:00,23.15,23.15,23.15,23.15,3000,69450.0,22.302500000000002,22.47416666666667,24.658541666666668,0.15242301048961338,0.016715138878115994,0.1357078716114974
2026-01-06 11:18:00,23.0,23.15,23.0,23.15,5111,117569.65,22.365,22.464166666666664,24.657083333333333,0.1826638144670092,0.04990487399589465,0.13275894047111453
2026-01-06 11:19:00,23.15,23.15,23.15,23.15,1000,23150.0,22.39,22.466666666666665,24.655625,0.20427511314483482,0.08077892182568269,0.12349619131915213
2026-01-06 11:35:00,23.3,23.3,23.3,23.3,18,419.4,22.4675,22.480833333333333,24.65416666666666,0.23084493275686313,0.11079212401191879,0.12005280874494434
2026-01-06 11:53:00,23.15,23.15,23.15,23.15,1000,23150.0,22.525,22.499166666666664,24.652083333333334,0.23706521954399307,0.13604674311833367,0.10101847642565939
2026-01-06 11:55:00,23.3,23.3,23.3,23.3,1,23.3,22.595,22.5175,24.650625,0.25120287763026994,0.15907797002072094,0.092124907609549
2026-01-06 12:19:00,22.7,22.8,22.7,22.8,4000,90900.0,22.6525,22.523333333333333,24.64708333333333,0.21953063963369956,0.17116850394331667,0.04836213569038289
2026-01-06 12:32:00,23.4,23.4,23.4,23.4,1,23.4,22.7225,22.53166666666667,24.644583333333333,0.2400776823471169,0.18495033962407675,0.05512734272304015
2026-01-06 13:16:00,23.4,23.4,23.4,23.4,10,234.0,22.792499999999997,22.555,24.642083333333332,0.2534398647311704,0.19864824464549552,0.0547916200856749
2026-01-06 13:38:00,22.6,22.6,22.6,22.6,6000,135600.0,22.822499999999998,22.561666666666664,24.63625,0.19720294363911606,0.19835918444421966,-0.0011562408051035977
2026-01-06 14:06:00,22.6,22.6,22.6,22.6,1000,22600.0,22.8575,22.56833333333333,24.630416666666665,0.15089535083321337,0.18886641772201843,-0.037971066888805055
2026-01-06 14:07:00,22.6,22.6,22.6,22.6,1000,22600.0,22.8875,22.57833333333333,24.621666666666666,0.11289486814103,0.17367210780582076,-0.06077723966479076
2026-01-06 14:44:00,22.6,22.6,22.6,22.6,1000,22600.0,22.9175,22.585,24.611458333333335,0.08183585898742507,0.15530485804214164,-0.07346899905471657
2026-01-06 14:58:00,23.4,23.4,23.4,23.4,1,23.4,22.952499999999997,22.591666666666665,24.606875,0.12038693889286378,0.14832127421228608,-0.0279343353194223
2026-01-07 09:08:00,23.1,23.1,23.1,23.1,1,23.1,22.9775,22.593333333333337,24.598333333333336,0.12528722156643468,0.1437144636831158,-0.01842724211668112
2026-01-07 09:26:00,23.1,23.1,23.1,23.1,1000,23100.0,22.997500000000002,22.6125,24.589791666666667,0.1276986997686187,0.14051131090021637,-0.012812611131597679
2026-01-07 10:11:00,22.6,22.6,22.6,22.6,1000,22600.0,22.9925,22.605833333333337,24.579791666666665,0.0882467388185546,0.130058396483884,-0.041811657665329405
2026-01-07 10:13:00,22.6,22.6,22.25,22.25,8000,179450.0,22.97,22.593333333333337,24.566458333333333,0.028411194042082144,0.10972895599552362,-0.08131776195344148
2026-01-07 11:08:00,22.75,22.75,22.75,22.75,1,22.75,22.9775,22.589166666666667,24.553958333333334,0.02109375931359736,0.09200191665913837,-0.07090815734554101
2026-01-07 11:39:00,22.75,22.75,22.75,22.75,1000,22750.0,22.9575,22.586666666666666,24.540000000000003,0.015120341685143757,0.07662560166433946,-0.0615052599791957
2026-01-07 12:16:00,22.1,22.1,22.1,22.1,1000,22100.0,22.905,22.57,24.522499999999997,-0.04158384980934571,0.05298371136960242,-0.09456756117894813
2026-01-07 12:24:00,22.75,22.75,22.75,22.75,1,22.75,22.885,22.564166666666665,24.509375,-0.03368446878868525,0.035650075337944884,-0.06933454412663013
2026-01-07 13:14:00,22.1,22.1,22.1,22.1,150,3315.0,22.8325,22.5475,24.493541666666665,-0.07896347831621497,0.012727364607112908,-0.09169084292332788
2026-01-07 13:24:00,22.1,22.1,22.1,22.1,1000,22100.0,22.7725,22.534166666666668,24.476875000000003,-0.11353861708204249,-0.01252583173071818,-0.10101278535132431
2026-01-07 13:42:00,22.25,22.25,22.25,22.25,1000,22250.0,22.7275,22.523333333333333,24.45916666666667,-0.12736770167541778,-0.035494205719658105,-0.09187349595575967
2026-01-07 14:02:00,22.7,22.7,22.7,22.7,2,45.4,22.697499999999998,22.52,24.441250000000004,-0.10085353488475235,-0.04856607155267696,-0.05228746333207539
2026-01-08 09:08:00,22.7,22.7,22.7,22.7,1000,22700.0,22.6925,22.52333333333333,24.423333333333332,-0.07893099925235347,-0.05463905709261227,-0.024291942159741203
2026-01-08 09:18:00,22.7,22.7,22.7,22.7,100,2270.0,22.657500000000002,22.521666666666665,24.40458333333333,-0.06085572490500368,-0.05588239065509056,-0.004973334249913121
2026-01-08 09:21:00,22.7,22.7,22.7,22.7,100,2270.0,22.622500000000002,22.52583333333333,24.386666666666663,-0.04600067263964647,-0.05390604705200175,0.007905374412355282
2026-01-08 09:23:00,22.8,22.8,22.8,22.8,100,2280.0,22.6325,22.531666666666663,24.367916666666666,-0.02586066676063936,-0.048296970993729274,0.022436304233089913
2026-01-08 09:34:00,22.8,22.8,22.8,22.8,100,2280.0,22.6425,22.533333333333335,24.34916666666667,-0.009786751422261375,-0.0405949270794357,0.030808175657174322
2026-01-08 10:04:00,22.8,22.8,22.8,22.8,1000,22800.0,22.6525,22.535000000000004,24.335208333333334,0.0029183019217349226,-0.03189228127920157,0.034810583200936496
2026-01-08 10:06:00,22.8,22.8,22.8,22.8,100,2280.0,22.6625,22.548333333333336,24.321250000000003,0.01283914654256435,-0.02294599571484839,0.035785142257412736
2026-01-08 10:28:00,22.8,22.8,22.8,22.8,1000,22800.0,22.6325,22.561666666666667,24.307291666666668,0.020465572994297077,-0.014263681973019296,0.034729254967316374
2026-01-08 10:29:00,23.0,23.0,23.0,23.0,1000,23000.0,22.6275,22.570833333333333,24.294375,0.042161883485036356,-0.0029785688814081626,0.04514045236644452
2026-01-08 10:38:00,23.0,23.0,22.7,22.7,9000,206700.0,22.6075,22.575,24.280208333333334,0.03474831610900608,0.0045668081166746885,0.030181507992331394
2026-01-08 12:30:00,23.85,23.85,23.85,23.85,1,23.85,22.67,22.594166666666663,24.27125,0.1202818651322417,0.0277098195197881,0.09257204561245361
2026-01-08 13:00:00,22.75,23.0,22.75,23.0,8500,194250.0,22.707500000000003,22.613333333333333,24.26083333333333,0.11811832815463674,0.04579152124675784,0.0723268069078789
2026-01-08 13:01:00,22.75,22.75,22.75,22.75,1000,22750.0,22.707500000000003,22.628333333333334,24.245416666666664,0.09513415156927962,0.0556600473112622,0.03947410425801742
2026-01-08 13:30:00,22.75,22.75,22.75,22.75,1000,22750.0,22.707500000000003,22.633333333333333,24.231875,0.07604245593608638,0.059736529036227046,0.016305926899859338
2026-01-08 13:33:00,22.75,22.85,22.75,22.85,150,3417.5,22.744999999999997,22.650833333333335,24.21875,0.06819520202476781,0.06142826363393521,0.0067669383908326025
2026-01-08 13:43:00,23.05,23.05,23.05,23.05,1,23.05,22.759999999999998,22.67,24.204375000000002,0.07722433127345951,0.06458747716184007,0.012636854111619439
2026-01-08 14:24:00,22.7,22.7,22.7,22.7,1000,22700.0,22.79,22.670833333333334,24.188541666666666,0.05549815810621439,0.06276961335071493,-0.007271455244500541
2026-01-08 14:59:00,22.8,22.8,22.8,22.8,4000,91200.0,22.825,22.688333333333333,24.172708333333333,0.0458209778970442,0.05937988625998079,-0.013558908362936585
2026-01-09 09:13:00,22.7,22.7,22.7,22.7,3,68.1,22.8475,22.7,24.156458333333333,0.02973975718732902,0.05345186044545044,-0.02371210325812142
2026-01-09 09:31:00,22.7,22.7,22.7,22.7,2500,56750.0,22.8475,22.71333333333333,24.139374999999998,0.016801595580716366,0.04612180747250362,-0.029320211891787254
2026-01-09 09:32:00,22.7,22.7,22.7,22.7,3000,68100.0,22.847500000000004,22.730833333333333,24.123124999999998,0.0064733881045278,0.03819212359890846,-0.03171873549438066
2026-01-09 09:59:00,22.6,22.6,22.6,22.6,100,2260.0,22.842499999999998,22.740833333333335,24.105833333333333,-0.009669491121591989,0.028619800654808368,-0.03828929177640036
2026-01-09 10:00:00,22.6,22.6,22.6,22.6,500,11300.0,22.8375,22.750833333333333,24.09083333333333,-0.02220685243981535,0.018454470035883623,-0.04066132247569897
2026-01-09 11:33:00,23.0,23.0,23.0,23.0,1,23.0,22.8475,22.7675,24.079166666666662,0.00013233003096857487,0.014790042034900613,-0.014657712003932039
2026-01-09 11:35:00,23.0,23.0,23.0,23.0,10,230.0,22.8575,22.785833333333336,24.063541666666662,0.01763303048493725,0.015358639724907943,0.002274390760029308
2026-01-09 11:38:00,23.0,23.0,23.0,23.0,100,2300.0,22.8675,22.802500000000002,24.047916666666662,0.031143459268129448,0.018515603633552247,0.0126278556345772
2026-01-09 13:27:00,22.15,22.15,22.15,22.15,1000,22150.0,22.835,22.805000000000003,24.029791666666664,-0.0264326259788632,0.009525957711069157,-0.03595858368993236
2026-01-09 13:28:00,22.15,22.15,22.15,22.15,1000,22150.0,22.802500000000002,22.795833333333334,24.010416666666668,-0.07124086797033513,-0.006627407425211706,-0.06461346054512343
2026-01-09 13:29:00,22.15,22.15,22.15,22.15,1000,22150.0,22.759999999999998,22.788333333333334,23.99229166666667,-0.10553517872752138,-0.026408961685673648,-0.07912621704184773
2026-01-09 13:30:00,22.5,22.5,22.5,22.5,1000,22500.0,22.75,22.785000000000004,23.97375,-0.10328103269709032,-0.04178337588795699,-0.061497656809133334
2026-01-09 13:31:00,22.0,22.0,22.0,22.0,150,3300.0,22.6575,22.773333333333333,23.955,-0.14022401193025402,-0.0614715030964164,-0.07875250883383762
2026-01-09 13:32:00,22.0,22.0,22.0,22.0,1000,22000.0,22.607499999999998,22.761666666666667,23.935000000000002,-0.1675699470909393,-0.082691191895321,-0.08487875519561831
2026-01-09 13:39:00,22.5,22.5,22.5,22.5,1,22.5,22.595,22.76,23.917083333333334,-0.14719915615311407,-0.09559278474687963,-0.05160637140623445
2026-01-09 14:08:00,22.0,22.0,22.0,22.0,1000,22000.0,22.557499999999997,22.740833333333335,23.897916666666667,-0.16944769138811822,-0.11036376607512736,-0.05908392531299085
2026-01-09 14:09:00,21.85,22.05,21.85,22.05,4000,87600.0,22.517500000000002,22.7225,23.878124999999997,-0.18095924815186137,-0.12448286249047417,-0.0564763856613872
2026-01-09 14:10:00,22.0,22.0,21.5,21.5,5000,108000.0,22.44,22.695,23.856041666666666,-0.23179070432685123,-0.1459444308577496,-0.08584627346910162
2026-01-09 14:26:00,22.0,22.0,22.0,22.0,1000,22000.0,22.405,22.675833333333333,23.836041666666667,-0.2290883898847298,-0.16257322266314567,-0.06651516722158413
2026-01-09 14:47:00,22.0,22.0,22.0,22.0,1000,22000.0,22.365000000000002,22.654166666666665,23.817291666666666,-0.2243604980581715,-0.17493067774215085,-0.04942982031602064
2026-01-12 09:01:00,22.0,22.0,22.0,22.0,3000,66000.0,22.330000000000002,22.634999999999998,23.798541666666665,-0.21809949451248656,-0.183564441096218,-0.03453505341626856
2026-01-12 09:02:00,22.2,22.3,22.2,22.3,6000,133500.0,22.310000000000002,22.618333333333332,23.779166666666665,-0.18677706159762764,-0.18420696519649996,-0.0025700964011276806
2026-01-12 09:03:00,23.0,23.0,23.0,23.0,3000,69000.0,22.325,22.621666666666666,23.763333333333332,-0.10426772456635547,-0.16821911707047107,0.0639513925041156
2026-01-12 09:04:00,23.15,23.35,23.15,23.35,5250,122137.0,22.3625,22.620833333333337,23.750208333333333,-0.010515192994088096,-0.1366783322551945,0.1261631392611064
2026-01-12 09:05:00,23.65,23.65,23.65,23.65,3000,70950.0,22.415,22.625,23.741666666666667,0.08698910032314089,-0.09194484573952741,0.1789339460626683
2026-01-12 09:06:00,23.3,23.3,23.3,23.3,1000,23300.0,22.43,22.636666666666667,23.731875,0.1344697962232715,-0.046661917346967625,0.1811317135702391
2026-01-12 09:15:00,23.3,23.3,23.3,23.3,2000,46600.0,22.445,22.648333333333333,23.723958333333332,0.17013735231342864,-0.003302063414888362,0.173439415728317
2026-01-12 09:16:00,24.15,24.15,24.15,24.15,10,241.0,22.5025,22.674166666666668,23.720416666666665,0.2639493993662434,0.050148229141338006,0.21380117022490538
2026-01-12 09:18:00,24.15,24.15,24.15,24.15,300,7245.0,22.6025,22.7,23.716458333333332,0.33444089606726735,0.1070067625265239,0.22743413354074343
2026-01-12 09:32:00,24.15,24.15,24.15,24.15,3000,72450.0,22.702499999999997,22.7125,23.7125,0.38585798441060604,0.16277700690334035,0.2230809775072657
2026-01-12 09:33:00,24.15,24.15,24.15,24.15,200,4830.0,22.802500000000002,22.73,23.706875,0.4217447859968644,0.2145705627220452,0.20717422327481919
2026-01-12 09:40:00,24.15,24.15,24.15,24.15,1100,26565.0,22.884999999999998,22.747500000000002,23.70125,0.4450550175986727,0.2606674536973707,0.184387563901302
2026-01-12 09:41:00,23.8,23.8,23.8,23.8,1000,23800.0,22.975,22.7675,23.694166666666668,0.4303259395932635,0.29459915087654925,0.13572678871671423
2026-01-12 09:43:00,24.15,24.15,24.15,24.15,10,241.0,23.0825,22.799166666666665,23.686458333333334,0.44180229227172774,0.32403977915558496,0.11776251311614278
2026-01-12 09:51:00,24.15,24.15,24.15,24.15,4000,96600.0,23.165,22.822499999999998,23.677916666666665,0.4457589527204142,0.3483836138685508,0.09737533885186339
2026-01-12 09:52:00,24.0,24.0,24.0,24.0,6000,144000.0,23.265,22.84333333333333,23.668749999999996,0.4318132142945075,0.3650695339537422,0.06674368034076528
2026-01-12 11:21:00,23.8,23.8,23.8,23.8,1000,23800.0,23.3525,22.871666666666666,23.66,0.4000117016896638,0.37205796750092657,0.027953734188737256
2026-01-12 11:22:00,24.1,24.1,24.1,24.1,100,2410.0,23.482499999999998,22.894166666666667,23.65666666666667,0.3944690727064959,0.37654018854204047,0.017928884164455428
2026-01-12 11:24:00,24.1,24.1,24.1,24.1,1100,26510.0,23.5875,22.927500000000002,23.650416666666665,0.3856311830734569,0.3783583874483238,0.0072727956251331105
2026-01-12 11:30:00,24.1,24.1,24.1,24.1,2000,48200.0,23.6925,22.96083333333333,23.648125,0.37431225321197203,0.3775491606010535,-0.003236907389081445
2026-01-12 11:34:00,24.1,24.1,24.1,24.1,500,12050.0,23.7975,22.991666666666667,23.647083333333335,0.3611784790673731,0.37427502429431747,-0.013096545226944367
2026-01-12 11:35:00,24.0,24.0,24.0,24.0,4000,96000.0,23.8825,23.013333333333332,23.644583333333333,0.3387952830387846,0.36717907604321093,-0.02838379300442634
2026-01-12 11:59:00,24.1,24.1,24.1,24.1,1000,24100.0,23.9375,23.03666666666667,23.6425,0.3253748840643773,0.35881823764744425,-0.03344335358306694
2026-01-12 12:01:00,24.05,24.1,24.05,24.1,2000,48150.0,23.975,23.060000000000002,23.639166666666664,0.31115235057657387,0.3492850602332702,-0.03813270965669635
2026-01-12 12:17:00,24.2,24.2,24.2,24.2,1,24.0,24.002499999999998,23.084999999999997,23.63625,0.3044406522533478,0.34031617863728575,-0.03587552638393793
2026-01-12 14:03:00,23.45,23.45,23.45,23.45,4000,93800.0,24.01,23.095833333333335,23.629374999999996,0.23588373017955533,0.3194296889457397,-0.08354595876618437
2026-01-12 14:15:00,23.45,24.0,23.45,24.0,3000,71505.0,24.045,23.115833333333335,23.624791666666667,0.2233575521424882,0.30021526158508943,-0.07685770944260123
2026-01-12 14:33:00,24.2,24.2,24.2,24.2,1,24.0,24.0475,23.139166666666664,23.62458333333333,0.22695262573575192,0.28556273441522195,-0.05861010867947003
2026-01-12 14:37:00,24.2,24.2,24.2,24.2,1100,26620.0,24.05,23.1625,23.620833333333334,0.2271829241266481,0.2738867723575072,-0.0467038482308591
2026-01-12 14:41:00,23.3,23.3,23.3,23.3,500,11650.0,24.0075,23.170833333333334,23.616874999999997,0.15297950635169144,0.24970531915634403,-0.09672581280465259
2026-01-12 14:58:00,24.0,24.0,24.0,24.0,100,2400.0,24.0,23.1875,23.61583333333333,0.14894002511658755,0.22955226034839277,-0.08061223523180522
2026-01-13 09:01:00,24.2,24.2,24.2,24.2,3000,72600.0,24.0025,23.2125,23.612083333333334,0.1600322831219465,0.21564826490310354,-0.05561598178115704
2026-01-13 09:02:00,24.3,24.3,24.3,24.3,1500,36450.0,24.0275,23.220000000000002,23.608749999999997,0.17487627690823615,0.20749386730413008,-0.03261759039589393
2026-01-13 09:04:00,24.3,24.3,24.3,24.3,1000,24300.0,24.035000000000004,23.241666666666667,23.60958333333333,0.1845132945253205,0.20289775274836816,-0.018384458223047656
2026-01-13 09:07:00,24.0,24.0,24.0,24.0,1000,24000.0,24.0275,23.2625,23.609166666666667,0.16602932491448286,0.19552406718159113,-0.02949474226710827
2026-01-13 09:12:00,24.4,24.4,24.4,24.4,3000,73200.0,24.0475,23.290000000000003,23.60625,0.18156434217192796,0.19273212217965852,-0.011167780007730554
2026-01-13 09:16:00,25.25,25.25,25.25,25.25,10,252.0,24.119999999999997,23.33,23.606875000000002,0.2594728104827766,0.20608025984028217,0.05339255064249443
2026-01-13 09:24:00,25.25,25.25,24.5,24.5,12000,300000.0,24.14,23.354166666666668,23.604375,0.2577261937977404,0.21640944663177386,0.04131674716596656
2026-01-13 09:27:00,24.5,24.5,24.5,24.5,1000,24500.0,24.16,23.384166666666665,23.601875,0.25342071128043386,0.2238116995615059,0.029609011718927963
2026-01-13 09:31:00,25.1,25.1,25.1,25.1,10,251.0,24.21,23.4225,23.600833333333334,0.2950227325414545,0.23805390615749564,0.056968826383958865
2026-01-13 09:32:00,25.1,25.1,25.1,25.1,50,1255.0,24.259999999999998,23.4625,23.597083333333334,0.3242548263209848,0.2552940901901935,0.06896073613079129
2026-01-13 09:33:00,25.1,25.1,25.1,25.1,100,2510.0,24.315,23.5025,23.59333333333333,0.3434622522015758,0.27292772259246995,0.07053452960910583
2026-01-13 09:35:00,25.1,25.1,25.1,25.1,50,1255.0,24.365,23.5425,23.589583333333334,0.3545967055017343,0.2892615191743228,0.06533518632741148
2026-01-13 09:37:00,25.1,25.1,25.1,25.1,100,2510.0,24.415,23.584166666666665,23.585833333333333,0.35927929192776986,0.3032650737250122,0.05601421820275765
2026-01-13 09:41:00,25.1,25.1,25.1,25.1,2000,50200.0,24.46,23.625833333333333,23.582083333333333,0.3588536340914388,0.31438278579829754,0.04447084829314124
2026-01-13 09:53:00,25.25,25.25,25.25,25.25,10,252.0,24.55,23.663333333333334,23.579374999999995,0.36639645334683024,0.3247855193080041,0.04161093403882615
2026-01-13 09:55:00,25.25,25.25,25.25,25.25,500,12625.0,24.6125,23.700833333333332,23.575625,0.36813061141476666,0.3334545377293566,0.034676073685410036
2026-01-13 09:58:00,25.25,25.25,25.1,25.1,4000,100550.0,24.6575,23.735833333333336,23.575208333333332,0.3533282496569967,0.33742928011488466,0.015898969542112062
2026-01-13 10:00:00,25.3,25.3,25.3,25.3,1,25.0,24.7125,23.788333333333334,23.57229166666667,0.35365884087632793,0.34067519226717335,0.012983648609154574
2026-01-13 10:02:00,25.3,25.3,25.2,25.3,2300,58090.0,24.8125,23.840833333333332,23.569374999999997,0.3498875509099797,0.34251766399573463,0.007369886914245061
2026-01-13 10:11:00,25.3,25.3,25.3,25.3,70,1771.0,24.8775,23.89333333333333,23.566458333333333,0.34294551403138485,0.3426032340028647,0.0003422800285201588
2026-01-13 10:18:00,25.3,25.3,25.3,25.3,1000,25300.0,24.9325,23.939999999999998,23.563541666666666,0.3335983852628992,0.34080226425487165,-0.0072038789919724455
2026-01-13 10:19:00,25.2,25.2,25.2,25.2,1000,25200.0,24.9775,23.993333333333332,23.560208333333332,0.31449623725040254,0.33554105885397784,-0.021044821603575292
2026-01-13 10:27:00,24.85,24.85,24.85,24.85,10,248.0,25.005,24.040833333333335,23.555416666666666,0.2680259362463069,0.32203803433244366,-0.05401209808613677
2026-01-13 10:29:00,24.85,24.85,24.85,24.85,1000,24850.0,25.0475,24.08,23.550625000000004,0.22856315413487494,0.30334305829292996,-0.07477990415805502
2026-01-13 10:34:00,24.85,24.85,24.85,24.85,1000,24850.0,25.07,24.127499999999998,23.545833333333334,0.19504031169276104,0.2816825089728962,-0.08664219728013517
2026-01-13 10:35:00,24.5,24.5,24.5,24.5,2000,49000.0,25.032500000000002,24.168333333333333,23.543333333333333,0.13863306691113308,0.2530726205605436,-0.1144395536494105
2026-01-13 10:36:00,24.45,24.55,24.25,24.5,6100,148552.0,25.032500000000002,24.21833333333333,23.53708333333333,0.09285949260175386,0.22102999496878561,-0.12817050236703176
2026-01-13 10:37:00,24.25,24.25,23.8,24.1,10000,239800.0,25.0125,24.253333333333334,23.529166666666665,0.024029945862473312,0.18162998514752315,-0.15760003928504984
2026-01-13 10:38:00,23.85,23.85,23.85,23.85,100,2385.0,24.95,24.284166666666668,23.52375,-0.050113202675284185,0.1352813475829617,-0.1853945502582459
2026-01-13 10:47:00,24.0,24.0,24.0,24.0,50,1200.0,24.895000000000003,24.3175,23.519583333333333,-0.09566566147067945,0.08909194577223346,-0.1847576072429129
2026-01-13 10:48:00,23.4,23.4,23.4,23.4,100,2340.0,24.81,24.335833333333333,23.51125,-0.1781279507095661,0.03564796647587354,-0.21377591718543965
2026-01-13 10:49:00,23.4,23.4,23.4,23.4,1000,23400.0,24.725,24.342499999999998,23.504583333333333,-0.24070520922197147,-0.01962266866369548,-0.221082540558276
2026-01-13 10:57:00,24.0,24.0,24.0,24.0,50,1200.0,24.67,24.35333333333333,23.500833333333333,-0.23912664869212463,-0.06352346466938133,-0.1756031840227433
2026-01-13 10:58:00,24.0,24.0,24.0,24.0,1000,24000.0,24.615000000000002,24.359166666666667,23.495625,-0.23516479473065388,-0.09785173068163586,-0.13731306404901802
2026-01-13 13:50:00,24.0,24.0,24.0,24.0,1,24.0,24.552500000000002,24.370833333333334,23.491875,-0.22938083741348692,-0.12415755202800609,-0.10522328538548083
2026-01-13 14:13:00,23.4,23.4,23.4,23.4,170,3978.0,24.46,24.3725,23.484375,-0.27009846814888405,-0.1533457352521817,-0.11675273289670235
2026-01-13 14:16:00,23.4,23.4,23.4,23.4,10,234.0,24.375,24.360000000000003,23.476875,-0.29892170056950107,-0.1824609283156456,-0.11646077225385548
2026-01-13 14:53:00,24.0,24.0,24.0,24.0,4,96.0,24.31,24.3575,23.475208333333335,-0.2702342422031023,-0.20001559109313696,-0.07021865110996536
2026-01-13 14:54:00,23.4,24.0,23.4,24.0,3104,72861.0,24.244999999999997,24.355000000000004,23.470208333333336,-0.24467872077982022,-0.20894821703047362,-0.03573050374934661
2026-01-14 09:01:00,23.2,23.2,23.2,23.2,1000,23200.0,24.14,24.339166666666664,23.465208333333333,-0.28568589093788077,-0.22429575181195507,-0.0613901391259257
2026-01-14 09:02:00,23.2,23.2,23.2,23.2,650,15080.0,24.035,24.32333333333333,23.456875,-0.3145583360367823,-0.24234826865692055,-0.07221006737986174
2026-01-14 09:06:00,23.2,23.2,23.2,23.2,1000,23200.0,23.935,24.313333333333333,23.451875000000005,-0.33359448719931706,-0.2605975123653999,-0.07299697483391715
2026-01-14 09:09:00,23.6,23.6,23.6,23.6,1100,25960.0,23.872500000000002,24.304166666666667,23.44520833333333,-0.31279837215914696,-0.2710376843241493,-0.041760687834997645
2026-01-14 09:10:00,23.1,23.1,23.1,23.1,40,924.0,23.785,24.28666666666667,23.439791666666668,-0.3328265057070574,-0.28339544860073096,-0.04943105710632645
2026-01-14 09:13:00,23.6,23.6,23.6,23.6,1000,23600.0,23.7225,24.279999999999998,23.436458333333334,-0.30483912879208575,-0.2876841846390019,-0.01715494415308383
2026-01-14 09:36:00,24.0,24.0,24.0,24.0,1,24.0,23.697499999999998,24.283333333333335,23.43145833333333,-0.24752891464170546,-0.2796531306395426,0.03212421599783716
2026-01-14 09:37:00,23.7,23.7,23.7,23.7,50,1185.0,23.6575,24.276666666666664,23.426875000000003,-0.22373853130859445,-0.268470210773353,0.044731679464758534
2026-01-14 09:38:00,23.45,23.6,23.3,23.4,9100,212960.0,23.6225,24.265,23.423541666666665,-0.22648123916660623,-0.26007241645200363,0.0335911772853974
2026-01-14 09:39:00,23.0,23.4,23.0,23.4,1050,24170.0,23.6,24.253333333333334,23.416874999999997,-0.22604910157197722,-0.25326775347599834,0.02721865190402112
2026-01-14 09:44:00,23.4,23.4,23.4,23.4,1000,23400.0,23.57,24.241666666666667,23.410208333333333,-0.22313447409388587,-0.24724109759957585,0.024106623505689984
2026-01-14 09:47:00,23.4,23.4,23.1,23.1,1100,25440.0,23.555,24.226666666666667,23.402291666666663,-0.24223971496895302,-0.24624082107345133,0.004001106104498303
2026-01-14 09:52:00,23.4,23.4,23.4,23.4,1000,23400.0,23.555,24.215,23.395625,-0.23051601804806765,-0.2430958604683746,0.012579842420306964
2026-01-14 10:59:00,23.1,23.1,23.1,23.1,1000,23100.0,23.509999999999998,24.19833333333333,23.38770833333333,-0.2426354461807243,-0.2430037776108446,0.0003683314301203
2026-01-14 11:08:00,23.6,23.6,23.6,23.6,100,2360.0,23.49,24.188333333333336,23.381874999999997,-0.20947960843644609,-0.23629894377596491,0.02681933533951883
2026-01-14 11:09:00,23.3,23.3,23.3,23.3,1000,23300.0,23.455,24.185833333333335,23.374791666666667,-0.205047204409599,-0.23004859590269175,0.025001391493092745
2026-01-14 12:28:00,23.1,23.1,23.1,23.1,1000,23100.0,23.44,24.170833333333334,23.366874999999997,-0.21519221886823203,-0.22707732049579982,0.011885101627567785
2026-01-14 12:29:00,23.3,23.3,23.2,23.2,4000,92900.0,23.43,24.154166666666665,23.359375,-0.21271105106381327,-0.22420406660940254,0.011493015545589264
2026-01-14 12:42:00,23.1,23.1,23.1,23.1,1000,23100.0,23.385,24.13583333333333,23.35145833333333,-0.21632026658954118,-0.2226273066054303,0.006307040015889109
2026-01-14 13:30:00,24.0,24.0,24.0,24.0,1,24.0,23.385,24.147499999999997,23.350624999999997,-0.1448879395331808,-0.2070794331909804,0.06219149365779961
2026-01-14 13:50:00,23.1,23.1,23.1,23.1,20,462.0,23.38,24.1325,23.342708333333334,-0.15906616831200893,-0.19747678021518614,0.03841061190317721
2026-01-14 13:55:00,24.0,24.0,24.0,24.0,1,24.0,23.419999999999998,24.129166666666666,23.338541666666668,-0.09656687555112597,-0.17729479928237413,0.08072792373124815
2026-01-14 14:35:00,23.1,24.0,23.1,24.0,501,11574.0,23.46,24.124166666666667,23.333750000000002,-0.04649971597434899,-0.1511357826207691,0.10463606664642011
2026-01-14 14:38:00,23.1,23.1,23.1,23.1,300,6930.0,23.435,24.104166666666668,23.328958333333333,-0.07853826940024788,-0.13661627997666487,0.05807801057641698
2026-01-15 10:04:00,23.1,23.1,23.1,23.1,2000,46200.0,23.435000000000002,24.089166666666667,23.320416666666667,-0.1027446771339271,-0.12984195940811732,0.027097282274190226
2026-01-15 12:00:00,23.1,23.2,23.1,23.2,4000,92700.0,23.415,24.069166666666664,23.316041666666663,-0.11256172390949715,-0.1263859123083933,0.013824188398896153
2026-01-15 13:11:00,23.0,23.0,23.0,23.0,1000,23000.0,23.365000000000002,24.031666666666663,23.30708333333333,-0.13492480358938863,-0.12809369056459236,-0.006831113024796276
2026-01-15 13:12:00,23.0,23.0,23.0,23.0,1000,23000.0,23.330000000000002,24.006666666666664,23.301875,-0.15090813036322004,-0.1326565785243179,-0.018251551838902147
2026-01-15 13:17:00,23.2,23.2,23.2,23.2,3000,69600.0,23.32,23.985,23.294375,-0.14575651310211057,-0.13527656543987643,-0.010479947662234146
2026-01-16 09:38:00,23.0,23.0,23.0,23.0,1000,23000.0,23.3,23.95,23.289375,-0.15601371880235604,-0.13942399611237236,-0.016589722689983682
2026-01-16 09:39:00,23.0,23.0,22.8,22.8,6000,137800.0,23.270000000000003,23.911666666666665,23.280208333333334,-0.17822647291163562,-0.147184491472225,-0.031041981439410615
2026-01-16 09:41:00,22.9,22.9,22.9,22.9,2850,65265.0,23.259999999999998,23.875,23.27354166666667,-0.18562134894698445,-0.15487186296717692,-0.030749485979807534
2026-01-16 09:42:00,23.0,23.0,22.95,22.95,2000,45950.0,23.2375,23.839166666666667,23.266666666666666,-0.18531110824593355,-0.16095971202292825,-0.024351396223005306
2026-01-16 10:04:00,22.8,22.8,22.8,22.8,1000,22800.0,23.2225,23.800833333333333,23.259583333333335,-0.19492204663404777,-0.16775217894515218,-0.027169867688895594
2026-01-16 11:08:00,22.7,22.7,22.7,22.7,1000,22700.0,23.177500000000002,23.760833333333334,23.25,-0.2082078582300504,-0.17584331480213183,-0.03236454342791856
2026-01-16 11:18:00,23.1,23.1,23.1,23.1,1000,23100.0,23.1675,23.725,23.24208333333333,-0.18433539884537709,-0.1775417316107809,-0.006793667234596179
2026-01-16 11:38:00,22.7,22.7,22.7,22.7,1000,22700.0,23.1475,23.6825,23.2325,-0.19544004862837738,-0.18112139501430022,-0.014318653614077165
2026-01-16 11:39:00,22.7,22.9,22.7,22.8,5000,114000.0,23.1275,23.644166666666663,23.223333333333333,-0.1939358278187271,-0.18368428157518563,-0.010251546243541465
2026-01-16 11:40:00,22.6,22.6,22.6,22.6,1000,22600.0,23.1025,23.59916666666667,23.21333333333333,-0.20650162829186058,-0.18824775091852064,-0.018253877373339944
2026-01-16 12:03:00,23.1,23.1,23.1,23.1,1000,23100.0,23.057499999999997,23.5625,23.205416666666668,-0.17410729386720192,-0.18541965950825692,0.011312365641055006
2026-01-16 12:20:00,23.1,23.2,22.75,22.75,4000,92150.0,23.04,23.52,23.199375,-0.1746632165388533,-0.18326837091437623,0.008605154375522922
2026-01-16 12:29:00,23.2,23.2,23.2,23.2,1,23.0,23.0,23.485000000000003,23.195208333333333,-0.13721086858600273,-0.17405687044870155,0.03684600186269882
2026-01-16 13:07:00,22.5,22.8,22.5,22.8,6000,135900.0,22.94,23.445,23.190208333333334,-0.13821303621740455,-0.16688810360244216,0.02867506738503761
2026-01-16 14:02:00,22.5,22.5,22.5,22.5,1000,22500.0,22.91,23.40583333333333,23.183125000000004,-0.1613547568834015,-0.16578143425863404,0.0044266773752325295
2026-01-16 14:30:00,23.1,23.1,23.1,23.1,1,23.0,22.91,23.376666666666665,23.179375,-0.12978368610167834,-0.1585818846272429,0.02879819852556456
2026-01-19 09:46:00,22.5,22.5,22.5,22.5,10,225.0,22.875,23.3375,23.172708333333333,-0.15143274818321828,-0.15715205733843798,0.005719309155219704
2026-01-19 09:59:00,22.6,22.6,22.6,22.6,500,11300.0,22.854999999999997,23.305833333333336,23.167708333333334,-0.15869132675783248,-0.1574599112223169,-0.0012314155355155898
2026-01-19 11:22:00,22.6,22.6,22.6,22.6,3000,67800.0,22.835,23.274166666666666,23.162916666666664,-0.16256979912531833,-0.1584818888029172,-0.004087910322401134
2026-01-19 11:24:00,22.6,22.7,22.6,22.6,9000,204000.0,22.805,23.249166666666667,23.16125,-0.16375584101864504,-0.15953667924606277,-0.004219161772582275
2026-01-19 12:07:00,22.5,22.5,22.5,22.5,2,45.0,22.78,23.22666666666667,23.161458333333332,-0.17079612066705252,-0.16178856753026072,-0.009007553136791802
2026-01-19 12:09:00,22.9,22.9,22.9,22.9,100,2290.0,22.785,23.208333333333332,23.165,-0.14245678283412744,-0.15792221059103406,0.015465427756906625
2026-01-19 12:11:00,23.1,23.1,23.1,23.1,1000,23100.0,22.795,23.203333333333333,23.16875,-0.10267574284726066,-0.1468729170422794,0.04419717419501873
2026-01-19 12:13:00,23.1,23.1,23.1,23.1,100,2310.0,22.802500000000002,23.198333333333334,23.171458333333337,-0.07033816744048593,-0.1315659671219207,0.06122779968143477
2026-01-19 12:25:00,22.5,22.5,22.5,22.5,1000,22500.0,22.7875,23.173333333333336,23.169791666666672,-0.09206413351847331,-0.12366560040123123,0.03160146688275792
2026-01-19 12:26:00,23.1,23.1,23.1,23.1,1,23.0,22.8075,23.158333333333335,23.174375,-0.060173490035204225,-0.11096717832802584,0.05079368829282162
2026-01-19 13:04:00,22.5,22.5,22.5,22.5,1000,22500.0,22.7775,23.133333333333333,23.175625,-0.08236545323167732,-0.10524683330875614,0.022881380077078822
2026-01-19 13:16:00,22.5,22.5,22.5,22.5,60,1350.0,22.767500000000002,23.118333333333332,23.176875,-0.0988136813402356,-0.10396020291505205,0.0051465215748164456
2026-01-19 13:36:00,23.1,23.1,23.1,23.1,1,23.0,22.782500000000002,23.113333333333333,23.181458333333335,-0.06271114004248801,-0.09571039034053926,0.032999250298051244
2026-01-19 14:33:00,22.5,22.5,22.5,22.5,300,6750.0,22.7775,23.08833333333333,23.182708333333334,-0.08157426421043823,-0.09288316511451906,0.011308900904080835
2026-01-19 14:39:00,22.5,22.5,22.5,22.5,1000,22500.0,22.747500000000002,23.063333333333333,23.180625000000003,-0.09542344395216062,-0.09339122088204739,-0.0020322230701132343
2026-01-19 15:00:00,23.1,23.1,23.1,23.1,1,23.0,22.765,23.061666666666667,23.181041666666665,-0.05732324638282904,-0.08617762598220373,0.028854379599374688
2026-01-20 10:24:00,23.1,23.1,22.5,22.5,202,4558.0,22.73,23.05,23.183333333333334,-0.074682655735824,-0.08387863193292779,0.009195976197103786
2026-01-20 10:37:00,22.5,22.5,22.5,22.5,1000,22500.0,22.715,23.038333333333334,23.18125,-0.08743224818349304,-0.08458935518304085,-0.002842893000452193
2026-01-20 10:39:00,23.1,23.1,23.1,23.1,1,23.0,22.745,23.030000000000005,23.18166666666667,-0.0485616183555031,-0.0773838078175333,0.028822189462030204
2026-01-20 12:02:00,23.1,23.1,23.1,23.1,10,231.0,22.744999999999997,23.029999999999998,23.182083333333335,-0.017554012440633926,-0.06541784874215342,0.0478638363015195
2026-01-20 12:49:00,22.5,22.5,22.5,22.5,105,2362.0,22.744999999999997,23.011666666666667,23.180416666666666,-0.04092350624020469,-0.06051898024176367,0.019595474001558984
2026-01-20 14:38:00,22.5,23.0,22.5,22.65,2043,46139.0,22.747500000000002,22.98916666666667,23.178541666666668,-0.046800761994962414,-0.05777533659240342,0.010974574597441007
2026-01-21 09:41:00,23.1,23.1,23.1,23.1,10,231.0,22.7725,22.979166666666668,23.178541666666668,-0.014974671637631332,-0.04921520360144901,0.034240531963817676
2026-01-21 10:21:00,23.1,23.1,23.1,23.1,200,4620.0,22.7975,22.97416666666667,23.178541666666668,0.010130950968679997,-0.03734597268742321,0.047476923656103204
2026-01-21 10:41:00,22.5,22.5,22.5,22.5,1000,22500.0,22.7975,22.95916666666667,23.176875,-0.01817810198613401,-0.03351239854716537,0.015334296561031358
2026-01-21 11:03:00,22.5,22.5,22.5,22.5,50,1125.0,22.7775,22.944166666666668,23.175208333333334,-0.04015040157197092,-0.03483999915212648,-0.005310402419844436
2026-01-21 11:10:00,23.1,23.1,23.1,23.1,20,462.0,22.7775,22.944166666666668,23.176041666666666,-0.009044363907630526,-0.02968087210322729,0.020636508195596762
2026-01-21 12:40:00,22.5,22.5,22.5,22.5,600,13500.0,22.747500000000002,22.929166666666667,23.176041666666666,-0.032433714866826335,-0.0302314406559471,-0.002202274210879235
2026-01-21 13:23:00,22.5,22.5,22.5,22.5,4000,90000.0,22.747500000000002,22.91916666666667,23.17479166666667,-0.05038908995033253,-0.034262970514824194,-0.01612611943550834
2026-01-21 13:24:00,22.6,22.6,22.6,22.6,3000,67800.0,22.7225,22.902499999999996,23.175416666666663,-0.05590524889096571,-0.0385914261900525,-0.01731382270091321
2026-01-21 13:44:00,22.5,22.6,22.5,22.6,5000,112700.0,22.7275,22.890833333333333,23.176041666666666,-0.05958992898529658,-0.04279112674910132,-0.01679880223619526
2026-01-21 14:23:00,22.4,22.4,22.4,22.4,3000,67200.0,22.7225,22.879166666666666,23.174791666666668,-0.07775211505367352,-0.04978332441001577,-0.027968790643657752
2026-01-21 14:41:00,23.0,23.0,23.0,23.0,1,23.0,22.717499999999998,22.875833333333333,23.176041666666666,-0.04323243616076766,-0.048473146760166154,0.005240710599398492
2026-01-22 09:09:00,22.4,22.4,22.4,22.4,1000,22400.0,22.7125,22.86416666666667,23.177708333333335,-0.0635576742228956,-0.05149005225271205,-0.012067621970183552
2026-01-22 09:33:00,22.6,22.6,22.6,22.6,3000,67800.0,22.717499999999998,22.840833333333332,23.180208333333333,-0.06280328610379016,-0.053752699022927675,-0.009050587080862482
2026-01-22 09:41:00,23.0,23.0,23.0,23.0,40,920.0,22.7125,22.839166666666664,23.1825,-0.02958770240814701,-0.04891969969997154,0.019331997291824533
2026-01-22 11:03:00,23.0,23.0,23.0,23.0,2000,46000.0,22.7375,22.822499999999998,23.184791666666666,-0.00322691515478013,-0.03978114279093326,0.03655422763615313
2026-01-22 11:04:00,23.0,23.2,23.0,23.2,16960,391130.0,22.7725,22.809166666666666,23.186875,0.0334173132078881,-0.025141451591168987,0.058558764799057084
2026-01-22 11:05:00,23.5,23.5,23.2,23.2,5000,116900.0,22.7775,22.810833333333335,23.192500000000003,0.06174635465205469,-0.0077638903425242475,0.06951024499457895
2026-01-22 11:34:00,24.1,24.1,24.1,24.1,1,24.0,22.8275,22.827499999999997,23.201874999999998,0.15503268222623134,0.024795424171226883,0.13023725805500447
2026-01-22 11:37:00,24.1,24.1,24.1,24.1,2,48.0,22.907500000000002,22.842500000000005,23.208750000000002,0.22635350659658826,0.06510704065629917,0.16124646594028907
2026-01-22 11:44:00,24.1,24.1,24.1,24.1,1000,24100.0,22.98,22.860833333333336,23.218333333333337,0.2796521182075935,0.10801605616655807,0.17163606204103543
2026-01-22 11:49:00,24.1,24.1,24.0,24.0,2997,72127.0,23.025000000000002,22.8775,23.227083333333336,0.3102461629944706,0.1484620775321406,0.16178408546233
2026-01-22 11:52:00,24.0,24.0,24.0,24.0,2000,48000.0,23.07,22.890833333333333,23.232708333333335,0.3306802873945074,0.18490571950461399,0.1457745678898934
2026-01-22 12:31:00,24.2,24.2,24.2,24.2,1,24.0,23.155,22.910833333333336,23.242916666666666,0.35887590864930274,0.21969975733355177,0.13917615131575098
2026-01-22 12:44:00,24.2,24.2,24.2,24.2,2000,48400.0,23.240000000000002,22.93416666666667,23.252083333333335,0.3768767411577656,0.25113515409839454,0.12574158705937105
2026-01-22 12:45:00,24.2,24.2,24.2,24.2,2000,48400.0,23.294999999999998,22.955833333333334,23.261666666666667,0.3866850658734293,0.2782451364534015,0.10843992942002784
2026-01-22 12:47:00,24.0,24.0,24.0,24.0,1000,24000.0,23.369999999999997,22.973333333333336,23.27145833333333,0.37400856739284194,0.2973978226412896,0.07661074475155233
2026-01-22 12:48:00,24.2,24.2,24.2,24.2,500,12100.0,23.455,22.996666666666666,23.280624999999997,0.3757690478722324,0.3130720676874782,0.06269698018475423
2026-01-22 12:49:00,24.25,24.3,24.1,24.15,8000,193550.0,23.532500000000002,23.020833333333332,23.289583333333333,0.3688774693546968,0.32423314802092196,0.04464432133377483
2026-01-22 13:03:00,24.95,24.95,24.95,24.95,1,24.0,23.65,23.05166666666667,23.301875,0.42309201644944494,0.3440049217066266,0.07908709474281833
2026-01-22 13:04:00,24.0,24.0,24.0,24.0,100,2400.0,23.73,23.073333333333334,23.310625,0.3849627639857971,0.35219649016246074,0.032766273823336356
2026-01-22 13:05:00,24.95,24.95,24.95,24.95,30,748.0,23.8275,23.10916666666667,23.322916666666668,0.4264858537765477,0.36705436288527815,0.059431490891269534
2026-01-22 13:13:00,24.95,24.95,24.95,24.95,1,24.0,23.955,23.14833333333333,23.335208333333334,0.45415795143281557,0.3844750805947857,0.06968287083802988
2026-01-22 13:14:00,24.95,24.95,24.95,24.95,1003,25024.0,24.072499999999998,23.179166666666667,23.344583333333336,0.4706627806343633,0.40171262060270124,0.06895016003166204
2026-01-22 13:21:00,24.95,24.95,24.15,24.15,3000,73250.0,24.130000000000003,23.2025,23.351041666666667,0.41441257239472407,0.4042526109611058,0.010159961433618248
2026-01-22 13:25:00,24.95,24.95,24.95,24.95,10,249.0,24.2275,23.23166666666667,23.360416666666666,0.4294369098435027,0.4092894707375852,0.020147439105917486
2026-01-22 13:34:00,24.95,24.95,24.95,24.95,200,4990.0,24.315,23.2675,23.369791666666668,0.43631424647894335,0.41469442588585687,0.02161982059308648
2026-01-22 13:41:00,24.0,24.0,24.0,24.0,100,2400.0,24.354999999999997,23.2925,23.375208333333333,0.3609467552790342,0.40394489176449233,-0.04299813648545814
2026-01-22 13:52:00,24.95,24.95,24.95,24.95,10,249.0,24.3975,23.323333333333334,23.385,0.3735682735095409,0.3978695681135021,-0.024301294603961188
2026-01-22 14:10:00,24.0,24.0,24.0,24.0,100,2400.0,24.3925,23.348333333333336,23.388541666666672,0.30341626330826443,0.37897890715245464,-0.0755626438441902
2026-01-22 14:25:00,24.95,24.95,24.95,24.95,10,249.0,24.435,23.3875,23.39604166666667,0.32077960274249406,0.36733904627046254,-0.04655944352796848
2026-01-22 14:37:00,24.9,24.9,24.9,24.9,500,12450.0,24.479999999999997,23.425833333333333,23.403333333333332,0.32673914671241633,0.3592190663588533,-0.03247991964643698
2026-01-22 14:56:00,24.0,24.0,24.0,24.0,1000,24000.0,24.479999999999997,23.449166666666663,23.406875,0.25588991025908214,0.3385532351388991,-0.08266332487981698
2026-01-22 14:58:00,24.85,24.85,24.85,24.85,10,248.0,24.5125,23.488333333333333,23.413333333333338,0.2652713926929735,0.323896866649714,-0.058625473956740504
2026-01-23 09:02:00,24.85,24.85,24.85,24.85,1,24.0,24.544999999999998,23.520833333333332,23.420416666666664,0.26959852117887095,0.31303719755554543,-0.04343867637667448
2026-01-23 09:06:00,24.85,24.85,24.85,24.85,10,248.0,24.5775,23.55,23.426875,0.2699163737398571,0.3044130327924078,-0.03449665905255067
2026-01-23 09:09:00,24.85,24.85,24.85,24.85,100,2485.0,24.619999999999997,23.579166666666666,23.435416666666672,0.2670894334529983,0.2969483129245259,-0.0298588794715276
2026-01-23 09:30:00,24.85,24.85,24.85,24.85,1000,24850.0,24.6525,23.618333333333336,23.441458333333333,0.26183083996952305,0.28992481833352535,-0.028093978364002292
2026-01-23 09:53:00,23.75,23.75,23.75,23.75,1000,23750.0,24.6325,23.62916666666667,23.44291666666667,0.1669777443346696,0.2653354035337542,-0.09835765919908457
2026-01-23 09:54:00,23.75,23.75,23.7,23.7,5000,118600.0,24.57,23.649166666666666,23.447499999999998,0.08677115665112822,0.229622554157229,-0.14285139750610076
2026-01-23 09:55:00,23.65,23.65,23.65,23.65,2000,47300.0,24.552500000000002,23.668333333333337,23.451875000000005,0.018953788447202413,0.18748880101522367,-0.16853501256802125
2026-01-23 09:57:00,23.65,24.0,23.65,24.0,1010,23890.0,24.505000000000003,23.683333333333334,23.457708333333336,-0.006475246908550503,0.14869599143046885,-0.15517123833901936
2026-01-23 10:13:00,23.3,23.3,23.3,23.3,500,11650.0,24.4225,23.696666666666665,23.460625,-0.08216494415982467,0.10252380431241014,-0.18468874847223482
2026-01-23 10:14:00,24.0,24.0,23.3,24.0,520,12130.0,24.375,23.721666666666668,23.463125,-0.08468918053435814,0.06508120734305647,-0.14977038787741462
2026-01-23 10:38:00,24.0,24.0,24.0,24.0,20,480.0,24.3675,23.736666666666668,23.466875,-0.08570173973908624,0.034924617926627925,-0.12062635766571417
2026-01-23 11:13:00,24.0,24.0,24.0,24.0,310,7440.0,24.32,23.761666666666667,23.470625000000002,-0.08551839735260103,0.010836014870782128,-0.09635441222338316
2026-01-23 13:09:00,24.0,24.0,24.0,24.0,1000,24000.0,24.2725,23.78666666666667,23.476458333333333,-0.08440018440190755,-0.008211224983755813,-0.07618895941815174
2026-01-23 13:25:00,23.0,24.0,23.0,24.0,1010,23240.0,24.2725,23.801666666666666,23.48375,-0.08256226617099927,-0.023081433221204508,-0.059480832949794754
2026-01-23 13:39:00,23.0,23.0,23.0,23.0,200,4600.0,24.175,23.8,23.48479166666667,-0.1599535009909907,-0.05045584677516176,-0.10949765421582894
2026-01-23 14:00:00,24.0,24.0,24.0,24.0,10,240.0,24.175,23.825,23.490000000000002,-0.1389927476335373,-0.06816322694683688,-0.07082952068670043
2026-01-26 09:01:00,23.9,23.9,23.9,23.9,10,239.0,24.1225,23.845833333333335,23.497500000000002,-0.12896375001577454,-0.08032333156062442,-0.04864041845515012
2026-01-26 10:02:00,23.8,23.8,23.8,23.8,1000,23800.0,24.067500000000003,23.8575,23.501875000000002,-0.12761380886207974,-0.08978142702091549,-0.03783238184116425
2026-01-26 11:49:00,23.8,23.8,23.8,23.8,100,2380.0,24.057499999999997,23.869166666666665,23.508958333333336,-0.12510187423895758,-0.09684551646452391,-0.028256357774433666
2026-01-26 13:17:00,22.9,23.8,22.9,23.8,11,260.0,24.005,23.89083333333333,23.516041666666663,-0.12170817190757788,-0.10181804755313471,-0.019890124354443164
2026-01-26 13:30:00,23.8,23.8,23.8,23.8,200,4760.0,23.9525,23.9125,23.522499999999997,-0.11766230060057126,-0.10498689816262202,-0.012675402437949235
2026-01-27 09:01:00,23.8,23.9,23.8,23.9,3010,71639.0,23.904999999999998,23.925833333333333,23.5275,-0.10517436951273851,-0.10502439243264533,-0.00014997708009317767
2026-01-27 09:02:00,23.9,23.9,23.9,23.9,1000,23900.0,23.8575,23.949166666666667,23.532500000000002,-0.09419180960617268,-0.10285787586735082,0.008666066261178135
2026-01-27 09:08:00,23.5,23.9,23.5,23.9,1010,23739.0,23.81,23.9725,23.5375,-0.08451382894312331,-0.09918906648250533,0.014675237539382019
2026-01-27 09:09:00,23.5,23.9,23.5,23.9,2010,47239.0,23.817500000000003,23.99416666666667,23.542500000000004,-0.0759682449029242,-0.09454490216658912,0.01857665726366492
2026-01-27 09:10:00,23.9,24.0,23.45,24.0,10010,237590.0,23.832500000000003,24.0175,23.547500000000003,-0.06043004378991057,-0.08772193049125342,0.027291886701342846
2026-01-27 09:11:00,23.9,24.0,23.7,24.0,9020,214680.0,23.85,24.04416666666667,23.552500000000002,-0.04756757803139777,-0.07969105999928229,0.03212348196788452
2026-01-27 09:16:00,24.0,24.0,24.0,24.0,500,12000.0,23.85,24.060833333333335,23.5575,-0.036948066932492196,-0.07114246138592427,0.03419439445343207
2026-01-27 10:12:00,24.0,24.0,24.0,24.0,1000,24000.0,23.885,24.0875,23.5625,-0.028206876562322236,-0.06255534442120386,0.034348467858881626
2026-01-27 10:34:00,24.0,24.0,24.0,24.0,100,2400.0,23.885,24.110833333333336,23.567500000000003,-0.021036919701792556,-0.0542516594773216,0.033214739775529044
2026-01-27 13:05:00,23.1,23.1,23.1,23.1,100,2310.0,23.84,24.1125,23.56791666666667,-0.0869745669512163,-0.06079624097210055,-0.026178325979115756
2026-01-27 13:06:00,24.0,24.0,24.0,24.0,1,24.0,23.84,24.129166666666666,23.57333333333333,-0.06584908183949167,-0.061806809145578775,-0.004042272693912899
2026-01-27 13:15:00,23.1,23.1,23.1,23.1,1000,23100.0,23.795,24.1275,23.570208333333333,-0.12034223074809347,-0.07351389346608173,-0.046828337282011745
2026-01-27 13:17:00,23.1,23.1,23.1,23.1,10,231.0,23.75,24.125833333333333,23.570625000000003,-0.16166487185029865,-0.09114408914292513,-0.07052078270737352
2026-01-27 13:25:00,24.0,24.0,24.0,24.0,1,24.0,23.8,24.124166666666667,23.575833333333335,-0.12040295394632139,-0.09699586210360439,-0.023407091842717
2026-01-27 13:31:00,24.0,24.0,24.0,24.0,100,2400.0,23.8,24.1225,23.58104166666667,-0.08670312705350369,-0.09493731509358426,0.008234188040080567
2026-01-27 14:39:00,23.1,23.1,23.1,23.1,100,2310.0,23.759999999999998,24.105833333333337,23.582083333333333,-0.131106930746558,-0.102171238224179,-0.028935692522378986
2026-01-27 14:47:00,23.1,23.1,23.1,23.1,200,4620.0,23.725,24.090833333333332,23.582291666666666,-0.16440213955739225,-0.11461741849082167,-0.04978472106657057
2026-01-27 14:53:00,24.0,24.0,24.0,24.0,1,24.0,23.735000000000003,24.090833333333332,23.587708333333335,-0.11681972891565451,-0.11505788057578825,-0.0017618483398662566
2026-01-27 14:56:00,24.0,24.0,23.45,23.45,4000,95450.0,23.7175,24.078333333333333,23.590416666666666,-0.1220834273710949,-0.1164629899348496,-0.005620437436245296
2026-01-27 14:58:00,24.0,24.0,24.0,24.0,10,240.0,23.7275,24.075,23.595833333333335,-0.08094149963822161,-0.10935869187552402,0.028417192237302408
2026-01-28 09:01:00,24.0,24.0,24.0,24.0,10,240.0,23.7325,24.071666666666665,23.60125,-0.0477853853217205,-0.09704403056476332,0.049258645243042826
2026-01-28 09:09:00,23.45,23.45,23.45,23.45,20,469.0,23.71,24.0625,23.604375,-0.06513845375953764,-0.09066291520371819,0.025524461444180552
2026-01-28 09:11:00,24.0,24.0,24.0,24.0,10,240.0,23.715,24.05916666666667,23.610208333333333,-0.034117200213554355,-0.07935377220568543,0.045236571992131075
2026-01-28 09:28:00,23.45,23.45,23.45,23.45,2000,46900.0,23.6925,24.0475,23.61375,-0.05329864315942601,-0.07414274639643355,0.02084410323700754
2026-01-28 09:29:00,23.8,23.8,23.1,23.1,3010,69538.0,23.6475,24.016666666666666,23.61416666666667,-0.09563967517503613,-0.07844213215215406,-0.017197543022882067
2026-01-28 09:31:00,23.6,23.6,23.6,23.6,1100,25960.0,23.627499999999998,24.009999999999998,23.61666666666667,-0.08783689769239089,-0.08032108526020143,-0.0075158124321894615
2026-01-28 09:38:00,22.8,22.8,22.8,22.8,500,11400.0,23.5675,23.974166666666665,23.615833333333335,-0.1445402840214598,-0.09316492501245312,-0.05137535900900668
2026-01-28 09:39:00,22.8,23.6,22.8,23.6,5010,114236.0,23.5475,23.951666666666668,23.621875,-0.12350116750980078,-0.09923217351192266,-0.024268993997878116
2026-01-28 09:46:00,23.0,23.0,23.0,23.0,1000,23000.0,23.4975,23.91916666666667,23.62541666666667,-0.15347335636807458,-0.11008041008315306,-0.04339294628492152
2026-01-28 09:48:00,23.0,23.0,23.0,23.0,1000,23000.0,23.4925,23.9,23.628958333333333,-0.17520685639814104,-0.12310569934615068,-0.052101157051990366
2026-01-28 09:52:00,23.0,23.0,23.0,23.0,1000,23000.0,23.442500000000003,23.867500000000003,23.631041666666665,-0.19023786802969767,-0.1365321330828601,-0.05370573494683756
2026-01-28 09:57:00,22.8,22.8,22.8,22.8,3000,68400.0,23.427500000000002,23.831666666666667,23.634375,-0.21580076468655918,-0.15238585940359994,-0.06341490528295923
2026-01-28 09:58:00,23.2,23.2,23.2,23.2,10,232.0,23.4325,23.818333333333335,23.639374999999998,-0.20146057529023764,-0.1622008025809275,-0.03925977270931014
2026-01-28 10:10:00,23.0,23.0,23.0,23.0,1000,23000.0,23.3825,23.785833333333336,23.641458333333333,-0.2038839531103278,-0.17053743268680757,-0.03334652042352024
2026-01-28 10:36:00,23.0,23.0,22.8,22.8,5000,114400.0,23.3225,23.765833333333333,23.644791666666666,-0.21941356304788684,-0.18031265875902344,-0.0391009042888634
2026-01-28 10:38:00,22.5,22.5,22.5,22.5,180,4050.0,23.2925,23.725,23.64666666666667,-0.25301182082747786,-0.19485249117271436,-0.0581593296547635
2026-01-28 10:49:00,23.2,23.2,23.2,23.2,1000,23200.0,23.2975,23.69666666666667,23.653750000000002,-0.22061146073083293,-0.2000042850843381,-0.020607175646494835
2026-01-28 10:50:00,23.2,23.2,23.2,23.2,1000,23200.0,23.2575,23.683333333333337,23.65875,-0.19271247249863777,-0.19854592256719805,0.005833450068560286
2026-01-28 10:52:00,23.0,23.0,23.0,23.0,1000,23000.0,23.235,23.6525,23.662916666666668,-0.18461255325690828,-0.19575924870514014,0.011146695448231853
2026-01-28 11:03:00,23.0,23.0,23.0,23.0,1000,23000.0,23.185,23.62166666666667,23.667083333333334,-0.17616261592214144,-0.19183992214854043,0.015677306226398985
2026-01-28 11:15:00,23.0,23.0,23.0,23.0,1000,23000.0,23.134999999999998,23.590833333333332,23.67,-0.16753474346985797,-0.18697888641280397,0.019444142942945997
2026-01-28 12:38:00,23.45,23.45,23.45,23.45,1,23.0,23.134999999999998,23.5675,23.671875,-0.12296835059733269,-0.17417677924970973,0.05120842865237704
2026-01-28 13:01:00,22.7,23.0,22.7,23.0,8000,183100.0,23.085,23.536666666666665,23.670416666666664,-0.12254774819752257,-0.16385097303927232,0.04130322484174975
2026-01-28 13:02:00,22.7,22.7,22.7,22.7,1000,22700.0,23.047500000000003,23.519166666666663,23.666458333333335,-0.14475328479940686,-0.16003143539129924,0.015278150591892387
2026-01-28 13:14:00,22.7,22.9,22.7,22.9,4000,91200.0,23.0375,23.505833333333335,23.664791666666666,-0.14454675894846858,-0.15693450010273313,0.012387741154264553
2026-01-28 13:15:00,22.7,22.7,22.7,22.7,308,6991.0,22.9925,23.490000000000002,23.662291666666665,-0.1586921103877792,-0.15728602215974236,-0.0014060882280368392
2026-01-28 13:19:00,23.45,23.45,23.45,23.45,1,23.0,23.025,23.480833333333333,23.659375,-0.1081371337617334,-0.14745624448014058,0.039319110718407185
2026-01-28 13:20:00,22.7,22.8,22.7,22.8,7000,159400.0,22.985,23.472500000000004,23.65375,-0.1191480536842171,-0.1417946063209559,0.022646552636738787
2026-01-28 13:26:00,22.5,22.8,22.5,22.7,7000,158000.0,22.97,23.450833333333332,23.647708333333334,-0.13439423819688656,-0.14031453269614202,0.005920294499255463
2026-01-28 13:32:00,23.0,23.0,23.0,23.0,100,2300.0,22.97,23.434166666666666,23.642916666666668,-0.12087607235129028,-0.13642684062717167,0.015550768275881394
2026-01-28 14:32:00,22.5,22.6,22.5,22.6,8000,180500.0,22.95,23.410833333333336,23.636458333333334,-0.14081624358506417,-0.13730472121875018,-0.003511522366313996
2026-01-28 14:51:00,23.0,23.0,23.0,23.0,200,4600.0,22.96,23.394166666666667,23.633125,-0.12292530943962277,-0.1344288388629247,0.011503529423301934
2026-01-29 09:12:00,22.5,22.5,22.5,22.5,50,1125.0,22.925,23.36916666666667,23.626250000000002,-0.14739337745171355,-0.13702174658068247,-0.010371630871031073
2026-01-29 09:18:00,22.5,22.5,22.5,22.5,100,2250.0,22.9,23.360833333333336,23.619375,-0.16488381959848653,-0.14259416118424328,-0.02228965841424324
2026-01-29 09:19:00,22.5,22.5,22.5,22.5,2000,45000.0,22.884999999999998,23.335833333333333,23.613125000000004,-0.17670813957560583,-0.1494169568625158,-0.02729118271309003
2026-01-29 09:28:00,22.4,22.4,22.4,22.4,2000,44800.0,22.88,23.31083333333333,23.607291666666665,-0.19193564793858542,-0.15792069507772974,-0.03401495286085568
2026-01-29 09:29:00,22.4,22.85,22.4,22.85,2000,45250.0,22.8625,23.295,23.602083333333333,-0.1657812952550124,-0.15949281511318628,-0.006288480141826119
2026-01-29 09:59:00,21.85,21.85,21.85,21.85,500,10925.0,22.794999999999998,23.2625,23.592708333333338,-0.2231728275370557,-0.1722288175979602,-0.05094400993909551
2026-01-29 10:05:00,21.85,21.85,21.85,21.85,310,6773.0,22.7375,23.230000000000004,23.583333333333332,-0.265594423170711,-0.19090193871251038,-0.07469248445820065
2026-01-29 10:25:00,21.85,21.85,21.85,21.85,200,4370.0,22.68,23.197499999999998,23.573958333333334,-0.2958039989729109,-0.2118823507645905,-0.08392164820832038
2026-01-29 10:28:00,22.5,22.5,22.0,22.0,4100,90700.0,22.630000000000003,23.165833333333335,23.565625,-0.30413567233391703,-0.23033301507845585,-0.07380265725546117
2026-01-29 11:26:00,21.85,21.85,21.85,21.85,2000,43700.0,22.55,23.131666666666664,23.55625,-0.3191632150260588,-0.24809905506797647,-0.07106415995808235
2026-01-29 11:27:00,22.0,22.0,22.0,22.0,2000,44000.0,22.5,23.1,23.5475,-0.31533393120906084,-0.2615460302961934,-0.05378790091286745
2026-01-29 11:38:00,22.55,22.55,22.55,22.55,80,1804.0,22.4925,23.0775,23.540625,-0.26486558712213437,-0.26220994166138156,-0.002655645460752809
2026-01-29 13:37:00,22.55,22.55,22.55,22.55,100,2255.0,22.475,23.053333333333335,23.536875000000002,-0.22230645044865227,-0.2542292434188357,0.03192279297018341
2026-01-29 13:51:00,22.55,22.55,22.55,22.55,1000,22550.0,22.4675,23.029166666666665,23.530833333333337,-0.18642899065662277,-0.2406691928663931,0.05424020220977033
2026-01-29 14:03:00,22.55,22.55,22.55,22.55,200,4510.0,22.422500000000003,23.005,23.523958333333336,-0.15619532283487203,-0.22377441886008892,0.06757909602521689
2026-01-30 09:23:00,22.7,22.7,22.7,22.7,201,4562.0,22.4175,22.983333333333334,23.517708333333335,-0.1187621606060354,-0.20277196720927823,0.08400980660324284
2026-02-02 10:33:00,22.0,22.0,22.0,22.0,1000,22000.0,22.3825,22.95,23.51229166666667,-0.14392122540559882,-0.19100181884854237,0.04708059344294355
2026-02-02 12:09:00,22.0,22.0,22.0,22.0,1000,22000.0,22.332500000000003,22.93166666666667,23.503958333333337,-0.16199261548610266,-0.18519997817605444,0.02320736268995177
2026-02-02 12:16:00,22.0,22.5,22.0,22.3,5023,112112.0,22.317500000000003,22.903333333333332,23.496041666666667,-0.15037341836415408,-0.17823466621367437,0.027861247849520293
2026-02-02 12:20:00,22.0,22.2,22.0,22.2,3100,68220.0,22.2775,22.888333333333332,23.48729166666667,-0.14753360958354378,-0.17209445488764827,0.02456084530410449
2026-02-02 12:21:00,22.15,22.15,22.1,22.1,2000,44250.0,22.2575,22.871666666666666,23.478125,-0.15160460145533605,-0.16799648420118585,0.016391882745849795
2026-02-02 14:08:00,22.5,22.5,22.5,22.5,1,22.0,22.2575,22.846666666666668,23.471875,-0.121157605326907,-0.1586287084263301,0.037471103099423086
2026-02-02 14:21:00,22.5,22.5,22.5,22.5,120,2700.0,22.2575,22.821666666666665,23.46395833333333,-0.09592240772968097,-0.14608744828700027,0.050165040557319296
2026-02-03 14:02:00,22.5,22.5,22.5,22.5,1,22.0,22.2625,22.811666666666664,23.452499999999997,-0.07505810866940621,-0.13188158036348147,0.056823471694075256
2026-02-04 09:25:00,21.85,21.85,21.85,21.85,100,2185.0,22.2125,22.790833333333335,23.441458333333333,-0.10970792440657817,-0.1274468491721008,0.017738924765522635
2026-02-04 09:40:00,21.85,21.85,21.85,21.85,2000,43700.0,22.2125,22.755,23.430416666666666,-0.13560498318178205,-0.12907847597403704,-0.006526507207745003
2026-02-04 09:45:00,22.0,22.0,22.0,22.0,3000,66000.0,22.220000000000002,22.730833333333333,23.417500000000004,-0.14238353369589518,-0.13173948751840867,-0.010644046177486516
2026-02-04 09:47:00,21.8,21.8,21.8,21.8,1000,21800.0,22.2175,22.694166666666664,23.40375,-0.1620261754525849,-0.1377968251052439,-0.024229350347341
2026-02-04 10:22:00,21.8,21.8,21.8,21.8,1000,21800.0,22.2075,22.657500000000002,23.39,-0.17556925745052965,-0.14535131157430106,-0.030217945876228586
2026-02-04 10:30:00,21.8,21.8,21.8,21.8,1000,21800.0,22.205000000000002,22.63,23.376250000000002,-0.18417914497085164,-0.1531168782536112,-0.03106226671724044
2026-02-04 10:31:00,22.0,22.0,22.0,22.0,100,2200.0,22.205000000000002,22.596666666666668,23.363333333333333,-0.1728714597520593,-0.15706779455330083,-0.015803665198758476
2026-02-04 10:34:00,22.0,22.0,22.0,22.0,1000,22000.0,22.177500000000002,22.5725,23.350416666666668,-0.16204211709059635,-0.15806265906075995,-0.003979458029836402
2026-02-04 10:36:00,22.0,22.0,22.0,22.0,1000,22000.0,22.15,22.554166666666667,23.336875000000003,-0.15171095555137626,-0.15679231835888321,0.005081362807506956
2026-02-04 10:53:00,22.2,22.2,22.2,22.2,100,2220.0,22.1325,22.530833333333337,23.324166666666667,-0.1259334249374433,-0.15062053967459524,0.024687114737151933
2026-02-04 11:22:00,22.2,22.2,22.2,22.2,1000,22200.0,22.115,22.520833333333332,23.31208333333333,-0.1043022151978974,-0.14135687477925568,0.037054659581358285
2026-02-04 11:29:00,22.2,22.2,22.0,22.0,4000,88200.0,22.080000000000002,22.494166666666665,23.298333333333332,-0.10212047292106163,-0.13350959440761687,0.03138912148655523
2026-02-04 11:50:00,22.2,22.2,22.2,22.2,1000,22200.0,22.09,22.480833333333333,23.285416666666666,-0.08329294865378856,-0.1234662652568512,0.04017331660306264
2026-02-04 12:19:00,22.2,22.2,22.2,22.2,1000,22200.0,22.1,22.467499999999998,23.2725,-0.06759283193551013,-0.112291578592583,0.044698746657072866
2026-02-04 12:29:00,22.2,22.2,22.2,22.2,1000,22200.0,22.095,22.454166666666666,23.259583333333335,-0.054521882005971634,-0.10073763927526073,0.0462157572692891
2026-02-04 13:46:00,22.5,22.5,22.5,22.5,1,22.0,22.11,22.449166666666667,23.248333333333335,-0.019728153348857802,-0.08453574208998016,0.06480758874112236
2026-02-05 10:12:00,21.8,21.8,21.8,21.8,1000,21800.0,22.095000000000002,22.425833333333333,23.235625000000002,-0.0480837431092489,-0.07724534229383391,0.02916159918458501
2026-02-05 10:14:00,21.8,22.0,21.8,22.0,5000,109600.0,22.07,22.409166666666668,23.22375,-0.05379728217383928,-0.07255573026983499,0.01875844809599571
2026-02-05 12:28:00,21.75,21.75,21.75,21.75,2000,43500.0,22.032500000000002,22.391666666666666,23.210833333333333,-0.07760364717118051,-0.07356531365010409,-0.004038333521076423
2026-02-05 13:28:00,22.0,22.0,21.9,21.9,4000,87700.0,22.0025,22.381666666666668,23.2,-0.08340517362583455,-0.07553328564525019,-0.007871887980584358
2026-02-06 09:34:00,21.7,21.7,21.7,21.7,1000,21700.0,21.994999999999997,22.356666666666666,23.188333333333333,-0.10295445875554421,-0.081017520267309,-0.021936938488235205
2026-02-06 10:15:00,21.9,21.9,21.8,21.8,3000,65500.0,21.9925,22.333333333333332,23.178749999999997,-0.10912037207647884,-0.08663809062914297,-0.02248228144733587
2026-02-06 11:18:00,22.4,22.4,22.4,22.4,600,13440.0,22.0125,22.32333333333333,23.172708333333336,-0.06484443097947334,-0.08227935869920906,0.01743492771973572
2026-02-06 12:33:00,22.4,22.4,22.4,22.4,1000,22400.0,22.0425,22.313333333333333,23.16604166666667,-0.029416335464961918,-0.07170675405235964,0.042290418587397724
2026-02-06 12:46:00,21.8,21.8,21.8,21.8,1000,21800.0,22.0425,22.293333333333333,23.159375,-0.04918729954373191,-0.0672028631506341,0.018015563606902193
2026-02-06 14:10:00,21.6,21.6,21.6,21.6,6000,129600.0,22.0325,22.2625,23.151875,-0.08007124804369425,-0.06977654012924614,-0.010294707914448115
2026-02-06 14:12:00,21.8,21.8,21.8,21.8,5100,111180.0,22.0225,22.242500000000003,23.142708333333335,-0.08740116498191242,-0.0733014650997794,-0.014099699882133013
2026-02-09 09:08:00,22.0,22.0,22.0,22.0,50,1100.0,22.0225,22.230833333333337,23.134375,-0.07619353677132423,-0.07387987943408837,-0.002313657337235861
2026-02-09 09:10:00,22.0,22.5,22.0,22.5,8000,179000.0,22.0475,22.22416666666667,23.128125,-0.02665828917873725,-0.06443556138301815,0.0377772722042809
2026-02-09 09:25:00,22.1,22.1,22.1,22.1,26,574.0,22.0425,22.214166666666664,23.122708333333332,-0.019453656003019404,-0.055439180307018394,0.03598552430399899
2026-02-09 10:12:00,22.1,22.1,22.1,22.1,1000,22100.0,22.0375,22.191666666666666,23.117291666666667,-0.013587306295512747,-0.047068805504717266,0.03348149920920452
2026-02-09 10:32:00,22.8,22.8,22.8,22.8,1,22.0,22.077499999999997,22.191666666666666,23.112291666666668,0.04700413357555888,-0.028254217688662035,0.07525835126422092
2026-02-09 10:36:00,22.8,22.8,22.8,22.8,1000,22800.0,22.107499999999998,22.193333333333335,23.107291666666665,0.09394039975858703,-0.003815294199212215,0.09775569395779925
2026-02-09 12:48:00,22.8,22.8,22.4,22.4,5000,112800.0,22.1175,22.183333333333334,23.10395833333333,0.09773444990473834,0.016494654621577905,0.08123979528316044
2026-02-09 12:49:00,22.4,22.4,22.4,22.4,3000,67200.0,22.1275,22.18,23.100625,0.09959321341063898,0.03311436637939012,0.06647884703124886
2026-02-09 12:58:00,22.2,22.2,22.2,22.2,1000,22200.0,22.1125,22.166666666666668,23.096458333333334,0.0839601282553133,0.043283518754574764,0.04067660950073853
2026-02-09 13:00:00,22.2,22.2,22.2,22.2,1000,22200.0,22.1325,22.16166666666667,23.090625,0.07075517403669096,0.04877784981099801,0.02197732422569295
2026-02-09 13:10:00,22.5,22.5,22.5,22.5,1000,22500.0,22.1575,22.16166666666667,23.088124999999998,0.08353470934646623,0.05572922171809166,0.02780548762837457
2026-02-10 10:08:00,22.7,22.7,22.7,22.7,1,22.0,22.205,22.165,23.084375,0.10854961924049178,0.06629330122257168,0.0422563180179201
2026-02-10 10:09:00,22.2,22.2,22.2,22.2,1000,22200.0,22.220000000000002,22.16166666666667,23.076875000000005,0.08702512278435393,0.07043966553492813,0.016585457249425797
2026-02-10 10:10:00,22.2,22.2,22.0,22.0,8000,176700.0,22.235000000000003,22.147499999999997,23.069791666666667,0.05321504581405634,0.06699474159075378,-0.013779695776697437
2026-02-10 10:11:00,22.1,22.1,22.1,22.1,1000,22100.0,22.25,22.151666666666667,23.064375,0.034096437979044936,0.060415080868412005,-0.02631864288936707
2026-02-10 10:17:00,22.2,22.2,22.2,22.2,50,1110.0,22.24,22.157499999999995,23.059375,0.026706116307977368,0.05367328795632509,-0.02696717164834772
2026-02-10 10:18:00,22.2,22.2,22.2,22.2,1000,22200.0,22.23,22.163333333333334,23.054375,0.02061163504081165,0.0470609573732224,-0.02644932233241075
2026-02-10 10:29:00,22.2,22.2,22.2,22.2,1000,22200.0,22.25,22.166666666666668,23.050625000000004,0.015601866127326502,0.04076913912404322,-0.02516727299671672
2026-02-10 12:54:00,22.3,22.3,22.3,22.3,3000,66900.0,22.285000000000004,22.174166666666668,23.046041666666667,0.01947624243582524,0.03651055978639963,-0.01703431735057439
2026-02-10 12:55:00,22.6,22.6,22.6,22.6,100,2260.0,22.325,22.18416666666667,23.043958333333332,0.04622139490047772,0.03845272680921525,0.007768668091262469
2026-02-10 12:56:00,21.8,22.0,21.8,21.9,4050,88400.0,22.32,22.173333333333332,23.036875000000002,0.010808378798419227,0.03292385720705605,-0.02211547840863682
2026-02-10 12:57:00,21.6,21.6,21.6,21.6,2200,47520.0,22.275,22.157500000000002,23.029791666666664,-0.04099165807696181,0.018140754150252472,-0.059132412227214284
2026-02-10 12:58:00,21.7,21.7,21.7,21.7,1000,21700.0,22.255,22.14333333333333,23.023958333333333,-0.0731313831721856,-0.0001136733142351458,-0.07301770985795045
2026-02-10 13:01:00,21.5,21.5,21.5,21.5,3000,64500.0,22.225,22.125833333333333,23.016874999999995,-0.11343308935023799,-0.022777556521435725,-0.09065553282880226
2026-02-10 13:08:00,21.4,21.4,21.4,21.4,3000,64200.0,22.155,22.104166666666668,23.00979166666667,-0.15169302337178792,-0.04856064989150617,-0.10313237348028174
2026-02-10 13:09:00,21.6,21.6,21.6,21.6,1100,23760.0,22.095,22.0975,22.999791666666667,-0.16398564377759683,-0.07164564866872432,-0.09233999510887252
2026-02-10 13:10:00,21.2,21.2,21.2,21.2,3000,63600.0,22.035000000000004,22.084166666666665,22.991875,-0.20365666382457093,-0.09804785169989365,-0.10560881212467728
2026-02-10 13:14:00,21.0,21.0,21.0,21.0,1320,27720.0,21.965,22.0625,22.979375,-0.24837148962975064,-0.12811257928586506,-0.12025891034388558
2026-02-10 13:25:00,21.5,21.5,21.5,21.5,100,2150.0,21.93,22.050833333333333,22.968958333333333,-0.24068798859814677,-0.1506276611483214,-0.09006032744982537
2026-02-10 13:45:00,21.5,21.5,21.5,21.5,2000,43000.0,21.895000000000003,22.040833333333335,22.96229166666667,-0.23192526854662532,-0.16688718262798222,-0.0650380859186431
2026-02-10 13:47:00,21.8,21.8,21.8,21.8,1,21.0,21.86,22.029166666666665,22.956875,-0.19848524265387724,-0.17320679463316124,-0.025278448020715993
2026-02-10 14:26:00,21.8,21.8,21.8,21.8,5000,109000.0,21.815,22.017500000000002,22.951041666666665,-0.170023852080881,-0.1725702061227052,0.0025463540418242114
2026-02-10 14:28:00,21.8,21.8,21.8,21.8,3999,87178.0,21.794999999999998,22.005833333333335,22.946041666666666,-0.14578744804698474,-0.16721365450756112,0.021426206460576386
2026-02-10 14:29:00,22.0,22.0,22.0,22.0,1,22.0,21.794999999999998,22.008333333333333,22.941875,-0.10918300103413614,-0.15560752381287613,0.046424522778739985
2026-02-11 09:03:00,21.3,21.3,21.3,21.3,500,10650.0,21.755000000000003,21.999166666666667,22.933958333333337,-0.13510050834846865,-0.15150612071999464,0.01640561237152599
2026-02-11 09:08:00,21.3,21.3,21.3,21.3,2000,42600.0,21.71,21.9875,22.926875000000003,-0.15386664076455858,-0.15197822472890743,-0.0018884160356511526
2026-02-11 09:10:00,21.1,21.1,21.1,21.1,3000,63300.0,21.654999999999998,21.975833333333338,22.919791666666665,-0.18277040102486097,-0.15813665998809814,-0.02463374103676283
2026-02-11 09:11:00,21.0,21.3,20.9,21.3,5050,105865.0,21.61,21.967499999999998,22.913124999999997,-0.18737852771284835,-0.1639850335330482,-0.02339349417980016
2026-02-11 09:14:00,21.3,21.3,21.3,21.3,1000,21300.0,21.56,21.959166666666665,22.90625,-0.18885351554289187,-0.16895872993501695,-0.019894785607874915
2026-02-11 09:23:00,21.0,21.0,21.0,21.0,1100,23100.0,21.48,21.9425,22.89875,-0.21178857990497235,-0.17752469992900805,-0.034263879975964306
2026-02-11 09:37:00,20.7,20.7,20.7,20.7,1000,20700.0,21.419999999999998,21.920833333333334,22.890416666666667,-0.2512757262866039,-0.19227490520052723,-0.059000821086076655
2026-02-11 09:39:00,20.7,20.7,20.7,20.7,1,20.0,21.375,21.899166666666666,22.88041666666667,-0.27934940819487153,-0.20968980579939608,-0.06965960239547545
2026-02-11 09:48:00,21.0,21.0,21.0,21.0,1000,21000.0,21.34,21.879166666666666,22.87333333333333,-0.2742293651521237,-0.22259771766994163,-0.051631647482182075
2026-02-11 09:49:00,20.8,20.8,20.7,20.7,7000,145500.0,21.3,21.854166666666668,22.864583333333332,-0.2910244383790044,-0.2362830618117542,-0.05474137656725017
2026-02-11 09:50:00,20.8,20.8,20.8,20.8,1000,20800.0,21.27,21.83416666666667,22.857083333333332,-0.29288924574047215,-0.24760429859749783,-0.04528494714297432
2026-02-11 10:42:00,21.2,21.2,21.2,21.2,100,2120.0,21.25,21.8175,22.849166666666665,-0.25910367605796836,-0.24990417408959198,-0.009199501968376378
2026-02-11 11:05:00,21.2,21.2,21.2,21.2,1000,21200.0,21.25,21.800833333333333,22.842708333333334,-0.22968075193569604,-0.24585948965881282,0.016178737723116787
2026-02-11 12:18:00,21.2,21.2,21.2,21.2,1000,21200.0,21.259999999999998,21.784166666666668,22.834375,-0.2040111589403395,-0.2374898235151182,0.03347866457477869
2026-02-11 12:24:00,21.2,21.2,21.2,21.2,1000,21200.0,21.244999999999997,21.7625,22.82770833333333,-0.1815747409646029,-0.22630680700501515,0.044732066040412244
2026-02-11 12:27:00,21.3,21.3,21.3,21.3,1000,21300.0,21.235,21.754166666666666,22.82270833333333,-0.15394991501820599,-0.21183542860765336,0.05788551358944738
2026-02-11 12:49:00,21.3,21.3,21.0,21.0,4000,84300.0,21.195,21.7375,22.813958333333336,-0.15448374181212898,-0.2003650912485485,0.04588134943641953
2026-02-11 12:56:00,20.7,20.7,20.7,20.7,1000,20700.0,21.14,21.720000000000002,22.806458333333335,-0.17707310762716943,-0.19570669452427272,0.018633586897103288
2026-02-11 12:58:00,20.7,20.7,20.7,20.7,50,1035.0,21.085,21.7,22.798541666666665,-0.19275340155488863,-0.19511603593039592,0.0023626343755072943
2026-02-11 13:03:00,20.7,20.7,20.7,20.7,6000,124200.0,21.02,21.683333333333334,22.790625,-0.20284191216429903,-0.19666121117717658,-0.0061807009871224505
2026-02-11 13:04:00,21.2,21.2,21.2,21.2,1000,21200.0,21.015,21.673333333333332,22.784791666666667,-0.16854838728945865,-0.19103864639963303,0.022490259110174382
2026-02-11 13:34:00,21.2,21.2,21.2,21.2,1000,21200.0,21.009999999999998,21.653333333333332,22.779375,-0.1397594616776665,-0.18078280945523975,0.041023347777573244
2026-02-11 14:41:00,21.35,21.35,21.35,21.35,1,21.0,21.0225,21.63583333333333,22.772916666666667,-0.1036455232447473,-0.16535535221314127,0.06170982896839397
2026-02-23 11:35:00,21.35,21.35,21.35,21.35,7,149.0,21.025,21.628333333333334,22.765625,-0.07416998147258269,-0.14711827806502956,0.07294829659244687
2026-02-23 11:49:00,21.35,21.35,21.35,21.35,1000,21350.0,21.0275,21.624166666666667,22.758333333333333,-0.05023136633515435,-0.1277408957190545,0.07750952938390016
2026-02-23 13:47:00,21.35,21.35,21.35,21.35,100,2135.0,21.044999999999998,21.616666666666667,22.753541666666663,-0.03090360386184443,-0.10837343734761248,0.07746983348576805
2026-02-23 14:55:00,21.35,21.35,21.1,21.1,6000,127350.0,21.065,21.601666666666667,22.745208333333334,-0.03535161213646276,-0.09376907230538253,0.05841746016891977
2026-02-24 09:01:00,21.5,21.5,21.5,21.5,30,645.0,21.105,21.584999999999997,22.741041666666668,-0.006524819620718603,-0.07632022176844976,0.06979540214773115
2026-02-24 11:19:00,20.7,20.7,20.7,20.7,2000,41400.0,21.09,21.561666666666667,22.733541666666667,-0.047683032668267344,-0.07059278394841327,0.022909751280145926
2026-02-24 11:20:00,20.7,20.8,20.6,20.8,9100,188670.0,21.095000000000002,21.540000000000003,22.723958333333332,-0.07140889152126206,-0.07075600546298304,-0.0006528860582790258
2026-02-24 11:21:00,20.8,20.8,20.8,20.8,2000,41600.0,21.095000000000002,21.506666666666664,22.716875,-0.08918375083319674,-0.07444155453702578,-0.014742196296170962
2026-02-24 11:23:00,21.0,21.0,21.0,21.0,1000,21000.0,21.085,21.476666666666667,22.710625,-0.08613916766353569,-0.07678107716232777,-0.009358090501207922
2026-02-24 11:25:00,21.0,21.0,21.0,21.0,1000,21000.0,21.075,21.453333333333333,22.701875000000005,-0.08277216754299133,-0.07797929523846048,-0.0047928723045308486
2026-02-24 11:28:00,20.6,20.6,20.6,20.6,1000,20600.0,21.044999999999998,21.423333333333336,22.693958333333335,-0.11109976382982367,-0.08460338895673312,-0.026496374873090547
2026-02-24 11:31:00,21.0,21.0,21.0,21.0,100,2100.0,21.035,21.403333333333332,22.687708333333333,-0.1001188234411039,-0.08770647585360729,-0.012412347587496611
2026-02-24 11:32:00,21.3,21.3,21.3,21.3,1000,21300.0,21.035,21.388333333333332,22.680208333333333,-0.06644294338223844,-0.08345376935933353,0.017010825977095093
2026-02-24 13:29:00,21.3,21.3,21.3,21.3,100,2130.0,21.05,21.368333333333332,22.672708333333333,-0.0393015223289126,-0.07462331995324935,0.03532179762433675
2026-02-24 14:55:00,20.65,20.65,20.65,20.65,1,20.0,21.0475,21.33416666666667,22.665,-0.06944084746002233,-0.07358682545460395,0.0041459779945816205
2026-02-24 14:56:00,20.65,20.65,20.65,20.65,6,123.0,21.045,21.308333333333334,22.65666666666667,-0.09226293014154763,-0.0773220463919927,-0.014940883749554934
2026-02-24 14:59:00,20.65,20.65,20.65,20.65,2000,41300.0,21.0425,21.285833333333336,22.64645833333333,-0.1090920498476855,-0.08367604708313127,-0.025416002764554232
2026-02-25 11:54:00,21.3,21.3,21.3,21.3,7,149.0,21.0475,21.272499999999997,22.638958333333335,-0.06918219149952876,-0.08077727596641077,0.01159508446688201
2026-02-25 13:38:00,21.3,21.3,21.3,21.3,1,21.0,21.052500000000002,21.2575,22.633958333333336,-0.03712538291906853,-0.07204689735694232,0.034921514437873794
2026-02-26 09:01:00,21.3,21.3,21.3,21.3,1000,21300.0,21.050000000000004,21.2425,22.628958333333333,-0.011586568413932241,-0.059954831568340305,0.048368263154408064
2026-02-26 09:09:00,21.3,21.3,21.3,21.3,100,2130.0,21.0475,21.227500000000003,22.621458333333333,0.00855451495521109,-0.04625296226363003,0.05480747721884112
2026-02-26 09:24:00,20.6,20.6,20.6,20.6,1000,20600.0,21.009999999999998,21.199166666666667,22.613541666666666,-0.03160337716247952,-0.04332304524339993,0.011719668080920412
2026-02-26 09:33:00,20.6,20.6,20.6,20.6,2000,41200.0,20.972500000000004,21.16583333333333,22.605624999999996,-0.06270596070582357,-0.04719962833588466,-0.01550633236993891
2026-02-26 09:58:00,21.1,21.1,21.1,21.1,1000,21100.0,20.9725,21.1525,22.599375000000002,-0.046473443986723595,-0.047054391466052455,0.0005809474793288597
2026-02-26 10:57:00,21.1,21.1,21.1,21.1,1000,21100.0,20.9525,21.144166666666663,22.593125,-0.03322604833515541,-0.04428872283987305,0.011062674504717637
2026-02-26 10:59:00,21.1,21.1,21.1,21.1,1000,21100.0,20.972500000000004,21.13416666666667,22.587708333333335,-0.022468390222563528,-0.03992465631641115,0.017456266093847622
2026-02-26 11:00:00,21.0,21.05,21.0,21.05,2000,42050.0,20.985,21.12666666666667,22.579583333333336,-0.01777257956201339,-0.0354942409655316,0.01772166140351821
2026-02-26 11:22:00,21.3,21.3,21.3,21.3,1,21.0,21.009999999999998,21.125,22.575,0.006052030836563915,-0.027184986605112496,0.03323701744167641
2026-02-26 11:26:00,20.6,20.6,20.6,20.6,1050,21630.0,20.990000000000002,21.108333333333334,22.566666666666666,-0.031191388718244895,-0.02798626702773898,-0.0032051216905059146
2026-02-26 11:27:00,21.3,21.3,21.1,21.1,2000,42400.0,20.994999999999997,21.10666666666667,22.55875,-0.020129208725940373,-0.026414855367379263,0.0062856466414388905
2026-02-26 11:31:00,21.1,21.1,21.1,21.1,400,8440.0,21.020000000000003,21.108333333333334,22.550833333333337,-0.01123286589748318,-0.023378457473400047,0.012145591575916867
2026-02-26 13:51:00,21.4,21.4,21.4,21.4,1,21.0,21.04,21.10666666666667,22.543333333333333,0.01979683706951363,-0.01474339856481731,0.03454023563433094
2026-02-26 14:56:00,21.4,21.4,21.4,21.4,1,21.0,21.045,21.105,22.535833333333333,0.04388225293175552,-0.0030182682655027424,0.04690052119725826
2026-03-02 09:03:00,21.1,21.1,21.1,21.1,3000,63300.0,21.035,21.093333333333337,22.523333333333333,0.03832088640864484,0.0052495626693267764,0.033071323739318065
2026-03-02 09:53:00,20.45,20.6,20.45,20.6,8000,163900.0,21.032500000000002,21.07333333333333,22.508750000000003,-0.006359054729500713,0.0029278391895612784,-0.00928689391906199
2026-03-02 09:56:00,20.6,20.6,20.6,20.6,1000,20600.0,21.03,21.053333333333335,22.494166666666665,-0.041292238758195765,-0.0059161763999901334,-0.03537606235820563
2026-03-02 10:30:00,20.4,20.4,20.4,20.4,2000,40800.0,21.017500000000002,21.026666666666664,22.479166666666668,-0.08414539161534051,-0.021562019443060215,-0.0625833721722803
2026-03-02 11:00:00,20.4,20.5,20.4,20.5,2100,42950.0,20.9775,21.013333333333332,22.464583333333334,-0.1087836693055273,-0.03900634941555364,-0.06977731988997365
2026-03-02 12:20:00,20.9,20.9,20.9,20.9,1000,20900.0,20.9575,21.006666666666668,22.450833333333332,-0.09493863137840108,-0.05019280580812314,-0.044745825570277946
2026-03-02 12:21:00,20.9,20.9,20.9,20.9,1000,20900.0,20.9375,21.00333333333333,22.43708333333333,-0.08300945771607715,-0.056756136189713945,-0.026253321526363206
2026-03-02 12:49:00,20.3,20.3,20.3,20.3,1000,20300.0,20.887500000000003,20.986666666666668,22.420833333333334,-0.12058051017191218,-0.0695210109861536,-0.05105949918575858
2026-03-02 13:13:00,20.9,21.0,20.6,21.0,2001,41521.0,20.907500000000002,20.98166666666667,22.408333333333335,-0.09280192722224712,-0.07417719423337231,-0.018624732988874806
2026-03-02 13:23:00,21.0,21.1,21.0,21.1,7000,147200.0,20.932499999999997,20.983333333333334,22.39541666666667,-0.062003300384503746,-0.0717424154635986,0.009739115079094848
2026-03-02 13:32:00,20.9,20.9,20.9,20.9,1000,20900.0,20.922500000000003,20.986666666666668,22.381874999999997,-0.05312114772947041,-0.06801816191677296,0.014897014187302549
2026-03-02 13:33:00,21.0,21.0,21.0,21.0,1000,21000.0,20.9175,20.991666666666667,22.365416666666665,-0.03757961903701457,-0.06193045334082128,0.02435083430380671
2026-03-03 10:28:00,20.5,20.5,20.5,20.5,1000,20500.0,20.8875,20.983333333333334,22.350833333333334,-0.06486098978751897,-0.06251656063016083,-0.0023444291573581494
2026-03-03 10:42:00,20.5,20.6,20.5,20.6,5000,102800.0,20.865000000000002,20.98166666666667,22.332708333333336,-0.07751891855458126,-0.06551703221504492,-0.012001886339536347
2026-03-03 10:58:00,20.5,20.5,20.5,20.5,1000,20500.0,20.825,20.976666666666667,22.31416666666667,-0.09452990071049072,-0.07131960591413408,-0.02321029479635664
2026-03-03 13:51:00,21.25,21.25,21.25,21.25,1,21.0,20.857499999999998,20.977500000000003,22.29875,-0.04695126962796081,-0.06644593865689943,0.01949466902893862
2026-03-03 14:10:00,20.5,20.5,20.5,20.5,7,143.0,20.8275,20.965833333333332,22.283541666666668,-0.06896856698919152,-0.06695046432335786,-0.00201810266583366
2026-03-04 09:22:00,20.4,20.5,20.4,20.5,4000,81700.0,20.7975,20.954166666666666,22.265,-0.08543261971393079,-0.07064689540147244,-0.014785724312458351
2026-03-04 09:26:00,20.3,20.3,20.3,20.3,3000,60900.0,20.7425,20.939166666666665,22.245625000000004,-0.11331263116819557,-0.07918004255481707,-0.03413258861337849
2026-03-04 09:32:00,20.2,20.2,20.2,20.2,1000,20200.0,20.682499999999997,20.920833333333334,22.229791666666667,-0.14184184092674101,-0.09171240222920188,-0.050129438697539136
2026-03-04 09:34:00,20.2,20.3,20.2,20.3,3100,62730.0,20.642500000000002,20.909166666666668,22.210416666666667,-0.15460014668142108,-0.10428995111964573,-0.05031019556177535
2026-03-04 09:39:00,20.0,20.0,20.0,20.0,3000,60000.0,20.6125,20.897499999999997,22.19375,-0.18676576917661336,-0.12078511473103927,-0.06598065444557409
2026-03-04 11:04:00,20.2,20.2,20.2,20.2,2000,40400.0,20.592499999999998,20.889166666666664,22.173958333333335,-0.19388395467367658,-0.13540488271956674,-0.05847907195410984
2026-03-04 11:50:00,20.2,20.2,20.2,20.2,100,2020.0,20.5825,20.880833333333335,22.154375,-0.1972513768759505,-0.14777418155084351,-0.049477195325107
2026-03-04 14:07:00,19.5,19.5,19.5,19.5,4000,78000.0,20.5325,20.852500000000003,22.135625,-0.25348224752587,-0.16891579474584884,-0.08456645278002117
2026-03-04 14:48:00,20.2,20.2,20.2,20.2,1,20.0,20.497500000000002,20.835833333333333,22.116249999999997,-0.2388086305418966,-0.18289436190505842,-0.05591426863683818
2026-03-04 14:57:00,20.2,20.2,20.2,20.2,1000,20200.0,20.4625,20.816666666666666,22.096875,-0.2245907411038317,-0.1912336377448131,-0.03335710335901859
2026-03-05 10:27:00,19.5,19.5,19.5,19.5,2000,39000.0,20.4225,20.785833333333333,22.074583333333333,-0.26673238623236983,-0.2063333874423245,-0.060398998790045344
2026-03-05 10:30:00,19.5,19.5,19.5,19.5,2000,39000.0,20.3475,20.755,22.052291666666665,-0.2967096593532226,-0.22440864182450415,-0.07230101752871843
2026-03-05 10:31:00,20.3,20.3,20.3,20.3,1,20.0,20.3075,20.7375,22.033333333333335,-0.2529971564210882,-0.23012634474382102,-0.022870811677267205
2026-03-05 13:51:00,19.5,20.2,19.5,20.2,6100,119020.0,20.2725,20.7225,22.018541666666668,-0.22384351843811956,-0.22886977948268075,0.005026261044561192
2026-03-05 13:52:00,19.6,19.6,19.6,19.6,1100,21560.0,20.202499999999997,20.690833333333334,22.001458333333336,-0.24631467365444948,-0.2323587583170345,-0.01395591533741497
2026-03-05 13:53:00,19.6,19.6,19.6,19.6,3000,58800.0,20.1575,20.6725,21.984583333333333,-0.26111327476520074,-0.2381096616066678,-0.023003613158532943
2026-03-05 13:55:00,20.0,20.0,20.0,20.0,1,20.0,20.1275,20.659166666666668,21.967916666666667,-0.23782313860108317,-0.2380523570055509,0.00022921840446774033
2026-03-05 13:57:00,20.0,20.0,20.0,20.0,2000,40000.0,20.1025,20.645833333333332,21.954166666666666,-0.21686564572491207,-0.23381501474942315,0.01694936902451108
2026-03-05 14:57:00,20.0,20.0,20.0,20.0,2000,40000.0,20.04,20.629166666666666,21.9375,-0.1979745542039808,-0.2266469226403347,0.0286723684363539
2026-03-05 15:00:00,20.1,20.1,20.1,20.1,3000,60300.0,20.020000000000003,20.61416666666667,21.921249999999997,-0.17294051322087256,-0.2159056407564423,0.04296512753556975
2026-03-06 09:06:00,19.4,19.4,19.4,19.4,1000,19400.0,19.965,20.594166666666663,21.902083333333334,-0.2071965721290212,-0.21416382703095813,0.00696725490193692
2026-03-06 09:13:00,20.3,20.3,20.3,20.3,1,20.0,19.965,20.582499999999996,21.886666666666663,-0.15987927842881078,-0.20330691731052866,0.043427638881717884
2026-03-06 10:09:00,20.3,20.3,20.3,20.3,2000,40600.0,19.970000000000002,20.565833333333334,21.871249999999996,-0.12098533859612104,-0.18684260156764715,0.06585726297152611
2026-03-06 10:10:00,19.9,19.9,19.9,19.9,1200,23880.0,19.95,20.5425,21.858333333333334,-0.12104296022468475,-0.17368267329905468,0.05263971307436993
2026-03-06 13:14:00,20.4,20.4,20.4,20.4,1,20.0,19.97,20.538333333333334,21.84333333333333,-0.07982265853510384,-0.15491067034626452,0.07508801181116068
2026-03-06 13:54:00,20.4,20.4,20.4,20.4,1000,20400.0,19.98,20.534166666666668,21.82875,-0.04661789044742193,-0.133252114366496,0.08663422391907408
2026-03-06 14:38:00,20.4,20.4,20.4,20.4,1,20.0,19.990000000000002,20.529999999999998,21.814583333333335,-0.020071500743998882,-0.11061599164199658,0.0905444908979977
