ts,open,high,low,close,volume,amount,ma20,ma60,ma240,macd,signal,hist
2025-03-07 09:01:00,153.5,153.5,153.5,153.5,1,153.5,,,,0.0,0.0,0.0
2025-03-07 09:02:00,153.5,153.5,153.5,153.5,500,76750.0,,,,0.0,0.0,0.0
2025-03-07 09:05:00,153.0,153.0,153.0,153.0,1000,153000.0,,,,-0.015504970081622105,-0.006354495935091025,-0.00915047414653108
2025-03-07 09:09:00,153.0,153.0,153.0,153.0,1050,160650.0,,,,-0.022176946977026546,-0.011714404824635576,-0.01046254215239097
2025-03-07 09:10:00,152.5,153.5,152.5,153.5,1002,152806.5,,,,-0.005439368155947477,-0.009847723283497995,0.004408355127550518
2025-03-07 09:11:00,153.5,154.0,153.0,153.5,5651,867354.0,,,,0.0047244286384682255,-0.0058978599166713466,0.010622288555139572
2025-03-07 09:12:00,154.5,155.0,153.5,155.0,4102,632909.5,,,,0.07911372159287566,0.015616303460771062,0.0634974181321046
2025-03-07 09:13:00,155.0,155.5,155.0,155.5,3001,465155.5,,,,0.1515018869879725,0.04827216451132217,0.10322972247665034
2025-03-07 09:15:00,155.0,155.0,155.0,155.0,550,85250.0,,,,0.17451734449355172,0.07743542739278471,0.09708191710076701
2025-03-07 09:17:00,155.0,155.0,155.0,155.0,31,4805.0,,,,0.18830486327425433,0.10227661699215433,0.0860282462821
2025-03-07 09:21:00,154.0,154.0,154.0,154.0,3,462.0,,,,0.14235155059844828,0.1110447834796026,0.03130676711884568
2025-03-07 09:23:00,155.0,155.0,155.0,155.0,1,155.0,,,,0.16165518025206893,0.12191377418824201,0.03974140606382692
2025-03-07 09:29:00,154.0,154.0,154.0,154.0,145,22330.0,,,,0.1173386826946512,0.12094552587560806,-0.003606843180956859
2025-03-07 09:32:00,154.0,154.5,154.0,154.5,1025,157862.5,,,,0.11162129480189265,0.11899488977803116,-0.0073735949761385144
2025-03-07 09:44:00,153.5,153.5,153.5,153.5,1000,153500.0,,,,0.04654372831575415,0.10397623556756107,-0.057432507251806916
2025-03-07 09:48:00,153.0,153.0,153.0,153.0,57,8721.0,,,,-0.0337465661917804,0.0756339096633103,-0.1093804758550907
2025-03-07 09:50:00,153.0,153.0,153.0,153.0,1000,153000.0,,,,-0.09456031614425342,0.040810920496622445,-0.13537123664087586
2025-03-07 09:52:00,152.0,152.0,152.0,152.0,253,38456.0,,,,-0.20302283678469735,-0.008850450690737923,-0.19417238609395943
2025-03-07 09:53:00,152.0,152.0,152.0,152.0,1000,152000.0,,,,-0.2839079032413281,-0.06466633283615662,-0.21924157040517145
2025-03-07 10:04:00,151.0,151.0,151.0,151.0,300,45300.0,153.625,,,-0.4080082075418545,-0.13413563429289105,-0.27387257324896347
2025-03-07 10:30:00,151.0,151.0,151.0,151.0,40,6040.0,153.5,,,-0.49900132993502666,-0.20778809749082341,-0.2912132324442033
2025-03-07 10:46:00,152.0,152.0,152.0,152.0,1000,152000.0,153.425,,,-0.49642711001061457,-0.2659450223584404,-0.23048208765217415
2025-03-07 10:47:00,152.0,152.0,152.0,152.0,170,25840.0,153.375,,,-0.4885454601839001,-0.3107294706454629,-0.1778159895384372
2025-03-07 10:57:00,152.5,153.0,152.0,153.0,8000,1221000.0,153.375,,,-0.40791064463218163,-0.33025792596567305,-0.07765271866650858
2025-03-07 11:02:00,152.5,152.5,152.5,152.5,1,152.5,153.325,,,-0.3751625885096246,-0.3392729161444342,-0.03588967236519036
2025-03-07 11:36:00,153.5,153.5,153.5,153.5,1000,153500.0,153.325,,,-0.2750567574162801,-0.3263907504419778,0.05133399302569769
2025-03-07 12:03:00,152.5,152.5,152.5,152.5,2000,305000.0,153.2,,,-0.2647281901033125,-0.31402834791903983,0.04930015781572733
2025-03-07 12:06:00,152.5,153.0,152.5,153.0,3000,458500.0,153.075,,,-0.2178368441719556,-0.2947527627654945,0.07691591859353891
2025-03-07 13:13:00,153.5,153.5,153.0,153.0,8050,1233650.0,152.975,,,-0.17871738593834152,-0.27150972053429795,0.09279233459595643
2025-03-07 13:29:00,153.5,153.5,153.5,153.5,1050,161175.0,152.9,,,-0.10978903386512684,-0.23912549346913844,0.1293364596040116
2025-03-07 13:30:00,154.0,154.0,154.0,154.0,2000,308000.0,152.9,,,-0.01811330650022569,-0.19487923670508653,0.17676593020486084
2025-03-07 13:42:00,154.5,154.5,154.5,154.5,10,1545.0,152.875,,,0.09053170855523263,-0.13775178662403223,0.22828349517926486
2025-03-07 13:43:00,154.5,154.5,154.0,154.0,3000,462500.0,152.875,,,0.1373788102440301,-0.08269076818388237,0.22006957842791247
2025-03-07 14:10:00,154.5,154.5,154.5,154.5,1,154.5,152.875,,,0.20965200968552722,-0.024192550489691537,0.23384456017521876
2025-03-10 09:08:00,154.5,154.5,154.5,154.5,1,154.5,152.925,,,0.2637567873007356,0.03342068777433515,0.23033609952640044
2025-03-10 09:10:00,154.5,154.5,154.5,154.5,70,10815.0,153.0,,,0.303041760774164,0.08736240746315617,0.21567935331100785
2025-03-10 09:15:00,154.5,154.5,154.5,154.5,1000,154500.0,153.075,,,0.3302910096230107,0.13596074474482697,0.19433026487818375
2025-03-10 09:16:00,154.5,154.5,154.5,154.5,500,77250.0,153.2,,,0.3478169545097103,0.17834078868856498,0.1694761658211453
2025-03-10 09:21:00,154.5,154.5,154.5,154.5,10,1545.0,153.325,,,0.3575378119193715,0.21418614916680964,0.14335166275256186
2025-03-10 09:29:00,154.0,154.0,154.0,154.0,1000,154000.0,153.475,,,0.3228468451716253,0.23592117744858088,0.08692566772304444
2025-03-10 09:30:00,154.0,154.0,154.0,154.0,1000,154000.0,153.625,,,0.29198721718091747,0.24713557791465263,0.04485163926626484
2025-03-10 10:03:00,154.5,154.5,154.0,154.0,1465,226110.0,153.725,,,0.26448026930518154,0.25060481132249723,0.013875457982684303
2025-03-10 10:24:00,154.5,154.5,154.5,154.5,1,154.5,153.85,,,0.27845290232426123,0.2561748085972213,0.022278093727039927
2025-03-10 10:28:00,154.0,154.0,154.0,154.0,100,15400.0,153.9,,,0.2475651154584284,0.2544527762131018,-0.006887660754673397
2025-03-10 10:33:00,154.0,154.0,154.0,154.0,400,61600.0,153.975,,,0.2205439500587545,0.2476707155818299,-0.027126765523075413
2025-03-10 10:38:00,154.0,154.0,154.0,154.0,1005,154770.0,154.0,,,0.1968596618571894,0.2375081507231995,-0.04064848886601011
2025-03-10 12:11:00,153.0,153.0,153.0,153.0,1000,153000.0,154.025,,,0.09827183936855022,0.2096601121622544,-0.11138827279370417
2025-03-10 12:12:00,153.0,153.0,151.0,151.5,5000,758500.0,153.95,,,-0.09696260370074583,0.14833420137614384,-0.24529680507688967
2025-03-10 12:13:00,152.0,152.0,152.0,152.0,11,1672.0,153.9,,,-0.20972475110275468,0.07672113326053621,-0.2864458843632909
2025-03-10 12:14:00,152.0,152.0,152.0,152.0,9,1368.0,153.825,,,-0.2956442191410531,0.0022469998498675908,-0.2978912189909207
2025-03-10 12:31:00,151.5,151.5,151.5,151.5,10,1515.0,153.7,,,-0.39871616609991634,-0.07794654898854958,-0.32076961711136676
2025-03-10 12:32:00,150.0,150.0,150.0,150.0,3050,457500.0,153.475,,,-0.5925205098830304,-0.1808622812393907,-0.4116582286436397
2025-03-10 12:35:00,152.0,152.0,152.0,152.0,1,152.0,153.375,,,-0.580516941432137,-0.26079379737814845,-0.3197231440539885
2025-03-10 12:57:00,152.0,152.0,152.0,152.0,20,3040.0,153.25,,,-0.5644834785187527,-0.32153208868271804,-0.24295138983603465
2025-03-10 13:27:00,150.5,150.5,150.5,150.5,200,30100.0,153.05,,,-0.6635230882659755,-0.3899306084859253,-0.2735924797800502
2025-03-10 13:30:00,150.5,150.5,150.5,150.5,1000,150500.0,152.85,,,-0.7335269573424341,-0.45865013536750165,-0.27487682197493246
2025-03-10 13:34:00,150.5,151.0,150.5,151.0,5000,754000.0,152.675,,,-0.7405639708901788,-0.5150330712349235,-0.2255308996552553
2025-03-10 13:43:00,152.0,152.0,152.0,152.0,1,152.0,152.55,,,-0.6587040580483574,-0.5437673374025083,-0.11493672064584914
2025-03-10 14:27:00,152.0,152.0,151.0,151.0,2254,341608.0,152.375,,,-0.6660410423293115,-0.5682221252339356,-0.09781891709537593
2025-03-11 09:02:00,150.0,150.0,150.0,150.0,2000,300000.0,152.175,153.09166666666667,,-0.7432273012319968,-0.6032232140725603,-0.14000408715943646
2025-03-11 09:04:00,152.0,152.0,152.0,152.0,1,152.0,152.075,153.06666666666666,,-0.6370236699034422,-0.6099833135265946,-0.02704035637684754
2025-03-11 09:08:00,150.0,150.0,150.0,150.0,1060,159000.0,151.875,153.00833333333333,,-0.7048450993219433,-0.6289556892937163,-0.07588941002822702
2025-03-11 09:09:00,149.0,149.0,149.0,149.0,1000,149000.0,151.6,152.94166666666666,,-0.8291251999331735,-0.6689896228337419,-0.1601355770994316
2025-03-11 09:10:00,152.0,152.0,147.0,147.0,2501,371152.0,151.25,152.84166666666667,,-1.0754954231829572,-0.7502908339371822,-0.325204589245775
2025-03-11 09:11:00,148.5,148.5,148.5,148.5,10,1485.0,150.975,152.75833333333333,,-1.1373244978279047,-0.827697605586541,-0.30962689224136364
2025-03-11 09:12:00,147.0,148.0,145.0,145.0,2750,404250.0,150.525,152.61666666666667,,-1.4503766640175968,-0.9522334673031057,-0.49814319671449114
2025-03-11 09:13:00,148.0,149.0,148.0,149.0,2,297.0,150.325,152.51666666666668,,-1.3617052384806811,-1.03412784785846,-0.32757739062222124
2025-03-11 09:29:00,149.0,149.0,149.0,149.0,10,1490.0,150.2,152.40833333333333,,-1.276707625600693,-1.0826438158808513,-0.19406380971984172
2025-03-11 09:31:00,149.0,149.0,149.0,149.0,1000,149000.0,150.05,152.30833333333334,,-1.1955580724483355,-1.1052266718393722,-0.09033140060896327
2025-03-11 09:33:00,150.0,150.0,150.0,150.0,1,150.0,149.95,152.225,,-1.0389161324261522,-1.091964561774442,0.053048429348289794
2025-03-11 09:43:00,148.0,150.0,148.0,149.0,1301,193550.0,149.825,152.14166666666668,,-0.9838085427578278,-1.0703333551235792,0.08652481236575138
2025-03-11 09:44:00,150.0,150.0,150.0,150.0,1,150.0,149.825,152.05833333333334,,-0.8499357633459113,-1.0262538321259298,0.17631806878001854
2025-03-11 10:01:00,150.0,150.0,150.0,150.0,20,3000.0,149.725,151.99166666666667,,-0.7353632681879674,-0.9680757144368406,0.23271244624887322
2025-03-11 10:39:00,149.5,149.5,149.0,149.0,4000,597000.0,149.575,151.9,,-0.7167406369810578,-0.9178086955576936,0.2010680585766358
2025-03-11 10:40:00,149.5,149.5,149.0,149.0,4000,597000.0,149.5,151.825,,-0.6939790196861679,-0.8730427579696137,0.1790637382834458
2025-03-11 10:41:00,150.0,150.0,150.0,150.0,1000,150000.0,149.475,151.775,,-0.5886760617451046,-0.8161694162714284,0.2274933545263238
2025-03-11 10:44:00,149.5,150.0,149.5,150.0,3000,449000.0,149.425,151.725,,-0.4994652094479477,-0.7528285727209201,0.2533633632729724
2025-03-11 10:46:00,150.0,150.0,149.5,149.5,4000,599000.0,149.3,151.68333333333334,,-0.4636732147440057,-0.6949974995289956,0.2313242847849899
2025-03-11 10:47:00,150.0,150.0,149.5,149.5,4000,599000.0,149.225,151.64166666666668,,-0.43034599952926555,-0.6420671983600528,0.21172119883078722
2025-03-11 10:51:00,150.0,150.0,149.5,149.5,4000,599000.0,149.2,151.61666666666667,,-0.39932982199107414,-0.5935197222284975,0.19418990023742333
2025-03-11 10:52:00,150.0,150.0,150.0,150.0,1,150.0,149.1,151.6,,-0.3306645356282445,-0.540948684165367,0.21028414853712252
2025-03-11 11:02:00,150.0,150.0,150.0,150.0,25,3750.0,149.1,151.56666666666666,,-0.27309885525895083,-0.48737871777832414,0.2142798625193733
2025-03-11 11:12:00,150.0,150.0,150.0,150.0,5,750.0,149.15,151.53333333333333,,-0.2248854401414917,-0.4348800617760414,0.20999462163454968
2025-03-11 11:22:00,149.5,149.5,149.5,149.5,2000,299000.0,149.275,151.475,,-0.22437704693606975,-0.39277945850336476,0.16840241156729502
2025-03-11 11:26:00,150.0,150.0,150.0,150.0,1,150.0,149.35,151.43333333333334,,-0.18158857579572896,-0.3505412817172953,0.16895270592156636
2025-03-11 11:29:00,150.0,150.0,150.0,150.0,4000,600000.0,149.6,151.375,,-0.14599558865802464,-0.309632142915963,0.16363655425793838
2025-03-11 11:31:00,151.5,151.5,151.5,151.5,1,151.5,149.725,151.35833333333332,,0.0030750047839092076,-0.24709071314425093,0.2501657179281601
2025-03-11 11:58:00,150.5,150.5,150.5,150.5,25,3762.5,149.8,151.31666666666666,,0.040144278862101146,-0.1896437145726917,0.22978799343479284
2025-03-11 12:37:00,150.0,150.5,150.0,150.5,2001,300150.5,149.875,151.275,,0.0687292252272016,-0.1379691264901708,0.20669835171737239
2025-03-11 12:56:00,150.0,150.0,150.0,150.0,2000,300000.0,149.875,151.21666666666667,,0.05049153890641378,-0.10027699333934673,0.1507685322457605
2025-03-11 13:03:00,150.0,150.0,150.0,150.0,2000,300000.0,149.925,151.15,,0.03562743010868985,-0.07309610860848671,0.10872353871717656
2025-03-11 13:04:00,150.5,150.5,150.5,150.5,1,150.5,149.95,151.08333333333334,,0.06343068381082162,-0.045790750091471766,0.10922143390229339
2025-03-12 09:02:00,151.0,151.0,151.0,151.0,1,151.0,150.0,151.03333333333333,,0.12434788769641614,-0.011763022500841885,0.13611091019725802
2025-03-12 09:09:00,150.0,150.0,150.0,150.0,1000,150000.0,150.05,150.95833333333334,,0.09093877097447489,0.008777336210182713,0.08216143476429218
2025-03-12 09:12:00,151.0,151.0,151.0,151.0,1001,151151.0,150.15,150.9,,0.14344989422608023,0.035711847830106155,0.10773804639597408
2025-03-12 09:13:00,151.0,151.0,151.0,151.0,50,7550.0,150.2,150.84166666666667,,0.18295586965706434,0.06516065221014336,0.11779521744692098
2025-03-12 09:14:00,151.5,151.5,151.5,151.5,50,7575.0,150.275,150.79166666666666,,0.25168730744334766,0.10246598327162647,0.14922132417172118
2025-03-12 09:15:00,152.0,152.0,152.0,152.0,1,152.0,150.4,150.75,,0.34253431404022194,0.15047964944062767,0.19205466459959428
2025-03-12 09:17:00,152.0,152.0,152.0,152.0,100,15200.0,150.525,150.70833333333334,,0.4098065055214022,0.20234502066998902,0.20746148485141316
2025-03-12 09:32:00,152.0,152.0,152.0,152.0,20,3040.0,150.65,150.675,,0.45784186760297985,0.25344439006699626,0.20439747753598358
2025-03-12 09:36:00,152.0,152.0,152.0,152.0,5,760.0,150.75,150.64166666666668,,0.49025831552779664,0.30080717516687466,0.18945114036092198
2025-03-12 09:57:00,151.0,151.5,151.0,151.0,6000,906500.0,150.8,150.59166666666667,,0.43032517419675287,0.32671077497622736,0.10361439922052551
2025-03-12 09:58:00,150.0,150.0,150.0,150.0,2000,300000.0,150.8,150.51666666666668,,0.2987196126194931,0.3211125425042966,-0.022392929884803514
2025-03-12 10:03:00,151.0,151.0,151.0,151.0,1,151.0,150.875,150.46666666666667,,0.27195320037256465,0.3112806740771299,-0.03932747370456524
2025-03-12 10:15:00,151.0,151.0,151.0,151.0,1000,151000.0,150.925,150.41666666666666,,0.24788311647091632,0.2986011625550409,-0.05071804608412456
2025-03-12 10:20:00,151.0,151.0,151.0,151.0,2000,302000.0,150.975,150.36666666666667,,0.22619985292323008,0.28412090062790546,-0.05792104770467538
2025-03-12 10:31:00,151.5,151.5,151.5,151.5,1,151.5,150.975,150.34166666666667,,0.24650993061027293,0.27659870662405767,-0.030088776013784735
2025-03-12 10:36:00,151.5,151.5,151.5,151.5,30,4545.0,151.025,150.34166666666667,,0.2596130029756125,0.27320156589425254,-0.013588562918640024
2025-03-12 10:42:00,151.5,151.5,151.5,151.5,20,3030.0,151.075,150.33333333333334,,0.266920260089222,0.2719453047332121,-0.0050250446439901175
2025-03-12 10:52:00,151.5,151.5,151.5,151.5,1,151.5,151.15,150.325,,0.26960338127938144,0.27147692004243573,-0.0018735387630542943
2025-03-12 12:34:00,150.5,151.5,150.5,151.5,4001,603151.5,151.225,150.325,,0.26863304298078106,0.2709081446300948,-0.002275101649313771
2025-03-12 12:51:00,150.0,151.0,150.0,151.0,4000,603000.0,151.25,150.34166666666667,,0.22493202615586938,0.26171292093512105,-0.03678089477925167
2025-03-12 12:52:00,151.5,151.5,151.5,151.5,1,151.5,151.275,150.33333333333334,,0.22800986280589086,0.2549723093091995,-0.026962446503308646
2025-03-12 13:10:00,151.0,151.5,151.0,151.5,2001,302151.5,151.35,150.325,,0.22782280492947393,0.24954240843320574,-0.02171960350373181
2025-03-12 13:14:00,150.5,151.5,150.5,151.5,1001,150651.5,151.375,150.34166666666667,,0.2250799222947535,0.24464991120548024,-0.019569988910726754
2025-03-12 13:34:00,151.0,151.0,151.0,151.0,2000,302000.0,151.375,150.35,,0.1804847537561045,0.23181687971553153,-0.051332125959427016
2025-03-12 13:36:00,151.5,151.5,151.5,151.5,1,151.5,151.375,150.35833333333332,,0.18337021569797685,0.22212754691197617,-0.038757331213999324
2025-03-12 13:44:00,150.0,150.0,150.0,150.0,1000,150000.0,151.275,150.325,,0.0638956984551271,0.19048117722049024,-0.12658547876536314
2025-03-12 13:55:00,151.5,151.5,151.5,151.5,1,151.5,151.25,150.33333333333334,,0.08920867423529444,0.1702266766233916,-0.08101800238809717
2025-03-12 13:58:00,151.0,151.0,151.0,151.0,2000,302000.0,151.2,150.35,,0.06814168889289363,0.14980967907724405,-0.08166799018435042
2025-03-12 13:59:00,150.5,150.5,150.5,150.5,1000,150500.0,151.125,150.325,,0.01097698504909772,0.12204314027156261,-0.1110661552224649
2025-03-12 14:03:00,151.5,151.5,151.5,151.5,1,151.5,151.15,150.35,,0.04583065936725461,0.10680064409067809,-0.06096998472342348
2025-03-12 14:22:00,151.5,151.5,151.5,151.5,30,4545.0,151.225,150.39166666666668,,0.07261535071432945,0.09996358541540014,-0.027348234701070687
2025-03-12 14:27:00,151.0,151.0,151.0,151.0,1000,151000.0,151.225,150.45833333333334,,0.052889570572205,0.09054878244675206,-0.03765921187454706
2025-03-13 09:01:00,150.5,150.5,150.5,150.5,1000,150500.0,151.2,150.49166666666667,,-0.0030514055655714856,0.07182874484427294,-0.07488015040984443
2025-03-13 09:04:00,150.5,150.5,150.5,150.5,1000,150500.0,151.175,150.58333333333334,,-0.046844998867697996,0.04809399610186414,-0.09493899496956214
2025-03-13 09:05:00,151.0,151.0,151.0,151.0,1,151.0,151.15,150.61666666666667,,-0.04073841223728891,0.030327514434024785,-0.0710659266713137
2025-03-13 09:08:00,151.0,151.5,151.0,151.5,3001,453151.5,151.15,150.65833333333333,,0.004394294768559348,0.02514087050092965,-0.020746575732370303
2025-03-13 09:09:00,150.5,151.5,150.5,151.5,1001,150651.5,151.15,150.7,,0.03970457904912905,0.02805361221057045,0.011650966838558603
2025-03-13 09:11:00,150.5,151.0,150.5,151.0,3000,452500.0,151.125,150.71666666666667,,0.027032472983790967,0.027849384365214502,-0.0008169113814235351
2025-03-13 09:34:00,149.0,150.0,149.0,150.0,2006,299900.0,151.05,150.73333333333332,,-0.06297285570536815,0.009684936351094313,-0.07265779205646246
2025-03-13 09:48:00,150.0,150.0,150.0,150.0,1,150.0,151.0,150.73333333333332,,-0.13277217444422718,-0.018806485807974577,-0.1139656886362526
2025-03-13 09:53:00,150.5,150.5,150.5,150.5,1,150.5,150.95,150.74166666666667,,-0.14606043358023157,-0.04425727536242926,-0.10180315821780231
2025-03-13 10:23:00,150.0,150.0,150.0,150.0,3000,450000.0,150.875,150.75833333333333,,-0.19469175390426585,-0.07434417107079967,-0.12034758283346618
2025-03-13 10:47:00,149.5,149.5,149.5,149.5,1000,149500.0,150.775,150.76666666666668,,-0.2704593828433417,-0.11356721342531131,-0.15689216941803039
2025-03-13 11:10:00,149.5,149.5,149.5,149.5,1000,149500.0,150.7,150.75833333333333,,-0.32673929332392504,-0.15620162940503687,-0.17053766391888817
2025-03-13 11:13:00,149.5,150.0,149.5,150.0,5000,749000.0,150.625,150.75833333333333,,-0.3272246230590383,-0.19040622813583893,-0.1368183949231994
2025-03-13 11:17:00,149.5,150.0,149.5,150.0,6000,898500.0,150.625,150.76666666666668,,-0.3238757977275952,-0.2171001420541913,-0.10677565567340394
2025-03-13 11:20:00,150.0,150.0,150.0,150.0,3000,450000.0,150.55,150.775,,-0.3175611699848844,-0.23719234764033056,-0.08036882234455381
2025-03-13 12:28:00,149.5,149.5,149.5,149.5,1000,149500.0,150.475,150.775,,-0.34888013600274803,-0.25952990531281467,-0.08935023068993336
2025-03-13 12:38:00,149.5,150.0,149.5,150.0,6130,919450.0,150.45,150.775,,-0.3295566057434769,-0.2735352453989474,-0.05602136034452948
2025-03-13 13:19:00,149.5,149.5,149.5,149.5,25,3737.5,150.35,150.76666666666668,,-0.35054682541505144,-0.2889375614021685,-0.06160926401288297
2025-03-14 09:01:00,149.5,149.5,149.5,149.5,1003,149948.5,150.25,150.75833333333333,,-0.36299730524370943,-0.30374951017047686,-0.05924779507323258
2025-03-14 09:02:00,150.0,150.0,150.0,150.0,2000,300000.0,150.2,150.76666666666668,,-0.3287297515832961,-0.3087455584530407,-0.0199841931302554
2025-03-14 09:53:00,149.5,150.0,149.5,150.0,4000,599000.0,150.175,150.76666666666668,,-0.2981357416897765,-0.30662359510038784,0.008487853410611312
2025-03-14 09:54:00,149.0,149.0,149.0,149.0,500,74500.0,150.1,150.75,,-0.35053961753462204,-0.3154067995872347,-0.03513281794738732
2025-03-14 09:57:00,149.0,149.0,149.0,149.0,1000,149000.0,150.0,150.70833333333334,,-0.38760201828532104,-0.3298458433268521,-0.057756174958468964
2025-03-14 10:15:00,148.5,148.5,148.5,148.5,100,14850.0,149.85,150.675,,-0.45210800436146314,-0.35429827553377435,-0.09780972882768879
2025-03-14 10:19:00,148.5,149.0,148.5,149.0,5000,744000.0,149.725,150.65,,-0.4576089876140088,-0.3749604179498213,-0.08264856966418749
2025-03-14 10:42:00,148.5,149.0,148.5,149.0,2050,304950.0,149.625,150.63333333333333,,-0.4567039493803975,-0.3913091242359366,-0.06539482514446088
2025-03-14 10:46:00,148.5,149.0,148.5,149.0,4000,595000.0,149.575,150.61666666666667,,-0.4507902634340155,-0.4032053520755524,-0.0475849113584631
2025-03-14 10:53:00,149.0,149.0,149.0,149.0,10,1490.0,149.525,150.59166666666667,,-0.4410198167271062,-0.4107682450058632,-0.030251571721243042
2025-03-14 11:07:00,148.5,148.5,148.5,148.5,1000,148500.0,149.425,150.55,,-0.468224791252112,-0.4222595542551129,-0.045965236996999115
2025-03-14 11:19:00,148.5,149.0,147.0,148.5,12165,1799502.5,149.35,150.525,,-0.4842033273298796,-0.4346483088700662,-0.04955501845981336
2025-03-14 11:23:00,148.0,148.0,148.0,148.0,2000,296000.0,149.275,150.475,,-0.5310899258215045,-0.45393663226035386,-0.07715329356115064
2025-03-14 11:38:00,148.0,148.0,148.0,148.0,1000,148000.0,149.2,150.425,,-0.5617721251466605,-0.47550373083761516,-0.08626839430904537
2025-03-14 12:01:00,147.5,147.5,147.5,147.5,300,44250.0,149.075,150.35833333333332,,-0.6192947470547665,-0.5042619340810455,-0.11503281297372103
2025-03-14 12:04:00,147.5,147.5,147.5,147.5,1000,147500.0,148.95,150.28333333333333,,-0.6573048298718334,-0.5348705132392031,-0.12243431663263027
2025-03-14 12:54:00,148.0,148.0,148.0,148.0,2004,296592.0,148.85,150.21666666666667,,-0.6397082884013514,-0.5558380682716327,-0.08387022012971868
2025-03-14 13:03:00,148.5,148.5,148.5,148.5,4000,594000.0,148.8,150.15833333333333,,-0.5787458235281235,-0.5604196193229309,-0.018326204205192598
2025-03-14 14:19:00,148.5,148.5,148.5,148.5,100,14850.0,148.725,150.1,,-0.5243878128522965,-0.5532132580288041,0.028825445176507536
2025-03-14 14:38:00,149.0,149.0,149.0,149.0,10,1490.0,148.7,150.06666666666666,,-0.43593779953263834,-0.529758166329571,0.09382036679693262
2025-03-17 09:01:00,148.0,148.0,148.0,148.0,2000,296000.0,148.625,150.03333333333333,,-0.44144322000531133,-0.5120951770647191,0.07065195705940774
2025-03-17 09:12:00,149.0,149.0,149.0,149.0,1,149.0,148.575,150.0,,-0.360954053638892,-0.4818669523795536,0.12091289874066163
2025-03-17 09:41:00,149.0,149.0,149.0,149.0,25,3725.0,148.525,149.96666666666667,,-0.29377930488089987,-0.4442494228798229,0.15047011799892301
2025-03-17 09:59:00,149.0,149.0,149.0,149.0,1000,149000.0,148.525,149.93333333333334,,-0.2378016040311195,-0.4029598591100822,0.1651582550789627
2025-03-17 10:55:00,149.5,149.5,149.5,149.5,3,448.5,148.55,149.9,,-0.15134849866382183,-0.35263758702083015,0.20128908835700832
2025-03-17 11:44:00,149.5,149.5,149.0,149.0,3000,447500.0,148.575,149.85833333333332,,-0.1217757663943928,-0.3064652228955427,0.18468945650114987
2025-03-17 11:56:00,149.5,149.5,148.5,148.5,3000,447500.0,148.55,149.80833333333334,,-0.13710444565231228,-0.2725930674468966,0.13548862179458432
2025-03-17 12:05:00,149.5,149.5,149.5,149.5,1,149.5,148.575,149.775,,-0.0677797242900624,-0.23163039881552974,0.16385067452546734
2025-03-17 12:07:00,149.5,149.5,149.5,149.5,5,747.5,148.6,149.74166666666667,,-0.012693066437776679,-0.18784293233997912,0.17514986590220244
2025-03-17 14:59:00,149.5,150.0,148.0,149.0,9000,1343500.0,148.6,149.70833333333334,,-0.009275328435791153,-0.15212941155914153,0.14285408312335038
2025-03-18 09:29:00,148.5,148.5,148.5,148.5,3000,445500.0,148.6,149.65833333333333,,-0.04637789050136121,-0.13097910734758547,0.08460121684622426
2025-03-18 09:37:00,149.0,149.0,149.0,149.0,6000,894000.0,148.625,149.61666666666667,,-0.03503234248066178,-0.11178975437420073,0.07675741189353895
2025-03-18 09:44:00,149.0,149.0,148.5,148.5,3030,449957.5,148.65,149.56666666666666,,-0.06563013891704372,-0.10255783128276934,0.036927692365725615
2025-03-18 09:48:00,148.0,148.0,148.0,148.0,200,29600.0,148.65,149.51666666666668,,-0.128740840463621,-0.10779443311893967,-0.020946407344681325
2025-03-18 10:10:00,148.0,148.5,148.0,148.5,3000,445000.0,148.7,149.46666666666667,,-0.13683341877595012,-0.11360223025034177,-0.02323118852560835
2025-03-18 10:40:00,149.5,149.5,149.5,149.5,2000,299000.0,148.8,149.45833333333334,,-0.061842405808135936,-0.10325026536190061,0.04140785955376468
2025-03-18 12:07:00,148.0,148.0,148.0,148.0,1000,148000.0,148.8,149.4,,-0.12204201110961321,-0.10700861451144314,-0.015033396598170073
2025-03-18 12:13:00,148.0,148.5,148.0,148.5,3000,444500.0,148.8,149.35833333333332,,-0.12793014692420002,-0.11119292099399453,-0.01673722593020549
2025-03-18 12:47:00,149.0,149.0,149.0,149.0,1,149.0,148.825,149.33333333333334,,-0.09119945823189823,-0.10719422844157528,0.015994770209677045
2025-03-18 14:41:00,148.0,148.0,148.0,148.0,100,14800.0,148.775,149.275,,-0.1411545618251182,-0.11398629511828388,-0.027168266706834324
2025-03-18 14:46:00,148.0,148.5,148.0,148.5,3000,445000.0,148.8,149.225,,-0.1387985646412062,-0.11894874902286835,-0.01984981561833786
2025-03-19 09:04:00,148.0,148.0,148.0,148.0,2000,296000.0,148.75,149.175,,-0.17525696138756075,-0.13021039149580685,-0.0450465698917539
2025-03-19 09:05:00,148.0,148.0,148.0,148.0,1000,148000.0,148.7,149.13333333333333,,-0.20182400158839187,-0.14453311351432385,-0.057290888074068014
2025-03-19 09:10:00,148.5,148.5,148.5,148.5,2000,297000.0,148.675,149.1,,-0.18045262783286375,-0.15171701637803184,-0.028735611454831916
2025-03-19 09:11:00,148.0,148.5,148.0,148.5,2001,296148.5,148.625,149.05833333333334,,-0.16165223377157645,-0.15370405985674077,-0.007948173914835682
2025-03-19 09:29:00,148.0,148.0,148.0,148.0,5000,740000.0,148.575,149.0,,-0.18496641016631088,-0.1599565299186548,-0.025009880247656074
2025-03-19 09:42:00,147.5,147.5,147.5,147.5,1000,147500.0,148.525,148.93333333333334,,-0.2410106452445291,-0.17616735298382968,-0.0648432922606994
2025-03-19 09:43:00,148.5,148.5,148.5,148.5,20,2970.0,148.475,148.89166666666668,,-0.20240133902555613,-0.181414150192175,-0.020987188833381132
2025-03-19 09:44:00,148.5,148.5,148.5,148.5,25,3712.5,148.425,148.86666666666667,,-0.16984531462719588,-0.1791003830791792,0.009255068451983317
2025-03-19 12:08:00,148.5,148.5,148.5,148.5,5,742.5,148.4,148.84166666666667,,-0.14240289876985912,-0.1717608862173152,0.029357987447456074
2025-03-19 12:11:00,148.5,148.5,148.5,148.5,5,742.5,148.4,148.80833333333334,,-0.11927960545358474,-0.16126463006456912,0.041985024610984384
2025-03-19 12:29:00,147.5,148.0,147.5,148.0,3000,443500.0,148.35,148.775,,-0.13968978110767694,-0.15694966027319068,0.017259879165513747
2025-03-19 13:03:00,147.5,148.0,147.5,148.0,2260,333980.0,148.325,148.75,,-0.15408875299971214,-0.15637747881849498,0.0022887258187828385
2025-03-19 13:05:00,147.5,147.5,147.5,147.5,1000,147500.0,148.3,148.71666666666667,,-0.20350003095862235,-0.16580198924652048,-0.037698041712101865
2025-03-19 13:12:00,148.0,148.0,148.0,148.0,1,148.0,148.275,148.68333333333334,,-0.20000745154032984,-0.17264308170528236,-0.027364369835047475
2025-03-19 13:20:00,148.0,148.0,148.0,148.0,1000,148000.0,148.2,148.65,,-0.1949918128720185,-0.17711282793862962,-0.01787898493338888
2025-03-19 13:30:00,147.5,147.5,147.5,147.5,1000,147500.0,148.175,148.60833333333332,,-0.2287260840704164,-0.18743547916498698,-0.04129060490542941
2025-03-19 14:02:00,147.5,148.0,147.5,148.0,2001,296147.5,148.15,148.58333333333334,,-0.21266347118711337,-0.1924810775694123,-0.020182393617701078
2025-03-20 09:04:00,148.5,148.5,148.5,148.5,4000,594000.0,148.125,148.55833333333334,,-0.157769254792413,-0.18553871301401245,0.027769458221599458
2025-03-20 09:08:00,148.0,148.0,148.0,148.0,451,66748.0,148.125,148.53333333333333,,-0.15284905873681964,-0.1790007821585739,0.026151723421754258
2025-03-20 09:14:00,148.0,148.0,148.0,148.0,100,14800.0,148.1,148.50833333333333,,-0.14725233462644383,-0.1726510926521479,0.02539875802570407
2025-03-20 09:17:00,148.5,148.5,148.5,148.5,2005,297742.5,148.125,148.48333333333332,,-0.10130331324501185,-0.1583815367707207,0.05707822352570885
2025-03-20 09:39:00,148.5,148.5,148.5,148.5,3000,445500.0,148.15,148.45833333333334,,-0.06414891404278933,-0.13953501222513442,0.0753860981823451
2025-03-20 09:40:00,148.5,148.5,148.5,148.5,2000,297000.0,148.15,148.45,,-0.03430830029429899,-0.11848966983896733,0.08418136954466834
2025-03-20 10:40:00,148.0,148.0,148.0,148.0,4000,592000.0,148.125,148.43333333333334,,-0.05042395972421332,-0.10487652781601654,0.054452568091803225
2025-03-20 10:41:00,148.5,148.5,148.5,148.5,110,16335.0,148.15,148.43333333333334,,-0.02258952082502219,-0.08841912641781767,0.06582960559279548
2025-03-20 10:48:00,148.0,148.0,148.0,148.0,1000,148000.0,148.175,148.41666666666666,,-0.040410517644517086,-0.07881740466315756,0.03840688701864048
2025-03-20 10:51:00,148.0,148.0,147.0,147.0,7,1035.0,148.1,148.38333333333333,,-0.13368439102910656,-0.08979080193634738,-0.043893589092759186
2025-03-20 10:52:00,148.0,148.0,148.0,148.0,1000,148000.0,148.075,148.36666666666667,,-0.12546666990758126,-0.09692597553059416,-0.0285406943769871
2025-03-20 10:57:00,148.0,148.0,148.0,148.0,2000,296000.0,148.05,148.35,,-0.11759846480205738,-0.10106047338488681,-0.016537991417170564
2025-03-20 11:29:00,148.0,148.5,148.0,148.0,4002,592297.0,148.025,148.34166666666667,,-0.1100937631876775,-0.10286713134544495,-0.007226631842232545
2025-03-20 11:33:00,148.5,148.5,148.5,148.5,100,14850.0,148.05,148.34166666666667,,-0.06307334414216825,-0.09490837390478962,0.03183502976262137
2025-03-20 11:55:00,148.0,148.0,148.0,148.0,3000,444000.0,148.05,148.34166666666667,,-0.06540123743766912,-0.08900694661136553,0.023605709173696407
2025-03-20 12:05:00,148.0,148.0,148.0,148.0,1,148.0,148.075,148.34166666666667,,-0.06647977220592338,-0.0845015117302771,0.018021739524353722
2025-03-20 12:06:00,147.5,147.5,147.5,147.5,1000,147500.0,148.05,148.34166666666667,,-0.10645321164724919,-0.08889185171367153,-0.017561359933577658
2025-03-20 12:12:00,148.0,148.0,148.0,148.0,100,14800.0,148.05,148.35,,-0.09667225341894436,-0.09044793205472611,-0.006224321364218258
2025-03-20 12:13:00,148.0,148.0,148.0,148.0,5,740.0,148.075,148.35,,-0.08790743140266954,-0.0899398319243148,0.0020324005216452584
2025-03-20 12:35:00,148.0,148.0,148.0,148.0,1000,148000.0,148.075,148.34166666666667,,-0.0800386115133449,-0.08795958784212084,0.007920976328775933
2025-03-20 12:38:00,147.5,147.5,147.5,147.5,1000,147500.0,148.025,148.325,,-0.11284749911953895,-0.09293717009760447,-0.019910329021934486
2025-03-20 12:57:00,148.0,148.0,148.0,148.0,1,148.0,148.025,148.30833333333334,,-0.09738041815836596,-0.09382581970975677,-0.0035545984486091836
2025-03-20 13:54:00,148.0,148.0,148.0,148.0,100,14800.0,148.025,148.30833333333334,,-0.0841525864284165,-0.09189117305348873,0.007738586625072236
2025-03-20 14:17:00,148.0,148.0,148.0,148.0,700,103600.0,148.0,148.29166666666666,,-0.0728298967655121,-0.08807891779589341,0.01524902103038131
2025-03-20 14:20:00,148.0,148.0,148.0,148.0,3000,444000.0,147.975,148.275,,-0.0631288732767814,-0.08308890889207102,0.019960035615289612
2025-03-21 09:27:00,147.5,147.5,147.5,147.5,1000,147500.0,147.925,148.25,,-0.09469497778988512,-0.08541012267163385,-0.009284855118251265
2025-03-21 09:32:00,148.0,148.0,148.0,148.0,25,3700.0,147.925,148.225,,-0.07846107226868071,-0.08402031259104323,0.005559240322362519
2025-03-21 09:34:00,148.0,148.0,148.0,148.0,5,740.0,147.9,148.20833333333334,,-0.06484805714831055,-0.0801858615024967,0.01533780435418615
2025-03-21 09:51:00,147.5,147.5,147.5,147.5,2000,295000.0,147.875,148.19166666666666,,-0.09332961932807393,-0.08281461306761215,-0.010515006260461784
2025-03-21 10:00:00,147.5,147.5,147.5,147.5,1000,147500.0,147.9,148.15833333333333,,-0.11458064815718672,-0.08916782008552707,-0.02541282807165965
2025-03-21 10:01:00,147.5,147.5,147.5,147.5,1000,147500.0,147.875,148.125,,-0.12992455223897537,-0.09731916651621673,-0.03260538572275863
2025-03-21 10:05:00,147.0,147.0,147.0,147.0,1000,147000.0,147.825,148.09166666666667,,-0.1803515470604964,-0.11392564262507267,-0.06642590443542372
2025-03-21 10:06:00,147.5,147.5,147.5,147.5,70,10325.0,147.8,148.075,,-0.1779185487559687,-0.12672422385125187,-0.051194324904716815
2025-03-21 10:08:00,147.0,147.0,147.0,147.0,2000,294000.0,147.725,148.04166666666666,,-0.21387083101657822,-0.14415354528431715,-0.06971728573226108
2025-03-21 10:09:00,146.5,146.5,146.5,146.5,1,146.5,147.65,148.00833333333333,,-0.27948733845934726,-0.1712203039193232,-0.10826703454002407
2025-03-21 10:21:00,145.0,145.0,145.0,145.0,200,29000.0,147.5,147.95833333333334,,-0.44736936034874475,-0.22645011520520753,-0.22091924514353722
2025-03-21 10:33:00,145.5,145.5,145.5,145.5,1,145.5,147.4,147.90833333333333,,-0.5339165931806917,-0.28794341080030444,-0.2459731823803873
2025-03-21 10:37:00,145.5,145.5,145.5,145.5,10,1455.0,147.275,147.84166666666667,,-0.5956397346316464,-0.34948267556657286,-0.24615705906507357
2025-03-21 10:38:00,145.5,145.5,145.5,145.5,60,8730.0,147.15,147.8,,-0.6372104040181625,-0.40702822125689087,-0.23018218276127167
2025-03-21 10:44:00,145.5,145.5,145.5,145.5,100,14550.0,147.025,147.75,150.1375,-0.6625183597453201,-0.4581262489545768,-0.20439211079074332
2025-03-21 10:50:00,145.5,145.5,145.0,145.0,1011,146600.0,146.9,147.68333333333334,150.10208333333333,-0.7146825029567481,-0.5094374997550111,-0.205245003201737
2025-03-21 11:07:00,145.0,145.0,145.0,145.0,5,725.0,146.75,147.63333333333333,150.06666666666666,-0.7474073159663419,-0.5570314629972772,-0.19037585296906467
2025-03-21 11:13:00,144.5,144.5,144.5,144.5,1000,144500.0,146.575,147.56666666666666,150.03125,-0.8044149917821812,-0.6065081687542581,-0.19790682302792317
2025-03-21 11:37:00,144.0,144.5,144.0,144.0,2002,288288.5,146.375,147.5,149.99375,-0.8797980424562297,-0.6611661434946524,-0.2186318989615773
2025-03-21 11:48:00,144.0,144.0,144.0,144.0,29,4176.0,146.175,147.43333333333334,149.95416666666668,-0.9288326486114045,-0.7146994445180029,-0.21413320409340153
2025-03-21 12:01:00,144.0,144.0,144.0,144.0,1000,144000.0,146.0,147.35833333333332,149.91458333333333,-0.9566650876252822,-0.7630925731394589,-0.19357251448582335
2025-03-21 12:04:00,144.0,144.0,144.0,144.0,1000,144000.0,145.8,147.28333333333333,149.86875,-0.9675689633363618,-0.8039878511788395,-0.16358111215752225
2025-03-21 12:12:00,144.5,144.5,144.5,144.5,10,1445.0,145.625,147.225,149.82291666666666,-0.9251994192646293,-0.8282301647959975,-0.0969692544686318
2025-03-21 12:26:00,144.5,144.5,144.5,144.5,20,2890.0,145.475,147.175,149.77916666666667,-0.8814603243963006,-0.8388761967160583,-0.042584127680242334
2025-03-21 12:52:00,144.5,144.5,144.5,144.5,20,2890.0,145.325,147.10833333333332,149.73541666666668,-0.8371466708689752,-0.8385302915466418,0.0013836206776666193
2025-03-21 12:58:00,144.5,144.5,144.5,144.5,1000,144500.0,145.175,147.04166666666666,149.69583333333333,-0.7928878634474472,-0.8294018059268029,0.03651394247935569
2025-03-21 13:05:00,144.0,144.0,144.0,144.0,1000,144000.0,145.025,146.96666666666667,149.65,-0.7890624402421054,-0.8213339327898636,0.032271492547758185
2025-03-21 13:29:00,144.0,144.0,143.5,143.5,3050,437700.0,144.825,146.88333333333333,149.60625,-0.8169591889898697,-0.8204589840298648,0.0034997950399950906
2025-03-21 14:28:00,143.0,143.0,143.0,143.0,1000,143000.0,144.625,146.8,149.55833333333334,-0.8693915796043257,-0.8302455031447571,-0.03914607645956858
2025-03-21 14:35:00,143.0,143.0,143.0,143.0,2000,286000.0,144.45,146.71666666666667,149.51458333333332,-0.9005634915657197,-0.8443091008289497,-0.056254390736769966
2025-03-21 14:36:00,143.0,143.0,143.0,143.0,3000,429000.0,144.35,146.64166666666668,149.47291666666666,-0.9147230978942673,-0.8583919002420133,-0.05633119765225403
2025-03-21 14:38:00,143.0,143.0,143.0,143.0,1,143.0,144.225,146.55833333333334,149.43125,-0.915392611703993,-0.8697920425344093,-0.04560056916958366
2025-03-21 14:53:00,143.5,143.5,143.0,143.0,2100,300350.0,144.1,146.475,149.39375,-0.905485334922048,-0.8769307010119372,-0.028554633910110816
2025-03-24 09:02:00,143.0,143.0,143.0,143.0,2000,286000.0,143.975,146.4,149.35625,-0.8874043022842955,-0.8790254212664089,-0.00837888101788653
2025-03-24 09:07:00,142.5,142.5,142.5,142.5,112,15960.0,143.825,146.30833333333334,149.32083333333333,-0.9030114213383342,-0.883822621280794,-0.0191888000575402
2025-03-24 09:08:00,143.0,143.0,143.0,143.0,50,7150.0,143.725,146.21666666666667,149.2875,-0.8650624528994229,-0.88007058760452,0.015008134705097098
2025-03-24 09:21:00,142.5,142.5,142.5,142.5,1000,142500.0,143.6,146.125,149.24791666666667,-0.8653581333674083,-0.8771280967570977,0.011769963389689386
2025-03-24 09:44:00,143.0,143.0,143.0,143.0,3060,437580.0,143.525,146.04166666666666,149.21041666666667,-0.8158421208757716,-0.8648709015808325,0.04902878070506089
2025-03-24 09:49:00,142.5,142.5,142.5,142.5,6,855.0,143.45,145.94166666666666,149.16666666666666,-0.8076362179165244,-0.853423964847971,0.045787746931446605
2025-03-24 09:59:00,142.5,142.5,142.5,142.5,1000,142500.0,143.375,145.84166666666667,149.125,-0.7920032601213336,-0.8411398239026435,0.04913656378130993
2025-03-24 10:00:00,142.5,142.5,142.5,142.5,2000,285000.0,143.3,145.74166666666667,149.07916666666668,-0.7707295380851349,-0.8270577667391419,0.056328228654006995
2025-03-24 10:03:00,143.0,143.0,142.5,142.5,3000,428000.0,143.225,145.65,149.0375,-0.7452788494447873,-0.8107019832802711,0.06542313383548382
2025-03-24 10:14:00,142.5,142.5,142.5,142.5,530,75525.0,143.125,145.55,148.99375,-0.7168456449596761,-0.7919307156161522,0.07508507065647618
2025-03-24 10:18:00,143.0,143.0,142.5,142.5,1001,142643.0,143.025,145.45833333333334,148.95,-0.6863997366588421,-0.7708245198246904,0.08442478316584823
2025-03-24 10:28:00,142.5,142.5,142.5,142.5,2000,285000.0,142.925,145.38333333333333,148.90416666666667,-0.654723885577198,-0.747604392975192,0.09288050739799403
2025-03-24 11:04:00,142.5,142.5,142.5,142.5,300,42750.0,142.825,145.29166666666666,148.85625,-0.6224453824717102,-0.7225725908744958,0.10012720840278555
2025-03-24 11:49:00,142.0,142.0,142.0,142.0,1000,142000.0,142.725,145.19166666666666,148.80416666666667,-0.629948602145106,-0.7040477931286179,0.07409919098351192
2025-03-24 12:06:00,142.0,142.0,142.0,142.0,1000,142000.0,142.65,145.09166666666667,148.75416666666666,-0.628648291607476,-0.6889678928243895,0.06031960121691349
2025-03-24 12:22:00,142.0,142.0,142.0,142.0,15,2130.0,142.6,144.98333333333332,148.70208333333332,-0.6204654466942259,-0.6752674035983569,0.05480195690413103
2025-03-24 12:57:00,142.0,142.5,142.0,142.5,1600,227250.0,142.575,144.89166666666668,148.65208333333334,-0.5670975147005493,-0.6536334258187955,0.08653591111824621
2025-03-24 13:03:00,142.5,142.5,142.5,142.5,100,14250.0,142.55,144.8,148.60208333333333,-0.5188223826288834,-0.6266712171808131,0.10784883455192973
2025-03-24 13:16:00,142.5,142.5,142.5,142.5,1000,142500.0,142.525,144.71666666666667,148.55208333333334,-0.4750874799214557,-0.5963544697289417,0.12126698980748596
2025-03-24 13:34:00,142.0,142.0,142.0,142.0,120,17040.0,142.475,144.61666666666667,148.5,-0.47529418028915416,-0.5721424118409842,0.09684823155183009
2025-03-24 13:44:00,142.5,142.5,142.5,142.5,1500,213750.0,142.45,144.525,148.45,-0.43015362725770956,-0.5437446549243293,0.11359102766661977
2025-03-24 14:02:00,142.0,142.0,142.0,142.0,1,142.0,142.425,144.425,148.4,-0.4297711013362857,-0.5209499442067206,0.09117884287043487
2025-03-25 09:03:00,143.0,143.0,143.0,143.0,1000,143000.0,142.425,144.35,148.35416666666666,-0.3448016454294702,-0.4857202844512705,0.1409186390218003
2025-03-25 09:48:00,142.5,142.5,142.5,142.5,1000,142500.0,142.425,144.25833333333333,148.30625,-0.3141868107828998,-0.4514135897175964,0.1372267789346966
2025-03-25 10:15:00,142.0,142.0,142.0,142.0,3000,426000.0,142.375,144.15833333333333,148.25416666666666,-0.32650639261910896,-0.42643215029789894,0.09992575767878997
2025-03-25 10:25:00,142.0,142.0,142.0,142.0,1000,142000.0,142.35,144.05833333333334,148.20416666666668,-0.3324376160789484,-0.4076332434541089,0.0751956273751605
2025-03-25 10:26:00,142.5,142.5,142.5,142.5,2000,285000.0,142.35,143.96666666666667,148.15625,-0.29341008328961493,-0.3847886114212101,0.0913785281315952
2025-03-25 10:37:00,142.0,142.0,142.0,142.0,1000,142000.0,142.325,143.875,148.10625,-0.29937529168327615,-0.3677059474736234,0.06833065579034725
2025-03-25 10:38:00,142.0,142.0,142.0,142.0,1000,142000.0,142.3,143.775,148.06041666666667,-0.300637203767252,-0.35429219873234913,0.053654994965097125
2025-03-25 13:55:00,142.5,142.5,142.5,142.5,50,7125.0,142.3,143.68333333333334,148.02291666666667,-0.2583137764483183,-0.335096514275543,0.07678273782722467
2025-03-26 09:02:00,142.0,142.0,142.0,142.0,1000,142000.0,142.275,143.59166666666667,147.98125,-0.26209668920802187,-0.3204965492620388,0.05839986005401693
2025-03-26 09:05:00,142.0,142.0,142.0,142.0,1000,142000.0,142.25,143.5,147.93958333333333,-0.2620736528890575,-0.30881196998744254,0.04673831709838505
2025-03-26 09:09:00,142.0,142.0,142.0,142.0,25,3550.0,142.225,143.40833333333333,147.9,-0.25906901015602557,-0.29886337802115914,0.03979436786513357
2025-03-26 09:14:00,141.5,141.5,141.5,141.5,1000,141500.0,142.2,143.31666666666666,147.86458333333334,-0.2936486318241407,-0.29782042878175546,0.004171796957614771
2025-03-26 09:15:00,142.0,142.0,142.0,142.0,300,42600.0,142.2,143.225,147.82291666666666,-0.27750846496795134,-0.29375803601899464,0.0162495710510433
2025-03-26 09:18:00,141.5,141.5,141.5,141.5,1000,141500.0,142.175,143.13333333333333,147.77916666666667,-0.3015865853460866,-0.29532374588441307,-0.006262839461673553
2025-03-26 09:56:00,142.0,142.0,142.0,142.0,3000,426000.0,142.15,143.05833333333334,147.74375,-0.277128285529443,-0.29168465381341907,0.014556368283976051
2025-03-26 10:00:00,142.0,142.0,142.0,142.0,2000,284000.0,142.125,143.00833333333333,147.70833333333334,-0.2548076428180366,-0.28430925161434256,0.029501608796305978
2025-03-26 10:02:00,142.0,142.0,142.0,142.0,1000,142000.0,142.1,142.95,147.67083333333332,-0.2344161689806583,-0.27433063508760575,0.03991446610694743
2025-03-26 10:27:00,142.0,142.0,142.0,142.0,200,28400.0,142.1,142.89166666666668,147.62916666666666,-0.21576853370655158,-0.2626182148113949,0.04684968110484333
2025-03-26 10:44:00,141.5,141.5,141.5,141.5,400,56600.0,142.05,142.825,147.58958333333334,-0.23858570226343545,-0.257811712301803,0.019226010038367547
2025-03-26 13:54:00,141.0,141.5,141.0,141.0,2096,295581.0,142.0,142.75,147.55208333333334,-0.2936295157758195,-0.2649752729966063,-0.028654242779213246
2025-03-26 14:52:00,141.0,141.0,141.0,141.0,16,2256.0,141.9,142.68333333333334,147.50625,-0.33340880538483475,-0.278661979474252,-0.054746825910582775
2025-03-27 09:01:00,141.0,141.0,140.0,140.0,1020,142820.0,141.775,142.6,147.46458333333334,-0.44054746469771544,-0.3110390765189447,-0.12950838817877075
2025-03-27 09:16:00,140.0,140.0,140.0,140.0,16,2240.0,141.675,142.525,147.42708333333334,-0.5194675258151165,-0.35272476637817907,-0.1667427594369374
2025-03-27 09:17:00,140.0,140.0,140.0,140.0,500,70000.0,141.575,142.45833333333334,147.39791666666667,-0.5753796246868887,-0.39725573803992104,-0.1781238866469677
2025-03-27 09:21:00,140.0,140.0,140.0,140.0,1050,147000.0,141.45,142.39166666666668,147.3625,-0.6126283673961552,-0.4403302639111679,-0.1722981034849873
2025-03-27 09:37:00,140.0,140.0,139.5,139.5,4000,558500.0,141.325,142.31666666666666,147.33958333333334,-0.6747163753011591,-0.48720748618916626,-0.18750888911199287
2025-03-27 09:48:00,140.0,140.0,140.0,140.0,1000,140000.0,141.225,142.25,147.30208333333334,-0.6757857105528728,-0.5249231310619076,-0.15086257949096527
2025-03-27 09:57:00,140.0,140.0,140.0,140.0,2000,280000.0,141.1,142.175,147.26458333333332,-0.6689222471682399,-0.5537229542831741,-0.11519929288506581
2025-03-27 09:59:00,139.5,139.5,139.5,139.5,1006,140337.0,140.975,142.09166666666667,147.225,-0.6958078841480813,-0.5821399402561556,-0.1136679438919257
2025-03-27 10:06:00,139.5,139.5,139.5,139.5,1000,139500.0,140.85,142.00833333333333,147.18125,-0.7089426950678615,-0.6075004912184968,-0.10144220384936464
2025-03-27 10:07:00,139.0,139.0,139.0,139.0,100,13900.0,140.7,141.91666666666666,147.13958333333332,-0.7510404221964109,-0.6362084774140797,-0.11483194478233116
2025-03-27 10:08:00,138.5,138.5,138.5,138.5,1000,138500.0,140.55,141.825,147.09166666666667,-0.8153501466154012,-0.6720368112543441,-0.14331333536105706
2025-03-27 10:09:00,138.0,138.0,138.0,138.0,1000,138000.0,140.35,141.73333333333332,147.04166666666666,-0.8963295586617903,-0.7168953607358334,-0.17943419792595694
2025-03-27 10:11:00,138.5,138.5,138.5,138.5,50,6925.0,140.2,141.65833333333333,146.99791666666667,-0.9096743452102203,-0.7554511576307108,-0.15422318757950948
2025-03-27 10:13:00,138.0,138.0,138.0,138.0,1000,138000.0,140.0,141.575,146.95208333333332,-0.9496490429868061,-0.79429073470193,-0.15535830828487607
2025-03-27 10:29:00,138.0,138.0,138.0,138.0,1000,138000.0,139.8,141.49166666666667,146.90208333333334,-0.9701460393303591,-0.8294617956276159,-0.14068424370274324
2025-03-27 10:31:00,138.0,138.0,138.0,138.0,1000,138000.0,139.6,141.40833333333333,146.85208333333333,-0.9751491442794702,-0.8585992653579868,-0.11654987892148339
2025-03-27 11:08:00,138.0,138.0,138.0,138.0,1,138.0,139.4,141.325,146.80416666666667,-0.9679561450882375,-0.8804706413040371,-0.08748550378420039
2025-03-27 11:10:00,138.0,138.0,138.0,138.0,5,690.0,139.225,141.24166666666667,146.75625,-0.9512897651510457,-0.8946344660734389,-0.0566552990776068
2025-03-27 11:21:00,138.0,138.0,138.0,138.0,1000,138000.0,139.075,141.16666666666666,146.70833333333334,-0.9273911510674395,-0.9011858030722392,-0.026205347995200357
2025-03-27 11:38:00,138.0,138.0,138.0,138.0,15,2070.0,138.925,141.08333333333334,146.65833333333333,-0.8980986055481424,-0.9005683635674199,0.0024697580192775126
2025-03-27 11:39:00,137.5,138.0,137.5,138.0,2000,275500.0,138.825,141.00833333333333,146.60833333333332,-0.864913863553852,-0.8934374635647063,0.0285236000108543
2025-03-27 12:40:00,138.0,138.0,138.0,138.0,30,4140.0,138.725,140.925,146.55833333333334,-0.829057853574767,-0.8805615415667185,0.051503687991951486
2025-03-27 12:45:00,138.0,138.0,138.0,138.0,1000,138000.0,138.625,140.85,146.51041666666666,-0.7915175853167966,-0.8627527503167343,0.07123516499993765
2025-03-27 13:02:00,138.0,138.0,138.0,138.0,100,13800.0,138.525,140.775,146.46041666666667,-0.753085550809061,-0.8408193104151997,0.08773375960613872
2025-03-27 13:12:00,137.5,137.5,137.5,137.5,1000,137500.0,138.425,140.69166666666666,146.40833333333333,-0.7542788508289107,-0.8235112184979421,0.0692323676690314
2025-03-27 13:34:00,138.0,138.0,138.0,138.0,1000,138000.0,138.325,140.61666666666667,146.35208333333333,-0.7067319622314301,-0.8001553672446398,0.09342340501320967
2025-03-27 13:40:00,138.0,138.0,138.0,138.0,1000,138000.0,138.225,140.54166666666666,146.3,-0.6614262009401841,-0.7724095339837487,0.11098333304356456
2025-03-27 13:45:00,138.0,138.0,137.5,137.5,3000,413500.0,138.125,140.45833333333334,146.24583333333334,-0.6582786534786749,-0.749583357882734,0.09130470440405913
2025-03-27 14:58:00,138.0,138.0,138.0,138.0,500,69000.0,138.05,140.38333333333333,146.19583333333333,-0.6084248353427313,-0.7213516533747335,0.11292681803200222
2025-03-28 09:01:00,138.0,138.0,138.0,138.0,15,2070.0,138.0,140.30833333333334,146.14583333333334,-0.5624319597622502,-0.6895677146522369,0.12713575488998663
2025-03-28 09:10:00,137.5,137.5,137.5,137.5,5,687.5,137.95,140.23333333333332,146.09166666666667,-0.5598742143953075,-0.6636290146008511,0.10375480020554362
2025-03-28 09:19:00,137.5,137.5,137.5,137.5,2000,275000.0,137.925,140.15833333333333,146.03541666666666,-0.5514899499124226,-0.6412012016631654,0.0897112517507428
2025-03-28 09:29:00,137.0,137.0,137.0,137.0,2000,274000.0,137.85,140.075,145.98125,-0.5785223358596454,-0.6286654285024614,0.05014309264281602
2025-03-28 09:30:00,135.0,135.0,135.0,135.0,1210,163350.0,137.7,139.95,145.91458333333333,-0.7526528680297702,-0.6534629164079232,-0.09918995162184696
2025-03-28 09:35:00,136.0,136.0,136.0,136.0,20,2720.0,137.6,139.84166666666667,145.85208333333333,-0.800730602715845,-0.6829164536695076,-0.11781414904633736
2025-03-28 09:56:00,136.0,136.5,136.0,136.5,1002,136273.0,137.525,139.74166666666667,145.78958333333333,-0.7893871686072487,-0.7042105966570559,-0.08517657195019279
2025-03-28 09:57:00,136.5,136.5,135.0,135.5,5058,684827.0,137.4,139.63333333333333,145.72083333333333,-0.8512760772840409,-0.733623692782453,-0.11765238450158788
2025-03-28 09:58:00,135.5,135.5,135.5,135.5,100,13550.0,137.275,139.51666666666668,145.65208333333334,-0.8900633866201986,-0.7649116315500022,-0.12515175507019638
2025-03-28 09:59:00,135.5,135.5,135.5,135.5,1000,135500.0,137.15,139.40833333333333,145.58333333333334,-0.9103091316941345,-0.7939911315788287,-0.1163180001153058
2025-03-28 10:01:00,135.5,135.5,135.5,135.5,4000,542000.0,137.025,139.28333333333333,145.51458333333332,-0.9157972894393254,-0.8183523631509281,-0.0974449262883973
2025-03-28 10:38:00,135.5,135.5,134.5,134.5,4085,551002.5,136.85,139.15,145.44583333333333,-0.9894327715534814,-0.8525684448314388,-0.13686432672204263
2025-03-28 12:31:00,134.5,134.5,134.5,134.5,1000,134500.0,136.675,139.025,145.38125,-1.0358488014542502,-0.8892245161560012,-0.146624285298249
2025-03-28 13:44:00,135.5,135.5,135.5,135.5,10,1355.0,136.55,138.91666666666666,145.31666666666666,-0.9806380123288534,-0.9075072153905717,-0.07313079693828173
2025-03-28 13:54:00,135.5,135.5,135.5,135.5,1000,135500.0,136.425,138.8,145.25208333333333,-0.9262063340986231,-0.9112470391321821,-0.014959294966440995
2025-03-28 13:56:00,135.5,135.5,135.5,135.5,1000,135500.0,136.325,138.69166666666666,145.1875,-0.8730053744128554,-0.9035987061883168,0.03059333177546142
2025-03-28 14:33:00,135.0,135.0,135.0,135.0,1000,135000.0,136.175,138.575,145.11875,-0.861260971531749,-0.8951311592570034,0.03387018772525441
2025-03-31 09:01:00,135.0,135.0,134.0,134.5,3998,537729.5,136.0,138.44166666666666,145.04791666666668,-0.8821306163224563,-0.892531050670094,0.01040043434763771
2025-03-31 09:03:00,133.5,133.5,133.5,133.5,2000,267000.0,135.8,138.3,144.97291666666666,-0.968200786841237,-0.9076649979043226,-0.06053578893691436
2025-03-31 09:04:00,134.0,134.0,134.0,134.0,2000,268000.0,135.6,138.16666666666666,144.9,-0.9847150140359133,-0.9230750011306409,-0.061640012905272434
2025-03-31 09:09:00,134.0,134.0,134.0,134.0,1000,134000.0,135.4,138.03333333333333,144.82708333333332,-0.9864316876039538,-0.9357463384253035,-0.05068534917865031
2025-03-31 09:12:00,134.0,134.0,134.0,134.0,1000,134000.0,135.225,137.90833333333333,144.75625,-0.9765352730193229,-0.9439041253441075,-0.032631147675215355
2025-03-31 09:29:00,134.0,134.0,134.0,134.0,10,1340.0,135.05,137.775,144.68333333333334,-0.9576530647491097,-0.9466539132251081,-0.01099915152400166
2025-03-31 09:34:00,133.5,133.5,133.5,133.5,300,40050.0,134.875,137.64166666666668,144.60833333333332,-0.9718319264775346,-0.9516895158755935,-0.020142410601941108
2025-03-31 09:55:00,133.5,133.5,133.5,133.5,2000,267000.0,134.8,137.5,144.53333333333333,-0.9718657135698265,-0.9557247554144401,-0.01614095815538641
2025-03-31 10:02:00,133.0,133.0,133.0,133.0,2030,269990.0,134.65,137.35,144.45833333333334,-1.0007028320771951,-0.9647203707469912,-0.035982461330203885
2025-03-31 10:06:00,133.0,133.0,133.0,133.0,1000,133000.0,134.475,137.2,144.38125,-1.0118919952145689,-0.9741546956405068,-0.03773729957406202
2025-03-31 10:07:00,132.0,132.0,132.0,132.0,2000,264000.0,134.3,137.03333333333333,144.30625,-1.0888989806330471,-0.997103552639015,-0.09179542799403217
2025-03-31 10:11:00,132.0,132.0,132.0,132.0,1000,132000.0,134.125,136.875,144.225,-1.1368229836745343,-1.0250474388461188,-0.11177554482841545
2025-03-31 10:35:00,132.0,132.0,132.0,132.0,20,2640.0,133.95,136.725,144.14583333333334,-1.161415031827545,-1.052320957442404,-0.10909407438514096
2025-03-31 10:36:00,132.0,132.0,132.0,132.0,1020,134640.0,133.775,136.575,144.06875,-1.1674468070832518,-1.0753461273705736,-0.09210067971267821
2025-03-31 11:39:00,132.5,132.5,132.0,132.0,3000,397000.0,133.65,136.44166666666666,143.9875,-1.1588683198097272,-1.0920505658584043,-0.06681775395132283
2025-03-31 11:41:00,132.5,132.5,132.5,132.5,1300,172250.0,133.55,136.31666666666666,143.90833333333333,-1.0990547663070345,-1.0934514059481304,-0.005603360358904075
2025-03-31 12:10:00,132.0,132.0,132.0,132.0,1000,132000.0,133.375,136.18333333333334,143.82916666666668,-1.079553494858402,-1.0906718237301847,0.011118328871782657
2025-03-31 12:14:00,132.0,132.0,132.0,132.0,2000,264000.0,133.2,136.05,143.75208333333333,-1.0519721170013838,-1.0829318823844245,0.030959765383040683
2025-03-31 12:15:00,132.0,132.0,132.0,132.0,1000,132000.0,133.025,135.925,143.675,-1.018374489141877,-1.0700204037359151,0.05164591459403822
2025-03-31 12:30:00,131.5,131.5,131.5,131.5,1000,131500.0,132.85,135.78333333333333,143.59375,-1.0203321939340526,-1.0600827617755426,0.03975056784149
2025-03-31 13:01:00,131.5,132.0,131.5,132.0,4020,529140.0,132.725,135.65,143.5125,-0.9703522510341429,-1.0421366596272628,0.07178440859311985
2025-04-01 09:21:00,132.5,132.5,132.5,132.5,1000,132500.0,132.675,135.53333333333333,143.43333333333334,-0.880249990915587,-1.0097593258849276,0.12950933496934058
2025-04-01 09:22:00,132.5,132.5,132.5,132.5,1000,132500.0,132.6,135.41666666666666,143.35625,-0.7996257131484583,-0.9677326033376337,0.16810689018917535
2025-04-01 09:24:00,132.5,132.5,132.5,132.5,50,6625.0,132.525,135.30833333333334,143.28333333333333,-0.7273460002180911,-0.9196552827137253,0.19230928249563417
2025-04-01 09:39:00,132.5,132.5,132.5,132.5,1000,132500.0,132.45,135.20833333333334,143.21041666666667,-0.6624277521932243,-0.8682097766096252,0.20578202441640092
2025-04-01 09:54:00,131.5,131.5,131.5,131.5,1000,131500.0,132.325,135.1,143.13125,-0.6837889225191134,-0.8313256057915228,0.14753668327240943
2025-04-01 09:56:00,131.5,131.5,131.0,131.0,2000,262500.0,132.2,134.975,143.05208333333334,-0.7326184557086606,-0.8115841757749505,0.07896572006628988
2025-04-01 10:06:00,131.0,131.0,131.0,131.0,1038,135978.0,132.075,134.85833333333332,142.975,-0.762526284210935,-0.8017725974621475,0.03924631325121242
2025-04-01 10:20:00,131.0,131.0,131.0,131.0,1000,131000.0,131.975,134.74166666666667,142.89791666666667,-0.777268585354193,-0.7968717950405567,0.019603209686363754
2025-04-01 10:47:00,131.0,131.0,131.0,131.0,1000,131000.0,131.875,134.625,142.81875,-0.7799610596361788,-0.7934896479596812,0.013528588323502455
2025-04-01 10:51:00,131.0,131.0,131.0,131.0,1000,131000.0,131.825,134.50833333333333,142.73958333333334,-0.7731821029096579,-0.7894281389496767,0.01624603604001873
2025-04-01 10:55:00,131.0,131.0,131.0,131.0,3020,395620.0,131.775,134.39166666666668,142.66041666666666,-0.7590597624212592,-0.7833544636439933,0.02429470122273414
2025-04-01 12:39:00,130.5,130.5,130.5,130.5,1000,130500.0,131.7,134.26666666666668,142.58125,-0.77923103682582,-0.7825297782803587,0.0032987414545387894
2025-04-01 12:41:00,130.5,130.5,130.5,130.5,1000,130500.0,131.625,134.14166666666668,142.5,-0.7861546160678756,-0.7832547458378623,-0.0028998702300133683
2025-04-01 12:42:00,131.0,131.0,131.0,131.0,1030,134930.0,131.575,134.025,142.42291666666668,-0.7427340058892185,-0.7751505978481336,0.03241659195891511
2025-04-01 14:36:00,131.0,131.0,131.0,131.0,10,1310.0,131.5,133.90833333333333,142.34583333333333,-0.7002508041151714,-0.7601706391015413,0.05991983498636988
2025-04-01 14:43:00,130.5,130.5,130.5,130.5,1000,130500.0,131.425,133.78333333333333,142.26458333333332,-0.6988722180629736,-0.7479109548938279,0.049038736830854246
2025-04-01 14:55:00,130.0,131.0,130.0,131.0,14,1827.0,131.375,133.66666666666666,142.18541666666667,-0.6499417336281965,-0.7283171106407017,0.07837537701250519
2025-04-01 14:56:00,130.0,131.0,130.0,130.0,21,2737.0,131.275,133.54166666666666,142.10625,-0.6839712203687327,-0.719447932586308,0.03547671221757531
2025-04-01 14:57:00,131.0,131.0,130.0,131.0,21,2744.0,131.25,133.425,142.03125,-0.6230658755600871,-0.7001715211810638,0.07710564562097677
2025-04-02 09:15:00,131.0,131.0,131.0,131.0,1,131.0,131.2,133.30833333333334,141.95833333333334,-0.5682475469999417,-0.6737867263448395,0.10553917934489776
2025-04-02 09:27:00,130.5,130.5,130.5,130.5,2000,261000.0,131.1,133.19166666666666,141.88125,-0.5587089984470879,-0.6507711807652892,0.09206218231820129
2025-04-02 09:29:00,131.0,131.0,131.0,131.0,1000,131000.0,131.025,133.075,141.80625,-0.5049826826470394,-0.6216134811416393,0.1166307984945999
2025-04-02 09:32:00,131.5,132.0,131.5,132.0,3000,395000.0,131.0,132.975,141.73541666666668,-0.3773625471040418,-0.5727632943341198,0.19540074723007794
2025-04-02 09:33:00,132.5,132.5,132.5,132.5,4000,530000.0,131.0,132.89166666666668,141.66666666666666,-0.2331887936489352,-0.5048483941970828,0.27165960054814764
2025-04-02 09:44:00,133.5,133.5,133.5,133.5,200,26700.0,131.1,132.825,141.60416666666666,-0.03780264728212046,-0.41143924481409033,0.37363659753196987
2025-04-02 09:56:00,133.5,133.5,133.5,133.5,150,20025.0,131.225,132.76666666666668,141.54166666666666,0.11570846622214503,-0.3060097026068433,0.4217181688289883
2025-04-02 10:46:00,133.5,133.5,133.5,133.5,15,2002.5,131.35,132.74166666666667,141.48125,0.23466209114744174,-0.19787534385598626,0.432537435003428
2025-04-02 10:47:00,133.5,133.5,133.5,133.5,10,1335.0,131.475,132.7,141.42083333333332,0.3251851637681682,-0.09326324233115535,0.41844840609932354
2025-04-02 10:48:00,132.5,132.5,132.5,132.5,100,13250.0,131.55,132.63333333333333,141.35833333333332,0.31262990540813007,-0.012084612783298244,0.3247145181914283
2025-04-02 11:11:00,132.5,132.5,132.5,132.5,70,9275.0,131.625,132.58333333333334,141.29583333333332,0.299230430563,0.05017839588596143,0.2490520346770386
2025-04-02 11:51:00,133.5,133.5,133.5,133.5,2000,267000.0,131.75,132.55,141.23541666666668,0.3650943128858728,0.11316157928594373,0.25193273359992907
2025-04-02 12:05:00,133.5,133.5,133.5,133.5,500,66750.0,131.9,132.51666666666668,141.17291666666668,0.41253645074129963,0.17303655357701495,0.2394998971642847
2025-04-02 12:12:00,134.0,134.0,134.0,134.0,2000,268000.0,132.075,132.49166666666667,141.1125,0.4848909866594511,0.23540744019350218,0.2494835464659489
2025-04-02 12:16:00,134.0,134.5,134.0,134.5,200,26850.0,132.25,132.49166666666667,141.05208333333334,0.5759392300522279,0.3035137981652474,0.27242543188698054
2025-04-02 12:20:00,134.5,134.5,134.5,134.5,20,2690.0,132.425,132.49166666666667,140.99583333333334,0.6407099138493493,0.3709530213020678,0.26975689254728147
2025-04-02 12:21:00,134.5,134.5,134.5,134.5,2000,269000.0,132.625,132.475,140.93541666666667,0.6841546386038146,0.4335933447624172,0.25056129384139747
2025-04-02 12:22:00,134.5,134.5,134.5,134.5,10,1345.0,132.8,132.45833333333334,140.875,0.7103958943105511,0.48895385467204405,0.221442039638507
2025-04-02 12:32:00,134.5,135.5,134.5,135.5,5140,693405.0,133.075,132.45833333333334,140.81875,0.8026316827496203,0.5516894202875594,0.25094226246206086
2025-04-02 12:33:00,135.0,135.0,135.0,135.0,2000,270000.0,133.275,132.45833333333334,140.75833333333333,0.8258633496719767,0.6065242061644429,0.2193391435075338
2025-04-02 12:34:00,136.5,136.5,136.5,136.5,1,136.5,133.55,132.49166666666667,140.70625,0.9543113696290959,0.6760816388573736,0.2782297307717223
2025-04-02 12:52:00,135.0,135.0,135.0,135.0,100,13500.0,133.775,132.51666666666668,140.65,0.9244138197991845,0.7257480750457359,0.19866574475344856
2025-04-02 13:10:00,135.5,136.0,135.5,136.0,1001,136135.5,134.025,132.55,140.59375,0.9702272628692015,0.7746439126104291,0.19558335025877238
2025-04-02 13:11:00,135.5,135.5,135.5,135.5,1000,135500.0,134.2,132.575,140.53541666666666,0.9551782252417809,0.8107507751366995,0.1444274501050814
2025-04-02 13:24:00,136.0,136.0,136.0,136.0,1000,136000.0,134.375,132.60833333333332,140.48125,0.9723884866420462,0.8430783174377688,0.1293101692042774
2025-04-02 13:26:00,136.0,136.0,136.0,136.0,2000,272000.0,134.5,132.64166666666668,140.42916666666667,0.9747909594013038,0.8694208458304759,0.10537011357082793
2025-04-02 13:33:00,136.5,136.5,136.5,136.5,1,136.5,134.65,132.69166666666666,140.37708333333333,1.0054505496326556,0.8966267865909119,0.10882376304174368
2025-04-07 09:01:00,130.0,130.0,121.0,130.0,7000,886000.0,134.475,132.63333333333333,140.3,0.49949495166993074,0.8172004196067157,-0.317705467936785
2025-04-07 09:02:00,123.0,125.0,123.0,125.0,2015,247875.0,134.05,132.5,140.20416666666668,-0.30146165586975826,0.593468004511421,-0.8949296603811793
2025-04-07 09:03:00,123.5,123.5,123.5,123.5,2000,247000.0,133.6,132.34166666666667,140.1,-1.045214420684374,0.2657315194722619,-1.310945940156636
2025-04-07 09:05:00,121.0,121.0,120.0,120.0,5000,601000.0,132.975,132.14166666666668,139.97708333333333,-1.8952177045626684,-0.16645832533472427,-1.728759379227944
2025-04-07 09:06:00,124.0,124.0,124.0,124.0,2000,248000.0,132.5,132.00833333333333,139.87708333333333,-2.220488451708775,-0.5772643506095346,-1.64322410109924
2025-04-07 09:08:00,120.5,120.5,120.5,120.5,88,10604.0,131.85,131.81666666666666,139.76041666666666,-2.729227772672701,-1.007657035022168,-1.7215707376505327
2025-04-07 09:11:00,120.5,120.5,118.5,118.5,1100,130550.0,131.075,131.59166666666667,139.63333333333333,-3.256254559494323,-1.4573765399165992,-1.7988780195777239
2025-04-07 09:12:00,118.5,119.0,118.5,119.0,1020,120880.0,130.3,131.375,139.5125,-3.5921729302577745,-1.8843358179848344,-1.70783711227294
2025-04-07 09:13:00,118.5,118.5,118.5,118.5,200,23700.0,129.5,131.14166666666668,139.3875,-3.854306435211953,-2.2783299414302585,-1.5759764937816945
2025-04-07 09:16:00,118.0,118.0,118.0,118.0,1993,235174.0,128.675,130.90833333333333,139.2625,-4.055644008207835,-2.633792754785774,-1.4218512534220613
2025-04-07 09:22:00,118.5,118.5,118.5,118.5,1000,118500.0,127.875,130.68333333333334,139.13958333333332,-4.1272829157321524,-2.93249078697505,-1.1947921287571024
2025-04-07 09:25:00,118.5,118.5,118.5,118.5,1010,119685.0,127.025,130.45833333333334,139.01458333333332,-4.1363757017898735,-3.173267769938015,-0.9631079318518583
2025-04-07 09:27:00,118.0,118.0,118.0,118.0,100,11800.0,126.175,130.23333333333332,138.8875,-4.136247534720681,-3.3658637228945483,-0.7703838118261328
2025-04-07 09:31:00,118.5,118.5,117.5,117.5,3000,354000.0,125.225,129.99166666666667,138.76041666666666,-4.128896434769359,-3.5184702652695106,-0.6104261694998487
2025-04-07 09:32:00,117.5,117.5,117.5,117.5,50,5875.0,124.35,129.74166666666667,138.63541666666666,-4.076084075152011,-3.629993027246011,-0.4460910479059996
2025-04-07 09:41:00,118.5,118.5,118.0,118.0,3000,355000.0,123.45,129.5,138.50833333333333,-3.9483697298660303,-3.693668367770015,-0.25470136209601524
2025-04-07 09:46:00,118.5,118.5,118.5,118.5,2000,237000.0,122.6,129.26666666666668,138.38333333333333,-3.7634269268087337,-3.7076200795777594,-0.05580684723097429
2025-04-07 09:47:00,118.5,118.5,118.5,118.5,2500,296250.0,121.725,129.03333333333333,138.25833333333333,-3.5756406631392395,-3.6812241962900556,0.10558353315081614
2025-04-07 09:54:00,118.5,118.5,118.0,118.0,7120,840720.0,120.825,128.80833333333334,138.13125,-3.4276526712256725,-3.6305098912771796,0.20285722005150708
2025-04-07 09:56:00,117.5,117.5,117.0,117.0,3000,352000.0,119.85,128.575,138.00208333333333,-3.3524181741854022,-3.574891547858824,0.2224733736734219
2025-04-07 09:59:00,117.0,117.0,116.0,116.0,2020,235340.0,119.15,128.325,137.86875,-3.335041651727238,-3.5269215686325075,0.19187991690526962
2025-04-07 10:04:00,117.0,117.0,117.0,117.0,1,117.0,118.75,128.09166666666667,137.74166666666667,-3.203649314738911,-3.4622671178537883,0.25861780311487736
2025-04-07 10:17:00,116.0,116.0,116.0,116.0,1000,116000.0,118.375,127.84166666666667,137.60833333333332,-3.1439698562467555,-3.398607665532382,0.2546378092856263
2025-04-07 10:19:00,116.0,116.0,116.0,116.0,1000,116000.0,118.175,127.59166666666667,137.475,-3.0613837294366846,-3.3311628783132425,0.26977914887655796
2025-04-07 10:29:00,116.0,116.0,116.0,116.0,1025,118900.0,117.775,127.34166666666667,137.34375,-2.9617919351617275,-3.25728868968294,0.2954967545212126
2025-04-07 10:31:00,115.5,115.5,115.5,115.5,1000,115500.0,117.525,127.09166666666667,137.20833333333334,-2.8898976013547184,-3.183810472017296,0.29391287066257776
2025-04-07 10:34:00,115.0,115.0,115.0,115.0,1000,115000.0,117.35,126.83333333333333,137.06875,-2.8405228657354797,-3.1151529507609332,0.2746300850254535
2025-04-07 10:39:00,115.0,115.0,115.0,115.0,1030,118450.0,117.15,126.56666666666666,136.93125,-2.769468325113735,-3.046016025631494,0.27654770051775923
2025-04-07 10:48:00,114.5,114.5,114.5,114.5,1000,114500.0,116.95,126.29166666666667,136.79166666666666,-2.722123960522751,-2.9812376126097457,0.2591136520869948
2025-04-07 10:56:00,114.5,114.5,114.5,114.5,1,114.5,116.775,126.025,136.65,-2.654009441706208,-2.9157919784290387,0.2617825367228308
2025-04-07 10:58:00,114.5,114.5,114.5,114.5,1000,114500.0,116.575,125.75,136.50833333333333,-2.5703982438675297,-2.846713231516737,0.2763149876492075
2025-04-07 11:00:00,114.5,114.5,114.5,114.5,2000,229000.0,116.375,125.49166666666666,136.36666666666667,-2.475598607454131,-2.772490306704216,0.29689169925008496
2025-04-07 11:02:00,114.0,114.0,114.0,114.0,1000,114000.0,116.175,125.20833333333333,136.225,-2.4129994779854513,-2.7005921409604636,0.2875926629750123
2025-04-07 11:09:00,113.0,113.0,113.0,113.0,501,56613.0,115.95,124.90833333333333,136.07708333333332,-2.416228086202466,-2.643719330008864,0.2274912438063983
2025-04-07 11:10:00,113.0,113.5,113.0,113.5,4000,453000.0,115.75,124.625,135.93333333333334,-2.3513362198630574,-2.585242707979703,0.2339064881166455
2025-04-07 11:11:00,113.5,113.5,113.5,113.5,1,113.5,115.525,124.33333333333333,135.79375,-2.2736991596841705,-2.5229339983205965,0.24923483863642604
2025-04-07 11:36:00,113.5,113.5,113.5,113.5,4,454.0,115.275,124.025,135.65,-2.186961301598913,-2.45573945897626,0.2687781573773469
2025-04-07 11:38:00,113.5,113.5,113.0,113.0,1126,127238.5,115.0,123.7,135.50416666666666,-2.1339676942489234,-2.3913851060307927,0.2574174117818693
2025-04-07 12:10:00,113.5,113.5,113.5,113.5,20,2270.0,114.775,123.36666666666666,135.36041666666668,-2.0282437261627564,-2.3187568300571857,0.2905131038944293
2025-04-07 12:31:00,113.0,113.0,113.0,113.0,3000,339000.0,114.575,123.025,135.2125,-1.962183708703094,-2.2474422057863674,0.28525849708327344
2025-04-07 12:32:00,113.0,113.0,113.0,113.0,2000,226000.0,114.425,122.68333333333334,135.06666666666666,-1.8880662168620148,-2.175567008001497,0.287500791139482
2025-04-07 12:38:00,113.0,113.0,113.0,113.0,1011,114243.0,114.225,122.34166666666667,134.92083333333332,-1.8084805327487885,-2.102149712950955,0.2936691802021665
2025-04-07 13:04:00,113.5,113.5,113.5,113.5,1,113.5,114.1,122.025,134.77916666666667,-1.6856315718879955,-2.018846084738363,0.3332145128503674
2025-04-07 13:05:00,113.5,113.5,113.5,113.5,5,567.5,113.975,121.70833333333333,134.63541666666666,-1.570172909425679,-1.9291114496758262,0.35893854025014704
2025-04-07 13:10:00,113.5,113.5,113.5,113.5,140,15890.0,113.85,121.375,134.49166666666667,-1.4618201350244249,-1.8356531867455461,0.37383305172112125
2025-04-07 13:12:00,113.5,113.5,113.5,113.5,310,35185.0,113.75,121.04166666666667,134.34791666666666,-1.3602694412909813,-1.7405764376546333,0.38030699636365206
2025-04-07 13:14:00,113.0,113.0,113.0,113.0,2000,226000.0,113.65,120.69166666666666,134.20416666666668,-1.305091325787103,-1.6534794152811274,0.34838808949402433
2025-04-07 13:15:00,113.5,113.5,113.5,113.5,200,22700.0,113.575,120.34166666666667,134.06041666666667,-1.2071017330044498,-1.5642038788257921,0.35710214582134236
2025-04-07 13:20:00,112.5,112.5,112.5,112.5,100,11250.0,113.475,119.975,133.9125,-1.1963451946931798,-1.4906321419992699,0.29428694730609006
2025-04-07 13:37:00,113.5,113.5,113.5,113.5,4100,465350.0,113.425,119.625,133.76875,-1.0945120641679154,-1.4114081264329992,0.3168960622650838
2025-04-07 13:38:00,113.5,113.5,113.5,113.5,5,567.5,113.375,119.275,133.625,-1.0022552004895147,-1.3295775412443025,0.32732234075478783
2025-04-07 14:44:00,113.5,113.5,113.5,113.5,100,11350.0,113.325,118.90833333333333,133.48333333333332,-0.9185524702515693,-1.2473725270457559,0.3288200567941866
2025-04-07 14:48:00,113.5,113.5,113.5,113.5,100,11350.0,113.3,118.55,133.33958333333334,-0.842505573680512,-1.166399136372707,0.32389356269219505
2025-04-07 14:54:00,113.5,113.5,113.5,113.5,110,12485.0,113.325,118.16666666666667,133.19583333333333,-0.7733234686897248,-1.0877840028361108,0.314460534146386
2025-04-07 14:57:00,113.5,113.5,113.5,113.5,100,11350.0,113.325,117.80833333333334,133.05416666666667,-0.7103081617175775,-1.0122888346124042,0.30198067289482666
2025-04-07 14:58:00,113.5,113.5,113.5,113.5,100,11350.0,113.325,117.43333333333334,132.9125,-0.6528425148109989,-0.9403995706521231,0.28755705584112423
2025-04-07 15:00:00,113.5,113.5,113.5,113.5,100,11350.0,113.325,117.06666666666666,132.77083333333334,-0.6003797713393482,-0.8723956107895683,0.2720158394502201
2025-04-08 09:21:00,113.0,113.0,113.0,113.0,10,1130.0,113.325,116.68333333333334,132.62916666666666,-0.5923205874645134,-0.8163806061245574,0.224060018660044
2025-04-08 09:38:00,112.5,113.0,112.5,112.5,21,2366.0,113.275,116.29166666666667,132.48333333333332,-0.6191423597852292,-0.7769329568566918,0.1577905970714626
2025-04-08 09:39:00,113.0,113.0,112.5,113.0,121,13669.5,113.275,115.9,132.34166666666667,-0.5932147755944897,-0.7401893206042515,0.14697454500976181
2025-04-08 09:40:00,112.5,113.0,112.5,113.0,14,1578.5,113.275,115.61666666666666,132.20208333333332,-0.5661408589140535,-0.7053796282662119,0.1392387693521584
2025-04-08 09:47:00,113.0,113.0,113.0,113.0,1020,115260.0,113.275,115.41666666666667,132.06875,-0.5384773531511655,-0.6719991732432027,0.13352182009203717
2025-04-08 09:50:00,112.5,113.5,112.5,113.5,1025,115337.5,113.275,115.25,131.93541666666667,-0.4707811323608553,-0.6317555650667332,0.16097443270587797
2025-04-08 10:13:00,113.0,113.0,113.0,113.0,50,5650.0,113.25,115.13333333333334,131.8,-0.4522637954754316,-0.595857211148473,0.1435934156730414
2025-04-08 10:14:00,113.0,113.0,113.0,113.0,100,11300.0,113.225,114.95,131.66458333333333,-0.43260190708400614,-0.5632061503355796,0.1306042432515735
2025-04-08 10:17:00,113.0,113.0,113.0,113.0,50,5650.0,113.2,114.825,131.52916666666667,-0.4122673574088509,-0.5330183917502339,0.12075103434138301
2025-04-08 10:18:00,113.0,113.0,113.0,113.0,10,1130.0,113.2,114.73333333333333,131.39583333333334,-0.39163752666725316,-0.5047422187336378,0.11310469206638463
2025-04-08 10:24:00,113.0,113.0,113.0,113.0,1000,113000.0,113.175,114.63333333333334,131.2625,-0.3710114481470157,-0.47799606461631333,0.10698461646929763
2025-04-08 10:55:00,112.5,112.5,112.5,112.5,1000,112500.0,113.175,114.53333333333333,131.12916666666666,-0.3905094043132351,-0.46049873255569773,0.06998932824246262
2025-04-08 12:46:00,112.5,112.5,112.5,112.5,1000,112500.0,113.125,114.44166666666666,130.99791666666667,-0.40133533117491993,-0.44866605227954226,0.04733072110462233
2025-04-08 12:52:00,112.0,112.5,112.0,112.5,7161,803112.5,113.075,114.34166666666667,130.86666666666667,-0.405243560697059,-0.43998155396304567,0.034737993265986644
2025-04-08 13:02:00,112.5,112.5,112.5,112.5,5,562.5,113.025,114.24166666666666,130.73541666666668,-0.4036874036480498,-0.4327227239000465,0.029035320251996732
2025-04-08 13:04:00,112.5,112.5,112.5,112.5,20,2250.0,112.975,114.15,130.60416666666666,-0.3978677660324621,-0.4257517323265297,0.027883966294067586
2025-04-08 13:08:00,112.5,112.5,112.5,112.5,100,11250.0,112.925,114.06666666666666,130.47083333333333,-0.3887741152962434,-0.4183562089204724,0.029582093624229033
2025-04-08 13:28:00,112.5,112.5,112.5,112.5,10,1125.0,112.875,113.98333333333333,130.3375,-0.37721898591264846,-0.4101287643189077,0.03290977840625925
2025-04-08 14:10:00,112.5,112.5,112.5,112.5,15,1687.5,112.825,113.89166666666667,130.20416666666668,-0.36386703000340503,-0.4008764174558072,0.037009387452402176
2025-04-08 14:52:00,112.5,112.5,112.5,112.5,500,56250.0,112.775,113.79166666666667,130.07083333333333,-0.3492594630659198,-0.39055302657782975,0.041293563511909936
2025-04-08 14:53:00,112.5,112.5,112.5,112.5,1000,112500.0,112.75,113.69166666666666,129.93958333333333,-0.33383462329365443,-0.37920934592099476,0.045374722627340325
2025-04-09 09:03:00,112.0,112.0,112.0,112.0,1000,112000.0,112.725,113.59166666666667,129.80833333333334,-0.35783129158267,-0.37493373505332983,0.01710244347065981
2025-04-09 09:04:00,112.0,112.0,112.0,112.0,1000,112000.0,112.675,113.50833333333334,129.67916666666667,-0.3725542505944901,-0.3744578381615619,0.0019035875670718183
2025-04-09 09:33:00,111.5,111.5,111.5,111.5,10,1115.0,112.6,113.43333333333334,129.54791666666668,-0.4197297398419977,-0.3835122184976491,-0.03621752134434858
2025-04-09 09:50:00,111.5,111.5,111.5,111.5,1000,111500.0,112.525,113.34166666666667,129.41666666666666,-0.45190734834255863,-0.39719124446663107,-0.05471610387592757
2025-04-09 09:51:00,111.5,111.5,111.5,111.5,1000,111500.0,112.425,113.26666666666667,129.28541666666666,-0.47196778408125795,-0.41214655238955644,-0.059821231691701504
2025-04-09 10:02:00,111.0,111.0,111.0,111.0,10,1110.0,112.325,113.18333333333334,129.15208333333334,-0.5221921393285953,-0.4341556697773643,-0.08803646955123101
2025-04-09 10:20:00,110.5,110.5,110.0,110.0,2000,220500.0,112.175,113.08333333333333,129.01458333333332,-0.6353628776069513,-0.4743971113432818,-0.16096576626366954
2025-04-09 10:29:00,110.0,110.0,110.0,110.0,1030,113300.0,112.025,112.99166666666666,128.87916666666666,-0.7167888078523106,-0.5228754506450877,-0.19391335720722291
2025-04-09 10:34:00,110.0,110.0,110.0,110.0,2000,220000.0,111.875,112.90833333333333,128.74166666666667,-0.7724155189237223,-0.5727834643008146,-0.19963205462290767
2025-04-09 10:41:00,110.0,110.0,110.0,110.0,10,1100.0,111.725,112.825,128.60625,-0.8071952439064773,-0.6196658202219472,-0.18752942368453018
2025-04-09 11:00:00,109.0,109.0,109.0,109.0,20,2180.0,111.55,112.73333333333333,128.46458333333334,-0.9050175897601065,-0.6767361741295791,-0.2282814156305274
2025-04-09 11:04:00,109.0,109.0,109.0,109.0,1000,109000.0,111.375,112.64166666666667,128.325,-0.9713454380527367,-0.7356580269142107,-0.23568741113852598
2025-04-09 11:15:00,108.0,108.0,108.0,108.0,10,1080.0,111.15,112.53333333333333,128.18125,-1.0920143170506407,-0.8069292849414967,-0.28508503210914393
2025-04-09 11:17:00,107.0,107.0,107.0,107.0,4000,428000.0,110.875,112.40833333333333,128.03333333333333,-1.253882933735028,-0.8963200147002031,-0.35756291903482484
2025-04-09 11:18:00,107.5,107.5,107.5,107.5,5,537.5,110.625,112.3,127.8875,-1.326527770923832,-0.982361565944929,-0.34416620497890293
2025-04-09 11:19:00,107.0,107.0,104.5,104.5,2010,211570.0,110.225,112.15833333333333,127.72916666666667,-1.6076423553774504,-1.1074177238314336,-0.5002246315460168
2025-04-09 11:21:00,105.0,105.0,105.0,105.0,110,11550.0,109.85,112.01666666666667,127.57291666666667,-1.7696820741900865,-1.2398705939031642,-0.5298114802869223
2025-04-09 11:24:00,106.5,106.5,106.5,106.5,101,10756.5,109.55,111.9,127.42291666666667,-1.7568108330981147,-1.3432586417421544,-0.41355219135596033
2025-04-09 11:26:00,106.5,106.5,105.0,105.0,9,951.0,109.175,111.75833333333334,127.26666666666667,-1.8463640107827644,-1.4438797155502765,-0.40248429523248785
2025-04-09 11:27:00,106.5,106.5,105.0,105.0,60,6345.0,108.8,111.625,127.1125,-1.8954855715239205,-1.5342008867450054,-0.36128468477891507
2025-04-09 11:28:00,106.5,106.5,106.5,106.5,45,4792.5,108.525,111.50833333333334,126.96458333333334,-1.7927120299789863,-1.5859031153918017,-0.20680891458718453
2025-04-09 11:29:00,105.0,105.0,105.0,105.0,45,4725.0,108.175,111.375,126.81041666666667,-1.81141980193118,-1.6310064526996775,-0.18041334923150254
2025-04-09 11:30:00,106.5,106.5,106.5,106.5,1000,106500.0,107.925,111.26666666666667,126.66041666666666,-1.6857758078546397,-1.6419603237306701,-0.04381548412396952
2025-04-09 11:31:00,105.0,105.0,105.0,105.0,2000,210000.0,107.6,111.13333333333334,126.50416666666666,-1.6877837804971705,-1.6511250150839702,-0.036658765413200234
2025-04-09 12:11:00,105.0,105.0,105.0,105.0,200,21000.0,107.275,110.99166666666666,126.34791666666666,-1.6701229752399342,-1.654924607115163,-0.015198368124771156
2025-04-09 12:36:00,104.0,104.0,103.5,103.5,125,12987.5,106.9,110.825,126.1875,-1.756911541203749,-1.6753219939328803,-0.08158954727086876
2025-04-09 12:57:00,103.5,103.5,103.5,103.5,5,517.5,106.575,110.65833333333333,126.025,-1.8048864969736513,-1.7012348945410347,-0.10365160243261662
2025-04-09 12:58:00,103.0,103.0,103.0,103.0,10,1030.0,106.225,110.48333333333333,125.8625,-1.8617912458307302,-1.7333461647989739,-0.12844508103175634
2025-04-09 13:03:00,103.0,103.0,103.0,103.0,900,92700.0,105.875,110.31666666666666,125.69583333333334,-1.8851577442705292,-1.763708480693285,-0.12144926357724417
2025-04-09 13:04:00,103.0,103.0,103.0,103.0,1090,112270.0,105.525,110.14166666666667,125.53125,-1.8819815508057474,-1.7873630947157777,-0.09461845608996966
2025-04-09 13:07:00,103.0,103.0,103.0,103.0,2000,206000.0,105.225,109.98333333333333,125.36875,-1.85804599694238,-1.8014996751610983,-0.056546321781281605
2025-04-09 13:08:00,103.0,103.0,103.0,103.0,10,1030.0,104.925,109.80833333333334,125.20625,-1.8181187567709003,-1.804823491483059,-0.013295265287841307
2025-04-09 13:39:00,102.5,102.5,102.5,102.5,105,10762.5,104.65,109.625,125.03958333333334,-1.806003468810104,-1.8050594869484682,-0.0009439818616359119
2025-04-09 14:08:00,102.0,102.0,102.0,102.0,1000,102000.0,104.4,109.43333333333334,124.87291666666667,-1.8158162378572058,-1.807210837130216,-0.008605400726989787
2025-04-09 14:19:00,102.5,102.5,102.5,102.5,1000,102500.0,104.15,109.25,124.70833333333333,-1.7629252023487396,-1.7983537101739209,0.035428507825181255
2025-04-09 14:26:00,102.0,102.0,102.0,102.0,2000,204000.0,104.025,109.05833333333334,124.53958333333334,-1.7412820810546492,-1.7869393843500667,0.045657303295417506
2025-04-09 14:30:00,102.0,102.0,102.0,102.0,1000,102000.0,103.875,108.86666666666666,124.37291666666667,-1.7044815492025407,-1.7704478173205618,0.06596626811802109
2025-04-09 14:47:00,101.5,101.5,101.5,101.5,10,1015.0,103.625,108.66666666666667,124.20416666666667,-1.6961109724044263,-1.755580448337335,0.05946947593290863
2025-04-09 14:55:00,101.5,101.5,101.5,101.5,10,1015.0,103.45,108.46666666666667,124.03541666666666,-1.6702239282189453,-1.7385091443136573,0.06828521609471205
2025-04-10 09:01:00,105.0,109.5,105.0,108.0,9221,978305.0,103.6,108.38333333333334,123.89583333333333,-1.112389646555485,-1.613285244762023,0.500895598206538
2025-04-10 09:02:00,108.0,110.0,108.0,109.5,5000,546300.0,103.75,108.33333333333333,123.76041666666667,-0.5430050709324803,-1.3992292099961146,0.8562241390636343
2025-04-10 09:05:00,111.5,111.5,111.5,111.5,3500,390250.0,104.075,108.30833333333334,123.63541666666667,0.0688262070733856,-1.1056181265822145,1.1744443336556
2025-04-10 09:06:00,111.0,111.0,111.0,111.0,1000,111000.0,104.3,108.275,123.50625,0.5075108128378361,-0.7829923386982044,1.2905031515360403
2025-04-10 09:11:00,114.0,114.0,114.0,114.0,1001,114114.0,104.75,108.29166666666667,123.38958333333333,1.0847422183474293,-0.4094454272890776,1.494187645636507
2025-04-10 09:12:00,115.0,115.0,115.0,115.0,1000,115000.0,105.25,108.31666666666666,123.27708333333334,1.604399391115976,-0.0066764636080668,1.6110758547240427
2025-04-10 09:14:00,115.0,115.0,115.0,115.0,500,57500.0,105.825,108.35,123.16458333333334,1.9932544479447074,0.3933097187024882,1.5999447292422193
2025-04-10 09:15:00,115.0,115.0,115.0,115.0,1000,115000.0,106.4,108.38333333333334,123.05416666666666,2.2751978178481664,0.7696873385316241,1.5055104793165424
2025-04-10 09:17:00,115.5,115.5,115.5,115.5,1200,138600.0,107.025,108.425,122.94791666666667,2.5100514801047495,1.1177601668462493,1.3922913132585002
2025-04-10 09:18:00,115.5,115.5,115.5,115.5,200,23100.0,107.65,108.46666666666667,122.84166666666667,2.665449061871527,1.427297945851305,1.238151116020222
2025-04-10 09:29:00,115.5,115.5,115.5,115.5,10,1155.0,108.275,108.50833333333334,122.73958333333333,2.7568238161119325,1.6932031199034308,1.0636206962085017
2025-04-10 09:40:00,115.5,116.0,115.5,116.0,5000,579000.0,108.925,108.56666666666666,122.63958333333333,2.836882967541186,1.921939089430982,0.914943878110204
2025-04-10 09:41:00,115.5,115.5,115.5,115.5,1500,173250.0,109.55,108.61666666666666,122.5375,2.8273921834183113,2.103029708228448,0.7243624751898632
2025-04-10 09:42:00,116.0,116.0,116.0,116.0,1000,116000.0,110.225,108.675,122.4375,2.8276214302346716,2.247948052629693,0.5796733776049785
2025-04-10 09:45:00,116.0,116.0,116.0,116.0,3000,348000.0,110.925,108.73333333333333,122.33958333333334,2.7955774335211743,2.3574739288079893,0.43810350471318493
2025-04-10 09:51:00,116.5,116.5,116.0,116.0,3010,350160.0,111.6,108.79166666666667,122.23958333333333,2.738613305799518,2.4337018042062954,0.30491150159322267
2025-04-10 09:58:00,117.0,117.0,117.0,117.0,1000,117000.0,112.35,108.86666666666666,122.14375,2.742546102532714,2.495470663871579,0.24707543866113468
2025-04-10 10:03:00,117.5,117.5,117.5,117.5,2000,235000.0,113.125,108.95,122.05208333333333,2.7542593067819894,2.547228392453661,0.2070309143283282
2025-04-10 10:05:00,118.5,118.5,118.5,118.5,1000,118500.0,113.975,109.05,121.96458333333334,2.811820827982615,2.600146879559452,0.2116739484231629
2025-04-10 10:06:00,117.5,118.0,117.5,118.0,1010,119175.0,114.8,109.14166666666667,121.87708333333333,2.784989303818051,2.637115364411172,0.1478739394068791
2025-04-10 10:22:00,118.0,118.0,118.0,118.0,1000,118000.0,115.3,109.23333333333333,121.79166666666667,2.7322296845573106,2.6561382284404,0.07609145611691082
2025-04-10 10:25:00,118.0,118.0,118.0,118.0,1000,118000.0,115.725,109.33333333333333,121.70833333333333,2.6597572798993667,2.6568620387321933,0.0028952411671734346
2025-04-10 10:27:00,117.5,117.5,117.5,117.5,1000,117500.0,116.025,109.425,121.62083333333334,2.5327802417212126,2.6320456793299973,-0.0992654376087847
2025-04-10 10:32:00,117.5,117.5,117.5,117.5,1000,117500.0,116.35,109.525,121.53541666666666,2.404433214752899,2.5865231864145777,-0.18208997166167862
2025-04-10 10:36:00,117.5,117.5,117.5,117.5,1000,117500.0,116.525,109.625,121.45,2.276475478925846,2.5245136449168317,-0.2480381659909856
2025-04-10 10:41:00,118.0,118.0,118.0,118.0,100,11800.0,116.675,109.73333333333333,121.36666666666666,2.1901669909824193,2.4576443141299493,-0.26747732314753003
2025-04-10 10:42:00,118.0,118.0,118.0,118.0,100,11800.0,116.825,109.85,121.28333333333333,2.0975872127819315,2.385632893860346,-0.28804568107841444
2025-04-10 10:47:00,117.5,117.5,117.0,117.0,200,23450.0,116.925,109.96666666666667,121.19583333333334,1.9213769909692218,2.292781713282121,-0.37140472231289934
2025-04-10 10:54:00,117.5,117.5,117.5,117.5,110,12925.0,117.025,110.09166666666667,121.11041666666667,1.801310555178972,2.194487481661491,-0.3931769264825191
2025-04-10 11:02:00,118.0,118.0,118.0,118.0,1000,118000.0,117.15,110.225,121.02708333333334,1.7265996946005373,2.1009099242493003,-0.37431022964876304
2025-04-10 11:04:00,118.0,118.0,118.0,118.0,1000,118000.0,117.275,110.35833333333333,120.94375,1.6483891947786873,2.0104057783551776,-0.36201658357649036
2025-04-10 11:06:00,117.5,117.5,117.5,117.5,3000,352500.0,117.35,110.5,120.85833333333333,1.5284420602199162,1.9140130347281252,-0.385570974508209
2025-04-10 12:19:00,118.0,118.0,118.0,118.0,1000,118000.0,117.475,110.65,120.775,1.456934281745447,1.8225972841315896,-0.3656630023861427
2025-04-10 12:30:00,117.5,117.5,117.5,117.5,10,1175.0,117.55,110.80833333333334,120.68958333333333,1.3444203894164986,1.7269619051885714,-0.38254151577207285
2025-04-10 12:31:00,118.0,118.0,118.0,118.0,2000,236000.0,117.65,110.99166666666666,120.60833333333333,1.2808334892793738,1.6377362220067322,-0.3569027327273584
2025-04-10 12:38:00,118.0,118.0,118.0,118.0,1000,118000.0,117.75,111.16666666666667,120.525,1.216418299835425,1.553472637572471,-0.3370543377370461
2025-04-10 12:42:00,117.5,117.5,117.5,117.5,100,11750.0,117.775,111.38333333333334,120.43958333333333,1.1122022021248057,1.465218550482938,-0.35301634835813234
2025-04-10 13:02:00,117.5,117.5,117.5,117.5,2006,235705.0,117.775,111.59166666666667,120.35625,1.0178767443501187,1.3757501892563744,-0.3578734449062557
2025-04-10 13:05:00,117.5,117.5,117.5,117.5,20,2350.0,117.725,111.775,120.27083333333333,0.9323752974400321,1.287075210893106,-0.35469991345307395
2025-04-10 13:06:00,118.0,118.0,118.0,118.0,3000,354000.0,117.725,111.99166666666666,120.1875,0.8946476647049053,1.208589701655466,-0.3139420369505608
2025-04-10 13:11:00,118.0,118.0,118.0,118.0,300,35400.0,117.725,112.20833333333333,120.10625,0.8548935631066712,1.1378504739457072,-0.28295691083903596
2025-04-10 13:18:00,117.0,117.0,117.0,117.0,1000,117000.0,117.675,112.38333333333334,120.02083333333333,0.7342327306510015,1.057126925286766,-0.32289419463576463
2025-04-10 13:21:00,117.5,117.5,117.5,117.5,1000,117500.0,117.675,112.59166666666667,119.93958333333333,0.6712166057281763,0.9799448613750481,-0.3087282556468718
2025-04-10 13:27:00,117.0,117.0,117.0,117.0,1000,117000.0,117.65,112.76666666666667,119.86458333333333,0.5743097659085379,0.8988178422817462,-0.32450807637320833
2025-04-10 14:57:00,117.0,117.0,117.0,117.0,10,1170.0,117.625,112.96666666666667,119.78541666666666,0.49184076301953894,0.8174224264293047,-0.3255816634097658
2025-04-11 09:01:00,117.0,117.0,116.0,116.5,6102,711434.0,117.55,113.15833333333333,119.70208333333333,0.38173723354218225,0.7302853878518804,-0.3485481543096981
2025-04-11 09:02:00,116.0,116.0,116.0,116.0,1000,116000.0,117.45,113.36666666666666,119.62083333333334,0.2512374627717122,0.6344758028358468,-0.3832383400641346
2025-04-11 09:05:00,116.5,116.5,116.5,116.5,1000,116500.0,117.425,113.58333333333333,119.54166666666667,0.18601698752108575,0.5447840397728946,-0.3587670522518088
2025-04-11 09:12:00,113.0,113.0,113.0,113.0,2000,226000.0,117.2,113.75,119.44791666666667,-0.14640380633647965,0.4065464705510197,-0.5529502768874994
2025-04-11 09:23:00,114.0,114.0,114.0,114.0,3000,342000.0,117.0,113.93333333333334,119.35833333333333,-0.32540694903018164,0.26015578663477945,-0.5855627356649611
2025-04-11 10:07:00,114.5,114.5,114.5,114.5,10,1145.0,116.825,114.125,119.275,-0.42205719531122554,0.12371319024557843,-0.545770385556804
2025-04-11 10:50:00,113.5,113.5,113.5,113.5,550,62425.0,116.625,114.3,119.1875,-0.5727426339039141,-0.015577974584320115,-0.557164659319594
2025-04-11 11:42:00,114.0,114.0,113.5,113.5,2010,229135.0,116.4,114.475,119.09583333333333,-0.6842740443807713,-0.14931718854361042,-0.5349568558371609
2025-04-11 11:43:00,114.5,114.5,114.5,114.5,2000,229000.0,116.25,114.675,119.00833333333334,-0.6840861290064595,-0.25627097663618026,-0.42781515237027923
2025-04-11 12:32:00,114.5,114.5,114.5,114.5,2000,229000.0,116.075,114.88333333333334,118.92083333333333,-0.6761430485393305,-0.34024539101681034,-0.33589765752252015
2025-04-11 12:47:00,114.5,114.5,114.5,114.5,200,22900.0,115.9,115.08333333333333,118.83541666666666,-0.6622145034606604,-0.40463921350558035,-0.25757528995508
2025-04-11 12:54:00,114.0,114.0,114.0,114.0,30,3420.0,115.725,115.28333333333333,118.75,-0.6836412615504486,-0.46043962311455405,-0.22320163843589452
2025-04-11 13:06:00,114.0,114.0,114.0,114.0,1000,114000.0,115.55,115.48333333333333,118.66875,-0.6926378240247857,-0.5068792632966004,-0.1857585607281853
2025-04-11 14:39:00,114.0,114.0,114.0,114.0,1000,114000.0,115.375,115.69166666666666,118.58541666666666,-0.6917931043220591,-0.5438620315016921,-0.147931072820367
2025-04-11 14:47:00,113.5,113.5,113.5,113.5,300,34050.0,115.15,115.89166666666667,118.5,-0.7231336446766505,-0.5797163541366838,-0.14341729053996677
2025-04-11 14:49:00,113.5,113.5,113.5,113.5,1000,113500.0,114.925,115.98333333333333,118.41458333333334,-0.7394473598299527,-0.6116625552753376,-0.12778480455461505
2025-04-14 09:05:00,113.5,113.5,113.5,113.5,1041,118153.5,114.75,116.05,118.32916666666667,-0.7438020100517235,-0.6380904462306148,-0.10571156382110869
2025-04-14 09:06:00,113.5,113.5,113.5,113.5,1000,113500.0,114.55,116.08333333333333,118.24583333333334,-0.7387373968630584,-0.6582198363571036,-0.08051756050595482
2025-04-14 09:08:00,114.0,114.0,114.0,114.0,3000,342000.0,114.4,116.13333333333334,118.16458333333334,-0.6864646953977172,-0.6638688081652263,-0.02259588723249084
2025-04-14 09:14:00,114.5,114.5,114.5,114.5,121,13854.5,114.275,116.14166666666667,118.0875,-0.5978013002849991,-0.6506553065891809,0.0528540063041818
2025-04-14 09:15:00,114.0,114.0,114.0,114.0,1000,114000.0,114.15,116.125,118.00833333333334,-0.5614091667888914,-0.6328060786291231,0.07139691184023167
2025-04-14 09:22:00,114.5,114.5,114.5,114.5,33,3778.5,114.075,116.11666666666666,117.93541666666667,-0.4866129463370754,-0.6035674521707136,0.1169545058336382
2025-04-14 10:29:00,114.0,114.0,114.0,114.0,10,1140.0,113.95,116.1,117.86041666666667,-0.46235251212171136,-0.5753244641609132,0.11297195203920185
2025-04-14 11:24:00,114.0,114.0,114.0,114.0,1000,114000.0,114.0,116.075,117.78541666666666,-0.4380760749202466,-0.5478747863127799,0.10979871139253328
2025-04-14 11:25:00,115.0,115.0,115.0,115.0,32,3680.0,114.05,116.06666666666666,117.71458333333334,-0.3342916745496325,-0.5051581639601503,0.17086648941051785
2025-04-14 12:13:00,114.0,114.0,114.0,114.0,10,1140.0,114.025,116.04166666666667,117.63958333333333,-0.32894159819602464,-0.4699148508073252,0.14097325261130056
2025-04-14 12:24:00,114.0,114.0,114.0,114.0,1000,114000.0,114.05,116.00833333333334,117.5625,-0.3210013207315541,-0.44013214479217105,0.11913082406061698
2025-04-14 12:25:00,114.0,114.5,114.0,114.5,60,6865.0,114.1,115.99166666666666,117.48958333333333,-0.2712361310288287,-0.4063529420395026,0.1351168110106739
2025-04-14 12:28:00,114.5,114.5,114.5,114.5,34,3893.0,114.1,115.96666666666667,117.41666666666667,-0.22915529999646367,-0.37091341363089486,0.1417581136344312
2025-04-14 12:39:00,114.5,114.5,114.5,114.5,15,1717.5,114.1,115.94166666666666,117.34375,-0.1935745315238364,-0.3354456372094832,0.14187110568564681
2025-04-14 12:43:00,114.0,114.5,114.0,114.5,1030,117435.0,114.1,115.91666666666667,117.27291666666666,-0.16349188350086763,-0.30105488646776013,0.1375630029668925
2025-04-14 12:52:00,114.0,114.0,114.0,114.0,10,1140.0,114.1,115.86666666666666,117.19791666666667,-0.1779457417905519,-0.2764330575323185,0.09848731574176661
2025-04-14 13:23:00,114.5,114.5,114.5,114.5,1000,114500.0,114.125,115.81666666666666,117.12291666666667,-0.14735607815093488,-0.25061766165604177,0.10326158350510689
2025-04-14 13:24:00,114.5,114.5,114.5,114.5,31,3549.5,114.15,115.75,117.04791666666667,-0.12171054591874508,-0.22483623850858242,0.10312569258983734
2025-04-15 09:04:00,114.0,114.0,114.0,114.0,1000,114000.0,114.175,115.68333333333334,116.97083333333333,-0.14011691757822575,-0.20789237432251112,0.06777545674428537
2025-04-15 09:08:00,113.0,113.0,113.0,113.0,30,3390.0,114.15,115.6,116.88958333333333,-0.23271316981765722,-0.21285653342154037,-0.019856636396116845
2025-04-15 09:10:00,113.5,113.5,113.5,113.5,200,22700.0,114.15,115.525,116.81458333333333,-0.2627220492665856,-0.22282963659054944,-0.03989241267603616
2025-04-15 09:25:00,113.5,113.5,113.5,113.5,1000,113500.0,114.15,115.45833333333333,116.74166666666666,-0.28323929613664234,-0.23491156849976805,-0.04832772763687429
2025-04-15 09:26:00,113.0,113.0,113.0,113.0,3000,339000.0,114.1,115.38333333333334,116.66666666666667,-0.3359723038423823,-0.25512371556829094,-0.08084858827409136
2025-04-15 10:00:00,113.0,113.0,113.0,113.0,1100,124300.0,114.025,115.30833333333334,116.59166666666667,-0.3734585941663653,-0.27879069128790585,-0.09466790287845944
2025-04-15 10:04:00,113.0,113.0,113.0,113.0,118,13334.0,113.975,115.225,116.51666666666667,-0.39857225645248207,-0.30274700432082113,-0.09582525213166093
2025-04-15 10:05:00,113.0,113.0,113.0,113.0,1000,113000.0,113.9,115.14166666666667,116.44166666666666,-0.4137060687113774,-0.3249388171989324,-0.08876725151244497
2025-04-15 10:20:00,112.5,112.5,112.5,112.5,1032,116100.0,113.825,115.06666666666666,116.36458333333333,-0.46073448494028924,-0.3520979507472038,-0.10863653419308544
2025-04-15 10:21:00,113.0,113.0,112.5,112.5,1035,116455.0,113.75,114.98333333333333,116.28958333333334,-0.4923295747499452,-0.3801442755477521,-0.11218529920219311
2025-04-15 10:23:00,112.0,112.0,112.0,112.0,1000,112000.0,113.6,114.88333333333334,116.2125,-0.551359008934142,-0.41438722222503016,-0.13697178670911186
2025-04-15 10:51:00,112.0,113.0,112.0,113.0,1030,116360.0,113.55,114.8,116.1375,-0.5115517678085695,-0.433820131341738,-0.07773163646683146
2025-04-15 10:58:00,113.0,113.0,113.0,113.0,1000,113000.0,113.5,114.725,116.0625,-0.4745341086040895,-0.4419629267942084,-0.03257118180988111
2025-04-15 11:03:00,113.0,113.0,113.0,113.0,100,11300.0,113.425,114.64166666666667,115.98958333333333,-0.44012387294698385,-0.44159511602476353,0.0014712430777796826
2025-04-15 11:04:00,113.0,113.0,113.0,113.0,5,565.0,113.35,114.56666666666666,115.91458333333334,-0.408148629934189,-0.4349058188066487,0.026757188872459703
2025-04-15 11:09:00,112.0,112.0,111.0,111.0,2045,228495.0,113.175,114.45,115.83541666666666,-0.5379896944690756,-0.45552259393913413,-0.0824671005299415
2025-04-15 11:10:00,112.5,112.5,112.5,112.5,5,562.5,113.075,114.35833333333333,115.75833333333334,-0.5139279678856354,-0.46720366872843444,-0.046724299157201
2025-04-15 11:11:00,112.5,112.5,112.5,112.5,30,3375.0,113.0,114.275,115.68125,-0.48921945882015905,-0.47160682674677945,-0.017612632073379597
2025-04-15 11:31:00,112.5,112.5,112.5,112.5,30,3375.0,112.9,114.19166666666666,115.60625,-0.46428578979370627,-0.4701426193561649,0.005856829562458643
2025-04-15 11:33:00,112.5,112.5,112.5,112.5,300,33750.0,112.8,114.10833333333333,115.52916666666667,-0.4394598577667779,-0.46400606703828756,0.02454620927150969
2025-04-15 11:36:00,112.5,112.5,112.5,112.5,200,22500.0,112.725,114.01666666666667,115.44791666666667,-0.41500125167426916,-0.4542051039654839,0.03920385229121476
2025-04-15 11:49:00,112.5,112.5,112.5,112.5,1000,112500.0,112.7,113.925,115.36458333333333,-0.39110916710976085,-0.4415859165943393,0.050476749484578476
2025-04-15 11:50:00,112.0,112.0,112.0,112.0,30,3360.0,112.625,113.84166666666667,115.275,-0.4078192527972959,-0.43483258383493073,0.027013331037634813
2025-04-15 12:10:00,112.0,112.0,112.0,112.0,30,3360.0,112.55,113.75,115.18541666666667,-0.41626368742089426,-0.4311188045521235,0.014855117131229223
2025-04-15 12:16:00,112.5,112.5,112.5,112.5,400,45000.0,112.525,113.675,115.09791666666666,-0.37824991184200485,-0.4205450260100998,0.04229511416809495
2025-04-15 12:30:00,112.0,112.0,112.0,112.0,30,3360.0,112.475,113.59166666666667,115.00833333333334,-0.38404253881759587,-0.41324452857159905,0.029201989754003177
2025-04-15 12:50:00,112.0,112.0,112.0,112.0,30,3360.0,112.425,113.51666666666667,114.92291666666667,-0.38420436862676866,-0.407436496582633,0.023232127955864323
2025-04-15 13:03:00,112.0,112.0,112.0,112.0,1000,112000.0,112.375,113.45,114.8375,-0.37995276100002684,-0.4019397494661118,0.021986988466084934
2025-04-15 13:10:00,111.5,111.5,111.5,111.5,30,3345.0,112.325,113.36666666666666,114.74583333333334,-0.41217782327538544,-0.40398736422796655,-0.008190459047418885
2025-04-15 13:16:00,111.5,111.5,111.5,111.5,9,1003.5,112.275,113.34166666666667,114.65416666666667,-0.4327281960178908,-0.40973553058595147,-0.02299266543193934
2025-04-15 13:50:00,112.0,112.0,112.0,112.0,501,56112.0,112.275,113.30833333333334,114.5625,-0.4040115000638025,-0.4085907244815217,0.004579224417719241
2025-04-16 09:06:00,111.5,111.5,111.5,111.5,2000,223000.0,112.2,113.25833333333334,114.46666666666667,-0.41679458442952466,-0.41023149647112234,-0.006563087958402325
2025-04-16 09:40:00,112.0,112.0,112.0,112.0,300,33600.0,112.15,113.23333333333333,114.37291666666667,-0.38217398574821004,-0.40461999432653994,0.0224460085783299
2025-04-16 10:26:00,111.0,111.5,111.0,111.5,1200,133300.0,112.075,113.2,114.27708333333334,-0.39058036586115463,-0.4018120686334629,0.011231702772308283
2025-04-16 11:03:00,111.0,111.0,111.0,111.0,2010,223110.0,111.975,113.14166666666667,114.17916666666666,-0.4326015426919838,-0.4079699634451671,-0.024631579246816693
2025-04-16 11:09:00,110.5,110.5,110.5,110.5,2035,224867.5,111.95,113.075,114.075,-0.5004802249076619,-0.42647201573766613,-0.07400820916999573
2025-04-16 11:10:00,110.0,110.0,110.0,110.0,1040,114400.0,111.825,113.0,113.97083333333333,-0.5878440901774127,-0.45874643062561554,-0.12909765955179714
2025-04-16 11:11:00,110.0,110.0,110.0,110.0,1000,110000.0,111.7,112.93333333333334,113.86041666666667,-0.6495924850163561,-0.4969156415037637,-0.15267684351259242
2025-04-16 11:25:00,110.0,110.0,110.0,110.0,3400,374000.0,111.575,112.86666666666666,113.75625,-0.6905680936791754,-0.5356461319388461,-0.15492196174032924
2025-04-16 12:44:00,109.0,109.0,109.0,109.0,150,16350.0,111.4,112.78333333333333,113.64375,-0.7945738486864542,-0.5874316752883678,-0.20714217339808638
2025-04-16 13:08:00,109.0,109.0,109.0,109.0,1000,109000.0,111.225,112.70833333333333,113.53333333333333,-0.8670048664421728,-0.6433463135191289,-0.22365855292304393
2025-04-16 13:09:00,109.5,109.5,109.0,109.0,3235,352715.0,111.05,112.63333333333334,113.42083333333333,-0.9138724174879087,-0.6974515343128849,-0.21642088317502384
2025-04-16 14:09:00,108.5,109.0,108.5,109.0,1201,130409.0,110.9,112.55833333333334,113.30833333333334,-0.9401775082788504,-0.7459967291060781,-0.19418077917277232
2025-04-16 15:00:00,108.5,108.5,108.5,108.5,500,54250.0,110.725,112.475,113.19166666666666,-0.9899586761831074,-0.794789118521484,-0.19516955766162336
2025-04-17 09:42:00,106.5,106.5,106.5,106.5,1000,106500.0,110.425,112.35,113.09375,-1.177223594898038,-0.8712760137967949,-0.3059475811012432
2025-04-17 09:59:00,106.5,106.5,106.0,106.0,3000,318500.0,110.125,112.20833333333333,113.01458333333333,-1.350411510188664,-0.9671031130751687,-0.3833083971134953
2025-04-17 10:00:00,105.5,105.5,104.0,104.0,7000,733000.0,109.725,112.04166666666667,112.93333333333334,-1.6302549023942845,-1.099733470938992,-0.5305214314552924
2025-04-17 10:01:00,104.0,104.0,104.0,104.0,210,21840.0,109.325,111.86666666666666,112.86666666666666,-1.8309270199070085,-1.2459721807325954,-0.584954839174413
2025-04-17 10:03:00,103.5,103.5,103.5,103.5,300,31050.0,108.925,111.69166666666666,112.78125,-2.0071695390989674,-1.3982116524058699,-0.6089578866930976
2025-04-17 10:05:00,103.5,103.5,103.5,103.5,2309,238981.5,108.525,111.51666666666667,112.71041666666666,-2.122377557963304,-1.543044833517357,-0.5793327244459472
2025-04-17 10:23:00,103.5,103.5,103.5,103.5,1000,103500.0,108.1,111.325,112.64791666666666,-2.188453611968555,-1.6721265892075967,-0.5163270227609582
2025-04-17 10:30:00,101.5,101.5,101.5,101.5,11,1116.5,107.6,111.11666666666666,112.575,-2.3748271173918454,-1.8126666948444465,-0.5621604225473988
2025-04-17 10:36:00,102.0,103.0,101.5,102.5,2500,254900.0,107.125,110.925,112.50833333333334,-2.4140106089070628,-1.93293547765697,-0.4810751312500927
2025-04-17 10:39:00,102.5,103.0,102.5,102.5,1705,174862.5,106.675,110.725,112.44375,-2.417199833212038,-2.029788348767984,-0.38741148444405393
2025-04-17 10:40:00,103.5,103.5,103.5,103.5,200,20700.0,106.3,110.54166666666667,112.38125,-2.3123799966052587,-2.086306678335439,-0.2260733182698198
2025-04-17 10:48:00,103.0,103.0,103.0,103.0,1005,103515.0,105.925,110.35,112.31666666666666,-2.243790324088806,-2.1178034074861123,-0.1259869166026939
2025-04-17 10:53:00,103.0,103.0,103.0,103.0,500,51500.0,105.575,110.15833333333333,112.25416666666666,-2.164481716572027,-2.127139069303295,-0.03734264726873171
2025-04-17 10:59:00,103.0,103.0,103.0,103.0,1000,103000.0,105.225,109.975,112.19375,-2.0776788848529435,-2.117247032413225,0.039568147560281375
2025-04-17 11:14:00,103.5,103.5,103.5,103.5,1000,103500.0,104.9,109.79166666666667,112.13541666666667,-1.9461076761288325,-2.083019161156346,0.1369114850275137
2025-04-17 11:17:00,103.5,103.5,103.5,103.5,1100,113850.0,104.625,109.60833333333333,112.075,-1.820846955035833,-2.0305847199322438,0.20973776489641072
2025-04-17 11:25:00,104.0,104.0,104.0,104.0,1000,104000.0,104.375,109.44166666666666,112.01458333333333,-1.6620717809027354,-1.956882132126342,0.29481035122360666
2025-04-17 11:40:00,104.0,104.0,104.0,104.0,1000,104000.0,104.125,109.29166666666667,111.95416666666667,-1.5187342879961392,-1.8692525633003019,0.3505182753041627
2025-04-17 11:46:00,104.0,104.0,104.0,104.0,500,52000.0,103.875,109.13333333333334,111.89583333333333,-1.3891253201861673,-1.7732271146774752,0.3841017944913079
2025-04-17 12:06:00,104.5,104.5,104.5,104.5,2000,209000.0,103.675,108.98333333333333,111.84375,-1.2318633047203917,-1.6649543526860586,0.4330910479656669
2025-04-17 12:20:00,104.5,104.5,104.5,104.5,50,5225.0,103.575,108.84166666666667,111.79583333333333,-1.0946139956834315,-1.5508862812855333,0.45627228560210176
2025-04-17 12:24:00,105.0,105.0,105.0,105.0,2000,210000.0,103.525,108.70833333333333,111.74583333333334,-0.934722212299107,-1.4276534674882482,0.49293125518914116
2025-04-17 12:46:00,105.0,105.0,105.0,105.0,2000,210000.0,103.575,108.575,111.7,-0.7987987670572778,-1.3018825274020542,0.5030837603447764
2025-04-17 13:51:00,105.5,105.5,105.5,105.5,5,527.5,103.65,108.45,111.65625,-0.6433168795651767,-1.1701693978346788,0.5268525182695021
2025-04-17 14:29:00,105.5,105.5,105.5,105.5,1000,105500.0,103.75,108.33333333333333,111.6125,-0.5141693394552362,-1.0389693861587903,0.5248000467035541
2025-04-17 14:34:00,105.5,105.5,105.5,105.5,1001,105605.5,103.85,108.21666666666667,111.57083333333334,-0.4071258896317147,-0.9126006868533751,0.5054747972216604
2025-04-18 09:18:00,105.5,105.5,105.5,105.5,2000,211000.0,103.95,108.10833333333333,111.53125,-0.31862032763743287,-0.7938046150101867,0.47518428737275387
2025-04-18 09:21:00,106.0,106.0,106.0,106.0,1000,106000.0,104.175,107.99166666666666,111.49375,-0.20576132234118916,-0.6761959564763873,0.47043463413519815
2025-04-18 09:30:00,106.0,106.0,106.0,106.0,1000,106000.0,104.35,107.875,111.45833333333333,-0.11499416637015258,-0.5639555984551404,0.44896143208498784
2025-04-18 11:16:00,105.5,106.0,105.5,106.0,2006,212136.0,104.525,107.75833333333334,111.42291666666667,-0.04256982290145572,-0.4596784433444035,0.4171086204429478
2025-04-18 12:25:00,105.5,106.0,105.5,106.0,3020,319620.0,104.65,107.64166666666667,111.3875,0.014658022527314074,-0.36481115017006,0.37946917269737407
2025-04-18 12:44:00,105.5,105.5,105.5,105.5,100,10550.0,104.775,107.55,111.35,0.019441570683440546,-0.2879606059993599,0.30740217668280045
2025-04-18 13:21:00,106.0,106.0,106.0,106.0,500,53000.0,104.925,107.44166666666666,111.31666666666666,0.06285384834782803,-0.2177977151299223,0.28065156347775033
2025-04-18 13:30:00,106.0,106.0,106.0,106.0,1000,106000.0,105.075,107.33333333333333,111.2875,0.09615003343134276,-0.15500816541766926,0.251158198849012
2025-04-21 09:51:00,105.5,105.5,105.5,105.5,1000,105500.0,105.175,107.21666666666667,111.25416666666666,0.08125502136367402,-0.1077555280614006,0.18901054942507461
2025-04-21 09:58:00,106.0,106.0,106.0,106.0,6,636.0,105.3,107.10833333333333,111.22291666666666,0.10854519685067032,-0.0644953830789864,0.1730405799296567
2025-04-21 10:02:00,105.5,105.5,105.5,105.5,1005,106027.5,105.375,106.99166666666666,111.18958333333333,0.08880336628520524,-0.03383563320614807,0.12263899949135332
2025-04-21 10:04:00,105.0,105.0,105.0,105.0,25,2625.0,105.425,106.86666666666666,111.15625,0.0324380760554277,-0.020580891353832915,0.05301896740926061
2025-04-21 11:00:00,105.5,105.5,105.5,105.5,900,94950.0,105.5,106.75833333333334,111.12291666666667,0.027793611333464696,-0.010905990816373392,0.038699602149838086
2025-04-21 11:05:00,105.5,106.0,105.5,106.0,4000,423500.0,105.575,106.65833333333333,111.09375,0.06372408927114748,0.0040200252011307865,0.05970406407001669
2025-04-21 11:06:00,106.0,106.0,106.0,106.0,1005,106530.0,105.65,106.55,111.06458333333333,0.09114854817651974,0.021445729796208585,0.06970281838031116
2025-04-21 11:56:00,106.0,106.0,106.0,106.0,10,1060.0,105.7,106.45,111.03541666666666,0.11159621771004424,0.039475827378975724,0.07212039033106851
2025-04-21 13:18:00,106.0,106.0,106.0,106.0,15,1590.0,105.75,106.35,111.00416666666666,0.12634471984931395,0.056849605873043385,0.06949511397627056
2025-04-21 13:20:00,106.0,106.0,106.0,106.0,1000,106000.0,105.775,106.25,110.97291666666666,0.1364599882507207,0.07277168234857886,0.06368830590214183
2025-04-21 13:22:00,106.0,106.0,106.0,106.0,200,21200.0,105.8,106.15833333333333,110.94166666666666,0.14282995650538055,0.0867833371799392,0.056046619325441346
2025-04-21 14:50:00,105.5,105.5,105.5,105.5,100,10550.0,105.8,106.05833333333334,110.90833333333333,0.1063069406763617,0.09068805787922371,0.015618882797137995
2025-04-21 14:53:00,106.0,106.0,106.0,106.0,500,53000.0,105.825,105.95833333333333,110.87916666666666,0.11636660701341839,0.09582376770606266,0.02054283930735573
2025-04-22 09:25:00,105.5,105.5,105.5,105.5,500,52750.0,105.8,105.85833333333333,110.84583333333333,0.08303595691266707,0.09326620554738355,-0.010230248634716471
2025-04-22 09:46:00,104.5,104.5,104.5,104.5,1000,104500.0,105.725,105.73333333333333,110.8125,-0.023796158772100284,0.06985373268348678,-0.09364989145558707
2025-04-22 09:56:00,104.5,104.5,104.5,104.5,3000,313500.0,105.65,105.61666666666666,110.775,-0.10722535301206904,0.034437915544375614,-0.14166326855644465
2025-04-22 10:01:00,104.5,104.5,104.5,104.5,6,627.0,105.575,105.50833333333334,110.7375,-0.17136816498910434,-0.00672330056232039,-0.16464486442678394
2025-04-22 10:09:00,104.0,104.0,104.0,104.0,1000,104000.0,105.5,105.4,110.69791666666667,-0.25955563118206726,-0.05728976668626978,-0.20226586449579748
2025-04-22 10:12:00,104.0,104.0,104.0,104.0,10,1040.0,105.4,105.3,110.65833333333333,-0.32569047641949567,-0.11096990863291498,-0.2147205677865807
2025-04-22 10:30:00,104.0,104.0,104.0,104.0,1000,104000.0,105.3,105.2,110.61875,-0.3737939537260786,-0.16353471765154773,-0.21025923607453087
2025-04-22 11:00:00,103.0,103.0,103.0,103.0,1000,103000.0,105.175,105.08333333333333,110.575,-0.4869941829124116,-0.22822661070372055,-0.25876757220869107
2025-04-22 11:04:00,104.0,104.0,104.0,104.0,30,3120.0,105.075,105.0,110.53541666666666,-0.49036195013349015,-0.2806536785896745,-0.20970827154381566
2025-04-22 11:29:00,103.5,103.5,103.0,103.0,2000,206500.0,104.95,104.9,110.49166666666666,-0.5671844235957622,-0.33795982759089205,-0.2292245960048701
2025-04-22 12:02:00,103.0,103.0,103.0,103.0,30,3090.0,104.85,104.8,110.45,-0.6209093310252314,-0.39454972827775997,-0.2263596027474714
2025-04-22 14:33:00,103.0,103.0,103.0,103.0,500,51500.0,104.725,104.7,110.41041666666666,-0.6559256051534419,-0.4468249036528964,-0.2091007015005455
2025-04-22 14:34:00,103.0,103.0,103.0,103.0,2000,206000.0,104.575,104.60833333333333,110.36875,-0.6758850722891765,-0.4926369373801525,-0.18324813490902397
2025-04-23 09:01:00,104.0,104.0,104.0,104.0,2000,208000.0,104.475,104.56666666666666,110.33125,-0.6040483576828279,-0.5149192214406877,-0.08912913624214025
2025-04-23 09:04:00,104.0,104.0,104.0,104.0,200,20800.0,104.375,104.53333333333333,110.29375,-0.5408822894563912,-0.5201118350438284,-0.020770454412562755
2025-04-23 09:26:00,104.5,104.5,104.0,104.0,3001,312604.5,104.275,104.53333333333333,110.25416666666666,-0.48522930392906005,-0.5131353288208748,0.027906024891814707
2025-04-23 10:00:00,104.0,104.0,104.0,104.0,650,67600.0,104.175,104.53333333333333,110.21666666666667,-0.4360968588130305,-0.49772763481930593,0.06163077600627542
2025-04-23 10:29:00,103.5,103.5,103.5,103.5,1000,103500.0,104.05,104.53333333333333,110.17708333333333,-0.43251905299490545,-0.48468591845442593,0.052166865459520484
2025-04-23 10:35:00,103.5,103.5,103.5,103.5,1000,103500.0,103.95,104.53333333333333,110.1375,-0.42478693672150314,-0.4727061221078414,0.04791918538633827
2025-04-23 11:09:00,104.0,104.0,104.0,104.0,2000,208000.0,103.85,104.54166666666667,110.1,-0.3740020942084783,-0.4529653165279688,0.07896322231949049
2025-04-23 12:41:00,103.5,103.5,103.5,103.5,7,724.5,103.75,104.575,110.06041666666667,-0.3698373076901902,-0.4363397147604131,0.06650240707022292
2025-04-23 12:42:00,104.0,104.0,103.5,103.5,28,2905.0,103.7,104.59166666666667,110.02291666666666,-0.3623596281366588,-0.4215436974356623,0.059184069299003494
2025-04-23 12:43:00,104.0,104.0,103.5,104.0,121,12580.5,103.675,104.61666666666666,109.9875,-0.31248555295212554,-0.39973206853895493,0.08724651558682939
2025-04-23 13:02:00,104.0,104.0,104.0,104.0,100,10400.0,103.65,104.625,109.95208333333333,-0.26984933389927335,-0.37375552161101866,0.10390618771174531
2025-04-23 13:03:00,104.0,104.0,104.0,104.0,100,10400.0,103.65,104.64166666666667,109.91666666666667,-0.23336968268807823,-0.3456783538264306,0.11230867113835236
2025-04-23 13:28:00,104.0,104.0,104.0,104.0,270,28080.0,103.65,104.65833333333333,109.88125,-0.20212927581106044,-0.3169685382233566,0.11483926241229614
2025-04-23 13:38:00,104.0,104.0,104.0,104.0,1000,104000.0,103.65,104.675,109.84583333333333,-0.17534970602639532,-0.28864477178396436,0.11329506575756904
2025-04-24 09:59:00,104.5,104.5,104.5,104.5,2000,209000.0,103.725,104.69166666666666,109.8125,-0.11248423447399603,-0.2534126643219707,0.14092842984797466
2025-04-24 10:23:00,104.0,104.0,104.0,104.0,500,52000.0,103.725,104.7,109.77708333333334,-0.10183482816400158,-0.22309709709037684,0.12126226892637526
2025-04-24 10:44:00,104.5,104.5,104.5,104.5,1000,104500.0,103.8,104.70833333333333,109.74375,-0.05244472546343104,-0.18896662276498769,0.13652189730155664
2025-04-24 11:38:00,105.0,105.0,105.0,105.0,1,105.0,103.9,104.725,109.7125,0.026734924520937398,-0.14582631330780269,0.17256123782874008
2025-04-24 12:43:00,104.5,104.5,104.5,104.5,500,52250.0,103.975,104.73333333333333,109.68125,0.048579551437228474,-0.10694514035879644,0.1555246917960249
2025-04-24 13:09:00,105.0,105.0,105.0,105.0,1000,105000.0,104.075,104.74166666666666,109.65208333333334,0.10502671438945299,-0.06455076940914654,0.16957748379859955
2025-04-24 13:31:00,105.0,105.0,105.0,105.0,1000,105000.0,104.125,104.75,109.625,0.14805481397436893,-0.02202965273244344,0.17008446670681238
2025-04-24 14:41:00,105.5,105.5,105.5,105.5,2,211.0,104.2,104.75833333333334,109.6,0.21996509354690374,0.026369296523426015,0.19359579702347773
2025-04-25 09:01:00,105.5,105.5,105.5,105.5,700,73850.0,104.275,104.76666666666667,109.575,0.27379833146214594,0.07585510351117003,0.1979432279509759
2025-04-25 09:02:00,105.5,105.5,105.5,105.5,1170,123435.0,104.35,104.76666666666667,109.55208333333333,0.31285516080926357,0.12325511497078875,0.1896000458384748
2025-04-25 09:05:00,105.0,105.0,105.0,105.0,500,52500.0,104.425,104.75833333333334,109.53125,0.3000038999181669,0.1586048719602644,0.1413990279579025
2025-04-25 10:48:00,105.5,105.5,105.5,105.5,1000,105500.0,104.525,104.75833333333334,109.5125,0.32640244024658216,0.19216438561752797,0.1342380546290542
2025-04-25 10:53:00,105.5,105.5,105.5,105.5,1000,105500.0,104.6,104.75833333333334,109.49375,0.34336537138428014,0.22240458277087843,0.1209607886134017
2025-04-25 11:40:00,107.0,107.0,107.0,107.0,3005,321535.0,104.775,104.775,109.48125,0.4724005411202654,0.27240377444075586,0.19999676667950955
2025-04-25 11:42:00,107.5,110.0,107.5,110.0,4010,431100.0,105.1,104.84166666666667,109.48541666666667,0.8074292291912428,0.3794088653908533,0.42802036380038955
2025-04-25 11:43:00,109.5,110.0,109.5,110.0,2005,220547.5,105.4,104.90833333333333,109.48958333333333,1.060714620367193,0.5156700163861213,0.5450446039810718
2025-04-25 11:44:00,110.5,110.5,110.5,110.5,10,1105.0,105.725,104.98333333333333,109.5,1.2869557146461403,0.6699271560381251,0.6170285586080152
2025-04-25 11:51:00,110.5,110.5,108.5,108.5,300,32750.0,105.95,105.03333333333333,109.50625,1.2899998117063376,0.7939416871717677,0.4960581245345699
2025-04-25 12:00:00,108.5,108.5,108.5,108.5,300,32550.0,106.175,105.075,109.51041666666667,1.2776839354804963,0.8906901368335136,0.3869937986469827
2025-04-25 12:12:00,109.5,109.5,109.0,109.0,1100,119950.0,106.425,105.125,109.52916666666667,1.2933602839020608,0.9712241662472232,0.32213611765483763
2025-04-25 12:19:00,108.5,108.5,108.5,108.5,100,10850.0,106.625,105.175,109.54375,1.2510171348431385,1.0271827599664065,0.22383437487673197
2025-04-25 12:20:00,108.5,108.5,108.5,108.5,1000,108500.0,106.85,105.21666666666667,109.55208333333333,1.2035856974341073,1.0624633474599467,0.1411223499741605
2025-04-25 14:13:00,110.5,110.5,110.5,110.5,100,11050.0,107.15,105.3,109.575,1.3122523980688072,1.112421157581719,0.19983124048708834
2025-04-25 14:28:00,110.5,110.5,110.5,110.5,10,1105.0,107.425,105.39166666666667,109.59791666666666,1.382435683203468,1.1664240627060687,0.21601162049739941
2025-04-25 14:29:00,110.5,110.5,110.5,110.5,20,2210.0,107.725,105.475,109.61458333333333,1.4216683347111996,1.217472917107095,0.20419541760410453
2025-04-25 14:30:00,110.5,110.5,110.5,110.5,20,2210.0,108.0,105.55,109.6375,1.4362048185453489,1.2612192973947458,0.17498552115060306
2025-04-25 14:36:00,110.5,110.5,110.5,110.5,500,55250.0,108.275,105.625,109.65416666666667,1.431226795127131,1.2952207969412228,0.13600599818590808
2025-04-25 14:52:00,110.5,110.5,110.5,110.5,1000,110500.0,108.525,105.7,109.67708333333333,1.4110163574618468,1.3183799090453479,0.09263644841649898
2025-04-25 14:57:00,110.5,110.5,110.5,110.5,30,3315.0,108.775,105.775,109.7,1.3791020104880545,1.3305243293338893,0.048577681154165164
2025-04-28 09:01:00,108.5,110.5,108.5,110.5,1006,109163.0,109.025,105.85,109.72916666666667,1.338381630260855,1.3320957895192826,0.006285840741572457
2025-04-28 09:03:00,110.0,110.0,110.0,110.0,2000,220000.0,109.275,105.91666666666667,109.75625,1.2513399462622061,1.3159446208678676,-0.06460467460566144
2025-04-28 09:05:00,110.0,110.0,110.0,110.0,5,550.0,109.5,105.99166666666666,109.78541666666666,1.1688846104084263,1.2865326187759794,-0.11764800836755307
2025-04-28 09:06:00,110.5,110.5,110.5,110.5,500,55250.0,109.75,106.06666666666666,109.81666666666666,1.1308482690938177,1.255395748839547,-0.12454747974572933
2025-04-28 09:07:00,110.5,111.0,110.5,111.0,2500,277000.0,109.95,106.15833333333333,109.85,1.1280465969061026,1.2299259184528584,-0.10187932154675572
2025-04-28 09:09:00,112.0,112.0,112.0,112.0,2000,224000.0,110.05,106.28333333333333,109.8875,1.1927684024923053,1.2224944152607478,-0.029726012768442445
2025-04-28 09:18:00,112.0,112.0,112.0,112.0,200,22400.0,110.15,106.40833333333333,109.925,1.229883567524297,1.2239722457134576,0.0059113218108393095
2025-04-28 09:19:00,111.0,111.0,111.0,111.0,1000,111000.0,110.175,106.51666666666667,109.96041666666666,1.165174553603208,1.2122127072914077,-0.047038153688199635
2025-04-28 09:20:00,111.0,111.0,110.5,110.5,3900,432450.0,110.275,106.625,109.99583333333334,1.0613122258462084,1.182032611002368,-0.12072038515615957
2025-04-28 09:21:00,110.5,111.0,110.5,110.5,4000,442500.0,110.375,106.73333333333333,110.02916666666667,0.9678438810127119,1.1391948650044368,-0.17135098399172488
2025-04-28 09:22:00,110.0,110.5,110.0,110.5,1520,167950.0,110.45,106.84166666666667,110.06458333333333,0.8835841364165162,1.0880727192868527,-0.20448858287033644
2025-04-28 09:38:00,110.0,110.5,110.0,110.5,3000,330500.0,110.55,106.96666666666667,110.1,0.8074993321155972,1.0319580418526015,-0.22445870973700432
2025-04-28 09:52:00,109.5,110.0,109.5,110.0,2030,223285.0,110.625,107.06666666666666,110.13541666666667,0.6988004189782515,0.9653265172777316,-0.26652609829948004
2025-04-28 10:00:00,109.5,109.5,109.5,109.5,500,54750.0,110.575,107.175,110.16875,0.5657878754207388,0.8854187889063331,-0.31963091348559425
2025-04-28 10:03:00,109.5,109.5,109.5,109.5,1000,109500.0,110.525,107.28333333333333,110.175,0.4551280435689051,0.7993606398388475,-0.3442325962699424
2025-04-28 10:05:00,109.0,109.0,109.0,109.0,2000,218000.0,110.45,107.38333333333334,110.17291666666667,0.32335606085229074,0.7041597240415363,-0.3808036631892455
2025-04-28 11:49:00,110.0,110.0,110.0,110.0,2000,220000.0,110.425,107.5,110.16666666666667,0.29620301387086556,0.6225683820074022,-0.3263653681365366
2025-04-28 12:11:00,110.5,110.5,110.5,110.5,260,28730.0,110.425,107.60833333333333,110.16458333333334,0.31143976607776835,0.5603426588214754,-0.24890289274370703
2025-04-28 12:21:00,110.5,110.5,110.0,110.0,2236,246460.0,110.4,107.70833333333333,110.14791666666666,0.27994218144127103,0.5042625633454345,-0.22432038190416348
2025-04-28 12:22:00,110.5,110.5,110.5,110.5,500,55250.0,110.4,107.81666666666666,110.12916666666666,0.29196040223669684,0.46180213112368695,-0.16984172888699012
2025-04-28 12:49:00,110.5,110.5,110.5,110.5,2,221.0,110.4,107.925,110.11041666666667,0.29804920311930516,0.42905154552281066,-0.1310023424035055
2025-04-28 12:58:00,110.5,110.5,110.5,110.5,1000,110500.0,110.425,108.04166666666667,110.09166666666667,0.29942305904593525,0.40312584822743563,-0.10370278918150039
2025-04-28 13:18:00,110.5,110.5,110.5,110.5,2,221.0,110.45,108.15833333333333,110.07083333333334,0.29708721330129606,0.38191812124220775,-0.08483090794091169
2025-04-28 13:29:00,110.0,110.0,110.0,110.0,1503,165330.0,110.425,108.25833333333334,110.04791666666667,0.25198548557200695,0.3559315941081676,-0.10394610853616065
2025-04-28 13:46:00,110.0,110.0,110.0,110.0,50,5500.0,110.375,108.36666666666666,110.025,0.21377774463798005,0.3275008242141301,-0.11372307957615008
2025-04-28 14:22:00,110.0,110.0,110.0,110.0,15,1650.0,110.275,108.475,110.0,0.18140669126076148,0.2982819976234564,-0.11687530636269494
2025-04-28 15:00:00,110.0,110.0,110.0,110.0,1000,110000.0,110.175,108.575,109.97708333333334,0.15397744213318276,0.2694210865254017,-0.11544364439221894
2025-04-29 09:19:00,109.5,109.5,109.5,109.5,1500,164250.0,110.1,108.66666666666667,109.95,0.09084652111148728,0.23370617344261882,-0.14285965233113154
2025-04-29 09:34:00,109.0,109.0,109.0,109.0,4000,436000.0,110.025,108.75,109.92083333333333,0.00046364542653520857,0.1870576678394021,-0.18659402241286688
2025-04-29 09:35:00,109.5,109.5,109.0,109.0,3000,327500.0,109.95,108.83333333333333,109.89166666666667,-0.07035443262208219,0.13557524774710525,-0.20592968036918743
2025-04-29 09:36:00,109.0,109.0,109.0,109.0,5020,547180.0,109.875,108.91666666666667,109.85833333333333,-0.12503692188955995,0.08345281381977221,-0.20848973570933216
2025-04-29 09:47:00,108.5,108.5,108.5,108.5,100,10850.0,109.775,108.98333333333333,109.82083333333334,-0.2063404457100546,0.025494161913806834,-0.23183460762386143
2025-04-29 09:48:00,108.5,108.5,108.5,108.5,700,75950.0,109.7,109.05833333333334,109.77916666666667,-0.26768832966388345,-0.03314233640173124,-0.2345459932621522
2025-04-29 11:45:00,109.5,109.5,109.5,109.5,200,21900.0,109.7,109.14166666666667,109.74375,-0.23293025208170093,-0.0730999195377252,-0.15983033254397572
2025-04-29 11:52:00,109.5,109.5,109.5,109.5,10,1095.0,109.7,109.21666666666667,109.70833333333333,-0.20304366420866415,-0.099088668471913,-0.10395499573675115
2025-04-29 12:08:00,109.5,109.5,109.5,109.5,1000,109500.0,109.725,109.3,109.67291666666667,-0.1773143584482284,-0.1147338064671761,-0.06258055198105231
2025-04-29 12:48:00,110.0,110.0,110.0,110.0,2000,220000.0,109.725,109.38333333333334,109.64166666666667,-0.11524935412367654,-0.1148369159984762,-0.0004124381252003373
2025-04-29 13:04:00,110.5,110.5,110.5,110.5,2000,221000.0,109.725,109.475,109.6125,-0.02542350339506072,-0.09695423347779311,0.07153073008273239
2025-04-29 13:05:00,110.5,110.5,110.0,110.0,2030,224300.0,109.725,109.55,109.58125,0.005356562029305678,-0.07649207437637336,0.08184863640567903
2025-04-29 13:08:00,111.0,111.0,110.5,110.5,10000,1108500.0,109.725,109.63333333333334,109.55,0.06929699434721215,-0.04733426063165625,0.11663125497886839
2025-04-29 13:09:00,111.5,111.5,111.5,111.5,2000,223000.0,109.775,109.73333333333333,109.52291666666666,0.19837514508805043,0.0018076205122850985,0.19656752457576535
2025-04-29 13:11:00,110.5,110.5,110.5,110.5,2000,221000.0,109.775,109.825,109.49583333333334,0.21747198518313837,0.04494049344645577,0.17253149173668259
2025-04-29 13:17:00,110.5,110.5,110.5,110.5,200,22100.0,109.775,109.90833333333333,109.46666666666667,0.22995558371707148,0.08194351150057894,0.14801207221649254
2025-04-29 13:22:00,110.5,110.5,110.5,110.5,300,33150.0,109.8,109.99166666666666,109.43541666666667,0.23711560440645485,0.11297793008175414,0.12413767432470071
2025-04-29 13:29:00,111.5,111.5,111.5,111.5,2000,223000.0,109.875,110.06666666666666,109.40833333333333,0.31979521486783824,0.154341387038971,0.16545382782886725
2025-04-29 13:30:00,111.5,111.5,111.5,111.5,4000,446000.0,109.95,110.09166666666667,109.38333333333334,0.3809282975385315,0.1996587691388831,0.1812695283996484
2025-04-29 13:31:00,111.5,111.5,111.5,111.5,5,557.5,110.025,110.11666666666666,109.35625,0.42448352416043633,0.24462372014319378,0.17985980401724255
2025-04-29 13:34:00,111.5,111.5,111.5,111.5,100,11150.0,110.125,110.13333333333334,109.33125,0.4537705703837389,0.2864530901913029,0.16731748019243603
2025-04-29 13:40:00,111.5,111.5,111.5,111.5,7,780.5,110.25,110.18333333333334,109.30416666666666,0.47154508727797406,0.32347148960863714,0.14807359766933692
2025-04-29 14:40:00,111.5,111.5,111.5,111.5,1000,111500.0,110.375,110.23333333333333,109.27708333333334,0.4800972576392013,0.35479664321475,0.12530061442445128
2025-04-30 09:05:00,110.0,110.0,110.0,110.0,700,77000.0,110.425,110.25,109.24583333333334,0.3616683625360366,0.35617098707900735,0.005497375457029274
2025-04-30 09:44:00,110.0,110.0,110.0,110.0,3000,330000.0,110.5,110.275,109.21458333333334,0.26476061437787735,0.3378889125387814,-0.07312829816090405
2025-04-30 10:03:00,110.5,110.5,110.5,110.5,500,55250.0,110.6,110.30833333333334,109.18541666666667,0.22570456537216899,0.31545204310545893,-0.08974747773328995
2025-04-30 10:04:00,110.5,110.5,110.5,110.5,100,11050.0,110.65,110.30833333333334,109.15416666666667,0.1925329649788381,0.2908682274801348,-0.0983352625012967
2025-04-30 10:05:00,110.5,110.5,110.5,110.5,300,33150.0,110.7,110.30833333333334,109.12291666666667,0.16434971150850686,0.26556452428580923,-0.10121481277730238
2025-04-30 10:09:00,110.5,110.5,110.5,110.5,1000,110500.0,110.75,110.30833333333334,109.09583333333333,0.14039588372966705,0.24053079617458079,-0.10013491244491374
2025-04-30 10:14:00,110.5,110.5,110.5,110.5,1000,110500.0,110.775,110.30833333333334,109.06666666666666,0.12002868665246069,0.2164303742701568,-0.0964016876176961
2025-04-30 10:19:00,110.5,110.5,110.5,110.5,200,22100.0,110.775,110.30833333333334,109.03958333333334,0.10270363268425342,0.19368502595297613,-0.0909813932687227
2025-04-30 10:59:00,111.0,111.0,111.0,111.0,2000,222000.0,110.825,110.31666666666666,109.01458333333333,0.12784550057031652,0.18051712087644423,-0.05267162030612771
2025-04-30 11:08:00,112.0,112.0,112.0,112.0,2000,224000.0,110.9,110.34166666666667,108.99583333333334,0.22585869620102983,0.18958543594136137,0.036273260259668455
2025-04-30 11:09:00,112.5,112.5,112.5,112.5,2000,225000.0,110.95,110.375,108.98125,0.3399618130490154,0.2196607113628922,0.12030110168612321
2025-04-30 11:45:00,112.5,112.5,112.5,112.5,1000,112500.0,111.05,110.41666666666667,108.96458333333334,0.4254846332228084,0.26082549573487546,0.16465913748793293
2025-04-30 11:47:00,112.5,112.5,112.5,112.5,5,562.5,111.15,110.45833333333333,108.9625,0.48764086403450335,0.30618856939480105,0.1814522946397023
2025-04-30 12:00:00,113.0,113.0,113.0,113.0,2000,226000.0,111.275,110.5,108.95833333333333,0.5706676447099568,0.35908438445783225,0.21158326025212454
2025-04-30 12:07:00,113.0,113.0,113.0,113.0,1000,113000.0,111.35,110.53333333333333,108.95208333333333,0.6292137817666656,0.41311026391959893,0.21610351784706672
2025-04-30 12:54:00,113.0,113.0,113.0,113.0,2000,226000.0,111.425,110.55,108.95,0.6679127349391081,0.46407075812350085,0.20384197681560723
2025-04-30 12:56:00,113.5,113.5,113.5,113.5,2000,227000.0,111.525,110.575,108.95,0.7305069263426844,0.5173579917673377,0.21314893457534678
2025-04-30 13:15:00,114.5,114.5,114.5,114.5,2000,229000.0,111.675,110.63333333333334,108.95,0.8509951740082755,0.5840854282155252,0.2669097457927503
2025-04-30 13:16:00,115.0,116.0,115.0,116.0,2300,264800.0,111.9,110.725,108.95625,1.0553549672048774,0.6783393360133957,0.37701563119148174
2025-04-30 13:27:00,116.0,116.0,116.0,116.0,20,2320.0,112.125,110.81666666666666,108.9625,1.2034390790574037,0.7833592846221974,0.42007979443520627
2025-04-30 13:29:00,116.0,116.0,116.0,116.0,1000,116000.0,112.425,110.90833333333333,108.97083333333333,1.3057449891520463,0.8878364255281672,0.41790856362387907
2025-04-30 13:31:00,115.5,115.5,115.5,115.5,300,34650.0,112.7,110.99166666666666,108.97708333333334,1.331132867554956,0.9764957139335252,0.3546371536214309
2025-04-30 13:33:00,116.5,116.5,116.5,116.5,2000,233000.0,113.0,111.1,108.9875,1.4156261299212645,1.0643217971310732,0.35130433279019124
2025-04-30 13:38:00,116.0,116.0,116.0,116.0,1000,116000.0,113.275,111.20833333333333,108.99791666666667,1.4258060234570138,1.1366186423962614,0.28918738106075237
2025-04-30 13:46:00,116.0,116.0,116.0,116.0,500,58000.0,113.55,111.31666666666666,109.00833333333334,1.4175332218288332,1.1928015582827758,0.22473166354605745
2025-04-30 13:52:00,117.5,117.5,117.5,117.5,1,117.5,113.9,111.45833333333333,109.025,1.5145555769995838,1.2571523620261376,0.2574032149734462
2025-04-30 13:53:00,116.5,116.5,116.5,116.5,300,34950.0,114.2,111.56666666666666,109.0375,1.4935382703441888,1.304429543689748,0.1891087266544409
2025-04-30 13:55:00,117.5,117.5,117.5,117.5,1,117.5,114.55,111.68333333333334,109.05208333333333,1.5398234201686591,1.3515083189855304,0.18831510118312877
2025-04-30 14:01:00,116.5,116.5,116.5,116.5,600,69900.0,114.825,111.79166666666667,109.06041666666667,1.4787667891745002,1.3769600130233244,0.10180677615117584
2025-04-30 14:02:00,116.5,117.0,116.5,117.0,2600,303900.0,115.075,111.9,109.07291666666667,1.4539643940745464,1.3923608892335688,0.06160350484097754
2025-04-30 14:03:00,117.0,117.0,117.0,117.0,1000,117000.0,115.3,112.00833333333334,109.08333333333333,1.4179629233372708,1.3974812960543093,0.020481627282961545
2025-04-30 14:25:00,116.5,116.5,116.5,116.5,200,23300.0,115.5,112.10833333333333,109.09375,1.3337114813255795,1.3847273331085634,-0.051015851782983956
2025-04-30 14:33:00,117.0,117.0,116.5,116.5,1300,151950.0,115.7,112.20833333333333,109.10416666666667,1.252503525546345,1.35828257159612,-0.10577904604977495
2025-04-30 14:35:00,115.5,115.5,115.5,115.5,6,693.0,115.825,112.3,109.10625,1.0948334345449666,1.3055927441858894,-0.21075930964092282
2025-04-30 14:48:00,118.0,118.0,118.0,118.0,1,118.0,116.075,112.43333333333334,109.12291666666667,1.1582562016003664,1.276125435668785,-0.11786923406841865
2025-05-02 09:01:00,118.0,118.0,118.0,118.0,2,236.0,116.325,112.56666666666666,109.13958333333333,1.1947469028363429,1.2598497291022968,-0.06510282626595387
2025-05-02 09:02:00,118.0,118.0,118.0,118.0,1998,235764.0,116.55,112.7,109.15416666666667,1.209721134256739,1.2498240101331852,-0.04010287587644612
2025-05-02 09:05:00,117.5,118.0,117.5,118.0,4000,471500.0,116.725,112.84166666666667,109.16875,1.207667086118775,1.2413926253303034,-0.03372553921152832
2025-05-02 09:08:00,119.0,120.0,119.0,120.0,11270,1347380.0,116.925,113.025,109.19166666666666,1.3518393608127468,1.263481972426792,0.08835738838595475
2025-05-02 09:09:00,120.5,122.0,120.5,122.0,6000,727000.0,117.225,113.24166666666666,109.22291666666666,1.6089334294668447,1.3325722638348028,0.27636116563204194
2025-05-02 09:10:00,124.0,126.0,124.0,126.0,6000,748000.0,117.725,113.525,109.27291666666666,2.111113301723293,1.488280471412501,0.622832830310792
2025-05-02 09:11:00,126.0,126.5,126.0,126.5,4000,504500.0,118.275,113.825,109.32291666666667,2.520386839226518,1.6947017449753048,0.8256850942512131
2025-05-02 09:13:00,125.0,125.0,124.5,124.5,2000,249500.0,118.675,114.09166666666667,109.36458333333333,2.652776227991424,1.886316641578529,0.7664595864128951
2025-05-02 09:14:00,124.5,124.5,124.0,124.0,1500,186250.0,119.075,114.33333333333333,109.40625,2.68638300006657,2.0463299132761374,0.6400530867904326
2025-05-02 09:19:00,124.0,124.0,124.0,124.0,1700,210800.0,119.475,114.575,109.45208333333333,2.682099040865438,2.1734837387939976,0.5086153020714406
2025-05-02 09:20:00,120.5,121.0,120.5,121.0,2000,241500.0,119.65,114.76666666666667,109.48333333333333,2.4088611920227834,2.220559229439755,0.18830196258302845
2025-05-02 09:27:00,120.5,121.0,120.5,121.0,2190,264490.0,119.875,114.95,109.51458333333333,2.16733454472984,2.209914292497772,-0.04257974776793194
2025-05-02 09:30:00,121.5,121.5,121.0,121.0,5000,607000.0,120.05,115.125,109.54791666666667,1.9534052963410176,2.1586124932664212,-0.20520719692540368
2025-05-02 09:33:00,121.0,121.0,121.0,121.0,1000,121000.0,120.275,115.30833333333334,109.58125,1.7635358818330502,2.079597170979747,-0.31606128914669673
2025-05-02 10:20:00,121.0,121.0,121.0,121.0,2000,242000.0,120.475,115.48333333333333,109.61458333333333,1.5946805185366912,1.9826138404911358,-0.3879333219544445
2025-05-02 10:24:00,124.5,124.5,124.5,124.5,1,124.5,120.85,115.7,109.6625,1.7234157123240408,1.930774214857717,-0.20735850253367616
2025-05-02 10:54:00,123.0,123.0,123.0,123.0,160,19680.0,121.175,115.90833333333333,109.70625,1.684978434381648,1.8816150587625036,-0.1966366243808555
2025-05-02 10:56:00,123.0,123.0,123.0,123.0,10,1230.0,121.5,116.11666666666666,109.75,1.6356617244908023,1.8324243919081635,-0.19676266741736126
2025-05-02 11:00:00,123.0,123.0,123.0,123.0,50,6150.0,121.875,116.325,109.79583333333333,1.578383256918329,1.7816161649101967,-0.20323290799186777
2025-05-02 11:30:00,123.0,123.0,123.0,123.0,1000,123000.0,122.125,116.51666666666667,109.8375,1.5155196910775715,1.7283968701436718,-0.21287717906610037
2025-05-02 12:06:00,122.5,122.5,122.5,122.5,7,857.5,122.35,116.7,109.87708333333333,1.4091106900219756,1.6645396341193328,-0.25542894409735717
2025-05-02 12:09:00,122.5,122.5,122.5,122.5,510,62475.0,122.575,116.88333333333334,109.91666666666667,1.3096835730693215,1.5935684219093307,-0.2838848488400092
2025-05-02 12:10:00,122.0,122.0,122.0,122.0,10,1220.0,122.775,117.05833333333334,109.95416666666667,1.1769736259062,1.5102494627087046,-0.3332758368025046
2025-05-02 12:15:00,120.5,121.0,120.5,121.0,2000,241500.0,122.825,117.21666666666667,109.99583333333334,0.9798137114518255,1.404162312457329,-0.42434860100550353
2025-05-02 12:16:00,120.5,120.5,120.0,120.5,3500,420750.0,122.75,117.36666666666666,110.02916666666667,0.7742916848969514,1.2781881869452536,-0.5038965020483022
2025-05-02 12:18:00,120.0,120.0,120.0,120.0,10,1200.0,122.45,117.53333333333333,110.06041666666667,0.5645602773693952,1.135462605030082,-0.5709023276606868
2025-05-02 12:21:00,120.0,120.0,120.0,120.0,1303,156360.0,122.125,117.7,110.09166666666667,0.3938070631826065,0.9871314966605869,-0.5933244334779804
2025-05-02 12:25:00,121.0,121.0,121.0,121.0,2000,242000.0,121.95,117.875,110.12708333333333,0.3353103049088446,0.8567672583102386,-0.521456953401394
2025-05-02 12:40:00,120.0,120.0,120.0,120.0,200,24000.0,121.75,118.03333333333333,110.15833333333333,0.20588623156146468,0.7265910529604838,-0.5207048213990191
2025-05-02 13:19:00,121.5,121.5,121.5,121.5,50,6075.0,121.625,118.21666666666667,110.19583333333334,0.22179744211197772,0.6256323307907826,-0.4038348886788049
2025-05-02 14:02:00,121.5,121.5,121.0,121.0,2000,242500.0,121.625,118.39166666666667,110.23333333333333,0.19184984420014928,0.538875833472656,-0.3470259892725067
2025-05-02 14:53:00,120.5,120.5,120.5,120.5,2,241.0,121.6,118.55833333333334,110.26875,0.126314263566087,0.4563635194913422,-0.3300492559252552
2025-05-05 09:16:00,120.5,120.5,120.5,120.5,600,72300.0,121.575,118.725,110.30208333333333,0.07352924439618391,0.37979666447231053,-0.3062674200761266
2025-05-05 09:17:00,120.5,120.5,120.5,120.5,1000,120500.0,121.55,118.88333333333334,110.3375,0.03133552003919249,0.31010443558568695,-0.27876891554649447
2025-05-05 09:24:00,120.0,120.5,120.0,120.5,3000,360500.0,121.525,119.025,110.37291666666667,-0.002079341152636971,0.24766768023802216,-0.24974702139065913
2025-05-05 09:25:00,119.5,119.5,119.5,119.5,2000,239000.0,121.275,119.14166666666667,110.40416666666667,-0.10800745928123945,0.17653265233416984,-0.28454011161540926
2025-05-05 09:27:00,119.0,119.0,119.0,119.0,1000,119000.0,121.075,119.25,110.43541666666667,-0.22965476027339093,0.09529516981265768,-0.3249499300860486
2025-05-05 09:29:00,119.0,119.0,118.0,118.0,2000,237000.0,120.825,119.34166666666667,110.4625,-0.4021174062327759,-0.00418734539642907,-0.39793006083634685
2025-05-05 09:32:00,118.0,118.0,118.0,118.0,50,5900.0,120.575,119.425,110.4875,-0.532655178352158,-0.1098809119875749,-0.42277426636458315
2025-05-05 09:35:00,117.0,117.0,117.0,117.0,1,117.0,120.275,119.49166666666666,110.51041666666667,-0.7086302969260032,-0.22963078897526062,-0.4789995079507426
2025-05-05 09:38:00,116.0,116.0,116.0,116.0,1000,116000.0,119.95,119.54166666666667,110.52708333333334,-0.9181990616556561,-0.3673444435113398,-0.5508546181443164
2025-05-05 09:44:00,115.5,115.5,115.5,115.5,2000,231000.0,119.6,119.575,110.54375,-1.1118133467098517,-0.5162382241510423,-0.5955751225588094
2025-05-05 09:49:00,115.0,115.0,115.0,115.0,1000,115000.0,119.25,119.58333333333333,110.56041666666667,-1.290721252701502,-0.6711348298611343,-0.6195864228403677
2025-05-05 10:34:00,117.0,117.0,117.0,117.0,20,2340.0,119.05,119.6,110.5875,-1.256638030869297,-0.788235470062767,-0.4684025608065301
2025-05-05 11:29:00,117.0,117.0,117.0,117.0,5,585.0,118.875,119.61666666666666,110.61666666666666,-1.2156139906204828,-0.8737111741743102,-0.3419028164461726
2025-05-05 11:45:00,117.0,117.0,117.0,117.0,1200,140400.0,118.725,119.63333333333334,110.64583333333333,-1.169619497654935,-0.9328928388704353,-0.23672665878449972
2025-05-05 11:48:00,117.5,117.5,117.5,117.5,1528,179540.0,118.6,119.66666666666667,110.67708333333333,-1.0803688892328722,-0.9623880489429227,-0.11798084028994948
2025-05-05 11:51:00,118.0,118.0,118.0,118.0,250,29500.0,118.45,119.69166666666666,110.71458333333334,-0.9582452628140743,-0.9615594917171532,0.003314228903078864
2025-05-05 11:58:00,118.0,118.0,118.0,118.0,10,1180.0,118.35,119.725,110.75208333333333,-0.8516441849895102,-0.9395764303716246,0.08793224538211442
2025-05-05 11:59:00,118.0,118.0,117.5,117.5,1500,176750.0,118.15,119.75,110.7875,-0.7983055150700977,-0.9113222473113193,0.11301673224122155
2025-05-06 09:02:00,117.5,117.5,117.5,117.5,2000,235000.0,117.975,119.75,110.82291666666667,-0.7474184601181975,-0.878541489872695,0.13112302975449752
2025-05-06 09:09:00,117.0,117.0,117.0,117.0,1000,117000.0,117.8,119.75833333333334,110.85833333333333,-0.7389181354679124,-0.8506168189917385,0.11169868352382606
2025-05-06 09:11:00,117.0,117.0,117.0,117.0,500,58500.0,117.625,119.75,110.90208333333334,-0.7238376174602053,-0.8252609786854319,0.10142336122522666
2025-05-06 09:14:00,117.0,117.0,117.0,117.0,1000,117000.0,117.45,119.75833333333334,110.94791666666667,-0.7037735350614724,-0.8009634899606402,0.09718995489916771
2025-05-06 09:22:00,116.0,116.0,116.0,116.0,900,104400.0,117.225,119.74166666666666,110.99791666666667,-0.759805680930711,-0.7927319281546544,0.03292624722394344
2025-05-06 09:29:00,116.0,116.0,116.0,116.0,1000,116000.0,117.05,119.725,111.04791666666667,-0.7950467561168182,-0.7931948937470873,-0.0018518623697308945
2025-05-06 09:30:00,115.0,115.0,115.0,115.0,1000,115000.0,116.85,119.7,111.09583333333333,-0.8933690029877681,-0.8132297155952235,-0.08013928739254461
2025-05-06 09:36:00,115.0,115.0,115.0,115.0,998,114770.0,116.7,119.675,111.14375,-0.9602212590491774,-0.8426280242860144,-0.11759323476316308
2025-05-06 10:25:00,116.0,116.0,115.0,115.0,700,80850.0,116.55,119.66666666666667,111.19166666666666,-1.001655690333223,-0.8744335574954561,-0.12722213283776684
2025-05-06 11:16:00,115.0,115.5,115.0,115.0,1850,212800.0,116.45,119.61666666666666,111.24791666666667,-1.0227036841844495,-0.9040875828332549,-0.1186161013511946
2025-05-06 11:37:00,116.0,116.0,116.0,116.0,2000,232000.0,116.45,119.58333333333333,111.30416666666666,-0.9477674550458488,-0.9128235572757738,-0.034943897770075005
2025-05-06 12:06:00,116.0,116.0,116.0,116.0,2000,232000.0,116.475,119.55,111.36041666666667,-0.8782559654923006,-0.9059100389190792,0.027654073426778614
2025-05-06 12:39:00,116.5,116.5,116.5,116.5,4000,466000.0,116.55,119.525,111.41458333333334,-0.7739007418763464,-0.8795081795105326,0.10560743763418623
2025-05-06 12:45:00,115.5,115.5,115.5,115.5,30,3465.0,116.475,119.45,111.46666666666667,-0.7630936493923173,-0.8562252734868897,0.09313162409457243
2025-05-06 12:52:00,115.5,116.0,115.5,116.0,4000,462500.0,116.425,119.35,111.52083333333333,-0.7060442903305528,-0.8261890768556224,0.12014478652506955
2025-05-06 15:00:00,116.5,116.5,116.5,116.5,200,23300.0,116.4,119.19166666666666,111.57708333333333,-0.6134153703781209,-0.7836343355601222,0.1702189651820013
2025-05-07 09:01:00,116.5,116.5,116.5,116.5,35,4077.5,116.35,119.025,111.63125,-0.5338523661945516,-0.7336779416870082,0.1998255754924566
2025-05-07 09:14:00,115.0,115.0,115.0,115.0,1,115.0,116.2,118.86666666666666,111.67916666666666,-0.5850910111653036,-0.7039605555826673,0.11886954441736375
2025-05-07 09:17:00,115.0,115.0,115.0,115.0,3000,345000.0,116.05,118.71666666666667,111.725,-0.6185675448470676,-0.6868819534355475,0.06831440858847992
2025-05-07 09:19:00,115.0,115.0,115.0,115.0,2000,230000.0,115.925,118.56666666666666,111.77083333333333,-0.637746395511158,-0.6770548418506697,0.03930844633951169
2025-05-07 09:35:00,115.0,115.0,115.0,115.0,20,2300.0,115.8,118.46666666666667,111.81666666666666,-0.6455047953703712,-0.67074483255461,0.02524003718423884
2025-05-07 11:09:00,115.0,115.0,115.0,115.0,10,1150.0,115.7,118.36666666666666,111.86041666666667,-0.6442271337743506,-0.6654412927985582,0.021214159024207646
2025-05-07 11:16:00,114.0,114.0,114.0,114.0,3000,342000.0,115.55,118.25,111.9,-0.7156565768683691,-0.6754843496125205,-0.04017222725584868
2025-05-07 12:35:00,114.5,114.5,114.5,114.5,1010,115645.0,115.425,118.14166666666667,111.93958333333333,-0.723578145368009,-0.6851031087636182,-0.03847503660439078
2025-05-08 10:20:00,114.5,114.5,114.5,114.5,200,22900.0,115.35,118.03333333333333,111.97916666666667,-0.7215385976641215,-0.692390206543719,-0.029148391120402573
2025-05-08 10:21:00,114.5,114.5,114.5,114.5,30,3435.0,115.275,117.86666666666666,112.01666666666667,-0.7117179993472149,-0.6962557651044182,-0.01546223424279669
2025-05-08 11:07:00,114.0,114.0,114.0,114.0,1000,114000.0,115.225,117.71666666666667,112.05208333333333,-0.735799091841443,-0.7041644304518232,-0.03163466138961979
2025-05-08 11:22:00,114.5,114.5,114.5,114.5,35,4007.5,115.2,117.575,112.08958333333334,-0.7063948299284561,-0.7046105103471498,-0.001784319581306315
2025-05-08 12:18:00,114.0,114.0,114.0,114.0,2000,228000.0,115.15,117.425,112.125,-0.715193259142751,-0.7067270601062702,-0.008466199036480826
2025-05-08 12:28:00,114.0,114.0,114.0,114.0,1000,114000.0,115.1,117.275,112.15833333333333,-0.7139362648332224,-0.7081689010516606,-0.00576736378156173
2025-05-08 13:07:00,113.0,113.0,113.0,113.0,2000,226000.0,114.95,117.11666666666666,112.1875,-0.7845874941937723,-0.723452619680083,-0.061134874513689264
2025-05-09 09:21:00,113.0,113.0,113.0,113.0,1000,113000.0,114.8,116.95833333333333,112.21666666666667,-0.8309998534455332,-0.7449620664331731,-0.08603778701236009
2025-05-09 09:28:00,113.5,113.5,113.5,113.5,3000,340500.0,114.65,116.81666666666666,112.24791666666667,-0.8180066892872873,-0.759570991003996,-0.058435698283291204
2025-05-09 09:34:00,113.0,113.0,113.0,113.0,1000,113000.0,114.525,116.68333333333334,112.27916666666667,-0.8383908861514726,-0.7753349700334915,-0.06305591611798111
2025-05-09 09:38:00,113.0,113.0,113.0,113.0,1000,113000.0,114.375,116.55833333333334,112.30833333333334,-0.8448070986672889,-0.7892293957602511,-0.055577702907037785
2025-05-09 09:46:00,113.0,113.0,113.0,113.0,2005,226565.0,114.2,116.44166666666666,112.3375,-0.8402066144712137,-0.7994248395024437,-0.04078177496877
2025-05-09 09:53:00,113.5,113.5,113.5,113.5,1500,170250.0,114.05,116.33333333333333,112.37083333333334,-0.7871412024717728,-0.7969681120963096,0.009826909624536806
2025-05-09 10:02:00,113.5,113.5,113.5,113.5,200,22700.0,113.975,116.20833333333333,112.40208333333334,-0.7365954671164019,-0.7848935831003282,0.048298115983926304
2025-05-09 10:33:00,113.5,113.5,113.5,113.5,1,113.5,113.9,116.1,112.43541666666667,-0.6885998571699758,-0.7656348379142578,0.07703498074428194
2025-05-09 12:36:00,113.5,113.5,113.5,113.5,30,3405.0,113.825,115.96666666666667,112.47083333333333,-0.6431491672442036,-0.741137703780247,0.09798853653604345
2025-05-09 12:38:00,112.5,113.0,112.5,113.0,2900,327150.0,113.725,115.83333333333333,112.50208333333333,-0.64009635699189,-0.7209294344225757,0.08083307743068568
2025-05-09 12:46:00,113.5,113.5,113.5,113.5,1,113.5,113.65,115.71666666666667,112.53333333333333,-0.5905239688228079,-0.6948483413026222,0.1043243724798143
2025-05-09 13:07:00,112.5,112.5,112.5,112.5,1000,112500.0,113.575,115.58333333333333,112.56041666666667,-0.6247276650570086,-0.6808242060534996,0.05609654099649097
2025-05-09 13:12:00,113.5,113.5,113.5,113.5,1,113.5,113.525,115.46666666666667,112.59166666666667,-0.5646339493994077,-0.6575861547226812,0.09295220532327353
2025-05-09 14:30:00,113.5,113.5,113.5,113.5,50,5675.0,113.475,115.35,112.62291666666667,-0.5111174035206432,-0.6282924044822736,0.11717500096163047
2025-05-09 14:31:00,113.5,113.5,113.5,113.5,50,5675.0,113.425,115.25,112.65416666666667,-0.46336378605415973,-0.5953066807966509,0.1319428947424912
2025-05-09 15:00:00,113.5,113.5,113.5,113.5,1000,113500.0,113.4,115.15833333333333,112.68541666666667,-0.4206694842094407,-0.5603792414792089,0.1397097572697682
2025-05-12 09:19:00,113.0,113.0,113.0,113.0,6000,678000.0,113.325,115.075,112.71666666666667,-0.4223116182717206,-0.5327657168377112,0.11045409856599064
2025-05-12 09:20:00,112.5,112.5,112.0,112.0,8000,897000.0,113.225,114.975,112.74166666666666,-0.4985576023003233,-0.5259240939302336,0.02736649162991034
2025-05-12 09:28:00,112.5,112.5,112.5,112.5,18,2025.0,113.15,114.9,112.77083333333333,-0.5127268763705928,-0.5232846504183055,0.010557774047712742
2025-05-12 09:33:00,112.0,112.0,111.5,111.5,3620,403780.0,113.075,114.825,112.8,-0.5977571979200036,-0.5381791599186452,-0.05957803800135841
2025-05-12 09:34:00,111.0,111.0,111.0,111.0,1501,166611.0,112.975,114.75,112.82708333333333,-0.6974503877616058,-0.5700334054872374,-0.12741698227436848
2025-05-12 09:36:00,111.0,111.5,111.0,111.5,1200,133300.0,112.875,114.69166666666666,112.85625,-0.7277233953268478,-0.6015714034551595,-0.12615199187168835
2025-05-12 09:37:00,111.0,111.5,111.0,111.5,16,1783.5,112.8,114.6,112.8875,-0.7431484195409013,-0.6298868066723079,-0.11326161286859338
2025-05-12 09:41:00,111.5,111.5,111.5,111.5,1000,111500.0,112.725,114.50833333333334,112.91875,-0.7467646246141442,-0.6532623702606752,-0.09350225435346893
2025-05-12 09:44:00,111.0,111.0,111.0,111.0,1000,111000.0,112.625,114.40833333333333,112.94791666666667,-0.7809737354308766,-0.6788046432947156,-0.10216909213616099
2025-05-12 09:51:00,111.0,111.0,111.0,111.0,1000,111000.0,112.5,114.3,112.98125,-0.7988757597410938,-0.7028188665839913,-0.09605689315710253
2025-05-12 12:47:00,111.5,111.5,111.5,111.5,2000,223000.0,112.4,114.19166666666666,113.0125,-0.7639115251152759,-0.7150373982902483,-0.048874126825027675
2025-05-12 12:55:00,111.0,111.0,111.0,111.0,2000,222000.0,112.275,114.075,113.04583333333333,-0.767698389438479,-0.7255695965198945,-0.04212879291858451
2025-05-12 13:07:00,110.5,111.0,110.5,111.0,6396,708456.0,112.15,113.96666666666667,113.07916666666667,-0.7619166063362854,-0.7328389984831728,-0.02907760785311264
2025-05-12 14:02:00,111.5,111.5,111.5,111.5,5,557.5,112.075,113.86666666666666,113.11458333333333,-0.7088178690757445,-0.7280347726016873,0.01921690352594274
2025-05-12 14:59:00,111.5,111.5,111.5,111.5,500,55750.0,111.975,113.775,113.15,-0.6591385977852866,-0.7142555376384072,0.055116939853120606
2025-05-13 09:17:00,112.0,112.0,112.0,112.0,320,35840.0,111.95,113.69166666666666,113.18333333333334,-0.5728185009305093,-0.6859681302968277,0.11314962936631834
2025-05-13 09:18:00,112.0,112.0,112.0,112.0,1000,112000.0,111.875,113.60833333333333,113.21666666666667,-0.4986609492530647,-0.6485066940880752,0.14984574483501045
2025-05-13 09:26:00,112.0,112.0,112.0,112.0,1000,112000.0,111.8,113.54166666666667,113.25,-0.4348775574915038,-0.605780866768761,0.17090330927725716
2025-05-13 09:27:00,112.0,112.0,112.0,112.0,1000,112000.0,111.725,113.475,113.28333333333333,-0.3799489450573219,-0.5606144824264732,0.18066553736915125
2025-05-13 09:46:00,112.5,112.5,112.5,112.5,645,72562.5,111.675,113.43333333333334,113.32083333333334,-0.29269776500140665,-0.5070311389414599,0.21433337394005325
2025-05-13 09:58:00,112.0,112.0,112.0,112.0,1000,112000.0,111.625,113.38333333333334,113.35625,-0.26088903116840356,-0.45780271738684863,0.19691368621844507
2025-05-13 10:46:00,112.0,112.0,112.0,112.0,1000,112000.0,111.625,113.33333333333333,113.38958333333333,-0.23299456413492692,-0.41284108673646436,0.17984652260153744
2025-05-13 11:59:00,112.5,112.5,112.5,112.5,500,56250.0,111.625,113.29166666666667,113.42708333333333,-0.16859867612710389,-0.3639926046145923,0.19539392848748843
2025-05-13 12:54:00,112.0,112.0,112.0,112.0,2000,224000.0,111.65,113.225,113.4625,-0.15611074476910858,-0.32241623264549557,0.166305487876387
2025-05-13 14:13:00,111.5,111.5,111.5,111.5,1000,111500.0,111.675,113.15,113.49375,-0.18443375302400966,-0.2948197367211984,0.11038598369718872
2025-05-13 14:19:00,112.0,112.0,112.0,112.0,2000,224000.0,111.7,113.075,113.52708333333334,-0.16463629506959876,-0.26878304839087847,0.1041467533212797
2025-05-13 14:24:00,112.0,112.0,112.0,112.0,1000,112000.0,111.725,113.01666666666667,113.56041666666667,-0.1472492690931375,-0.24447629253133027,0.09722702343819276
2025-05-14 09:01:00,111.5,111.5,111.5,111.5,1000,111500.0,111.725,112.94166666666666,113.59166666666667,-0.17183494083131734,-0.2299480221913277,0.058113081360010366
2025-05-14 09:07:00,112.0,112.0,112.0,112.0,100,11200.0,111.775,112.86666666666666,113.625,-0.14925294642868892,-0.2138090070388,0.06455606061011107
2025-05-14 09:12:00,111.5,111.5,111.5,111.5,645,71917.5,111.8,112.78333333333333,113.65416666666667,-0.16974565227928906,-0.2049963360868978,0.035250683807608735
2025-05-14 10:44:00,112.0,112.0,112.0,112.0,20,2240.0,111.825,112.73333333333333,113.6875,-0.14398072777727577,-0.1927932144249734,0.048812486647697634
2025-05-14 11:09:00,112.0,112.0,112.0,112.0,1000,112000.0,111.875,112.68333333333334,113.71875,-0.12215372735232677,-0.1786653170104441,0.05651158965811734
2025-05-14 11:26:00,112.5,112.5,112.5,112.5,4000,450000.0,111.95,112.64166666666667,113.75,-0.06377469593843443,-0.15568719279604218,0.09191249685760775
2025-05-14 11:27:00,112.5,112.5,112.5,112.5,2000,225000.0,112.0,112.6,113.78333333333333,-0.017309361401174783,-0.1280116265170687,0.11070226511589393
2025-05-14 11:35:00,113.0,113.0,113.0,113.0,500,56500.0,112.075,112.56666666666666,113.81666666666666,0.0591784005456617,-0.09057362110452263,0.14975202165018434
2025-05-14 11:36:00,113.0,113.0,113.0,113.0,3000,339000.0,112.125,112.55,113.85,0.11843031203626708,-0.048772834476364685,0.16720314651263177
2025-05-14 11:38:00,114.0,114.0,114.0,114.0,2000,228000.0,112.225,112.54166666666667,113.88541666666667,0.24327519640027617,0.009636771698963502,0.23363842470131266
2025-05-14 12:11:00,115.0,115.0,114.5,115.0,4000,459500.0,112.375,112.55,113.925,0.4180878528518548,0.09132698792954179,0.326760864922313
2025-05-14 12:14:00,115.5,115.5,115.5,115.5,1000,115500.0,112.55,112.56666666666666,113.96666666666667,0.5901708417771516,0.19109575869906378,0.3990750830780878
2025-05-14 12:15:00,115.5,115.5,115.5,115.5,2000,231000.0,112.7,112.59166666666667,114.01041666666667,0.7182681027097857,0.2965302275012082,0.4217378752085775
2025-05-14 12:25:00,116.0,116.0,116.0,116.0,2000,232000.0,112.9,112.61666666666666,114.05416666666666,0.8503298529822416,0.407290152597415,0.4430397003848266
2025-05-14 12:30:00,117.5,117.5,117.5,117.5,1000,117500.0,113.175,112.675,114.10416666666667,1.0637647872073046,0.538585079519393,0.5251797076879116
2025-05-14 12:31:00,117.5,117.5,117.5,117.5,3000,352500.0,113.425,112.73333333333333,114.14791666666666,1.2188632138826705,0.6746407063920487,0.5442225074906218
2025-05-14 12:32:00,117.5,117.5,117.5,117.5,60,7050.0,113.7,112.80833333333334,114.17916666666666,1.326488896162445,0.805010344346128,0.5214785518163171
2025-05-14 12:33:00,118.5,118.5,118.5,118.5,3000,355500.0,114.05,112.9,114.21458333333334,1.4754664091034186,0.9391015572975862,0.5363648518058325
2025-05-14 12:53:00,117.5,117.5,117.0,117.0,7000,820000.0,114.3,112.95833333333333,114.24166666666666,1.4557141311044433,1.0424240720589577,0.41329005904548555
2025-05-14 12:55:00,116.0,116.0,116.0,116.0,150,17400.0,114.5,113.00833333333334,114.27291666666666,1.343877285024277,1.1027147146520215,0.24116257037225552
2025-05-14 12:57:00,116.5,116.5,116.5,116.5,1000,116500.0,114.75,113.06666666666666,114.30625,1.2808270234512378,1.1383371764118648,0.14248984703937295
2025-05-14 13:36:00,116.0,116.0,116.0,116.0,3000,348000.0,114.95,113.11666666666666,114.33541666666666,1.1769463111253202,1.146059003354556,0.030887307770764316
2025-05-14 13:37:00,116.0,116.0,116.0,116.0,2000,232000.0,115.175,113.15833333333333,114.36666666666666,1.0821457950736857,1.1332763616983819,-0.05113056662469617
2025-05-14 13:38:00,116.0,116.0,116.0,116.0,2000,232000.0,115.375,113.2,114.39791666666666,0.9955397406734221,1.10572903749339,-0.11018929681996781
2025-05-14 13:39:00,117.0,117.0,117.0,117.0,400,46800.0,115.625,113.25833333333334,114.425,0.9961128918906184,1.0838058083728357,-0.08769291648221733
2025-05-14 14:45:00,117.0,117.0,117.0,117.0,100,11700.0,115.85,113.31666666666666,114.45208333333333,0.9852102281218436,1.0640866923226373,-0.07887646420079375
2025-05-15 09:22:00,116.0,116.0,115.5,115.5,6000,694500.0,116.0,113.35833333333333,114.47291666666666,0.8457826684383747,1.0204258875457848,-0.1746432191074101
2025-05-15 09:23:00,115.5,115.5,115.5,115.5,1000,115500.0,116.125,113.39166666666667,114.49375,0.7269060029491783,0.9617219106264635,-0.23481590767728522
2025-05-15 09:26:00,115.5,115.5,115.5,115.5,1000,115500.0,116.25,113.44166666666666,114.51458333333333,0.6254851852246048,0.8944745655460918,-0.268989380321487
2025-05-15 11:22:00,116.5,116.5,116.5,116.5,1,116.5,116.375,113.49166666666666,114.53958333333334,0.6186684740703186,0.8393133472509372,-0.22064487318061865
2025-05-15 11:49:00,115.5,115.5,115.5,115.5,1400,161700.0,116.4,113.525,114.56041666666667,0.5265053132050355,0.7767517404417569,-0.2502464272367214
2025-05-16 09:53:00,115.0,115.0,115.0,115.0,50,5750.0,116.375,113.55,114.57916666666667,0.4084116081031368,0.7030837139740329,-0.2946721058708961
2025-05-16 11:46:00,115.0,115.0,115.0,115.0,100,11500.0,116.35,113.575,114.6,0.31123378663464507,0.6247137285061554,-0.3134799418715103
2025-05-16 12:41:00,115.0,115.0,115.0,115.0,1000,115000.0,116.3,113.60833333333333,114.62083333333334,0.2315504930438408,0.5460810814136925,-0.3145305883698517
2025-05-16 12:46:00,115.0,115.0,115.0,115.0,3403,391345.0,116.175,113.65833333333333,114.63958333333333,0.16648181011038332,0.47016122715303066,-0.30367941704264734
2025-05-16 14:40:00,115.5,115.5,115.5,115.5,1000,115500.0,116.075,113.70833333333333,114.65833333333333,0.15349088405012878,0.40682715853245033,-0.25333627448232154
2025-05-19 09:16:00,114.5,114.5,114.5,114.5,2000,229000.0,115.925,113.75833333333334,114.66875,0.061791544441106794,0.3378200357141817,-0.2760284912730749
2025-05-19 09:18:00,114.5,114.5,114.5,114.5,500,57250.0,115.725,113.81666666666666,114.67916666666666,-0.01075684464790072,0.2681046596417652,-0.27886150428966594
2025-05-19 09:34:00,114.5,114.5,114.5,114.5,1000,114500.0,115.6,113.86666666666666,114.69375,-0.06747416550513208,0.20098889461238575,-0.26846306011751786
2025-05-19 09:37:00,114.5,114.5,114.5,114.5,20,2290.0,115.525,113.91666666666667,114.71041666666666,-0.11114187654135321,0.13856274038163796,-0.24970461692299117
2025-05-19 10:34:00,113.0,113.0,113.0,113.0,360,40680.0,115.35,113.94166666666666,114.72083333333333,-0.2637460162245304,0.05810098906040427,-0.3218470052849347
2025-05-19 10:35:00,113.0,113.0,113.0,113.0,6678,754614.0,115.2,113.975,114.73125,-0.3803020115179123,-0.029579611055259074,-0.35072240046265324
2025-05-19 11:14:00,113.0,113.0,113.0,113.0,1200,135600.0,115.05,114.00833333333334,114.74166666666666,-0.4672868851920242,-0.11712106588261213,-0.3501658193094121
2025-05-19 12:27:00,112.5,113.0,112.5,113.0,2100,236300.0,114.9,114.03333333333333,114.75416666666666,-0.530112220575532,-0.19971929682119613,-0.3303929237543358
2025-05-19 12:32:00,113.0,113.0,113.0,113.0,200,22600.0,114.7,114.06666666666666,114.76875,-0.5732931845303995,-0.27443407436303685,-0.2988591101673626
2025-05-19 12:37:00,113.0,113.0,113.0,113.0,30,3390.0,114.5,114.1,114.78333333333333,-0.6005911684320182,-0.33966549317683314,-0.26092567525518506
2025-05-19 12:45:00,113.0,113.0,113.0,113.0,10,1130.0,114.375,114.125,114.8,-0.6151341339568432,-0.3947592213328352,-0.22037491262400805
2025-05-19 13:01:00,112.5,112.5,112.5,112.5,1000,112500.0,114.225,114.14166666666667,114.81041666666667,-0.65940415955086,-0.4476882089764402,-0.21171595057441978
2025-05-19 13:05:00,112.5,112.5,112.5,112.5,1000,112500.0,114.075,114.15,114.81875,-0.6865740752208183,-0.49546538222531583,-0.19110869299550243
2025-05-19 13:08:00,113.0,113.0,113.0,113.0,7,791.0,113.9,114.16666666666667,114.83125,-0.6601508003158472,-0.5284024658434221,-0.13174833447242507
2025-05-19 13:11:00,113.0,113.0,113.0,113.0,93,10509.0,113.775,114.18333333333334,114.84166666666667,-0.6319257182641991,-0.5491071163275775,-0.0828186019366216
2025-05-19 13:19:00,112.0,112.5,112.0,112.5,3000,336500.0,113.65,114.19166666666666,114.85,-0.6424966571893691,-0.5677850244999358,-0.07471163268943326
2025-05-19 13:21:00,112.5,112.5,112.5,112.5,1000,112500.0,113.525,114.19166666666666,114.85833333333333,-0.643456832618611,-0.5829193861236709,-0.060537446494940084
2025-05-19 13:27:00,112.5,112.5,112.5,112.5,400,45000.0,113.4,114.2,114.86666666666666,-0.6368762654179676,-0.5937107619825303,-0.04316550343543735
2025-05-19 14:09:00,113.0,113.0,113.0,113.0,1000,113000.0,113.3,114.21666666666667,114.87916666666666,-0.5845766613101091,-0.591883941848046,0.007307280537936944
2025-05-20 09:16:00,113.0,113.0,113.0,113.0,100,11300.0,113.175,114.225,114.89166666666667,-0.5369393457121134,-0.5808950226208596,0.04395567690874613
2025-05-20 12:48:00,112.5,112.5,112.5,112.5,2000,225000.0,113.075,114.23333333333333,114.90208333333334,-0.5333837355346276,-0.5713927652036132,0.03800902966898556
2025-05-20 14:50:00,113.0,113.0,113.0,113.0,100,11300.0,113.0,114.25833333333334,114.91458333333334,-0.48463351405044364,-0.5540409149729792,0.06940740092253561
2025-05-20 15:00:00,113.0,113.0,113.0,113.0,1000,113000.0,112.925,114.275,114.92916666666666,-0.4409160070295144,-0.5314159333842863,0.09049992635477189
2025-05-21 09:21:00,112.0,112.0,112.0,112.0,1200,134400.0,112.8,114.275,114.94166666666666,-0.481411794895962,-0.5214151056866214,0.04000331079065944
2025-05-21 09:27:00,112.5,112.5,112.5,112.5,50,5625.0,112.775,114.29166666666667,114.95625,-0.46776704983524553,-0.5106854945163463,0.04291844468110073
2025-05-21 09:30:00,112.5,112.5,112.5,112.5,100,11250.0,112.75,114.3,114.97083333333333,-0.45174604387787554,-0.4988976043886521,0.04715156051077657
2025-05-21 09:34:00,112.0,112.0,112.0,112.0,1000,112000.0,112.7,114.30833333333334,114.98541666666667,-0.4739319105052573,-0.4939044656119732,0.019972555106715917
2025-05-21 09:54:00,112.0,112.0,112.0,112.0,3000,336000.0,112.65,114.30833333333334,115.0,-0.4859130662901947,-0.4923061857476176,0.00639311945742288
2025-05-21 09:55:00,112.0,112.0,112.0,112.0,100,11200.0,112.6,114.30833333333334,115.01041666666667,-0.48976254086481674,-0.49179745677105746,0.0020349159062407196
2025-05-21 10:11:00,112.0,112.0,112.0,112.0,2,224.0,112.55,114.3,115.02083333333333,-0.4871971714760974,-0.49087739971206557,0.0036802282359681415
2025-05-21 10:22:00,112.0,112.0,112.0,112.0,50,5600.0,112.5,114.29166666666667,115.03125,-0.479635162166133,-0.48862895220287916,0.008993790036746163
2025-05-21 10:31:00,112.0,112.0,112.0,112.0,3000,336000.0,112.475,114.275,115.03958333333334,-0.46824458322338103,-0.4845520784069796,0.016307495183598586
2025-05-21 10:44:00,112.5,112.5,112.5,112.5,50,5625.0,112.475,114.26666666666667,115.04791666666667,-0.41409817996940035,-0.4704612987194638,0.056363118750063446
2025-05-21 10:57:00,112.0,112.0,112.0,112.0,1,112.0,112.425,114.23333333333333,115.05625,-0.40684275656563784,-0.45773759028869865,0.050894833723060806
2025-05-21 11:44:00,112.5,112.5,112.0,112.0,2000,224500.0,112.375,114.18333333333334,115.0625,-0.39652192333971925,-0.4454944568989028,0.04897253355918357
2025-05-21 12:00:00,112.0,112.0,112.0,112.0,1000,112000.0,112.35,114.125,115.06458333333333,-0.3839170320847529,-0.43317897193607285,0.049261939851319936
2025-05-21 12:02:00,112.5,112.5,112.5,112.5,50,5625.0,112.35,114.075,115.07291666666667,-0.329780242274353,-0.4124992260037289,0.08271898372937592
2025-05-21 12:30:00,112.5,112.5,112.5,112.5,50,5625.0,112.35,114.01666666666667,115.08125,-0.2836071990636384,-0.38672082061571084,0.10311362155207243
2025-05-21 13:54:00,112.5,112.5,112.5,112.5,50,5625.0,112.325,113.93333333333334,115.08958333333334,-0.24419974698615476,-0.35821660588979964,0.11401685890364488
2025-05-21 14:17:00,112.5,112.5,112.5,112.5,1000,112500.0,112.3,113.85,115.09375,-0.2105420594953955,-0.32868169661091884,0.11813963711552333
2025-05-21 14:18:00,112.5,112.5,112.5,112.5,2100,236250.0,112.3,113.76666666666667,115.09791666666666,-0.18177273670924876,-0.29929990463058487,0.1175271679213361
2025-05-21 14:19:00,113.0,113.0,113.0,113.0,2000,226000.0,112.3,113.675,115.10416666666667,-0.11727514493423996,-0.2628949526913159,0.14561980775707595
2025-05-22 10:39:00,112.5,112.5,112.5,112.5,2000,225000.0,112.275,113.6,115.10833333333333,-0.10529241468391604,-0.23137444508983593,0.1260820304059199
2025-05-22 11:58:00,112.5,112.5,112.5,112.5,1000,112500.0,112.3,113.54166666666667,115.1125,-0.0947043221552093,-0.2040404205029106,0.1093360983477013
2025-05-23 09:33:00,112.5,112.5,112.5,112.5,2000,225000.0,112.3,113.475,115.11666666666666,-0.08532955653123508,-0.18029824770857553,0.09496869117734044
2025-05-23 09:35:00,112.5,112.5,112.5,112.5,3000,337500.0,112.3,113.41666666666667,115.12708333333333,-0.07701223809044677,-0.15964104578494978,0.08262880769450301
2025-05-23 14:19:00,113.0,113.0,113.0,113.0,4000,452000.0,112.35,113.36666666666666,115.13958333333333,-0.029732148279677517,-0.13365926628389532,0.1039271180042178
2025-05-26 09:34:00,113.0,113.0,113.0,113.0,2000,226000.0,112.4,113.31666666666666,115.15,0.0076494850282529114,-0.10539751602146567,0.11304700104971858
2025-05-26 10:01:00,113.0,113.0,113.0,113.0,2000,226000.0,112.45,113.25,115.16041666666666,0.0368499158532245,-0.07694802964652764,0.11379794549975214
2025-05-26 10:02:00,113.0,113.0,113.0,113.0,1000,113000.0,112.5,113.18333333333334,115.17083333333333,0.059307804210646964,-0.049696862875092715,0.10900466708573968
2025-05-26 12:00:00,113.0,113.0,113.0,113.0,1000,113000.0,112.55,113.14166666666667,115.18125,0.07622714347402848,-0.024512061605268472,0.10073920507929696
2025-05-26 13:18:00,113.0,113.0,113.0,113.0,1000,113000.0,112.6,113.1,115.19166666666666,0.08861435066357615,-0.0018867791514995426,0.09050112981507569
2025-05-27 09:37:00,113.5,113.5,113.5,113.5,2000,227000.0,112.65,113.06666666666666,115.20416666666667,0.13719561725751817,0.02592970013030401,0.11126591712721415
2025-05-27 10:26:00,114.0,114.5,114.0,114.5,1300,148700.0,112.775,113.03333333333333,115.21875,0.25346646011878704,0.07143705212800064,0.1820294079907864
2025-05-27 10:27:00,114.5,114.5,114.5,114.5,500,57250.0,112.9,113.01666666666667,115.22916666666667,0.34167334315688436,0.1254843103337774,0.21618903282310695
2025-05-27 10:38:00,114.0,114.0,114.0,114.0,2000,228000.0,113.0,113.0,115.23541666666667,0.36700154675473584,0.1737877576179691,0.19321378913676673
2025-05-28 09:02:00,114.5,114.5,114.5,114.5,1000,114500.0,113.1,112.99166666666666,115.24375,0.4225492669894635,0.22354005949226802,0.19900920749719547
2025-05-28 09:31:00,114.5,114.5,114.5,114.5,1000,114500.0,113.2,112.98333333333333,115.25208333333333,0.4612541843586797,0.2710828844655504,0.1901712998931293
2025-05-28 09:54:00,115.5,115.5,115.5,115.5,2000,231000.0,113.35,112.99166666666666,115.2625,0.5660941716495671,0.3300851419023538,0.23600902974721333
2025-05-28 09:57:00,116.5,116.5,116.5,116.5,2000,233000.0,113.55,113.00833333333334,115.27708333333334,0.7215546269726332,0.40837903891640975,0.3131755880562234
2025-05-28 12:48:00,115.5,115.5,115.5,115.5,1000,115500.0,113.7,113.025,115.2875,0.7553592044824597,0.4777750720296198,0.27758413245283997
2025-05-29 10:30:00,116.0,116.0,116.0,116.0,1000,116000.0,113.85,113.05,115.29791666666667,0.8131222301157095,0.5448445036468378,0.2682777264688717
2025-05-29 10:36:00,116.5,117.0,116.5,117.0,6000,700000.0,114.075,113.09166666666667,115.30833333333334,0.9288838914509796,0.6216523812076662,0.3072315102433134
2025-05-29 10:38:00,117.0,117.0,117.0,117.0,3000,351000.0,114.3,113.13333333333334,115.3125,1.008994778349546,0.6991208606360423,0.3098739177135038
2025-05-29 10:42:00,117.0,117.0,117.0,117.0,400,46800.0,114.525,113.2,115.31666666666666,1.0602612022347557,0.7713489289557851,0.2889122732789706
2025-05-29 10:43:00,117.0,117.0,117.0,117.0,1000,117000.0,114.75,113.26666666666667,115.32083333333334,1.0883444551108,0.8347480341867882,0.2535964209240117
2025-05-29 11:11:00,117.5,117.5,117.5,117.5,500,58750.0,114.975,113.34166666666667,115.32916666666667,1.1378302577332136,0.8953644788960733,0.24246577883714027
2025-05-29 11:32:00,117.5,117.5,117.5,117.5,40,4700.0,115.2,113.41666666666667,115.33333333333333,1.163634459129895,0.9490184749428378,0.2146159841870573
2025-05-29 11:52:00,117.5,117.5,117.5,117.5,1000,117500.0,115.425,113.49166666666666,115.33958333333334,1.1705906344790975,0.9933329068500898,0.1772577276290077
2025-05-29 12:02:00,117.5,117.5,117.5,117.5,1000,117500.0,115.65,113.56666666666666,115.34583333333333,1.1627005652002254,1.0272064385201172,0.13549412668010818
2025-05-29 12:24:00,117.5,117.5,117.5,117.5,1000,117500.0,115.875,113.64166666666667,115.34583333333333,1.1432687380991098,1.0504188984359157,0.09284983966319404
2025-05-29 13:29:00,117.0,117.0,117.0,117.0,200,23400.0,116.075,113.71666666666667,115.34791666666666,1.075129628682575,1.0553610444852475,0.01976858419732741
2025-05-29 13:32:00,117.0,117.5,117.0,117.5,6100,715750.0,116.275,113.8,115.34791666666666,1.0493781369325177,1.0541644629747016,-0.004786326042183875
2025-06-02 09:02:00,117.5,117.5,117.5,117.5,1000,117500.0,116.425,113.875,115.35208333333334,1.0172437415507432,1.0467803186899098,-0.029536577139166686
2025-06-02 09:04:00,117.0,117.0,117.0,117.0,1000,117000.0,116.55,113.94166666666666,115.35208333333334,0.9405886597952104,1.0255419869109699,-0.08495332711575942
2025-06-02 09:08:00,117.5,117.5,117.5,117.5,1000,117500.0,116.725,114.025,115.35416666666667,0.9096983403594407,1.002373257600664,-0.09267491724122334
2025-06-02 09:33:00,117.0,117.0,117.0,117.0,2000,234000.0,116.85,114.1,115.35625,0.8352435505979798,0.9689473162001272,-0.13370376560214736
2025-06-02 10:03:00,116.0,116.0,116.0,116.0,2000,232000.0,116.925,114.15833333333333,115.35416666666667,0.6876195010629687,0.9126817531726956,-0.22506225210972697
2025-06-02 10:05:00,116.0,116.0,116.0,116.0,1000,116000.0,116.95,114.20833333333333,115.35625,0.5641235135234126,0.8429701052428391,-0.2788465917194265
2025-06-02 10:09:00,116.0,116.0,116.0,116.0,100,11600.0,116.925,114.25833333333334,115.34791666666666,0.4609386399408919,0.7665638121824496,-0.3056251722415577
2025-06-02 10:32:00,116.0,116.0,116.0,116.0,1000,116000.0,116.95,114.31666666666666,115.33958333333334,0.3748429282743331,0.6882196354008264,-0.31337670712649335
2025-06-02 11:47:00,116.0,116.0,116.0,116.0,1000,116000.0,116.95,114.36666666666666,115.33125,0.3031173088401573,0.6111991700886926,-0.3080818612485353
2025-06-02 11:48:00,116.0,116.0,116.0,116.0,300,34800.0,116.9,114.41666666666667,115.32291666666667,0.24346769465280715,0.5376528750015156,-0.29418518034870844
2025-06-02 12:38:00,115.5,115.5,115.5,115.5,100,11550.0,116.825,114.475,115.30416666666666,0.1540730659344689,0.46093691318810626,-0.30686384725363736
2025-06-03 09:16:00,116.0,116.0,116.0,116.0,300,34800.0,116.775,114.53333333333333,115.27916666666667,0.12216476063169068,0.39318248267682315,-0.27101772204513247
2025-06-03 09:26:00,116.0,116.0,116.0,116.0,100,11600.0,116.725,114.59166666666667,115.2375,0.0957731851308381,0.33370062316762616,-0.23792743803678806
2025-06-03 10:06:00,116.0,116.0,116.0,116.0,10,1160.0,116.65,114.65833333333333,115.19375,0.07400459252897917,0.28176141703989677,-0.2077568245109176
2025-06-03 10:50:00,116.0,116.0,116.0,116.0,30,3480.0,116.575,114.725,115.15833333333333,0.05610607020526004,0.23663034767296942,-0.18052427746770938
2025-06-03 11:07:00,115.5,115.5,115.5,115.5,800,92400.0,116.475,114.78333333333333,115.12291666666667,0.0015575861031322802,0.189615795359002,-0.18805820925586972
2025-06-03 11:11:00,115.5,115.5,115.5,115.5,600,69300.0,116.375,114.84166666666667,115.0875,-0.04119758048518918,0.14345312019016376,-0.18465070067535294
2025-06-03 14:45:00,116.0,116.0,116.0,116.0,10,1160.0,116.3,114.90833333333333,115.06666666666666,-0.03433969014287186,0.10789455812355664,-0.1422342482664285
2025-06-04 09:01:00,116.0,116.0,116.0,116.0,1000,116000.0,116.25,114.975,115.04583333333333,-0.028575363633734696,0.08060057377209837,-0.10917593740583306
2025-06-04 09:56:00,115.5,115.5,115.5,115.5,1000,115500.0,116.15,115.025,115.02291666666666,-0.0636195481221904,0.05175654939324061,-0.11537609751543101
2025-06-04 12:02:00,115.5,115.5,115.5,115.5,100,11550.0,116.05,115.08333333333333,115.0,-0.09035080892515168,0.02333507772956215,-0.11368588665471382
2025-06-04 12:37:00,115.5,115.5,115.5,115.5,30,3465.0,115.975,115.14166666666667,114.97708333333334,-0.11026446557788461,-0.003384830931927209,-0.1068796346459574
2025-06-04 14:44:00,115.0,115.0,115.0,115.0,10,1150.0,115.85,115.19166666666666,114.9375,-0.16449579810550574,-0.035607024366642925,-0.12888877373886282
2025-06-04 15:00:00,115.5,115.5,115.5,115.5,1000,115500.0,115.775,115.24166666666666,114.90625,-0.16522409797067894,-0.06153043908745014,-0.1036936588832288
2025-06-05 09:25:00,115.0,115.0,115.0,115.0,500,57500.0,115.725,115.28333333333333,114.87291666666667,-0.20379784746081953,-0.08998392076212404,-0.11381392669869549
2025-06-05 09:30:00,115.0,115.0,115.0,115.0,200,23000.0,115.675,115.325,114.83958333333334,-0.2316969634720465,-0.11832652930410854,-0.11337043416793795
2025-06-05 09:37:00,115.0,115.0,115.0,115.0,200,23000.0,115.625,115.36666666666666,114.80625,-0.2509148240110619,-0.14484418824549924,-0.10607063576556267
2025-06-05 09:49:00,115.0,115.0,115.0,115.0,100,11500.0,115.575,115.40833333333333,114.775,-0.26311212415976115,-0.16849777542835165,-0.0946143487314095
2025-06-05 09:50:00,115.0,115.0,115.0,115.0,1335,153525.0,115.525,115.44166666666666,114.74375,-0.2696699846846826,-0.18873221727961786,-0.08093776740506475
2025-06-05 11:20:00,115.0,115.0,115.0,115.0,1000,115000.0,115.475,115.48333333333333,114.71458333333334,-0.27173474737875836,-0.205332723299446,-0.06640202407931237
2025-06-05 11:38:00,115.0,115.0,115.0,115.0,4000,460000.0,115.45,115.525,114.68958333333333,-0.2702557466703581,-0.21831732797362843,-0.05193841869672969
2025-06-05 12:21:00,115.0,115.0,115.0,115.0,60,6900.0,115.4,115.56666666666666,114.66666666666667,-0.2660171478626978,-0.22785729195144233,-0.03815985591125548
2025-06-05 12:44:00,114.5,114.5,114.5,114.5,500,57250.0,115.325,115.6,114.64375,-0.29955081377849524,-0.24219599631685296,-0.05735481746164228
2025-06-05 13:24:00,115.0,115.0,115.0,115.0,1000,115000.0,115.275,115.63333333333334,114.62291666666667,-0.2825239045811401,-0.25026157796971044,-0.03226232661142964
2025-06-06 09:59:00,114.0,114.0,114.0,114.0,70,7980.0,115.175,115.65,114.59375,-0.34573616769340276,-0.26935649591444893,-0.07637967177895383
2025-06-06 10:21:00,114.5,114.5,114.5,114.5,1000,114500.0,115.125,115.675,114.57083333333334,-0.35143539186746864,-0.2857722751050529,-0.06566311676241576
2025-06-06 11:31:00,114.0,114.0,114.0,114.0,1000,114000.0,115.05,115.69166666666666,114.53958333333334,-0.39178167414780773,-0.30697415491360386,-0.08480751923420388
2025-06-06 11:50:00,114.5,114.5,114.5,114.5,1,114.5,114.975,115.71666666666667,114.5125,-0.3790412209583707,-0.32138756812255725,-0.05765365283581342
2025-06-06 12:02:00,114.5,114.5,114.5,114.5,50,5725.0,114.9,115.74166666666666,114.4875,-0.3647398263403261,-0.33005801976611104,-0.034681806574215046
2025-06-06 12:29:00,114.5,114.5,114.5,114.5,3000,343500.0,114.85,115.75833333333334,114.4625,-0.3493784507696063,-0.3339221059668101,-0.015456344802796174
2025-06-06 12:31:00,114.5,114.5,114.5,114.5,2000,229000.0,114.8,115.75833333333334,114.4375,-0.3333616642025703,-0.3338100176139622,0.00044835341139187745
2025-06-06 14:04:00,115.0,115.0,115.0,115.0,200,23000.0,114.775,115.76666666666667,114.41458333333334,-0.2771278665879322,-0.3224735874087562,0.045345720820824
2025-06-09 09:37:00,115.0,115.0,115.0,115.0,30,3450.0,114.775,115.78333333333333,114.39583333333333,-0.22991189561818715,-0.3039612490506424,0.07404935343245528
2025-06-09 10:36:00,115.0,115.0,115.0,115.0,300,34500.0,114.75,115.79166666666667,114.37916666666666,-0.19029924718753932,-0.28122884867802184,0.09092960149048251
2025-06-10 09:34:00,114.5,114.5,114.5,114.5,500,57250.0,114.725,115.79166666666667,114.36458333333333,-0.1969810839192263,-0.26437929572626273,0.06739821180703642
2025-06-10 09:58:00,115.0,115.0,115.0,115.0,1000,115000.0,114.725,115.78333333333333,114.35208333333334,-0.16008530262448062,-0.24352049710590631,0.0834351944814257
2025-06-10 10:00:00,114.5,114.5,114.5,114.5,3000,343500.0,114.7,115.75,114.34166666666667,-0.1692400574206232,-0.2286644091688497,0.059424351748226495
2025-06-10 10:03:00,114.0,114.0,114.0,114.0,2000,228000.0,114.65,115.725,114.33333333333333,-0.21436996437006428,-0.22580552020909261,0.011435555839028333
2025-06-10 10:30:00,114.5,114.5,114.5,114.5,150,17175.0,114.625,115.7,114.32916666666667,-0.20739915113249197,-0.2221242463937725,0.014725095261280546
2025-06-10 11:24:00,114.0,114.0,114.0,114.0,188,21432.0,114.575,115.65,114.325,-0.23946020456594397,-0.2255914380282068,-0.013868766537737165
2025-06-10 11:25:00,114.0,114.0,114.0,114.0,5000,570000.0,114.525,115.6,114.3125,-0.26185037230364117,-0.2328432248832937,-0.029007147420347462
2025-06-10 14:12:00,114.5,114.5,114.5,114.5,20,2290.0,114.5,115.55833333333334,114.30208333333333,-0.23652243680123775,-0.23357906726688252,-0.002943369534355228
2025-06-10 14:13:00,114.5,114.5,114.5,114.5,20,2290.0,114.5,115.51666666666667,114.29166666666667,-0.21398320030446882,-0.2296598938743998,0.015676693569930983
2025-06-10 14:16:00,114.5,114.5,114.5,114.5,30,3435.0,114.475,115.46666666666667,114.27916666666667,-0.1938856993419762,-0.2225050549679151,0.028619355625938897
2025-06-10 14:25:00,114.5,114.5,114.5,114.5,300,34350.0,114.5,115.41666666666667,114.26458333333333,-0.17593027039026765,-0.21319009805238562,0.03725982766211797
2025-06-10 14:50:00,114.5,114.5,114.5,114.5,30,3435.0,114.5,115.36666666666666,114.25,-0.15985772325841197,-0.2025236230935909,0.04266589983517893
2025-06-11 14:30:00,114.5,114.5,114.5,114.5,100,11450.0,114.525,115.31666666666666,114.2375,-0.1454435313658422,-0.19110760474804117,0.045664073382198966
2025-06-12 09:01:00,114.5,114.5,114.5,114.5,12,1374.0,114.525,115.26666666666667,114.225,-0.13249288493871347,-0.17938466078617565,0.04689177584746218
2025-06-12 09:46:00,114.0,114.0,114.0,114.0,1000,114000.0,114.5,115.21666666666667,114.2125,-0.16072251654209424,-0.17565223193735938,0.014929715395265136
2025-06-12 09:50:00,114.5,114.5,114.5,114.5,200,22900.0,114.5,115.16666666666667,114.20208333333333,-0.14112211376362893,-0.1687462083026133,0.027624094538984373
2025-06-12 12:04:00,114.0,114.0,114.0,114.0,3320,378480.0,114.475,115.10833333333333,114.18958333333333,-0.1640434835097011,-0.16780566334403088,0.0037621798343297763
2025-06-12 12:14:00,114.0,114.0,114.0,114.0,20,2280.0,114.425,115.05833333333334,114.18125,-0.18013238022231803,-0.17027100671968834,-0.009861373502629694
2025-06-12 12:23:00,114.0,114.0,114.0,114.0,100,11400.0,114.375,115.0,114.17291666666667,-0.19068485052169137,-0.17435377548008896,-0.016331075041602416
2025-06-12 13:47:00,113.5,113.5,113.5,113.5,1,113.5,114.3,114.94166666666666,114.16666666666667,-0.2366654486135502,-0.18681611010678123,-0.04984933850676898
2025-06-12 14:13:00,113.5,113.5,113.5,113.5,1000,113500.0,114.25,114.9,114.16041666666666,-0.2699930915788116,-0.20345150640118734,-0.06654158517762424
2025-06-12 14:16:00,112.5,112.5,112.5,112.5,200,22500.0,114.125,114.84166666666667,114.15,-0.37279972818603824,-0.23732115075815755,-0.1354785774278807
2025-06-13 13:08:00,112.5,112.5,112.5,112.5,550,61875.0,114.025,114.78333333333333,114.13958333333333,-0.4490978083975534,-0.27967648228603675,-0.16942132611151667
2025-06-13 14:49:00,113.5,113.5,113.5,113.5,2,227.0,114.0,114.74166666666666,114.12916666666666,-0.42398550305446747,-0.3085382864397229,-0.11544721661474455
2025-06-16 11:25:00,112.5,112.5,112.5,112.5,1000,112500.0,113.9,114.68333333333334,114.11458333333333,-0.47925095609843993,-0.34268082037146635,-0.13657013572697357
2025-06-16 11:26:00,112.5,112.5,112.5,112.5,3500,393750.0,113.825,114.625,114.09791666666666,-0.5170885508639458,-0.3775623664699623,-0.1395261843939835
2025-06-16 11:37:00,113.0,113.0,113.0,113.0,1000,113000.0,113.775,114.58333333333333,114.0875,-0.5009546031632794,-0.4022408138086257,-0.09871378935465375
2025-06-16 11:42:00,113.0,113.0,113.0,113.0,300,33900.0,113.7,114.53333333333333,114.075,-0.482605161481402,-0.418313683343181,-0.064291478138221
2025-06-16 11:59:00,113.0,113.0,113.0,113.0,1000,113000.0,113.625,114.48333333333333,114.06041666666667,-0.4627290443633285,-0.42719675554721054,-0.035532288816117974
2025-06-17 09:52:00,112.5,113.0,112.5,113.0,6020,678260.0,113.55,114.43333333333334,114.04583333333333,-0.44188332246895357,-0.43013406893155914,-0.011749253537394422
2025-06-17 10:06:00,112.0,112.0,112.0,112.0,1000,112000.0,113.425,114.36666666666666,114.03333333333333,-0.5002875765691641,-0.4441647704590802,-0.05612280611008391
2025-06-17 10:07:00,112.0,112.0,112.0,112.0,1000,112000.0,113.3,114.30833333333334,114.02083333333333,-0.5403446123847857,-0.4634007388442214,-0.07694387354056431
2025-06-17 10:12:00,112.0,112.0,112.0,112.0,5000,560000.0,113.175,114.25,114.00833333333334,-0.5655705565436335,-0.4838347023841039,-0.08173585415952961
2025-06-17 10:13:00,111.5,111.5,111.5,111.5,999,111388.5,113.025,114.175,113.99375,-0.61877526428583,-0.5108228147644491,-0.10795244952138083
2025-06-17 10:14:00,111.5,111.5,111.5,111.5,999,111388.5,112.9,114.1,113.97916666666667,-0.6534082944053665,-0.5393399106926327,-0.11406838371273387
2025-06-17 10:16:00,111.0,111.0,111.0,111.0,2000,222000.0,112.725,114.025,113.96666666666667,-0.7129822263291601,-0.5740683738199381,-0.13891385250922195
2025-06-17 10:18:00,111.5,111.5,111.5,111.5,100,11150.0,112.6,113.95833333333333,113.95416666666667,-0.7116457658554509,-0.6015838522270407,-0.11006191362841022
2025-06-17 10:23:00,111.5,111.5,111.5,111.5,300,33450.0,112.475,113.89166666666667,113.94166666666666,-0.7024887581811186,-0.6217648334178563,-0.08072392476326229
2025-06-17 11:50:00,110.0,110.0,110.0,110.0,2010,221100.0,112.275,113.80833333333334,113.92291666666667,-0.8069670141834706,-0.6588052695709792,-0.14816174461249143
2025-06-17 12:02:00,111.0,111.0,111.0,111.0,60,6660.0,112.15,113.73333333333333,113.91041666666666,-0.7998549125991872,-0.6870151981766208,-0.11283971442256635
2025-06-17 12:19:00,110.0,110.0,110.0,110.0,80,8800.0,111.975,113.65,113.89166666666667,-0.864939677311213,-0.7226000940035393,-0.1423395833076737
2025-06-17 12:20:00,109.5,109.5,109.5,109.5,1000,109500.0,111.825,113.55833333333334,113.87291666666667,-0.9459611918028514,-0.7672723135634019,-0.17868887823944957
2025-06-17 12:25:00,109.5,109.5,109.5,109.5,100,10950.0,111.675,113.46666666666667,113.85416666666667,-0.9986594018256341,-0.8135497312158484,-0.18510967060978567
2025-06-17 12:32:00,109.5,109.5,109.5,109.5,200,21900.0,111.475,113.375,113.83958333333334,-1.0285664392870615,-0.8565530728300912,-0.1720133664569703
2025-06-17 13:03:00,110.0,110.0,110.0,110.0,2000,220000.0,111.35,113.29166666666667,113.82708333333333,-1.0003902841438759,-0.8853205150928483,-0.11506976905102761
2025-06-17 13:18:00,109.5,109.5,109.5,109.5,5003,547828.5,111.2,113.2,113.81041666666667,-1.0068005297251972,-0.9096165180193182,-0.09718401170587898
2025-06-17 13:43:00,110.0,110.0,110.0,110.0,160,17600.0,111.05,113.11666666666666,113.79791666666667,-0.9604632517080205,-0.9197858647570587,-0.04067738695096179
2025-06-17 14:27:00,110.0,110.0,110.0,110.0,100,11000.0,110.9,113.03333333333333,113.78541666666666,-0.9132136663474455,-0.9184714250751362,0.005257758727690742
2025-06-18 09:38:00,109.0,109.0,109.0,109.0,10,1090.0,110.7,112.94166666666666,113.76875,-0.945559846861542,-0.9238891094324175,-0.02167073742912451
2025-06-18 09:47:00,109.0,109.0,109.0,109.0,500,54500.0,110.5,112.84166666666667,113.75,-0.9601266851918382,-0.9311366245843018,-0.028990060607536394
2025-06-18 09:50:00,109.0,109.0,109.0,109.0,50,5450.0,110.35,112.75833333333334,113.73125,-0.9605978356193816,-0.9370288667913179,-0.023568968828063697
2025-06-18 09:51:00,109.0,109.0,109.0,109.0,200,21800.0,110.2,112.66666666666667,113.7125,-0.9500199866880195,-0.9396270907706583,-0.010392895917361145
2025-06-18 10:07:00,108.5,108.5,108.5,108.5,2003,217325.5,110.025,112.575,113.69166666666666,-0.9707920995003292,-0.9458600925165926,-0.024932006983736543
2025-06-18 10:08:00,108.0,108.0,108.0,108.0,1000,108000.0,109.85,112.46666666666667,113.67083333333333,-1.0158894289174043,-0.959865959796755,-0.05602346912064926
2025-06-18 10:14:00,108.5,108.5,108.5,108.5,20,2170.0,109.7,112.36666666666666,113.65,-0.9997589670200284,-0.9678445612414098,-0.03191440577861859
2025-06-18 10:15:00,108.5,108.5,108.5,108.5,300,32550.0,109.575,112.26666666666667,113.63333333333334,-0.9757278761657346,-0.9694212242262749,-0.006306651939459784
2025-06-18 10:24:00,108.0,108.0,108.0,108.0,1250,135000.0,109.4,112.15833333333333,113.61041666666667,-0.9856667323207517,-0.9726703258451703,-0.012996406475581423
2025-06-18 11:32:00,107.5,107.5,107.5,107.5,4000,430000.0,109.2,112.03333333333333,113.58541666666666,-1.0221069560054872,-0.9825576518772339,-0.039549304128253304
2025-06-18 11:42:00,107.5,107.5,107.5,107.5,200,21500.0,109.075,111.90833333333333,113.56041666666667,-1.0390090462883421,-0.9938479307594557,-0.045161115528886464
2025-06-18 12:17:00,107.5,107.5,107.5,107.5,300,32250.0,108.9,111.78333333333333,113.53541666666666,-1.0404108657830164,-1.003160517764168,-0.03725034801884841
2025-06-18 12:20:00,107.5,107.5,107.5,107.5,100,10750.0,108.775,111.66666666666667,113.5125,-1.0296526233268963,-1.0084589388767138,-0.02119368445018255
2025-06-18 12:22:00,107.5,107.5,107.5,107.5,1000,107500.0,108.675,111.54166666666667,113.49375,-1.0094898678603812,-1.0086651246734473,-0.0008247431869339295
2025-06-18 12:35:00,107.5,107.5,107.5,107.5,20,2150.0,108.575,111.425,113.47291666666666,-0.9821886791859384,-1.0033698355759455,0.02118115639000706
2025-06-18 12:47:00,107.5,107.5,107.5,107.5,100,10750.0,108.475,111.31666666666666,113.45625,-0.949605825618363,-0.992617033584429,0.043011207966065945
2025-06-18 12:57:00,107.5,107.5,107.5,107.5,5,537.5,108.35,111.2,113.44166666666666,-0.9132562300811884,-0.976744872883781,0.06348864280259259
2025-06-19 09:03:00,107.0,107.0,107.0,107.0,1000,107000.0,108.225,111.08333333333333,113.42291666666667,-0.9142557637192255,-0.9642470510508699,0.049991287331644485
2025-06-19 09:05:00,107.0,107.0,107.0,107.0,200,21400.0,108.075,110.96666666666667,113.40416666666667,-0.9046200050171791,-0.9523216418441318,0.04770163682695272
2025-06-19 09:11:00,107.0,107.0,107.0,107.0,50,5350.0,107.925,110.84166666666667,113.38541666666667,-0.8867615615324667,-0.9392096257817989,0.05244806424933224
2025-06-19 11:15:00,107.0,107.0,107.0,107.0,60,6420.0,107.825,110.71666666666667,113.36875,-0.8626643586708695,-0.9239005723596131,0.061236213688743546
2025-06-19 12:17:00,107.0,107.0,107.0,107.0,100,10700.0,107.725,110.59166666666667,113.35208333333334,-0.8339538509169557,-0.9059112280710817,0.07195737715412598
2025-06-19 12:57:00,107.0,107.0,107.0,107.0,1,107.0,107.625,110.46666666666667,113.33333333333333,-0.8019561157716737,-0.8851202056112002,0.0831640898395265
2025-06-19 12:58:00,106.5,106.5,106.5,106.5,2000,213000.0,107.5,110.33333333333333,113.31458333333333,-0.8076336040108743,-0.8696228852911352,0.06198928128026093
2025-06-19 13:21:00,107.0,107.0,107.0,107.0,2000,214000.0,107.425,110.20833333333333,113.29791666666667,-0.7629919369161087,-0.84829669561613,0.0853047587000213
2025-06-20 09:08:00,106.0,106.0,106.0,106.0,1000,106000.0,107.325,110.06666666666666,113.275,-0.7990932867772784,-0.8384560138483598,0.03936272707108135
2025-06-20 09:13:00,106.5,106.5,106.5,106.5,100,10650.0,107.225,109.94166666666666,113.25416666666666,-0.7783853040556892,-0.8264418718898257,0.04805656783413648
2025-06-20 09:17:00,106.5,106.5,106.5,106.5,20,2130.0,107.125,109.80833333333334,113.23125,-0.7532906132731796,-0.8118116201664966,0.05852100689331696
2025-06-20 09:29:00,105.5,106.0,105.5,106.0,4020,425120.0,107.025,109.675,113.20625,-0.7649310622239227,-0.8024355085779818,0.03750444635405914
2025-06-20 10:04:00,106.0,106.0,106.0,106.0,50,5300.0,106.95,109.54166666666667,113.18125,-0.7653339089833509,-0.7950151886590557,0.029681279675704886
2025-06-20 10:18:00,106.0,106.0,106.0,106.0,30,3180.0,106.875,109.40833333333333,113.15625,-0.7569277757152975,-0.7873977060703042,0.03046993035500678
2025-06-20 11:45:00,105.5,105.5,105.5,105.5,1000,105500.0,106.775,109.275,113.12708333333333,-0.7816018561951239,-0.7862385360952683,0.00463667990014438
2025-06-20 11:55:00,105.5,105.5,105.5,105.5,1000,105500.0,106.675,109.14166666666667,113.1,-0.7920262570702761,-0.78739608029027,-0.004630176780006101
2025-06-20 11:57:00,105.5,105.5,105.5,105.5,300,31650.0,106.575,109.025,113.07291666666667,-0.7911675824616822,-0.7881503807245526,-0.0030172017371296045
2025-06-20 12:00:00,105.0,105.0,105.0,105.0,200,21000.0,106.45,108.9,113.04166666666667,-0.8213647168001046,-0.7947932479396631,-0.026571468860441483
2025-06-20 12:43:00,105.0,105.0,105.0,105.0,3000,315000.0,106.325,108.75833333333334,113.0125,-0.8356631586116805,-0.8029672300740667,-0.03269592853761383
2025-06-20 12:44:00,105.0,105.0,105.0,105.0,100,10500.0,106.2,108.63333333333334,112.98541666666667,-0.8373424146337385,-0.8098422669860011,-0.02750014764773734
2025-06-20 13:22:00,105.0,105.0,105.0,105.0,2000,210000.0,106.1,108.50833333333334,112.95625,-0.829115707361737,-0.8136969550611484,-0.015418752300588645
2025-06-23 09:06:00,103.0,103.0,103.0,103.0,1000,103000.0,105.9,108.34166666666667,112.91875,-0.9727658289308465,-0.8455107298350881,-0.12725509909575838
2025-06-23 09:07:00,103.0,103.0,103.0,103.0,1000,103000.0,105.7,108.175,112.88333333333334,-1.0742265700014428,-0.8912538978683592,-0.18297267213308366
2025-06-23 09:39:00,103.5,103.5,103.5,103.5,300,31050.0,105.525,108.01666666666667,112.84791666666666,-1.101590665484082,-0.9333212513915038,-0.16826941409257812
2025-06-23 11:00:00,103.0,103.0,103.0,103.0,10,1030.0,105.325,107.85,112.8125,-1.150362071739906,-0.9767294154611843,-0.1736326562787216
2025-06-23 11:19:00,104.0,104.0,104.0,104.0,3,312.0,105.175,107.71666666666667,112.77916666666667,-1.0956916684162366,-1.0005218660521948,-0.09516980236404171
2025-06-23 12:26:00,103.0,103.5,103.0,103.5,2100,216850.0,105.025,107.575,112.74375,-1.0802582564855356,-1.016469144138863,-0.06378911234667273
2025-06-23 13:15:00,103.5,103.5,103.5,103.5,100,10350.0,104.85,107.43333333333334,112.70625,-1.0558559165798727,-1.024346498627065,-0.031509417952807706
2025-06-23 13:23:00,103.0,103.0,103.0,103.0,1000,103000.0,104.7,107.29166666666667,112.66666666666667,-1.064590768031806,-1.0323953525080132,-0.0321954155237929
2025-06-23 13:26:00,103.5,103.5,103.5,103.5,300,31050.0,104.55,107.15833333333333,112.62708333333333,-1.0194161842060225,-1.029799518847615,0.010383334641592468
2025-06-23 13:27:00,103.0,103.0,103.0,103.0,1000,103000.0,104.375,107.025,112.58541666666666,-1.0122917531834617,-1.0262979657147844,0.014006212531322726
2025-06-23 13:29:00,103.0,103.0,103.0,103.0,1000,103000.0,104.225,106.88333333333334,112.53958333333334,-0.9951738456508963,-1.0200731417020068,0.02489929605111052
2025-06-23 13:55:00,103.5,103.5,103.5,103.5,5,517.5,104.1,106.75,112.49166666666666,-0.9305353272632715,-1.0021655788142598,0.07163025155098834
2025-06-23 14:48:00,103.5,103.5,103.5,103.5,300,31050.0,103.975,106.64166666666667,112.44166666666666,-0.8692882222329104,-0.9755901074979899,0.10630188526507955
2025-06-23 14:58:00,105.0,105.0,105.0,105.0,3,315.0,103.95,106.54166666666667,112.39791666666666,-0.6917380604885324,-0.9188196980960984,0.22708163760756606
2025-06-24 09:30:00,102.5,103.0,102.5,103.0,1250,128250.0,103.825,106.425,112.34375,-0.7042929131333864,-0.875914341103556,0.17162142797016966
2025-06-24 09:33:00,103.0,103.0,103.0,103.0,150,15450.0,103.7,106.31666666666666,112.28333333333333,-0.7061032060815222,-0.8419521140991493,0.13584890801762706
2025-06-24 09:36:00,102.5,102.5,102.5,102.5,1000,102500.0,103.575,106.2,112.22083333333333,-0.7393608064701738,-0.8214338525733543,0.08207304610318056
2025-06-24 09:53:00,103.0,103.0,103.0,103.0,100,10300.0,103.475,106.09166666666667,112.16041666666666,-0.7171055269288615,-0.8005681874444558,0.08346266051559426
2025-06-24 10:15:00,103.0,103.0,103.0,103.0,400,41200.0,103.375,105.975,112.09583333333333,-0.6914969115967153,-0.7787539322749077,0.08725702067819241
2025-06-24 10:30:00,103.0,103.0,103.0,103.0,1000,103000.0,103.275,105.86666666666666,112.0375,-0.6635528749507813,-0.7557137208100826,0.09216084585930129
2025-06-24 11:02:00,103.0,103.0,103.0,103.0,3000,309000.0,103.275,105.75,111.98333333333333,-0.6340975428213511,-0.7313904852123364,0.0972929423909853
2025-06-24 11:35:00,103.5,103.5,103.5,103.5,2000,207000.0,103.3,105.64166666666667,111.92916666666666,-0.5639077806934694,-0.6978939443085631,0.13398616361509375
2025-06-24 13:43:00,104.0,104.0,104.0,104.0,20,2080.0,103.325,105.55833333333334,111.87916666666666,-0.4626034624372153,-0.6508358479342936,0.18823238549707833
2025-06-25 09:05:00,103.0,103.0,103.0,103.0,4000,412000.0,103.325,105.45833333333333,111.825,-0.45773422776424866,-0.6122155239002847,0.154481296136036
2025-06-25 09:11:00,102.5,102.5,102.5,102.5,1000,102500.0,103.25,105.35,111.76875,-0.48858899572400105,-0.587490218265028,0.09890122254102696
2025-06-25 09:16:00,102.5,102.5,102.5,102.5,3000,307500.0,103.2,105.24166666666666,111.70833333333333,-0.5071949934620079,-0.5714311733044241,0.06423617984241614
2025-06-25 09:18:00,102.0,102.5,102.0,102.5,4000,409000.0,103.15,105.14166666666667,111.64791666666666,-0.5159923421916517,-0.5603434070818696,0.044351064890217895
2025-06-25 09:22:00,102.5,102.5,102.5,102.5,5000,512500.0,103.125,105.05,111.59375,-0.5170045972682402,-0.5516756451191437,0.03467104785090347
2025-06-25 09:24:00,102.5,102.5,102.0,102.5,9000,920500.0,103.075,104.95,111.53958333333334,-0.511905884325202,-0.5437216929603553,0.03181580863515332
2025-06-25 09:25:00,102.0,102.0,102.0,102.0,30,3060.0,103.025,104.84166666666667,111.48333333333333,-0.5419635208019997,-0.5433700585286843,0.0014065377266845314
2025-06-25 09:26:00,102.5,102.5,102.5,102.5,3,307.5,103.0,104.75,111.425,-0.5194506887447687,-0.5385861845719012,0.019135495827132476
2025-06-25 09:30:00,102.5,102.5,102.5,102.5,3,307.5,102.95,104.66666666666667,111.37083333333334,-0.49589276404188354,-0.5300475004658977,0.03415473642401412
2025-06-25 10:11:00,102.0,102.0,102.0,102.0,1040,106080.0,102.875,104.575,111.31666666666666,-0.5116705408240563,-0.5263721085375294,0.014701567713473085
2025-06-25 10:29:00,102.0,102.0,102.0,102.0,200,20400.0,102.725,104.48333333333333,111.2625,-0.5182010435357256,-0.5247378955371687,0.00653685200144305
2025-06-25 10:36:00,102.0,102.0,102.0,102.0,1000,102000.0,102.675,104.39166666666667,111.20833333333333,-0.5174121092666866,-0.5232727382830722,0.005860629016385621
2025-06-25 10:46:00,102.0,102.0,102.0,102.0,1000,102000.0,102.625,104.3,111.15416666666667,-0.5108975640784905,-0.5207977034421558,0.009900139363665295
2025-06-25 11:42:00,102.0,102.0,102.0,102.0,10,1020.0,102.6,104.20833333333333,111.09791666666666,-0.49997138122076024,-0.5166324389978767,0.01666105777711646
2025-06-25 12:01:00,102.0,102.0,102.0,102.0,2000,204000.0,102.55,104.11666666666666,111.04583333333333,-0.48571330198784324,-0.51044861159587,0.024735309608026723
2025-06-25 12:03:00,102.0,102.0,102.0,102.0,3000,306000.0,102.5,104.025,110.99375,-0.46900724786530645,-0.5021603388497573,0.03315309098445085
2025-06-25 12:55:00,101.5,101.5,101.5,101.5,1000,101500.0,102.425,103.93333333333334,110.93958333333333,-0.49045968696741227,-0.4998202084732883,0.009360521505876018
2025-06-25 14:25:00,101.5,102.0,101.5,102.0,1701,173452.0,102.375,103.85,110.8875,-0.46179182943241415,-0.4922145326651135,0.030422703232699355
2025-06-25 14:53:00,101.0,102.0,101.0,102.0,200,20300.0,102.3,103.76666666666667,110.84166666666667,-0.4340686723387961,-0.4805853605998501,0.046516688261053984
2025-06-26 09:01:00,102.5,102.5,102.5,102.5,3,307.5,102.225,103.69166666666666,110.79791666666667,-0.3675155586917924,-0.45797140021823857,0.09045584152644615
2025-06-26 09:07:00,101.0,101.0,101.0,101.0,550,55550.0,102.125,103.59166666666667,110.74791666666667,-0.4308427139975066,-0.45254566297409227,0.021702948976585645
2025-06-26 09:10:00,101.0,101.0,101.0,101.0,4028,406828.0,102.05,103.49166666666666,110.69791666666667,-0.47554811813733977,-0.45714615400674186,-0.018401964130597914
2025-06-26 09:11:00,101.0,101.0,101.0,101.0,1000,101000.0,101.975,103.4,110.64791666666666,-0.5051543678977595,-0.46674779678494543,-0.038406571112814036
2025-06-26 09:22:00,101.0,101.0,101.0,101.0,960,96960.0,101.9,103.3,110.59791666666666,-0.5225934026912711,-0.4779169179662106,-0.04467648472506047
2025-06-26 09:23:00,102.0,102.0,102.0,102.0,300,30600.0,101.875,103.23333333333333,110.55208333333333,-0.4505289039945666,-0.47243931517188187,0.021910411177315292
2025-06-26 09:39:00,102.0,102.0,102.0,102.0,10,1020.0,101.85,103.15833333333333,110.50833333333334,-0.3889338818932089,-0.45573822851614737,0.06680434662293849
2025-06-26 10:02:00,102.0,102.0,102.0,102.0,10,1020.0,101.85,103.08333333333333,110.46458333333334,-0.33624337874377375,-0.43183925856167266,0.09559587981789891
2025-06-26 10:11:00,101.5,101.5,101.5,101.5,20,2030.0,101.8,103.00833333333334,110.41666666666667,-0.33101585201710293,-0.41167457725275874,0.08065872523565581
2025-06-26 10:57:00,102.0,102.0,102.0,102.0,5000,510000.0,101.775,102.94166666666666,110.37083333333334,-0.28326191111139565,-0.38599204402448617,0.10273013291309052
2025-06-26 11:01:00,102.0,102.0,102.0,102.0,3000,306000.0,101.775,102.875,110.32708333333333,-0.242619798879133,-0.35731759499541554,0.11469779611628256
2025-06-26 12:55:00,102.0,102.0,102.0,102.0,1017,103734.0,101.775,102.81666666666666,110.28333333333333,-0.2080127901629396,-0.3274566340289204,0.11944384386598078
2025-06-26 12:57:00,101.5,101.5,101.5,101.5,1000,101500.0,101.75,102.75,110.2375,-0.2184145606540966,-0.30564821935395564,0.08723365869985905
2025-06-26 13:10:00,102.0,102.0,102.0,102.0,550,56100.0,101.75,102.69166666666666,110.19166666666666,-0.18418900123089088,-0.2813563757293427,0.09716737449845181
2025-06-26 13:57:00,102.0,102.0,102.0,102.0,100,10200.0,101.75,102.64166666666667,110.14583333333333,-0.1552750842898405,-0.25614011744144227,0.10086503315160178
2025-06-26 14:05:00,102.0,102.0,102.0,102.0,2000,204000.0,101.75,102.59166666666667,110.10208333333334,-0.1308522139310071,-0.23108253673935522,0.10023032280834812
2025-06-26 14:58:00,102.5,102.5,102.5,102.5,2000,205000.0,101.775,102.55,110.05833333333334,-0.07034025323470416,-0.19893408003842503,0.12859382680372086
2025-06-27 09:01:00,102.0,102.0,102.0,102.0,1000,102000.0,101.8,102.5,110.0125,-0.06201503897709415,-0.17155027182615887,0.10953523284906472
2025-06-27 09:12:00,102.5,102.5,102.5,102.5,100,10250.0,101.825,102.49166666666666,109.97291666666666,-0.014899671237074585,-0.140220151708342,0.12532048047126743
2025-06-27 10:45:00,102.0,102.0,102.0,102.0,4005,408510.0,101.825,102.475,109.92916666666666,-0.01770216464603891,-0.11571655429588139,0.09801438964984248
2025-06-27 11:26:00,102.0,102.0,102.0,102.0,1000,102000.0,101.8,102.45,109.88541666666667,-0.019696116295264687,-0.09651246669575805,0.07681635040049337
2025-06-27 11:56:00,101.5,101.5,101.5,101.5,10,1015.0,101.825,102.425,109.84166666666667,-0.06091991184614187,-0.08939395572583482,0.028474043879692948
2025-06-27 12:22:00,101.5,101.5,101.0,101.5,8005,810507.5,101.85,102.38333333333334,109.79791666666667,-0.09252351335355513,-0.0900198672513789,-0.002503646102176238
2025-06-27 12:28:00,101.0,101.0,101.0,101.0,1000,101000.0,101.85,102.34166666666667,109.75208333333333,-0.15611581067871327,-0.10323905593684578,-0.052876754741867496
2025-06-27 12:36:00,101.0,101.0,101.0,101.0,1005,101505.0,101.85,102.3,109.70625,-0.204159738090965,-0.12342319236766963,-0.08073654572329536
2025-06-27 12:50:00,101.5,101.5,101.5,101.5,2000,203000.0,101.825,102.275,109.6625,-0.19958834517359492,-0.1386562229288547,-0.060932122244740206
2025-06-27 14:41:00,102.0,102.0,102.0,102.0,20,2040.0,101.825,102.25,109.62083333333334,-0.15384621858395064,-0.1416942220598739,-0.012151996524076752
2025-06-30 12:50:00,101.0,101.0,101.0,101.0,1000,101000.0,101.775,102.21666666666667,109.57291666666667,-0.1960272166281385,-0.15256082097352683,-0.04346639565461166
2025-06-30 12:52:00,101.5,101.5,101.5,101.5,3000,304500.0,101.775,102.19166666666666,109.52916666666667,-0.18695503883792242,-0.15943966454640596,-0.02751537429151646
2025-06-30 12:55:00,101.5,101.5,101.5,101.5,200,20300.0,101.75,102.15833333333333,109.48541666666667,-0.17771666548274823,-0.1630950647336744,-0.014621600749073815
2025-06-30 13:54:00,101.0,101.0,101.0,101.0,12000,1212000.0,101.7,102.11666666666666,109.43958333333333,-0.20833940242120264,-0.17214393227118008,-0.03619547015002256
2025-06-30 14:07:00,101.5,101.5,101.5,101.5,1000,101500.0,101.675,102.05833333333334,109.39375,-0.1900712971459626,-0.1757294052461366,-0.014341891899826015
2025-07-01 09:28:00,100.5,100.5,100.5,100.5,500,50250.0,101.625,102.01666666666667,109.34375,-0.2533647041565956,-0.1912564650282284,-0.062108239128367215
2025-07-01 09:35:00,101.5,101.5,101.5,101.5,2,203.0,101.6,101.99166666666666,109.29791666666667,-0.22029412897509815,-0.1970639978176024,-0.023230131157495754
2025-07-01 09:49:00,101.5,101.5,101.5,101.5,100,10150.0,101.575,101.975,109.25208333333333,-0.19187365977050774,-0.19602593020818349,0.0041522704376757424
2025-07-01 10:00:00,101.0,101.0,101.0,101.0,8000,808000.0,101.525,101.94166666666666,109.20416666666667,-0.20730635586640744,-0.1982820153398283,-0.009024340526579133
2025-07-01 10:03:00,101.5,101.5,101.5,101.5,200,20300.0,101.475,101.91666666666667,109.15625,-0.1771489940513078,-0.19405541108212424,0.01690641703081644
2025-07-01 10:04:00,101.5,101.5,101.5,101.5,3000,304500.0,101.45,101.89166666666667,109.11041666666667,-0.15150263942067,-0.1855448567498334,0.034042217329163404
2025-07-01 10:05:00,101.5,101.5,101.5,101.5,4000,406000.0,101.4,101.86666666666666,109.06458333333333,-0.12968281582776342,-0.17437244856541942,0.044689632737656
2025-07-02 11:00:00,102.0,102.0,102.0,102.0,7,714.0,101.4,101.84166666666667,109.02083333333333,-0.0712236057099318,-0.1537426799943219,0.08251907428439009
2025-07-02 11:10:00,101.0,101.0,101.0,101.0,2,202.0,101.35,101.79166666666667,108.97291666666666,-0.10438264501122774,-0.14387067299770306,0.03948802798647533
2025-07-02 13:07:00,101.5,101.5,101.5,101.5,200,20300.0,101.35,101.76666666666667,108.925,-0.08928636360897713,-0.13295381111995788,0.043667447510980756
2025-07-02 13:17:00,101.5,101.5,101.5,101.5,1,101.5,101.35,101.75,108.87708333333333,-0.0764412842925708,-0.12165130575448047,0.045210021461909666
2025-07-02 13:38:00,101.5,101.5,101.5,101.5,140,14210.0,101.375,101.73333333333333,108.82916666666667,-0.06550634996442284,-0.11042231459646895,0.04491596463204611
2025-07-02 14:07:00,101.5,101.5,101.5,101.5,2000,203000.0,101.4,101.71666666666667,108.78125,-0.0561925826137184,-0.09957636819991884,0.04338378558620044
2025-07-03 09:24:00,101.5,101.5,101.5,101.5,5,507.5,101.4,101.7,108.73333333333333,-0.04825510012967982,-0.08931211458587104,0.041057014456191226
2025-07-03 09:28:00,101.5,101.5,101.5,101.5,20,2030.0,101.375,101.68333333333334,108.68541666666667,-0.04148635915068155,-0.07974696349883315,0.038260604348151595
2025-07-03 10:04:00,101.5,101.5,101.5,101.5,1000,101500.0,101.4,101.675,108.63541666666667,-0.03571043548734565,-0.07093965789653565,0.035229222409190006
2025-07-03 10:42:00,101.5,101.5,101.5,101.5,10,1015.0,101.4,101.65833333333333,108.58125,-0.0307781826401623,-0.06290736284526098,0.03212918020509868
2025-07-03 10:45:00,101.0,101.0,101.0,101.0,1000,101000.0,101.375,101.63333333333334,108.525,-0.06644917334233469,-0.06361572494467573,-0.0028334483976589636
2025-07-03 10:52:00,101.0,101.0,101.0,101.0,300,30300.0,101.375,101.61666666666666,108.47083333333333,-0.09363927519339654,-0.06962043499441989,-0.024018840198976654
2025-07-03 10:55:00,101.0,101.0,101.0,101.0,3000,303000.0,101.35,101.6,108.41458333333334,-0.1138749472967362,-0.07847133745488316,-0.035403609841853034
2025-07-03 13:17:00,101.5,101.5,101.5,101.5,1000,101500.0,101.4,101.59166666666667,108.36041666666667,-0.08854534626891564,-0.08048613921768966,-0.00805920705122598
2025-07-03 13:49:00,101.5,101.5,101.5,101.5,50,5075.0,101.4,101.58333333333333,108.30208333333333,-0.06769115348333798,-0.07792714207081933,0.010235988587481343
2025-07-03 13:58:00,101.5,101.5,101.0,101.0,6000,608500.0,101.375,101.56666666666666,108.2375,-0.090467029181454,-0.08043511949294627,-0.010031909688507729
2025-07-03 14:02:00,102.0,102.0,102.0,102.0,6,612.0,101.425,101.56666666666666,108.18125,-0.02750833317078616,-0.06984976222851424,0.042341429057728086
2025-07-03 15:00:00,101.5,101.5,101.5,101.5,4200,426300.0,101.425,101.55833333333334,108.12083333333334,-0.01775427409496899,-0.05943066460180519,0.0416763905068362
2025-07-04 09:06:00,100.0,100.0,100.0,100.0,220,22000.0,101.35,101.53333333333333,108.05,-0.1295679967666672,-0.0734581310347776,-0.0561098657318896
2025-07-04 09:09:00,100.0,100.0,100.0,100.0,20,2000.0,101.275,101.5,107.97916666666667,-0.21569478237249484,-0.10190546130232107,-0.11378932107017377
2025-07-04 09:16:00,100.0,100.0,100.0,100.0,1000,100000.0,101.175,101.46666666666667,107.90833333333333,-0.2807149730053311,-0.1376673636429231,-0.143047609362408
2025-07-04 09:21:00,100.0,100.0,100.0,100.0,1000,100000.0,101.125,101.425,107.8375,-0.3284576867717277,-0.17582542826868403,-0.15263225850304368
2025-07-04 09:24:00,100.0,100.0,100.0,100.0,400,40000.0,101.05,101.40833333333333,107.76458333333333,-0.36211983930354563,-0.21308431047565637,-0.14903552882788926
2025-07-04 09:34:00,100.0,100.0,100.0,100.0,2000,200000.0,100.975,101.39166666666667,107.69166666666666,-0.38436659881645596,-0.2473407681438163,-0.13702583067263965
2025-07-04 09:35:00,100.0,100.0,100.0,100.0,1000,100000.0,100.9,101.375,107.61875,-0.39741615001528885,-0.27735584451811085,-0.120060305497178
2025-07-04 09:37:00,100.0,100.0,100.0,100.0,200,20000.0,100.825,101.35833333333333,107.54583333333333,-0.4031111983902633,-0.30250691529254137,-0.10060428309772196
2025-07-04 09:46:00,99.8,99.8,99.7,99.7,5000,498800.0,100.735,101.32,107.47166666666666,-0.4269108949986844,-0.32738771123377,-0.09952318376491442
2025-07-04 09:49:00,99.7,99.7,99.7,99.7,1000,99700.0,100.64500000000001,101.28166666666667,107.39958333333334,-0.44069229952098965,-0.35004862889121396,-0.09064367062977569
2025-07-04 09:58:00,99.0,99.9,99.0,99.0,3060,302974.0,100.52000000000001,101.23166666666665,107.3225,-0.502308017599475,-0.3805005066328662,-0.12180751096660875
2025-07-04 09:59:00,98.0,98.0,98.0,98.0,4000,392000.0,100.345,101.17333333333333,107.24125000000001,-0.6246302124746421,-0.4293264478012214,-0.1953037646734207
2025-07-04 10:01:00,98.0,98.0,98.0,98.0,1000,98000.0,100.19500000000001,101.10666666666665,107.16208333333334,-0.713348396921262,-0.48613083762522963,-0.22721755929603232
2025-07-04 10:03:00,99.0,99.0,99.0,99.0,3000,297000.0,100.095,101.05666666666666,107.08500000000001,-0.6949555397564353,-0.5278957780514708,-0.1670597617049645
2025-07-04 10:34:00,99.8,99.8,99.8,99.8,50,4990.0,100.035,101.02,107.01333333333334,-0.608807796510419,-0.5440781817432605,-0.06472961476715855
2025-07-04 10:36:00,98.1,98.1,98.1,98.1,1002,98296.2,99.865,100.96333333333334,106.93875,-0.6699876809015706,-0.5692600815749226,-0.10072759932664799
2025-07-04 10:47:00,98.1,98.1,98.1,98.1,1000,98100.0,99.69500000000001,100.89833333333333,106.86416666666668,-0.7102854515111545,-0.5974651555621691,-0.11282029594898546
2025-07-04 10:48:00,98.0,98.0,98.0,98.0,1000,98000.0,99.545,100.83166666666666,106.78916666666667,-0.7417405657892004,-0.6263202376075754,-0.11542032818162506
2025-07-04 11:02:00,97.8,97.8,97.8,97.8,1000,97800.0,99.33500000000001,100.76166666666667,106.71333333333334,-0.773886418106315,-0.6558334737073234,-0.11805294439899161
2025-07-04 11:04:00,98.3,98.3,98.3,98.3,2000,196600.0,99.175,100.69166666666666,106.63958333333333,-0.7503666566099554,-0.6747401102878499,-0.07562654632210553
2025-07-04 11:25:00,98.3,98.3,98.3,98.3,1000,98300.0,99.09,100.63000000000001,106.56583333333333,-0.7233883060745256,-0.6844697494451851,-0.03891855662934052
2025-07-04 13:08:00,98.9,98.9,98.9,98.9,1000,98900.0,99.035,100.57,106.49666666666667,-0.6461444325088763,-0.6768046860579234,0.030660253549047112
2025-07-04 13:39:00,98.9,98.9,98.9,98.9,1000,98900.0,98.97999999999999,100.51833333333335,106.42541666666666,-0.5782622588319697,-0.6570962006127328,0.07883394178076308
2025-07-07 10:08:00,98.5,98.5,98.5,98.5,1000,98500.0,98.905,100.46000000000001,106.35249999999999,-0.5503971682437339,-0.635756394138933,0.08535922589519918
2025-07-07 10:15:00,99.4,99.4,99.4,99.4,2000,198800.0,98.875,100.425,106.28333333333333,-0.4504983403669769,-0.5987047833845418,0.14820644301756492
2025-07-07 12:41:00,99.4,99.4,99.4,99.4,1000,99400.0,98.845,100.39,106.21416666666667,-0.3670961437072151,-0.5523830554490765,0.1852869117418614
2025-07-08 09:31:00,99.0,99.0,99.0,99.0,1000,99000.0,98.795,100.35666666666665,106.14541666666668,-0.32947794240730843,-0.5078020328407229,0.17832409043341446
2025-07-08 09:58:00,99.0,99.0,99.0,99.0,200,19800.0,98.745,100.32333333333332,106.07666666666667,-0.2962502582845161,-0.46549167792948154,0.16924141964496542
2025-07-08 11:03:00,99.0,99.0,99.0,99.0,60,5940.0,98.71000000000001,100.28166666666667,106.00583333333334,-0.2668411011138545,-0.4257615625663562,0.15892046145250172
2025-07-08 11:06:00,99.4,99.4,99.4,99.4,21,2087.4,98.695,100.23833333333333,105.93666666666667,-0.20884998252014952,-0.38237924655711486,0.17352926403696534
2025-07-08 11:09:00,100.0,100.0,100.0,100.0,5,500.0,98.74499999999999,100.22166666666666,105.87208333333334,-0.1131720408011887,-0.32853780540592964,0.21536576460474094
2025-07-08 11:10:00,100.0,100.0,100.0,100.0,100,10000.0,98.845,100.19666666666667,105.80749999999999,-0.03692098058490956,-0.27021444044172566,0.2332934598568161
2025-07-08 12:05:00,100.0,100.0,100.0,100.0,100,10000.0,98.945,100.17166666666667,105.74291666666666,0.0232406304743904,-0.21152342625850243,0.23476405673289283
2025-07-08 12:33:00,100.0,100.0,100.0,100.0,1000,100000.0,98.99499999999999,100.155,105.68041666666666,0.0701109453445099,-0.15519655193789994,0.22530749728240984
2025-07-08 12:55:00,100.0,100.0,100.0,100.0,1000,100000.0,99.005,100.13000000000001,105.61583333333333,0.10603371687702179,-0.10295049817491558,0.20898421505193737
2025-07-08 13:01:00,100.0,100.0,100.0,100.0,1000,100000.0,99.1,100.12166666666667,105.55333333333333,0.13296997700217617,-0.05576640313949723,0.1887363801416734
2025-07-09 09:17:00,100.0,100.0,100.0,100.0,2000,200000.0,99.195,100.09666666666666,105.49083333333333,0.15255855713438393,-0.01410141108472099,0.16665996821910492
2025-07-09 09:22:00,100.0,100.0,100.0,100.0,1000,100000.0,99.29499999999999,100.07166666666667,105.42833333333333,0.166167176244997,0.021952306381222617,0.14421486986377438
2025-07-09 09:50:00,100.5,100.5,100.5,100.5,10,1005.0,99.42999999999999,100.06333333333333,105.36791666666666,0.21482159661660205,0.06052616442829852,0.15429543218830352
2025-07-09 09:58:00,100.5,100.5,100.5,100.5,3000,301500.0,99.53999999999999,100.04666666666667,105.30749999999999,0.2504930473736664,0.09851954101737212,0.15197350635629428
2025-07-09 10:01:00,100.5,100.5,100.5,100.5,1000,100500.0,99.65,100.03,105.24708333333334,0.2755861435807674,0.1339328615300512,0.14165328205071617
2025-07-09 10:04:00,100.5,100.5,100.5,100.5,100,10050.0,99.72999999999999,100.01333333333334,105.18666666666667,0.2921053939586358,0.16556736801576813,0.12653802594286764
2025-07-09 12:57:00,101.0,101.0,101.0,101.0,3000,303000.0,99.83500000000001,99.99666666666667,105.12833333333333,0.3416050300785116,0.2007749004283169,0.14083012965019473
2025-07-09 12:58:00,101.0,101.0,101.0,101.0,1000,101000.0,99.96000000000001,99.99666666666667,105.07208333333332,0.3764938614535964,0.2359186926333728,0.1405751688202236
2025-07-09 13:36:00,101.0,101.0,101.0,101.0,1000,101000.0,100.03999999999999,99.98833333333333,105.01375,0.3995378876140876,0.2686425316295158,0.1308953559845718
2025-07-09 13:39:00,101.5,101.5,101.5,101.5,100,10150.0,100.145,99.98833333333333,104.96166666666666,0.45292522563026694,0.30549907042966606,0.14742615520060087
2025-07-09 14:57:00,101.0,101.0,101.0,101.0,1000,101000.0,100.24499999999999,99.98,104.90541666666667,0.4497053311913106,0.33434032258199503,0.11536500860931559
2025-07-10 09:08:00,102.0,102.0,102.0,102.0,20,2040.0,100.395,99.98833333333333,104.85541666666667,0.521829854566036,0.37183822897880325,0.14999162558723278
2025-07-10 09:09:00,102.0,102.0,102.0,102.0,10,1020.0,100.54499999999999,99.99666666666667,104.80333333333333,0.5723908930554558,0.4119487617941338,0.16044213126132195
2025-07-10 09:27:00,102.0,102.0,102.0,102.0,3000,306000.0,100.675,100.00500000000001,104.75125,0.6054812691590428,0.45065526326711564,0.15482600589192713
2025-07-10 09:36:00,101.5,101.5,101.5,101.5,1000,101500.0,100.75,100.00500000000001,104.69708333333332,0.5846206661728814,0.47744834384826884,0.1071723223246126
2025-07-10 09:44:00,102.0,102.0,102.0,102.0,200,20400.0,100.85,100.01333333333334,104.645,0.6015005850164954,0.5022587920819143,0.09924179293458113
2025-07-10 10:19:00,102.5,102.5,102.5,102.5,100,10250.0,100.975,100.03833333333334,104.59291666666667,0.6477569250219801,0.5313584186699275,0.11639850635205262
2025-07-10 10:21:00,102.5,102.5,102.5,102.5,5000,512500.0,101.1,100.06333333333333,104.54083333333332,0.6766158019491115,0.5604098953257644,0.11620590662334718
2025-07-10 10:22:00,103.0,104.5,102.5,104.5,3200,329250.0,101.325,100.12166666666667,104.49708333333334,0.8510594713142297,0.6185398105234574,0.23251966079077224
2025-07-10 10:24:00,104.5,104.5,104.5,104.5,1200,125400.0,101.55,100.17166666666667,104.45541666666666,0.978033178408694,0.6904384841005048,0.2875946943081892
2025-07-10 10:25:00,105.0,105.0,105.0,105.0,100,10500.0,101.8,100.23,104.41375,1.1062543656945962,0.7736016604193232,0.332652705275273
2025-07-10 10:26:00,105.0,105.0,104.5,104.5,1003,104815.0,102.025,100.28833333333334,104.37208333333334,1.1542196336172168,0.8497252550589021,0.30449437855831474
2025-07-10 10:28:00,105.0,105.0,104.5,104.5,1400,146500.0,102.225,100.33,104.3325,1.1786457593843238,0.9155093559239865,0.2631364034603373
2025-07-10 10:31:00,105.5,105.5,105.5,105.5,100,10550.0,102.475,100.39666666666668,104.295,1.2641232566732583,0.985232136073841,0.27889112059941734
2025-07-10 10:32:00,105.0,105.0,105.0,105.0,2000,210000.0,102.7,100.48,104.2575,1.2768008029061804,1.043545869440309,0.23325493346587134
2025-07-10 10:34:00,106.0,106.0,106.0,106.0,100,10600.0,102.975,100.58,104.22416666666666,1.3519549966453042,1.105227694881308,0.24672730176399615
2025-07-10 10:36:00,106.0,106.0,106.0,106.0,4000,424000.0,103.225,100.68,104.18875,1.3954295929178926,1.163268074488625,0.23216151842926758
2025-07-10 10:40:00,106.0,106.0,106.0,106.0,1300,137800.0,103.475,100.78,104.15333333333334,1.4135885547506177,1.2133321705410236,0.20025638420959413
2025-07-10 10:43:00,107.5,107.5,107.5,107.5,50,5375.0,103.8,100.905,104.12416666666667,1.5313645099785447,1.276938638428528,0.2544258715500167
2025-07-10 10:45:00,107.5,107.5,107.5,107.5,50,5375.0,104.1,101.03,104.095,1.6061876713681897,1.3427884450164604,0.2633992263517293
2025-07-10 10:48:00,107.5,107.5,107.5,107.5,50,5375.0,104.425,101.155,104.06583333333333,1.6465056733530474,1.403531890683778,0.2429737826692695
2025-07-10 10:50:00,106.0,106.0,106.0,106.0,2000,212000.0,104.625,101.25500000000001,104.03041666666667,1.5396721344710471,1.4307599394412318,0.1089121950298153
2025-07-10 10:51:00,105.5,106.0,105.5,106.0,5100,540050.0,104.825,101.36,103.99499999999999,1.4384245227034285,1.4322928560936712,0.00613166660975728
2025-07-10 10:58:00,106.0,106.0,106.0,106.0,1000,106000.0,105.025,101.465,103.96166666666666,1.342707168495707,1.4143757185740784,-0.07166855007837136
2025-07-10 11:00:00,105.0,106.5,105.0,106.5,301,31606.5,105.275,101.59,103.92833333333333,1.2922994731079456,1.389960469480852,-0.09766099637290648
2025-07-10 11:35:00,105.5,105.5,105.5,105.5,2000,211000.0,105.45,101.715,103.89291666666666,1.1583071251761368,1.3436298006199092,-0.18532267544377246
2025-07-10 11:41:00,106.0,106.0,106.0,106.0,1000,106000.0,105.625,101.84833333333334,103.85958333333333,1.0800133240879433,1.290906505313516,-0.21089318122557277
2025-07-10 11:44:00,106.0,106.0,106.0,106.0,2,212.0,105.8,101.965,103.82625,1.0063641827899374,1.2339980408088005,-0.22763385801886304
2025-07-10 11:46:00,106.5,106.5,106.5,106.5,1,106.5,105.9,102.07666666666667,103.79708333333333,0.9770793662995771,1.1826143059069558,-0.20553493960737867
2025-07-10 12:20:00,106.5,106.5,106.0,106.0,5100,543100.0,105.975,102.20833333333333,103.76583333333333,0.9031145742766569,1.1267143595808962,-0.2235997853042393
2025-07-10 12:21:00,107.0,107.0,107.0,107.0,1,107.0,106.075,102.35666666666667,103.74291666666666,0.9146451266885975,1.0843005130024366,-0.16965538631383903
2025-07-10 12:38:00,106.0,106.0,106.0,106.0,1000,106000.0,106.15,102.49000000000001,103.71583333333334,0.8334836492143154,1.0341371402448123,-0.2006534910304969
2025-07-10 12:40:00,107.0,107.0,107.0,107.0,1,107.0,106.275,102.64333333333335,103.68875,0.8401692876693403,0.9953435697297179,-0.15517428206037764
2025-07-10 12:48:00,107.0,107.0,107.0,107.0,1000,107000.0,106.35,102.78833333333334,103.66583333333332,0.8358327447190845,0.9634414047275914,-0.1276086600085069
2025-07-10 13:03:00,106.0,106.0,106.0,106.0,2000,212000.0,106.4,102.91666666666667,103.63875,0.7431379290774913,0.9193807095975716,-0.17624278052008024
2025-07-10 13:19:00,106.0,106.0,106.0,106.0,1000,106000.0,106.4,103.03500000000001,103.60958333333333,0.6620449774599848,0.8679135631700543,-0.2058685857100695
2025-07-10 13:40:00,106.5,106.5,106.5,106.5,1,106.5,106.425,103.16166666666666,103.5825,0.6308519814353417,0.8205012468231119,-0.18964926538777016
2025-07-10 14:00:00,106.5,106.5,106.5,106.5,3000,319500.0,106.45,103.295,103.55541666666666,0.5992238280663287,0.7762457630717553,-0.17702193500542662
2025-07-10 14:45:00,107.0,107.0,107.0,107.0,1,107.0,106.425,103.42166666666667,103.53041666666667,0.6075012141382672,0.7424968532850578,-0.13499563914679058
2025-07-11 09:12:00,104.5,104.5,104.5,104.5,1206,126027.0,106.275,103.50666666666667,103.49916666666667,0.40763305548651374,0.675524093725349,-0.2678910382388353
2025-07-11 09:33:00,104.5,104.5,104.5,104.5,1000,104500.0,106.125,103.59833333333334,103.46791666666667,0.24639580234925518,0.5896984354501303,-0.34330263310087517
2025-07-11 10:04:00,104.0,104.0,104.0,104.0,3000,312000.0,106.025,103.68166666666667,103.43458333333334,0.07737634986450814,0.4872340183330059,-0.40985766846849775
2025-07-11 10:07:00,104.5,104.5,104.5,104.5,1100,114950.0,105.95,103.77333333333334,103.40541666666667,-0.01604203997240461,0.3865788066719238,-0.4026208466443284
2025-07-11 10:57:00,104.0,104.5,104.0,104.5,3000,313000.0,105.875,103.85833333333333,103.37625,-0.0890502708705867,0.2914529911634217,-0.3805032620340084
2025-07-11 13:11:00,104.5,104.5,104.5,104.5,2000,209000.0,105.775,103.93333333333334,103.34916666666666,-0.14523563387209038,0.20411526615631928,-0.3493509000284096
2025-07-11 13:30:00,105.0,105.0,105.0,105.0,200,21000.0,105.75,104.01666666666667,103.32208333333332,-0.14771435834478552,0.13374934125609833,-0.28146369960088385
2025-07-14 09:17:00,104.5,104.5,104.5,104.5,1000,104500.0,105.675,104.09166666666667,103.29291666666667,-0.18785906431804733,0.06942766014126919,-0.25728672445931655
2025-07-14 09:24:00,104.5,104.5,104.5,104.5,1000,104500.0,105.6,104.16666666666667,103.27,-0.21717062524504627,0.012108003064006088,-0.22927862830905235
2025-07-14 09:25:00,104.5,104.5,104.5,104.5,3000,313500.0,105.5,104.24166666666666,103.24291666666666,-0.2376606444870646,-0.03784572644620807,-0.19981491804085652
2025-07-14 10:18:00,104.0,104.0,104.0,104.0,1000,104000.0,105.4,104.30833333333334,103.21791666666667,-0.2908917348392208,-0.08845492812481064,-0.20243680671441017
2025-07-14 11:51:00,104.0,104.0,104.0,104.0,50,5200.0,105.25,104.375,103.195,-0.3292819995329097,-0.13662034240643048,-0.19266165712647923
2025-07-14 11:57:00,104.0,104.0,104.0,104.0,4000,416000.0,105.15,104.44166666666666,103.17208333333333,-0.35560734082247336,-0.18041774208963907,-0.1751895987328343
2025-07-14 11:58:00,103.0,103.5,103.0,103.0,9000,928000.0,104.95,104.48333333333333,103.145,-0.451952182678113,-0.2347246302073339,-0.2172275524707791
2025-07-14 12:01:00,102.5,102.5,102.5,102.5,3000,307500.0,104.725,104.51666666666667,103.11375,-0.5621716207966188,-0.3002140283251909,-0.26195759247142786
2025-07-14 12:15:00,102.0,102.0,102.0,102.0,2000,204000.0,104.525,104.54166666666667,103.0825,-0.6820054071197035,-0.3765723040840935,-0.30543310303561
2025-07-14 12:16:00,101.5,102.0,101.5,102.0,4000,406500.0,104.325,104.56666666666666,103.04916666666666,-0.7681201353543656,-0.454881870338148,-0.31323826501621765
2025-07-14 12:17:00,101.0,101.0,101.0,101.0,2000,202000.0,104.05,104.56666666666666,103.01166666666667,-0.9066075134828964,-0.5452269989670978,-0.36138051451579856
2025-07-14 12:21:00,100.5,100.5,100.5,100.5,1000,100500.0,103.75,104.55833333333334,102.97625,-1.0446633508943535,-0.645114269352549,-0.39954908154180446
2025-07-14 12:23:00,101.0,101.0,101.0,101.0,1000,101000.0,103.45,104.55833333333334,102.94291666666666,-1.1010357209358403,-0.7362985596692073,-0.364737161266633
2025-07-14 12:43:00,101.5,101.5,101.5,101.5,2000,203000.0,103.3,104.55833333333334,102.91166666666666,-1.0927686522112623,-0.8075925781776184,-0.28517607403364387
2025-07-14 12:49:00,102.0,102.0,101.5,101.5,4000,407500.0,103.15,104.56666666666666,102.88041666666666,-1.0738384000514145,-0.8608417425523777,-0.21299665749903685
2025-07-14 12:50:00,102.0,102.0,102.0,102.0,2000,204000.0,103.05,104.56666666666666,102.85333333333332,-1.0068834913785736,-0.8900500923176169,-0.11683339906095669
2025-07-14 12:55:00,102.5,102.5,102.5,102.5,100,10250.0,102.95,104.575,102.83041666666666,-0.9030654462203387,-0.8926531630981613,-0.010412283122177346
2025-07-14 14:33:00,102.5,102.5,102.5,102.5,450,46125.0,102.85,104.58333333333333,102.80541666666666,-0.8114351778345821,-0.8764095660454456,0.06497438821086354
2025-07-15 09:22:00,102.0,102.0,102.0,102.0,1000,102000.0,102.725,104.59166666666667,102.77833333333334,-0.7702839968732889,-0.8551844522110144,0.0849004553377255
2025-07-15 10:12:00,102.0,102.0,102.0,102.0,1000,102000.0,102.575,104.59166666666667,102.75333333333333,-0.729264877922148,-0.8300005373532412,0.1007356594310932
2025-07-15 10:19:00,101.5,101.5,101.5,101.5,1000,101500.0,102.425,104.575,102.72833333333332,-0.7287027205909453,-0.809740974000782,0.08103825340983672
2025-07-15 10:20:00,101.5,101.5,101.5,101.5,1000,101500.0,102.275,104.55833333333334,102.70333333333333,-0.7199579794272779,-0.7917843750860813,0.07182639565880344
2025-07-15 10:46:00,101.0,101.0,101.0,101.0,1000,101000.0,102.1,104.5,102.67625,-0.7447880770406243,-0.7823851154769901,0.03759703843636575
2025-07-15 10:48:00,101.0,101.0,101.0,101.0,1000,101000.0,101.95,104.44166666666666,102.64916666666666,-0.7557542438084539,-0.7770589411432829,0.02130469733482898
2025-07-15 11:50:00,101.5,101.5,101.5,101.5,4,406.0,101.825,104.38333333333334,102.62416666666667,-0.7158473460475392,-0.7648166221241343,0.04896927607659507
2025-07-15 11:52:00,101.5,101.5,101.5,101.5,100,10150.0,101.7,104.33333333333333,102.59916666666666,-0.6764234535448423,-0.7471379884082759,0.0707145348634336
2025-07-15 12:35:00,101.5,101.5,101.5,101.5,200,20300.0,101.625,104.28333333333333,102.57416666666667,-0.6378272590935126,-0.7252758425453234,0.08744858345181084
2025-07-15 12:51:00,101.0,101.0,101.0,101.0,1000,101000.0,101.55,104.20833333333333,102.54708333333333,-0.6402054285792929,-0.7082617597521174,0.0680563311728245
2025-07-15 13:16:00,101.5,101.5,101.5,101.5,1000,101500.0,101.525,104.15,102.52416666666666,-0.5948868385344923,-0.6855867755085924,0.09069993697410006
2025-07-15 13:19:00,101.5,101.5,101.5,101.5,300,30450.0,101.5,104.075,102.50125,-0.5526014835018458,-0.6589897171072431,0.10638823360539729
2025-07-15 13:29:00,101.5,101.5,101.5,101.5,100,10150.0,101.525,104.0,102.47833333333332,-0.5131744790346602,-0.6298266694927266,0.11665219045806641
2025-07-15 13:30:00,101.5,101.5,101.5,101.5,1000,101500.0,101.575,103.925,102.45541666666666,-0.47643623360838205,-0.5991485823158578,0.12271234870747572
2025-07-15 13:32:00,102.0,102.0,102.0,102.0,1,102.0,101.625,103.83333333333333,102.43458333333334,-0.40233719535579837,-0.559786304923846,0.15744910956804758
2025-07-15 13:34:00,101.0,102.0,101.0,102.0,4001,407101.0,101.65,103.74166666666666,102.41375,-0.33969735404274104,-0.515768514747625,0.17607116070488393
2025-07-15 14:10:00,102.0,102.0,102.0,102.0,1000,102000.0,101.675,103.65,102.395,-0.2867493603753246,-0.46996468387316487,0.18321532349784025
2025-07-15 14:11:00,102.0,102.0,102.0,102.0,2000,204000.0,101.675,103.58333333333333,102.37416666666667,-0.24199809057463995,-0.4243713652134599,0.18237327463881997
2025-07-15 14:46:00,102.5,102.5,102.5,102.5,11,1127.5,101.675,103.525,102.35958333333333,-0.16429270152197262,-0.37235563247516246,0.20806293095318984
2025-07-15 14:49:00,102.5,102.5,102.5,102.5,150,15375.0,101.675,103.46666666666667,102.34291666666667,-0.10154012945481838,-0.31819253187109364,0.21665240241627526
2025-07-15 14:54:00,102.5,102.5,102.5,102.5,100,10250.0,101.7,103.4,102.32625,-0.05121785641696874,-0.26479759678026865,0.2135797403632999
2025-07-16 09:26:00,102.0,102.0,102.0,102.0,1000,102000.0,101.7,103.34166666666667,102.30958333333334,-0.0510939347329753,-0.22205686437080996,0.17096292963783466
2025-07-16 10:10:00,101.5,101.5,101.5,101.5,2000,203000.0,101.7,103.26666666666667,102.29083333333332,-0.09030061791807498,-0.19570561508026296,0.10540499716218799
2025-07-16 13:02:00,101.5,101.5,101.5,101.5,1000,101500.0,101.7,103.19166666666666,102.27208333333333,-0.11998903787316806,-0.18056229963884401,0.060573261765675956
2025-07-16 13:45:00,102.0,102.0,102.0,102.0,20,2040.0,101.75,103.11666666666666,102.2575,-0.10199575962860763,-0.16484899163679675,0.06285323200818912
2025-07-17 09:52:00,102.0,102.0,102.0,102.0,200,20400.0,101.8,103.05,102.24291666666666,-0.08673611701955508,-0.14922641671334844,0.062490299693793355
2025-07-17 10:09:00,102.0,102.0,102.0,102.0,10,1020.0,101.825,102.96666666666667,102.22833333333332,-0.07379211079286563,-0.13413955552925189,0.06034744473638626
2025-07-17 11:22:00,102.0,102.0,102.0,102.0,30,3060.0,101.85,102.9,102.21583333333334,-0.06280985963756791,-0.11987361635091509,0.05706375671334718
2025-07-17 11:49:00,102.0,102.5,102.0,102.0,7000,716000.0,101.875,102.81666666666666,102.20333333333333,-0.053489749933135045,-0.1065968430673591,0.053107093134224057
2025-07-17 12:16:00,102.5,103.0,102.5,103.0,8000,821500.0,101.975,102.75,102.195,0.03419397989149786,-0.0784386784755877,0.11263265836708557
2025-07-17 12:29:00,103.5,103.5,103.5,103.5,1000,103500.0,102.075,102.70833333333333,102.18875,0.14238842371545957,-0.03427325803737824,0.1766616817528378
2025-07-17 12:30:00,103.5,103.5,103.5,103.5,1000,103500.0,102.175,102.66666666666667,102.19083333333333,0.22553349025884017,0.017688091621865458,0.2078453986369747
2025-07-17 13:05:00,103.5,103.5,103.5,103.5,1000,103500.0,102.275,102.61666666666666,102.19291666666666,0.28810545418589584,0.07177156413467155,0.21633389005122428
2025-07-17 13:21:00,103.0,103.0,103.0,103.0,2000,206000.0,102.35,102.55833333333334,102.19083333333333,0.29395977972205856,0.11620920725214898,0.17775057246990958
2025-07-17 14:13:00,103.0,103.0,103.0,103.0,1000,103000.0,102.4,102.49166666666666,102.19083333333333,0.29519653300855,0.15200667240342922,0.14318986060512076
2025-07-18 09:31:00,102.0,102.0,102.0,102.0,1000,102000.0,102.4,102.45,102.18249999999999,0.21302935643232956,0.1642112092092093,0.04881814722312025
2025-07-18 09:40:00,102.0,102.0,102.0,102.0,2000,204000.0,102.4,102.40833333333333,102.17625,0.14622567841470868,0.1606141030503092,-0.014388424635600527
2025-07-18 10:18:00,102.5,102.5,102.5,102.5,2000,205000.0,102.425,102.38333333333334,102.17208333333333,0.13210626482920418,0.1549125354060882,-0.02280627057688403
2025-07-18 12:11:00,102.0,102.0,102.0,102.0,3000,306000.0,102.4,102.34166666666667,102.16791666666667,0.07965252182258098,0.13986053268938678,-0.0602080108668058
2025-07-18 12:35:00,102.5,102.5,102.5,102.5,200,20500.0,102.4,102.30833333333334,102.16375,0.07753460326385664,0.12739534680428075,-0.04986074354042411
2025-07-18 12:37:00,102.5,102.5,102.5,102.5,1000,102500.0,102.4,102.275,102.16166666666666,0.0749916801393482,0.11691461347129424,-0.041922933331946036
2025-07-18 12:41:00,102.5,102.5,102.5,102.5,1000,102500.0,102.425,102.23333333333333,102.15958333333333,0.07214475541057652,0.1079606418591507,-0.03581588644857418
2025-07-18 13:01:00,102.5,102.5,102.5,102.5,40,4100.0,102.475,102.2,102.15541666666667,0.06909209637338165,0.1001869327619969,-0.031094836388615252
2025-07-18 14:19:00,102.5,102.5,102.5,102.5,1000,102500.0,102.525,102.16666666666667,102.15124999999999,0.0659130376248811,0.09333215373457375,-0.02741911610969265
2025-07-18 14:56:00,102.0,102.0,102.0,102.0,1000,102000.0,102.525,102.125,102.13875,0.022785136467220468,0.0792227502811031,-0.056437613813882626
2025-07-21 09:18:00,102.5,102.5,102.5,102.5,20,2050.0,102.55,102.1,102.13666666666667,0.02862185052926236,0.06910257033073496,-0.040480719801472595
2025-07-21 09:30:00,102.5,102.5,102.5,102.5,50,5125.0,102.575,102.075,102.13458333333332,0.03286859971713341,0.06185577620801465,-0.028987176490881242
2025-07-21 09:51:00,102.0,102.0,102.0,102.0,150,15300.0,102.575,102.04166666666667,102.1325,-0.004064785958661332,0.04867166377467945,-0.05273644973334078
2025-07-21 10:01:00,102.0,102.0,102.0,102.0,1000,102000.0,102.575,102.025,102.12833333333333,-0.032954876890300966,0.032346355641683366,-0.06530123253198433
2025-07-21 10:40:00,102.0,102.0,102.0,102.0,2000,204000.0,102.525,102.01666666666667,102.12416666666667,-0.05521400936507348,0.014834282640331995,-0.07004829200540548
2025-07-21 10:49:00,102.0,102.0,102.0,102.0,1000,102000.0,102.45,102.01666666666667,102.11999999999999,-0.07202428114030113,-0.0025374301157946345,-0.0694868510245065
2025-07-21 12:19:00,101.5,102.0,101.5,102.0,2000,203500.0,102.375,102.01666666666667,102.11583333333333,-0.08437393246116187,-0.01890473058486809,-0.06546920187629378
2025-07-21 12:34:00,101.5,102.0,101.5,102.0,3200,325900.0,102.3,102.03333333333333,102.10958333333333,-0.09308805890955796,-0.03374139624980607,-0.059346662659751886
2025-07-21 15:00:00,102.5,102.5,102.5,102.5,12,1230.0,102.275,102.06666666666666,102.10333333333332,-0.05896849348982869,-0.038786815697810596,-0.020181677792018092
2025-07-22 09:10:00,102.0,102.0,102.0,102.0,2000,204000.0,102.225,102.08333333333333,102.09916666666666,-0.07145067450296949,-0.04531958745884238,-0.02613108704412711
2025-07-22 10:06:00,101.5,101.5,101.5,101.5,5000,507500.0,102.2,102.08333333333333,102.095,-0.12030194823687168,-0.06031605961444825,-0.05998588862242343
2025-07-22 10:08:00,102.0,102.0,102.0,102.0,100,10200.0,102.2,102.09166666666667,102.09291666666667,-0.11731873594023057,-0.07171659487960473,-0.045602141060625836
2025-07-22 10:26:00,102.0,102.0,102.0,102.0,2000,204000.0,102.175,102.09166666666667,102.09083333333334,-0.11364449569710189,-0.08010217504310417,-0.03354232065399772
2025-07-22 10:27:00,102.0,102.0,102.0,102.0,2000,204000.0,102.175,102.08333333333333,102.08874999999999,-0.10947072347588005,-0.08597588472965935,-0.0234948387462207
2025-07-22 12:36:00,101.5,101.5,101.5,101.5,2000,203000.0,102.125,102.06666666666666,102.08458333333333,-0.14483918428857123,-0.09774854464144174,-0.04709063964712949
2025-07-22 13:26:00,101.5,101.5,101.5,101.5,1000,101500.0,102.075,102.05833333333334,102.0825,-0.17089892783938865,-0.11237862128103113,-0.05852030655835752
2025-07-23 09:15:00,102.0,102.0,102.0,102.0,1000,102000.0,102.05,102.05833333333334,102.08041666666666,-0.1494824998197828,-0.11979939698878148,-0.029683102831001312
2025-07-23 09:28:00,102.5,102.5,102.5,102.5,1000,102500.0,102.05,102.075,102.08041666666666,-0.09111370294039034,-0.11406225817910327,0.022948555238712934
2025-07-23 09:29:00,102.5,102.5,102.5,102.5,2000,205000.0,102.05,102.09166666666667,102.0825,-0.04434483127772637,-0.1001187727988279,0.05577394152110153
2025-07-23 09:30:00,103.0,103.0,103.0,103.0,3000,309000.0,102.1,102.125,102.08666666666666,0.03268884117910886,-0.07355725000324055,0.10624609118234941
2025-07-23 09:31:00,102.5,102.5,102.5,102.5,1000,102500.0,102.1,102.15,102.08874999999999,0.05278429576858912,-0.04828894084887461,0.10107323661746373
2025-07-23 09:32:00,102.5,103.0,102.5,103.0,2000,205500.0,102.125,102.175,102.09291666666667,0.10781310724730986,-0.01706853122963771,0.12488163847694757
2025-07-23 09:33:00,103.0,103.0,103.0,103.0,2000,206000.0,102.175,102.2,102.09708333333333,0.14969820903552034,0.01628481682339391,0.13341339221212642
2025-07-23 09:36:00,103.5,103.5,103.5,103.5,500,51750.0,102.25,102.23333333333333,102.10333333333332,0.22069424936489668,0.05716670333169448,0.1635275460332022
2025-07-23 10:02:00,102.5,102.5,102.5,102.5,1000,102500.0,102.275,102.25833333333334,102.10541666666667,0.1940308137327662,0.08453952541190884,0.10949128832085736
2025-07-23 10:03:00,102.5,102.5,102.5,102.5,200,20500.0,102.3,102.275,102.10958333333333,0.17092948024624377,0.10181751637877584,0.06911196386746793
2025-07-23 10:31:00,102.5,102.5,102.5,102.5,700,71750.0,102.325,102.29166666666667,102.11166666666666,0.15088223058876338,0.11163045922077336,0.03925177136799002
2025-07-23 11:10:00,102.0,102.0,102.0,102.0,380,38760.0,102.325,102.3,102.11166666666666,0.09357020045155195,0.10801840746692909,-0.014448207015377135
2025-07-23 11:11:00,102.5,102.5,102.5,102.5,1000,102500.0,102.325,102.31666666666666,102.11166666666666,0.08748732555258698,0.10391219108406068,-0.016424865531473695
2025-07-23 13:27:00,102.0,102.0,102.0,102.0,100,10200.0,102.325,102.31666666666666,102.11583333333333,0.04183849393028538,0.09149745165330563,-0.049658957723020244
2025-07-23 14:24:00,102.5,102.5,102.5,102.5,50,5125.0,102.375,102.325,102.12208333333334,0.04548298774265902,0.08229455887117632,-0.036811571128517295
2025-07-24 09:05:00,102.0,102.0,102.0,102.0,2000,204000.0,102.375,102.325,102.12625,0.007933995854983777,0.06742244626793781,-0.05948845041295403
2025-07-24 09:06:00,101.5,101.5,101.5,101.5,1000,101500.0,102.35,102.31666666666666,102.12833333333333,-0.061461185776124694,0.0416457198591253,-0.10310690563524999
2025-07-24 09:15:00,101.5,101.5,101.5,101.5,1000,101500.0,102.325,102.3,102.12625,-0.11513021770049647,0.010290532347200941,-0.12542075004769743
2025-07-24 10:16:00,102.5,102.5,102.5,102.5,50,5125.0,102.375,102.3,102.12833333333333,-0.07609449949082148,-0.006986474020403547,-0.06910802547041793
2025-07-24 10:21:00,102.5,102.5,102.5,102.5,200,20500.0,102.425,102.3,102.13041666666666,-0.04464378579957895,-0.014517936376238633,-0.030125849423340317
2025-07-24 10:44:00,102.5,102.5,102.5,102.5,100,10250.0,102.45,102.30833333333334,102.13458333333332,-0.019494152157705003,-0.01551317953253191,-0.003980972625173093
2025-07-24 12:43:00,102.5,102.5,102.5,102.5,100,10250.0,102.45,102.325,102.13666666666667,0.0004321323441303093,-0.012324117157199466,0.012756249501329775
2025-07-24 13:06:00,102.5,102.5,102.5,102.5,500,51250.0,102.45,102.34166666666667,102.13875,0.01603896912084224,-0.006651499901591125,0.022690469022433365
2025-07-24 13:29:00,101.5,101.5,101.5,101.5,1000,101500.0,102.375,102.33333333333333,102.13666666666667,-0.05168831225492454,-0.01565886237225781,-0.03602944988266673
2025-07-24 13:41:00,101.5,102.0,101.5,102.0,1430,145795.0,102.35,102.33333333333333,102.13875,-0.06427591661194754,-0.025382273220195758,-0.038893643391751775
2025-07-25 09:37:00,101.5,101.5,101.5,101.5,100,10150.0,102.275,102.325,102.13666666666667,-0.11329155060548146,-0.042964128697252905,-0.07032742190822855
2025-07-25 09:52:00,102.0,102.0,102.0,102.0,1000,102000.0,102.225,102.325,102.13666666666667,-0.1105170011633021,-0.056474703190462744,-0.054042297972839354
2025-07-25 12:22:00,102.5,102.5,102.5,102.5,1000,102500.0,102.175,102.33333333333333,102.13875,-0.06719771597455804,-0.05861930574728181,-0.008578410227276227
2025-07-25 12:26:00,102.5,102.5,102.0,102.0,1500,153250.0,102.15,102.31666666666666,102.13666666666667,-0.07237835902068923,-0.0613711164019633,-0.011007242618725932
2025-07-25 12:35:00,102.5,102.5,102.5,102.5,3000,307500.0,102.15,102.3,102.13875,-0.035726402899896925,-0.05624217370155003,0.020515770801653108
2025-07-25 12:49:00,102.5,102.5,102.5,102.5,2000,205000.0,102.15,102.28333333333333,102.13875,-0.006603344367675845,-0.046314407834775195,0.03971106346709935
2025-07-25 13:03:00,103.5,103.5,103.5,103.5,1,103.5,102.225,102.28333333333333,102.145,0.09606119829281567,-0.017839286609257016,0.11390048490207269
2025-07-25 13:11:00,103.5,103.5,103.5,103.5,1000,103500.0,102.275,102.29166666666667,102.15124999999999,0.1754016667784839,0.02080890406829118,0.15459276271019273
2025-07-25 13:28:00,104.0,104.0,104.0,104.0,1000,104000.0,102.375,102.30833333333334,102.16166666666666,0.275450162979169,0.07173715585046678,0.20371300712870224
2025-07-25 13:31:00,103.5,103.5,103.5,103.5,1000,103500.0,102.425,102.33333333333333,102.17,0.3108106638431991,0.11955185744901327,0.19125880639418585
2025-07-25 14:02:00,103.0,103.5,103.0,103.5,4000,413000.0,102.5,102.35833333333333,102.18041666666666,0.3349727580945796,0.16263603757812656,0.17233672051645305
2025-07-25 14:03:00,103.5,103.5,103.5,103.5,1000,103500.0,102.6,102.375,102.19083333333333,0.3500858204499906,0.2001259941524994,0.1499598262974912
2025-07-25 14:57:00,104.0,104.0,104.0,104.0,300,31200.0,102.725,102.40833333333333,102.20125,0.397822996706239,0.23966539466324735,0.15815760204299165
2025-07-25 14:59:00,104.0,104.0,104.0,104.0,1000,104000.0,102.8,102.43333333333334,102.20958333333333,0.4306903228704613,0.2778703803046902,0.15281994256577108
2025-07-28 09:04:00,103.5,103.5,103.5,103.5,5,517.5,102.85,102.45,102.22,0.4116468852740951,0.3046256812985712,0.1070212039755239
2025-07-28 09:05:00,103.5,103.5,103.5,103.5,1000,103500.0,102.9,102.46666666666667,102.22833333333332,0.3920356804874814,0.32210768113635324,0.06992799935112815
2025-07-28 09:12:00,103.5,103.5,103.5,103.5,700,72450.0,102.95,102.48333333333333,102.23666666666666,0.37220313336992206,0.332126771583067,0.04007636178685503
2025-07-28 09:50:00,104.0,104.0,104.0,104.0,1000,104000.0,103.025,102.50833333333334,102.24916666666667,0.39230922171519467,0.34416326160949257,0.0481459601057021
2025-07-28 10:02:00,104.0,104.0,104.0,104.0,1000,104000.0,103.15,102.54166666666667,102.25958333333332,0.40359109467273413,0.3560488282221409,0.04754226645059323
2025-07-28 10:03:00,104.0,104.0,104.0,104.0,88,9152.0,103.25,102.56666666666666,102.27416666666666,0.40783084021298066,0.3664052306203089,0.041425609592671775
2025-07-28 10:09:00,104.0,104.0,104.0,104.0,300,31200.0,103.375,102.59166666666667,102.28458333333333,0.40650493326913306,0.3744251711500738,0.032079762119059274
2025-07-28 10:47:00,104.0,104.0,104.0,104.0,1000,104000.0,103.475,102.625,102.295,0.400833582435439,0.3797068534071469,0.0211267290282921
2025-07-28 10:48:00,104.0,104.0,104.0,104.0,1000,104000.0,103.55,102.65833333333333,102.30749999999999,0.3918223123242939,0.3821299451905763,0.009692367133717572
2025-07-28 11:08:00,104.0,104.0,104.0,104.0,1000,104000.0,103.65,102.69166666666666,102.31791666666666,0.3802969888774044,0.381763353927942,-0.0014663650505375991
2025-07-28 11:09:00,104.5,104.5,104.5,104.5,2,209.0,103.75,102.73333333333333,102.33041666666666,0.40681934812697307,0.38677455276774825,0.02004479535922482
2025-07-28 11:29:00,104.5,104.5,104.5,104.5,100,10450.0,103.85,102.775,102.34291666666667,0.4229628563922745,0.39401221349265353,0.02895064289962096
2025-07-28 11:56:00,104.5,104.5,104.5,104.5,100,10450.0,103.9,102.81666666666666,102.35333333333332,0.4307908146469259,0.40136793372350804,0.029422880923417882
2025-07-28 12:25:00,104.5,104.5,104.5,104.5,1000,104500.0,103.95,102.85,102.36791666666666,0.43201453334052076,0.4074972536469106,0.024517279693610172
2025-07-28 14:57:00,105.0,105.0,105.0,105.0,2000,210000.0,104.0,102.9,102.3825,0.4679360846435827,0.4195850198462451,0.04835106479733764
2025-07-28 15:00:00,105.0,105.0,105.0,105.0,1000,105000.0,104.075,102.95833333333333,102.39708333333333,0.4907471452412011,0.43381744492523633,0.05692970031596478
2025-07-29 09:19:00,104.5,104.5,104.5,104.5,1000,104500.0,104.125,103.0,102.40958333333333,0.46314045886907707,0.43968204771400454,0.023458411155072523
2025-07-29 09:25:00,105.0,105.0,105.0,105.0,1000,105000.0,104.2,103.05,102.42416666666666,0.4761193745733152,0.44696951308586674,0.02914986148744847
2025-07-29 09:27:00,105.0,105.0,105.0,105.0,1000,105000.0,104.25,103.1,102.43875,0.48086217890484306,0.4537480462496621,0.027114132655180978
2025-07-29 09:33:00,106.0,106.0,106.0,106.0,4000,424000.0,104.35,103.175,102.4575,0.5588702201457352,0.47477248102887676,0.08409773911685842
2025-07-29 09:36:00,106.5,106.5,106.5,106.5,3500,372750.0,104.5,103.25833333333334,102.47833333333332,0.6535047798627289,0.5105189407956472,0.14298583906708173
2025-07-29 09:37:00,106.5,108.0,106.5,108.0,3600,385800.0,104.725,103.35833333333333,102.50541666666666,0.8398594374203299,0.5763870401205837,0.26347239729974614
2025-07-29 09:38:00,108.0,108.0,107.5,107.5,3500,377500.0,104.925,103.44166666666666,102.5325,0.9364067111487202,0.6483909743262111,0.28801573682250914
2025-07-29 09:40:00,107.5,108.5,107.5,108.5,3300,357750.0,105.15,103.54166666666667,102.56375,1.0811499402960436,0.7349427675201776,0.346207172775866
2025-07-29 09:41:00,108.5,109.0,108.5,109.0,3100,336850.0,105.4,103.64166666666667,102.59708333333333,1.2221179980006838,0.8323778136162789,0.38974018438440483
2025-07-29 09:42:00,109.0,109.0,109.0,109.0,4000,436000.0,105.65,103.75,102.62833333333333,1.3186357868234069,0.9296294082577047,0.3890063785657022
2025-07-29 09:43:00,109.5,109.5,109.5,109.5,3000,328500.0,105.925,103.85833333333333,102.66166666666666,1.4191139884728443,1.0275263243007327,0.39158766417211166
2025-07-29 09:44:00,109.5,109.5,109.5,109.5,150,16425.0,106.2,103.96666666666667,102.69708333333332,1.4816639870475115,1.1183538568500884,0.3633101301974231
2025-07-29 09:45:00,109.5,109.5,109.0,109.0,1800,196700.0,106.45,104.05833333333334,102.72625,1.4738992966196918,1.189462944804009,0.2844363518156827
2025-07-29 09:46:00,109.5,109.5,109.5,109.5,50,5475.0,106.725,104.175,102.75958333333332,1.4909053164085293,1.2497514191249133,0.24115389728361603
2025-07-29 09:50:00,109.5,109.5,109.5,109.5,1000,109500.0,106.975,104.29166666666667,102.79916666666666,1.4872387471102115,1.297248884721973,0.18998986238823856
2025-07-29 09:51:00,110.0,110.0,110.0,110.0,3000,330000.0,107.25,104.41666666666667,102.84083333333334,1.5073035290319297,1.3392598135839644,0.16804371544796526
2025-07-29 09:52:00,110.0,110.0,110.0,110.0,3000,330000.0,107.525,104.55,102.8825,1.5058465515742228,1.3725771611820161,0.13326939039220664
2025-07-29 09:59:00,110.0,110.0,110.0,110.0,1000,110000.0,107.8,104.675,102.92416666666666,1.4875444005566578,1.3955706090569446,0.09197379149971319
2025-07-29 10:00:00,109.5,109.5,109.5,109.5,100,10950.0,108.025,104.8,102.96374999999999,1.4163669956220275,1.3997298863699614,0.016637109252066073
2025-07-29 10:02:00,109.5,109.5,109.5,109.5,5500,602250.0,108.25,104.91666666666667,103.00333333333333,1.3444602881020415,1.3886759667163775,-0.04421567861433595
2025-07-29 10:03:00,109.5,109.5,109.0,109.0,2000,218500.0,108.475,105.03333333333333,103.04083333333332,1.2329155994399343,1.357523893261089,-0.12460829382115457
2025-07-29 10:04:00,109.0,109.0,109.0,109.0,200,21800.0,108.675,105.15833333333333,103.07833333333333,1.1314727168762744,1.3123136579841261,-0.18084094110785176
2025-07-29 10:05:00,109.0,109.0,109.0,109.0,4100,446900.0,108.875,105.28333333333333,103.11708333333333,1.0391003990058891,1.2576710061884788,-0.2185706071825897
2025-07-29 10:08:00,109.0,109.0,109.0,109.0,1000,109000.0,109.025,105.39166666666667,103.15583333333332,0.9548873249022307,1.1971142699312294,-0.24222694502899866
2025-07-29 10:17:00,108.5,108.5,108.5,108.5,100,10850.0,109.125,105.49166666666666,103.19541666666666,0.8381404739674281,1.1253195107384693,-0.2871790367710412
2025-07-29 10:23:00,108.5,108.5,108.5,108.5,1100,119350.0,109.15,105.59166666666667,103.23916666666666,0.7371206850701668,1.0476797456048088,-0.310559060534642
2025-07-29 10:25:00,108.0,108.0,108.0,108.0,1000,108000.0,109.175,105.68333333333334,103.28083333333332,0.6096878512040007,0.9600813667246472,-0.35039351552064646
2025-07-29 10:50:00,108.0,108.0,108.0,108.0,3000,324000.0,109.15,105.775,103.31833333333333,0.5028993021498422,0.8686449538096862,-0.36574565165984396
2025-07-29 10:51:00,108.0,108.0,108.0,108.0,500,54000.0,109.1,105.88333333333334,103.35249999999999,0.4135020138350427,0.7776163658147575,-0.36411435197971476
2025-07-29 11:00:00,108.0,108.0,108.0,108.0,400,43200.0,109.05,105.98333333333333,103.39375,0.3387491296700489,0.6898429185858158,-0.3510937889157669
2025-07-29 11:01:00,108.0,108.0,108.0,108.0,150,16200.0,108.975,106.09166666666667,103.43499999999999,0.2763216662396957,0.6071386681165918,-0.3308170018768961
2025-07-29 11:02:00,108.0,108.0,108.0,108.0,1000,108000.0,108.9,106.19166666666666,103.47666666666666,0.22426229556076294,0.530563393605426,-0.3063010980446631
2025-07-29 11:12:00,109.0,109.0,109.0,109.0,1,109.0,108.9,106.3,103.52333333333333,0.260691423427005,0.4765889995697418,-0.2158975761427368
2025-07-29 11:15:00,108.5,108.5,108.5,108.5,2000,217000.0,108.85,106.40833333333333,103.56583333333333,0.2463758806050862,0.4305463757768107,-0.1841704951717245
2025-07-29 11:16:00,108.5,108.5,108.5,108.5,1000,108500.0,108.8,106.50833333333334,103.60833333333333,0.23235229713371552,0.39090756004819166,-0.15855526291447614
2025-07-29 11:17:00,109.0,109.0,109.0,109.0,1,109.0,108.75,106.61666666666666,103.65041666666666,0.25860330954637334,0.364446709947828,-0.10584340040145468
2025-07-29 11:19:00,109.0,109.0,109.0,109.0,1,109.0,108.7,106.70833333333333,103.69250000000001,0.27622329580078997,0.34680202711842045,-0.07057873131763048
2025-07-29 12:09:00,109.0,109.0,109.0,109.0,1,109.0,108.65,106.8,103.73625,0.28688028450950753,0.3348176785966379,-0.04793739408713038
2025-07-29 12:12:00,109.0,109.0,109.0,109.0,300,32700.0,108.625,106.88333333333334,103.77624999999999,0.2919604860959879,0.32624624009650793,-0.03428575400052003
2025-07-29 12:50:00,109.0,109.0,109.0,109.0,1,109.0,108.6,106.975,103.81625,0.29261351598744056,0.3195196952746945,-0.026906179287253917
2025-07-29 13:10:00,109.0,109.0,109.0,109.0,2000,218000.0,108.6,107.06666666666666,103.85791666666665,0.28979052213045975,0.3135738606458476,-0.02378333851538783
2025-07-29 13:12:00,109.0,109.0,109.0,109.0,2000,218000.0,108.6,107.15833333333333,103.89958333333333,0.28427631871396386,0.30771435225947086,-0.023438033545506998
2025-07-29 13:13:00,109.0,109.0,109.0,109.0,8000,872000.0,108.6,107.24166666666666,103.94125,0.2767164577042962,0.30151477334843596,-0.024798315644139757
2025-07-29 13:18:00,109.5,109.5,109.5,109.5,41,4489.5,108.625,107.33333333333333,103.98333333333333,0.3075260656573562,0.30271703181022,0.004809033847136157
2025-07-29 13:20:00,109.5,109.5,109.5,109.5,1000,109500.0,108.675,107.43333333333334,104.02291666666666,0.3281600768381594,0.3078056408158079,0.020354436022351485
2025-07-29 13:22:00,109.5,109.5,109.5,109.5,1010,110595.0,108.725,107.53333333333333,104.0625,0.3405866089389349,0.3143618344404333,0.02622477449850158
2025-07-29 13:30:00,109.0,109.0,109.0,109.0,1100,119900.0,108.775,107.625,104.1,0.30655512714963606,0.31280049298227386,-0.006245365832637795
2025-07-29 13:37:00,109.5,109.5,109.5,109.5,1,109.5,108.85,107.71666666666667,104.13958333333333,0.3162848194554613,0.3134973582769114,0.002787461178549888
2025-07-29 13:40:00,109.5,109.5,109.5,109.5,300,32850.0,108.925,107.80833333333334,104.17916666666666,0.3203034123508246,0.3148585690916941,0.005444843259130527
2025-07-29 14:12:00,109.5,109.5,109.5,109.5,30,3285.0,109.0,107.9,104.21875,0.31980170123067353,0.31584719551949,0.0039545057111835535
2025-07-29 14:30:00,109.5,109.5,109.5,109.5,1000,109500.0,109.075,107.99166666666666,104.25833333333334,0.31576415888604004,0.3158305881928,-6.642930675998526e-05
2025-07-29 14:45:00,109.0,109.0,109.0,109.0,4000,436000.0,109.125,108.075,104.29583333333333,0.26911635039509463,0.30648774063325895,-0.037371390238164326
2025-07-29 14:46:00,109.0,109.0,109.0,109.0,20,2180.0,109.125,108.15833333333333,104.33125,0.22950206909428061,0.2910906063254633,-0.06158853723118268
2025-07-29 14:48:00,109.0,109.5,109.0,109.5,2001,218109.5,109.175,108.25,104.36875,0.23573587070652025,0.2800196592016747,-0.044283788495154464
2025-07-30 09:01:00,109.5,109.5,109.5,109.5,3000,328500.0,109.225,108.33333333333333,104.40625,0.23793345463970184,0.27160241828928017,-0.03366896364957833
2025-07-30 09:03:00,109.5,109.5,109.5,109.5,50,5475.0,109.25,108.41666666666667,104.44375,0.23694371607291487,0.2646706778460071,-0.02772696177309225
2025-07-30 09:04:00,109.0,109.0,109.0,109.0,2000,218000.0,109.25,108.49166666666666,104.47708333333334,0.19358202669926072,0.2504529476166578,-0.056870920917397094
2025-07-30 09:07:00,109.0,109.0,109.0,109.0,2000,218000.0,109.25,108.56666666666666,104.51041666666667,0.15740313016208063,0.23184298412574236,-0.07443985396366173
2025-07-30 09:08:00,109.5,109.5,109.5,109.5,1000,109500.0,109.275,108.64166666666667,104.54583333333333,0.16715011287324444,0.2189044098752428,-0.05175429700199835
2025-07-30 09:15:00,109.5,109.5,109.5,109.5,1000,109500.0,109.3,108.71666666666667,104.57916666666667,0.17288179319825758,0.20969988653984578,-0.0368180933415882
2025-07-30 09:16:00,109.5,109.5,109.5,109.5,1000,109500.0,109.325,108.8,104.61458333333333,0.17540226304609519,0.2028403618410957,-0.027438098795000504
2025-07-30 09:18:00,109.5,109.5,109.5,109.5,2000,219000.0,109.35,108.875,104.64583333333333,0.1753781039463007,0.19734791026213672,-0.021969806315836005
2025-07-30 09:24:00,109.0,109.0,109.0,109.0,1000,109000.0,109.35,108.94166666666666,104.675,0.13347452511943914,0.18457323323359723,-0.05109870811415809
2025-07-30 09:25:00,109.0,109.0,109.0,109.0,1000,109000.0,109.325,108.99166666666666,104.70416666666667,0.09912300865828172,0.16748318831853415,-0.06836017966025243
2025-07-30 09:27:00,109.0,109.0,109.0,109.0,1000,109000.0,109.3,109.03333333333333,104.73541666666667,0.07107982044901462,0.14820251474463025,-0.07712269429561563
2025-07-30 09:31:00,109.5,109.5,109.5,109.5,1,109.5,109.3,109.05833333333334,104.76666666666667,0.08818467503776617,0.13619894680325745,-0.04801427176549128
2025-07-30 09:41:00,109.0,109.0,109.0,109.0,5000,545000.0,109.3,109.08333333333333,104.79375,0.06069492094020745,0.12109814163064744,-0.06040322069043999
2025-07-30 09:48:00,109.0,109.0,109.0,109.0,1,109.0,109.275,109.09166666666667,104.82083333333334,0.038465684300334146,0.10457165016458479,-0.06610596586425065
2025-07-30 10:03:00,108.5,108.5,108.5,108.5,500,54250.0,109.225,109.08333333333333,104.8375,-0.019274779554834254,0.07980236422070097,-0.09907714377553523
2025-07-30 10:04:00,108.5,109.0,108.5,109.0,3001,325609.0,109.2,109.08333333333333,104.85625,-0.02440733921848448,0.05896042353286388,-0.08336776275134836
2025-07-30 10:05:00,108.5,108.5,108.5,108.5,15,1627.5,109.15,109.06666666666666,104.87083333333334,-0.06803646899237492,0.033561045027816115,-0.10159751402019104
2025-07-30 10:06:00,108.0,108.0,108.0,108.0,2000,216000.0,109.1,109.04166666666667,104.88541666666667,-0.14132953113440294,-0.0014170702046277057,-0.13991246092977525
2025-07-30 10:08:00,108.5,108.5,108.5,108.5,1,108.5,109.075,109.03333333333333,104.90208333333334,-0.1572562375860258,-0.032584903680907336,-0.12467133390511848
2025-07-30 10:09:00,108.0,108.0,108.0,108.0,280,30240.0,109.0,109.00833333333334,104.9125,-0.20782837241181085,-0.06763359742708806,-0.14019477498472277
2025-07-30 10:10:00,108.0,108.0,108.0,108.0,2000,216000.0,108.925,108.98333333333333,104.925,-0.245082000866077,-0.10312327811488588,-0.14195872275119115
2025-07-30 10:15:00,108.0,108.0,108.0,108.0,68,7344.0,108.85,108.95,104.93333333333334,-0.2714763593317713,-0.13679389435826297,-0.1346824649735083
2025-07-30 10:20:00,107.5,108.0,107.5,108.0,1300,139900.0,108.8,108.91666666666667,104.94166666666666,-0.2890619523253264,-0.16724750595167567,-0.12181444637365071
2025-07-30 10:23:00,107.5,107.5,107.5,107.5,1000,107500.0,108.725,108.875,104.94791666666667,-0.3394317251570129,-0.20168434979274313,-0.1377473753642698
2025-07-30 11:06:00,107.5,107.5,107.5,107.5,1000,107500.0,108.625,108.84166666666667,104.94791666666667,-0.3750270545817642,-0.23635289075054738,-0.13867416383121683
2025-07-30 11:07:00,108.0,108.0,108.0,108.0,1,108.0,108.55,108.81666666666666,104.95,-0.358755280717034,-0.2608333687438448,-0.09792191197318922
2025-07-30 11:09:00,108.0,108.0,108.0,108.0,50,5400.0,108.475,108.8,104.95208333333333,-0.3419183606723806,-0.27705036712955194,-0.06486799354282863
2025-07-30 11:11:00,108.0,108.0,108.0,108.0,100,10800.0,108.4,108.78333333333333,104.96041666666666,-0.3248305360143604,-0.2866064009065136,-0.03822413510784678
2025-07-30 11:17:00,108.0,108.0,108.0,108.0,2000,216000.0,108.35,108.76666666666667,104.96875,-0.30774086671232226,-0.2908332940676754,-0.016907572644646873
2025-07-30 11:23:00,108.0,108.0,108.0,108.0,1,108.0,108.3,108.75,104.97708333333334,-0.29084450624250735,-0.29083553650264177,-8.969739865583026e-06
2025-07-30 11:35:00,108.0,108.0,108.0,108.0,1,108.0,108.25,108.74166666666666,104.98333333333333,-0.2742921496779047,-0.2875268591376944,0.013234709459789662
2025-07-30 11:38:00,108.0,108.0,108.0,108.0,50,5400.0,108.175,108.73333333333333,104.99375,-0.25819794268652174,-0.28166107584745986,0.02346313316093812
2025-07-30 12:11:00,108.0,108.0,108.0,108.0,1,108.0,108.125,108.73333333333333,105.00208333333333,-0.2426460945572444,-0.27385807958941677,0.031211985032172374
2025-07-30 12:14:00,108.0,108.0,108.0,108.0,1,108.0,108.075,108.73333333333333,105.01041666666667,-0.22769640050090345,-0.2646257437717141,0.036929343270810655
2025-07-30 12:24:00,108.0,108.0,108.0,108.0,1,108.0,108.05,108.73333333333333,105.01666666666667,-0.2133888464624505,-0.2543783643098614,0.040989517847410895
2025-07-30 12:29:00,108.0,108.0,108.0,108.0,1,108.0,108.0,108.73333333333333,105.025,-0.19974744262647448,-0.243452179973184,0.043704737346709516
2025-07-30 12:57:00,107.0,107.0,107.0,107.0,1000,107000.0,107.925,108.71666666666667,105.025,-0.2665554887079651,-0.24807284172014024,-0.01848264698782484
2025-07-30 12:58:00,107.0,107.5,107.0,107.5,2100,224750.0,107.9,108.70833333333333,105.03125,-0.27597426568111416,-0.25365312651233507,-0.02232113916877909
2025-07-30 12:59:00,108.0,108.0,108.0,108.0,1,108.0,107.875,108.69166666666666,105.03541666666666,-0.24032260358679025,-0.2509870219272261,0.010664418340435855
2025-07-30 13:25:00,108.0,108.0,108.0,108.0,40,4320.0,107.875,108.68333333333334,105.03958333333334,-0.20965167056603207,-0.2427199516549873,0.03306828108895524
2025-07-30 13:27:00,108.0,108.0,108.0,108.0,1,108.0,107.875,108.675,105.04791666666667,-0.1832325444606937,-0.2308224702161286,0.047589925755434886
2025-07-30 13:31:00,108.0,108.0,108.0,108.0,1,108.0,107.875,108.65833333333333,105.05625,-0.1604456787717794,-0.21674711192725876,0.05630143315547936
2025-07-30 13:50:00,107.5,107.5,107.5,107.5,1,107.5,107.85,108.63333333333334,105.06041666666667,-0.18065032042549944,-0.20952775362690693,0.028877433201407482
2025-07-30 13:55:00,106.5,106.5,106.5,106.5,1,106.5,107.8,108.59166666666667,105.06041666666667,-0.27419355453683636,-0.22246091380889282,-0.051732640727943535
2025-07-30 13:58:00,107.5,107.5,107.5,107.5,1,107.5,107.8,108.56666666666666,105.0625,-0.26458562052677337,-0.23088585515246898,-0.033699765374304386
2025-07-30 14:30:00,107.5,107.5,107.5,107.5,9,967.5,107.775,108.54166666666667,105.075,-0.25404281615392676,-0.23551724735276056,-0.01852556880116621
2025-07-30 14:54:00,107.5,107.5,107.5,107.5,20,2150.0,107.75,108.51666666666667,105.0875,-0.24288770940988513,-0.2369913397641855,-0.005896369645699645
2025-07-31 09:01:00,106.5,106.5,106.5,106.5,1000,106500.0,107.675,108.475,105.09791666666666,-0.31115208208154854,-0.2518234882276581,-0.05932859385389044
2025-07-31 09:04:00,105.5,105.5,105.0,105.0,4000,421000.0,107.525,108.40833333333333,105.1,-0.4807477919287777,-0.297608348967882,-0.18313944296089568
2025-07-31 09:09:00,104.5,104.5,104.5,104.5,2000,209000.0,107.35,108.325,105.1,-0.6480293561460968,-0.367692550403525,-0.2803368057425718
2025-07-31 09:13:00,104.0,104.0,104.0,104.0,8,832.0,107.15,108.23333333333333,105.09791666666666,-0.8115915006907528,-0.4564723404609706,-0.3551191602297822
2025-07-31 09:20:00,105.0,105.0,104.0,104.0,213,22352.0,106.95,108.14166666666667,105.09375,-0.9304895740440742,-0.5512757871775914,-0.37921378686648277
2025-07-31 09:29:00,104.0,104.0,104.0,104.0,4000,416000.0,106.75,108.05833333333334,105.09166666666667,-1.0130394654286619,-0.6436285228278056,-0.3694109426008563
2025-07-31 09:34:00,104.5,104.5,104.5,104.5,450,47025.0,106.575,107.975,105.09166666666667,-1.026284657078378,-0.7201597496779202,-0.3061249074004577
2025-07-31 09:35:00,104.5,104.5,104.5,104.5,300,31350.0,106.4,107.89166666666667,105.09166666666667,-1.0249663923357986,-0.781121078209496,-0.24384531412630261
2025-07-31 09:48:00,103.5,103.5,103.5,103.5,1000,103500.0,106.175,107.79166666666667,105.08958333333334,-1.092025114918286,-0.8433018855512541,-0.24872322936703195
2025-07-31 09:52:00,103.5,104.0,103.5,104.0,1500,155500.0,106.025,107.7,105.08958333333334,-1.0922332295920825,-0.8930881543594198,-0.19914507523266267
2025-07-31 09:53:00,103.5,103.5,102.5,102.5,6200,638700.0,105.775,107.59166666666667,105.08333333333333,-1.199607299725784,-0.9543919834326928,-0.24521531629309123
2025-07-31 09:54:00,103.5,103.5,103.5,103.5,300,31050.0,105.55,107.5,105.08541666666666,-1.190289465218271,-1.0015714797898085,-0.1887179854284624
2025-07-31 10:13:00,103.5,103.5,103.5,103.5,1000,103500.0,105.325,107.4,105.08958333333334,-1.169424615217011,-1.035142106875249,-0.1342825083417618
2025-07-31 10:14:00,103.5,103.5,103.5,103.5,1000,103500.0,105.1,107.3,105.09583333333333,-1.139750734273406,-1.0560638323548805,-0.08368690191852535
2025-07-31 10:44:00,103.5,103.5,103.5,103.5,50,5175.0,104.875,107.2,105.10208333333334,-1.1035133547959504,-1.0655537368430945,-0.03795961795285585
2025-07-31 11:24:00,104.0,104.0,104.0,104.0,150,15600.0,104.7,107.11666666666666,105.11458333333333,-1.0226605548657943,-1.0569751004476344,0.034314545581840106
2025-07-31 11:30:00,104.0,104.0,104.0,104.0,1000,104000.0,104.575,107.03333333333333,105.12916666666666,-0.9476600927567915,-1.0351120989094658,0.08745200615267423
2025-07-31 11:37:00,104.0,104.0,104.0,104.0,1000,104000.0,104.4,106.94166666666666,105.14166666666667,-0.8780995017283004,-1.0037095794732327,0.12561007774493227
2025-07-31 12:08:00,105.0,105.0,105.0,105.0,2,210.0,104.275,106.86666666666666,105.15625,-0.7338215514726159,-0.9497319738731093,0.2159104224004934
2025-08-14 09:10:00,108.0,108.0,108.0,108.0,4,432.0,104.3,106.84166666666667,105.18333333333334,-0.3731043932782967,-0.8344064577541468,0.4613020644758501
2025-08-14 09:18:00,108.0,108.0,108.0,108.0,5,540.0,104.375,106.81666666666666,105.20833333333333,-0.08623933323114841,-0.684773032849547,0.5985336996183986
2025-08-14 09:25:00,108.0,108.0,108.0,108.0,200,21600.0,104.525,106.8,105.23125,0.1394952788654109,-0.5199193705065555,0.6594146493719664
2025-08-14 10:32:00,108.5,108.5,108.5,108.5,1,108.5,104.725,106.79166666666667,105.25625,0.35464923103377544,-0.3450056501984893,0.6996548812322647
2025-08-14 10:39:00,108.0,108.0,108.0,108.0,1000,108000.0,104.925,106.775,105.28125,0.4792895157123098,-0.18014661701632945,0.6594361327286393
2025-08-14 11:28:00,108.5,108.5,108.5,108.5,1000,108500.0,105.15,106.75833333333334,105.30833333333334,0.6113662115064642,-0.02184405131177068,0.6332102628182349
2025-08-14 11:50:00,108.5,108.5,108.0,108.0,3000,324500.0,105.35,106.74166666666666,105.33541666666666,0.6679919280231843,0.11612314455522037,0.551868783467964
2025-08-14 12:27:00,107.5,107.5,107.5,107.5,1,107.5,105.5,106.71666666666667,105.36041666666667,0.6648583221257525,0.22587018006932683,0.43898814205642567
2025-08-14 12:41:00,107.5,107.5,107.5,107.5,500,53750.0,105.65,106.7,105.3875,0.6548264847744747,0.3116614410103564,0.34316504376411827
2025-08-14 12:53:00,108.5,108.5,108.5,108.5,1000,108500.0,105.9,106.69166666666666,105.41875,0.7192764528351745,0.3931844433753201,0.3260920094598544
2025-08-14 12:59:00,108.5,108.5,108.5,108.5,100,10850.0,106.125,106.69166666666666,105.44791666666667,0.7615745594031154,0.4668624665808792,0.29471209282223615
2025-08-14 13:09:00,108.5,108.5,108.5,108.5,100,10850.0,106.425,106.7,105.47708333333334,0.7860351892281017,0.5306970111103237,0.2553381781177779
2025-08-14 13:47:00,108.0,108.0,108.0,108.0,2,216.0,106.65,106.69166666666666,105.50416666666666,0.7563557944844064,0.5758287677851402,0.18052702669926612
2025-08-14 14:15:00,108.5,108.5,108.5,108.5,1000,108500.0,106.9,106.7,105.53541666666666,0.7643693080671596,0.6135368758415441,0.1508324322256155
2025-08-14 14:58:00,109.0,109.0,109.0,109.0,1,109.0,107.175,106.71666666666667,105.56666666666666,0.8018229804403632,0.651194096761308,0.15062888367905514
2025-08-04 09:05:00,103.0,103.0,103.0,103.0,1100,113300.0,107.15,106.63333333333334,105.57291666666667,0.34339696329182345,0.5896346700674111,-0.24623770677558765
2025-08-04 09:09:00,103.0,103.0,103.0,103.0,1000,103000.0,107.1,106.55,105.57916666666667,-0.019682075366347362,0.4677713209806594,-0.48745339634700674
2025-08-04 09:12:00,103.0,103.0,103.0,103.0,1000,103000.0,107.05,106.475,105.58541666666666,-0.3039214124875258,0.3134327742870223,-0.6173541867745481
2025-08-04 10:00:00,103.0,103.0,103.0,103.0,1000,103000.0,107.0,106.4,105.58958333333334,-0.523152557952983,0.14611570783902122,-0.6692682657920042
2025-08-04 11:21:00,103.0,103.0,103.0,103.0,1000,103000.0,106.9,106.31666666666666,105.59375,-0.6889529988965393,-0.02089803350809092,-0.6680549653884483
2025-08-04 11:55:00,103.5,103.5,103.5,103.5,1,103.5,106.675,106.24166666666666,105.6,-0.7711162731526287,-0.17094168143699853,-0.6001745917156301
2025-08-04 12:01:00,103.5,103.5,103.5,103.5,5,517.5,106.45,106.16666666666667,105.60625,-0.8267015589868691,-0.3020936569469727,-0.5246079020398964
2025-08-04 12:39:00,103.5,103.5,103.5,103.5,1000,103500.0,106.225,106.09166666666667,105.61041666666667,-0.860830183968261,-0.41384096235123047,-0.4469892216170306
2025-08-04 14:24:00,103.5,103.5,103.5,103.5,3000,310500.0,105.975,106.01666666666667,105.61458333333333,-0.8777591045779758,-0.5066245907965796,-0.37113451378139617
2025-08-29 09:31:00,117.5,117.5,117.5,117.5,1000,117500.0,106.45,106.175,105.67708333333333,0.23578956565177123,-0.35814175950690946,0.5939313251586806
2025-08-29 09:59:00,118.0,118.0,118.0,118.0,1000,118000.0,106.925,106.34166666666667,105.74375,1.1454269618072601,-0.05742801524407547,1.2028549770513355
2025-08-29 10:22:00,118.0,118.0,118.0,118.0,35,4130.0,107.425,106.50833333333334,105.8125,1.8450525347289926,0.32306809475053827,1.5219844399784543
2025-08-29 10:25:00,117.5,117.5,117.5,117.5,4030,473525.0,107.925,106.66666666666667,105.87916666666666,2.3322799490154864,0.7249104656035281,1.6073694834119583
2025-08-29 10:42:00,116.0,116.0,116.0,116.0,1000,116000.0,108.35,106.8,105.9375,2.5677740206186996,1.0934831766065627,1.474290844012137
2025-08-29 10:59:00,116.0,116.0,116.0,116.0,1000,116000.0,108.725,106.93333333333334,105.99583333333334,2.7230155408705627,1.4193896494593627,1.3036258914112
2025-08-29 11:01:00,116.0,116.0,116.0,116.0,30,3480.0,109.1,107.08333333333333,106.05416666666666,2.8136119964425745,1.6982341188560053,1.1153778775865693
2025-08-29 11:02:00,116.0,116.0,116.0,116.0,1000,116000.0,109.475,107.225,106.1125,2.8525281710765853,1.9290929293001216,0.9234352417764637
2025-08-29 11:22:00,114.5,115.0,114.0,114.0,9100,1042450.0,109.775,107.325,106.1625,2.6909664483986546,2.0814676331198285,0.6094988152788261
2025-08-29 11:44:00,114.5,114.5,114.5,114.5,1000,114500.0,110.075,107.43333333333334,106.21041666666666,2.573606506717681,2.1798954078393993,0.3937110988782817
2025-08-29 11:54:00,114.5,114.5,114.5,114.5,2000,229000.0,110.35,107.54166666666667,106.25625,2.452328985381101,2.2343821233477397,0.2179468620333611
2025-08-29 12:11:00,112.5,112.5,112.5,112.5,900,101250.0,110.825,107.61666666666666,106.29375,2.1698200557255944,2.2214697098233107,-0.05164965409771627
2025-08-29 12:16:00,112.5,113.0,112.5,113.0,3000,338500.0,111.325,107.70833333333333,106.33333333333333,1.9636398965285196,2.1699037471643527,-0.2062638506358332
2025-08-29 12:18:00,112.5,113.0,112.5,113.0,2000,225500.0,111.825,107.81666666666666,106.375,1.7797250721259417,2.0918680121566706,-0.31214294003072895
2025-08-29 12:22:00,112.5,112.5,112.5,112.5,1000,112500.0,112.3,107.9,106.41458333333334,1.5754644538945684,1.9885873005042503,-0.4131228466096819
2025-08-29 12:46:00,112.5,112.5,112.5,112.5,1000,112500.0,112.775,107.98333333333333,106.45833333333333,1.397477195121894,1.8703652794277794,-0.47288808430588536
2025-08-29 12:48:00,113.0,113.0,113.0,113.0,1000,113000.0,113.25,108.075,106.50416666666666,1.2819888619510351,1.7526899959324307,-0.47070113398139557
2025-08-29 13:01:00,113.0,113.0,112.5,112.5,2500,281500.0,113.7,108.175,106.54583333333333,1.1370109500713,1.6295541867602046,-0.49254323668890465
2025-08-29 13:58:00,115.0,115.0,115.0,115.0,12,1380.0,114.275,108.34166666666667,106.6,1.2098970766604396,1.5456227647402518,-0.3357256880798123
2025-08-29 14:01:00,114.5,114.5,114.5,114.5,130,14885.0,114.825,108.50833333333334,106.65,1.2133275510346948,1.4791637219991407,-0.2658361709644459
2025-08-29 14:12:00,114.5,114.5,114.5,114.5,25,2862.5,114.675,108.68333333333334,106.7,1.2021881500340896,1.4237686076061307,-0.22158045757204103
2025-08-29 14:28:00,115.0,115.0,115.0,115.0,20,2300.0,114.525,108.86666666666666,106.75208333333333,1.2196465891357775,1.38294420391206,-0.16329761477628257
2025-08-29 14:39:00,115.0,115.0,115.0,115.0,20,2300.0,114.375,109.05,106.80416666666666,1.2194257469603542,1.350240512521719,-0.13081476556136473
2025-08-29 14:59:00,115.0,115.0,115.0,115.0,15,1725.0,114.25,109.225,106.85625,1.2053561327549858,1.3212636365683725,-0.11590750381338677
2025-08-11 09:02:00,105.5,105.5,105.5,105.5,700,73850.0,113.725,109.24166666666666,106.87083333333334,0.42276192068234764,1.1415632933911677,-0.71880137270882
2025-08-11 09:31:00,105.5,105.5,105.5,105.5,1000,105500.0,113.2,109.275,106.88333333333334,-0.19519949243077406,0.8742107362267793,-1.0694102286575533
2025-08-11 09:49:00,106.0,106.0,106.0,106.0,1000,106000.0,112.7,109.30833333333334,106.89791666666666,-0.6372467592011049,0.5719192371412024,-1.2091659963423074
2025-08-11 09:53:00,106.0,106.0,106.0,106.0,1000,106000.0,112.2,109.36666666666666,106.91458333333334,-0.976318016537391,0.26227178640548365,-1.2385898029428746
2025-08-11 10:05:00,105.5,105.5,105.5,105.5,1,105.5,111.775,109.4,106.92916666666666,-1.2707320441764978,-0.044328979710912715,-1.226403064465585
2025-08-11 10:14:00,106.5,106.5,106.5,106.5,2,213.0,111.375,109.45,106.94791666666667,-1.407144948518507,-0.3168921734724317,-1.0902527750460753
2025-08-11 10:22:00,106.0,106.0,106.0,106.0,200,21200.0,110.95,109.49166666666666,106.96458333333334,-1.5378713556409451,-0.5610880099061345,-0.9767833457348106
2025-08-11 10:49:00,106.0,106.0,106.0,106.0,300,31800.0,110.625,109.53333333333333,106.98125,-1.6227667303877098,-0.7734237540024497,-0.8493429763852601
2025-08-11 10:59:00,106.5,106.5,106.5,106.5,1,106.5,110.3,109.575,107.0,-1.6309010925922962,-0.9449192217204191,-0.6859818708718771
2025-08-11 11:18:00,106.5,106.5,106.5,106.5,1001,106606.5,109.975,109.61666666666666,107.01666666666667,-1.618688400956657,-1.0796730575676667,-0.5390153433889902
2025-08-11 11:19:00,107.0,107.0,107.0,107.0,2,214.0,109.7,109.66666666666667,107.0375,-1.550787421459134,-1.1738959303459602,-0.37689149111317377
2025-08-11 11:26:00,107.0,107.0,106.5,106.5,1500,160250.0,109.4,109.69166666666666,107.05833333333334,-1.519801897106845,-1.2430771236981373,-0.2767247734087077
2025-08-11 11:55:00,106.5,107.5,106.5,107.0,5100,547650.0,109.1,109.675,107.07916666666667,-1.4383197695133845,-1.2821256528611868,-0.15619411665219762
2025-08-11 11:57:00,108.0,108.0,108.0,108.0,2000,216000.0,108.875,109.675,107.10416666666667,-1.2783173075012684,-1.2813639837892032,0.0030466762879348686
2025-08-11 12:08:00,108.5,108.5,108.5,108.5,2,217.0,108.55,109.68333333333334,107.13125,-1.0985054947282293,-1.2447922859770086,0.1462867912487793
2025-08-11 12:09:00,108.5,108.5,108.5,108.5,5,542.5,108.25,109.68333333333334,107.16041666666666,-0.9451087127011562,-1.1848555713218383,0.23974685862068212
2025-08-11 12:12:00,107.5,107.5,107.5,107.5,1000,107500.0,107.9,109.675,107.18541666666667,-0.8939276588314868,-1.1266699888237681,0.23274232999228128
2025-08-11 12:23:00,107.0,107.0,107.0,107.0,5,535.0,107.5,109.65,107.20625,-0.8835273726506188,-1.0780414655891384,0.19451409293851962
2025-08-11 12:27:00,107.0,107.0,107.0,107.0,50,5350.0,107.1,109.63333333333334,107.225,-0.8653103122792771,-1.0354952349271662,0.1701849226478891
2025-08-11 12:45:00,108.5,108.5,108.0,108.0,2000,216500.0,106.75,109.64166666666667,107.24791666666667,-0.7614045206803297,-0.980677092077799,0.21927257139746925
2025-08-11 12:46:00,109.0,109.0,109.0,109.0,2000,218000.0,106.925,109.66666666666667,107.27291666666666,-0.5915477948329482,-0.9028512326288289,0.31130343779588077
2025-08-11 12:53:00,108.5,109.0,108.5,109.0,1300,141550.0,107.1,109.675,107.3,-0.4517278780598417,-0.8126265617150316,0.36089868365518984
2025-08-11 13:00:00,109.5,109.5,109.5,109.5,1,109.5,107.275,109.69166666666666,107.32708333333333,-0.297148423288192,-0.7095309340296637,0.4123825107414717
2025-08-11 13:20:00,109.5,109.5,109.0,109.0,4000,437500.0,107.425,109.7,107.35208333333334,-0.21253889691965355,-0.6101325266076617,0.39759362968800815
2025-08-11 14:09:00,110.0,110.0,110.0,110.0,1,110.0,107.65,109.73333333333333,107.37916666666666,-0.0640552064950981,-0.500917062585149,0.4368618560900509
2025-08-18 09:11:00,109.5,109.5,109.5,109.5,1000,109500.0,107.8,109.75,107.40833333333333,0.01312210317081508,-0.3981092294339562,0.4112313326047713
2025-08-18 09:14:00,109.5,109.5,109.5,109.5,1000,109500.0,107.975,109.75833333333334,107.4375,0.07343911669062209,-0.3037995602090406,0.3772386768996627
2025-08-18 09:16:00,109.5,109.5,108.5,109.5,7000,763500.0,108.15,109.86666666666666,107.46666666666667,0.1198591231042343,-0.2190678235463856,0.3389269466506199
2025-08-18 09:20:00,109.0,109.0,109.0,109.0,4000,436000.0,108.275,109.96666666666667,107.49583333333334,0.11497611817922859,-0.15225903520126274,0.2672351533804913
2025-08-18 09:26:00,108.0,108.0,108.0,108.0,500,54000.0,108.35,110.05,107.51875,0.0300680531447739,-0.11579361753205542,0.1458616706768293
2025-08-18 09:30:00,108.5,108.5,108.5,108.5,7000,759500.0,108.425,110.14166666666667,107.54583333333333,0.0030880243782576144,-0.09201728914999281,0.09510531352825043
2025-08-18 09:48:00,108.5,108.5,108.5,108.5,1000,108500.0,108.525,110.23333333333333,107.57083333333334,-0.01808536595881094,-0.07723090451175645,0.059145538552945506
2025-08-18 09:53:00,109.5,110.0,109.5,109.5,10000,1097000.0,108.65,110.33333333333333,107.60208333333334,0.04530397626666627,-0.0527239283560719,0.09802790462273817
2025-08-18 09:54:00,110.0,110.0,110.0,110.0,3000,330000.0,108.75,110.44166666666666,107.6375,0.134337746087013,-0.015311593467454912,0.1496493395544679
2025-08-18 09:59:00,110.0,110.0,110.0,110.0,3000,330000.0,108.825,110.55,107.67291666666667,0.2025626341674922,0.028263252059534526,0.17429938210795767
2025-08-18 10:25:00,109.5,109.5,109.5,109.5,1000,109500.0,108.875,110.65,107.70208333333333,0.21382073583548333,0.0653747488147243,0.14844598702075903
2025-08-18 10:33:00,109.5,109.5,109.5,109.5,2040,223380.0,108.975,110.51666666666667,107.73125,0.22020448231798184,0.09634069551537582,0.12386378680260603
2025-08-18 10:44:00,109.5,109.5,109.5,109.5,3000,328500.0,109.1,110.375,107.76041666666667,0.22269654030490926,0.12161186447328251,0.10108467583162675
2025-08-18 10:49:00,109.0,109.0,109.0,109.0,5,545.0,109.2,110.225,107.7875,0.18222511519148554,0.13373451461692315,0.04849060057456239
2025-08-18 11:20:00,109.0,109.0,109.0,109.0,1000,109000.0,109.25,110.08333333333333,107.81458333333333,0.14844009420299642,0.1366756305341378,0.01176446366885861
2025-08-18 11:22:00,109.0,109.0,109.0,109.0,1000,109000.0,109.25,109.96666666666667,107.84583333333333,0.12027872340912893,0.13339624910913603,-0.013117525700007099
2025-08-18 11:34:00,109.0,109.0,109.0,109.0,1000,109000.0,109.25,109.85,107.875,0.0968442736599826,0.12608585401930533,-0.029241580359322727
2025-08-18 12:01:00,109.0,109.5,109.0,109.5,4000,437500.0,109.25,109.74166666666666,107.90833333333333,0.11726635122222717,0.1243219534598897,-0.007055602237662523
2025-08-18 12:27:00,110.0,110.0,110.0,110.0,50,5500.0,109.3,109.64166666666667,107.94166666666666,0.17181622565163934,0.13382080789823966,0.03799541775339968
2025-08-18 12:33:00,109.5,109.5,109.5,109.5,1000,109500.0,109.275,109.56666666666666,107.97083333333333,0.1727106717071507,0.14159878066002188,0.03111189104712883
2025-08-18 13:14:00,109.5,109.5,109.5,109.5,1000,109500.0,109.275,109.48333333333333,108.00208333333333,0.1714432357482849,0.14756767167767448,0.023875564070610422
2025-08-18 13:31:00,109.5,109.5,109.5,109.5,50,5475.0,109.275,109.4,108.03125,0.16849646129904272,0.15175342960194815,0.016743031697094568
2025-08-18 13:35:00,109.0,109.0,109.0,109.0,1,109.0,109.25,109.34166666666667,108.05833333333334,0.12438150739950515,0.14627904516145956,-0.02189753776195441
2025-08-18 13:37:00,109.0,109.0,109.0,109.0,100,10900.0,109.25,109.275,108.08125,0.08840105625429828,0.13470344738002732,-0.04630239112572904
2025-08-18 14:57:00,110.0,110.0,110.0,110.0,2000,220000.0,109.35,109.225,108.10833333333333,0.13897590443107788,0.13555793879023745,0.0034179656408404313
2025-08-27 09:11:00,118.5,118.5,118.5,118.5,2000,237000.0,109.85,109.325,108.16875,0.8550789803025509,0.27946214709270023,0.5756168332098507
2025-08-27 09:12:00,119.0,119.0,119.0,119.0,1000,119000.0,110.375,109.43333333333334,108.23333333333333,1.44626994880241,0.5128237074346422,0.9334462413677678
2025-08-27 09:25:00,118.5,118.5,118.5,118.5,500,59250.0,110.825,109.525,108.29583333333333,1.8530860073273345,0.7808761674131808,1.0722098399141538
2025-08-27 09:57:00,118.5,118.5,118.5,118.5,150,17775.0,111.25,109.625,108.35833333333333,2.15069874825339,1.0548406835812227,1.0958580646721674
2025-08-27 10:40:00,119.5,119.5,119.5,119.5,2,239.0,111.725,109.7,108.42291666666667,2.439133815950399,1.331699310055058,1.1074345058953408
2025-08-27 11:18:00,118.5,118.5,118.5,118.5,1000,118500.0,112.175,109.76666666666667,108.48333333333333,2.5575472300611466,1.576868894056276,0.9806783360048705
2025-08-27 11:56:00,118.0,118.0,118.0,118.0,5,590.0,112.6,109.825,108.54375,2.5812893951899554,1.777752994283012,0.8035364009069434
2025-08-27 12:38:00,119.0,119.0,119.0,119.0,50,5950.0,113.075,109.89166666666667,108.60833333333333,2.65024648302375,1.95225169203116,0.6979947909925901
2025-08-27 12:40:00,118.0,118.0,118.0,118.0,900,106200.0,113.525,109.94166666666666,108.66875,2.594298372545694,2.080661028134067,0.5136373444116269
2025-08-27 12:44:00,118.0,118.5,118.0,118.5,1060,125110.0,114.0,110.0,108.72916666666667,2.560785768922756,2.176685976291805,0.3840997926309506
2025-08-27 12:59:00,118.5,118.5,118.5,118.5,50,5925.0,114.475,110.21666666666667,108.78958333333334,2.5053467117375874,2.2424181233809617,0.2629285883566257
2025-08-27 13:23:00,118.5,118.5,118.5,118.5,1000,118500.0,114.95,110.43333333333334,108.85,2.4333605932963422,2.280606617364038,0.15275397593230444
2025-08-27 14:50:00,118.5,118.5,118.5,118.5,50,5925.0,115.4,110.64166666666667,108.91041666666666,2.349230607699411,2.2943314154311127,0.054899192268298425
2025-08-20 09:20:00,108.5,108.5,108.5,108.5,1000,108500.0,115.325,110.68333333333334,108.92916666666666,1.4588241448220316,2.1272299613092964,-0.6684058164872648
2025-08-20 09:28:00,108.5,108.5,108.5,108.5,2000,217000.0,115.275,110.73333333333333,108.94791666666667,0.7445874671281274,1.8507014624730627,-1.1061139953449353
2025-08-20 09:50:00,108.0,108.0,108.0,108.0,1000,108000.0,115.2,110.75833333333334,108.96458333333334,0.13662895933798325,1.5078869618460469,-1.3712580025080636
2025-08-20 09:52:00,108.0,108.0,108.0,108.0,1000,108000.0,115.125,110.79166666666667,108.97916666666667,-0.34124883405129935,1.1380598026665776,-1.479308636717877
2025-08-20 10:06:00,107.5,107.5,107.5,107.5,1000,107500.0,115.05,110.81666666666666,108.99166666666666,-0.7516516769169641,0.7601175067498692,-1.5117691836668334
2025-08-20 10:40:00,108.0,108.0,108.0,108.0,5350,577800.0,115.0,110.84166666666667,109.00625,-1.0247404948098051,0.4031459064379343,-1.4278864012477395
2025-08-20 12:17:00,109.0,109.0,109.0,109.0,2,218.0,114.95,110.88333333333334,109.025,-1.147248936237986,0.09306693790275014,-1.2403158741407363
2025-08-20 12:18:00,109.0,109.0,109.0,109.0,2,218.0,114.475,110.91666666666667,109.04166666666667,-1.2301572714168998,-0.17157790396117992,-1.0585793674557198
2025-08-20 12:25:00,108.0,108.0,108.0,108.0,10,1080.0,113.925,110.94166666666666,109.05416666666666,-1.3608671377660215,-0.4094357507221484,-0.9514313870438731
2025-08-20 13:19:00,108.5,108.5,108.5,108.5,1000,108500.0,113.425,110.96666666666667,109.07083333333334,-1.4078806554154255,-0.6091247316608039,-0.7987559237546216
2025-08-20 13:37:00,108.5,108.5,108.5,108.5,1000,108500.0,112.925,110.975,109.08541666666666,-1.4286703839963906,-0.7730338621279214,-0.6556365218684692
2025-08-20 14:36:00,108.5,108.5,108.5,108.5,300,32550.0,112.375,110.975,109.1,-1.4286774889074536,-0.9041625874838279,-0.5245149014236257
2025-08-20 14:55:00,108.5,108.5,108.5,108.5,3000,325500.0,111.875,110.975,109.11041666666667,-1.412401830488406,-1.0058104360847437,-0.4065913944036623
2025-08-08 09:43:00,105.5,105.5,105.5,105.5,1000,105500.0,111.25,110.94166666666666,109.10625,-1.622870738217216,-1.1292224965112383,-0.49364824170597776
2025-08-08 10:36:00,106.0,106.0,106.0,106.0,500,53000.0,110.6,110.925,109.09791666666666,-1.7293877372843127,-1.2492555446658533,-0.4801321926184594
2025-08-08 10:39:00,106.0,106.0,106.0,106.0,1000,106000.0,110.0,110.90833333333333,109.09166666666667,-1.7931331042196632,-1.3580310565766154,-0.43510204764304783
2025-08-08 11:27:00,106.0,106.0,106.0,106.0,1,106.0,109.375,110.875,109.08125,-1.8226414902320442,-1.4509531433077014,-0.3716883469243428
2025-08-08 11:56:00,105.5,105.5,105.5,105.5,450,47475.0,108.725,110.81666666666666,109.06666666666666,-1.8648757927747113,-1.5337376732011037,-0.3311381195736076
2025-08-08 12:26:00,106.0,106.0,106.0,106.0,100,10600.0,108.1,110.76666666666667,109.05416666666666,-1.836827160376231,-1.5943555706361294,-0.24247158974010152
2025-08-08 12:36:00,106.0,106.0,106.0,106.0,1000,106000.0,107.475,110.70833333333333,109.03958333333334,-1.7939192328802704,-1.6342683030849576,-0.1596509297953128
2025-08-08 12:45:00,105.5,105.5,105.5,105.5,1000,105500.0,107.325,110.65,109.02291666666666,-1.7797444266326607,-1.6633635277944985,-0.11638089883816227
2025-08-08 14:27:00,105.5,105.5,105.5,105.5,5,527.5,107.175,110.575,109.00833333333334,-1.7483568214342853,-1.6803621865224558,-0.06799463491182944
2025-08-08 14:45:00,105.5,105.5,105.5,105.5,1000,105500.0,107.05,110.50833333333334,108.99166666666666,-1.7038410985987156,-1.685057968937708,-0.01878312966100748
2025-08-08 14:54:00,106.5,106.5,106.0,106.0,3000,318500.0,106.95,110.45,108.97708333333334,-1.6096610753104557,-1.6699785902122577,0.06031751490180204
2025-08-22 09:01:00,115.5,115.5,115.5,115.5,1,115.5,107.35,110.55,109.0,-0.7596948339842129,-1.4879218389666486,0.7282270049824358
2025-08-22 09:17:00,113.5,113.5,113.5,113.5,1000,113500.0,107.625,110.625,109.01458333333333,-0.2446535356917252,-1.2392681783116641,0.9946146426199389
2025-08-22 09:20:00,113.5,113.5,113.5,113.5,1000,113500.0,107.85,110.71666666666667,109.02916666666667,0.16165692349116512,-0.9590831579510982,1.1207400814422632
2025-08-22 09:30:00,113.0,113.0,113.0,113.0,1000,113000.0,108.05,110.79166666666667,109.04375,0.4382630448054812,-0.6796139173997823,1.1178769622052633
2025-08-22 09:31:00,114.0,114.0,114.0,114.0,5,570.0,108.35,110.88333333333334,109.0625,0.729754871535448,-0.3977401596127362,1.1274950311481842
2025-08-22 09:32:00,113.0,113.5,113.0,113.5,2500,283500.0,108.6,110.95,109.08125,0.9099293241411601,-0.13620626286195686,1.046135587003117
2025-08-22 09:38:00,113.0,113.0,113.0,113.0,1000,113000.0,108.825,111.0,109.09791666666666,1.0008360397252005,0.09120219765547469,0.9096338420697259
2025-08-22 10:33:00,113.5,113.5,113.5,113.5,5565,631627.5,109.075,111.05833333333334,109.11666666666666,1.100539750912418,0.2930697083068634,0.8074700426055545
2025-08-22 10:40:00,113.5,113.5,113.5,113.5,1000,113500.0,109.325,111.125,109.13541666666667,1.1661134306070977,0.46767845276691034,0.6984349778401874
2025-08-22 10:53:00,113.0,113.0,113.0,113.0,1000,113000.0,109.7,111.18333333333334,109.15416666666667,1.1643137388509928,0.6070055099837269,0.5573082288672658
2025-08-22 10:54:00,113.0,113.5,113.0,113.5,3000,340000.0,110.075,111.25,109.175,1.1895212311919323,0.7235086542253681,0.4660125769665642
2025-08-22 11:47:00,114.0,115.5,114.0,114.5,11090,1266805.0,110.5,111.34166666666667,109.20208333333333,1.2754869732688405,0.8339043180340627,0.4415826552347778
2025-08-22 11:48:00,114.0,114.0,114.0,114.0,500,57000.0,110.9,111.425,109.22708333333334,1.2884175464257481,0.9248069637123999,0.36361058271334823
2025-08-22 11:54:00,114.0,114.0,114.0,114.0,300,34200.0,111.325,111.50833333333334,109.25208333333333,1.2838655163187553,0.9966186742336711,0.2872468420850842
2025-08-22 12:03:00,114.0,114.0,114.0,114.0,1000,114000.0,111.725,111.59166666666667,109.27708333333334,1.2656681649093429,1.0504285723688056,0.21523959254053726
2025-08-22 12:20:00,115.5,115.5,115.5,115.5,2,231.0,112.2,111.69166666666666,109.30833333333334,1.356645531583922,1.111671964211829,0.2449735673720932
2025-08-22 12:22:00,115.0,115.0,115.0,115.0,2000,230000.0,112.675,111.775,109.3375,1.372577707393532,1.1638531128481695,0.2087245945453624
2025-08-22 12:23:00,115.5,115.5,115.5,115.5,50,5775.0,113.175,111.875,109.36458333333333,1.4093043100091052,1.2129433522803568,0.1963609577287484
2025-08-22 12:24:00,115.0,115.0,115.0,115.0,1550,178250.0,113.65,111.96666666666667,109.39166666666667,1.3821322259044138,1.2467811270051683,0.13535109889924546
2025-08-22 12:31:00,115.5,115.5,115.5,115.5,500,57750.0,114.125,112.06666666666666,109.42083333333333,1.3849788013106519,1.274420661866265,0.11055813944438686
2025-08-22 12:34:00,115.0,115.0,115.0,115.0,500,57500.0,114.1,112.16666666666667,109.44583333333334,1.3315397501182673,1.2858444795166655,0.045695270601601834
2025-08-22 12:45:00,115.0,115.0,115.0,115.0,1000,115000.0,114.175,112.26666666666667,109.47083333333333,1.2744973054505238,1.2835750447034373,-0.009077739252913553
2025-08-22 12:52:00,115.5,115.5,115.5,115.5,400,46200.0,114.275,112.35833333333333,109.49791666666667,1.2551677854920058,1.277893592861151,-0.0227258073691452
2025-08-22 12:53:00,115.0,116.5,115.0,116.5,4385,506282.5,114.45,112.325,109.52916666666667,1.3054917480830284,1.2834132239055265,0.02207852417750189
2025-08-22 12:54:00,116.5,116.5,116.5,116.5,1000,116500.0,114.575,112.28333333333333,109.56041666666667,1.33004195526307,1.2927389701770353,0.03730298508603469
2025-08-22 12:57:00,116.5,118.0,116.5,118.0,12805,1501540.0,114.8,112.275,109.59791666666666,1.4537773944467176,1.3249466550309719,0.12883073941574574
2025-08-22 12:58:00,121.0,121.0,121.0,121.0,10,1210.0,115.2,112.31666666666666,109.64791666666666,1.773470090166711,1.41465134205812,0.35881874810859116
2025-08-22 12:59:00,121.0,121.5,120.5,121.5,1102,133293.0,115.6,112.35,109.7,2.0436171299454315,1.5404444996355824,0.5031726303098492
2025-08-22 13:00:00,120.5,122.5,120.5,122.5,4130,499675.0,116.05,112.41666666666667,109.75416666666666,2.3117537892598676,1.6947063575604395,0.6170474316994281
2025-08-22 13:01:00,121.0,121.0,121.0,121.0,1000,121000.0,116.45,112.46666666666667,109.80208333333333,2.3758294763095336,1.8309309813102586,0.544898494999275
2025-08-22 13:02:00,121.0,124.0,121.0,124.0,1105,135363.0,116.975,112.55,109.8625,2.638272484951756,1.992399282038558,0.6458732029131977
2025-08-22 13:03:00,124.0,128.0,124.0,128.0,2904,360605.0,117.65,112.71666666666667,109.94166666666666,3.1329127625494806,2.220501978140743,0.9124107844087375
2025-08-22 13:04:00,128.0,128.0,128.0,128.0,300,38400.0,118.35,112.875,110.01875,3.484748732034305,2.4733513289194557,1.0113974031148492
2025-08-22 13:05:00,128.0,128.0,128.0,128.0,203,25984.0,119.05,113.03333333333333,110.09583333333333,3.7206914576188836,2.7228193546593418,0.9978721029595419
2025-08-22 13:06:00,128.0,128.0,128.0,128.0,402,51456.0,119.75,113.19166666666666,110.17291666666667,3.8631458271496086,2.9508846491573957,0.912261177992213
2025-08-22 13:07:00,128.0,128.0,128.0,128.0,200,25600.0,120.375,113.35,110.25,3.930730922056611,3.1468539037372394,0.7838770183193717
2025-08-22 13:08:00,129.0,129.0,128.5,128.5,7,902.0,121.05,113.68333333333334,110.33125,3.978773592743778,3.3132378415385473,0.6655357512052307
2025-08-22 13:09:00,128.5,128.5,128.5,128.5,30,3855.0,121.7,114.01666666666667,110.4125,3.9710717125956165,3.4448046157499617,0.5262670968456549
2025-08-22 13:10:00,128.5,128.5,128.5,128.5,3,385.5,122.375,114.35833333333333,110.49166666666666,3.919783097521176,3.539800312104205,0.3799827854169706
2025-08-22 13:11:00,128.5,128.5,128.5,128.5,1001,128628.5,123.025,114.7,110.57083333333334,3.8349298167931067,3.598826213041986,0.2361036037511206
2025-08-22 13:13:00,128.5,128.5,128.5,128.5,205,26342.5,123.7,115.05,110.65,3.7247464222990914,3.6240102548934074,0.10073616740568392
2025-08-22 13:15:00,128.5,128.5,128.5,128.5,2,257.0,124.375,115.39166666666667,110.73125,3.5959731482961246,3.618402833573951,-0.022429685277826295
2025-08-22 13:17:00,128.5,128.5,128.5,128.5,500,64250.0,125.025,115.71666666666667,110.8125,3.4541026555781684,3.585542797974795,-0.1314401423966265
2025-08-22 13:18:00,125.0,128.5,125.0,127.0,603,75384.0,125.55,116.01666666666667,110.88541666666667,3.1839294472597857,3.5052201278317936,-0.32129068057200794
2025-08-22 13:20:00,126.5,126.5,126.5,126.5,250,31625.0,126.05,116.325,110.95625,2.896085145047266,3.3833931312748886,-0.4873079862276226
2025-08-22 13:23:00,126.5,126.5,126.5,126.5,1000,126500.0,126.475,116.625,111.02708333333334,2.6375622855354948,3.23422696212701,-0.5966646765915153
2025-08-22 13:24:00,126.5,126.5,125.0,125.0,1004,125506.0,126.675,116.9,111.09166666666667,2.2853000761113407,3.0444415849238764,-0.7591415088125357
2025-08-22 13:25:00,126.5,126.5,126.5,126.5,1,126.5,126.925,117.2,111.16458333333334,2.1029259795412685,2.8561384638473553,-0.7532124843060868
2025-08-22 13:28:00,126.5,126.5,126.5,126.5,1100,139150.0,127.125,117.5,111.2375,1.9360753229175458,2.6721258356613937,-0.7360505127438479
2025-08-22 13:30:00,126.5,126.5,126.5,126.5,2,253.0,127.4,117.85,111.31041666666667,1.783288337552321,2.4943583360395793,-0.7110699984872584
2025-08-22 13:32:00,126.5,126.5,126.5,126.5,200,25300.0,127.525,118.19166666666666,111.38125,1.6432610602712714,2.324138880885918,-0.6808778206146466
2025-08-22 13:33:00,124.5,126.0,124.5,126.0,1103,137376.0,127.425,118.525,111.45208333333333,1.4749404178400027,2.154299188276735,-0.6793587704367323
2025-08-22 13:38:00,124.0,124.0,124.0,124.0,1000,124000.0,127.225,118.825,111.51458333333333,1.1667126732817081,1.9567818852777297,-0.7900692119960215
2025-08-22 13:39:00,126.0,126.0,126.0,126.0,1,126.0,127.125,119.16666666666667,111.5875,1.07147198824849,1.779719905871882,-0.708247917623392
2025-08-22 13:40:00,124.0,125.0,124.0,125.0,2001,248125.0,126.975,119.48333333333333,111.65416666666667,0.904870631162666,1.604750050930039,-0.699879419767373
2025-08-22 13:42:00,124.0,124.0,124.0,124.0,1000,124000.0,126.775,119.78333333333333,111.71875,0.6842585065949862,1.4206517420630285,-0.7363932354680423
2025-08-22 13:43:00,125.0,125.0,125.0,125.0,1,125.0,126.6,120.10833333333333,111.78958333333334,0.5833885114881809,1.253199095948059,-0.6698105844598781
2025-08-22 13:44:00,124.0,125.0,124.0,125.0,1001,124125.0,126.425,120.43333333333334,111.85833333333333,0.49771101091745606,1.1021014789419386,-0.6043904680244825
2025-08-22 13:45:00,125.0,125.0,125.0,125.0,700,87500.0,126.25,120.75833333333334,111.92916666666666,0.42491284367922333,0.9666637518893955,-0.5417509082101721
2025-08-22 13:46:00,125.0,125.0,125.0,125.0,100,12500.0,126.075,121.075,112.0,0.36303493095776673,0.8459379877030698,-0.4829030567453031
2025-08-22 13:55:00,124.0,124.0,124.0,124.0,1000,124000.0,125.85,121.21666666666667,112.06666666666666,0.23064585482606503,0.7228795611276688,-0.4922337063016038
2025-08-22 13:56:00,125.0,125.0,125.0,125.0,1,125.0,125.675,121.40833333333333,112.1375,0.2040658566621687,0.6191168202345688,-0.4150509635724001
2025-08-22 13:59:00,125.0,125.0,125.0,125.0,100,12500.0,125.5,121.6,112.21041666666666,0.1809155349478857,0.5314765631772322,-0.35056102822934654
2025-08-22 14:15:00,125.0,125.0,125.0,125.0,200,25000.0,125.4,121.8,112.28333333333333,0.16071610300708983,0.45732447114320374,-0.2966083681361139
2025-08-22 14:17:00,125.0,125.0,125.0,125.0,200,25000.0,125.325,121.98333333333333,112.35416666666667,0.14305881470009751,0.3944713398545825,-0.251412525154485
2025-08-22 14:34:00,123.0,123.0,123.0,123.0,1,123.0,125.15,122.14166666666667,112.41666666666667,-0.031949702517053424,0.30918713138025533,-0.34113683389730876
2025-08-22 14:35:00,125.0,125.0,125.0,125.0,2,250.0,125.15,122.34166666666667,112.4875,-0.009156378940559762,0.2455184293160923,-0.25467480825665206
2025-08-22 14:41:00,125.0,125.0,125.0,125.0,1000,125000.0,125.075,122.53333333333333,112.55833333333334,0.008805984305297443,0.19817594031393335,-0.1893699560086359
2025-08-22 14:59:00,125.5,125.5,125.5,125.5,5,627.5,125.025,122.73333333333333,112.63125,0.06266474771096853,0.1710737017933404,-0.10840895408237186
2025-08-12 09:11:00,110.0,111.5,110.0,111.0,20000,2215000.0,124.25,122.7,112.64375,-1.052547500306929,-0.07365053862671354,-0.9788969616802153
2025-08-12 09:12:00,111.0,111.0,111.0,111.0,2000,222000.0,123.475,122.65833333333333,112.65625,-1.9142944467562018,-0.44177932025261135,-1.4725151265035903
2025-08-12 09:13:00,111.0,111.5,111.0,111.5,4000,445000.0,122.75,122.60833333333333,112.67083333333333,-2.5277509495667942,-0.8589736461154481,-1.6687773034513462
2025-08-12 09:17:00,111.5,111.5,111.5,111.5,2000,223000.0,122.125,122.56666666666666,112.68541666666667,-2.9795729851071258,-1.2830935139137838,-1.696479471193342
2025-08-12 09:18:00,111.5,112.5,111.5,112.5,9500,1063250.0,121.45,122.54166666666667,112.70416666666667,-3.2198372809280755,-1.6704422673166426,-1.549395013611433
2025-08-12 09:19:00,112.0,112.0,112.0,112.0,1000,112000.0,120.8,122.50833333333334,112.72083333333333,-3.411271275876956,-2.018608069028706,-1.3926632068482503
2025-08-12 09:21:00,112.0,112.0,112.0,112.0,300,33600.0,120.2,122.45,112.74166666666666,-3.522380288718651,-2.319362512966695,-1.203017775751956
2025-08-12 09:26:00,112.0,112.0,111.5,111.5,3080,343960.0,119.525,122.39166666666667,112.75833333333334,-3.6091764635807237,-2.5773253030895007,-1.031851160491223
2025-08-12 09:27:00,112.0,112.0,112.0,112.0,4000,448000.0,118.875,122.33333333333333,112.775,-3.596162908688271,-2.781092824209255,-0.8150700844790157
2025-08-12 09:29:00,112.5,113.0,112.0,113.0,5411,608534.0,118.275,122.3,112.79583333333333,-3.4652131103117085,-2.917916881429746,-0.5472962288819625
2025-08-12 09:31:00,113.0,113.0,112.5,112.5,2000,225500.0,117.65,122.25,112.81458333333333,-3.3630135462239537,-3.006936214388588,-0.35607733183536583
2025-08-12 09:32:00,113.0,113.0,113.0,113.0,5,565.0,117.1,122.21666666666667,112.83541666666666,-3.2047316820956553,-3.0464953079300017,-0.15823637416565361
2025-08-12 09:33:00,113.0,113.0,112.5,113.0,4500,507500.0,116.5,122.18333333333334,112.85833333333333,-3.0442005158174084,-3.0460363495074834,0.001835833690075006
2025-08-12 09:52:00,113.0,113.0,113.0,113.0,18,2034.0,115.9,122.14166666666667,112.88541666666667,-2.883736490775277,-3.0135763777610425,0.12983988698576532
2025-08-12 10:08:00,113.0,113.0,113.0,113.0,300,33900.0,115.3,122.08333333333333,112.90833333333333,-2.725153719123753,-2.955891846033585,0.23073812690983164
2025-08-12 10:12:00,113.0,113.0,113.0,113.0,330,37290.0,114.7,122.025,112.93125,-2.5698520750192984,-2.878683891830728,0.3088318168114297
2025-08-12 10:23:00,112.5,112.5,112.5,112.5,1000,112500.0,114.175,121.93333333333334,112.95208333333333,-2.4587769740825394,-2.7947025082810906,0.3359255341985512
2025-08-12 10:24:00,112.5,112.5,112.5,112.5,100,11250.0,113.55,121.79166666666667,112.97708333333334,-2.343732071934568,-2.7045084210117865,0.36077634907721867
2025-08-12 10:31:00,112.0,112.5,112.0,112.5,4017,450412.5,112.925,121.64166666666667,113.00833333333334,-2.226887979688314,-2.608984332747092,0.382096353058778
2025-08-12 10:32:00,112.0,112.0,112.0,112.0,1000,112000.0,112.25,121.46666666666667,113.03958333333334,-2.149851862063059,-2.5171578386102857,0.36730597654722663
2025-08-12 10:42:00,111.0,111.0,111.0,111.0,4000,444000.0,112.25,121.3,113.06875,-2.144768272902951,-2.442679925468819,0.29791165256586805
2025-08-12 10:44:00,110.0,110.0,110.0,110.0,6,660.0,112.2,121.06666666666666,113.09375,-2.196115679995117,-2.3933670763740786,0.19725139637896172
2025-08-12 10:46:00,109.5,112.0,109.5,112.0,6,659.5,112.225,120.8,113.12708333333333,-2.0517740111357625,-2.3250484633264157,0.27327445219065316
2025-08-12 10:49:00,112.0,112.0,112.0,112.0,1,112.0,112.25,120.53333333333333,113.15833333333333,-1.9153037690250443,-2.2430995244661416,0.3277957554410973
2025-08-12 11:32:00,109.5,109.5,109.5,109.5,10,1095.0,112.1,120.225,113.17916666666666,-1.9859860150177866,-2.1916768225764707,0.20569080755868407
2025-08-12 11:37:00,110.0,110.0,110.0,110.0,4000,440000.0,112.0,119.925,113.20625,-1.9788454839292768,-2.149110554847032,0.17026507091775533
2025-08-12 11:45:00,110.5,110.5,110.5,110.5,5,552.5,111.925,119.63333333333334,113.23333333333333,-1.9108140651684238,-2.1014512569113104,0.19063719174288662
2025-08-12 12:44:00,110.5,110.5,110.0,110.0,3000,330500.0,111.85,119.325,113.26458333333333,-1.875623477077525,-2.0562857009445534,0.18066222386702835
2025-08-12 12:46:00,110.0,110.0,110.0,110.0,2000,220000.0,111.75,119.01666666666667,113.29166666666667,-1.8266778769826146,-2.0103641361521656,0.18368625916955095
2025-08-12 12:49:00,109.5,109.5,109.5,109.5,1000,109500.0,111.575,118.7,113.31666666666666,-1.8073993825836823,-1.969771185438469,0.1623718028547867
2025-08-12 13:07:00,110.5,110.5,110.5,110.5,100,11050.0,111.475,118.4,113.34583333333333,-1.6919259253470926,-1.9142021334201937,0.2222762080731011
2025-08-12 13:20:00,110.0,110.0,110.0,110.0,2109,231990.0,111.325,118.09166666666667,113.37291666666667,-1.6220601007275661,-1.8557737268816683,0.23371362615410218
2025-08-12 13:35:00,109.5,109.5,109.5,109.5,1000,109500.0,111.15,117.775,113.39583333333333,-1.588722943538741,-1.8023635702130831,0.21364062667434203
2025-08-12 13:46:00,109.0,109.0,109.0,109.0,1000,109000.0,110.95,117.45,113.41666666666667,-1.584385023307732,-1.7587678608320132,0.1743828375242813
2025-08-12 14:19:00,110.0,110.0,110.0,110.0,2000,220000.0,110.8,117.16666666666667,113.44166666666666,-1.4831586183027383,-1.7036460123261583,0.22048739402342
2025-08-12 14:26:00,110.0,110.0,110.0,110.0,1000,110000.0,110.65,116.89166666666667,113.4625,-1.3869480888167374,-1.6403064276242743,0.2533583388075369
2025-08-12 14:35:00,109.5,109.5,109.5,109.5,1000,109500.0,110.5,116.60833333333333,113.46875,-1.33564983250929,-1.5793751086012777,0.24372527609198769
2025-08-12 14:45:00,109.5,109.5,109.5,109.5,1000,109500.0,110.35,116.35,113.475,-1.2802378102455094,-1.5195476489301243,0.23930983868461486
2025-08-12 14:54:00,110.0,110.0,110.0,110.0,3000,330000.0,110.225,116.075,113.48333333333333,-1.1823481881272073,-1.452107756769541,0.26975956864233375
2025-08-12 15:00:00,111.5,111.5,111.5,111.5,2,223.0,110.2,115.825,113.49583333333334,-0.9725218666598465,-1.3561905787476023,0.38366871208775577
2025-08-15 09:09:00,108.5,108.5,108.5,108.5,2000,217000.0,110.075,115.525,113.49791666666667,-1.0363613940952803,-1.292224741817138,0.2558633477218577
2025-08-15 09:10:00,108.5,108.5,108.5,108.5,2000,217000.0,110.0,115.225,113.49791666666667,-1.0745677316120066,-1.2486933397761117,0.17412560816410516
2025-08-15 09:35:00,109.0,109.0,109.0,109.0,2000,218000.0,109.85,114.94166666666666,113.50208333333333,-1.0523696458303817,-1.209428600986966,0.1570589551565842
2025-08-15 09:36:00,109.5,109.5,109.5,109.5,2000,219000.0,109.725,114.7,113.51041666666667,-0.9830991268182174,-1.1641627061532163,0.18106357933499884
2025-08-15 09:39:00,110.0,110.0,110.0,110.0,2000,220000.0,109.75,114.43333333333334,113.52083333333333,-0.8777379039247393,-1.106877745707521,0.22913984178278168
2025-08-15 09:48:00,110.5,110.5,110.5,110.5,2000,221000.0,109.775,114.19166666666666,113.52916666666667,-0.7453011862284029,-1.0345624338116974,0.2892612475832945
2025-08-15 09:49:00,111.0,111.5,111.0,111.5,4000,445000.0,109.825,113.98333333333333,113.54166666666667,-0.553274684486496,-0.9383048839466571,0.38503019946016115
2025-08-15 10:15:00,111.5,111.5,111.5,111.5,5,557.5,109.9,113.75833333333334,113.55416666666666,-0.3965214459766173,-0.8299481963526492,0.43342675037603184
2025-08-15 10:19:00,111.5,111.5,111.5,111.5,1000,111500.0,109.975,113.53333333333333,113.56875,-0.2691903167056182,-0.717796620423243,0.4486063037176248
2025-08-15 10:27:00,111.0,111.0,111.0,111.0,1000,111000.0,110.05,113.3,113.57916666666667,-0.2062478044083207,-0.6154868572202585,0.40923905281193784
2025-08-15 10:31:00,110.5,110.5,110.5,110.5,300,33150.0,110.05,113.05833333333334,113.58541666666666,-0.19446950782885608,-0.5312833873419781,0.336813879513122
2025-08-15 10:34:00,110.5,110.5,110.5,110.5,1000,110500.0,110.075,112.83333333333333,113.61666666666666,-0.18302532096086566,-0.4616317740657556,0.27860645310488996
2025-08-15 10:43:00,110.0,110.0,110.0,110.0,80,8800.0,110.1,112.58333333333333,113.64583333333333,-0.2118593589308233,-0.4116772910387692,0.1998179321079459
2025-08-15 10:46:00,111.0,111.0,111.0,111.0,2,222.0,110.2,112.35,113.67916666666666,-0.15226369797930772,-0.35979457242687696,0.20753087444756924
2025-08-15 11:34:00,111.5,111.5,111.5,111.5,2,223.0,110.275,112.125,113.71458333333334,-0.06395070210014353,-0.3006257983615303,0.23667509626138677
2025-08-15 12:57:00,111.5,111.5,111.5,111.5,1000,111500.0,110.35,111.9,113.75,0.005969174467296057,-0.23930680379576502,0.24527597826306108
2025-08-15 13:00:00,111.0,111.0,111.0,111.0,1000,111000.0,110.425,111.7,113.78125,0.020795639875203165,-0.1872863150615714,0.20808195493677456
2025-08-15 13:19:00,110.5,110.5,110.5,110.5,2000,221000.0,110.475,111.45833333333333,113.81041666666667,-0.007711210758202469,-0.15137129420089762,0.14366008344269515
2025-08-15 13:59:00,110.0,110.0,110.0,110.0,200,22000.0,110.475,111.20833333333333,113.8375,-0.0698438007329969,-0.13506579550731748,0.06522199477432059
2025-08-15 14:11:00,111.0,111.0,111.0,111.0,200,22200.0,110.45,110.96666666666667,113.86875,-0.037955159821720486,-0.11564366837019809,0.0776885085484776
2025-08-15 14:38:00,111.0,111.0,111.0,111.0,500,55500.0,110.575,110.96666666666667,113.84166666666667,-0.01253864446589148,-0.09502266358933677,0.08248401912344529
2025-08-15 14:46:00,110.0,110.0,110.0,110.0,1,110.0,110.65,110.95,113.80833333333334,-0.0722546094211225,-0.09046905275569392,0.018214443334571423
2025-08-01 09:55:00,103.0,103.0,103.0,103.0,200,20600.0,110.35,110.80833333333334,113.74583333333334,-0.6766217659026239,-0.20769959538507995,-0.4689221705175439
2025-08-01 10:01:00,104.0,104.0,104.0,104.0,100,10400.0,110.075,110.68333333333334,113.68958333333333,-1.0626459282068907,-0.3786888619494422,-0.6839570662574486
2025-08-01 10:22:00,104.0,104.0,104.0,104.0,50,5200.0,109.775,110.54166666666667,113.63958333333333,-1.3529765861010503,-0.5735464067797639,-0.7794301793212864
2025-08-01 10:27:00,103.5,103.5,103.5,103.5,1000,103500.0,109.425,110.4,113.5875,-1.6049111290540168,-0.7798193512346145,-0.8250917778194022
2025-08-01 10:51:00,103.5,103.5,103.5,103.5,1500,155250.0,109.025,110.25833333333334,113.53541666666666,-1.784006156962434,-0.9806567123801786,-0.8033494445822553
2025-08-01 10:57:00,103.5,103.5,103.5,103.5,180,18630.0,108.625,110.125,113.48333333333333,-1.903992219774267,-1.1653238138589965,-0.7386684059152704
2025-08-01 10:59:00,103.5,103.5,103.5,103.5,10,1035.0,108.225,109.98333333333333,113.43958333333333,-1.976300477307504,-1.3275191465486982,-0.6487813307588057
2025-08-01 11:07:00,103.5,103.5,103.5,103.5,1000,103500.0,107.85,109.825,113.39375,-2.0104303032687625,-1.4641013778927112,-0.5463289253760513
2025-08-01 11:08:00,103.5,103.5,103.5,103.5,180,18630.0,107.5,109.675,113.34791666666666,-2.0142593087567207,-1.5741329640655133,-0.44012634469120737
2025-08-01 11:14:00,103.0,103.0,103.0,103.0,2,206.0,107.125,109.50833333333334,113.30833333333334,-2.0341907596802713,-1.666144523188465,-0.36804623649180623
2025-08-01 11:16:00,103.0,103.0,103.0,103.0,400,41200.0,106.775,109.34166666666667,113.26666666666667,-2.0266249077294134,-1.738240600096655,-0.28838430763275835
2025-08-01 11:21:00,103.5,103.5,103.5,103.5,300,31050.0,106.4,109.18333333333334,113.22708333333334,-1.9577157655145925,-1.7821356331802427,-0.17558013233434977
2025-08-01 12:04:00,103.5,103.5,103.5,103.5,1000,103500.0,106.0,109.025,113.18958333333333,-1.881416970155243,-1.801991900575243,-0.07942506958000006
2025-08-01 13:14:00,103.5,103.5,103.5,103.5,1000,103500.0,105.6,108.86666666666666,113.15208333333334,-1.8001980624502778,-1.8016331329502502,0.0014350704999723796
2025-08-01 13:15:00,103.5,103.5,103.5,103.5,10,1035.0,105.225,108.71666666666667,113.1125,-1.716049937468327,-1.7845164938538658,0.06846655638553889
2025-08-01 13:22:00,103.5,103.5,103.5,103.5,1000,103500.0,104.875,108.56666666666666,113.075,-1.6305657946765706,-1.753726354018407,0.12316055934183634
2025-08-01 13:47:00,103.5,103.5,103.5,103.5,2000,207000.0,104.55,108.41666666666667,113.02708333333334,-1.5450090925499609,-1.711982901724718,0.16697380917475702
2025-08-01 14:07:00,104.0,104.0,104.0,104.0,1,104.0,104.2,108.28333333333333,112.98333333333333,-1.420484507208002,-1.653683222821375,0.23319871561337302
2025-08-01 14:46:00,104.0,104.0,104.0,104.0,100,10400.0,103.85,108.16666666666667,112.93958333333333,-1.306734652513228,-1.5842935087597458,0.2775588562465179
2025-08-19 09:12:00,109.5,109.5,109.5,109.5,500,54750.0,103.825,108.15833333333333,112.91666666666667,-0.7639763942479476,-1.4202300858573864,0.6562536916094388
2025-08-19 10:00:00,109.0,109.0,109.0,109.0,3000,327000.0,104.125,108.10833333333333,112.89166666666667,-0.3699181988065021,-1.2101677084472096,0.8402495096407074
2025-08-19 10:57:00,109.0,109.0,108.5,108.5,7200,781250.0,104.35,108.05,112.86458333333333,-0.09685359327482956,-0.9875048854127335,0.890651292137904
2025-08-19 11:02:00,108.5,108.5,108.5,108.5,1250,135625.0,104.575,108.03333333333333,112.87708333333333,0.11818965713631258,-0.7663659769029243,0.8845556340392369
2025-08-19 11:15:00,108.5,108.5,108.5,108.5,100,10850.0,104.825,108.00833333333334,112.88958333333333,0.2853239455537562,-0.5560279924115882,0.8413519379653444
2025-08-19 11:16:00,108.5,108.5,108.5,108.5,4000,434000.0,105.075,107.975,112.9,0.41301805818218895,-0.3622187822928328,0.7752368404750217
2025-08-19 11:47:00,108.0,108.0,108.0,108.0,1,108.0,105.3,107.94166666666666,112.90833333333333,0.4684705047351514,-0.1960809248872359,0.6645514296223873
2025-08-19 12:35:00,108.0,108.0,108.0,108.0,1000,108000.0,105.525,107.90833333333333,112.91875,0.506577458533215,-0.05554924820314569,0.5621267067363607
2025-08-19 12:51:00,108.5,108.5,108.5,108.5,3000,325500.0,105.775,107.89166666666667,112.92708333333333,0.5705464114116836,0.0696698837198202,0.5008765276918634
2025-08-19 12:58:00,108.5,108.5,108.5,108.5,3000,325500.0,106.025,107.85833333333333,112.9375,0.6141625834798674,0.1785684236718297,0.43559415980803773
2025-08-19 13:00:00,108.0,108.0,108.0,108.0,2000,216000.0,106.275,107.825,112.94583333333334,0.6014497543768158,0.26314468981282696,0.33830506456398884
2025-08-19 13:11:00,109.0,109.5,109.0,109.5,5000,546500.0,106.6,107.825,112.95833333333333,0.7042935520382088,0.35137446225790336,0.3529190897803054
2025-08-19 14:56:00,109.0,109.0,109.0,109.0,1000,109000.0,106.875,107.825,112.96875,0.7369569997553924,0.42849096975740125,0.30846602999799116
2025-08-21 09:06:00,110.0,110.0,110.0,110.0,1000,110000.0,107.2,107.825,112.98125,0.8339217294511343,0.5095771216961479,0.3243446077549864
2025-08-21 09:07:00,110.0,113.5,110.0,113.0,12500,1396500.0,107.675,107.875,113.00833333333334,1.1397041048030587,0.6356025183175301,0.5041015864855286
2025-08-21 09:08:00,113.0,113.0,113.0,113.0,150,16950.0,108.15,107.93333333333334,113.03333333333333,1.3662891099385774,0.7817398366417397,0.5845492732968377
2025-08-21 09:10:00,114.0,114.0,114.0,114.0,2000,228000.0,108.675,108.00833333333334,113.05833333333334,1.6080148078659562,0.9469948308865831,0.6610199769793731
2025-08-21 09:11:00,113.0,113.0,113.0,113.0,500,56500.0,109.15,108.05833333333334,113.07708333333333,1.6993040035883666,1.09745666542694,0.6018473381614267
2025-08-21 09:13:00,113.0,113.0,113.0,113.0,300,33900.0,109.6,108.08333333333333,113.09583333333333,1.7514615899396802,1.2282576503294882,0.523203939610192
2025-08-21 09:21:00,113.0,113.0,113.0,113.0,1000,113000.0,110.05,108.15833333333333,113.11875,1.7723661195318527,1.3370793441699613,0.4352867753618914
2025-08-21 09:22:00,113.0,113.0,113.0,113.0,300,33900.0,110.225,108.23333333333333,113.14375,1.7685464077361814,1.4233727568832055,0.3451736508529759
2025-08-21 09:25:00,112.5,112.5,112.5,112.5,100,11250.0,110.4,108.29166666666667,113.16666666666667,1.7055133411414403,1.4798008737348527,0.22571246740658757
2025-08-21 10:01:00,112.5,112.5,112.5,112.5,180,20250.0,110.6,108.34166666666667,113.18541666666667,1.6366924104345486,1.511179181074792,0.1255132293597565
2025-08-21 10:37:00,112.0,112.0,112.0,112.0,1000,112000.0,110.775,108.375,113.19791666666667,1.5242350725823144,1.5137903593762967,0.010444713206017697
2025-08-21 11:27:00,112.0,112.5,112.0,112.5,4000,449500.0,110.975,108.40833333333333,113.2125,1.458643311329638,1.5027609497669652,-0.04411763843732719
2025-08-21 11:42:00,112.5,112.5,112.5,112.5,1000,112500.0,111.175,108.425,113.225,1.3906310389940018,1.4803349676123727,-0.08970392861837095
2025-08-21 12:05:00,113.0,113.0,113.0,113.0,1000,113000.0,111.425,108.45,113.24166666666666,1.3613834633578819,1.4565446667614748,-0.09516120340359291
2025-08-21 12:06:00,113.0,113.0,113.0,113.0,1000,113000.0,111.675,108.475,113.25416666666666,1.3229543546588474,1.4298266043409493,-0.10687224968210196
2025-08-21 12:22:00,112.0,112.0,112.0,112.0,200,22400.0,111.85,108.49166666666666,113.26458333333333,1.197997595938432,1.383460802660446,-0.1854632067220141
2025-08-21 12:28:00,112.0,112.0,112.0,112.0,1000,112000.0,112.025,108.51666666666667,113.275,1.0864446072436351,1.324057563577084,-0.2376129563334488
2025-08-21 12:30:00,113.0,113.0,112.5,112.5,5500,620750.0,112.25,108.55,113.2875,1.026550446787681,1.2645561402192034,-0.23800569343152245
2025-08-21 12:38:00,113.5,113.5,113.0,113.0,3200,362600.0,112.425,108.6,113.30416666666666,1.0078122817946848,1.2132073685342997,-0.20539508673961482
2025-08-21 14:43:00,113.5,113.5,113.0,113.0,5000,566000.0,112.625,108.63333333333334,113.325,0.9816463430475295,1.1668951634369458,-0.18524882038941626
2025-08-25 09:01:00,125.5,127.0,124.0,127.0,4700,590600.0,113.475,108.89166666666667,113.40208333333334,2.066768227584106,1.346869776266378,0.719898451317728
2025-08-25 09:02:00,128.0,128.0,128.0,128.0,1950,249600.0,114.225,109.16666666666667,113.48333333333333,2.9731541117357523,1.6721266433602529,1.3010274683754994
2025-08-25 09:04:00,128.5,129.0,128.0,129.0,3502,449008.0,115.025,109.46666666666667,113.56458333333333,3.729175484085502,2.0835364115053028,1.6456390725801993
2025-08-25 09:07:00,129.5,129.5,129.5,129.5,69,8935.5,115.8,109.78333333333333,113.64583333333333,4.318888234683328,2.530606776140908,1.78828145854242
2025-08-25 09:09:00,126.5,127.0,126.0,127.0,4900,619300.0,116.5,110.06666666666666,113.71666666666667,4.532265595012873,2.9309385399153016,1.6013270550975718
2025-08-25 09:10:00,125.0,125.5,125.0,125.0,6100,763050.0,117.1,110.3,113.78125,4.488247679658372,3.2424003678639157,1.245847311794456
2025-08-25 09:11:00,123.5,124.0,123.5,124.0,3000,371000.0,117.65,110.51666666666667,113.84166666666667,4.322840507461436,3.45848839578342,0.864352111678016
2025-08-25 09:12:00,123.5,129.5,123.5,128.0,12000,1525000.0,118.4,110.81666666666666,113.91875,4.463073173034104,3.659405351233557,0.8036678218005471
2025-08-25 09:13:00,128.0,128.5,128.0,128.0,3100,396850.0,119.175,111.23333333333333,113.99791666666667,4.522080837821406,3.831940448551127,0.6901403892702791
2025-08-25 09:14:00,127.5,127.5,127.5,127.5,500,63750.0,119.925,111.625,114.075,4.476892189574173,3.9609307967557363,0.5159613928184363
2025-08-25 09:15:00,128.0,128.0,128.0,128.0,1000,128000.0,120.725,112.025,114.15416666666667,4.430355303459407,4.054815698096471,0.3755396053629365
2025-08-25 09:17:00,124.0,124.0,124.0,124.0,50,6200.0,121.3,112.36666666666666,114.21666666666667,4.024318081535185,4.0487161747842135,-0.02439809324902864
2025-08-25 09:19:00,124.5,128.0,124.5,124.5,1005,128622.5,121.9,112.71666666666667,114.27916666666667,3.7002226161354628,3.9790174630544635,-0.2787948469190007
2025-08-25 09:22:00,128.0,128.0,128.0,128.0,1,128.0,122.65,113.125,114.35416666666667,3.6833361675614924,3.9198812039558697,-0.2365450363943773
2025-08-25 09:26:00,126.5,126.5,126.5,126.5,500,63250.0,123.325,113.50833333333334,114.425,3.508472583435875,3.837599479851871,-0.32912689641599613
2025-08-25 09:27:00,126.5,126.5,126.5,126.5,1000,126500.0,124.05,113.89166666666667,114.49583333333334,3.33148860631826,3.7363773051451497,-0.4048886988268898
2025-08-25 09:29:00,125.0,125.0,125.0,125.0,5,625.0,124.7,114.25,114.56041666666667,3.035202144401964,3.596142272996513,-0.5609401285945488
2025-08-25 09:31:00,125.0,125.0,125.0,125.0,1003,125375.0,125.325,114.61666666666666,114.62708333333333,2.7684796782920245,3.4306097540556157,-0.6621300757635913
2025-08-25 09:34:00,124.5,125.5,124.5,125.5,1200,149600.0,125.95,114.99166666666666,114.69583333333334,2.567845499108543,3.2580569030662017,-0.6902114039576586
2025-08-25 09:35:00,125.0,125.0,124.5,124.5,600,74750.0,126.525,115.34166666666667,114.75625,2.3016182020376306,3.0667691628604876,-0.765150960822857
2025-08-25 09:39:00,125.0,125.0,125.0,125.0,1000,125000.0,126.425,115.7,114.78333333333333,2.106692334508722,2.874753797190135,-0.7680614626814131
2025-08-25 09:49:00,124.0,124.0,124.0,124.0,1000,124000.0,126.225,116.04166666666667,114.80416666666666,1.8501926681027783,2.6698415713726638,-0.8196489032698855
2025-08-25 10:03:00,125.0,125.0,125.0,125.0,1,125.0,126.025,116.4,114.83125,1.7079186540456703,2.4774569879072654,-0.7695383338615951
2025-08-25 10:05:00,123.5,123.5,123.5,123.5,7,864.5,125.725,116.73333333333333,114.85208333333334,1.4573288293109385,2.273431356188,-0.8161025268770614
2025-08-25 10:10:00,123.5,123.5,123.5,123.5,500,61750.0,125.55,117.06666666666666,114.86875,1.2443900340992684,2.067623091770254,-0.8232330576709854
2025-08-25 10:11:00,123.5,123.5,123.5,123.5,300,37050.0,125.475,117.39166666666667,114.88958333333333,1.0633765616787372,1.8667737857519504,-0.8033972240732132
2025-08-25 10:12:00,123.5,123.5,122.5,122.5,3000,368500.0,125.4,117.7,114.90833333333333,0.8296665583671654,1.6593523402749937,-0.8296857819078283
2025-08-25 10:13:00,121.5,121.5,121.5,121.5,2000,243000.0,125.075,117.9,114.91875,0.55733346109038,1.438948564438071,-0.8816151033476911
2025-08-25 10:14:00,121.0,121.0,121.0,121.0,400,48400.0,124.725,118.1,114.93125,0.2977296559750471,1.2107047827454664,-0.9129751267704194
2025-08-25 10:15:00,123.0,123.0,123.0,123.0,2000,246000.0,124.5,118.34166666666667,114.95,0.25048759036077684,1.0186613442685286,-0.7681737539077518
2025-08-25 10:17:00,123.0,123.0,123.0,123.0,3000,369000.0,124.25,118.58333333333333,114.96875,0.21062001655630525,0.8570530787260839,-0.6464330621697787
2025-08-25 10:29:00,123.5,123.5,122.5,122.5,7,858.5,124.175,118.81666666666666,114.98541666666667,0.13709846993963026,0.7130621569687932,-0.5759636870291629
2025-08-25 10:38:00,120.0,120.0,120.0,120.0,1000,120000.0,123.95,119.00833333333334,114.99166666666666,-0.12149645655424024,0.5461504342641865,-0.6676468908184268
2025-08-25 10:39:00,120.0,120.0,120.0,120.0,400,48000.0,123.55,119.20833333333333,115.03958333333334,-0.32271474418841706,0.3723773985736658,-0.6950921427620829
2025-08-25 10:40:00,120.0,120.0,120.0,120.0,1300,156000.0,123.225,119.40833333333333,115.0875,-0.47668673883983104,0.20256457109096643,-0.6792513099307975
2025-08-25 10:41:00,119.5,119.5,119.5,119.5,1900,227050.0,122.875,119.59166666666667,115.13541666666667,-0.6317737803605752,0.035696900800658064,-0.6674706811612332
2025-08-25 10:43:00,119.0,119.0,119.0,119.0,1000,119000.0,122.575,119.76666666666667,115.18125,-0.7859670604083249,-0.12863589144113857,-0.6573311689671864
2025-08-25 10:46:00,119.0,119.0,119.0,119.0,2300,273700.0,122.275,119.95,115.22916666666667,-0.8978168717231085,-0.2824720874975326,-0.6153447842255759
2025-08-25 10:54:00,118.5,118.5,118.5,118.5,3,355.5,121.925,120.1,115.27291666666666,-1.0151029988589642,-0.428998269769819,-0.5861047290891452
2025-08-25 11:06:00,121.5,121.5,121.5,121.5,1,121.5,121.775,120.30833333333334,115.325,-0.856109474548191,-0.5144205107254934,-0.34168896382269753
2025-08-25 11:19:00,121.5,121.5,121.5,121.5,50,6075.0,121.6,120.5,115.37708333333333,-0.7217856651930532,-0.5558935416190054,-0.1658921235740478
2025-08-25 11:36:00,121.5,121.5,121.5,121.5,50,6075.0,121.475,120.64166666666667,115.43333333333334,-0.6083207357530682,-0.566378980445818,-0.041941755307250195
2025-08-25 11:38:00,121.5,121.5,121.5,121.5,25,3037.5,121.3,120.78333333333333,115.4875,-0.5124912812259765,-0.5556014406018498,0.04311015937587326
2025-08-25 12:08:00,121.5,121.5,121.5,121.5,5,607.5,121.2,120.90833333333333,115.54166666666667,-0.4315708677790866,-0.5307953260372972,0.09922445825821058
2025-08-25 12:14:00,121.5,121.5,121.0,121.0,2000,242500.0,121.075,121.04166666666667,115.59375,-0.4031395368132564,-0.505264168192489,0.10212463137923256
2025-08-25 12:32:00,122.0,122.0,122.0,122.0,300,36600.0,121.0,121.19166666666666,115.65,-0.29649801498175066,-0.4635109375503413,0.16701292256859063
2025-08-25 12:36:00,121.0,121.0,121.0,121.0,2000,242000.0,120.925,121.325,115.71458333333334,-0.28934015012819714,-0.4286767800659125,0.13933662993771534
2025-08-25 12:54:00,121.0,121.0,121.0,121.0,1000,121000.0,120.9,121.45833333333333,115.77708333333334,-0.28043481270587733,-0.39902838659390544,0.1185935738880281
2025-08-25 12:58:00,122.0,122.0,122.0,122.0,100,12200.0,120.95,121.61666666666666,115.84375,-0.1904897783982875,-0.3573206649547819,0.16683088655649436
2025-08-25 13:14:00,121.5,121.5,121.5,121.5,600,72900.0,120.875,121.76666666666667,115.90833333333333,-0.1577352383749826,-0.31740357963882204,0.15966834126383944
2025-08-25 13:30:00,121.5,121.5,121.5,121.5,1000,121500.0,120.8,121.925,115.975,-0.13027529689377104,-0.27997792308981184,0.1497026261960408
2025-08-25 13:35:00,122.0,122.0,122.0,122.0,400,48800.0,120.775,122.08333333333333,116.04166666666667,-0.06739043907350606,-0.23746042628655067,0.17006998721304462
2025-08-25 13:43:00,122.0,122.5,121.5,121.5,3450,421675.0,120.85,122.23333333333333,116.10625,-0.05723973349839184,-0.20141628772891892,0.14417655423052708
2025-08-25 13:48:00,123.0,123.0,123.0,123.0,1,123.0,121.0,122.4,116.17916666666666,0.07102352281829383,-0.14692832561947639,0.2179518484377702
2025-08-25 14:07:00,123.0,123.0,123.0,123.0,700,86100.0,121.15,122.56666666666666,116.25208333333333,0.17070529317670946,-0.0834016018602392,0.25410689503694867
2025-08-25 14:27:00,123.0,123.0,123.0,123.0,400,49200.0,121.325,122.75,116.325,0.24685818684012872,-0.017349644120165604,0.2642078309602943
2025-08-25 14:35:00,123.0,123.0,123.0,123.0,500,61500.0,121.525,122.93333333333334,116.39583333333333,0.3037089361565961,0.04686207193518676,0.25684686422140934
2025-08-13 09:01:00,109.5,109.5,109.5,109.5,2000,219000.0,121.05,122.88333333333334,116.37083333333334,-0.7321340259020985,-0.10893714763227036,-0.6231968782698282
2025-08-13 09:02:00,108.0,108.0,107.0,107.0,10000,1074000.0,120.475,122.78333333333333,116.34375,-1.734778693886497,-0.43410545688311586,-1.300673237003381
2025-08-13 09:03:00,106.0,106.0,106.0,106.0,5,530.0,119.7,122.66666666666667,116.3125,-2.5803290326904005,-0.863350172044573,-1.7169788606458276
2025-08-13 09:04:00,106.0,106.0,106.0,106.0,400,42400.0,118.925,122.31666666666666,116.28333333333333,-3.2133917877910108,-1.3333584951938608,-1.88003329259715
2025-08-13 09:05:00,106.0,106.5,106.0,106.5,2250,238625.0,118.175,121.95833333333333,116.25208333333333,-3.632875236513243,-1.7932618434577374,-1.8396133930555056
2025-08-13 09:07:00,104.5,104.5,104.5,104.5,100,10450.0,117.325,121.55,116.21458333333334,-4.07967423210458,-2.2505443211871063,-1.8291299109174735
2025-08-13 09:14:00,104.5,104.5,104.5,104.5,5,522.5,116.475,121.13333333333334,116.17916666666666,-4.383238411190604,-2.6770831391878063,-1.7061552720027975
2025-08-13 09:19:00,106.5,106.5,106.5,106.5,2000,213000.0,115.75,120.79166666666667,116.15,-4.411577999805701,-3.0239821113113856,-1.3875958884943151
2025-08-13 09:20:00,107.0,110.0,107.0,107.0,14000,1508000.0,115.0,120.49166666666666,116.12291666666667,-4.343620948153074,-3.287909878679723,-1.0557110694733507
2025-08-13 09:22:00,108.0,112.0,108.0,111.5,12660,1393615.0,114.525,120.28333333333333,116.11666666666666,-3.881903931067356,-3.40670868915725,-0.475195241910106
2025-08-13 09:33:00,109.5,109.5,109.5,109.5,1000,109500.0,113.95,119.975,116.1,-3.635465767469526,-3.4524601048197052,-0.18300566264982088
2025-08-13 09:34:00,109.0,109.0,109.0,109.0,1000,109000.0,113.3,119.65833333333333,116.07708333333333,-3.4408436647365193,-3.4501368168030684,0.009293152066549126
2025-08-13 09:57:00,108.5,108.5,108.0,108.0,6000,649000.0,112.625,119.33333333333333,116.05208333333333,-3.3289221464729337,-3.425893882737042,0.09697173626410827
2025-08-13 09:58:00,107.5,107.5,107.5,107.5,4,430.0,111.925,118.99166666666666,116.025,-3.243183952431963,-3.3893518966760268,0.14616794424406399
2025-08-13 10:02:00,107.5,108.0,107.5,108.0,2000,215500.0,111.225,118.725,116.0,-3.0991647525145964,-3.331314467843741,0.23214971532914452
2025-08-13 10:03:00,108.0,108.0,108.0,108.0,1000,108000.0,110.55,118.45,115.96875,-2.9510110801860208,-3.255253790312197,0.30424271012617643
2025-08-13 10:12:00,108.5,110.5,108.5,110.5,8000,874000.0,109.925,118.15833333333333,115.95,-2.6018763103538163,-3.1245782943205214,0.5227019839667051
2025-08-13 10:24:00,109.5,109.5,109.5,109.5,2,219.0,109.25,117.875,115.925,-2.3784587407091493,-2.975354383598247,0.5968956428890979
2025-08-13 10:33:00,108.5,108.5,108.5,108.5,2000,217000.0,108.525,117.575,115.89791666666666,-2.256083622147571,-2.8315002313081123,0.5754166091605413
2025-08-13 11:28:00,108.5,108.5,108.5,108.5,1000,108500.0,107.8,117.3,115.86875,-2.1344953255862436,-2.692099250163739,0.5576039245774953
2025-08-13 11:38:00,108.0,108.0,108.0,108.0,50,5400.0,107.725,117.01666666666667,115.83958333333334,-2.0547951465073027,-2.564638429432452,0.5098432829251491
2025-08-13 12:23:00,109.0,109.0,109.0,109.0,2,218.0,107.825,116.74166666666666,115.81458333333333,-1.8891634375820985,-2.429543431062381,0.5403799934802826
2025-08-13 12:38:00,109.0,109.0,109.0,109.0,1000,109000.0,107.975,116.48333333333333,115.7875,-1.7378660765999001,-2.291207960169885,0.5533418835699848
2025-08-13 12:40:00,109.0,109.0,109.0,109.0,1000,109000.0,108.125,116.21666666666667,115.75625,-1.5995235165528925,-2.1528710714464867,0.5533475548935942
2025-08-13 12:41:00,108.5,108.5,108.5,108.5,500,54250.0,108.225,115.95833333333333,115.72291666666666,-1.5127933225952432,-2.024855521676238,0.5120621990809946
2025-08-13 13:39:00,108.5,109.0,108.5,109.0,1010,109590.0,108.45,115.69166666666666,115.68541666666667,-1.3877164661031003,-1.8974277105616102,0.5097112444585099
2025-08-13 13:40:00,108.0,108.0,108.0,108.0,1000,108000.0,108.625,115.43333333333334,115.63125,-1.3536794250781696,-1.7886780534649223,0.43499862838675263
2025-08-13 13:43:00,108.5,108.5,108.5,108.5,10,1085.0,108.725,115.18333333333334,115.57708333333333,-1.2716996416531856,-1.685282371102575,0.41358272944938945
2025-08-13 13:51:00,109.0,109.5,109.0,109.0,5000,546000.0,108.825,114.94166666666666,115.52083333333333,-1.153092123110497,-1.5788443215041594,0.4257521983936625
2025-08-13 13:56:00,110.0,110.0,110.0,110.0,2000,220000.0,108.75,114.73333333333333,115.475,-0.9672532738464383,-1.4565261119726154,0.48927283812617706
2025-08-13 14:16:00,108.0,108.0,108.0,108.0,300,32400.0,108.675,114.50833333333334,115.40833333333333,-0.970174366031614,-1.3592557627844153,0.3890813967528013
2025-08-13 14:42:00,108.0,108.5,108.0,108.5,1100,118850.0,108.65,114.3,115.32708333333333,-0.9215208130025587,-1.271708772828044,0.35018795982548534
2025-08-06 09:04:00,105.0,105.0,105.0,105.0,300,31500.0,108.5,114.0,115.23125,-1.1521025499398831,-1.247787528250412,0.09568497831052891
2025-08-06 09:07:00,105.0,105.0,105.0,105.0,5000,525000.0,108.375,113.7,115.13541666666667,-1.319628383153571,-1.2621556992310439,-0.057472683922527024
2025-08-06 09:08:00,105.0,105.0,105.0,105.0,3000,315000.0,108.225,113.40833333333333,115.03958333333334,-1.4358423164901666,-1.2968930226828685,-0.13894929380729804
2025-08-06 09:09:00,105.0,105.0,105.0,105.0,3000,315000.0,108.075,113.15833333333333,114.94375,-1.5105302435602823,-1.3396204668583513,-0.17090977670193097
2025-08-06 09:28:00,104.5,104.5,104.5,104.5,300,31350.0,107.775,112.9,114.84375,-1.5917184457541254,-1.3900400626375062,-0.20167838311661912
2025-08-06 09:40:00,105.0,105.0,105.0,105.0,1000,105000.0,107.55,112.65,114.74583333333334,-1.5973021546438417,-1.4314924810387735,-0.16580967360506826
2025-08-06 09:53:00,104.5,104.5,104.5,104.5,5,522.5,107.35,112.4,114.64583333333333,-1.6233600216697681,-1.4698659891649726,-0.15349403250479554
2025-08-06 10:25:00,104.5,104.5,104.5,104.5,400,41800.0,107.15,112.15833333333333,114.54583333333333,-1.625275900146832,-1.5009479713613447,-0.12432792878548726
2025-08-06 10:31:00,104.5,104.5,104.5,104.5,600,62700.0,106.975,111.91666666666667,114.44583333333334,-1.60825528185795,-1.522409433460666,-0.08584584839728415
2025-08-06 10:33:00,104.5,105.0,104.5,105.0,10250,1073750.0,106.775,111.69166666666666,114.34791666666666,-1.5367063042030225,-1.5252688076091374,-0.011437496593885044
2025-08-06 10:36:00,104.5,104.5,104.5,104.5,1000,104500.0,106.55,111.40833333333333,114.24791666666667,-1.5030231302089732,-1.5208196721291047,0.01779654192013158
2025-08-06 10:40:00,104.0,104.0,104.0,104.0,1000,104000.0,106.3,111.11666666666666,114.15208333333334,-1.4993907502397406,-1.516533887751232,0.017143137511491435
2025-08-06 10:46:00,104.0,104.0,104.0,104.0,200,20800.0,106.075,110.825,114.05833333333334,-1.479457794420668,-1.5091186690851193,0.02966087466445133
2025-08-06 11:03:00,105.0,105.0,105.0,105.0,1,105.0,105.875,110.55,113.96875,-1.3672088085860992,-1.4807366969853155,0.11352788839921635
2025-08-06 11:31:00,105.0,105.0,105.0,105.0,2000,210000.0,105.725,110.275,113.88541666666667,-1.263683719301639,-1.4373261014485803,0.17364238214694128
2025-08-06 11:43:00,105.0,105.0,105.0,105.0,1000,105000.0,105.55,110.00833333333334,113.79583333333333,-1.1681733647989887,-1.3834955541186622,0.2153221893196735
2025-08-06 12:10:00,105.5,105.5,105.5,105.5,1,105.5,105.375,109.73333333333333,113.70833333333333,-1.040144758111154,-1.3148253949171607,0.27468063680600663
2025-08-06 13:36:00,105.5,105.5,105.5,105.5,6000,633000.0,105.15,109.475,113.62083333333334,-0.92798394366217,-1.2374571046661627,0.3094731610039927
2025-08-06 13:37:00,105.5,105.5,105.5,105.5,1000,105500.0,105.025,109.21666666666667,113.53333333333333,-0.8295333460891641,-1.155872352950763,0.326339006861599
2025-08-06 13:53:00,106.0,106.0,106.0,106.0,1,106.0,104.9,108.95,113.45,-0.703060275670552,-1.0653099374947208,0.36224966182416884
2025-08-06 14:23:00,106.5,106.5,106.5,106.5,1,106.5,104.975,108.7,113.37708333333333,-0.5560735649360851,-0.9634626629829937,0.4073890980469086
2025-08-06 14:49:00,106.5,106.5,106.5,106.5,5,532.5,105.05,108.45,113.29583333333333,-0.4345760158998502,-0.8576853335663651,0.42310931766651494
2025-08-06 14:50:00,106.5,106.5,106.5,106.5,2005,213532.5,105.125,108.19166666666666,113.21875,-0.3344331952486499,-0.7530349059028221,0.4186017106541722
2025-08-06 14:51:00,106.0,106.0,106.0,106.0,1000,106000.0,105.175,107.93333333333334,113.14375,-0.2920485557612693,-0.6608376358745116,0.3687890801132423
2025-08-06 14:59:00,105.5,105.5,105.5,105.5,200,21100.0,105.225,107.64166666666667,113.0625,-0.2953990683479617,-0.5877499223692016,0.29235085402123995
2025-08-05 09:03:00,105.0,105.0,105.0,105.0,4000,420000.0,105.225,107.34166666666667,112.97916666666667,-0.33454378255862594,-0.5371086944070865,0.2025649118484606
2025-08-05 09:04:00,104.5,105.0,104.5,105.0,7000,732500.0,105.25,107.04166666666667,112.89583333333333,-0.3614002534352494,-0.5019670062127191,0.14056675277746966
2025-08-05 09:11:00,105.0,105.0,105.0,105.0,300,31500.0,105.275,106.74166666666666,112.8125,-0.37832312659004685,-0.47723823028818463,0.09891510369813777
2025-08-05 09:12:00,105.0,105.0,105.0,105.0,200,21000.0,105.3,106.66666666666667,112.73333333333333,-0.38727041323166134,-0.45924466687688,0.07197425364521864
2025-08-05 09:13:00,105.0,105.0,105.0,105.0,150,15750.0,105.3,106.63333333333334,112.65,-0.389867057600668,-0.4453691450216376,0.055502087420969626
2025-08-05 09:14:00,105.0,105.0,105.0,105.0,150,15750.0,105.325,106.61666666666666,112.56666666666666,-0.38745853615073145,-0.43378702324745644,0.04632848709672499
2025-08-05 09:15:00,105.0,105.0,105.0,105.0,1000,105000.0,105.375,106.6,112.48333333333333,-0.38115603602726367,-0.42326082580341795,0.04210478977615428
2025-08-05 09:21:00,106.0,106.0,106.0,106.0,50,5300.0,105.475,106.59166666666667,112.40416666666667,-0.2921024415028626,-0.3970291489433069,0.1049267074404443
2025-08-05 09:42:00,106.5,106.5,106.5,106.5,1,106.5,105.55,106.625,112.33541666666666,-0.1791162641233086,-0.35344657197930723,0.17433030785599862
2025-08-05 09:44:00,106.0,106.0,106.0,106.0,2000,212000.0,105.6,106.65,112.25625,-0.128439159177816,-0.308445089419009,0.180005930241193
2025-08-05 09:45:00,106.5,106.5,106.5,106.5,300,31950.0,105.675,106.65,112.17916666666666,-0.04738514066865207,-0.2562330996689376,0.20884795900028552
2025-08-05 09:47:00,106.5,106.5,106.5,106.5,200,21300.0,105.725,106.64166666666667,112.1,0.016658721589735137,-0.20165473541720302,0.21831345700693816
2025-08-05 10:24:00,107.0,107.0,107.0,107.0,3,321.0,105.8,106.56666666666666,112.08333333333333,0.10653173365440693,-0.14001744160288104,0.24654917525728798
2025-08-05 10:30:00,107.0,107.0,107.0,107.0,1000,107000.0,105.875,106.525,112.06666666666666,0.1757310253443336,-0.07686774821343811,0.2525987735577717
2025-08-05 10:32:00,107.0,107.0,107.0,107.0,50,5350.0,105.925,106.49166666666666,112.04791666666667,0.22794436184962308,-0.01590532620082586,0.24384968805044893
2025-08-05 10:33:00,106.5,106.5,106.5,106.5,300,31950.0,105.925,106.46666666666667,112.02708333333334,0.22636855014465596,0.03254944906827052,0.19381910107638545
2025-08-05 10:34:00,107.5,107.5,107.5,107.5,3,322.5,105.975,106.46666666666667,112.00625,0.302326321029426,0.08650482346050165,0.21582149756892438
2025-08-05 10:36:00,106.0,106.0,105.5,105.5,4017,424302.0,105.925,106.425,111.97916666666667,0.19884792134051565,0.10897344303650447,0.08987447830401118
2025-08-05 10:47:00,105.5,105.5,105.0,105.0,4605,483827.5,105.875,106.375,111.95,0.07562298800772282,0.10230335203074815,-0.02668036402302533
2025-08-05 12:40:00,105.0,105.0,105.0,105.0,10,1050.0,105.85,106.28333333333333,111.92291666666667,-0.021782563612063655,0.07748616890218579,-0.09926873251424945
2025-08-05 12:45:00,105.5,105.5,105.5,105.5,1000,105500.0,105.875,106.21666666666667,111.89583333333333,-0.05796318025309688,0.050396299071129254,-0.10835947932422613
2025-08-05 13:19:00,105.5,105.5,105.5,105.5,1000,105500.0,105.9,106.16666666666667,111.86458333333333,-0.0856492681598553,0.023187185624932338,-0.10883645378478764
2025-08-05 13:21:00,105.5,105.5,105.5,105.5,622,65621.0,105.925,106.11666666666666,111.83541666666666,-0.10636458753796774,-0.0027231690076476842,-0.10364141853032005
2025-08-05 13:35:00,105.5,105.5,105.5,105.5,300,31650.0,105.95,106.075,111.80416666666666,-0.12138240656595656,-0.02645501651930947,-0.09492739004664709
2025-08-05 14:01:00,105.5,105.5,105.5,105.5,2000,211000.0,105.975,106.01666666666667,111.77291666666666,-0.13176522880651476,-0.047517058976750536,-0.08424816982976421
2025-08-05 14:26:00,106.0,106.0,106.0,106.0,1,106.0,106.025,105.96666666666667,111.74375,-0.09851228066099793,-0.05771610331360002,-0.04079617734739791
2025-08-26 09:01:00,123.0,123.0,123.0,123.0,650,79950.0,106.925,106.2,111.78541666666666,1.2847886021385904,0.21078483777683815,1.0740037643617522
2025-08-26 09:12:00,121.0,123.0,121.0,123.0,70,8570.0,107.775,106.44166666666666,111.82708333333333,2.353929879521303,0.6394138461257313,1.7145160333955716
2025-08-26 09:19:00,121.5,121.5,121.5,121.5,600,72900.0,108.525,106.65,111.86458333333333,3.045092648074487,1.1205496065154825,1.9245430415590044
2025-08-26 09:20:00,121.5,121.5,121.0,121.0,1004,121984.0,109.275,106.86666666666666,111.9,3.5120139892705566,1.5988424830664976,1.913171506204059
2025-08-26 09:21:00,121.0,121.0,120.5,121.0,3050,368050.0,110.0,107.075,111.93541666666667,3.83781260144103,2.0466365067414043,1.7911760946996256
2025-08-26 09:25:00,120.0,120.0,120.0,120.0,1000,120000.0,110.675,107.25833333333334,111.96875,3.9695600884527664,2.4312212230836767,1.5383388653690897
2025-08-26 09:34:00,120.0,120.0,120.0,120.0,1000,120000.0,111.325,107.425,112.00625,4.027543902055086,2.750485758877959,1.2770581431771273
2025-08-26 09:38:00,120.0,120.0,120.0,120.0,2000,240000.0,111.975,107.625,112.04791666666667,4.027074879640338,3.0058035830304353,1.021271296609903
2025-08-26 09:44:00,120.0,120.0,120.0,120.0,1400,168000.0,112.625,107.81666666666666,112.08125,3.98081482071548,3.2008058305674445,0.7800089901480356
2025-08-26 10:13:00,118.5,118.5,118.5,118.5,1,118.5,113.225,108.04166666666667,112.10833333333333,3.7795476540852917,3.316554195271014,0.46299345881427767
2025-08-26 10:20:00,118.5,118.5,118.5,118.5,1000,118500.0,113.775,108.26666666666667,112.14583333333333,3.5787879348840477,3.3690009431936208,0.20978699169042692
2025-08-26 10:21:00,119.0,119.0,119.0,119.0,2150,255850.0,114.45,108.5,112.18333333333334,3.4205996883886485,3.3793206922326267,0.04127899615602182
2025-08-26 10:26:00,119.0,119.0,119.0,119.0,450,53550.0,115.15,108.73333333333333,112.21875,3.257681834998948,3.3549929207858913,-0.09731108578694325
2025-08-26 10:32:00,118.5,118.5,118.5,118.5,1000,118500.0,115.825,108.96666666666667,112.25416666666666,3.053029022969966,3.294600141222707,-0.2415711182527409
2025-08-26 10:33:00,118.5,118.5,118.5,118.5,1000,118500.0,116.475,109.19166666666666,112.28958333333334,2.8578961471869206,3.2072593424155498,-0.34936319522862913
2025-08-26 10:37:00,117.5,117.5,117.5,117.5,1000,117500.0,117.075,109.40833333333333,112.32291666666667,2.5926735676168846,3.084342187455817,-0.4916686198389324
2025-08-26 10:49:00,118.5,118.5,118.5,118.5,1000,118500.0,117.725,109.64166666666667,112.35625,2.4351040415421608,2.954494558273086,-0.5193905167309252
2025-08-26 11:04:00,117.5,117.5,117.5,117.5,1000,117500.0,118.325,109.85833333333333,112.3875,2.2041295804689014,2.8044215627122493,-0.6002919822433479
2025-08-26 11:05:00,117.5,118.0,117.5,118.0,2100,247300.0,118.95,110.075,112.42291666666667,2.037934437685351,2.6511241377068697,-0.6131897000215187
2025-08-26 11:34:00,118.0,118.0,118.0,118.0,500,59000.0,119.55,110.3,112.46041666666666,1.884500243906956,2.497799358946887,-0.613299115039931
2025-08-26 11:46:00,118.0,118.0,118.0,118.0,150,17700.0,119.3,110.53333333333333,112.49375,1.7428124824691054,2.3468019836513307,-0.6039895011822254
2025-08-26 12:25:00,119.0,119.0,119.0,119.0,2,238.0,119.1,110.78333333333333,112.53125,1.691714521428409,2.2157844912067466,-0.5240699697783375
2025-08-26 12:44:00,118.0,118.0,118.0,118.0,1000,118000.0,118.925,111.0,112.56666666666666,1.552629628630939,2.083153518691585,-0.5305238900606462
2025-08-26 13:29:00,118.0,118.0,118.0,118.0,3400,401200.0,118.775,111.21666666666667,112.60208333333334,1.4259661983351464,1.9517160546202974,-0.525749856285151
2025-08-28 09:16:00,118.0,118.0,118.0,118.0,1000,118000.0,118.625,111.43333333333334,112.63541666666667,1.3104781409998623,1.8234684718962106,-0.5129903308963484
2025-08-28 09:17:00,118.0,118.0,118.0,118.0,1000,118000.0,118.525,111.64166666666667,112.6625,1.2050618209679413,1.699787141710557,-0.49472532074261566
2025-08-28 09:31:00,117.5,117.5,117.5,117.5,1000,117500.0,118.4,111.84166666666667,112.7,1.0688517489091254,1.5736000631502707,-0.5047483142411453
2025-08-28 10:50:00,118.0,118.0,118.0,118.0,100,11800.0,118.3,112.05,112.73958333333333,0.9898398491603615,1.456848020352289,-0.4670081711919276
2025-08-28 11:04:00,118.5,118.5,118.5,118.5,1000,118500.0,118.225,112.25833333333334,112.77916666666667,0.9565417527855828,1.356786766838948,-0.4002450140533651
2025-08-28 11:05:00,118.5,118.5,118.5,118.5,100,11850.0,118.225,112.45833333333333,112.81666666666666,0.9195527399245975,1.2693399614560779,-0.34978722153148034
2025-08-28 11:20:00,118.5,118.5,118.5,118.5,1000,118500.0,118.225,112.65833333333333,112.85208333333334,0.8800935105899299,1.1914906712828484,-0.31139716069291845
2025-08-28 12:43:00,119.0,119.0,119.0,119.0,1000,119000.0,118.225,112.86666666666666,112.8875,0.8790346441813881,1.1289994658625564,-0.2499648216811683
2025-08-28 12:44:00,118.0,118.0,118.0,118.0,116,13688.0,118.175,113.06666666666666,112.91458333333334,0.7884154793977132,1.0608826685695878,-0.2724671891718746
2025-08-28 13:03:00,119.0,119.0,119.0,119.0,50,5950.0,118.2,113.29166666666667,112.94583333333334,0.7882048462549704,1.0063471041066643,-0.21814225785169383
2025-08-28 13:34:00,118.0,118.0,118.0,118.0,30,3540.0,118.175,113.50833333333334,112.97291666666666,0.6992853491060487,0.9449347531065412,-0.2456494040004925
2025-08-28 14:33:00,119.0,119.0,119.0,119.0,100,11900.0,118.25,113.74166666666666,113.00625,0.7014220923756227,0.8962322209603575,-0.1948101285847348
2025-08-07 09:27:00,106.0,106.0,106.0,106.0,3000,318000.0,117.625,113.75833333333334,112.9875,-0.34193427221232753,0.6485989223258204,-0.9905331945381479
2025-08-07 10:20:00,105.5,105.5,105.5,105.5,2000,211000.0,117.025,113.76666666666667,112.96666666666667,-1.1953680704255305,0.2798055237755501,-1.4751735942010806
2025-08-07 10:25:00,105.0,105.0,105.0,105.0,2000,210000.0,116.375,113.76666666666667,112.94583333333334,-1.890276395858379,-0.15421086015123583,-1.7360655357071433
2025-08-07 10:30:00,105.0,105.0,105.0,105.0,12110,1271550.0,115.725,113.76666666666667,112.92083333333333,-2.4131786292219033,-0.6060044139653695,-1.8071742152565338
2025-08-07 10:31:00,105.0,105.0,105.0,105.0,2000,210000.0,115.075,113.76666666666667,112.89375,-2.7953592550284156,-1.043875382177979,-1.7514838728504367
2025-08-07 10:38:00,105.0,105.0,105.0,105.0,2000,210000.0,114.375,113.75,112.86666666666666,-3.0629325743351927,-1.4476868206094218,-1.615245753725771
2025-08-07 10:39:00,105.0,105.0,105.0,105.0,2000,210000.0,113.725,113.725,112.84166666666667,-3.2376645757939286,-1.8056823716463235,-1.4319822041476051
2025-08-07 10:50:00,105.5,105.5,105.5,105.5,5000,527500.0,113.1,113.71666666666667,112.82083333333334,-3.2977803652468793,-2.104101970366435,-1.1936783948804441
2025-08-07 12:45:00,105.5,105.5,105.5,105.5,1,105.5,112.475,113.7,112.80208333333333,-3.3072980878638845,-2.344741193865925,-0.9625568939979594
2025-08-07 13:44:00,105.5,105.5,105.5,105.5,1000,105500.0,111.85,113.68333333333334,112.77916666666667,-3.277064986348833,-2.531205952362507,-0.745859033986326
2025-08-07 14:24:00,106.0,106.0,106.0,106.0,2000,212000.0,111.275,113.66666666666667,112.75833333333334,-3.176146573636501,-2.660194076617306,-0.5159524970191951
2025-08-07 14:35:00,106.0,106.0,106.0,106.0,2000,212000.0,110.675,113.65,112.74166666666666,-3.0608840386209977,-2.7403320690180446,-0.32055196960295307
2025-08-07 14:44:00,106.5,106.5,106.5,106.5,2000,213000.0,110.075,113.64166666666667,112.75625,-2.8958107244223044,-2.771427800098897,-0.12438292432340736
2025-08-07 14:46:00,106.5,106.5,106.5,106.5,1000,106500.0,109.475,113.64166666666667,112.76666666666667,-2.7334790882333238,-2.7638380577257826,0.030358969492458865
2025-08-07 14:59:00,106.5,106.5,106.5,106.5,400,42600.0,108.875,113.625,112.77708333333334,-2.575145423546985,-2.7260995308900235,0.1509541073430385
2025-09-01 09:11:00,112.5,112.5,112.5,112.5,1000,112500.0,108.55,113.74166666666666,112.81458333333333,-1.9431159663306659,-2.5695028179781523,0.6263868516474864
2025-09-01 09:12:00,112.5,112.5,112.5,112.5,1000,112500.0,108.275,113.86666666666666,112.85208333333334,-1.4257924204622583,-2.3407607384749736,0.9149683180127153
2025-09-01 09:13:00,112.0,112.0,112.0,112.0,1000,112000.0,107.925,113.98333333333333,112.8875,-1.0441196432666402,-2.081432519433307,1.0373128761666668
2025-09-01 09:38:00,113.0,113.0,113.0,113.0,1000,113000.0,107.675,114.10833333333333,112.92708333333333,-0.6534173859963772,-1.7958294927459209,1.1424121067495436
2025-09-01 10:01:00,112.0,112.5,112.0,112.0,6145,688290.0,107.325,114.21666666666667,112.9625,-0.41963735667070523,-1.5205910655308776,1.1009537088601724
2025-09-01 10:52:00,112.5,112.5,112.5,112.5,1000,112500.0,107.65,114.33333333333333,113.0,-0.19180813304893718,-1.2548344790344896,1.0630263459855525
2025-09-01 11:14:00,112.5,112.5,112.5,112.5,1000,112500.0,108.0,114.45,113.03958333333334,-0.01112360590312278,-1.0060923044082162,0.9949686985050934
2025-09-01 12:12:00,112.5,112.5,112.5,112.5,15,1687.5,108.375,114.56666666666666,113.07916666666667,0.13056511030403328,-0.7787608214657663,0.9093259317697996
2025-09-01 12:24:00,112.0,112.0,112.0,112.0,200,22400.0,108.725,114.66666666666667,113.11458333333333,0.2002008268731288,-0.5829684917979873,0.783169318671116
2025-09-01 12:27:00,112.0,112.0,112.0,112.0,1000,112000.0,109.075,114.48333333333333,113.15,0.2524772335654575,-0.4158793467252983,0.6683565802907558
2025-09-01 12:32:00,111.5,112.0,111.5,112.0,9000,1006000.0,109.425,114.3,113.18541666666667,0.2905572988250782,-0.274592017615223,0.5651493164403012
2025-09-01 12:35:00,111.5,111.5,111.5,111.5,1000,111500.0,109.75,114.13333333333334,113.21875,0.2771948736145191,-0.16423463936927457,0.4414295129837937
2025-09-01 12:39:00,111.5,111.5,111.5,111.5,2000,223000.0,110.05,113.975,113.25208333333333,0.2635668211149209,-0.07867434727243545,0.34224116838735635
2025-09-01 13:02:00,112.0,112.0,112.0,112.0,50,5600.0,110.375,113.825,113.2875,0.28977200139455306,-0.004985077539037733,0.29475707893359077
2025-09-01 13:04:00,112.0,112.0,112.0,112.0,100,11200.0,110.7,113.69166666666666,113.32083333333334,0.307000880515119,0.05741211407179363,0.24958876644332534
2025-09-01 13:15:00,112.0,112.0,112.0,112.0,1000,112000.0,111.0,113.55833333333334,113.35416666666667,0.31700070454957086,0.1093298321673491,0.20767087238222176
2025-09-01 15:00:00,112.5,112.5,112.5,112.5,2,225.0,111.325,113.43333333333334,113.36666666666666,0.36110882076404494,0.1596856298866883,0.20142319087735663
2025-09-02 09:01:00,112.5,112.5,112.5,112.5,18,2025.0,111.625,113.30833333333334,113.38125,0.39155126143619157,0.206058756196589,0.18549250523960256
2025-09-02 09:19:00,112.5,112.5,112.5,112.5,1000,112500.0,111.925,113.20833333333333,113.39791666666666,0.41094005385525634,0.24703501572832248,0.16390503812693386
2025-09-02 09:20:00,112.5,112.5,112.5,112.5,1000,112500.0,112.225,113.10833333333333,113.41458333333334,0.421447625649634,0.2819175377125848,0.13953008793704919
2025-09-02 09:24:00,112.5,112.5,112.5,112.5,1000,112500.0,112.225,113.0,113.43125,0.4248772317489511,0.3105094765198581,0.11436775522909298
2025-09-02 12:00:00,115.5,115.5,115.5,115.5,2,231.0,112.375,112.94166666666666,113.46041666666666,0.6620385786159204,0.3808152969390706,0.2812232816768498
2025-09-02 12:36:00,115.5,115.5,115.5,115.5,50,5775.0,112.55,112.89166666666667,113.49166666666666,0.8403041514762037,0.4727130678464973,0.36759108362970644
2025-09-03 09:01:00,115.5,115.5,115.5,115.5,12,1386.0,112.675,112.84166666666667,113.52291666666666,0.9703947951533252,0.5722494133078629,0.3981453818454622
2025-09-03 10:25:00,115.0,115.0,115.0,115.0,4000,460000.0,112.825,112.8,113.55,1.0213729941009007,0.6620741294664706,0.35929886463443006
2025-09-03 10:43:00,115.0,115.0,115.0,115.0,1000,115000.0,112.95,112.74166666666666,113.57708333333333,1.0496736001811797,0.7395940236094125,0.3100795765717672
2025-09-03 11:03:00,115.0,115.0,115.0,115.0,30,3450.0,113.075,112.7,113.60625,1.0598843473930089,0.8036520883661319,0.25623225902687696
2025-09-03 11:14:00,115.5,115.5,115.5,115.5,1,115.5,113.225,112.65833333333333,113.63125,1.0956918063493646,0.8620600319627785,0.2336317743865861
2025-09-03 12:06:00,114.5,114.5,114.5,114.5,2000,229000.0,113.35,112.6,113.65416666666667,1.0314874872257178,0.8959455230153665,0.13554196421035136
2025-09-03 14:38:00,114.5,114.5,114.5,114.5,1000,114500.0,113.475,112.54166666666667,113.67291666666667,0.9694301148385307,0.9106424413799994,0.05878767345853131
2025-09-04 09:48:00,113.0,113.0,113.0,113.0,1,113.0,113.525,112.44166666666666,113.67291666666667,0.7901039100925686,0.8865347351225134,-0.09643082502994471
2025-09-04 10:17:00,114.0,114.0,114.0,114.0,2000,228000.0,113.65,112.375,113.67708333333333,0.7203742179401047,0.8533026316860317,-0.132928413745927
2025-09-04 12:31:00,114.5,114.5,114.0,114.0,2000,228500.0,113.775,112.30833333333334,113.67708333333333,0.6575332999524193,0.8141487653393094,-0.15661546538689008
2025-09-04 12:37:00,113.5,113.5,113.5,113.5,100,11350.0,113.85,112.23333333333333,113.67916666666666,0.5609196656321132,0.7635029453978702,-0.20258327976575707
2025-09-04 12:58:00,114.5,114.5,114.0,114.0,1100,125900.0,113.95,112.16666666666667,113.68333333333334,0.5187190157728025,0.7145461594728567,-0.19582714370005416
2025-09-05 09:40:00,115.0,115.0,115.0,115.0,1,115.0,114.1,112.125,113.69166666666666,0.559516580518121,0.6835402436819097,-0.12402366316378866
2025-09-05 10:48:00,115.0,115.0,115.0,115.0,1000,115000.0,114.225,112.075,113.7,0.5851042271929998,0.6638530403841277,-0.07874881319112792
2025-09-05 13:08:00,115.0,115.0,115.0,115.0,8000,920000.0,114.35,112.01666666666667,113.71041666666666,0.5984836742779436,0.650779167162891,-0.05229549288494739
2025-09-05 13:50:00,115.5,115.5,115.5,115.5,2,231.0,114.5,111.96666666666667,113.72291666666666,0.6420318601789461,0.6490297057661021,-0.006997845587155993
2025-09-05 13:57:00,115.5,115.5,115.5,115.5,1000,115500.0,114.65,111.91666666666667,113.7375,0.6688342068514714,0.652990605983176,0.015843600868295393
2025-09-05 13:58:00,116.0,116.0,116.0,116.0,2000,232000.0,114.825,111.86666666666666,113.75208333333333,0.7220971940524521,0.6668119235970313,0.055285270455420754
2025-09-05 14:13:00,117.0,117.0,117.0,117.0,2,234.0,114.9,111.85,113.77083333333333,0.8353705065996166,0.7005236401975484,0.13484686640206822
2025-09-05 14:59:00,117.5,117.5,117.5,117.5,2,235.0,115.0,111.825,113.78958333333334,0.9544835519673569,0.7513156225515102,0.20316792941584672
2025-09-08 09:01:00,117.5,117.5,117.5,117.5,57,6697.5,115.1,111.81666666666666,113.80833333333334,1.0369284330735127,0.8084381846559107,0.22849024841760202
2025-09-08 09:47:00,117.0,117.5,117.0,117.5,4500,527750.0,115.225,111.79166666666667,113.83125,1.089705152651561,0.8646915782550408,0.22501357439652026
2025-09-08 09:55:00,118.0,118.0,118.0,118.0,1,118.0,115.375,111.99166666666666,113.85625,1.1585221819203895,0.9234576989881107,0.23506448293227877
2025-09-08 10:20:00,117.0,117.0,117.0,117.0,50,5850.0,115.475,112.18333333333334,113.875,1.119464046083479,0.9626589684071846,0.15680507767629448
2025-09-08 12:27:00,117.0,117.0,117.0,117.0,2000,234000.0,115.55,112.38333333333334,113.89166666666667,1.0761055174809826,0.9853482782219443,0.09075723925903834
2025-09-08 13:21:00,117.0,117.0,117.0,117.0,1000,117000.0,115.675,112.58333333333333,113.90833333333333,1.029871849573226,0.9942529924922008,0.03561885708102519
2025-09-08 13:22:00,117.5,117.5,117.5,117.5,2000,235000.0,115.825,112.79166666666667,113.86875,1.021798498938125,0.9997620937813858,0.022036405156739214
2025-09-08 13:26:00,117.5,117.5,117.5,117.5,100,11750.0,116.05,113.0,113.825,1.003828796885685,1.0005754344022457,0.003253362483439215
2025-09-08 15:00:00,118.0,118.0,118.0,118.0,2000,236000.0,116.25,113.21666666666667,113.77916666666667,1.0181963659684214,1.0040996207154809,0.014096745252940579
2025-09-09 10:14:00,118.0,118.0,118.0,118.0,1,118.0,116.45,113.425,113.73125,1.0178496310222016,1.006849622776825,0.011000008245376502
2025-09-09 12:30:00,118.0,118.0,118.0,118.0,100,11800.0,116.675,113.63333333333334,113.69375,1.005978546594008,1.0066754075402617,-0.0006968609462536524
2025-09-10 09:03:00,117.5,117.5,117.5,117.5,1000,117500.0,116.85,113.83333333333333,113.6625,0.9453276565537436,0.9944058573429582,-0.04907820078921454
2025-09-10 09:11:00,117.0,117.0,117.0,117.0,2000,234000.0,116.95,114.01666666666667,113.63333333333334,0.8471501483278701,0.9649547155399407,-0.11780456721207067
2025-09-10 09:23:00,117.0,117.0,117.0,117.0,2000,234000.0,117.05,114.2,113.5875,0.7605763154064107,0.9240790355132349,-0.1635027201068242
2025-09-10 11:02:00,117.5,117.5,117.5,117.5,1000,117500.0,117.175,114.38333333333334,113.54375,0.7239663173579061,0.8840564918821693,-0.16009017452426322
2025-09-10 13:11:00,117.0,117.0,117.0,117.0,100,11700.0,117.25,114.55833333333334,113.5,0.6471469021648346,0.8366745739387024,-0.18952767177386776
2025-09-10 13:12:00,118.0,118.0,118.0,118.0,1,118.0,117.375,114.75,113.45833333333333,0.6593579369603759,0.8012112465430371,-0.14185330958266118
2025-09-10 13:28:00,118.0,118.0,118.0,118.0,200,23600.0,117.475,114.84166666666667,113.43333333333334,0.6614109364502241,0.7732511845244746,-0.11184024807425053
2025-09-11 09:11:00,117.5,117.5,117.5,117.5,100,11750.0,117.5,114.925,113.40416666666667,0.6155959253787415,0.7417201326953281,-0.12612420731658658
2025-09-11 09:15:00,117.5,117.5,117.5,117.5,100,11750.0,117.5,115.01666666666667,113.36041666666667,0.5726856355036034,0.7079132332569832,-0.13522759775337978
2025-09-11 09:28:00,117.5,117.5,117.5,117.5,1000,117500.0,117.5,115.09166666666667,113.32291666666667,0.5325401304959883,0.6728386127047843,-0.14029848220879604
2025-09-11 09:30:00,117.0,117.0,117.0,117.0,1000,117000.0,117.475,115.175,113.28333333333333,0.4551322262251034,0.6292973354088481,-0.17416510918374473
2025-09-11 09:42:00,118.0,118.0,118.0,118.0,100,11800.0,117.475,115.26666666666667,113.25416666666666,0.46907039551457785,0.5972519474299941,-0.12818155191541625
2025-09-11 09:58:00,118.0,118.0,118.0,118.0,5500,649000.0,117.525,115.35833333333333,113.225,0.4746450820460524,0.5727305743532057,-0.09808549230715335
2025-09-11 10:08:00,118.0,118.0,118.0,118.0,50,5900.0,117.575,115.45,113.19375,0.47360365317986464,0.5529051901185376,-0.07930153693867292
2025-09-11 10:09:00,118.5,118.5,118.5,118.5,2000,237000.0,117.65,115.55833333333334,113.16875,0.5072765661402059,0.5437794653228712,-0.03650289918266536
2025-09-11 10:10:00,119.0,120.0,119.0,120.0,2001,238120.0,117.775,115.69166666666666,113.14791666666666,0.6475356681331874,0.5645307058849345,0.08300496224825293
2025-09-11 10:32:00,118.5,119.0,118.5,118.5,4120,489720.0,117.825,115.8,113.125,0.6303878344452443,0.5777021315969965,0.052685702848247806
2025-09-11 10:44:00,118.5,118.5,118.5,118.5,1000,118500.0,117.85,115.91666666666667,113.09791666666666,0.6097690150664334,0.5841155082908839,0.02565350677554956
2025-09-11 12:17:00,118.0,118.5,118.0,118.5,600,70900.0,117.875,116.03333333333333,113.07708333333333,0.5866657347546465,0.5846255535836364,0.0020401811710100137
2025-09-11 14:30:00,118.5,118.5,118.5,118.5,270,31995.0,117.9,116.14166666666667,113.05625,0.5618792247125981,0.5800762878094288,-0.018197063096830668
2025-09-11 14:59:00,118.5,118.5,118.5,118.5,100,11850.0,117.95,116.25,113.03541666666666,0.5360564122897671,0.5712723127054965,-0.03521590041572942
2025-09-12 09:05:00,117.5,117.5,117.5,117.5,2000,235000.0,117.975,116.34166666666667,113.01458333333333,0.4299438793398025,0.5430066260323577,-0.11306274669255523
2025-09-12 09:29:00,117.5,117.5,117.5,117.5,3500,411250.0,118.0,116.425,112.99791666666667,0.3419076341016165,0.5027868276462095,-0.160879193544593
2025-09-12 09:32:00,117.5,117.5,117.5,117.5,500,58750.0,118.0,116.50833333333334,112.98333333333333,0.2690369845947629,0.4560368590359202,-0.1869998744411573
2025-09-12 09:38:00,117.5,117.5,117.5,117.5,300,35250.0,118.025,116.59166666666667,112.96041666666666,0.20887864683759005,0.4066052165962542,-0.19772656975866415
2025-09-12 09:49:00,117.5,117.5,117.5,117.5,1000,117500.0,118.0,116.675,112.9375,0.15936566259097162,0.3571573057951977,-0.1977916432042261
2025-09-12 10:06:00,117.0,117.0,117.0,117.0,27,3159.0,117.95,116.75,112.91458333333334,0.07887126567305813,0.3015000977707698,-0.22262883209771167
2025-09-12 10:20:00,117.5,117.5,117.5,117.5,100,11750.0,117.95,116.78333333333333,112.90416666666667,0.05479307702600522,0.25215869362181687,-0.19736561659581164
2025-09-12 10:34:00,117.5,117.5,117.5,117.5,1000,117500.0,117.95,116.81666666666666,112.89375,0.03530397678085251,0.20878775025362398,-0.17348377347277147
2025-09-15 09:03:00,118.0,118.0,118.0,118.0,2000,236000.0,117.975,116.85833333333333,112.88541666666667,0.05951845406137579,0.17893389101517435,-0.11941543695379855
2025-09-15 09:11:00,118.5,118.5,118.0,118.0,3000,355000.0,118.025,116.90833333333333,112.87916666666666,0.077811637639428,0.1587094403400251,-0.0808978027005971
2025-09-15 09:15:00,118.5,118.5,118.5,118.5,300,35550.0,118.05,116.96666666666667,112.87708333333333,0.13114320155226267,0.15319619258247263,-0.022052991030209967
2025-09-15 13:08:00,118.0,118.0,118.0,118.0,1000,118000.0,118.05,117.01666666666667,112.87291666666667,0.1315466410674162,0.14886628227946136,-0.017319641212045156
2025-09-15 13:09:00,118.0,118.0,117.5,117.5,6050,711400.0,118.025,117.05,112.86875,0.09047757925090139,0.13718854167374936,-0.046710962422847974
2025-09-16 09:50:00,117.5,117.5,117.5,117.5,1000,117500.0,117.975,117.1,112.85208333333334,0.05726988034335534,0.12120480940767056,-0.06393492906431522
2025-09-16 09:55:00,117.5,117.5,117.5,117.5,1000,117500.0,117.85,117.15,112.83541666666666,0.030599804215299287,0.10308380836919633,-0.07248400415389704
2025-09-16 10:42:00,117.0,117.0,117.0,117.0,2000,234000.0,117.775,117.21666666666667,112.81666666666666,-0.03053031017807939,0.07636098465974119,-0.10689129483782057
2025-09-16 10:46:00,117.0,117.0,117.0,117.0,2000,234000.0,117.7,117.26666666666667,112.79791666666667,-0.07807635068368768,0.045473517591055404,-0.12354986827474308
2025-09-16 10:47:00,117.0,117.0,117.0,117.0,3000,351000.0,117.625,117.31666666666666,112.77916666666667,-0.11443776303782727,0.013491261465278863,-0.12792902450310614
2025-09-16 13:39:00,117.5,117.5,117.5,117.5,8,940.0,117.575,117.38333333333334,112.76458333333333,-0.10173587513251903,-0.009554165854280722,-0.09218170927823831
2025-09-16 14:02:00,117.5,117.5,117.5,117.5,100,11750.0,117.525,117.44166666666666,112.74583333333334,-0.09062487036190703,-0.02576830675580599,-0.06485656360610104
2025-09-17 10:03:00,115.5,115.5,115.5,115.5,100,11550.0,117.425,117.45,112.72291666666666,-0.2404310646828094,-0.06870085834120669,-0.1717302063416027
2025-09-17 10:04:00,117.0,117.0,117.0,117.0,2000,234000.0,117.4,117.48333333333333,112.70625,-0.23540251533670187,-0.10204118974030575,-0.13336132559639613
2025-09-17 10:40:00,117.5,117.5,117.5,117.5,1,117.5,117.4,117.525,112.6875,-0.18889407906453926,-0.11941176760515246,-0.0694823114593868
2025-09-17 14:59:00,117.5,117.5,117.5,117.5,6,705.0,117.4,117.55833333333334,112.67083333333333,-0.1503032064402987,-0.12559005537218174,-0.024713151068116973
2025-09-18 09:15:00,116.0,116.0,116.0,116.0,2000,232000.0,117.325,117.56666666666666,112.64791666666666,-0.23801345488068648,-0.14807473527388268,-0.0899387196068038
2025-09-18 09:25:00,115.5,115.5,115.5,115.5,500,57750.0,117.25,117.55833333333334,112.62083333333334,-0.3439059463381824,-0.18724097748674265,-0.15666496885143974
2025-09-18 09:56:00,115.5,115.5,115.5,115.5,66,7623.0,117.15,117.53333333333333,112.59583333333333,-0.4229509929634361,-0.23438298058208135,-0.18856801238135473
2025-09-18 09:57:00,116.0,116.0,116.0,116.0,2000,232000.0,117.075,117.50833333333334,112.56666666666666,-0.4401748785762294,-0.275541360180911,-0.16463351839531837
2025-09-18 12:46:00,116.5,116.5,116.5,116.5,100,11650.0,117.0,117.49166666666666,112.53958333333334,-0.4087670980326692,-0.30218650775126266,-0.10658059028140654
2025-09-19 09:52:00,115.5,115.5,115.5,115.5,1000,115500.0,116.875,117.45833333333333,112.50833333333334,-0.4592736278286651,-0.3336039317667432,-0.1256696960619219
2025-09-19 10:08:00,115.5,115.5,115.5,115.5,1000,115500.0,116.725,117.41666666666667,112.47708333333334,-0.49361038333458396,-0.3656052220803114,-0.12800516125427258
2025-09-19 10:10:00,115.0,115.0,115.0,115.0,500,57500.0,116.575,117.38333333333334,112.5,-0.5547732500889708,-0.40343882768204326,-0.15133442240692757
2025-09-19 10:19:00,115.0,115.0,115.0,115.0,1000,115000.0,116.45,117.35,112.53333333333333,-0.5963706727587947,-0.4420251966973936,-0.15434547606140114
2025-09-19 10:26:00,115.0,115.5,115.0,115.5,5000,576000.0,116.35,117.325,112.57291666666667,-0.5822789592065334,-0.47007594919922163,-0.11220301000731175
2025-09-19 10:30:00,115.0,115.0,115.0,115.0,6000,690000.0,116.225,117.28333333333333,112.61041666666667,-0.6044888251219476,-0.49695852438376686,-0.1075303007381807
2025-09-19 10:31:00,116.0,116.0,116.0,116.0,1,116.0,116.175,117.25833333333334,112.65,-0.5352288759089845,-0.5046125946888105,-0.030616281220174013
2025-09-19 11:42:00,115.0,115.0,115.0,115.0,1000,115000.0,116.075,117.20833333333333,112.69375,-0.5546379883385981,-0.514617673418768,-0.04002031491983016
2025-09-19 11:44:00,115.0,115.0,115.0,115.0,100,11500.0,115.975,117.15833333333333,112.7375,-0.5635238970701977,-0.5243989181490539,-0.03912497892114375
2025-09-19 12:03:00,115.5,115.5,115.0,115.0,2000,230500.0,115.85,117.10833333333333,112.77291666666666,-0.5640638666226465,-0.5323319078437725,-0.031731958778874025
2025-09-19 12:06:00,115.0,115.0,115.0,115.0,1000,115000.0,115.725,117.06666666666666,112.80625,-0.5580588414386796,-0.537477294562754,-0.020581546875925616
2025-09-19 12:49:00,115.5,115.5,115.5,115.5,1,115.5,115.725,117.04166666666667,112.82291666666667,-0.5071083648251715,-0.5314035086152374,0.02429514379006592
2025-09-19 15:00:00,115.5,115.5,115.5,115.5,1,115.5,115.65,117.01666666666667,112.84791666666666,-0.461410887537383,-0.5174049843996665,0.055994096862283516
2025-09-22 10:17:00,114.5,114.5,114.5,114.5,1000,114500.0,115.5,116.96666666666667,112.87083333333334,-0.5001218567559391,-0.513948358870921,0.013826502114981931
2025-09-22 10:18:00,115.0,115.0,115.0,115.0,2000,230000.0,115.375,116.93333333333334,112.9,-0.4848655294285322,-0.5081317929824433,0.023266263553911037
2025-09-22 12:19:00,114.5,114.5,114.5,114.5,5000,572500.0,115.3,116.875,112.92916666666666,-0.5072730732098591,-0.5079600490279265,0.0006869758180673147
2025-09-22 12:32:00,114.5,114.5,114.5,114.5,2000,229000.0,115.25,116.81666666666666,112.95625,-0.5190479514065061,-0.5101776295036424,-0.008870321902863632
2025-09-22 12:50:00,115.0,115.0,115.0,115.0,1,115.0,115.225,116.775,112.98541666666667,-0.4824721670716201,-0.504636537017238,0.02216436994561788
2025-09-22 13:21:00,115.0,115.0,114.5,114.5,3000,344000.0,115.15,116.725,113.00208333333333,-0.4882037073554386,-0.5013499710848781,0.0131462637294395
2025-09-22 13:24:00,115.0,115.0,115.0,115.0,1,115.0,115.075,116.68333333333334,113.025,-0.44724461547117755,-0.490528899962138,0.043284284490960445
2025-09-22 14:43:00,115.0,115.0,115.0,115.0,1,115.0,115.05,116.65,113.05208333333333,-0.4100573541319932,-0.4744345907961091,0.06437723666411593
2025-09-22 14:55:00,114.0,114.0,114.0,114.0,1000,114000.0,114.975,116.58333333333333,113.075,-0.45602109691031956,-0.47075189201895123,0.014730795108631678
2025-09-23 09:25:00,114.0,114.0,114.0,114.0,3000,342000.0,114.925,116.51666666666667,113.1,-0.48683575467784124,-0.4739686645507293,-0.012867090127111958
2025-09-23 10:01:00,114.5,114.5,114.5,114.5,1,114.5,114.9,116.45833333333333,113.12291666666667,-0.4655442671204497,-0.47228378506467344,0.006739517944223727
2025-09-23 11:13:00,113.5,113.5,113.5,113.5,2000,227000.0,114.8,116.375,113.14166666666667,-0.5233296342236713,-0.48249295489647304,-0.040836679327198255
2025-09-23 11:44:00,113.0,113.0,113.0,113.0,1000,113000.0,114.7,116.25833333333334,113.15833333333333,-0.6025252393988865,-0.5064994117969558,-0.09602582760193068
2025-09-23 11:51:00,114.0,114.0,114.0,114.0,1,114.0,114.6,116.18333333333334,113.18125,-0.5779346139447199,-0.5207864522265087,-0.05714816171821124
2025-09-23 14:00:00,114.0,114.0,114.0,114.0,1,114.0,114.55,116.10833333333333,113.20208333333333,-0.5520823049541832,-0.5270456227720436,-0.025036682182139613
2025-09-24 09:01:00,113.0,113.0,113.0,113.0,1,113.0,114.45,116.01666666666667,113.22291666666666,-0.6053081904464506,-0.542698136306925,-0.06261005413952558
2025-09-24 10:59:00,112.0,112.0,112.0,112.0,1000,112000.0,114.3,115.90833333333333,113.2375,-0.7198833635193438,-0.5781351817494088,-0.14174818176993498
2025-09-24 11:09:00,111.0,111.0,111.0,111.0,1,111.0,114.1,115.78333333333333,113.24583333333334,-0.8812185177671239,-0.6387518489529519,-0.242466668814172
2025-09-24 11:25:00,112.0,115.0,112.0,113.0,7000,792000.0,113.975,115.70833333333333,113.25833333333334,-0.8380341683285906,-0.6786083128280797,-0.15942585550051092
2025-09-24 11:26:00,112.5,112.5,112.5,112.5,2000,225000.0,113.825,115.625,113.27708333333334,-0.8345360692718486,-0.7097938641168335,-0.1247422051550151
2025-09-24 11:50:00,113.0,113.0,113.0,113.0,1000,113000.0,113.75,115.55,113.29583333333333,-0.7823989709308563,-0.7243148854796382,-0.058084085451218126
2025-09-25 09:16:00,112.5,112.5,112.5,112.5,1000,112500.0,113.625,115.46666666666667,113.32708333333333,-0.7725206292570732,-0.7339560342351252,-0.03856459502194798
2025-09-25 09:24:00,112.5,112.5,112.5,112.5,2000,225000.0,113.525,115.38333333333334,113.35833333333333,-0.7559775338801131,-0.738360334164123,-0.017617199715990184
2025-09-25 09:42:00,112.5,112.5,112.5,112.5,150,16875.0,113.425,115.30833333333334,113.38958333333333,-0.7344012906772974,-0.7375685254667579,0.0031672347894604602
2025-09-25 12:36:00,113.0,113.0,113.0,113.0,1000,113000.0,113.325,115.23333333333333,113.42291666666667,-0.6692415412656629,-0.7239031286265389,0.05466158736087601
2025-09-26 09:24:00,111.5,111.5,111.5,111.5,1000,111500.0,113.175,115.13333333333334,113.45208333333333,-0.7302218909714782,-0.7251668810955268,-0.005055009875951311
2025-09-26 10:28:00,111.0,111.5,111.0,111.5,4000,445000.0,113.0,115.025,113.47916666666667,-0.7696769012427325,-0.734068885124968,-0.03560801611776443
2025-09-26 11:50:00,111.5,111.5,111.5,111.5,1000,111500.0,112.825,114.91666666666667,113.50833333333334,-0.791817699589231,-0.7456186480178207,-0.04619905157141024
2025-09-26 12:01:00,112.0,112.0,112.0,112.0,1,112.0,112.725,114.80833333333334,113.53958333333334,-0.7602548755064049,-0.7485458935155377,-0.011708981990867229
2025-09-26 13:00:00,112.0,112.0,112.0,112.0,100,11200.0,112.625,114.70833333333333,113.57083333333334,-0.7268622939542695,-0.7442091736032841,0.0173468796490146
2025-09-26 13:15:00,111.0,111.5,111.0,111.5,5000,555500.0,112.475,114.60833333333333,113.59791666666666,-0.7323027238612383,-0.7418278836548751,0.009525159793636773
2025-09-30 09:40:00,110.0,110.0,110.0,110.0,4000,440000.0,112.3,114.48333333333333,113.62083333333334,-0.8478779584167029,-0.7630378986072407,-0.08484005980946219
2025-09-30 09:45:00,111.0,111.0,111.0,111.0,200,22200.0,112.2,114.375,113.65,-0.8489938492118227,-0.7802290887281572,-0.06876476048366553
2025-09-30 10:00:00,111.0,111.0,111.0,111.0,1000,111000.0,112.05,114.275,113.67916666666666,-0.8401929790460514,-0.7922218667917361,-0.047971112254315273
2025-09-30 12:15:00,111.5,111.5,111.5,111.5,500,55750.0,111.925,114.18333333333334,113.70625,-0.7838368217475704,-0.7905448577829031,0.006708036035332654
2025-09-30 13:06:00,111.5,111.5,111.5,111.5,100,11150.0,111.85,114.09166666666667,113.73333333333333,-0.7307505239011931,-0.7785859910065611,0.04783546710536801
2025-10-01 09:32:00,111.5,111.5,111.5,111.5,50,5575.0,111.825,113.99166666666666,113.76041666666667,-0.680831053806159,-0.7590350035664808,0.07820394976032174
2025-10-01 09:59:00,111.5,111.5,111.5,111.5,2000,223000.0,111.85,113.89166666666667,113.78541666666666,-0.6339615994148176,-0.7340203227361483,0.1000587233213307
2025-10-01 10:29:00,111.5,112.0,111.5,112.0,4000,447000.0,111.8,113.83333333333333,113.8125,-0.5501298434168689,-0.6972422268722924,0.14711238345542355
2025-10-01 11:08:00,112.0,112.0,112.0,112.0,1000,112000.0,111.775,113.75,113.83958333333334,-0.4781804067413731,-0.6534298628461086,0.17524945610473552
2025-10-02 09:01:00,112.0,112.0,112.0,112.0,1000,112000.0,111.725,113.65833333333333,113.86458333333333,-0.4163604161068264,-0.6060159734982522,0.1896555573914258
2025-10-02 11:18:00,111.0,111.0,111.0,111.0,1000,111000.0,111.65,113.55,113.88333333333334,-0.44295318223524305,-0.5734034152456504,0.13045023301040737
2025-10-02 11:38:00,111.0,111.0,111.0,111.0,2000,222000.0,111.575,113.46666666666667,113.90208333333334,-0.4587400709998235,-0.5504707463964851,0.09173067539666158
2025-10-02 12:34:00,111.0,111.0,111.0,111.0,50,5550.0,111.5,113.39166666666667,113.92083333333333,-0.46588090896636913,-0.5335527789104619,0.0676718699440928
2025-10-03 13:00:00,111.5,111.5,111.5,111.5,500,55750.0,111.425,113.325,113.94375,-0.4262803585531003,-0.5120982948389896,0.0858179362858893
2025-10-07 09:01:00,111.5,111.5,111.5,111.5,1000,111500.0,111.425,113.25,113.96875,-0.39039639046802677,-0.48775791396479706,0.0973615234967703
2025-10-07 09:13:00,111.5,111.5,111.5,111.5,1000,111500.0,111.425,113.16666666666667,113.99583333333334,-0.3578332087436138,-0.46177297292056046,0.10393976417694667
2025-10-07 09:21:00,111.5,111.5,111.5,111.5,2000,223000.0,111.425,113.1,114.02291666666666,-0.3282428731048981,-0.43506695295742803,0.10682407985252995
2025-10-07 10:24:00,111.0,111.0,111.0,111.0,50,5550.0,111.375,113.025,114.04791666666667,-0.34120494207050456,-0.4162945507800434,0.07508960870953885
2025-10-07 10:34:00,111.0,111.0,111.0,111.0,135,14985.0,111.325,112.95833333333333,114.07291666666667,-0.34747203380059943,-0.40253004738415465,0.05505801358355522
2025-10-07 13:01:00,112.0,112.0,112.0,112.0,1,112.0,111.35,112.90833333333333,114.10208333333334,-0.2686502733748881,-0.3757540925823014,0.1071038192074133
2025-10-08 09:24:00,111.0,111.0,111.0,111.0,6000,666000.0,111.4,112.83333333333333,114.12708333333333,-0.2836058710655749,-0.35732444827895615,0.07371857721338126
2025-10-08 09:52:00,110.0,110.0,110.0,110.0,1000,110000.0,111.35,112.75,114.14791666666666,-0.371863323717065,-0.36023222336657795,-0.011631100350487034
2025-10-08 10:31:00,110.0,110.5,110.0,110.5,2900,320000.0,111.325,112.65833333333333,114.16666666666667,-0.39688710201988897,-0.3675631990972402,-0.029323902922648748
2025-10-08 11:34:00,110.0,110.5,110.0,110.5,8000,882000.0,111.275,112.58333333333333,114.18333333333334,-0.411969696393669,-0.376444498556526,-0.035525197837142974
2025-10-08 12:02:00,110.5,110.5,110.5,110.5,1100,121550.0,111.225,112.50833333333334,114.20208333333333,-0.4190917324825989,-0.3849739453417406,-0.03411778714085828
2025-10-09 09:01:00,110.0,110.0,110.0,110.0,1000,110000.0,111.15,112.425,114.21666666666667,-0.4597817410140266,-0.39993550447619786,-0.05984623653782872
2025-10-09 09:03:00,110.0,110.0,110.0,110.0,1000,110000.0,111.075,112.34166666666667,114.23125,-0.4864216993675541,-0.41723274345446915,-0.06918895591308494
2025-10-09 09:05:00,109.5,109.5,109.5,109.5,1000,109500.0,110.95,112.24166666666666,114.24166666666666,-0.5416362342671164,-0.44211344161699867,-0.09952279265011771
2025-10-09 09:38:00,109.5,110.0,109.5,110.0,1020,111700.0,110.85,112.15,114.25416666666666,-0.5388369526725683,-0.4614581438281126,-0.07737880884445564
2025-10-09 10:13:00,110.0,110.0,109.5,109.5,4000,439000.0,110.725,112.06666666666666,114.26458333333333,-0.5703892311648957,-0.48324436129546927,-0.08714486986942643
2025-10-09 12:06:00,109.5,109.5,109.5,109.5,1000,109500.0,110.65,111.975,114.27708333333334,-0.5886095150985824,-0.5043173920560919,-0.08429212304249045
2025-10-09 13:34:00,110.0,110.0,110.0,110.0,1,110.0,110.6,111.9,114.2875,-0.556290825700799,-0.5147120787850333,-0.041578746915765685
2025-10-09 14:24:00,110.0,110.0,110.0,110.0,10,1100.0,110.55,111.825,114.30625,-0.5246304186147768,-0.5166957467509821,-0.007934671863794707
2025-10-13 09:01:00,109.0,109.0,107.5,107.5,2800,304000.0,110.35,111.7,114.31666666666666,-0.6932767615688533,-0.5520119497145564,-0.14126481185429696
2025-10-13 09:05:00,109.5,109.5,109.5,109.5,1000,109500.0,110.25,111.61666666666666,114.33541666666666,-0.6579623378255377,-0.5732020273367526,-0.08476031048878507
2025-10-13 09:10:00,109.0,109.0,109.0,109.0,1000,109000.0,110.125,111.51666666666667,114.35,-0.6626822356012809,-0.5910980689896583,-0.07158416661162259
2025-10-13 09:28:00,109.0,109.0,109.0,109.0,30,3270.0,110.0,111.41666666666667,114.36458333333333,-0.6588282269002264,-0.604644100571772,-0.054184126328454374
2025-10-13 09:36:00,109.0,109.0,109.0,109.0,13,1417.0,109.9,111.33333333333333,114.37916666666666,-0.6483006904318671,-0.6133754185437911,-0.03492527188807604
2025-10-13 09:46:00,109.0,109.0,109.0,109.0,1000,109000.0,109.8,111.25,114.39375,-0.6326645784930491,-0.6172332505336428,-0.015431327959406382
2025-10-13 10:04:00,109.0,109.0,108.5,108.5,60,6515.0,109.625,111.15,114.40625,-0.6530902505809593,-0.6244046505431061,-0.028685600037853143
2025-10-13 10:18:00,108.5,108.5,108.5,108.5,2000,217000.0,109.5,111.06666666666666,114.41666666666667,-0.6616506460847944,-0.6318538496514439,-0.029796796433350536
2025-10-13 10:32:00,108.0,108.5,108.0,108.5,1010,109085.0,109.425,110.99166666666666,114.35625,-0.6608173303560534,-0.6376465457923658,-0.023170784563687596
2025-10-13 11:34:00,107.5,108.0,107.5,108.0,21000,2263000.0,109.3,110.89166666666667,114.29375,-0.6925198057212327,-0.6486211977781392,-0.043898607943093526
2025-10-13 11:47:00,108.0,108.0,108.0,108.0,6000,648000.0,109.175,110.79166666666667,114.2375,-0.7094659638481318,-0.6607901509921378,-0.04867581285599398
2025-10-13 13:10:00,110.0,110.0,110.0,110.0,1000,110000.0,109.15,110.74166666666666,114.19166666666666,-0.5551136266102503,-0.6396548461157603,0.08454121950550997
2025-10-13 13:29:00,110.0,110.0,110.0,110.0,1000,110000.0,109.15,110.70833333333333,114.14583333333333,-0.42785622704654713,-0.5972951223019177,0.1694388952553706
2025-10-14 09:02:00,110.0,110.0,110.0,110.0,2000,220000.0,109.15,110.69166666666666,114.10416666666667,-0.323277281781003,-0.5424915541977348,0.21921427241673175
2025-10-14 09:03:00,110.0,110.0,110.0,110.0,115,12650.0,109.175,110.64166666666667,114.0625,-0.23765813911676048,-0.4815248711815399,0.24386673206477943
2025-10-14 09:14:00,111.0,111.0,111.0,111.0,1000,111000.0,109.225,110.61666666666666,114.025,-0.08809717960356522,-0.402839332865945,0.31474215326237975
2025-10-14 09:17:00,112.0,112.0,112.0,112.0,2000,224000.0,109.35,110.6,113.99166666666666,0.10985624656321136,-0.3003002169801137,0.4101564635433251
2025-10-14 09:32:00,112.0,112.0,112.0,112.0,1000,112000.0,109.475,110.59166666666667,113.96458333333334,0.26369603918320195,-0.18750096574745057,0.4511970049306525
2025-10-14 10:13:00,112.5,112.5,112.0,112.0,3500,393000.0,109.575,110.58333333333333,113.9375,0.3812207081682999,-0.07375663096430045,0.45497733913260036
2025-10-14 10:49:00,113.0,113.0,113.0,113.0,1,113.0,109.725,110.59166666666667,113.9125,0.5487261245165058,0.05073992013186084,0.49798620438464497
2025-10-14 13:20:00,113.0,113.0,113.0,113.0,1000,113000.0,110.0,110.59166666666667,113.8875,0.6737092726580727,0.17533379063710325,0.49837548202096943
2025-10-14 13:21:00,113.0,113.0,113.0,113.0,900,101700.0,110.175,110.61666666666666,113.86458333333333,0.7639529440207582,0.2930576213138343,0.4708953227069239
2025-10-14 14:34:00,113.0,113.0,113.0,113.0,1000,113000.0,110.375,110.64166666666667,113.84166666666667,0.8259506586893082,0.3996362287889291,0.42631442990037904
2025-10-15 09:52:00,113.0,113.0,113.0,113.0,1,113.0,110.575,110.66666666666667,113.82291666666667,0.8651118236439714,0.49273134775993765,0.3723804758840338
2025-10-15 09:57:00,113.0,113.0,113.0,113.0,20,2260.0,110.775,110.68333333333334,113.8,0.8859348238376015,0.5713720429754705,0.31456278086213096
2025-10-15 13:06:00,113.0,113.0,113.0,113.0,200,22600.0,110.975,110.7,113.78125,0.8921530168800302,0.6355282377563825,0.2566247791236478
2025-10-15 13:13:00,113.0,113.0,113.0,113.0,1000,113000.0,111.2,110.725,113.76041666666667,0.8868578345983877,0.6857941571247835,0.2010636774736042
2025-10-15 14:07:00,113.0,113.0,112.5,112.5,2200,248500.0,111.4,110.76666666666667,113.7375,0.8327165056358723,0.7151786268270014,0.1175378788088709
2025-10-15 14:51:00,112.0,112.0,112.0,112.0,610,68320.0,111.575,110.78333333333333,113.7125,0.740922398834627,0.7203273812285266,0.020595017606100385
2025-10-15 14:56:00,112.0,112.0,112.0,112.0,100,11200.0,111.775,110.8,113.68333333333334,0.6605603789894019,0.7083739807807017,-0.04781360179129979
2025-10-15 15:00:00,113.5,113.5,113.5,113.5,1000,113500.0,112.05,110.83333333333333,113.66458333333334,0.7097290485808685,0.7086449943407351,0.0010840542401333586
2025-10-16 09:01:00,113.5,114.5,113.5,114.5,2690,306005.0,112.275,110.88333333333334,113.65,0.8199355099578725,0.7309030974641627,0.08903241249370974
2025-10-16 09:02:00,114.5,114.5,114.5,114.5,1000,114500.0,112.5,110.93333333333334,113.63541666666667,0.8969356092138412,0.7641095998140985,0.13282600939974265
2025-10-16 09:04:00,115.0,115.0,115.0,115.0,8000,920000.0,112.75,110.99166666666666,113.62291666666667,0.9869278737680816,0.8086732546048953,0.1782546191631863
2025-10-16 09:27:00,115.0,115.0,115.0,115.0,2000,230000.0,113.0,111.04166666666667,113.6125,1.0461875924499537,0.856176122173907,0.1900114702760467
2025-10-16 09:29:00,115.5,115.5,115.5,115.5,1000,115500.0,113.225,111.1,113.60208333333334,1.1205798211328926,0.9090568619657043,0.21152295916718822
2025-10-16 09:30:00,115.5,115.5,115.0,115.0,7000,807500.0,113.375,111.15,113.5875,1.126208150486974,0.9524871196699584,0.17372103081701573
2025-10-16 09:38:00,115.5,115.5,115.5,115.5,1000,115500.0,113.55,111.225,113.575,1.1576695692061207,0.9935236095771909,0.16414595962892986
2025-10-16 09:54:00,115.5,115.5,115.5,115.5,100,11550.0,113.725,111.3,113.5625,1.1691260132828916,1.0286440903183312,0.1404819229645604
2025-10-16 10:29:00,115.0,115.0,115.0,115.0,200,23000.0,113.825,111.36666666666666,113.54583333333333,1.1248924465250099,1.0478937615596668,0.07699868496534301
2025-10-16 10:33:00,115.5,115.5,115.5,115.5,50,5775.0,113.95,111.43333333333334,113.53541666666666,1.1173032708995976,1.061775663427653,0.05552760747194463
2025-10-16 11:05:00,115.5,115.5,115.5,115.5,1000,115500.0,114.075,111.5,113.52083333333333,1.0986245347725685,1.069145437696636,0.029479097075932437
2025-10-16 11:22:00,115.5,115.5,115.5,115.5,1000,115500.0,114.2,111.56666666666666,113.51041666666667,1.0714702596329033,1.0696104020838895,0.0018598575490138547
2025-10-16 11:36:00,115.5,115.5,115.5,115.5,10,1155.0,114.325,111.63333333333334,113.49583333333334,1.0379850553538859,1.0632853327378888,-0.025300277384002978
2025-10-16 12:15:00,115.5,115.5,115.5,115.5,2000,231000.0,114.45,111.70833333333333,113.53541666666666,0.9999213191768206,1.0506125300256752,-0.05069121084885464
2025-10-16 13:01:00,116.0,116.0,115.5,115.5,3021,349925.5,114.575,111.78333333333333,113.57708333333333,0.9587041889050312,1.0322308618015463,-0.07352667289651516
2025-10-16 13:08:00,115.0,115.0,115.0,115.0,1000,115000.0,114.675,111.83333333333333,113.61875,0.8756001217245171,1.0009047137861404,-0.12530459206162337
2025-10-16 14:26:00,115.5,115.5,115.5,115.5,1000,115500.0,114.825,111.90833333333333,113.6625,0.8403977885007521,0.9688033287290627,-0.12840554022831063
2025-10-16 14:49:00,115.0,115.0,115.0,115.0,1000,115000.0,114.975,111.99166666666666,113.70416666666667,0.7633543902371116,0.9277135410306726,-0.164359150793561
2025-10-17 09:01:00,114.5,115.5,114.5,115.5,3050,350275.0,115.15,112.075,113.74791666666667,0.7341795979765777,0.8890067524198537,-0.154827154443276
2025-10-17 09:17:00,114.0,114.0,114.0,114.0,3000,342000.0,115.175,112.13333333333334,113.78541666666666,0.5832970160291211,0.8278648051417073,-0.24456778911258625
2025-10-17 09:25:00,113.5,113.5,113.5,113.5,100,11350.0,115.125,112.18333333333334,113.81875,0.41855086759701976,0.74600201763277,-0.3274511500357502
2025-10-17 09:56:00,113.5,113.5,113.5,113.5,750,85125.0,115.075,112.24166666666666,113.85208333333334,0.28470643942262086,0.6537429019907401,-0.3690364625681193
2025-10-17 09:59:00,113.5,113.5,113.5,113.5,1000,113500.0,115.0,112.3,113.88541666666667,0.17659805336664647,0.5583139322659214,-0.38171587889927494
2025-10-17 10:00:00,113.0,113.0,113.0,113.0,10000,1130000.0,114.9,112.35833333333333,113.91458333333334,0.049999197586416244,0.45665098533002035,-0.4066517877436041
2025-10-17 11:03:00,114.0,114.0,114.0,114.0,200,22800.0,114.825,112.425,113.94791666666667,0.030014348213441622,0.37132365790670463,-0.341309309693263
2025-10-17 11:12:00,114.0,114.0,114.0,114.0,1000,114000.0,114.775,112.5,113.97916666666667,0.014014658839045069,0.29986185809317273,-0.28584719925412766
2025-10-17 11:21:00,114.5,114.5,114.5,114.5,2000,229000.0,114.725,112.58333333333333,114.0125,0.041205618345273365,0.24813061014359286,-0.2069249917983195
2025-10-17 11:24:00,114.0,114.5,114.0,114.5,1900,217100.0,114.675,112.65833333333333,114.04583333333333,0.062039496951612705,0.21091238750519684,-0.14887289055358413
2025-10-17 11:25:00,114.5,114.5,114.5,114.5,1000,114500.0,114.65,112.73333333333333,114.05416666666666,0.07765533350128351,0.18426097670441416,-0.10660564320313065
2025-10-17 11:43:00,114.0,114.0,114.0,114.0,1000,114000.0,114.575,112.84166666666667,114.06041666666667,0.04911896232509605,0.15723257382855055,-0.1081136115034545
2025-10-17 11:44:00,114.0,114.0,114.0,114.0,1000,114000.0,114.5,112.91666666666667,114.06875,0.0262016463058643,0.1310263883240133,-0.10482474201814901
2025-10-17 13:45:00,113.0,113.0,113.0,113.0,1000,113000.0,114.375,112.98333333333333,114.06875,-0.07182418984943695,0.09045627268932326,-0.16228046253876022
2025-10-20 10:03:00,113.0,113.0,113.0,113.0,1000,113000.0,114.25,113.05,114.07291666666667,-0.14780654934607185,0.04280370828224423,-0.19061025762831607
2025-10-20 10:10:00,113.0,113.0,113.0,113.0,200,22600.0,114.125,113.11666666666666,114.075,-0.205652482862277,-0.006887529946660028,-0.19876495291561697
2025-10-20 11:29:00,113.0,113.0,113.0,113.0,1000,113000.0,114.0,113.18333333333334,114.07708333333333,-0.24862975290646716,-0.055235974538621474,-0.1933937783678457
2025-10-20 11:48:00,113.0,113.0,113.0,113.0,1000,113000.0,113.9,113.25833333333334,114.07916666666667,-0.2794680157284688,-0.10008238277659096,-0.17938563295187784
2025-10-20 13:35:00,113.0,113.0,113.0,113.0,1000,113000.0,113.775,113.33333333333333,114.08333333333333,-0.3004442271619041,-0.14015475165365363,-0.16028947550825048
2025-10-21 09:05:00,110.5,110.5,110.5,110.5,9000,994500.0,113.55,113.36666666666666,114.07708333333333,-0.5128849144426653,-0.214700784211456,-0.29818413023120927
2025-10-21 09:10:00,110.5,110.5,110.5,110.5,100,11050.0,113.3,113.40833333333333,114.07083333333334,-0.6734822060222427,-0.30645706857361343,-0.3670251374486293
2025-10-21 09:23:00,111.0,111.0,111.0,111.0,50,5550.0,113.15,113.45833333333333,114.06875,-0.7517452440857824,-0.3955147036760473,-0.35623054040973506
2025-10-21 09:38:00,112.0,112.0,112.0,112.0,2000,224000.0,113.075,113.49166666666666,114.07083333333334,-0.7247234620092371,-0.46135645534268527,-0.26336700666655183
2025-10-21 09:47:00,112.0,112.0,112.0,112.0,500,56000.0,113.0,113.525,114.07083333333334,-0.6952935932938686,-0.508143882932922,-0.18714971036094663
2025-10-21 09:53:00,112.0,112.0,112.0,112.0,1000,112000.0,112.925,113.55833333333334,114.07083333333334,-0.6643124301317727,-0.5393775923726921,-0.12493483775908054
2025-10-21 10:11:00,112.0,112.0,112.0,112.0,120,13440.0,112.875,113.59166666666667,114.07083333333334,-0.6324689270260677,-0.5579958593033673,-0.07447306772270046
2025-10-21 10:13:00,112.0,112.0,112.0,112.0,1000,112000.0,112.775,113.60833333333333,114.06875,-0.6003126903816991,-0.5664592255190336,-0.033853464862665494
2025-10-21 10:26:00,111.0,111.5,111.0,111.5,2000,222500.0,112.65,113.6,114.06458333333333,-0.6081639273083965,-0.5748001658769062,-0.033363761431490335
2025-10-21 10:52:00,112.0,112.0,112.0,112.0,1000,112000.0,112.525,113.6,114.0625,-0.5674984983784839,-0.5733398323772217,0.005841333998737874
2025-10-21 11:48:00,112.0,112.0,112.0,112.0,200,22400.0,112.4,113.6,114.06041666666667,-0.5291709002325149,-0.5645060459482804,0.03533514571576546
2025-10-21 13:18:00,112.0,112.0,112.0,112.0,300,33600.0,112.275,113.58333333333333,114.05833333333334,-0.49311171763686446,-0.5502271802859972,0.0571154626491327
2025-10-22 09:01:00,113.0,113.0,113.0,113.0,8,904.0,112.225,113.58333333333333,114.04791666666667,-0.37946863477547765,-0.5160754711838933,0.13660683640841564
2025-10-22 10:59:00,112.0,112.0,112.0,112.0,2000,224000.0,112.125,113.56666666666666,114.03333333333333,-0.3658796822797825,-0.48603631340307113,0.12015663112328862
2025-10-22 11:21:00,112.0,112.0,112.0,112.0,2000,224000.0,112.075,113.55,114.01875,-0.3510634980477789,-0.4590417503320127,0.1079782522842338
2025-10-22 11:23:00,112.0,112.0,112.0,112.0,500,56000.0,112.025,113.53333333333333,114.00625,-0.3354546528740201,-0.4343243308404142,0.09886967796639412
2025-10-22 11:48:00,112.0,112.0,112.0,112.0,50,5600.0,111.975,113.51666666666667,113.99375,-0.3194026556253533,-0.4113399957974021,0.0919373401720488
2025-10-22 11:50:00,112.0,112.0,112.0,112.0,2000,224000.0,111.925,113.5,113.98125,-0.3031863882011976,-0.38970927427816127,0.08652288607696368
2025-10-23 09:01:00,112.5,112.5,112.5,112.5,8,900.0,111.9,113.49166666666666,113.96875,-0.24714017995491133,-0.36119545541351133,0.1140552754586
2025-10-23 10:11:00,111.5,111.5,111.5,111.5,200,22300.0,111.825,113.475,113.95625,-0.28018500050318096,-0.3449933644314453,0.06480836392826433
2025-10-27 10:27:00,112.0,112.0,112.0,112.0,2000,224000.0,111.9,113.475,113.94583333333334,-0.2629957858273144,-0.32859384871061914,0.06559806288330472
2025-10-27 12:30:00,112.0,112.0,112.0,112.0,1000,112000.0,111.975,113.475,113.94166666666666,-0.24653134941939925,-0.3121813488523752,0.06564999943297595
2025-10-28 11:20:00,112.0,112.0,112.0,112.0,650,72800.0,112.025,113.45,113.93333333333334,-0.23082238813776712,-0.29590955670945357,0.06508716857168645
2025-10-28 13:41:00,112.0,112.0,112.0,112.0,4,448.0,112.025,113.40833333333333,113.925,-0.21588434282436708,-0.27990451393243626,0.06402017110806918
2025-10-29 09:01:00,112.5,112.5,112.5,112.5,10,1125.0,112.05,113.375,113.92083333333333,-0.1618344857517542,-0.25629050829629985,0.09445602254454566
2025-10-29 10:10:00,110.0,110.0,110.0,110.0,10000,1100000.0,111.95,113.29166666666667,113.90416666666667,-0.3170736634213682,-0.26844713932131353,-0.04862652410005469
2025-10-29 10:20:00,111.0,111.0,111.0,111.0,1000,111000.0,111.9,113.225,113.8875,-0.35531434491836933,-0.2858205804407247,-0.0694937644776446
2025-10-29 11:57:00,111.5,111.5,111.5,111.5,1000,111500.0,111.875,113.15833333333333,113.87291666666667,-0.34133978660500475,-0.29692442167358074,-0.044415364931424006
2025-10-29 12:24:00,111.5,111.5,111.5,111.5,1000,111500.0,111.875,113.1,113.85833333333333,-0.3265011464836505,-0.3028397666355947,-0.023661379848055775
2025-10-29 13:14:00,111.5,111.5,111.5,111.5,200,22300.0,111.85,113.03333333333333,113.84166666666667,-0.3111546205027196,-0.3045027374090197,-0.006651883093699906
2025-10-29 13:16:00,111.0,111.0,111.0,111.0,1000,111000.0,111.8,112.95833333333333,113.82291666666667,-0.33547110732105523,-0.3106964113914268,-0.024774695929628443
2025-10-29 13:20:00,111.5,111.5,111.5,111.5,1000,111500.0,111.775,112.9,113.80416666666666,-0.31081341343431745,-0.31071981180000496,-9.360163431249013e-05
2025-10-29 13:21:00,111.5,111.5,111.5,111.5,500,55750.0,111.7,112.83333333333333,113.78125,-0.28795267419617687,-0.30616638427923937,0.018213710083062495
2025-10-30 09:41:00,110.0,110.0,110.0,110.0,250,27500.0,111.6,112.74166666666666,113.75,-0.3864184463121916,-0.3222167966858298,-0.06420164962636177
2025-10-30 09:44:00,110.5,110.5,110.5,110.5,2000,221000.0,111.525,112.65833333333333,113.72083333333333,-0.4192743253625082,-0.34162830242116554,-0.07764602294134265
2025-10-30 09:58:00,110.0,110.0,110.0,110.0,20,2200.0,111.425,112.56666666666666,113.68958333333333,-0.4801240958393862,-0.36932746110480974,-0.11079663473457646
2025-10-30 10:07:00,110.5,110.5,110.5,110.5,2000,221000.0,111.35,112.48333333333333,113.65833333333333,-0.48244087788437184,-0.39195014446072224,-0.0904907334236496
2025-10-30 12:08:00,110.0,110.0,110.0,110.0,1010,111100.0,111.25,112.39166666666667,113.62916666666666,-0.5186441586559596,-0.41728894729976973,-0.10135521135618986
2025-10-30 12:31:00,109.5,109.5,109.5,109.5,4000,438000.0,111.1,112.3,113.59791666666666,-0.5809841175663877,-0.4500279813530934,-0.13095613621329427
2025-10-30 12:34:00,109.5,109.5,109.0,109.0,3100,338450.0,110.975,112.19166666666666,113.56458333333333,-0.6630911039769245,-0.49264060587785974,-0.17045049809906476
2025-10-30 12:40:00,109.5,109.5,109.5,109.5,100,10950.0,110.85,112.1,113.53125,-0.6799773058202163,-0.5301079458663311,-0.14986935995388517
2025-10-30 12:41:00,109.5,109.5,109.5,109.5,100,10950.0,110.725,112.0,113.49791666666667,-0.6854582069131538,-0.5611779980756957,-0.12428020883745816
2025-10-30 12:44:00,109.5,109.5,109.5,109.5,32,3504.0,110.6,111.925,113.4625,-0.6819408706536336,-0.5853305725912833,-0.09661029806235033
2025-10-30 12:48:00,109.5,109.5,109.5,109.5,5,547.5,110.475,111.85833333333333,113.42708333333333,-0.6714137169385737,-0.6025472014607414,-0.06886651547783229
2025-10-30 13:23:00,109.5,109.5,109.5,109.5,50,5475.0,110.325,111.79166666666667,113.39166666666667,-0.655514508564238,-0.6131406628814408,-0.04237384568279723
2025-10-30 13:27:00,109.5,109.5,109.5,109.5,1000,109500.0,110.3,111.725,113.35833333333333,-0.6355876130166678,-0.6176300529084862,-0.017957560108181614
2025-10-30 14:10:00,109.0,109.0,109.0,109.0,8310,905790.0,110.2,111.65833333333333,113.325,-0.6526182491202235,-0.6246276921508337,-0.02799055696938979
2025-10-30 14:51:00,109.0,109.0,109.0,109.0,100,10900.0,110.075,111.575,113.29166666666667,-0.658524095080324,-0.6314069727367317,-0.027117122343592204
2025-10-31 09:54:00,108.5,108.5,108.5,108.5,3030,328755.0,109.925,111.48333333333333,113.25416666666666,-0.6955326741649799,-0.6442321130223814,-0.05130056114259851
2025-10-31 09:57:00,108.5,108.5,108.5,108.5,1000,108500.0,109.775,111.38333333333334,113.21875,-0.7166017013775559,-0.6587060306934164,-0.05789567068413948
2025-10-31 10:14:00,108.5,108.5,108.5,108.5,92,9982.0,109.65,111.28333333333333,113.17916666666666,-0.7249423728246995,-0.671953299119673,-0.05298907370502648
2025-10-31 10:15:00,107.5,107.5,107.5,107.5,1000,107500.0,109.45,111.16666666666667,113.13541666666667,-0.8029877151513887,-0.6981601823260163,-0.10482753282537238
2025-10-31 10:47:00,108.0,108.0,108.0,108.0,50,5400.0,109.275,111.06666666666666,113.09583333333333,-0.8150974538386606,-0.7215476366285453,-0.09354981721011535
2025-10-31 10:57:00,108.0,108.0,108.0,108.0,100,10800.0,109.175,110.96666666666667,113.05625,-0.8152962809715518,-0.7402973654971466,-0.07499891547440518
2025-10-31 11:00:00,108.0,108.0,108.0,108.0,1000,108000.0,109.05,110.88333333333334,113.01666666666667,-0.8061609315061986,-0.7534700786989571,-0.052690852807241506
2025-10-31 12:25:00,108.0,108.0,108.0,108.0,1000,108000.0,108.95,110.8,112.97916666666667,-0.7898165872640277,-0.7607393804119713,-0.029077206852056392
2025-11-03 09:05:00,108.5,108.5,108.5,108.5,2000,217000.0,108.85,110.725,112.93958333333333,-0.7281243906382429,-0.7542163824572257,0.026091991818982807
2025-11-03 09:41:00,108.5,108.5,108.5,108.5,2,217.0,108.775,110.65,112.9,-0.6714923346990957,-0.7376715729055998,0.06617923820650407
2025-11-03 09:54:00,108.5,108.5,108.5,108.5,1000,108500.0,108.725,110.575,112.86041666666667,-0.619470156003743,-0.7140312895252285,0.09456113352148554
2025-11-03 10:00:00,107.5,107.5,107.5,107.5,1120,120400.0,108.65,110.48333333333333,112.81458333333333,-0.6514246296070638,-0.7015099575415956,0.0500853279345318
2025-11-03 10:17:00,107.5,107.5,107.5,107.5,1000,107500.0,108.55,110.43333333333334,112.7625,-0.669036543346337,-0.695015274702544,0.025978731356206985
2025-11-03 10:20:00,108.5,108.5,108.5,108.5,2000,217000.0,108.5,110.4,112.72083333333333,-0.5954386234173086,-0.6750999444454969,0.07966132102818835
2025-11-03 10:21:00,108.5,108.5,108.5,108.5,2000,217000.0,108.45,110.35833333333333,112.67916666666666,-0.5309908101006329,-0.6462781175765242,0.11528730747589133
2025-11-03 10:25:00,108.5,108.5,108.5,108.5,1000,108500.0,108.4,110.3,112.6375,-0.4744463317459804,-0.6119117604104155,0.13746542866443512
2025-11-03 10:45:00,109.0,109.0,108.5,108.5,4000,435000.0,108.35,110.24166666666666,112.59583333333333,-0.4247383064624586,-0.5744770696208241,0.14973876315836554
2025-11-03 11:17:00,108.0,108.0,108.0,108.0,1000,108000.0,108.275,110.175,112.55208333333333,-0.42083898971370104,-0.5437494536393995,0.12291046392569849
2025-11-03 11:43:00,108.0,108.0,108.0,108.0,1000,108000.0,108.225,110.10833333333333,112.5125,-0.41298808354626715,-0.517597179620773,0.10460909607450586
2025-11-03 12:29:00,108.5,108.5,108.5,108.5,1000,108500.0,108.2,110.05,112.475,-0.3622446318932049,-0.4865266700752594,0.12428203818205452
2025-11-03 13:05:00,108.5,108.5,108.5,108.5,7100,770350.0,108.2,110.0,112.4375,-0.3183602223998605,-0.4528933805401797,0.1345331581403192
2025-11-03 13:08:00,108.5,108.5,108.5,108.5,5000,542500.0,108.2,109.94166666666666,112.4,-0.28034981356718447,-0.4183846671455807,0.13803485357839623
2025-11-04 09:23:00,108.5,108.5,108.5,108.5,1000,108500.0,108.2,109.88333333333334,112.3625,-0.24737470905648706,-0.384182675527762,0.1368079664712749
2025-11-04 09:41:00,108.0,108.0,108.0,108.0,1000,108000.0,108.225,109.81666666666666,112.325,-0.25860646809731236,-0.3590674340416721,0.10046096594435971
2025-11-04 09:54:00,108.5,108.5,108.5,108.5,4,434.0,108.25,109.74166666666666,112.2875,-0.22457315716806647,-0.332168578666951,0.10759542149888451
2025-11-04 10:17:00,107.5,107.5,107.5,107.5,100,10750.0,108.225,109.66666666666667,112.24583333333334,-0.2751217237372572,-0.32075920768101224,0.04563748394375505
2025-11-04 11:10:00,107.5,107.5,107.5,107.5,1000,107500.0,108.2,109.59166666666667,112.20208333333333,-0.31159001123465657,-0.3189253683917411,0.007335357157084554
2025-11-04 12:10:00,107.5,107.5,107.5,107.5,30,3225.0,108.175,109.51666666666667,112.15833333333333,-0.33661114803476266,-0.32246252432034544,-0.014148623714417219
2025-11-04 12:23:00,107.5,107.5,107.5,107.5,1000,107500.0,108.125,109.44166666666666,112.1125,-0.3523785783136759,-0.3284457351190116,-0.02393284319466432
2025-11-04 12:33:00,107.0,107.0,107.0,107.0,1020,109140.0,108.05,109.35833333333333,112.06666666666666,-0.40060230769670113,-0.3428770496345495,-0.05772525806215162
2025-11-04 12:40:00,107.0,107.0,107.0,107.0,2000,214000.0,107.975,109.26666666666667,112.02291666666666,-0.43381916339340876,-0.3610654723863214,-0.07275369100708734
2025-11-04 12:47:00,107.5,107.5,107.5,107.5,1000,107500.0,107.975,109.2,111.98125,-0.41501391741911675,-0.37185516139288055,-0.0431587560262362
2025-11-04 12:58:00,106.0,106.0,106.0,106.0,43,4558.0,107.9,109.1,111.93333333333334,-0.5152090789216714,-0.4005259448986388,-0.11468313402303265
2025-11-04 13:04:00,106.0,106.0,106.0,106.0,25,2650.0,107.775,109.0,111.8875,-0.5878382330456304,-0.43798840252803717,-0.14984983051759326
2025-11-04 13:20:00,107.5,107.5,107.5,107.5,2000,215000.0,107.725,108.925,111.84791666666666,-0.5183842856151557,-0.454067579145461,-0.06431670646969473
2025-11-05 09:01:00,104.0,105.5,104.0,104.0,1028,106939.0,107.5,108.79166666666667,111.79375,-0.7372635657124817,-0.5107067764588652,-0.22655678925361655
2025-11-05 09:05:00,107.5,107.5,107.5,107.5,1000,107500.0,107.45,108.70833333333333,111.75208333333333,-0.6211460379743414,-0.5327946287619605,-0.08835140921238094
2025-11-05 09:13:00,105.5,105.5,105.5,105.5,3000,316500.0,107.325,108.63333333333334,111.70208333333333,-0.6826363391712675,-0.5627629708438219,-0.11987336832744566
2025-11-05 09:14:00,105.5,105.5,105.5,105.5,30,3165.0,107.2,108.54166666666667,111.66041666666666,-0.7230331695771639,-0.5948170105904903,-0.1282161589866736
2025-11-05 09:24:00,105.5,105.5,105.5,105.5,2000,211000.0,107.05,108.44166666666666,111.6125,-0.746443413689164,-0.6251422912102251,-0.12130112247893887
2025-11-05 09:43:00,105.5,105.5,105.5,105.5,200,21100.0,106.9,108.34166666666667,111.5625,-0.7562782953872897,-0.6513694920456381,-0.10490880334165165
2025-11-05 10:07:00,106.0,106.0,105.5,105.5,4000,423000.0,106.75,108.24166666666666,111.5125,-0.7553651309583387,-0.6721686198281783,-0.08319651113016036
2025-11-05 10:20:00,104.5,104.5,104.5,104.5,50,5225.0,106.55,108.13333333333334,111.46458333333334,-0.8258136188734255,-0.7028976196372279,-0.12291599923619767
2025-11-05 10:56:00,104.5,104.5,104.5,104.5,100,10450.0,106.375,108.01666666666667,111.41875,-0.8715973217257442,-0.7366375600549312,-0.13495976167081303
2025-11-05 11:41:00,105.5,105.5,105.5,105.5,1000,105500.0,106.225,107.91666666666667,111.37708333333333,-0.81776293140517,-0.752862634324979,-0.06490029708019096
2025-11-05 11:47:00,105.5,105.5,105.5,105.5,1000,105500.0,106.125,107.84166666666667,111.33333333333333,-0.7662657545853051,-0.7555432583770443,-0.010722496208260823
2025-11-05 12:53:00,105.0,105.0,105.0,105.0,1000,105000.0,106.0,107.75,111.28541666666666,-0.7570726302439823,-0.755849132750432,-0.0012234974935503296
2025-11-05 14:13:00,106.0,106.0,106.0,106.0,500,53000.0,105.925,107.68333333333334,111.24583333333334,-0.6614703518541205,-0.7369733765711698,0.07550302471704928
2025-11-06 09:07:00,104.5,104.5,104.5,104.5,2000,209000.0,105.775,107.58333333333333,111.2,-0.6986882778808194,-0.7293163568330998,0.03062807895228037
2025-11-06 09:14:00,105.0,105.0,105.0,105.0,2000,210000.0,105.675,107.5,111.15833333333333,-0.6799993221709002,-0.71945294990066,0.0394536277297598
2025-11-06 09:20:00,105.5,105.5,105.5,105.5,95,10022.5,105.6,107.43333333333334,111.11875,-0.6177216580429388,-0.6991066915291159,0.0813850334861771
2025-11-06 09:45:00,105.5,105.5,105.5,105.5,4,422.0,105.5,107.375,111.07708333333333,-0.5618890532926457,-0.6716631638818219,0.10977411058917619
2025-11-06 10:51:00,104.5,104.5,104.5,104.5,1000,104500.0,105.425,107.29166666666667,111.03333333333333,-0.5915143452598528,-0.6556334001574281,0.0641190548975753
2025-11-06 10:53:00,105.5,105.5,105.0,105.0,9000,945500.0,105.375,107.21666666666667,110.9875,-0.5680980999890437,-0.6381263401237512,0.07002824013470754
2025-11-06 11:01:00,105.5,105.5,105.5,105.5,50,5275.0,105.275,107.15,110.94791666666667,-0.503391946571881,-0.6111794614133772,0.10778751484149618
2025-11-06 12:00:00,105.0,105.0,105.0,105.0,1000,105000.0,105.325,107.075,110.90625,-0.48684562185388813,-0.5863126935014794,0.09946707164759128
2025-11-06 13:25:00,105.5,105.5,105.5,105.5,150,15825.0,105.225,107.00833333333334,110.86666666666666,-0.42844783899104755,-0.5547397225993931,0.12629188360834553
2025-11-06 15:00:00,105.0,105.0,105.0,105.0,2000,210000.0,105.2,106.93333333333334,110.825,-0.4176980337396259,-0.5273313848274397,0.1096333510878138
2025-11-07 10:27:00,104.0,104.0,104.0,104.0,77,8008.0,105.125,106.85,110.77708333333334,-0.4842878098675527,-0.5187226698354623,0.034434859967909626
2025-11-07 12:39:00,104.0,104.5,104.0,104.5,3000,313000.0,105.075,106.775,110.73125,-0.49105429760462016,-0.5131889953892939,0.022134697784673696
2025-11-07 12:47:00,105.5,105.5,105.5,105.5,10,1055.0,105.075,106.725,110.69375,-0.41098753674215516,-0.4927487036598661,0.08176116691771096
2025-11-07 12:52:00,104.0,104.5,104.0,104.0,4200,436900.0,105.0,106.65,110.64791666666666,-0.4632316695508507,-0.4868452968380631,0.02361362728721239
2025-11-07 14:36:00,104.0,104.0,104.0,104.0,5,520.0,104.975,106.575,110.60416666666667,-0.49888468904995875,-0.4892531752804423,-0.009631513769516431
2025-11-10 09:20:00,104.0,104.0,104.0,104.0,100,10400.0,104.95,106.51666666666667,110.56041666666667,-0.5211326708335946,-0.49562907439107284,-0.02550359644252176
2025-11-10 09:37:00,104.5,104.5,104.5,104.5,1000,104500.0,104.9,106.45833333333333,110.51666666666667,-0.49273855205058226,-0.4950509699229748,0.002312417872392558
2025-11-10 09:44:00,104.5,104.5,104.5,104.5,1000,104500.0,104.85,106.4,110.475,-0.46487719343653566,-0.48901621462568706,0.0241390211891514
2025-11-10 09:45:00,104.0,104.0,104.0,104.0,1000,104000.0,104.8,106.33333333333333,110.42916666666666,-0.47763678775959306,-0.4867403292524683,0.009103541492875233
2025-11-10 09:49:00,104.0,104.0,104.0,104.0,1000,104000.0,104.7,106.26666666666667,110.38333333333334,-0.48219046664220855,-0.4858303567304164,0.0036398900882078644
2025-11-10 12:09:00,104.0,104.0,104.0,104.0,1000,104000.0,104.675,106.19166666666666,110.34166666666667,-0.48026311571956626,-0.48471690852824645,0.00445379280868019
2025-11-11 09:20:00,104.5,104.5,104.5,104.5,4,418.0,104.65,106.125,110.30208333333333,-0.4333939591195559,-0.47445231864650844,0.041058359526952526
2025-11-11 09:25:00,104.5,104.5,104.5,104.5,40,4180.0,104.6,106.05833333333334,110.26041666666667,-0.391734147434434,-0.4579086844040936,0.06617453696965958
2025-11-11 09:41:00,104.5,104.5,104.5,104.5,1000,104500.0,104.55,106.00833333333334,110.22291666666666,-0.35463048702659705,-0.43725304492859435,0.0826225579019973
2025-11-11 10:53:00,103.5,103.5,103.5,103.5,50,5175.0,104.5,105.94166666666666,110.18333333333334,-0.40129137431931383,-0.43006071080673824,0.028769336487424413
2025-11-11 11:12:00,105.0,105.0,105.0,105.0,50,5250.0,104.5,105.88333333333334,110.14583333333333,-0.3136178088156498,-0.4067721304085206,0.09315432159287079
2025-11-11 12:34:00,103.5,104.0,103.5,104.0,1030,106620.0,104.425,105.80833333333334,110.10416666666667,-0.32112578104138834,-0.3896428605350942,0.06851707949370589
2025-11-11 12:37:00,104.0,104.0,104.0,104.0,1,104.0,104.375,105.73333333333333,110.06666666666666,-0.32334854240295385,-0.3763839969086662,0.05303545450571234
2025-11-11 12:55:00,104.0,104.0,104.0,104.0,100,10400.0,104.3,105.65833333333333,110.03333333333333,-0.3214051384280765,-0.3653882252125483,0.043983086784471825
2025-11-11 12:56:00,104.0,104.0,104.0,104.0,1000,104000.0,104.25,105.59166666666667,110.00416666666666,-0.3162197918559855,-0.3555545385412358,0.03933474668525033
2025-11-12 10:53:00,103.0,103.5,103.0,103.5,2000,206500.0,104.225,105.51666666666667,109.96458333333334,-0.34843959392223667,-0.35413154961743604,0.005691955695199369
2025-11-12 11:22:00,103.5,103.5,103.5,103.5,20,2070.0,104.175,105.43333333333334,109.92708333333333,-0.36971220700637275,-0.3572476810952234,-0.012464525911149327
2025-11-12 11:29:00,103.5,103.5,103.5,103.5,1000,103500.0,104.075,105.35,109.8875,-0.382165539684749,-0.36223125281312857,-0.01993428687162041
2025-11-12 12:19:00,104.0,104.0,104.0,104.0,1000,104000.0,104.075,105.275,109.85208333333334,-0.3476812215303937,-0.35932124655658165,0.011640025026187939
2025-11-12 12:20:00,103.5,103.5,103.5,103.5,100,10350.0,104.05,105.19166666666666,109.81458333333333,-0.356587454070052,-0.35877448805927575,0.0021870339892237634
2025-11-12 13:16:00,104.0,104.0,104.0,104.0,96,9984.0,104.05,105.125,109.77916666666667,-0.31961555701059297,-0.35094270184953924,0.031327144838946275
2025-11-13 09:39:00,103.0,103.0,103.0,103.0,1000,103000.0,103.975,105.03333333333333,109.7375,-0.36677870823737635,-0.3541099031271067,-0.012668805110269632
2025-11-13 10:38:00,103.0,103.0,103.0,103.0,1000,103000.0,103.9,104.95833333333333,109.70208333333333,-0.39955008075708065,-0.36319793865310157,-0.03635214210397908
2025-11-13 10:41:00,102.5,103.0,102.5,103.0,6060,621680.0,103.85,104.88333333333334,109.66666666666667,-0.42067238024397113,-0.37469282697127554,-0.045979553272695595
2025-11-13 10:49:00,103.0,103.0,103.0,103.0,100,10300.0,103.8,104.80833333333334,109.63125,-0.43242720314400174,-0.3862397022058208,-0.046187500938180914
2025-11-13 11:49:00,103.0,103.5,103.0,103.5,5000,516000.0,103.775,104.74166666666666,109.59583333333333,-0.3968228370042084,-0.3883563291654984,-0.008466507838710002
2025-11-13 11:50:00,103.0,103.0,103.0,103.0,300,30900.0,103.7,104.675,109.55833333333334,-0.4042915206610189,-0.39154336746460255,-0.012748153196416367
2025-11-13 12:35:00,102.5,102.5,102.5,102.5,92,9430.0,103.6,104.6,109.52083333333333,-0.44542178254987164,-0.4023190504816564,-0.043102732068215244
2025-11-13 12:38:00,102.5,103.0,102.5,103.0,3120,320360.0,103.525,104.525,109.49166666666666,-0.4326842751117823,-0.4083920954076816,-0.02429217970410069
2025-11-13 12:46:00,103.5,103.5,103.5,103.5,100,10350.0,103.525,104.48333333333333,109.46041666666666,-0.3778878316761052,-0.4022912426613664,0.02440341098526122
2025-11-13 12:49:00,103.0,103.0,103.0,103.0,150,15450.0,103.425,104.43333333333334,109.42708333333333,-0.37053577107349156,-0.3959401483437915,0.025404377270299927
2025-11-13 13:06:00,103.0,103.0,103.0,103.0,1000,103000.0,103.375,104.35833333333333,109.39166666666667,-0.36055297976292877,-0.388862714627619,0.02830973486469024
2025-11-13 13:25:00,103.0,103.0,103.0,103.0,2000,206000.0,103.325,104.34166666666667,109.35625,-0.3486228386533696,-0.38081473943276917,0.03219190077939954
2025-11-13 14:56:00,103.0,103.0,103.0,103.0,40,4120.0,103.275,104.26666666666667,109.32083333333334,-0.33530295215837214,-0.3717123819778898,0.03640942981951767
2025-11-14 09:22:00,103.0,103.0,103.0,103.0,1000,103000.0,103.225,104.225,109.28541666666666,-0.32104602738695576,-0.36157911105970303,0.04053308367274727
2025-11-14 10:19:00,103.0,103.0,103.0,103.0,1000,103000.0,103.2,104.18333333333334,109.24791666666667,-0.3062174278949925,-0.350506774426761,0.04428934653176847
2025-11-14 10:25:00,103.0,103.0,103.0,103.0,2000,206000.0,103.175,104.14166666666667,109.21041666666666,-0.2911099219922306,-0.33862740393985497,0.04751748194762434
2025-11-17 10:40:00,103.5,103.5,103.5,103.5,100,10350.0,103.175,104.10833333333333,109.175,-0.23607002509415054,-0.3181159281707141,0.08204590307656356
2025-11-17 10:43:00,103.5,103.5,103.5,103.5,200,20700.0,103.15,104.075,109.14375,-0.19025734205327183,-0.29254421094722566,0.10228686889395383
2025-11-17 10:50:00,103.5,103.5,103.5,103.5,300,31050.0,103.15,104.05833333333334,109.1125,-0.15219603947647897,-0.26447457665307633,0.11227853717659736
2025-11-17 12:29:00,103.5,103.5,103.5,103.5,2,207.0,103.125,104.04166666666667,109.08125,-0.12064150281970853,-0.23570796188640278,0.11506645906669424
2025-11-17 12:37:00,102.5,103.0,102.5,103.0,6000,616000.0,103.125,104.0,109.04583333333333,-0.13443049543541008,-0.21545246859620426,0.08102197316079418
2025-11-17 12:38:00,103.0,103.0,103.0,103.0,1100,113300.0,103.125,103.95833333333333,109.01041666666667,-0.14370186577036748,-0.20110234803103694,0.05740048226066946
2025-11-17 13:40:00,103.5,103.5,103.5,103.5,10,1035.0,103.15,103.93333333333334,108.97708333333334,-0.1094420919214798,-0.18277029680912554,0.07332820488764574
2025-11-18 09:34:00,103.0,103.0,103.0,103.0,1000,103000.0,103.15,103.88333333333334,108.94166666666666,-0.12123922532279607,-0.17046408251185965,0.04922485718906358
2025-11-18 09:44:00,103.0,103.0,103.0,103.0,200,20600.0,103.125,103.85833333333333,108.90833333333333,-0.12910035006373732,-0.1621913360222352,0.03309098595849788
2025-11-18 10:19:00,102.5,102.5,102.5,102.5,2,205.0,103.1,103.81666666666666,108.87291666666667,-0.1736741617546329,-0.16448790116871476,-0.009186260585918149
2025-11-18 10:22:00,102.5,103.0,102.5,103.0,1100,112800.0,103.125,103.775,108.83541666666666,-0.1667314311790875,-0.1649366071707893,-0.0017948240082981959
2025-11-18 11:21:00,103.0,103.0,103.0,103.0,1,103.0,103.125,103.73333333333333,108.80208333333333,-0.15939189661213504,-0.16382766505905846,0.0044357684469234215
2025-11-18 11:44:00,102.0,102.0,102.0,102.0,1000,102000.0,103.05,103.69166666666666,108.76875,-0.23159719691881264,-0.17738157143100933,-0.054215625487803315
2025-11-18 11:55:00,102.0,102.5,102.0,102.5,120,12250.0,103.025,103.65,108.73541666666667,-0.24564297696626625,-0.19103385253806074,-0.05460912442820551
2025-11-18 11:58:00,102.0,102.0,101.5,101.5,3000,305000.0,102.95,103.58333333333333,108.69791666666667,-0.33362023510072447,-0.21955112905059349,-0.11406910605013099
2025-11-18 12:23:00,102.5,102.5,102.5,102.5,100,10250.0,102.925,103.54166666666667,108.66458333333334,-0.31897426657243955,-0.23943575655496274,-0.0795385100174768
2025-11-18 12:31:00,101.5,102.0,101.5,102.0,2100,213200.0,102.875,103.48333333333333,108.63125,-0.3437505104141252,-0.2602987073267953,-0.08345180308732991
2025-11-18 12:55:00,101.0,101.0,101.0,101.0,1000,101000.0,102.775,103.41666666666667,108.59375,-0.439016792507573,-0.2960423243629508,-0.14297446814462217
2025-11-18 14:19:00,102.0,102.0,102.0,102.0,10,1020.0,102.725,103.38333333333334,108.5625,-0.4288804973670324,-0.32260995896376715,-0.10627053840326522
2025-11-18 14:20:00,102.0,102.0,102.0,102.0,10,1020.0,102.675,103.34166666666667,108.52916666666667,-0.41605142855473787,-0.3412982528819613,-0.07475317567277656
2025-11-18 14:24:00,102.0,102.0,102.0,102.0,2000,204000.0,102.6,103.28333333333333,108.49791666666667,-0.4012588369946286,-0.3532903697044948,-0.04796846729013382
2025-11-19 13:25:00,102.5,102.5,102.5,102.5,1000,102500.0,102.55,103.25833333333334,108.46875,-0.3452104095672581,-0.3516743776770475,0.006463968109789386
2025-11-19 13:27:00,102.0,102.0,102.0,102.0,1000,102000.0,102.475,103.225,108.43541666666667,-0.33724984210059006,-0.3487894705617561,0.011539628461166018
2025-11-20 09:18:00,101.5,101.5,101.5,101.5,1000,101500.0,102.375,103.18333333333334,108.4,-0.367055667109895,-0.3524427098713839,-0.014612957238511137
2025-11-20 09:19:00,102.0,102.0,102.0,102.0,2000,204000.0,102.325,103.14166666666667,108.37708333333333,-0.34633879875981677,-0.3512219276490705,0.0048831288892537406
2025-11-20 09:21:00,102.0,102.0,102.0,102.0,100,10200.0,102.275,103.1,108.34583333333333,-0.3261607532005115,-0.34620969275935876,0.020048939558847234
2025-11-20 09:22:00,101.5,101.5,101.5,101.5,1000,101500.0,102.175,103.05833333333334,108.31458333333333,-0.34652085137255995,-0.346271924481999,-0.00024892689056094097
2025-11-20 09:26:00,101.5,101.5,101.5,101.5,1000,101500.0,102.1,103.01666666666667,108.28333333333333,-0.3585235396683544,-0.3487222475192701,-0.009801292149084262
2025-11-20 09:29:00,102.0,102.0,102.0,102.0,98,9996.0,102.05,102.98333333333333,108.25416666666666,-0.323955577054889,-0.34376891342639393,0.019813336371504953
2025-11-20 09:36:00,102.0,102.0,102.0,102.0,20,2040.0,102.025,102.94166666666666,108.225,-0.2931806140151991,-0.333651253544155,0.040470639528955854
2025-11-20 10:27:00,102.0,102.0,102.0,102.0,190,19380.0,101.975,102.9,108.19791666666667,-0.2657280861178464,-0.3200666200588933,0.05433853394104693
2025-11-20 10:35:00,101.5,101.5,101.5,101.5,500,50750.0,101.9,102.85,108.16875,-0.2810774949034709,-0.31226879502780885,0.03119130012433796
2025-11-20 10:43:00,101.0,101.0,101.0,101.0,95,9595.0,101.85,102.80833333333334,108.1375,-0.32978626252864274,-0.3157722885279757,-0.014013974000667062
2025-11-20 11:06:00,101.0,101.0,101.0,101.0,1000,101000.0,101.775,102.74166666666666,108.10833333333333,-0.36419015439989266,-0.3254558617023591,-0.03873429269753359
2025-11-20 11:20:00,101.5,101.5,101.5,101.5,2000,203000.0,101.775,102.7,108.08125,-0.3471084155024471,-0.3297863724623767,-0.0173220430400704
2025-11-20 12:38:00,101.0,101.5,101.0,101.5,5050,511575.0,101.725,102.65833333333333,108.04583333333333,-0.3297696352779269,-0.3297830250254868,1.3389747559877652e-05
2025-11-21 09:33:00,102.0,102.0,102.0,102.0,2,204.0,101.725,102.625,108.0125,-0.2725410224492748,-0.3183346245102444,0.04579360206096961
2025-11-21 11:07:00,102.0,102.0,102.0,102.0,1000,102000.0,101.775,102.59166666666667,107.97916666666667,-0.22459790957839232,-0.29958728152387404,0.07498937194548172
2025-11-21 11:20:00,102.0,102.0,102.0,102.0,1000,102000.0,101.775,102.56666666666666,107.94583333333334,-0.18447612132254676,-0.2765650494836086,0.09208892816106184
2025-11-21 12:44:00,100.5,100.5,100.5,100.5,2000,201000.0,101.7,102.51666666666667,107.90208333333334,-0.27059749951158096,-0.27537153948920307,0.004774039977622102
2025-11-21 12:53:00,100.0,100.0,100.0,100.0,30,3000.0,101.6,102.45833333333333,107.85208333333334,-0.3748738214601133,-0.2952719958833851,-0.07960182557672818
2025-11-21 13:12:00,101.0,101.0,101.0,101.0,2000,202000.0,101.525,102.40833333333333,107.80625,-0.37252764838321184,-0.3107231263833505,-0.06180452199986136
2025-11-21 13:17:00,102.0,102.0,102.0,102.0,1000,102000.0,101.525,102.38333333333334,107.76458333333333,-0.28667206949522495,-0.30591291500572537,0.019240845510500426
2025-11-24 13:03:00,103.0,103.0,103.0,103.0,2,206.0,101.6,102.36666666666666,107.72291666666666,-0.1363673046172238,-0.27200379292802507,0.13563648831080127
2025-11-25 09:13:00,103.0,103.0,103.0,103.0,1000,103000.0,101.65,102.36666666666666,107.68125,-0.01705311783685204,-0.22101365790979044,0.2039605400729384
2025-11-25 09:14:00,103.0,103.0,103.0,103.0,1000,103000.0,101.7,102.36666666666666,107.63958333333333,0.07662099565590097,-0.16148672719665214,0.2381077228525531
2025-11-25 09:20:00,103.0,103.0,103.0,103.0,1000,103000.0,101.775,102.36666666666666,107.59791666666666,0.14913922137634472,-0.09936153748205276,0.24850075885839748
2025-11-25 09:21:00,103.0,103.0,103.0,103.0,100,10300.0,101.85,102.36666666666666,107.55625,0.20425590282256678,-0.038638049421128834,0.24289395224369562
2025-11-25 10:06:00,103.5,103.5,103.5,103.5,1000,103500.0,101.925,102.36666666666666,107.51666666666667,0.2849968252909889,0.026088925521294735,0.2589078997696942
2025-11-25 11:05:00,104.0,104.0,104.0,104.0,10,1040.0,102.025,102.38333333333334,107.47916666666667,0.38489359559770264,0.09784985953657635,0.2870437360611263
2025-11-25 11:16:00,104.0,104.0,103.5,103.5,1070,111245.0,102.1,102.4,107.43958333333333,0.4188880042927252,0.16205748848780616,0.25683051580491906
2025-11-25 11:51:00,103.5,103.5,103.5,103.5,1000,103500.0,102.2,102.40833333333333,107.40208333333334,0.44074814780827865,0.2177956203519007,0.22295252745637795
2025-11-25 11:55:00,103.5,103.5,103.5,103.5,200,20700.0,102.325,102.40833333333333,107.36666666666666,0.45285226996084305,0.2648069502736892,0.18804531968715382
2025-11-25 12:32:00,103.5,103.5,103.5,103.5,1000,103500.0,102.45,102.41666666666667,107.33125,0.4571748469184058,0.3032805296026326,0.15389431731577324
2025-11-25 13:18:00,103.5,103.5,103.5,103.5,4000,414000.0,102.55,102.425,107.28958333333334,0.45535151152142816,0.3336947259863917,0.12165678553503645
2025-11-25 14:23:00,103.0,103.0,103.0,103.0,1000,103000.0,102.625,102.425,107.24166666666666,0.4088477414922096,0.3487253290875553,0.06012241240465427
2025-11-25 14:24:00,104.0,104.0,104.0,104.0,1,104.0,102.725,102.44166666666666,107.19791666666667,0.4475260100848004,0.3684854652870044,0.07904054479779604
2025-11-26 09:01:00,104.0,104.0,104.0,104.0,1400,145600.0,102.825,102.45833333333333,107.15208333333334,0.4727294853629189,0.38933426930218734,0.08339521606073158
2025-11-26 09:03:00,104.0,104.0,104.0,104.0,1000,104000.0,102.925,102.475,107.10625,0.4870885673003471,0.40888512890181933,0.07820343839852778
2025-11-26 09:07:00,104.5,104.5,104.5,104.5,2000,209000.0,103.125,102.5,107.06041666666667,0.5326737332934783,0.43364284978015116,0.09903088351332717
2025-11-26 09:13:00,104.5,104.5,104.5,104.5,200,20900.0,103.35,102.51666666666667,107.01666666666667,0.5623182509998514,0.4593779300240913,0.10294032097576017
2025-11-26 09:24:00,104.0,104.0,104.0,104.0,4,416.0,103.5,102.525,106.96875,0.5392497876529774,0.4753523015498685,0.06389748610310886
2025-11-26 09:29:00,104.5,104.5,104.5,104.5,11000,1149500.0,103.625,102.54166666666667,106.92291666666667,0.5549169484193754,0.49126523092377,0.06365171749560544
2025-11-26 10:10:00,105.0,105.0,105.0,105.0,100,10500.0,103.725,102.56666666666666,106.88125,0.6007539894936542,0.5131629826377468,0.08759100685590737
2025-11-26 10:13:00,105.0,105.0,105.0,105.0,300,31500.0,103.825,102.6,106.8375,0.6298200018510727,0.536494386480412,0.09332561537066064
2025-11-26 10:19:00,105.0,105.0,105.0,105.0,3000,315000.0,103.925,102.63333333333334,106.79375,0.6454150827367755,0.5582785257316848,0.08713655700509071
2025-11-26 10:21:00,105.0,105.0,105.0,105.0,1000,105000.0,104.025,102.65833333333333,106.75,0.6502782933140594,0.5766784792481597,0.07359981406589966
2025-11-26 11:04:00,106.0,106.0,106.0,106.0,1000,106000.0,104.175,102.70833333333333,106.71041666666666,0.726450001962192,0.6066327837909662,0.11981721817122581
2025-11-26 11:15:00,106.0,106.0,106.0,106.0,2000,212000.0,104.3,102.75833333333334,106.67083333333333,0.7778500585729802,0.640876238747369,0.1369738198256112
2025-11-26 11:28:00,107.0,107.0,107.0,107.0,100,10700.0,104.45,102.83333333333333,106.63541666666667,0.8890284498370136,0.690506680965298,0.19852176887171558
2025-11-26 12:21:00,107.0,107.0,107.0,107.0,1000,107000.0,104.625,102.9,106.60208333333334,0.9660026486924664,0.7456058745107318,0.22039677418173464
2025-11-26 12:52:00,107.0,107.0,107.0,107.0,1000,107000.0,104.8,102.96666666666667,106.56666666666666,1.015301492255091,0.7995449980596038,0.21575649419548715
2025-11-26 12:54:00,107.0,107.0,107.0,107.0,1000,107000.0,104.975,103.05,106.53333333333333,1.0423555549636347,0.84810710944041,0.19424844552322473
2025-11-26 13:10:00,107.0,107.0,107.0,107.0,2000,214000.0,105.15,103.125,106.49791666666667,1.0516730621573487,0.8888202999837979,0.16285276217355082
2025-11-26 13:17:00,107.5,107.5,107.5,107.5,1000,107500.0,105.35,103.225,106.47083333333333,1.0868742650908132,0.928431093005201,0.1584431720856122
2025-11-26 13:49:00,107.5,107.5,107.0,107.0,5100,547200.0,105.55,103.3,106.44375,1.0621814837413552,0.955181171152432,0.10700031258892329
2025-11-27 09:01:00,107.0,107.0,107.0,107.0,300,32100.0,105.7,103.38333333333334,106.41666666666667,1.0307306552340378,0.9702910679687532,0.060439587265284644
2025-11-27 09:08:00,107.0,108.0,107.0,108.0,2000,215000.0,105.9,103.5,106.39375,1.0741155542071112,0.9910559652164249,0.08305958899068633
2025-11-27 09:12:00,108.0,108.0,108.0,108.0,1000,108000.0,106.1,103.6,106.37291666666667,1.0958659388246872,1.0120179599380774,0.08384797888660978
2025-11-27 10:12:00,105.5,105.5,105.5,105.5,500,52750.0,106.15,103.65833333333333,106.3375,0.900988138296313,0.9898119956097245,-0.08882385731341158
2025-11-27 11:53:00,108.5,108.5,108.5,108.5,1,108.5,106.35,103.76666666666667,106.31458333333333,0.9773546690698112,0.9873205303017419,-0.009965861231930773
2025-11-27 12:06:00,108.5,108.5,108.5,108.5,1000,108500.0,106.575,103.86666666666666,106.28958333333334,1.0260480516522676,0.9950660345718472,0.030982017080420476
2025-11-27 12:22:00,109.0,109.0,109.0,109.0,4,436.0,106.8,103.98333333333333,106.26666666666667,1.0923913223176953,1.0145310921210169,0.07786023019667843
2025-11-27 13:39:00,108.0,108.0,108.0,108.0,1000,108000.0,106.95,104.09166666666667,106.23958333333333,1.0521486845505166,1.0220546106069168,0.030094073943599753
2025-11-28 09:16:00,107.5,107.5,107.5,107.5,160,17200.0,107.075,104.18333333333334,106.2125,0.9687432141112708,1.0113923313077877,-0.04264911719651687
2025-11-28 09:59:00,107.5,107.5,107.5,107.5,400,43000.0,107.2,104.275,106.18541666666667,0.8923572391048964,0.9875853128672094,-0.09522807376231301
2025-11-28 11:05:00,108.0,108.0,108.0,108.0,2100,226800.0,107.35,104.38333333333334,106.16458333333334,0.8622274041101008,0.9625137311157879,-0.10028632700568707
2025-11-28 11:10:00,108.5,108.5,108.5,108.5,1000,108500.0,107.475,104.5,106.14583333333333,0.8686814945943979,0.9437472838115101,-0.07506578921711216
2025-11-28 11:47:00,108.5,108.5,108.5,108.5,300,32550.0,107.6,104.60833333333333,106.12708333333333,0.863838613981315,0.9277655498454711,-0.0639269358641561
2025-11-28 12:06:00,108.5,108.5,108.5,108.5,4000,434000.0,107.675,104.71666666666667,106.10833333333333,0.8502000196094457,0.9122524437982662,-0.06205242418882051
2025-11-28 14:19:00,108.5,108.5,108.5,108.5,1000,108500.0,107.75,104.825,106.08958333333334,0.8298256220860907,0.8957670794558312,-0.06594145736974055
2025-12-01 10:06:00,108.0,108.0,108.0,108.0,1,108.0,107.8,104.93333333333334,106.06875,0.764520032891582,0.8695176701429815,-0.10499763725139954
2025-12-01 10:19:00,108.0,108.0,108.0,108.0,200,21600.0,107.85,105.05,106.05833333333334,0.7046422062247473,0.8365425773593347,-0.1319003711345874
2025-12-01 13:19:00,107.0,107.0,107.0,107.0,1000,107000.0,107.85,105.15,106.04375,0.5699271886797987,0.7832194996234275,-0.21329231094362877
2025-12-01 13:32:00,107.0,107.0,107.0,107.0,1000,107000.0,107.825,105.24166666666666,106.02708333333334,0.4578863380257303,0.7181528673038882,-0.26026652927815785
2025-12-01 13:37:00,107.0,107.0,107.0,107.0,7500,802500.0,107.825,105.33333333333333,106.00625,0.36488696685202626,0.6474996872135158,-0.28261272036148954
2025-12-02 09:10:00,107.5,107.5,107.5,107.5,1000,107500.0,107.85,105.425,105.9875,0.3277519955124859,0.5835501488733098,-0.2557981533608239
2025-12-02 10:22:00,107.0,107.0,107.0,107.0,96,10272.0,107.8,105.50833333333334,105.96666666666667,0.25503653938592663,0.5178474269758332,-0.26281088758990656
2025-12-02 11:53:00,107.5,107.5,107.5,107.5,1000,107500.0,107.775,105.6,105.94791666666667,0.23504538100316097,0.4612870177812987,-0.22624163677813774
2025-12-02 12:07:00,107.5,107.5,107.5,107.5,1000,107500.0,107.875,105.71666666666667,105.92916666666666,0.21670421268615314,0.41237045676226963,-0.1956662440761165
2025-12-02 14:12:00,107.5,107.5,107.5,107.5,200,21500.0,107.825,105.84166666666667,105.9125,0.19986478779178185,0.3698693229681721,-0.17000453517639025
2025-12-03 09:01:00,107.0,107.0,107.0,107.0,4,428.0,107.75,105.94166666666666,105.89166666666667,0.14450780489401893,0.3247970193533415,-0.18028921445932256
2025-12-03 09:22:00,107.5,107.5,107.5,107.5,1000,107500.0,107.675,106.03333333333333,105.87291666666667,0.13937617664198854,0.2877128508110709,-0.14833667416908236
2025-12-03 09:36:00,107.5,107.5,107.5,107.5,1000,107500.0,107.65,106.10833333333333,105.85416666666667,0.1337673376793731,0.25692374818473135,-0.12315641050535825
2025-12-03 11:39:00,107.5,107.5,107.5,107.5,200,21500.0,107.65,106.18333333333334,105.83125,0.12784853407413266,0.2311087053626116,-0.10326017128847895
2025-12-03 12:01:00,107.5,107.5,107.5,107.5,1000,107500.0,107.65,106.25833333333334,105.8125,0.12175433143100634,0.20923783057629056,-0.08748349914528422
2025-12-03 12:54:00,107.5,107.5,107.5,107.5,50,5375.0,107.625,106.33333333333333,105.79375,0.11559215749203133,0.1905086959594387,-0.07491653846740737
2025-12-03 13:08:00,107.5,107.5,107.5,107.5,1000,107500.0,107.575,106.40833333333333,105.775,0.10944695389321168,0.1742963475461933,-0.06484939365298162
2025-12-04 10:49:00,108.0,108.0,108.0,108.0,1000,108000.0,107.55,106.48333333333333,105.75833333333334,0.14327111684121974,0.1680913014051986,-0.02482018456397886
2025-12-04 12:38:00,107.0,107.0,107.0,107.0,1000,107000.0,107.475,106.53333333333333,105.7375,0.08836673035500553,0.15214638719516,-0.06377965684015446
2025-12-04 13:32:00,107.5,107.5,107.5,107.5,2000,215000.0,107.425,106.6,105.71666666666667,0.0842294847563494,0.13856300670739788,-0.054333521951048486
2025-12-04 13:54:00,107.5,107.5,107.5,107.5,300,32250.0,107.4,106.66666666666667,105.7,0.08002817285134256,0.12685603993618683,-0.046827867084844266
2025-12-05 09:51:00,107.5,107.5,107.5,107.5,1000,107500.0,107.375,106.73333333333333,105.68125,0.07582454474511735,0.11664974089797293,-0.04082519615285558
2025-12-05 09:53:00,107.5,107.5,107.5,107.5,1000,107500.0,107.4,106.8,105.6625,0.07166700654514102,0.10765319402740656,-0.035986187482265536
2025-12-05 10:58:00,107.0,107.0,107.0,107.0,1000,107000.0,107.4,106.85833333333333,105.64166666666667,0.02770691813722692,0.09166393884937063,-0.06395702071214371
2025-12-05 11:33:00,107.0,107.0,107.0,107.0,100,10700.0,107.4,106.925,105.62083333333334,-0.0070504949246554816,0.07192105209456541,-0.07897154701922089
2025-12-05 12:04:00,107.0,107.0,107.0,107.0,1000,107000.0,107.375,106.975,105.59791666666666,-0.03420173883439759,0.05069649390877281,-0.0848982327431704
2025-12-05 12:33:00,106.0,106.0,106.0,106.0,1000,106000.0,107.325,107.00833333333334,105.58125,-0.13485639729547927,0.013585915667922385,-0.14844231296340166
2025-12-05 14:33:00,105.5,105.5,105.5,105.5,5,527.5,107.225,107.03333333333333,105.55833333333334,-0.2520660995393911,-0.03954448737354033,-0.21252161216585075
2025-12-08 10:38:00,105.5,105.5,105.5,105.5,198,20889.0,107.125,107.05,105.53333333333333,-0.341024514693018,-0.09984049283743589,-0.24118402185558208
2025-12-08 10:52:00,105.5,105.5,105.5,105.5,200,21100.0,107.025,107.06666666666666,105.50833333333334,-0.40683495944649906,-0.16123938615924854,-0.2455955732872505
2025-12-08 11:26:00,107.0,107.0,107.0,107.0,2000,214000.0,107.025,107.11666666666666,105.48958333333333,-0.33410143371835943,-0.19581179567107074,-0.1382896380472887
2025-12-09 09:24:00,106.5,106.5,106.5,106.5,1000,106500.0,106.975,107.15,105.47083333333333,-0.3131950938035146,-0.21928845529755953,-0.0939066385059551
2025-12-09 09:27:00,106.5,106.5,106.5,106.5,300,31950.0,106.925,107.175,105.45,-0.29324630790094375,-0.23408002581823642,-0.05916628208270733
2025-12-09 09:29:00,106.5,106.5,106.5,106.5,200,21300.0,106.875,107.2,105.42916666666666,-0.2742750789698789,-0.24211903644856494,-0.03215604252131396
2025-12-09 14:57:00,106.0,106.0,106.0,106.0,1200,127200.0,106.8,107.21666666666667,105.4125,-0.2961719784800607,-0.25292962485486414,-0.04324235362519657
2025-12-10 10:00:00,105.0,105.0,105.0,105.0,31,3255.0,106.675,107.21666666666667,105.38958333333333,-0.38972456950963874,-0.2802886137858191,-0.10943595572381964
2025-12-10 10:02:00,105.0,105.0,105.0,105.0,20,2100.0,106.55,107.2,105.36875,-0.4585794534272907,-0.31594678171411344,-0.14263267171317723
2025-12-10 10:36:00,107.0,107.0,107.0,107.0,1000,107000.0,106.5,107.21666666666667,105.35416666666667,-0.34775545132941943,-0.32230851563717466,-0.025446935692244765
2025-12-10 13:10:00,107.0,107.0,107.0,107.0,50,5350.0,106.5,107.21666666666667,105.34166666666667,-0.25696450437148144,-0.30923971338403605,0.05227520901255461
2025-12-10 14:48:00,107.0,107.0,107.0,107.0,1,107.0,106.475,107.21666666666667,105.33125,-0.18290362565092266,-0.2839724958374134,0.10106887018649074
2025-12-11 09:01:00,107.0,107.0,107.0,107.0,500,53500.0,106.45,107.21666666666667,105.32291666666667,-0.12279434886815466,-0.25173686644356164,0.12894251757540698
2025-12-11 09:55:00,106.0,106.0,106.0,106.0,1000,106000.0,106.375,107.2,105.30833333333334,-0.1540729001196155,-0.2322040731787724,0.0781311730591569
2025-12-11 10:25:00,107.0,107.0,107.0,107.0,2000,214000.0,106.35,107.2,105.29791666666667,-0.09705099126968264,-0.20517345679695448,0.10812246552727184
2025-12-11 10:27:00,107.5,107.5,107.0,107.0,3640,390480.0,106.35,107.19166666666666,105.2875,-0.051269712355690444,-0.17439270790870168,0.12312299555301123
2025-12-11 11:58:00,107.5,107.5,107.5,107.5,2000,215000.0,106.375,107.2,105.27916666666667,0.025069121122299975,-0.13450034210250136,0.15956946322480134
2025-12-11 12:59:00,108.0,108.0,108.0,108.0,1000,108000.0,106.425,107.21666666666667,105.27291666666666,0.12447910038713417,-0.08270445360457425,0.2071835539917084
2025-12-11 13:04:00,108.0,108.0,108.0,108.0,1000,108000.0,106.525,107.21666666666667,105.26666666666667,0.20094584653038794,-0.025974393577581797,0.22692024010796974
2025-12-12 12:17:00,107.0,107.0,107.0,107.0,1000,107000.0,106.6,107.2,105.25833333333334,0.17879362944567845,0.014979211027070264,0.1638144184186082
2025-12-12 13:55:00,107.5,107.5,107.5,107.5,50,5375.0,106.7,107.23333333333333,105.25208333333333,0.19928640945687448,0.051840650713031115,0.14744575874384336
2025-12-12 14:41:00,107.0,107.0,107.0,107.0,1,107.0,106.775,107.20833333333333,105.24583333333334,0.17318489625246514,0.07610949982091793,0.09707539643154721
2025-12-15 09:01:00,107.5,107.5,107.5,107.5,1,107.5,106.8,107.19166666666666,105.24166666666666,0.19064741557944842,0.09901708297262404,0.09163033260682438
2025-12-15 09:37:00,106.5,106.5,106.5,106.5,5,532.5,106.8,107.15,105.23333333333333,0.12238417669797741,0.10369050171769473,0.018693674980282682
2025-12-15 12:38:00,106.5,106.5,106.5,106.5,1000,106500.0,106.8,107.125,105.22916666666667,0.06750689066038262,0.09645377950623232,-0.0289468888458497
2025-12-15 13:28:00,107.0,107.0,107.0,107.0,2000,214000.0,106.825,107.11666666666666,105.225,0.06362859657782849,0.08988874292055157,-0.026260146342723084
2025-12-16 11:09:00,107.5,107.5,107.5,107.5,2000,215000.0,106.9,107.11666666666666,105.22291666666666,0.09975097475727068,0.09186118928789541,0.007889785469375271
2025-12-16 11:56:00,108.0,108.0,107.5,107.5,4100,442250.0,107.025,107.10833333333333,105.22083333333333,0.12691522005731315,0.09887199544177898,0.02804322461553417
2025-12-16 13:49:00,108.0,108.0,108.0,108.0,1000,108000.0,107.175,107.1,105.22083333333333,0.1866374610182504,0.11642508855707327,0.07021237246117713
2025-12-17 10:26:00,108.5,108.5,108.5,108.5,1000,108500.0,107.25,107.1,105.22083333333333,0.2711875077993966,0.14737757240553795,0.12380993539385865
2025-12-17 11:45:00,107.5,107.5,107.5,107.5,500,53750.0,107.275,107.08333333333333,105.21666666666667,0.2545678862427536,0.1688156351729811,0.08575225106977252
2025-12-17 12:20:00,107.5,107.5,107.5,107.5,1000,107500.0,107.3,107.06666666666666,105.2125,0.2386457566899054,0.182781659476366,0.05586409721353941
2025-12-17 14:22:00,107.0,107.0,107.0,107.0,25,2675.0,107.3,107.05,105.21041666666666,0.18356550411499484,0.18293842840409177,0.0006270757109030634
2025-12-18 09:20:00,107.5,107.5,107.5,107.5,2000,215000.0,107.375,107.04166666666667,105.21041666666666,0.17820558538406317,0.1819918598000861,-0.0037862744160229167
2025-12-18 09:29:00,108.0,108.0,108.0,108.0,4000,432000.0,107.425,107.05833333333334,105.20833333333333,0.21186142586114443,0.18796577301229778,0.02389565284884665
2025-12-18 09:36:00,108.5,108.5,108.5,108.5,4,434.0,107.5,107.08333333333333,105.20833333333333,0.2757016265100134,0.20551294371184092,0.07018868279817247
2025-12-18 10:23:00,108.5,108.5,108.5,108.5,1350,146475.0,107.55,107.10833333333333,105.20833333333333,0.3225769788530215,0.22892575074007707,0.09365122811294443
2025-12-18 10:27:00,109.0,109.0,109.0,109.0,3200,348800.0,107.6,107.13333333333334,105.21041666666666,0.3955126312146007,0.2622431268349818,0.13326950437961887
2025-12-18 10:29:00,109.5,109.5,109.0,109.0,3000,328000.0,107.65,107.16666666666667,105.21458333333334,0.448148682139319,0.29942423789584927,0.14872444424346976
2025-12-18 10:44:00,109.5,109.5,109.5,109.5,100,10950.0,107.775,107.2,105.22083333333333,0.5241666857739204,0.3443727274714635,0.17979395830245692
2025-12-18 11:08:00,109.0,109.0,108.5,108.5,6032,654488.0,107.825,107.21666666666667,105.22083333333333,0.497979461433232,0.37509407426381725,0.12288538716941477
2025-12-18 11:28:00,108.5,108.5,108.5,108.5,100,10850.0,107.9,107.23333333333333,105.22083333333333,0.47178742570838494,0.39443274455273086,0.07735468115565408
2025-12-18 12:29:00,108.5,108.5,108.5,108.5,300,32550.0,107.95,107.25833333333334,105.22083333333333,0.44589010511815275,0.40472421666581526,0.041165888452337485
2025-12-18 12:56:00,109.0,109.0,109.0,109.0,1000,109000.0,108.075,107.28333333333333,105.22291666666666,0.46040485274555465,0.4158603438817632,0.044544508863791465
2025-12-18 13:11:00,109.0,109.0,109.0,109.0,1000,109000.0,108.2,107.30833333333334,105.22708333333334,0.46653002706622715,0.42599428051865607,0.04053574654757108
2025-12-18 13:31:00,109.0,109.0,109.0,109.0,1000,109000.0,108.3,107.33333333333333,105.22916666666667,0.4660123713110096,0.43399789867712685,0.03201447263388274
2025-12-19 09:01:00,109.5,109.5,109.5,109.5,3000,328500.0,108.4,107.36666666666666,105.2375,0.5001821581545158,0.44723475057260464,0.05294740758191119
2025-12-19 11:04:00,109.5,109.5,109.5,109.5,100,10950.0,108.5,107.4,105.24583333333334,0.5212532770985234,0.46203845587778847,0.05921482122073496
2025-12-19 11:06:00,110.5,110.5,110.5,110.5,3000,331500.0,108.625,107.45,105.25833333333334,0.6115938600079431,0.49194953670381947,0.11964432330412367
2025-12-19 11:29:00,110.0,110.0,110.0,110.0,27,2970.0,108.7,107.48333333333333,105.26875,0.6355177484981454,0.5206631790626848,0.11485456943546057
2025-12-19 12:16:00,110.0,110.0,110.0,110.0,1000,110000.0,108.825,107.53333333333333,105.28125,0.6470191682725357,0.545934376904655,0.10108479136788073
2025-12-19 12:42:00,110.5,110.5,110.0,110.0,4000,441500.0,108.95,107.575,105.29375,0.6486568143262872,0.5664788643889814,0.08217794993730576
2025-12-19 13:11:00,111.0,111.0,111.0,111.0,100,11100.0,109.15,107.63333333333334,105.30833333333334,0.7223198496752303,0.5976470614462313,0.12467278822899908
2025-12-19 13:19:00,110.5,110.5,110.5,110.5,1000,110500.0,109.3,107.68333333333334,105.32708333333333,0.7319154488839388,0.6245007389337728,0.107414709950166
2025-12-22 09:05:00,111.0,111.0,111.0,111.0,2000,222000.0,109.45,107.74166666666666,105.34791666666666,0.7709784915815447,0.6537962894633272,0.1171822021182175
2025-12-22 09:32:00,111.0,111.5,111.0,111.5,2000,222500.0,109.6,107.81666666666666,105.36458333333333,0.8326833997738987,0.6895737115254416,0.14310968824845716
2025-12-22 09:55:00,112.0,112.0,112.0,112.0,10,1120.0,109.775,107.9,105.39791666666666,0.9114244714371296,0.7339438635077793,0.17748060792935028
2025-12-22 10:05:00,112.0,112.0,112.0,112.0,1000,112000.0,109.925,107.98333333333333,105.41666666666667,0.9627295905871165,0.7797010089236468,0.1830285816634697
2025-12-22 10:23:00,111.5,113.0,111.5,113.0,4010,447630.0,110.125,108.1,105.44791666666667,1.0717267113959394,0.8381061494181054,0.2336205619778341
2025-12-22 10:29:00,113.0,113.5,113.0,113.5,1010,114135.0,110.325,108.23333333333333,105.48125,1.1847959460877888,0.9074441087520421,0.27735183733574675
2025-12-22 10:34:00,113.5,113.5,113.5,113.5,1000,113500.0,110.575,108.36666666666666,105.51458333333333,1.2598810052214446,0.9779314880459227,0.28194951717552197
2025-12-22 10:35:00,114.5,114.5,114.5,114.5,10,1145.0,110.875,108.51666666666667,105.55208333333333,1.3841227922324606,1.0591697488832303,0.32495304334923025
2025-12-22 10:56:00,114.5,114.5,114.0,114.0,1050,120200.0,111.15,108.63333333333334,105.5875,1.4258037046515426,1.132496540036893,0.2933071646146497
2025-12-22 10:57:00,115.0,115.0,114.0,114.0,1010,115150.0,111.4,108.75833333333334,105.62708333333333,1.442211214898407,1.1944394750091958,0.2477717398892112
2025-12-22 10:58:00,115.0,115.0,115.0,115.0,10,1150.0,111.7,108.9,105.67083333333333,1.5184027261755801,1.2592321252424727,0.2591706009331074
2025-12-22 11:02:00,115.0,115.0,115.0,115.0,1000,115000.0,112.0,109.04166666666667,105.71041666666666,1.5607931953964567,1.3195443392732698,0.24124885612318692
2025-12-22 11:03:00,116.0,116.0,116.0,116.0,10,1160.0,112.325,109.20833333333333,105.75416666666666,1.6559903642117035,1.3868335442609567,0.2691568199507468
2025-12-22 11:04:00,116.0,116.0,116.0,116.0,88,10208.0,112.65,109.39166666666667,105.8,1.7117033555716574,1.451807506523097,0.25989584904856033
2025-12-22 11:36:00,115.5,116.0,115.0,115.5,13000,1505000.0,112.9,109.56666666666666,105.83958333333334,1.6959605042944617,1.5006381060773701,0.19532239821709152
2025-12-22 11:41:00,116.0,116.0,116.0,116.0,167,19372.0,113.2,109.71666666666667,105.8875,1.7041852162078186,1.54134752810346,0.1628376881043585
2025-12-22 11:44:00,115.5,115.5,115.5,115.5,1000,115500.0,113.475,109.85833333333333,105.93125,1.6513221247871286,1.563342447440194,0.08797967734693457
2025-12-22 12:29:00,115.5,115.5,115.5,115.5,1000,115500.0,113.75,110.0,105.97291666666666,1.591086687066806,1.5688912953655165,0.02219539170128937
2025-12-22 13:21:00,115.0,115.5,115.0,115.5,3001,346615.0,113.975,110.14166666666667,106.01458333333333,1.5257616382880173,1.5602653639500168,-0.03450372566199955
2025-12-23 09:01:00,115.5,115.5,115.5,115.5,1,115.5,114.225,110.3,106.06041666666667,1.4571934474979287,1.5396509806595993,-0.0824575331616706
2025-12-23 09:04:00,114.5,114.5,114.0,114.0,4060,464340.0,114.375,110.41666666666667,106.09791666666666,1.2672076177051679,1.485162308068713,-0.2179546903635452
2025-12-23 09:06:00,113.0,113.0,113.0,113.0,255,28815.0,114.45,110.51666666666667,106.12916666666666,1.0241451286344159,1.3929588721818538,-0.3688137435474379
2025-12-23 09:12:00,113.0,113.0,113.0,113.0,2000,226000.0,114.5,110.60833333333333,106.1625,0.8220403850190507,1.2787751747492933,-0.4567347897302425
2025-12-23 10:19:00,112.5,112.5,112.5,112.5,1000,112500.0,114.525,110.68333333333334,106.19166666666666,0.6144421911891413,1.1459085780372629,-0.5314663868481215
2025-12-23 10:52:00,112.0,112.0,112.0,112.0,2000,224000.0,114.475,110.75,106.22083333333333,0.4049058035310793,0.9977080231360261,-0.5928022196049468
2025-12-23 11:53:00,111.5,112.0,111.5,112.0,4000,447000.0,114.4,110.83333333333333,106.25416666666666,0.23612480689261872,0.8453913798873447,-0.609266572994726
2025-12-23 12:42:00,112.5,112.5,112.5,112.5,1000,112500.0,114.35,110.91666666666667,106.2875,0.14108414221131227,0.7045299323521382,-0.563445790140826
2025-12-23 13:28:00,112.0,112.0,112.0,112.0,7100,795200.0,114.225,111.0,106.31458333333333,0.025128246609568805,0.5686495952036243,-0.5435213485940555
2025-12-24 09:20:00,112.5,112.5,112.5,112.5,1000,112500.0,114.15,111.08333333333333,106.35,-0.026120711444320932,0.44969553387403527,-0.4758162453183562
2025-12-24 09:45:00,112.5,112.5,112.5,112.5,2000,225000.0,114.075,111.18333333333334,106.38541666666667,-0.06597535708262114,0.34656135568270396,-0.4125367127653251
2025-12-24 10:32:00,113.0,113.0,113.0,113.0,2000,226000.0,113.975,111.29166666666667,106.42291666666667,-0.05656261099203164,0.26593656234775687,-0.3224991733397885
2025-12-24 11:13:00,113.0,113.0,113.0,113.0,1,113.0,113.875,111.39166666666667,106.45833333333333,-0.04854336421460914,0.20304057703528364,-0.2515839412498928
2025-12-26 09:42:00,112.5,112.5,112.5,112.5,200,22500.0,113.7,111.475,106.49166666666666,-0.08159331771702227,0.14611379808482247,-0.22770711580184474
2025-12-26 09:53:00,112.0,112.0,112.0,112.0,1000,112000.0,113.5,111.55,106.525,-0.1464433574386561,0.08760236698012674,-0.23404572441878285
2025-12-26 10:25:00,112.0,112.0,112.0,112.0,1010,113120.0,113.325,111.61666666666666,106.55833333333334,-0.19558292294776436,0.030965308994548513,-0.22654823194231288
2025-12-29 10:09:00,112.0,112.0,112.0,112.0,1200,134400.0,113.125,111.675,106.59166666666667,-0.2318537173158859,-0.021598496267538382,-0.2102552210483475
2025-12-29 10:31:00,112.0,112.0,112.0,112.0,300,33600.0,112.95,111.75,106.62291666666667,-0.25762879874598354,-0.06880455676322743,-0.1888242419827561
2025-12-29 11:18:00,112.0,112.0,112.0,112.0,1000,112000.0,112.775,111.825,106.65416666666667,-0.27488701013713523,-0.11002104743800901,-0.16486596269912623
2025-12-29 12:09:00,112.0,112.0,112.0,112.0,1000,112000.0,112.6,111.90833333333333,106.68541666666667,-0.28527578532808207,-0.14507199501602364,-0.14020379031205843
2025-12-29 12:17:00,111.5,111.5,111.5,111.5,150,16725.0,112.4,111.975,106.71875,-0.33005017289559646,-0.18206763059193823,-0.14798254230365823
2025-12-29 13:29:00,111.5,111.5,111.5,111.5,150,16725.0,112.275,112.03333333333333,106.74583333333334,-0.3613685657431347,-0.21792781762217753,-0.14344074812095717
2025-12-29 13:30:00,112.5,112.5,112.5,112.5,1000,112500.0,112.25,112.1,106.78125,-0.30201552805111476,-0.23474535970796498,-0.06727016834314978
2025-12-29 13:33:00,112.5,112.5,112.5,112.5,2000,225000.0,112.225,112.16666666666667,106.81666666666666,-0.2520720879442422,-0.23821070535522043,-0.013861382589021753
2025-12-29 13:34:00,112.0,112.0,112.0,112.0,351,39312.0,112.2,112.21666666666667,106.85,-0.2499560355762469,-0.24055977139942578,-0.009396264176821129
2025-12-30 09:25:00,112.5,112.5,112.5,112.5,200,22500.0,112.225,112.275,106.88541666666667,-0.2055636180733984,-0.2335605407342203,0.027996922660821905
2025-12-30 13:45:00,112.5,112.5,112.5,112.5,2000,225000.0,112.25,112.325,106.92291666666667,-0.16844062865578735,-0.22053655831853372,0.05209592966274637
2025-12-31 09:06:00,112.5,112.5,112.5,112.5,500,56250.0,112.25,112.39166666666667,106.96041666666666,-0.13743611411314305,-0.2039164694774556,0.06648035536431254
2025-12-31 09:34:00,112.0,112.0,112.0,112.0,2000,224000.0,112.25,112.45,106.99583333333334,-0.1514646441539611,-0.1934261044127567,0.0419614602587956
2025-12-31 12:54:00,112.5,112.5,112.5,112.5,1000,112500.0,112.25,112.51666666666667,107.03125,-0.1208435250217974,-0.17890958853456487,0.05806606351276747
2025-12-31 12:58:00,112.5,112.5,112.5,112.5,12,1350.0,112.25,112.575,107.06875,-0.0954754855305282,-0.16222276793375756,0.06674728240322936
2026-01-02 09:01:00,112.5,112.5,112.5,112.5,5,562.5,112.225,112.63333333333334,107.10416666666667,-0.07451220119371271,-0.1446806545857486,0.0701684533920359
2026-01-02 12:09:00,111.5,111.5,111.5,111.5,2000,223000.0,112.15,112.675,107.13958333333333,-0.13701091345183158,-0.1431467063589652,0.006135792907133619
2026-01-02 13:04:00,111.5,112.0,111.5,112.0,1200,134350.0,112.125,112.71666666666667,107.17708333333333,-0.14452972318737523,-0.1434233097246472,-0.001106413462728023
2026-01-02 13:23:00,112.0,112.0,112.0,112.0,1000,112000.0,112.125,112.75833333333334,107.21458333333334,-0.1487734661632203,-0.14449334101236183,-0.00428012515085846
2026-01-05 09:01:00,112.5,112.5,112.5,112.5,16,1800.0,112.15,112.79166666666667,107.25416666666666,-0.11051687201424443,-0.13769804721273834,0.027181175198493918
2026-01-05 09:13:00,112.0,112.0,112.0,112.0,1000,112000.0,112.15,112.825,107.28958333333334,-0.11917034529335524,-0.13399250682886174,0.0148221615355065
2026-01-05 09:14:00,112.0,112.0,112.0,112.0,1000,112000.0,112.15,112.85833333333333,107.32708333333333,-0.12459206543746859,-0.13211241855058312,0.007520353113114525
2026-01-05 09:22:00,112.0,112.0,112.0,112.0,3001,336112.0,112.15,112.89166666666667,107.36666666666666,-0.12741999927759196,-0.13117393469598487,0.0037539354183929174
2026-01-05 09:40:00,112.5,112.5,112.0,112.0,5000,562000.0,112.15,112.90833333333333,107.40416666666667,-0.12818353719474374,-0.13057585519573664,0.0023923180009929046
2026-01-05 10:28:00,112.0,112.0,112.0,112.0,1000,112000.0,112.175,112.93333333333334,107.43958333333333,-0.12732096961195793,-0.1299248780789809,0.002603908467022964
2026-01-05 11:53:00,111.5,111.5,111.5,111.5,4000,446000.0,112.175,112.94166666666666,107.475,-0.1650802574646093,-0.13695595395610657,-0.02812430350850273
2026-01-05 13:14:00,111.0,111.5,111.0,111.5,2500,277750.0,112.125,112.94166666666666,107.51041666666667,-0.19278248860314307,-0.1481212608855139,-0.044661227717629176
2026-01-05 13:15:00,111.5,111.5,111.5,111.5,500,55750.0,112.075,112.93333333333334,107.54583333333333,-0.21228956441136404,-0.16095492159068392,-0.05133464282068012
2026-01-05 13:16:00,111.0,111.0,111.0,111.0,400,44400.0,112.025,112.91666666666667,107.57916666666667,-0.2650396715042831,-0.18177187157340377,-0.08326779993087932
2026-01-05 14:25:00,111.5,111.5,111.5,111.5,1,111.5,111.975,112.89166666666667,107.61458333333333,-0.26346166798444415,-0.19810983085561187,-0.06535183712883227
2026-01-06 12:01:00,112.0,112.0,112.0,112.0,1000,112000.0,111.95,112.86666666666666,107.65208333333334,-0.21933688838362286,-0.20235524236121408,-0.016981646022408786
2026-01-06 13:40:00,111.0,111.0,111.0,111.0,25,2775.0,111.875,112.825,107.68541666666667,-0.26203870620764746,-0.21429193513050077,-0.0477467710771467
2026-01-06 14:33:00,112.0,112.0,112.0,112.0,1,112.0,111.875,112.78333333333333,107.72083333333333,-0.21273627052894994,-0.21398080221019064,0.001244531681240696
2026-01-06 14:53:00,112.0,112.0,111.5,111.5,6210,694915.0,111.825,112.74166666666666,107.75416666666666,-0.21157070103106435,-0.2134987819743654,0.001928080943301047
2026-01-07 09:01:00,111.0,111.0,111.0,111.0,1000,111000.0,111.75,112.69166666666666,107.78541666666666,-0.24813248332154103,-0.22042552224380055,-0.027706961077740483
2026-01-07 09:33:00,112.0,112.0,112.0,112.0,1000,112000.0,111.725,112.64166666666667,107.82083333333334,-0.19417795396711313,-0.21517600858846309,0.02099805462134996
2026-01-07 09:34:00,112.0,112.0,112.0,112.0,1000,112000.0,111.75,112.59166666666667,107.85833333333333,-0.1496930326328112,-0.20207941339733274,0.05238638076452154
2026-01-07 10:00:00,112.0,112.0,112.0,112.0,1,112.0,111.75,112.525,107.89583333333333,-0.1131342705317735,-0.18429038482422092,0.07115611429244742
2026-01-07 11:23:00,112.0,112.0,112.0,112.0,90,10080.0,111.75,112.45833333333333,107.93125,-0.0832020863155094,-0.16407272512247864,0.08087063880696924
2026-01-07 11:29:00,112.0,112.0,112.0,112.0,2000,224000.0,111.725,112.4,107.96875,-0.058802772911690226,-0.14301873468032097,0.08421596176863075
2026-01-07 14:05:00,111.5,111.5,111.5,111.5,3,334.5,111.7,112.325,108.00416666666666,-0.07890242454217855,-0.1301954726526925,0.05129304811051394
2026-01-07 14:40:00,112.5,112.5,112.5,112.5,1,112.5,111.725,112.275,108.04583333333333,-0.013978762149648105,-0.10695213055208361,0.0929733684024355
2026-01-08 09:34:00,112.0,112.0,112.0,112.0,300,33600.0,111.725,112.21666666666667,108.08333333333333,-0.0028393826438275482,-0.0861295809704324,0.08329019832660485
2026-01-08 09:35:00,112.0,112.0,112.0,112.0,1000,112000.0,111.725,112.15833333333333,108.12083333333334,0.005920409078910893,-0.06771958296056374,0.07363999203947463
2026-01-08 11:10:00,112.0,112.0,112.0,112.0,4000,448000.0,111.725,112.1,108.1625,0.012716024712631224,-0.051632461425924744,0.06434848613855597
2026-01-08 12:35:00,112.5,112.5,112.5,112.5,5000,562500.0,111.775,112.075,108.20416666666667,0.057781352918951256,-0.029749698556949544,0.0875310514759008
2026-01-08 12:37:00,112.0,112.0,112.0,112.0,1000,112000.0,111.8,112.05833333333334,108.24791666666667,0.052544429400626314,-0.013290872965434368,0.06583530236606068
2026-01-08 12:38:00,112.5,112.5,112.5,112.5,1000,112500.0,111.85,112.05,108.28958333333334,0.08772866961386683,0.006913035550425877,0.08081563406344094
2026-01-08 12:51:00,112.5,112.5,112.5,112.5,2000,225000.0,111.925,112.05,108.33333333333333,0.11429491286227744,0.0283894110127962,0.08590550184948124
2026-01-08 12:54:00,113.0,113.0,113.0,113.0,1000,113000.0,112.0,112.06666666666666,108.38333333333334,0.173692454861893,0.05745001978261558,0.11624243507927742
2026-01-08 13:20:00,112.5,112.5,112.5,112.5,1000,112500.0,112.025,112.075,108.42708333333333,0.17836354953551847,0.08163272573319617,0.0967308238023223
2026-01-09 09:15:00,112.5,112.5,112.5,112.5,1000,112500.0,112.1,112.075,108.47083333333333,0.17999060605147577,0.10130430179685211,0.07868630425462365
2026-01-09 09:18:00,112.5,112.5,112.5,112.5,1000,112500.0,112.125,112.08333333333333,108.51458333333333,0.17921419043237563,0.11688627952395682,0.06232791090841881
2026-01-09 09:21:00,112.5,112.5,112.5,112.5,200,22500.0,112.175,112.08333333333333,108.55625,0.17656356064038903,0.12882173574724326,0.04774182489314577
2026-01-09 10:07:00,112.5,112.5,112.5,112.5,10,1125.0,112.25,112.08333333333333,108.6,0.17247473603822527,0.13755233580543966,0.034922400232785616
2026-01-09 10:43:00,112.5,112.5,112.5,112.5,1000,112500.0,112.275,112.075,108.64583333333333,0.1673057169221437,0.14350301202878046,0.023802704893363225
2026-01-09 10:49:00,112.5,112.5,112.5,112.5,30,3375.0,112.3,112.06666666666666,108.68958333333333,0.16134929776369233,0.14707226917576285,0.01427702858792948
2026-01-09 11:46:00,112.0,112.0,112.0,112.0,2000,224000.0,112.3,112.05833333333334,108.73125,0.11495780927472765,0.1406493771955558,-0.025691567920828162
2026-01-09 12:17:00,111.5,111.5,111.5,111.5,30,3345.0,112.275,112.05,108.77291666666666,0.03741510109362878,0.1200025219751704,-0.08258742088154163
2026-01-09 12:31:00,111.5,112.0,111.5,112.0,1990,222385.0,112.275,112.05,108.81666666666666,0.016121924016204048,0.09922640238337714,-0.08310447836717309
2026-01-12 09:01:00,111.0,111.0,111.0,111.0,4,444.0,112.25,112.03333333333333,108.85416666666667,-0.08051656997911039,0.06327780791087964,-0.14379437788999003
2026-01-12 09:22:00,111.0,111.0,111.0,111.0,2000,222000.0,112.175,112.01666666666667,108.89166666666667,-0.15531292202696534,0.019559661923310635,-0.17487258395027597
2026-01-12 09:27:00,111.5,111.5,111.5,111.5,1000,111500.0,112.15,112.00833333333334,108.93125,-0.1722580648333576,-0.018803883428023024,-0.15345418140533457
2026-01-12 09:35:00,111.5,111.5,111.5,111.5,1000,111500.0,112.125,112.0,108.97291666666666,-0.18357111899983636,-0.0517573305423857,-0.13181378845745065
2026-01-12 10:15:00,111.0,111.0,111.0,111.0,150,16650.0,112.075,111.99166666666666,109.01458333333333,-0.2302286842983392,-0.08745160129357642,-0.14277708300476277
2026-01-12 10:17:00,111.0,111.0,111.0,111.0,600,66600.0,112.0,111.98333333333333,109.05625,-0.26416006811571435,-0.12279329465800401,-0.14136677345771034
2026-01-12 13:07:00,111.0,111.0,111.0,111.0,500,55500.0,111.95,111.95833333333333,109.09583333333333,-0.28773411448983666,-0.15578145862437057,-0.1319526558654661
2026-01-12 14:04:00,110.5,111.0,110.5,110.5,4000,442500.0,111.85,111.925,109.13333333333334,-0.3428108275807773,-0.19318733241565195,-0.14962349516512535
2026-01-12 14:26:00,111.0,111.0,111.0,111.0,300,33300.0,111.775,111.90833333333333,109.17083333333333,-0.3421693825371648,-0.22298374243995456,-0.11918564009721022
2026-01-12 14:27:00,110.0,110.0,110.0,110.0,1000,110000.0,111.625,111.86666666666666,109.20416666666667,-0.41753953946837896,-0.26189490184563946,-0.1556446376227395
2026-01-12 14:30:00,111.0,111.0,111.0,111.0,1,111.0,111.55,111.84166666666667,109.24166666666666,-0.3920598670985953,-0.28792789489623066,-0.10413197220236464
2026-01-12 14:56:00,110.0,110.0,110.0,110.0,1000,110000.0,111.425,111.8,109.28125,-0.4474013218846835,-0.31982258029392124,-0.12757874159076227
2026-01-13 09:01:00,110.0,110.0,110.0,110.0,1,110.0,111.3,111.76666666666667,109.32291666666667,-0.4856614209691088,-0.35299034842895877,-0.13267107254015004
2026-01-13 09:14:00,110.0,110.0,110.0,110.0,500,55000.0,111.175,111.725,109.36041666666667,-0.5101026789871668,-0.3844128145406004,-0.12568986444656638
2026-01-13 09:15:00,110.0,110.0,110.0,110.0,100,11000.0,111.05,111.68333333333334,109.39375,-0.5234386768191257,-0.4122179869963055,-0.11122068982282018
2026-01-13 09:28:00,111.0,111.0,111.0,111.0,1,111.0,110.975,111.65833333333333,109.42708333333333,-0.4481499152707471,-0.4194043726511939,-0.0287455426195532
2026-01-13 12:17:00,110.0,110.5,110.0,110.5,3400,375500.0,110.875,111.64166666666667,109.45833333333333,-0.4239419121741861,-0.4203118805557924,-0.003630031618393703
2026-01-13 12:38:00,110.0,110.0,110.0,110.0,1000,110000.0,110.775,111.60833333333333,109.4875,-0.44003032100538064,-0.4242555686457101,-0.01577475235967052
2026-01-13 12:41:00,110.0,110.0,110.0,110.0,1000,110000.0,110.7,111.575,109.51666666666667,-0.44762060916652047,-0.4289285767498723,-0.018692032416648185
2026-01-13 13:09:00,109.5,109.5,109.5,109.5,1000,109500.0,110.575,111.525,109.54375,-0.4883523664532561,-0.4408133346905491,-0.04753903176270696
2026-01-13 14:17:00,110.0,110.0,110.0,110.0,210,23100.0,110.525,111.49166666666666,109.57083333333334,-0.4748134028864257,-0.44761334832972444,-0.02720005455670127
2026-01-13 14:26:00,109.5,109.5,109.5,109.5,4000,438000.0,110.45,111.45,109.59375,-0.49868101373419904,-0.45782688141061945,-0.040854132323579595
2026-01-13 14:28:00,109.0,109.0,109.0,109.0,1000,109000.0,110.325,111.4,109.61666666666666,-0.5515837742134124,-0.47657825997117814,-0.07500551424223428
2026-01-14 09:17:00,109.5,109.5,109.5,109.5,1000,109500.0,110.225,111.35833333333333,109.64166666666667,-0.5468599110650842,-0.4906345901899594,-0.05622532087512483
2026-01-14 11:58:00,109.0,109.0,109.0,109.0,1000,109000.0,110.125,111.30833333333334,109.66458333333334,-0.5768128967914237,-0.5078702515102523,-0.06894264528117133
2026-01-14 12:05:00,109.0,109.0,109.0,109.0,3000,327000.0,110.025,111.26666666666667,109.6875,-0.5937069694056163,-0.5250375950893251,-0.06866937431629117
2026-01-14 12:12:00,109.0,109.0,109.0,109.0,100,10900.0,109.925,111.225,109.71041666666666,-0.6001771747938704,-0.5400655110302343,-0.06011166376363619
2026-01-14 12:20:00,108.5,108.5,108.5,108.5,1000,108500.0,109.825,111.175,109.73333333333333,-0.6382928379921395,-0.5597109764226154,-0.07858186156952418
2026-01-14 12:34:00,108.5,108.5,108.5,108.5,1000,108500.0,109.7,111.13333333333334,109.75208333333333,-0.6608815446233507,-0.5799450900627624,-0.08093645456058829
2026-01-14 12:35:00,108.5,108.5,108.5,108.5,1000,108500.0,109.625,111.08333333333333,109.77083333333333,-0.671047835635008,-0.5981656391772115,-0.07288219645779648
2026-01-14 13:04:00,108.5,108.5,108.5,108.5,2000,217000.0,109.5,111.025,109.78958333333334,-0.6713656096682428,-0.6128056332754178,-0.05855997639282495
2026-01-14 13:23:00,108.0,108.0,108.0,108.0,150,16200.0,109.4,110.975,109.80416666666666,-0.7038497276752764,-0.6310144521553895,-0.07283527551988689
2026-01-14 13:33:00,108.5,108.5,108.5,108.5,3000,325500.0,109.325,110.91666666666667,109.82083333333334,-0.6813931280776444,-0.6410901873398406,-0.04030294073780383
2026-01-15 09:01:00,108.0,108.0,108.0,108.0,3,324.0,109.225,110.85833333333333,109.8375,-0.6959198021469888,-0.6520561103012703,-0.04386369184571848
2026-01-15 09:06:00,108.0,108.0,108.0,108.0,1000,108000.0,109.125,110.80833333333334,109.85208333333334,-0.6993703894987959,-0.6615189661407755,-0.037851423358020386
2026-01-15 09:48:00,108.5,108.5,108.5,108.5,2000,217000.0,109.0,110.75,109.86666666666666,-0.6542177683128898,-0.6600587265751985,0.005840958262308682
2026-01-15 09:51:00,108.5,108.5,108.5,108.5,2000,217000.0,108.9,110.69166666666666,109.88125,-0.6113863099101309,-0.650324243242185,0.03893793333205409
2026-01-15 09:52:00,108.5,108.5,108.0,108.0,3000,324500.0,108.8,110.625,109.89375,-0.6107475740115405,-0.6424089093960561,0.031661335384515654
2026-01-15 12:31:00,107.5,107.5,107.5,107.5,1000,107500.0,108.675,110.55,109.90416666666667,-0.6431730934754825,-0.6425617462119414,-0.0006113472635410622
2026-01-15 14:58:00,108.0,108.0,108.0,108.0,2000,216000.0,108.6,110.48333333333333,109.9125,-0.6213620549532095,-0.6383218079601951,0.0169597530069856
2026-01-16 09:20:00,108.5,108.5,108.5,108.5,185,20072.0,108.525,110.43333333333334,109.92291666666667,-0.557306545513228,-0.6221187554708018,0.06481220995757375
2026-01-16 11:02:00,107.5,108.0,107.5,108.0,3000,323500.0,108.45,110.35833333333333,109.92708333333333,-0.5406555732110832,-0.6058261190188581,0.06517054580777493
2026-01-16 11:03:00,107.5,107.5,107.5,107.5,1000,107500.0,108.375,110.28333333333333,109.92916666666666,-0.5613346624534188,-0.5969278277057702,0.035593165252351455
2026-01-16 11:19:00,107.0,107.0,107.0,107.0,1000,107000.0,108.25,110.2,109.92916666666666,-0.6110252917748937,-0.599747320519595,-0.011277971255298724
2026-01-16 11:20:00,107.5,107.5,107.5,107.5,1000,107500.0,108.175,110.125,109.93125,-0.6031074054395731,-0.6004193375035907,-0.002688067935982419
2026-01-16 11:49:00,108.0,108.0,108.0,108.0,66,7128.0,108.125,110.05,109.93541666666667,-0.5501448744880832,-0.5903644449004892,0.04021957041240598
2026-01-16 13:28:00,108.0,108.0,108.0,108.0,2000,216000.0,108.075,109.98333333333333,109.9375,-0.5023805567968935,-0.5727676672797701,0.0703871104828766
2026-01-16 13:44:00,108.0,108.0,108.0,108.0,185,19980.0,108.05,109.90833333333333,109.94166666666666,-0.45923323602119126,-0.5500607810280543,0.09082754500686308
2026-01-16 14:59:00,108.0,108.0,107.5,107.5,2000,215500.0,108.0,109.825,109.94375,-0.4600809677665012,-0.5320648183757437,0.0719838506092425
2026-01-19 09:01:00,107.0,107.0,107.0,107.0,2000,214000.0,107.925,109.725,109.93958333333333,-0.49538809699411956,-0.5247294740994188,0.02934137710529927
2026-01-19 09:20:00,107.5,107.5,107.5,107.5,66,7095.0,107.875,109.64166666666667,109.9375,-0.4775188894431608,-0.5152873571681672,0.037768467725006416
2026-01-19 09:34:00,107.5,107.5,107.5,107.5,186,19995.0,107.85,109.55833333333334,109.94583333333334,-0.45807698735117697,-0.5038452832047692,0.04576829585359221
2026-01-19 09:43:00,107.5,107.5,107.5,107.5,1000,107500.0,107.8,109.475,109.94166666666666,-0.4376244773092992,-0.4906011220256752,0.052976644716375976
2026-01-19 09:44:00,107.5,107.5,107.5,107.5,1000,107500.0,107.775,109.39166666666667,109.9375,-0.41661325744959754,-0.47580354911045974,0.059190291660862204
2026-01-19 10:46:00,107.0,107.5,107.0,107.5,3000,321500.0,107.75,109.30833333333334,109.93125,-0.39540374607862816,-0.4597235885040935,0.06431984242546535
2026-01-19 11:05:00,107.0,107.0,107.0,107.0,370,39590.0,107.675,109.21666666666667,109.92708333333333,-0.414166621829807,-0.45061219516923623,0.036445573339429216
2026-01-19 11:34:00,107.5,107.5,107.5,107.5,1000,107500.0,107.625,109.13333333333334,109.92708333333333,-0.3842609931809591,-0.4373419547715809,0.05308096159062181
2026-01-19 11:47:00,107.5,107.5,107.5,107.5,1000,107500.0,107.6,109.05833333333334,109.92708333333333,-0.35645161468762865,-0.4211638867547905,0.06471227206716185
2026-01-19 11:48:00,107.5,107.5,107.5,107.5,1000,107500.0,107.6,108.99166666666666,109.925,-0.3306015134214988,-0.40305141208813217,0.07244989866663337
2026-01-19 12:05:00,107.5,107.5,107.5,107.5,2000,215000.0,107.575,108.91666666666667,109.92083333333333,-0.3065810464646006,-0.3837573389634259,0.0771762924988253
2026-01-19 12:28:00,107.0,107.0,107.0,107.0,1000,107000.0,107.5,108.85,109.91458333333334,-0.3241538310828247,-0.3718366373873057,0.04768280630448102
2026-01-19 12:29:00,108.0,108.0,108.0,108.0,1000,108000.0,107.5,108.8,109.9125,-0.2544555417542682,-0.34836041826069825,0.09390487650643004
2026-01-19 12:30:00,108.0,108.0,107.5,107.5,2300,247750.0,107.5,108.73333333333333,109.90833333333333,-0.2368348815480914,-0.3260553109181769,0.08922042937008551
2026-01-19 12:52:00,108.0,108.0,107.5,107.5,5000,539500.0,107.525,108.66666666666667,109.90625,-0.22033054797859108,-0.30491035833025976,0.08457981035166867
2026-01-20 09:01:00,107.0,107.0,107.0,107.0,5,535.0,107.5,108.6,109.90208333333334,-0.2447749527548666,-0.29288327721518115,0.048108324460314544
2026-01-20 09:21:00,107.0,107.5,107.0,107.5,2000,214500.0,107.475,108.54166666666667,109.90416666666667,-0.2212510539014687,-0.2785568325524387,0.057305778650969974
2026-01-20 09:24:00,107.5,107.5,107.5,107.5,93,9997.0,107.45,108.48333333333333,109.90625,-0.2002992692852672,-0.2629053198990044,0.0626060506137372
2026-01-20 09:27:00,107.5,107.5,107.5,107.5,1000,107500.0,107.425,108.43333333333334,109.90833333333333,-0.18160144066246175,-0.24664454405169586,0.06504310338923411
2026-01-21 09:18:00,107.0,107.0,107.0,107.0,1000,107000.0,107.4,108.36666666666666,109.90625,-0.204768652531655,-0.2382693657476877,0.03350071321603271
2026-01-21 09:20:00,108.0,108.0,108.0,108.0,10,1080.0,107.45,108.33333333333333,109.91041666666666,-0.14081397633194115,-0.21877828786453843,0.07796431153259728
2026-01-21 09:31:00,107.5,107.5,107.5,107.5,1000,107500.0,107.45,108.275,109.91041666666666,-0.12898835849645707,-0.20082030199092216,0.07183194349446509
2026-01-21 09:38:00,107.5,107.5,107.5,107.5,1000,107500.0,107.45,108.23333333333333,109.91041666666666,-0.11825332049434678,-0.1843069056916071,0.06605358519726032
2026-01-21 09:44:00,107.5,107.5,107.5,107.5,1000,107500.0,107.45,108.19166666666666,109.91041666666666,-0.10849506199703285,-0.16914453695269227,0.06064947495565942
2026-01-21 09:45:00,107.5,107.5,107.5,107.5,100,10750.0,107.45,108.15,109.9125,-0.09961329181257383,-0.1552382879246686,0.05562499611209476
2026-01-21 10:40:00,107.5,107.5,107.5,107.5,180,19350.0,107.45,108.10833333333333,109.9125,-0.09151944574995241,-0.14249451948972536,0.05097507373977295
2026-01-21 10:46:00,107.5,107.5,107.5,107.5,3000,322500.0,107.475,108.05,109.9125,-0.08413515671799132,-0.13082264693537854,0.04668749021738722
2026-01-21 11:01:00,107.0,107.0,107.0,107.0,1000,107000.0,107.45,107.99166666666666,109.91041666666666,-0.1172769797645401,-0.12811351350121086,0.010836533736670761
2026-01-21 11:10:00,107.5,107.5,107.5,107.5,2000,215000.0,107.45,107.95,109.91041666666666,-0.1020202658578171,-0.1228948639725321,0.02087459811471501
2026-01-21 12:49:00,107.0,107.0,106.0,107.0,16100,1716700.0,107.425,107.9,109.90833333333333,-0.12879041575018846,-0.1240739743280634,-0.004716441422125059
2026-01-21 12:50:00,106.5,106.5,106.5,106.5,100,10650.0,107.375,107.85,109.90416666666667,-0.18818252275131897,-0.13689568401271454,-0.05128683873860443
2026-01-21 12:52:00,106.5,106.5,106.5,106.5,279,29713.0,107.35,107.79166666666667,109.89791666666666,-0.23257027014248877,-0.1560306012386694,-0.07653966890381936
2026-01-21 13:32:00,107.0,107.0,107.0,107.0,2000,214000.0,107.3,107.75,109.89791666666666,-0.22481058197155335,-0.1697865973852462,-0.05502398458630714
2026-01-21 13:33:00,107.5,107.5,107.5,107.5,2000,215000.0,107.3,107.725,109.89791666666666,-0.1762830703621887,-0.17108589198063473,-0.00519717838155398
2026-01-21 13:43:00,107.5,107.5,107.5,107.5,3000,322500.0,107.3,107.69166666666666,109.89791666666666,-0.13625401630513068,-0.16411951684553394,0.027865500540403265
2026-01-21 13:46:00,108.0,108.0,108.0,108.0,10,1080.0,107.35,107.675,109.9,-0.0634534296073781,-0.14398629939790278,0.08053286979052468
2026-01-22 09:03:00,108.0,108.0,108.0,108.0,1000,108000.0,107.375,107.65833333333333,109.90208333333334,-0.005692816899951936,-0.11632760289831261,0.11063478599836067
2026-01-22 09:28:00,108.0,108.0,108.0,108.0,2000,216000.0,107.4,107.64166666666667,109.90625,0.03962609980131049,-0.08513686235838798,0.12476296215969847
2026-01-22 09:52:00,108.5,108.5,108.5,108.5,4,434.0,107.45,107.64166666666667,109.9125,0.11456683397123868,-0.04519612309246264,0.1597629570637013
2026-01-22 09:53:00,108.5,108.5,108.5,108.5,1000,108500.0,107.525,107.64166666666667,109.91875,0.1719754794437307,-0.001761802585223959,0.17373728202895466
2026-01-22 10:28:00,108.5,108.5,108.5,108.5,1000,108500.0,107.55,107.64166666666667,109.92916666666666,0.21499392841000997,0.04158934361382284,0.17340458479618714
2026-01-22 10:29:00,109.0,109.0,109.0,109.0,3000,327000.0,107.625,107.65,109.94375,0.28613380804557664,0.09049823650017362,0.195635571545403
2026-01-22 10:43:00,109.0,109.0,109.0,109.0,1000,109000.0,107.7,107.66666666666667,109.95833333333333,0.33860939684213065,0.14012046856856505,0.1984889282735656
2026-01-22 10:52:00,109.5,109.5,109.5,109.5,3000,328500.0,107.8,107.68333333333334,109.975,0.415749993228701,0.19524637350059226,0.22050361972810872
2026-01-22 11:01:00,110.0,110.0,110.0,110.0,4,440.0,107.925,107.71666666666667,109.9875,0.5113359306457852,0.2584642849296309,0.2528716457161543
2026-01-22 11:22:00,110.0,110.0,110.0,110.0,1000,110000.0,108.05,107.75,110.00208333333333,0.5803980077600812,0.322851029495721,0.25754697826436024
2026-01-22 11:42:00,110.0,110.0,109.5,110.0,6000,659500.0,108.175,107.775,110.01666666666667,0.6278922504250204,0.3838592736815809,0.2440329767434395
2026-01-22 12:07:00,110.5,110.5,110.5,110.5,3000,331500.0,108.35,107.80833333333334,110.03333333333333,0.6978334120522334,0.4466541013557115,0.2511793106965219
2026-01-22 12:08:00,111.0,111.0,111.0,111.0,7000,777000.0,108.525,107.85833333333333,110.05416666666666,0.784564140825097,0.5142361092495886,0.27032803157550833
2026-01-22 12:35:00,110.5,111.0,110.5,111.0,7000,775000.0,108.725,107.91666666666667,110.07916666666667,0.8435746646120919,0.5801038203220893,0.26347084429000256
2026-01-22 12:39:00,111.0,111.0,111.0,111.0,500,55500.0,108.95,107.96666666666667,110.10416666666667,0.8801945944781266,0.6401219751532968,0.24007261932482982
2026-01-22 12:41:00,111.0,111.0,111.0,111.0,100,11100.0,109.175,108.00833333333334,110.12083333333334,0.8988547150913462,0.6918685231409067,0.20698619195043944
2026-01-22 12:49:00,110.5,110.5,110.5,110.5,10,1105.0,109.35,108.05,110.13541666666667,0.8633450692459661,0.7261638323619187,0.13718123688404738
2026-01-22 12:50:00,110.5,110.5,110.5,110.5,100,11050.0,109.5,108.1,110.15,0.8256854313984974,0.7460681521692345,0.07961727922926287
2026-01-22 12:53:00,111.0,111.0,111.0,111.0,1000,111000.0,109.675,108.16666666666667,110.16666666666667,0.8266565364308462,0.762185829021557,0.06447070740928929
2026-01-22 13:00:00,110.5,110.5,110.5,110.5,2000,221000.0,109.8,108.21666666666667,110.18541666666667,0.7781107465111177,0.7653708125194691,0.012739933991648522
2026-01-22 13:01:00,111.0,111.0,111.0,111.0,1000,111000.0,109.95,108.26666666666667,110.20208333333333,0.7710949766707387,0.7665156453497232,0.004579331321015512
2026-01-22 13:17:00,111.0,111.0,111.0,111.0,1000,111000.0,110.1,108.31666666666666,110.21875,0.7568108837568133,0.7645746930311412,-0.00776380927432796
2026-01-22 13:19:00,110.5,110.5,110.5,110.5,2000,221000.0,110.2,108.35833333333333,110.23125,0.6971089775278756,0.7510815499304881,-0.05397257240261255
2026-01-23 09:14:00,110.5,110.5,110.5,110.5,1000,110500.0,110.3,108.40833333333333,110.24166666666666,0.6423897179180074,0.7293431835279921,-0.08695346560998474
2026-01-23 09:15:00,110.5,110.5,110.5,110.5,1000,110500.0,110.4,108.46666666666667,110.25208333333333,0.5921978225778588,0.7019141113379656,-0.10971628876010675
2026-01-23 09:16:00,111.0,111.0,111.0,111.0,2000,222000.0,110.5,108.525,110.26875,0.5860110348033487,0.6787334960310423,-0.09272246122769356
2026-01-23 09:19:00,111.5,111.5,111.5,111.5,1000,111500.0,110.625,108.59166666666667,110.28541666666666,0.6143716878597587,0.6658611343967856,-0.05148944653702692
2026-01-23 09:25:00,111.5,111.5,111.5,111.5,1000,111500.0,110.725,108.65833333333333,110.30416666666666,0.6295901859767952,0.6586069447127876,-0.02901675873599241
2026-01-23 09:29:00,112.0,112.0,112.0,112.0,2,224.0,110.825,108.73333333333333,110.32291666666667,0.6742247336641753,0.6617305025030652,0.012494231161110148
2026-01-23 09:33:00,112.0,112.5,112.0,112.5,4000,449500.0,110.95,108.81666666666666,110.34791666666666,0.7413973880213689,0.677663879606726,0.06373350841464287
2026-01-23 09:44:00,113.0,113.0,113.0,113.0,1000,113000.0,111.1,108.91666666666667,110.375,0.8254626028251977,0.7072236242504204,0.11823897857477728
2026-01-23 09:47:00,113.0,113.0,113.0,113.0,1000,113000.0,111.225,109.00833333333334,110.4,0.8819186816279085,0.7421626357259181,0.13975604590199042
2026-01-23 10:02:00,113.0,113.0,112.5,112.5,3000,338000.0,111.3,109.09166666666667,110.42083333333333,0.8762142569676143,0.7689729599742574,0.10724129699335694
2026-01-23 10:04:00,112.5,112.5,112.5,112.5,3000,337500.0,111.375,109.175,110.44166666666666,0.8617596307298641,0.7875302941253789,0.07422933660448516
2026-01-23 10:19:00,113.0,113.0,112.5,112.5,4000,451500.0,111.45,109.25833333333334,110.46041666666666,0.8406141585409443,0.7981470670084921,0.042467091532452206
2026-01-23 10:20:00,113.0,113.0,113.0,113.0,3000,339000.0,111.55,109.35833333333333,110.47916666666667,0.8543535845064412,0.809388370508082,0.04496521399835918
2026-01-23 10:27:00,113.0,113.0,113.0,113.0,200,22600.0,111.675,109.44166666666666,110.50208333333333,0.8553818688439918,0.8185870701752641,0.0367947986687277
2026-01-23 10:35:00,113.0,113.0,113.0,113.0,1000,113000.0,111.8,109.53333333333333,110.525,0.846439563195716,0.8241575687793545,0.022281994416361472
2026-01-23 10:48:00,113.5,113.5,113.5,113.5,3000,340500.0,111.925,109.63333333333334,110.55208333333333,0.8696734882496884,0.8332607526734214,0.03641273557626701
2026-01-23 10:49:00,113.5,113.5,113.0,113.0,4000,453500.0,112.05,109.73333333333333,110.575,0.8380798570156003,0.8342245735418572,0.0038552834737430874
2026-01-23 11:08:00,113.0,113.0,113.0,113.0,1000,113000.0,112.15,109.825,110.59583333333333,0.8037762444303382,0.8281349077195536,-0.02435866328921532
2026-01-23 11:17:00,113.0,113.0,113.0,113.0,100,11300.0,112.25,109.91666666666667,110.61458333333333,0.7677403514426686,0.8160559964641766,-0.04831564502150798
2026-01-23 12:15:00,114.0,114.0,114.0,114.0,300,34200.0,112.425,110.025,110.6375,0.8105300039287613,0.8149507979570936,-0.004420794028332287
2026-01-23 12:26:00,114.0,114.0,114.0,114.0,8,912.0,112.6,110.14166666666667,110.65833333333333,0.8348178512733853,0.818924208620352,0.01589364265303328
2026-01-23 12:28:00,114.0,114.0,114.0,114.0,1000,114000.0,112.775,110.24166666666666,110.67916666666666,0.8443331977539259,0.8240060064470668,0.020327191306859116
2026-01-23 12:30:00,114.0,114.0,114.0,114.0,100,11400.0,112.925,110.35,110.69791666666667,0.8421662105492089,0.8276380472674952,0.01452816328171369
2026-01-23 12:47:00,114.0,114.0,113.5,114.0,2430,276805.0,113.05,110.45833333333333,110.72083333333333,0.8308710928184411,0.8282846563776844,0.002586436440756623
2026-01-23 12:54:00,114.5,114.5,114.0,114.0,5000,571500.0,113.175,110.56666666666666,110.74375,0.812553025162515,0.8251383301346507,-0.012585304972135614
2026-01-26 09:26:00,113.5,113.5,113.5,113.5,26,2951.0,113.25,110.66666666666667,110.76458333333333,0.7490553593333544,0.8099217359743915,-0.06086637664103711
2026-01-26 09:29:00,113.5,113.5,113.5,113.5,1000,113500.0,113.3,110.76666666666667,110.78333333333333,0.6907702324377709,0.7860914352670675,-0.09532120282929657
2026-01-26 09:37:00,113.5,113.5,113.5,113.5,1000,113500.0,113.325,110.86666666666666,110.80208333333333,0.6372332215373859,0.7563197925211312,-0.11908657098374531
2026-01-26 09:38:00,113.5,113.5,113.5,113.5,3000,340500.0,113.35,110.975,110.82083333333334,0.5880263529226823,0.7226611046014415,-0.13463475167875916
2026-01-26 09:41:00,113.0,113.0,113.0,113.0,1000,113000.0,113.375,111.06666666666666,110.83541666666666,0.5028867680773033,0.678706237296614,-0.1758194692193107
2026-01-26 09:46:00,113.0,113.0,113.0,113.0,100,11300.0,113.4,111.16666666666667,110.85,0.4304510617958499,0.6290552021964612,-0.19860414040061125
2026-01-26 09:57:00,113.0,113.0,113.0,113.0,1000,113000.0,113.425,111.275,110.86041666666667,0.3687940148597022,0.5770029647291094,-0.2082089498694072
2026-01-26 11:17:00,112.5,112.5,112.5,112.5,1000,112500.0,113.4,111.375,110.87083333333334,0.2763983910224539,0.5168820499877783,-0.24048365896532442
2026-01-26 12:43:00,112.5,113.0,112.5,113.0,2100,237250.0,113.4,111.475,110.88333333333334,0.24074485791895484,0.4616546115740136,-0.22090975365505877
2026-01-26 13:03:00,113.5,113.5,113.0,113.0,6000,680500.0,113.4,111.56666666666666,110.89583333333333,0.21006764699262703,0.4113372186577363,-0.20126957166510928
2026-01-26 14:00:00,114.0,114.0,114.0,114.0,2000,228000.0,113.425,111.675,110.90833333333333,0.2634109416002701,0.3817519632462431,-0.11834102164597299
2026-01-26 14:08:00,114.0,114.0,113.5,113.5,1300,147700.0,113.45,111.76666666666667,110.92083333333333,0.2623162471578411,0.35786482002856274,-0.09554857287072166
2026-01-26 14:58:00,114.5,114.5,114.5,114.5,1,114.0,113.525,111.875,110.93541666666667,0.33824130140199316,0.35394011630324884,-0.015698814901255687
2026-01-26 15:00:00,114.5,114.5,114.5,114.5,40,4580.0,113.6,111.98333333333333,110.94791666666667,0.3938721410359989,0.3619265212497989,0.031945619786199975
2026-01-27 09:01:00,114.5,114.5,114.5,114.5,7,801.0,113.625,112.08333333333333,110.95833333333333,0.4329689852958296,0.37613501405900507,0.05683397123682454
2026-01-27 09:37:00,114.0,114.0,114.0,114.0,1000,114000.0,113.625,112.175,110.96666666666667,0.4187802566071639,0.3846640625686369,0.034116194038527003
2026-01-27 09:38:00,113.5,113.5,113.5,113.5,1000,113500.0,113.6,112.25833333333334,110.96875,0.3630052668185044,0.38033230341861046,-0.01732703660010604
2026-01-27 09:39:00,113.5,113.5,113.5,113.5,1000,113500.0,113.575,112.33333333333333,110.96875,0.315170100838003,0.367299862902489,-0.052129762064485996
2026-01-27 10:30:00,114.0,114.0,114.0,114.0,1000,114000.0,113.575,112.41666666666667,110.97083333333333,0.31398676451894403,0.35663724322578005,-0.042650478706836026
2026-01-27 10:32:00,114.0,114.0,113.5,113.5,3000,341500.0,113.55,112.48333333333333,110.96666666666667,0.2695954125365603,0.33922887708793614,-0.06963346455137587
2026-01-27 10:45:00,113.5,113.5,113.5,113.5,2000,227000.0,113.55,112.54166666666667,110.96458333333334,0.23174355086905507,0.31773181184415994,-0.08598826097510487
2026-01-27 11:18:00,114.0,114.0,114.0,114.0,1000,114000.0,113.575,112.60833333333333,110.96458333333334,0.23933262163245672,0.3020519738018193,-0.06271935216936259
2026-01-27 11:19:00,114.0,114.0,114.0,114.0,1000,114000.0,113.6,112.675,110.96041666666666,0.24255103751110596,0.2901517865436766,-0.047600749032570666
2026-01-27 11:53:00,114.5,114.5,114.5,114.5,1,114.0,113.65,112.74166666666666,110.95833333333333,0.28219451391164796,0.2885603320172709,-0.006365818105622922
2026-01-27 12:05:00,113.5,113.5,113.5,113.5,1000,113500.0,113.675,112.78333333333333,110.94791666666667,0.2302662459757414,0.276901514808965,-0.04663526883322361
2026-01-27 12:16:00,113.5,114.0,113.0,113.5,9000,1022000.0,113.7,112.825,110.9375,0.1869575888068482,0.25891272960854167,-0.07195514080169346
2026-01-27 12:42:00,113.5,113.5,113.5,113.5,1000,113500.0,113.725,112.86666666666666,110.92916666666666,0.15089573388756605,0.23730933046434655,-0.0864135965767805
2026-01-27 12:56:00,113.5,113.5,113.5,113.5,34,3859.0,113.775,112.90833333333333,110.91875,0.12092253434811084,0.21403197124109943,-0.09310943689298859
2026-01-27 13:17:00,113.5,113.5,113.5,113.5,1000,113500.0,113.8,112.95833333333333,110.91041666666666,0.0960612237761751,0.19043782174811458,-0.09437659797193948
2026-01-27 13:19:00,113.5,113.5,113.5,113.5,3000,340500.0,113.825,113.00833333333334,110.90208333333334,0.07548827419674353,0.1674479122378404,-0.09195963804109686
2026-01-27 14:46:00,113.0,113.0,113.0,113.0,1000,113000.0,113.775,113.04166666666667,110.89166666666667,0.018623561287540724,0.13768304204778045,-0.11905948076023973
2026-01-27 14:47:00,113.0,113.0,113.0,113.0,1000,113000.0,113.75,113.08333333333333,110.88125,-0.026140798527791276,0.1049182739326661,-0.1310590724604574
2026-01-27 14:48:00,113.5,113.5,113.0,113.0,3000,340000.0,113.675,113.11666666666666,110.87708333333333,-0.060914689567994174,0.07175168123253405,-0.13266637080052823
2026-01-27 14:50:00,113.0,113.0,113.0,113.0,1000,113000.0,113.6,113.15,110.87708333333333,-0.08746500659869128,0.03990834366628898,-0.12737335026498026
2026-01-28 09:03:00,112.0,112.0,112.0,112.0,2000,224000.0,113.475,113.175,110.87291666666667,-0.18704186459599725,-0.005481697986168278,-0.181560166609829
2026-01-28 09:06:00,112.5,112.5,112.5,112.5,66,7425.0,113.4,113.20833333333333,110.87291666666667,-0.22304035032499314,-0.048993428453933265,-0.17404692187105988
2026-01-28 09:09:00,112.5,112.5,112.5,112.5,2000,225000.0,113.35,113.24166666666666,110.875,-0.24870252176138763,-0.08893524711542415,-0.15976727464596346
2026-01-28 10:12:00,112.0,112.0,112.0,112.0,1000,112000.0,113.275,113.25833333333334,110.875,-0.3058600347470275,-0.13232020464174482,-0.17353983010528268
2026-01-28 10:13:00,112.0,112.5,112.0,112.5,3000,337000.0,113.2,113.275,110.875,-0.30726993768738,-0.16731015125087187,-0.1399597864365081
2026-01-28 10:15:00,112.0,112.5,112.0,112.5,3000,336500.0,113.15,113.29166666666667,110.87708333333333,-0.30487291078665635,-0.1948227031580288,-0.11005020762862755
2026-01-28 10:16:00,112.0,112.0,112.0,112.0,1000,112000.0,113.075,113.29166666666667,110.875,-0.33940660297797365,-0.2237394831220178,-0.11566711985595585
2026-01-28 10:17:00,112.0,112.5,112.0,112.5,1100,123250.0,113.0,113.29166666666667,110.875,-0.32270899312243273,-0.24353338512210082,-0.07917560800033191
2026-01-28 10:25:00,111.5,111.5,111.5,111.5,1000,111500.0,112.875,113.26666666666667,110.86875,-0.3857213045675394,-0.2719709690111886,-0.11375033555635078
2026-01-28 10:32:00,111.5,112.0,111.5,111.5,4000,447000.0,112.725,113.24166666666666,110.8625,-0.43069424026307956,-0.3037156232615668,-0.12697861700151275
2026-01-28 10:33:00,111.5,112.0,111.5,112.0,2000,223500.0,112.65,113.23333333333333,110.86041666666667,-0.42113520993608233,-0.32719954059646994,-0.0939356693396124
2026-01-28 10:34:00,111.5,111.5,111.5,111.5,1000,111500.0,112.55,113.21666666666667,110.85833333333333,-0.44873271939570714,-0.3515061763563174,-0.09722654303938971
2026-01-28 10:36:00,112.0,112.0,112.0,112.0,100,11200.0,112.475,113.20833333333333,110.85833333333333,-0.4253548966715357,-0.36627592041936113,-0.059078976252174564
2026-01-28 11:05:00,111.5,111.5,111.5,111.5,1000,111500.0,112.375,113.18333333333334,110.85625,-0.4420776293329709,-0.38143626220208315,-0.06064136713088775
2026-01-28 11:06:00,110.5,110.5,110.5,110.5,32,3536.0,112.225,113.14166666666667,110.85,-0.5299136434770446,-0.4111317384570755,-0.1187819050199691
2026-01-28 11:16:00,111.5,111.5,111.5,111.5,3000,334500.0,112.125,113.11666666666666,110.84791666666666,-0.5129200517839081,-0.4314894011224421,-0.08143065066146599
2026-01-28 13:02:00,111.0,111.5,111.0,111.5,2200,244300.0,112.05,113.08333333333333,110.84583333333333,-0.4937607414626797,-0.44394366919048966,-0.04981707227219001
2026-01-28 13:10:00,111.5,111.5,111.5,111.5,300,33450.0,111.975,113.05833333333334,110.84583333333333,-0.4731229827612964,-0.4497795319046511,-0.023343450856645298
2026-01-28 13:17:00,111.5,111.5,111.5,111.5,100,11150.0,111.9,113.03333333333333,110.84583333333333,-0.45156208369026274,-0.45013604226177345,-0.0014260414284892886
2026-01-28 14:19:00,111.5,111.5,111.5,111.5,2000,223000.0,111.825,113.00833333333334,110.84166666666667,-0.42952363474641686,-0.44601356075870213,0.016489926012285272
2026-01-29 09:34:00,111.0,111.0,111.0,111.0,100,11100.0,111.775,112.95833333333333,110.83541666666666,-0.4472482273431666,-0.4462604940755951,-0.0009877332675715111
2026-01-29 09:37:00,110.0,110.0,110.0,110.0,1000,110000.0,111.65,112.89166666666667,110.82708333333333,-0.5358102502911208,-0.46417044531870033,-0.0716398049724205
2026-01-29 09:39:00,110.0,110.0,110.0,110.0,1000,110000.0,111.525,112.825,110.81666666666666,-0.5990903508880479,-0.4911544264325699,-0.10793592445547795
2026-01-29 09:43:00,109.5,109.5,109.5,109.5,2000,219000.0,111.4,112.75,110.80416666666666,-0.6817275767017321,-0.5292690564864024,-0.15245852021532968
2026-01-29 09:47:00,109.0,109.0,109.0,109.0,1000,109000.0,111.225,112.66666666666667,110.78958333333334,-0.7785889065933418,-0.5791330265077903,-0.19945588008555148
2026-01-29 09:54:00,109.5,109.5,109.5,109.5,22,2409.0,111.075,112.59166666666667,110.77916666666667,-0.805718564980296,-0.6244501342022915,-0.18126843077800459
2026-01-29 09:59:00,109.0,109.0,109.0,109.0,2000,218000.0,110.925,112.51666666666667,110.76458333333333,-0.8576780572779938,-0.671095718817432,-0.18658233846056183
2026-01-29 10:18:00,108.5,108.5,108.0,108.0,7000,757000.0,110.7,112.425,110.74583333333334,-0.9683850320721632,-0.7305535814683783,-0.23783145060378486
2026-01-29 10:29:00,108.0,108.0,108.0,108.0,50,5400.0,110.525,112.33333333333333,110.72708333333334,-1.0440855390240387,-0.7932599729795106,-0.2508255660445281
2026-01-29 10:32:00,108.0,108.0,108.0,108.0,100,10800.0,110.35,112.24166666666666,110.7125,-1.0914966423165424,-0.852907306846917,-0.23858933546962546
2026-01-29 10:44:00,106.5,106.5,106.5,106.5,1000,106500.0,110.075,112.13333333333334,110.68958333333333,-1.2358615050976738,-0.9294981464970684,-0.3063633586006054
2026-01-29 11:59:00,108.0,108.0,108.0,108.0,1000,108000.0,109.9,112.05,110.67291666666667,-1.2152258676173773,-0.9866436907211303,-0.22858217689624694
2026-01-29 12:22:00,107.5,108.0,107.5,108.0,7000,754000.0,109.7,111.96666666666667,110.65416666666667,-1.1852096175389022,-1.0263568760846848,-0.15885274145421735
2026-01-29 12:25:00,108.0,108.0,108.0,108.0,36,3888.0,109.525,111.89166666666667,110.6375,-1.1481859501835032,-1.0507226909044485,-0.09746325927905475
2026-01-29 13:03:00,107.5,107.5,107.5,107.5,1000,107500.0,109.375,111.8,110.61875,-1.1459801031081014,-1.069774173345179,-0.07620592976292229
2026-01-29 13:04:00,107.5,108.0,107.5,108.0,3000,323000.0,109.2,111.71666666666667,110.60208333333334,-1.0913062331418075,-1.0740805853045048,-0.017225647837302738
2026-01-29 13:16:00,107.0,107.0,107.0,107.0,1000,107000.0,108.975,111.6,110.58125,-1.1158061215369628,-1.0824256925509965,-0.03338042898596627
2026-01-29 13:27:00,107.5,107.5,107.5,107.5,1000,107500.0,108.775,111.5,110.5625,-1.0823994116296234,-1.082420436366722,2.10247370986405e-05
2026-01-29 13:35:00,107.5,107.5,107.5,107.5,216,23220.0,108.575,111.38333333333334,110.54583333333333,-1.0438910273816475,-1.0747145545697072,0.030823527188059696
2026-01-29 13:37:00,107.5,107.5,107.5,107.5,10,1075.0,108.375,111.26666666666667,110.52916666666667,-1.0018244468183468,-1.0601365330194352,0.05831208620108841
2026-01-29 13:42:00,107.5,107.5,107.5,107.5,2000,215000.0,108.2,111.15,110.5125,-0.9574494968406242,-1.039599125783673,0.08214962894304878
2026-01-29 13:51:00,108.0,108.0,108.0,108.0,2000,216000.0,108.1,111.05,110.5,-0.8718856528769834,-1.006056431202335,0.13417077832535163
2026-01-29 14:18:00,107.5,108.0,107.5,108.0,3000,323000.0,108.0,110.95833333333333,110.48541666666667,-0.794912434354174,-0.9638276318327028,0.1689151974785288
2026-01-29 14:29:00,107.0,107.0,107.0,107.0,2000,214000.0,107.875,110.85,110.46458333333334,-0.8053190302767064,-0.9321259115215037,0.12680688124479733
2026-01-29 14:33:00,107.5,107.5,107.5,107.5,300,32250.0,107.8,110.74166666666666,110.45,-0.764408881437916,-0.8985825055047862,0.13417362406687028
2026-01-30 09:01:00,106.5,106.5,106.5,106.5,17,1810.0,107.65,110.625,110.42708333333333,-0.8034176379723448,-0.8795495319982981,0.07613189402595333
2026-01-30 09:05:00,106.5,106.5,106.5,106.5,3000,319500.0,107.525,110.50833333333334,110.40625,-0.824824297502488,-0.8686044850991361,0.043780187596648146
2026-01-30 09:13:00,106.0,106.0,106.0,106.0,2000,212000.0,107.425,110.375,110.38541666666667,-0.8720822296414781,-0.8693000340076047,-0.0027821956338733855
2026-01-30 09:50:00,105.5,106.0,105.5,106.0,4050,428300.0,107.325,110.24166666666666,110.36041666666667,-0.8991694160222465,-0.8752739104105332,-0.023895505611713386
2026-01-30 10:23:00,106.5,106.5,106.5,106.5,32,3408.0,107.25,110.10833333333333,110.3375,-0.870258585796094,-0.8742708454876454,0.00401225969155139
2026-01-30 10:50:00,105.5,105.5,105.5,105.5,1000,105500.0,107.2,109.975,110.31041666666667,-0.9174622534445973,-0.8829091270790359,-0.034553126365561404
2026-01-30 11:37:00,105.5,106.0,105.5,105.5,3116,329738.0,107.075,109.84166666666667,110.28333333333333,-0.9439897736427838,-0.8951252563917856,-0.04886451725099816
2026-01-30 12:35:00,106.5,106.5,106.5,106.5,200,21300.0,107.0,109.725,110.26041666666667,-0.8742436453234745,-0.8909489341781235,0.016705288854648948
2026-01-30 12:50:00,105.5,106.0,105.5,106.0,4000,423000.0,106.9,109.6,110.2375,-0.8495223921351709,-0.8826636257695331,0.033141233634362166
2026-01-30 13:01:00,106.5,106.5,106.5,106.5,2,213.0,106.85,109.48333333333333,110.2125,-0.7805866821769882,-0.8622482370510243,0.08166155487403604
2026-01-30 13:27:00,106.0,106.0,106.0,106.0,6000,636000.0,106.75,109.35833333333333,110.1875,-0.7575676879684181,-0.8413121272345031,0.08374443926608499
2026-02-02 09:01:00,105.5,105.5,105.5,105.5,4,422.0,106.675,109.23333333333333,110.16041666666666,-0.7707856533267261,-0.8272068324529477,0.05642117912622158
2026-02-02 09:07:00,105.0,105.0,105.0,105.0,2000,210000.0,106.55,109.1,110.13125,-0.8122437668886278,-0.8242142193400838,0.011970452451456004
2026-02-02 09:13:00,105.5,105.5,105.5,105.5,22,2321.0,106.45,108.975,110.10208333333334,-0.7955828157831348,-0.818487938628694,0.022905122845559123
2026-02-02 09:44:00,104.5,104.5,104.5,104.5,50,5225.0,106.3,108.83333333333333,110.07083333333334,-0.8532349729992603,-0.8254373455028072,-0.027797627496453092
2026-02-02 10:13:00,104.5,104.5,104.5,104.5,1,104.0,106.15,108.70833333333333,110.0375,-0.888680566567416,-0.8380859897157291,-0.05059457685168689
2026-02-02 10:15:00,104.5,104.5,104.0,104.0,4100,427900.0,105.95,108.56666666666666,110.00208333333333,-0.9462099567810327,-0.85971078312879,-0.08649917365224269
2026-02-02 10:20:00,104.5,104.5,104.5,104.5,1006,105127.0,105.775,108.43333333333334,109.96666666666667,-0.9406137815150117,-0.8758913828060345,-0.06472239870897722
2026-02-02 11:35:00,104.5,104.5,104.5,104.5,1000,104500.0,105.65,108.30833333333334,109.93333333333334,-0.9255100683405999,-0.8858151199129476,-0.03969494842765231
2026-02-02 11:36:00,104.5,104.5,104.5,104.5,100,10450.0,105.5,108.175,109.9,-0.9031295515419373,-0.8892780062387456,-0.013851545303191659
2026-02-02 11:38:00,103.5,103.5,103.5,103.5,2000,207000.0,105.35,108.025,109.8625,-0.9550749637191416,-0.9024373977348249,-0.05263756598431668
2026-02-02 12:18:00,104.5,104.5,104.5,104.5,2000,209000.0,105.25,107.9,109.82916666666667,-0.9051168112799814,-0.9029732804438563,-0.0021435308361251737
2026-02-02 12:20:00,104.5,104.5,104.5,104.5,1000,104500.0,105.175,107.76666666666667,109.79583333333333,-0.8556610871606551,-0.8935108417872161,0.03784975462656093
2026-02-02 13:03:00,104.5,104.5,104.5,104.5,1000,104500.0,105.1,107.65,109.7625,-0.8071626014585007,-0.876241193721473,0.0690785922629723
2026-02-02 13:05:00,104.5,104.5,104.5,104.5,4000,418000.0,105.0,107.53333333333333,109.72916666666667,-0.7599667781709485,-0.8529863106113682,0.09301953244041972
2026-02-02 13:25:00,104.0,104.0,104.0,104.0,2000,208000.0,104.925,107.4,109.69583333333334,-0.7542154433653678,-0.8332321371621683,0.07901669379680043
2026-02-02 14:54:00,104.5,104.5,104.5,104.5,2000,209000.0,104.875,107.28333333333333,109.66666666666667,-0.7012283241488575,-0.8068313745595063,0.10560305041064877
2026-02-03 09:06:00,104.0,104.0,104.0,104.0,2000,208000.0,104.75,107.15,109.63333333333334,-0.6916090333194234,-0.7837869063114898,0.09217787299206648
2026-02-03 09:11:00,103.5,104.0,103.0,103.0,6200,640800.0,104.6,107.00833333333334,109.6,-0.7559630472471213,-0.7782221344986162,0.022259087251494947
2026-02-03 09:16:00,104.0,104.0,104.0,104.0,8,832.0,104.475,106.9,109.57083333333334,-0.7179958154554669,-0.7661768706899864,0.04818105523451954
2026-02-03 09:24:00,103.0,103.5,102.5,102.5,6100,628350.0,104.3,106.75,109.53333333333333,-0.7997252399439958,-0.7728865445407884,-0.02683869540320738
2026-02-03 09:28:00,103.0,103.0,103.0,103.0,2000,206000.0,104.175,106.60833333333333,109.49791666666667,-0.8147585469940424,-0.7812609450314393,-0.033497601962603096
2026-02-03 09:35:00,102.0,102.5,102.0,102.0,8200,836950.0,104.025,106.45,109.46041666666666,-0.8970238610988446,-0.8044135282449204,-0.09261033285392417
2026-02-03 09:38:00,103.0,103.0,103.0,103.0,2,206.0,103.9,106.30833333333334,109.42708333333333,-0.8714821686043592,-0.8178272563168082,-0.05365491228755104
2026-02-03 10:35:00,103.0,103.0,103.0,103.0,1300,133900.0,103.825,106.16666666666667,109.39375,-0.841539450341088,-0.8225696951216642,-0.01896975521942379
2026-02-03 10:59:00,103.5,103.5,103.5,103.5,1,103.0,103.775,106.04166666666667,109.36458333333333,-0.7686038226380703,-0.8117765206249454,0.043172697986875175
2026-02-03 12:18:00,103.5,103.5,103.5,103.5,500,51750.0,103.75,105.93333333333334,109.33333333333333,-0.7027015066583431,-0.789961517831625,0.08726001117328197
2026-02-03 12:34:00,103.5,103.5,103.5,103.5,200,20700.0,103.7,105.825,109.30625,-0.6430606436353798,-0.7605813429923761,0.11752069935699627
2026-02-03 12:36:00,102.0,102.0,102.0,102.0,2000,204000.0,103.575,105.7,109.26875,-0.7086632649862281,-0.7501977273911467,0.04153446240491854
2026-02-03 12:37:00,102.5,102.5,102.5,102.5,2000,205000.0,103.475,105.59166666666667,109.2375,-0.7120993556173687,-0.7425780530363911,0.030478697419022427
2026-02-03 12:40:00,103.5,103.5,103.5,103.5,45,4657.0,103.475,105.49166666666666,109.21041666666666,-0.6269042772729279,-0.7194432978836985,0.09253902061077068
2026-02-03 12:58:00,103.5,103.5,103.5,103.5,2,207.0,103.425,105.4,109.18333333333334,-0.5530117882307195,-0.6861569959531028,0.13314520772238325
2026-02-03 12:59:00,103.5,103.5,103.5,103.5,8,828.0,103.375,105.325,109.15625,-0.48881668384458976,-0.6466889335314002,0.15787224968681046
2026-02-03 13:11:00,103.5,103.5,103.5,103.5,40,4140.0,103.325,105.25,109.125,-0.43295081364071564,-0.6039413095532633,0.17099049591254767
2026-02-03 13:24:00,102.0,102.0,102.0,102.0,8015,817530.0,103.2,105.15,109.08958333333334,-0.5039054644651344,-0.5839341405356375,0.08002867607050312
2026-02-03 13:38:00,103.0,103.0,103.0,103.0,400,41200.0,103.15,105.09166666666667,109.06041666666667,-0.4739821229234167,-0.5619437370131933,0.08796161408977665
2026-02-03 13:54:00,103.0,103.0,103.0,103.0,200,20600.0,103.075,105.00833333333334,109.03125,-0.4451364037904568,-0.538582270368646,0.09344586657818921
2026-02-03 14:03:00,103.0,103.0,103.0,103.0,100,10300.0,103.025,104.925,109.00416666666666,-0.4174637018624594,-0.5143585566674087,0.0968948548049493
2026-02-04 09:01:00,102.0,102.0,102.0,102.0,10,1020.0,102.975,104.825,108.97083333333333,-0.4707974687067775,-0.5056463390752824,0.034848870368504925
2026-02-04 09:05:00,102.0,102.0,102.0,102.0,1000,102000.0,102.875,104.73333333333333,108.93958333333333,-0.5072179701522401,-0.505960665290674,-0.0012573048615661664
2026-02-04 09:13:00,101.0,101.0,101.0,101.0,2000,202000.0,102.8,104.61666666666666,108.90625,-0.6097443690607776,-0.5267174060446946,-0.08302696301608292
2026-02-04 09:19:00,100.5,101.0,100.0,100.0,6110,614110.0,102.65,104.5,108.86666666666666,-0.7628947457661752,-0.5739528739889908,-0.18894187177718447
2026-02-04 09:20:00,100.5,100.5,100.5,100.5,1000,100500.0,102.575,104.38333333333334,108.83125,-0.8343043600423101,-0.6260231711996547,-0.20828118884265545
2026-02-04 09:26:00,100.5,100.5,100.5,100.5,2000,201000.0,102.45,104.26666666666667,108.79583333333333,-0.8807443215402202,-0.6769674012677679,-0.2037769202724523
2026-02-04 09:28:00,100.5,100.5,100.5,100.5,1000,100500.0,102.325,104.15,108.76041666666667,-0.907091934434149,-0.7229923079010442,-0.18409962653310485
2026-02-04 09:29:00,100.5,100.5,100.5,100.5,100,10050.0,102.175,104.03333333333333,108.72708333333334,-0.9173974210668945,-0.7618733305342144,-0.15552409053268013
2026-02-04 09:36:00,101.5,101.5,101.5,101.5,28,2842.0,102.075,103.925,108.69791666666667,-0.8352447690433422,-0.77654761823604,-0.0586971508073022
2026-02-04 09:38:00,101.5,101.5,101.5,101.5,22,2233.0,101.975,103.81666666666666,108.66875,-0.7613616967281018,-0.7735104339344525,0.01214873720635068
2026-02-04 09:41:00,101.5,101.5,101.5,101.5,250,25375.0,101.95,103.725,108.63958333333333,-0.6947996121879214,-0.7577682695851464,0.06296865739722501
2026-02-04 10:34:00,101.5,101.5,101.5,101.5,1000,101500.0,101.9,103.625,108.6125,-0.6347318865545901,-0.7331609929790353,0.09842910642444513
2026-02-04 10:36:00,101.5,101.5,101.5,101.5,3000,304500.0,101.8,103.54166666666667,108.58333333333333,-0.5804368663398094,-0.7026161676511902,0.12217930131138077
2026-02-04 10:50:00,102.0,102.0,102.0,102.0,1000,102000.0,101.725,103.46666666666667,108.55833333333334,-0.4913973278086985,-0.6603723996826919,0.1689750718739934
2026-02-04 10:59:00,102.0,102.0,102.0,102.0,2,204.0,101.65,103.4,108.53333333333333,-0.4160370360500423,-0.611505326956162,0.19546829090611972
2026-02-04 11:00:00,102.0,102.0,102.0,102.0,1000,102000.0,101.575,103.33333333333333,108.50625,-0.3522529096174907,-0.5596548434884278,0.20740193387093708
2026-02-04 12:17:00,102.5,102.5,102.5,102.5,33,3382.0,101.6,103.26666666666667,108.48125,-0.25837927312909414,-0.499399729416561,0.24102045628746688
2026-02-04 12:33:00,101.5,101.5,101.5,101.5,2000,203000.0,101.525,103.2,108.45416666666667,-0.26165913886461567,-0.45185161130617196,0.1901924724415563
2026-02-04 13:46:00,102.5,102.5,102.5,102.5,22,2255.0,101.5,103.15,108.43333333333334,-0.1814748839410072,-0.397776265833139,0.21630138189213183
2026-02-04 13:48:00,102.5,102.5,102.5,102.5,200,20500.0,101.475,103.08333333333333,108.41041666666666,-0.11658437214683204,-0.3415378870958777,0.22495351494904564
2026-02-04 14:57:00,102.5,102.5,102.5,102.5,100,10250.0,101.5,103.025,108.38541666666667,-0.06441563074515955,-0.28611343582573406,0.22169780508057452
2026-02-04 14:58:00,102.5,102.5,102.5,102.5,400,41000.0,101.525,102.95833333333333,108.3625,-0.022808603940490002,-0.23345246944868525,0.21064386550819525
2026-02-04 15:00:00,102.5,102.5,102.5,102.5,2000,205000.0,101.6,102.9,108.34166666666667,0.010049421093825117,-0.18475209134018317,0.19480151243400828
2026-02-05 09:01:00,101.0,101.0,101.0,101.0,3,303.0,101.65,102.825,108.31666666666666,-0.08397975497437926,-0.1645976240670224,0.08061786909264315
2026-02-05 09:29:00,101.0,101.0,101.0,101.0,3000,303000.0,101.675,102.75833333333334,108.28958333333334,-0.1566923031192573,-0.1630165598774694,0.0063242567582121045
2026-02-05 09:30:00,101.0,101.0,101.0,101.0,8000,808000.0,101.7,102.68333333333334,108.26041666666667,-0.21187515647358168,-0.17278827919669187,-0.03908687727688981
2026-02-05 10:01:00,101.5,101.5,101.5,101.5,22,2233.0,101.75,102.63333333333334,108.23333333333333,-0.21280901415603637,-0.18079242618856078,-0.032016587967475585
2026-02-05 10:03:00,101.5,101.5,101.5,101.5,1000,101500.0,101.8,102.58333333333333,108.20625,-0.21111549508496807,-0.18685703996784225,-0.02425845511712582
2026-02-05 10:48:00,101.5,101.5,101.5,101.5,250,25375.0,101.8,102.54166666666667,108.18125,-0.20738278931605691,-0.1909621898374852,-0.016420599478571718
2026-02-05 11:01:00,101.0,101.0,101.0,101.0,1,101.0,101.775,102.48333333333333,108.15625,-0.24198100799493716,-0.20116595346897562,-0.04081505452596154
2026-02-05 11:40:00,101.5,101.5,101.5,101.5,2000,203000.0,101.775,102.43333333333334,108.13125,-0.2264442162704654,-0.20622160602927359,-0.02022261024119182
2026-02-05 12:26:00,101.5,101.5,101.5,101.5,5,507.0,101.775,102.38333333333334,108.10625,-0.21169095533227278,-0.20731547588987345,-0.004375479442399327
2026-02-05 14:46:00,101.0,101.5,101.0,101.5,5000,506000.0,101.775,102.35,108.08125,-0.19771970012050133,-0.20539632073599903,0.0076766206154977035
2026-02-06 09:59:00,102.0,102.0,102.0,102.0,6,612.0,101.775,102.30833333333334,108.05833333333334,-0.14463430415548828,-0.1932439174198969,0.04860961326440863
2026-02-06 10:38:00,101.0,101.5,101.0,101.5,4006,405109.0,101.75,102.25833333333334,108.03333333333333,-0.141280967668294,-0.18285132746957636,0.04157035980128235
2026-02-06 10:39:00,101.0,101.5,101.0,101.5,5000,506000.0,101.725,102.20833333333333,108.01041666666667,-0.13704367021914265,-0.17368979601948964,0.036646125800346985
2026-02-06 10:53:00,101.5,101.5,101.5,101.5,4,406.0,101.675,102.15833333333333,107.98541666666667,-0.13216209905279186,-0.1653842566261501,0.03322215757335825
2026-02-06 11:10:00,101.5,101.5,101.5,101.5,1000,101500.0,101.675,102.11666666666666,107.96041666666666,-0.12683138547170358,-0.1576736823952608,0.030842296923557222
2026-02-06 11:51:00,101.5,101.5,101.5,101.5,100,10150.0,101.625,102.06666666666666,107.93541666666667,-0.12120952855806877,-0.15038085162782241,0.029171323069753646
2026-02-06 12:14:00,101.5,101.5,101.5,101.5,100,10150.0,101.575,102.025,107.91041666666666,-0.11542363463931338,-0.1433894082301206,0.027965773590807236
2026-02-06 12:17:00,101.5,101.5,101.5,101.5,1000,101500.0,101.525,102.0,107.8875,-0.10957515781250038,-0.13662655814659658,0.0270514003340962
2026-02-06 13:17:00,101.5,101.5,101.5,101.5,3,304.0,101.475,101.95833333333333,107.86041666666667,-0.10374429810131858,-0.13005010613754098,0.0263058080362224
2026-02-06 13:34:00,101.5,101.5,101.5,101.5,60,6090.0,101.425,101.94166666666666,107.83541666666666,-0.0979936895173239,-0.12363882281349756,0.025645133296173656
2026-02-09 09:07:00,101.0,101.0,101.0,101.0,20,2020.0,101.425,101.90833333333333,107.80833333333334,-0.13225752963508342,-0.12536256417781474,-0.00689496545726867
2026-02-09 10:01:00,101.5,101.5,101.5,101.5,2,203.0,101.45,101.9,107.78541666666666,-0.1177091704152673,-0.12383188542530525,0.006122715010037957
2026-02-09 10:02:00,101.5,101.5,101.5,101.5,5,507.0,101.475,101.875,107.76041666666667,-0.10496946822975417,-0.12005940198619504,0.015089933756440868
2026-02-09 10:10:00,101.5,101.5,101.5,101.5,1000,101500.0,101.475,101.85,107.73541666666667,-0.09379198682255208,-0.11480591895346645,0.021013932130914376
2026-02-09 10:18:00,101.5,101.5,101.5,101.5,1000,101500.0,101.475,101.81666666666666,107.71041666666666,-0.08396584626908066,-0.10863790441658931,0.024672058147508655
2026-02-09 10:33:00,101.0,101.0,101.0,101.0,2000,202000.0,101.45,101.775,107.68541666666667,-0.11519646724546817,-0.10994961698236509,-0.005246850263103078
2026-02-09 12:29:00,101.5,101.5,101.5,101.5,5000,507500.0,101.475,101.74166666666666,107.65833333333333,-0.09846608234383325,-0.10765291005465873,0.009186827710825476
2026-02-09 12:36:00,101.0,101.0,101.0,101.0,2000,202000.0,101.45,101.725,107.63125,-0.12412215021468853,-0.1109467580866647,-0.013175392128023836
2026-02-09 12:54:00,101.0,101.0,101.0,101.0,2000,202000.0,101.425,101.7,107.60416666666667,-0.14280856065238368,-0.1173191185998085,-0.02548944205257518
2026-02-09 13:43:00,101.0,101.0,101.0,101.0,1000,101000.0,101.4,101.65833333333333,107.57708333333333,-0.15582146272575415,-0.12501958742499764,-0.03080187530075651
2026-02-10 09:01:00,101.5,103.5,101.5,102.0,11000,1124000.0,101.4,101.63333333333334,107.55416666666666,-0.08446893343595718,-0.11690945662718955,0.03244052319123236
2026-02-10 09:10:00,103.0,103.0,103.0,103.0,20,2060.0,101.475,101.625,107.53541666666666,0.05216873405247213,-0.0830938184912572,0.13526255254372932
2026-02-10 09:16:00,103.5,103.5,103.5,103.5,20,2070.0,101.575,101.625,107.51875,0.19851256203854462,-0.026772542385296826,0.22528510442384145
2026-02-10 09:58:00,104.0,104.0,104.0,104.0,40,4160.0,101.7,101.65833333333333,107.50625,0.35079319579358526,0.048740605250479616,0.3020525905431056
2026-02-10 11:47:00,104.0,104.0,104.0,104.0,4,416.0,101.825,101.675,107.49166666666666,0.466103741376088,0.13221323247560132,0.33389050890048666
2026-02-10 11:50:00,104.0,104.0,104.0,104.0,100,10400.0,101.95,101.69166666666666,107.47916666666667,0.551135037870921,0.2159975935546653,0.3351374443162557
2026-02-10 11:59:00,103.0,103.0,103.0,103.0,1000,103000.0,102.025,101.69166666666666,107.46458333333334,0.5317021785677696,0.2791385105572862,0.25256366801048336
2026-02-10 12:12:00,104.0,104.0,104.0,104.0,1,104.0,102.15,101.725,107.45416666666667,0.5901897995859144,0.3413487683630119,0.24884103122290252
2026-02-10 12:55:00,103.0,103.0,103.0,103.0,1000,103000.0,102.225,101.74166666666666,107.4375,0.549515544832758,0.38298212365696116,0.16653342117579684
2026-02-10 12:57:00,104.0,104.0,104.0,104.0,1000,104000.0,102.35,101.79166666666667,107.42291666666667,0.5911580455835974,0.4246173080422885,0.16654073754130894
2026-02-10 13:06:00,103.0,103.0,103.0,103.0,1000,103000.0,102.45,101.84166666666667,107.40416666666667,0.5372750128888839,0.4471488490116076,0.09012616387727629
2026-02-10 13:31:00,102.0,102.0,102.0,102.0,1000,102000.0,102.475,101.86666666666666,107.37916666666666,0.40916408969057727,0.43955189714740156,-0.03038780745682429
2026-02-10 14:16:00,103.5,103.5,103.5,103.5,2000,207000.0,102.575,101.91666666666667,107.36041666666667,0.42378756479514834,0.43639903067695096,-0.01261146588180262
2026-02-10 14:17:00,103.5,103.5,103.5,103.5,1000,103500.0,102.675,101.96666666666667,107.34166666666667,0.4304152154919336,0.43520226763994757,-0.004787052148013948
2026-02-10 14:25:00,104.0,104.0,104.0,104.0,25,2600.0,102.8,102.025,107.32291666666667,0.4705888424994811,0.4422795826118543,0.02830925988762678
2026-02-10 14:29:00,103.0,103.0,103.0,103.0,2000,206000.0,102.9,102.05,107.3,0.4169289908102485,0.4372094642515332,-0.020280473441284697
2026-02-10 14:51:00,103.0,103.0,103.0,103.0,1,103.0,102.975,102.075,107.27708333333334,0.37013646893622365,0.4237948651884713,-0.053658396252247664
2026-02-10 14:52:00,102.5,103.5,102.5,103.5,4000,413000.0,103.1,102.10833333333333,107.25416666666666,0.36914362166812964,0.41286461648440304,-0.043720994816273395
2026-02-10 15:00:00,104.0,104.0,104.0,104.0,50,5200.0,103.25,102.15,107.23333333333333,0.4040450248436258,0.4111006981562476,-0.007055673312621802
2026-02-11 09:01:00,103.0,103.0,103.0,103.0,3000,309000.0,103.35,102.175,107.20625,0.34701284756127393,0.3982831280372529,-0.05127028047597898
2026-02-11 09:16:00,102.0,102.0,102.0,102.0,4008,408816.0,103.35,102.175,107.17291666666667,0.21860287564419423,0.3623470775586412,-0.14374420191444698
2026-02-11 09:24:00,101.0,101.5,101.0,101.0,4192,423492.0,103.25,102.15833333333333,107.13541666666667,0.03573349165621664,0.2970243603781563,-0.2612908687219397
2026-02-11 09:27:00,101.0,101.0,101.0,101.0,5,505.0,103.125,102.14166666666667,107.09791666666666,-0.10794746151563572,0.2160299959993979,-0.3239774575150336
2026-02-11 09:28:00,101.0,101.0,101.0,101.0,1000,101000.0,102.975,102.11666666666666,107.05833333333334,-0.2192878383708745,0.1289664291253434,-0.3482542674962179
2026-02-11 09:34:00,101.5,101.5,101.5,101.5,4000,406000.0,102.85,102.11666666666666,107.01875,-0.2641352807689117,0.050346087146492365,-0.31448136791540404
2026-02-11 09:37:00,101.5,101.5,101.5,101.5,2000,203000.0,102.725,102.1,106.97916666666667,-0.2962620771688762,-0.01897554571658137,-0.2772865314522948
2026-02-11 09:38:00,101.5,101.5,101.5,101.5,1000,101500.0,102.65,102.08333333333333,106.93958333333333,-0.31805643814125517,-0.07879172420151614,-0.23926471393973903
2026-02-11 09:54:00,101.5,101.5,101.5,101.5,1000,101500.0,102.525,102.06666666666666,106.9,-0.3315072173858198,-0.12933482283837688,-0.2021723945474429
2026-02-11 09:57:00,101.5,101.5,101.5,101.5,2000,203000.0,102.45,102.05,106.8625,-0.33826771716564963,-0.17112140170383144,-0.16714631546181818
2026-02-11 10:34:00,101.5,101.5,101.5,101.5,6000,609000.0,102.325,102.03333333333333,106.825,-0.33970950226759555,-0.20483902181658428,-0.13487048045101127
2026-02-11 10:39:00,101.5,101.5,101.5,101.5,2000,203000.0,102.25,102.04166666666667,106.78541666666666,-0.33696777262078115,-0.23126477197742368,-0.10570300064335747
2026-02-11 11:26:00,102.0,102.0,102.0,102.0,20,2040.0,102.25,102.05833333333334,106.75,-0.2910935653747515,-0.2432305306568893,-0.04786303471786221
2026-02-11 12:14:00,102.0,102.0,102.0,102.0,1000,102000.0,102.175,102.075,106.7125,-0.2518349293230244,-0.24495141039011634,-0.006883518932908089
2026-02-11 13:05:00,101.0,101.0,101.0,101.0,500,50500.0,102.05,102.06666666666666,106.67083333333333,-0.29797890473182065,-0.2555569092584572,-0.04242199547336345
2026-02-11 13:19:00,102.0,102.0,102.0,102.0,6,612.0,101.95,102.075,106.63541666666667,-0.2509637412517236,-0.2546382756571105,0.003674534405386898
2026-02-11 13:23:00,101.0,101.5,101.0,101.5,3110,314665.0,101.875,102.075,106.59791666666666,-0.25115455343966175,-0.25394153121362073,0.0027869777739589763
2026-02-11 14:29:00,102.0,102.0,102.0,102.0,40,4080.0,101.825,102.09166666666667,106.5625,-0.20855585012888866,-0.2448643949966743,0.03630854486778565
2026-02-23 09:01:00,102.0,102.0,102.0,102.0,30,3060.0,101.75,102.1,106.525,-0.17280409283267772,-0.230452334563875,0.057648241731197286
2026-02-23 09:03:00,102.0,102.0,102.0,102.0,100,10200.0,101.65,102.10833333333333,106.48541666666667,-0.14282417936317415,-0.21292670352373486,0.0701025241605607
2026-02-23 09:57:00,102.0,102.0,102.0,102.0,100,10200.0,101.6,102.11666666666666,106.44583333333334,-0.11770801719349322,-0.19388296625768653,0.07617494906419331
2026-02-23 10:01:00,102.0,102.0,102.0,102.0,50,5100.0,101.6,102.11666666666666,106.40416666666667,-0.09668871045434457,-0.17444411509701815,0.07775540464267358
2026-02-23 10:49:00,102.0,102.0,102.0,102.0,2000,204000.0,101.65,102.125,106.36041666666667,-0.07911872699257572,-0.1553790374761297,0.07626031048355397
2026-02-23 11:21:00,102.0,102.0,102.0,102.0,200,20400.0,101.7,102.13333333333334,106.31458333333333,-0.06445143251976049,-0.13719351648485587,0.07274208396509538
2026-02-23 12:12:00,102.0,102.0,102.0,102.0,1000,102000.0,101.75,102.14166666666667,106.26875,-0.0522254732317009,-0.12019990783422486,0.06797443460252396
2026-02-23 12:34:00,102.0,102.0,102.0,102.0,1000,102000.0,101.775,102.15,106.225,-0.042051568111645565,-0.10457023988970901,0.06251867177806344
2026-02-24 11:02:00,101.5,101.5,101.5,101.5,100,10150.0,101.775,102.15,106.17916666666666,-0.07348737956333196,-0.0983536678244336,0.02486628826110164
2026-02-24 11:06:00,101.5,101.5,101.5,101.5,600,60900.0,101.775,102.15,106.13333333333334,-0.09727911355467711,-0.09813875697048231,0.000859643415805203
2026-02-24 11:29:00,101.5,101.5,101.5,101.5,1000,101500.0,101.775,102.15,106.08541666666666,-0.11481076709711147,-0.10147315899580815,-0.013337608101303314
2026-02-24 11:37:00,102.0,102.0,102.0,102.0,20,2040.0,101.8,102.15833333333333,106.03958333333334,-0.08735196839563741,-0.09864892087577402,0.01129695248013661
2026-02-24 11:49:00,102.0,102.0,102.0,102.0,10,1020.0,101.825,102.16666666666667,105.99375,-0.06484320054238424,-0.09188777680909607,0.027044576266711834
2026-02-24 12:28:00,102.0,102.0,102.0,102.0,1000,102000.0,101.85,102.18333333333334,105.94583333333334,-0.046469172161167194,-0.0828040558795103,0.036334883718343106
2026-02-24 12:43:00,101.5,101.5,101.5,101.5,3000,304500.0,101.825,102.18333333333334,105.89791666666666,-0.07143004255011931,-0.08052925321363211,0.009099210663512797
2026-02-24 12:44:00,101.5,101.5,101.5,101.5,200,20300.0,101.8,102.18333333333334,105.85,-0.09017226245542531,-0.08245785506199076,-0.007714407393434555
2026-02-24 12:52:00,101.5,101.5,101.5,101.5,200,20300.0,101.825,102.18333333333334,105.80208333333333,-0.10382873374925339,-0.08673203079944329,-0.017096702949810097
2026-02-24 13:16:00,101.5,101.5,101.5,101.5,20,2030.0,101.8,102.18333333333334,105.75,-0.11334501486265935,-0.09205462761208652,-0.021290387250572834
2026-02-24 13:25:00,101.0,101.0,101.0,101.0,1000,101000.0,101.775,102.18333333333334,105.69583333333334,-0.159395149468736,-0.10552273198341644,-0.05387241748531957
2026-02-24 13:27:00,101.5,101.5,101.5,101.5,12,1218.0,101.75,102.18333333333334,105.64375,-0.1537718059325499,-0.11517254677324315,-0.03859925915930676
2026-02-24 13:32:00,101.5,101.5,101.5,101.5,22,2233.0,101.725,102.19166666666666,105.59166666666667,-0.14761366719697833,-0.12166077085799021,-0.02595289633898812
2026-02-24 13:38:00,101.5,101.5,101.5,101.5,12,1218.0,101.7,102.2,105.53958333333334,-0.14110670759279742,-0.12554995820495168,-0.015556749387845736
2026-02-24 14:22:00,101.5,101.5,101.5,101.5,10,1015.0,101.675,102.20833333333333,105.4875,-0.13440060867108627,-0.1273200882981786,-0.007080520372907684
2026-02-24 14:41:00,101.5,101.5,101.5,101.5,42,4263.0,101.65,102.2,105.4375,-0.12761491169629835,-0.12737905297780255,-0.0002358587184957961
2026-02-24 14:46:00,101.5,101.5,101.5,101.5,10,1015.0,101.625,102.175,105.3875,-0.120844181454558,-0.12607207867315365,0.005227897218595651
2026-02-25 09:08:00,101.5,101.5,101.5,101.5,1000,101500.0,101.6,102.14166666666667,105.3375,-0.11416233660469288,-0.12369013025946149,0.009527793654768607
2026-02-25 09:32:00,101.0,101.0,101.0,101.0,10,1010.0,101.55,102.09166666666667,105.28541666666666,-0.1475123175729749,-0.12845456772216418,-0.019057749850810712
2026-02-25 10:04:00,101.5,101.5,101.0,101.0,2006,202609.0,101.5,102.04166666666667,105.23541666666667,-0.17196016798888536,-0.13715568777550843,-0.034804480213376926
2026-02-25 11:54:00,100.5,100.5,100.5,100.5,1000,100500.0,101.45,101.98333333333333,105.18333333333334,-0.22904084659978707,-0.15553271954036418,-0.07350812705942289
2026-02-25 11:55:00,101.0,101.0,101.0,101.0,2308,233108.0,101.425,101.95,105.13333333333334,-0.2312659840117277,-0.1706793724346369,-0.060586611577090804
2026-02-25 14:58:00,101.5,101.5,101.5,101.5,1,101.0,101.425,101.90833333333333,105.0875,-0.1904877756135619,-0.1746410530704219,-0.015846722543139985
2026-02-26 09:01:00,101.0,101.0,101.0,101.0,2,202.0,101.375,101.875,105.0375,-0.1962542758643906,-0.17896369762921566,-0.017290578235174936
2026-02-26 09:02:00,101.0,101.0,101.0,101.0,1000,101000.0,101.325,101.825,104.9875,-0.19853567320208754,-0.18287809274379005,-0.015657580458297488
2026-02-26 09:13:00,101.0,101.0,101.0,101.0,40,4040.0,101.275,101.79166666666667,104.93333333333334,-0.1980605779743172,-0.1859145897898955,-0.012145988184421697
2026-02-26 09:30:00,101.0,101.0,101.0,101.0,20,2020.0,101.25,101.775,104.88125,-0.19543125176483045,-0.18781792218488252,-0.007613329579947925
2026-02-26 09:58:00,101.0,101.0,101.0,101.0,88,8888.0,101.225,101.73333333333333,104.825,-0.19114410158057638,-0.18848315806402133,-0.0026609435165550477
2026-02-26 11:20:00,101.0,101.0,101.0,101.0,1000,101000.0,101.2,101.69166666666666,104.76875,-0.18560694287121748,-0.1879079150254606,0.0023009721542431028
2026-02-26 11:22:00,101.0,101.0,101.0,101.0,1000,101000.0,101.175,101.64166666666667,104.7125,-0.1791535342770203,-0.18615703887577256,0.007003504598752264
2026-02-26 12:46:00,101.5,101.5,101.5,101.5,33,3349.0,101.2,101.61666666666666,104.66041666666666,-0.1321697693182955,-0.17535958496427717,0.04318981564598168
2026-02-26 13:24:00,101.5,101.5,101.0,101.0,9000,911500.0,101.175,101.58333333333333,104.60833333333333,-0.13373895894527266,-0.1670354597604763,0.033296500815203633
2026-02-26 14:17:00,101.5,101.5,101.0,101.0,7000,709500.0,101.15,101.54166666666667,104.55625,-0.13344429031748462,-0.16031722587187797,0.02687293555439335
2026-03-02 09:26:00,100.0,100.0,100.0,100.0,60,6000.0,101.075,101.475,104.49791666666667,-0.211464771702353,-0.170546735037973,-0.040918036664380014
2026-03-02 09:48:00,101.0,101.0,101.0,101.0,12,1212.0,101.05,101.44166666666666,104.44583333333334,-0.19040999476227682,-0.17451938698283379,-0.01589060777944304
2026-03-02 09:51:00,101.0,101.0,101.0,101.0,100,10100.0,101.025,101.425,104.39375,-0.17174417243298024,-0.1739643440728631,0.002220171639882862
2026-03-02 10:13:00,101.0,101.0,101.0,101.0,100,10100.0,101.0,101.425,104.33958333333334,-0.15516275411309266,-0.17020402608090904,0.015041271967816378
2026-03-02 11:29:00,100.5,100.5,100.5,100.5,20,2010.0,100.95,101.41666666666667,104.28333333333333,-0.18028941777571106,-0.17222110441986946,-0.0080683133558416
2026-03-02 13:24:00,101.0,101.0,101.0,101.0,50,5050.0,100.95,101.41666666666667,104.22708333333334,-0.15803493012930403,-0.16938386956175638,0.011348939432452354
2026-03-02 14:11:00,101.0,101.0,101.0,101.0,1000,101000.0,100.95,101.40833333333333,104.175,-0.13879811011999266,-0.16326671767340364,0.024468607553410987
2026-03-03 10:10:00,100.0,100.5,100.0,100.5,5030,503015.0,100.95,101.39166666666667,104.12083333333334,-0.1620308225329694,-0.16301953864531682,0.0009887161123474097
2026-03-03 10:31:00,100.5,100.5,100.5,100.5,30,3015.0,100.925,101.375,104.06666666666666,-0.17838658499290716,-0.1660929479148349,-0.012293637078072267
2026-03-03 10:48:00,100.5,100.5,100.5,100.5,1000,100500.0,100.875,101.35833333333333,104.0125,-0.1891680332450676,-0.17070796498088145,-0.01846006826418614
2026-03-03 10:54:00,100.5,100.5,100.5,100.5,2000,201000.0,100.85,101.34166666666667,103.95833333333333,-0.19545927579881095,-0.17565822714446735,-0.019801048654343595
2026-03-03 11:12:00,100.0,100.0,100.0,100.0,100,10000.0,100.8,101.31666666666666,103.90208333333334,-0.23804689573921678,-0.18813596086341727,-0.049910934875799506
2026-03-03 11:21:00,100.5,100.5,100.5,100.5,1,100.0,100.775,101.3,103.85,-0.2288144396157321,-0.19627165661388027,-0.032542783001851844
2026-03-03 11:50:00,100.0,100.0,100.0,100.0,3000,300000.0,100.725,101.26666666666667,103.79583333333333,-0.25885950174559014,-0.20878922564022226,-0.05007027610536788
2026-03-03 11:58:00,100.0,100.0,100.0,100.0,3005,300500.0,100.675,101.23333333333333,103.74166666666666,-0.27944911450551047,-0.22292120341327992,-0.05652791109223054
2026-03-03 13:01:00,100.5,100.5,100.5,100.5,2,201.0,100.65,101.225,103.68958333333333,-0.2525099323144815,-0.22883894919352027,-0.02367098312096122
2026-03-03 13:10:00,100.5,100.5,100.5,100.5,8,804.0,100.625,101.2,103.64166666666667,-0.228526129374913,-0.22877638522979885,0.0002502558548858336
2026-03-04 09:25:00,99.6,99.6,99.6,99.6,1000,99600.0,100.53,101.16833333333332,103.58791666666667,-0.278925985996338,-0.23880630538310668,-0.04011968061323132
2026-03-04 09:28:00,99.6,99.6,99.6,99.6,2000,199200.0,100.46000000000001,101.12833333333333,103.53416666666666,-0.31523440943480807,-0.254091926193447,-0.06114248324136107
2026-03-04 09:37:00,99.9,99.9,99.9,99.9,1000,99900.0,100.405,101.09333333333332,103.48375000000001,-0.31615714108109216,-0.26650496917097605,-0.049652171910116116
2026-03-04 09:43:00,99.9,99.9,99.9,99.9,2000,199800.0,100.4,101.05833333333334,103.43125,-0.3132771485978907,-0.275859405056359,-0.03741774354153171
2026-03-04 10:11:00,100.0,100.0,100.0,100.0,1000,100000.0,100.35,101.025,103.37916666666666,-0.29947342629799323,-0.28058220930468586,-0.01889121699330737
2026-03-04 10:17:00,100.0,100.0,100.0,100.0,1,100.0,100.3,100.99166666666666,103.32916666666667,-0.28524574157528093,-0.2815149157588049,-0.0037308258164760466
2026-03-04 11:41:00,99.6,99.6,99.6,99.6,2000,199200.0,100.23,100.95166666666665,103.27541666666667,-0.30275686332728924,-0.28576330527250177,-0.016993558054787472
2026-03-04 12:12:00,99.6,99.9,99.5,99.7,8015,798597.0,100.19,100.91333333333334,103.22625,-0.30504897451959323,-0.2896204391219201,-0.015428535397673138
2026-03-04 12:17:00,99.7,99.7,99.6,99.6,1150,114545.0,100.12,100.87333333333332,103.17666666666668,-0.3113456545190303,-0.29396548220134217,-0.017380172317688125
2026-03-04 13:30:00,99.8,99.8,99.8,99.8,1000,99800.0,100.06,100.83666666666666,103.12583333333333,-0.29677643623347194,-0.2945276730077681,-0.0022487632257038315
2026-03-04 13:36:00,99.6,99.6,99.3,99.3,5000,497000.0,100.0,100.8,103.075,-0.32186577875921785,-0.2999952941580581,-0.021870484601159756
2026-03-04 13:40:00,99.3,99.3,99.3,99.3,2300,228390.0,99.94,100.76333333333334,103.02208333333333,-0.3378546849687325,-0.307567172320193,-0.030287512648539516
2026-03-04 13:47:00,99.3,99.3,99.3,99.3,1000,99300.0,99.88000000000001,100.72666666666666,102.97125000000001,-0.34653140994807075,-0.31536001984576856,-0.031171390102302188
2026-03-04 14:35:00,99.0,99.0,99.0,99.0,4170,412830.0,99.805,100.67666666666666,102.92333333333335,-0.3733119618840135,-0.3269504082534176,-0.04636155363059591
2026-03-05 09:34:00,99.3,99.3,99.3,99.3,2000,198600.0,99.77000000000001,100.63166666666666,102.8725,-0.3661079844904407,-0.33478192350082225,-0.03132606098961843
2026-03-05 09:36:00,99.9,99.9,99.9,99.9,50,4995.0,99.74,100.59666666666666,102.82416666666667,-0.30842842403119164,-0.32951122360689616,0.021082799575704525
2026-03-05 09:39:00,99.9,99.9,99.9,99.9,200,19980.0,99.735,100.57,102.77583333333334,-0.2597230313747474,-0.31555358516046644,0.05583055378571905
2026-03-05 11:03:00,99.6,99.6,99.6,99.6,2,199.0,99.715,100.53833333333334,102.72625,-0.2425353530099983,-0.30094993873037285,0.05841458572037456
2026-03-05 11:16:00,99.6,99.6,99.6,99.6,2000,199200.0,99.67,100.50666666666666,102.67666666666668,-0.22630528759020763,-0.2860210085023398,0.059715720912132175
2026-03-05 12:18:00,99.6,99.6,99.6,99.6,1,99.0,99.625,100.475,102.62916666666666,-0.21101044673322633,-0.2710188961485171,0.060008449415290765
2026-03-05 12:23:00,99.6,99.6,99.6,99.6,2000,199200.0,99.625,100.45166666666665,102.58583333333334,-0.1966226318540123,-0.25613964328961614,0.05951701143560384
2026-03-05 13:06:00,98.3,98.3,98.3,98.3,2000,196600.0,99.56,100.39833333333333,102.53708333333334,-0.2868131172694035,-0.2622743380855736,-0.024538779183829906
2026-03-05 13:20:00,99.5,99.5,99.5,99.5,3000,298500.0,99.53999999999999,100.365,102.49541666666667,-0.25848015721285833,-0.26151550191103057,0.0030353446981722376
2026-03-05 14:22:00,98.3,98.3,98.3,98.3,1,98.0,99.46000000000001,100.31166666666667,102.45083333333334,-0.3290628220436247,-0.2750249659375494,-0.05403785610607531
2026-03-05 14:25:00,98.0,98.0,98.0,98.0,1,98.0,99.36,100.25333333333333,102.40291666666667,-0.404544250933327,-0.3009288229367049,-0.1036154279966221
2026-03-05 14:31:00,99.5,99.5,99.5,99.5,1000,99500.0,99.33500000000001,100.22,102.36333333333333,-0.33941381201860565,-0.3086258207530851,-0.030787991265520565
2026-03-05 14:47:00,99.5,99.5,99.5,99.5,26,2587.0,99.33,100.18666666666667,102.32791666666667,-0.28451772669205866,-0.3038042019408798,0.019286475248821155
2026-03-05 15:00:00,99.5,99.5,99.5,99.5,5,497.0,99.32000000000001,100.15333333333334,102.2925,-0.23826560597532875,-0.2906964827477696,0.05243087677244085
2026-03-06 09:24:00,99.5,99.5,99.5,99.5,1000,99500.0,99.315,100.12833333333333,102.25708333333334,-0.19931291189840294,-0.2724197685778963,0.07310685667949335
2026-03-06 09:28:00,99.5,99.5,99.5,99.5,100,9950.0,99.3,100.10333333333332,102.22791666666667,-0.16652304717261757,-0.25124042429684057,0.084717377124223
2026-03-06 11:28:00,98.4,98.4,98.4,98.4,2000,196800.0,99.255,100.06833333333333,102.18791666666668,-0.22668457142253828,-0.2463292537219801,0.01964468229944183
2026-03-06 11:33:00,99.5,99.5,99.5,99.5,100,9950.0,99.26500000000001,100.04333333333332,102.1525,-0.18348708106083222,-0.23376081918975058,0.05027373812891836
2026-03-06 11:39:00,98.4,99.5,98.3,99.5,3010,295995.0,99.275,100.00999999999999,102.11708333333334,-0.14755187258872127,-0.21651902986954474,0.06896715728082348
2026-03-06 11:40:00,98.5,98.5,98.0,98.0,3120,305818.0,99.225,99.96,102.07750000000001,-0.23737412381325385,-0.2206900486582866,-0.016684075154967254
2026-03-06 11:52:00,98.3,98.9,98.3,98.9,1010,99289.0,99.205,99.925,102.03958333333334,-0.23324769244999288,-0.22320157741662786,-0.010046115033365027
2026-03-06 12:08:00,98.9,98.9,98.9,98.9,88,8703.0,99.155,99.89,102.00583333333334,-0.22735664004343903,-0.2240325899419901,-0.0033240501014489277
2026-03-06 12:20:00,98.9,98.9,98.9,98.9,50,4945.0,99.10499999999999,99.855,101.97,-0.2201501842828293,-0.22325610881015798,0.0031059245273286906
2026-03-06 14:00:00,97.9,97.9,97.9,97.9,1000,97900.0,99.02000000000001,99.80333333333333,101.93,-0.2917673464728523,-0.23695835634269685,-0.054808990130155444
2026-03-06 14:01:00,97.9,97.9,97.9,97.9,1000,97900.0,98.935,99.75166666666665,101.89000000000001,-0.3445526747246106,-0.25847722001907963,-0.08607545470553096
