ts,open,high,low,close,volume,amount,ma20,ma60,ma240,macd,signal,hist
2025-03-07 09:03:00,13.15,13.25,13.15,13.25,9005,118816.25,,,,0.0,0.0,0.0
2025-03-07 09:26:00,13.15,13.25,13.15,13.25,4000,52700.0,,,,0.0,0.0,0.0
2025-03-07 09:39:00,13.15,13.25,13.15,13.25,10000,132000.0,,,,0.0,0.0,0.0
2025-03-07 09:40:00,13.1,13.1,13.1,13.1,5000,65500.0,,,,-0.005415692867972055,-0.001834584304868582,-0.003581108563103473
2025-03-07 09:47:00,12.6,12.6,12.6,12.6,1000,12600.0,,,,-0.028140636111464445,-0.009660039982699334,-0.01848059612876511
2025-03-07 09:48:00,12.6,12.6,12.6,12.6,1000,12600.0,,,,-0.041272458463405215,-0.01822876300743746,-0.023043695455967756
2025-03-07 10:27:00,12.6,12.6,12.6,12.6,1000,12600.0,,,,-0.04898312033609109,-0.02601187039572422,-0.02297124994036687
2025-03-07 10:45:00,13.0,13.0,13.0,13.0,5000,65000.0,,,,-0.03434184892311798,-0.028013720881137866,-0.006328128041980113
2025-03-07 11:25:00,12.6,12.6,12.6,12.6,1000,12600.0,,,,-0.043525973912455385,-0.03159712828805634,-0.011928845624399047
2025-03-07 11:30:00,13.15,13.15,13.15,13.15,20,263.0,,,,-0.02107755303212855,-0.02924013277022296,0.008162579738094412
2025-03-07 13:36:00,12.75,12.75,12.75,12.75,1000,12750.0,,,,-0.025870601100123736,-0.02850289849409382,0.0026322973939700844
2025-03-10 09:09:00,12.75,12.75,12.75,12.75,1000,12750.0,,,,-0.029032659368546376,-0.028616668912613004,-0.0004159904559333724
2025-03-10 09:12:00,13.1,13.1,13.1,13.1,20,262.0,,,,-0.011221737836716983,-0.02493529714415448,0.013713559307437496
2025-03-10 09:13:00,12.75,12.75,12.75,12.75,1000,12750.0,,,,-0.018028938689793605,-0.023490481802559384,0.005461543112765779
2025-03-10 09:14:00,12.75,12.85,12.75,12.85,6000,77000.0,,,,-0.01699839716456175,-0.022144714911935308,0.005146317747373556
2025-03-10 09:40:00,12.75,12.75,12.75,12.75,1000,12750.0,,,,-0.022067744238022158,-0.02212887492104601,6.113068302385227e-05
2025-03-10 10:09:00,13.1,13.1,13.1,13.1,100,1310.0,,,,-0.004000376106814585,-0.01841965085765103,0.014419274750836444
2025-03-10 10:23:00,12.75,12.75,12.75,12.75,2000,25500.0,,,,-0.012182035341439246,-0.017149242104866073,0.004967206763426827
2025-03-10 11:05:00,12.75,12.75,12.75,12.75,469,5979.75,,,,-0.01832154541552633,-0.0173871311088532,-0.0009344143066731293
2025-03-10 12:25:00,13.1,13.1,13.1,13.1,1000,13100.0,12.9025,,,-1.7941722060044185e-05,-0.013872775469581038,0.013854833747520993
2025-03-10 13:08:00,13.1,13.1,13.05,13.05,8000,104650.0,12.892500000000002,,,0.010816172069565866,-0.00888901892096264,0.019705190990528504
2025-03-10 14:17:00,13.1,13.15,13.05,13.15,15000,196650.0,12.8875,,,0.02578280788826781,-0.001903106624615714,0.027685914512883526
2025-03-11 09:07:00,13.1,13.1,13.1,13.1,5000,65500.0,12.88,,,0.03368758402868721,0.005257299080929388,0.028430284947757824
2025-03-11 09:18:00,13.0,13.0,13.0,13.0,4000,52000.0,12.875,,,0.03255473652305163,0.010742690598401364,0.021812045924650268
2025-03-11 09:23:00,13.1,13.1,13.1,13.1,5000,65500.0,12.9,,,0.038241566216134615,0.016263322077998837,0.021978244138135778
2025-03-11 12:01:00,13.05,13.05,13.05,13.05,1000,13050.0,12.9225,,,0.038709488395909375,0.020766164347283417,0.017943324048625958
2025-03-11 14:03:00,13.1,13.1,13.0,13.0,10000,130500.0,12.942499999999999,,,0.0350776342483865,0.023635395703241364,0.011442238545145138
2025-03-12 09:01:00,13.2,13.2,13.2,13.2,4,52.8,12.9525,,,0.04613785533166492,0.02814460971732254,0.017993245614342384
2025-03-12 09:08:00,13.6,13.6,13.6,13.6,20,272.0,13.002500000000001,,,0.08306547359100946,0.03914580601878695,0.043919667572222515
2025-03-12 10:11:00,13.05,13.05,13.05,13.05,2000,26100.0,12.997499999999999,,,0.07098286136767484,0.045521109331798294,0.02546175203587655
2025-03-12 10:12:00,13.05,13.05,13.05,13.05,1000,13050.0,13.0125,,,0.060723570019614925,0.04856461561198887,0.012158954407626058
2025-03-12 10:25:00,13.05,13.1,13.05,13.1,10000,130750.0,13.029999999999998,,,0.05568558502488408,0.049989938751901546,0.005695646272982531
2025-03-12 11:30:00,13.05,13.05,13.05,13.05,1000,13050.0,13.0275,,,0.047401967327440175,0.04947201619458895,-0.0020700488671487743
2025-03-12 12:38:00,12.85,13.05,12.85,13.05,8360,108498.0,13.0425,,,0.040378517367084754,0.047652393770905084,-0.00727387640382033
2025-03-12 13:36:00,13.1,13.1,13.1,13.1,20,262.0,13.055000000000001,,,0.03816268872386175,0.045753682552723496,-0.007590993828861747
2025-03-12 13:44:00,13.1,13.1,13.05,13.05,8000,104600.0,13.069999999999999,,,0.03223000221557015,0.04304806846332177,-0.010818066247751619
2025-03-12 13:46:00,13.15,13.15,13.1,13.1,11000,144600.0,13.070000000000002,,,0.030994244486089784,0.04063667763502425,-0.009642433148934468
2025-03-12 13:48:00,13.1,13.1,13.1,13.1,1000,13100.0,13.0875,,,0.029670997209020555,0.038443085958656704,-0.008772088749636149
2025-03-12 13:50:00,13.2,13.2,13.15,13.15,6000,79150.0,13.107500000000002,,,0.03210085292428566,0.03717442855991607,-0.005073575635630406
2025-03-13 09:07:00,13.5,13.5,13.5,13.5,20,270.0,13.127500000000001,,,0.06037104882866018,0.041814369367586916,0.018556679461073262
2025-03-13 09:19:00,13.15,13.2,13.15,13.2,5007,65842.4,13.135,,,0.05881691027395419,0.04521523919137076,0.013601671082583436
2025-03-13 10:00:00,13.1,13.1,13.1,13.1,3000,39300.0,13.132499999999999,,,0.049239146508197607,0.04602008912379613,0.0032190573844014733
2025-03-13 10:01:00,13.1,13.1,13.1,13.1,1000,13100.0,13.132499999999999,,,0.04117609419665769,0.045051224200838604,-0.003875130004180917
2025-03-13 10:14:00,13.1,13.1,13.1,13.1,3000,39300.0,13.1375,,,0.034391116384709264,0.04291908655299747,-0.008527970168288206
2025-03-13 10:15:00,13.15,13.15,13.15,13.15,5101,67078.15,13.14,,,0.0325574084003879,0.04084666065559689,-0.00828925225520899
2025-03-13 10:35:00,12.65,12.65,12.65,12.65,4000,50600.0,13.12,,,-0.008066197974397227,0.03106374804484583,-0.03912994601924306
2025-03-13 10:40:00,13.15,13.15,13.15,13.15,100,1315.0,13.127500000000001,,,-0.0008934568347456207,0.02467212889659,-0.025565585731335622
2025-03-13 12:16:00,12.65,13.0,12.65,13.0,3000,38650.0,13.117500000000001,,,-0.006955886147864021,0.01834638481889233,-0.02530227096675635
2025-03-13 13:21:00,13.05,13.05,13.0,13.0,6000,78250.0,13.0875,,,-0.011624370508885207,0.012352126812200454,-0.02397649732108566
2025-03-13 13:55:00,13.1,13.1,13.0,13.0,8000,104500.0,13.084999999999999,,,-0.015147907549989625,0.006852041439920866,-0.021999948989910492
2025-03-13 14:58:00,13.15,13.15,13.15,13.15,100,1315.0,13.09,,,-0.00598790290115403,0.0042840232501215976,-0.010271926151275628
2025-03-14 09:07:00,13.15,13.15,13.1,13.1,6000,78850.0,13.09,,,-0.0026657323084204876,0.0028940594419482966,-0.005559791750368784
2025-03-14 09:09:00,13.1,13.15,13.1,13.15,10000,131250.0,13.094999999999999,,,0.0038928549911734223,0.003093820011545319,0.0007990349796281031
2025-03-14 09:16:00,13.5,13.5,13.5,13.5,20,270.0,13.117500000000001,,,0.03649968552135974,0.009775032171918248,0.02672465334944149
2025-03-14 10:20:00,13.1,13.1,13.1,13.1,1000,13100.0,13.117500000000001,,,0.03014539411385897,0.013849123614038592,0.016296270499820378
2025-03-14 10:21:00,13.1,13.15,13.1,13.15,6000,78850.0,13.122499999999999,,,0.02876249859154001,0.016831809769092664,0.011930688822447345
2025-03-14 10:49:00,13.05,13.1,13.05,13.1,10100,131810.0,13.122499999999999,,,0.023408323081961058,0.018147116368583332,0.005261206713377726
2025-03-14 12:40:00,13.05,13.05,13.0,13.0,8000,104250.0,13.117500000000001,,,0.011055055862644991,0.016728700870965313,-0.005673645008320322
2025-03-14 12:55:00,13.0,13.0,12.95,12.95,10000,129750.0,13.107499999999998,,,-0.0026972990765461446,0.012843493438884192,-0.015540792515430337
2025-03-14 13:03:00,12.55,12.85,12.5,12.8,16000,202300.0,13.0725,13.034166666666666,,-0.0252957404545171,0.005215634970544845,-0.030511375425061948
2025-03-14 13:04:00,12.7,12.7,12.7,12.7,5000,63500.0,13.0475,13.025,,-0.05061968991910604,-0.005951443698183941,-0.044668246220922095
2025-03-14 13:11:00,12.6,12.85,12.55,12.7,22000,278600.0,13.0275,13.015833333333335,,-0.06988059463030538,-0.018737286424926284,-0.0511433082053791
2025-03-14 13:37:00,13.1,13.1,13.1,13.1,20,262.0,13.0275,13.013333333333332,,-0.052495853411869575,-0.025489005119968083,-0.027006848291901493
2025-03-14 13:52:00,12.55,12.55,12.55,12.55,3000,37650.0,13.0,13.004166666666666,,-0.08185638340988532,-0.03676248785443133,-0.045093895555454
2025-03-14 14:10:00,13.1,13.1,13.1,13.1,100,1310.0,12.997499999999999,13.0125,,-0.060323300975932526,-0.041474652845030685,-0.01884864813090184
2025-03-17 09:01:00,13.15,13.15,13.15,13.15,5,65.75,13.022499999999999,13.021666666666668,,-0.03880037499185285,-0.04093979705952509,0.0021394220676722447
2025-03-17 10:08:00,12.7,12.7,12.7,12.7,1000,12700.0,13.0,13.023333333333333,,-0.05720156286821343,-0.0441921512665291,-0.013009411601684326
2025-03-17 11:43:00,12.7,12.7,12.7,12.7,3000,38100.0,12.985,13.018333333333334,,-0.07096508489163256,-0.0495467393682684,-0.021418345523364156
2025-03-17 12:33:00,13.0,13.0,13.0,13.0,2000,26000.0,12.985,13.025,,-0.05711673560717223,-0.05106073892746081,-0.00605599667971142
2025-03-17 12:34:00,13.1,13.1,13.1,13.1,5000,65500.0,12.99,13.024166666666668,,-0.03767286763264899,-0.048383164227902314,0.010710296595253327
2025-03-17 12:55:00,13.15,13.15,13.15,13.15,1,13.15,12.99,13.030833333333334,,-0.018037377922540898,-0.04231400616788385,0.02427662824534295
2025-03-17 13:05:00,12.7,13.0,12.7,13.0,10000,128500.0,12.985,13.035,,-0.01437072670509032,-0.03672534968677092,0.022354622981680602
2025-03-17 13:09:00,13.15,13.15,13.15,13.15,20,263.0,12.985,13.035833333333333,,0.0005911676217795758,-0.029262045596278697,0.029853213218058273
2025-03-17 14:36:00,12.7,12.7,12.7,12.7,1000,12700.0,12.945000000000002,13.035,,-0.023479055281612204,-0.028105447455390835,0.00462639217377863
2025-03-18 09:01:00,12.7,12.7,12.7,12.7,3,38.1,12.925,13.032499999999999,,-0.042069073421712844,-0.030898172799238684,-0.01117090062247416
2025-03-18 09:13:00,13.1,13.1,13.1,13.1,5000,65500.0,12.9225,13.038333333333332,,-0.024330396217443706,-0.02958461742621828,0.005254221208774574
2025-03-18 09:22:00,13.15,13.15,13.1,13.1,6000,78850.0,12.9225,13.038333333333332,,-0.010155648515771887,-0.025698823510035183,0.015543174994263297
2025-03-18 09:27:00,13.1,13.1,13.1,13.1,1000,13100.0,12.927499999999998,13.044166666666666,,0.001065362428500194,-0.020345986174552407,0.0214113486030526
2025-03-18 09:29:00,13.1,13.1,13.1,13.1,5000,65500.0,12.934999999999999,13.05,,0.009844360752515158,-0.014307916655784576,0.024152277408299734
2025-03-18 09:32:00,13.1,13.1,13.1,13.1,2000,26200.0,12.95,13.05,,0.016610092520243924,-0.008124314711324087,0.02473440723156801
2025-03-18 09:33:00,13.1,13.1,13.1,13.1,1000,13100.0,12.969999999999999,13.050833333333333,,0.021721407560116646,-0.002155170172663418,0.023876577732780062
2025-03-18 09:35:00,13.1,13.15,13.1,13.15,6000,78850.0,12.992500000000001,13.050833333333333,,0.02946017747225227,0.004167899427819858,0.02529227804443241
2025-03-18 09:38:00,13.7,13.7,13.7,13.7,20,274.0,13.022499999999999,13.060833333333333,,0.07899346084797898,0.019133011847229934,0.05986044900074905
2025-03-18 11:41:00,13.1,13.1,13.1,13.1,6000,78600.0,13.05,13.0625,,0.06910643408418515,0.029127696366952564,0.03997873771723259
2025-03-18 12:11:00,13.1,13.2,13.1,13.2,6000,78700.0,13.055000000000001,13.064166666666665,,0.06853913673010403,0.03700998448521818,0.03152915224488585
2025-03-18 12:35:00,12.6,13.15,12.55,13.15,19000,244100.0,13.055000000000001,13.065833333333334,,0.06332979386621496,0.04227394638579854,0.021055847480416418
2025-03-18 13:00:00,13.2,13.2,13.15,13.15,8000,105450.0,13.0775,13.068333333333333,,0.058526619854797346,0.04552448109164266,0.013002138763154689
2025-03-18 13:01:00,13.25,13.25,13.2,13.2,19000,251300.0,13.102500000000001,13.068333333333332,,0.058080779174105146,0.04803574071557923,0.010045038458525918
2025-03-18 13:06:00,13.2,13.2,13.2,13.2,1000,13200.0,13.1125,13.061666666666667,,0.05706948332736239,0.04984248924222043,0.007226994085141963
2025-03-18 13:07:00,13.1,13.1,13.1,13.1,1000,13100.0,13.1125,13.0625,,0.04765677077069874,0.04940534554708677,-0.001748574776388026
2025-03-18 13:45:00,13.1,13.15,13.1,13.15,3000,39400.0,13.1125,13.064166666666667,,0.04372428548793472,0.04826913353353192,-0.004544848045597197
2025-03-18 14:10:00,13.25,13.3,13.25,13.3,22000,292250.0,13.127500000000001,13.067499999999999,,0.052101424116907324,0.04903559165113761,0.003065832465769712
2025-03-18 14:20:00,13.2,13.2,13.2,13.2,5000,66000.0,13.129999999999999,13.07,,0.050099393902092615,0.049248352101535275,0.0008510418005573395
2025-03-19 09:15:00,13.15,13.2,13.15,13.2,10000,131750.0,13.155000000000001,13.0725,,0.04795987002757762,0.0489906556865435,-0.0010307856589658743
2025-03-19 10:06:00,13.15,13.2,13.15,13.2,6000,78950.0,13.180000000000001,13.074166666666665,,0.04573701214188475,0.04833992697720722,-0.0026029148353224757
2025-03-19 10:28:00,13.25,13.25,13.2,13.2,13000,172100.0,13.184999999999999,13.076666666666666,,0.04347420170805272,0.047366781922892356,-0.003892580214839639
2025-03-19 10:45:00,13.8,13.8,13.8,13.8,26,358.8,13.219999999999999,13.088333333333333,,0.08904367176671002,0.055702159894972195,0.033341511871737825
2025-03-19 11:45:00,13.4,13.4,13.3,13.35,14000,187150.0,13.232499999999998,13.0925,,0.08785143721230604,0.062132015360485494,0.025719421851820544
2025-03-19 11:56:00,13.4,13.4,13.35,13.35,5000,66900.0,13.245,13.095833333333333,,0.08591612564645423,0.06688883741889047,0.019027288227563763
2025-03-19 12:13:00,13.2,13.2,13.2,13.2,1000,13200.0,13.25,13.090833333333332,,0.07145993597150557,0.0678030571295997,0.0036568788419058668
2025-03-19 12:27:00,13.25,13.25,13.25,13.25,2000,26500.0,13.257499999999999,13.091666666666667,,0.06330655392452655,0.06690375648843852,-0.0035972025639119665
2025-03-19 13:39:00,13.25,13.25,13.25,13.25,588,7791.0,13.2625,13.094166666666666,,0.056197122015852585,0.06476242959364217,-0.008565307577789588
2025-03-19 13:42:00,13.75,13.75,13.75,13.75,20,275.0,13.265,13.104999999999999,,0.08985929269384485,0.0697818022142062,0.02007749047963865
2025-03-20 09:48:00,13.5,13.5,13.5,13.5,24,324.0,13.285,13.111666666666666,,0.09527176101537727,0.07487979397486577,0.020391967040511494
2025-03-20 10:50:00,13.4,13.4,13.4,13.4,1000,13400.0,13.294999999999998,13.115833333333335,,0.09045159825697446,0.0779941548314954,0.012457443425479067
2025-03-20 11:32:00,13.3,13.3,13.3,13.3,1000,13300.0,13.3025,13.126666666666667,,0.07766921281457151,0.07792916642810714,-0.0002599536135356323
2025-03-20 11:33:00,13.5,13.5,13.5,13.5,5000,67500.0,13.319999999999999,13.1325,,0.08271988660729512,0.07888731046398569,0.003832576143309438
2025-03-20 11:34:00,13.3,13.3,13.3,13.3,2000,26600.0,13.325,13.1375,,0.06978346671720104,0.07706654171456652,-0.007283074997365482
2025-03-20 12:00:00,13.3,13.3,13.3,13.3,1000,13300.0,13.329999999999998,13.142500000000002,,0.058852842401838856,0.0734238018519214,-0.014570959450082549
2025-03-20 12:05:00,13.3,13.3,13.3,13.3,3000,39900.0,13.34,13.1475,,0.049618275777458365,0.06866269663692466,-0.019044420859466296
2025-03-20 12:19:00,13.7,13.7,13.7,13.7,14,191.8,13.367499999999998,13.156666666666666,,0.07372082093406185,0.0696743214963698,0.004046499437692044
2025-03-20 13:44:00,13.3,13.3,13.3,13.3,3000,39900.0,13.367500000000001,13.16,,0.059860911339416845,0.06771163946495173,-0.00785072812553489
2025-03-20 13:46:00,13.4,13.4,13.4,13.4,6000,80400.0,13.377500000000001,13.164166666666665,,0.05629580661482869,0.06542847289490156,-0.009132666280072865
2025-03-20 14:30:00,13.65,13.65,13.65,13.65,60,819.0,13.4,13.166666666666666,,0.07280122951979706,0.06690302421989387,0.005898205299903189
2025-03-20 14:42:00,13.55,13.55,13.5,13.5,60000,811500.0,13.415000000000001,13.173333333333336,,0.07293892504394606,0.06811020438471296,0.004828720659233093
2025-03-20 14:43:00,13.55,13.55,13.5,13.5,21000,284000.0,13.430000000000001,13.179166666666667,,0.07221557647008403,0.0689312788017919,0.0032842976682921354
2025-03-21 09:08:00,13.65,13.65,13.65,13.65,20,273.0,13.4225,13.188333333333334,,0.08279031312110341,0.07170308566566691,0.011087227455436499
2025-03-21 09:09:00,13.25,13.25,13.25,13.25,3000,39750.0,13.417499999999999,13.1925,,0.058226395222186866,0.06900774757696101,-0.010781352354774149
2025-03-21 09:59:00,13.55,13.55,13.55,13.55,5000,67750.0,13.4275,13.202499999999999,,0.06224690872879535,0.06765557980732391,-0.0054086710785285624
2025-03-21 10:32:00,13.65,13.65,13.65,13.65,20,273.0,13.45,13.216666666666667,,0.07266398849953326,0.06865726154576812,0.004006726953765138
2025-03-21 11:05:00,13.4,13.4,13.4,13.4,3000,40200.0,13.457500000000001,13.228333333333333,,0.06005607085988807,0.06693702340858888,-0.006880952548700817
2025-03-21 11:06:00,13.4,13.4,13.4,13.4,2000,26800.0,13.465,13.24,,0.04949367438509533,0.06344835360388493,-0.013954679218789595
2025-03-21 13:23:00,13.55,13.55,13.55,13.55,20,271.0,13.455000000000002,13.2475,,0.0526192148609681,0.061282525855298954,-0.008663310994330854
2025-03-21 13:24:00,13.55,13.55,13.55,13.55,1000,13550.0,13.457500000000001,13.264166666666666,,0.054468342328855,0.05991968915000885,-0.005451346821153849
2025-03-21 13:30:00,13.55,13.6,13.5,13.5,15000,203250.0,13.4625,13.270833333333334,,0.05130800153844284,0.05819735162769433,-0.0068893500892514906
2025-03-21 13:31:00,13.5,13.5,13.5,13.5,1000,13500.0,13.4725,13.276666666666667,,0.04824724089510468,0.056207329481175176,-0.007960088586070495
2025-03-21 13:32:00,13.6,13.6,13.55,13.55,23000,312400.0,13.475,13.290833333333333,,0.04928777306785115,0.05482341819850969,-0.005535645130658538
2025-03-21 13:37:00,13.95,13.95,13.95,13.95,12,167.4,13.507499999999999,13.311666666666667,,0.08144858636435437,0.06014845183168071,0.02130013453267366
2025-03-21 13:46:00,13.55,13.55,13.55,13.55,5000,67750.0,13.520000000000001,13.320833333333333,,0.0738102077737679,0.062880803020099,0.010929404753668895
2025-03-21 14:30:00,13.55,13.55,13.55,13.55,1000,13550.0,13.532500000000002,13.328333333333331,,0.06698457867651086,0.0637015581513816,0.003283020525129271
2025-03-21 14:53:00,13.65,13.65,13.6,13.6,10000,136250.0,13.5275,13.335833333333333,,0.06486195348417034,0.06393363721793939,0.0009283162662309524
2025-03-24 09:01:00,13.95,14.5,13.3,13.35,81325,1120863.75,13.530000000000001,13.341666666666667,,0.04251745425815123,0.059650400625981065,-0.017132946367829832
2025-03-24 09:04:00,13.8,13.8,13.8,13.8,68,938.4,13.55,13.3525,,0.060422796255259925,0.05980487975183687,0.0006179165034230563
2025-03-24 09:14:00,13.55,13.55,13.55,13.55,700,9485.0,13.545000000000002,13.366666666666667,,0.05382020512219654,0.05860794482590868,-0.004787739703712136
2025-03-24 09:15:00,13.2,13.5,13.2,13.25,24499,324386.75,13.532500000000002,13.375833333333334,,0.02410295759529113,0.051706947379784596,-0.027603989784493466
2025-03-24 09:16:00,13.3,13.3,13.3,13.3,2300,30590.0,13.522499999999999,13.379166666666666,,0.0045340416187933386,0.04227236622758572,-0.03773832460879238
2025-03-24 09:17:00,13.3,13.3,13.3,13.3,1010,13433.0,13.505,13.3825,,-0.010849395458279787,0.03164801389041206,-0.042497409348691846
2025-03-24 09:18:00,13.3,13.3,13.3,13.3,10,133.0,13.507500000000002,13.385833333333332,,-0.022778302020203256,0.020762750708288535,-0.04354105272849179
2025-03-24 09:19:00,13.3,13.3,13.3,13.3,50,665.0,13.495000000000001,13.389166666666664,,-0.031864726198685744,0.010237255326893326,-0.04210198152557907
2025-03-24 09:25:00,13.3,13.3,13.3,13.3,2000,26600.0,13.477500000000001,13.392500000000002,,-0.038620585763030846,0.0004656871089082309,-0.039086272871939075
2025-03-24 09:34:00,13.0,13.15,12.65,12.65,17500,224225.0,13.440000000000001,13.385,,-0.09532443390983047,-0.018692337094839917,-0.07663209681499056
2025-03-24 09:36:00,12.55,12.8,12.45,12.5,27249,341237.4,13.395000000000001,13.374166666666667,,-0.1506298074502812,-0.045079831165928626,-0.10554997628435259
2025-03-24 09:47:00,12.3,12.5,12.1,12.35,30000,366850.0,13.334999999999999,13.351666666666667,,-0.20420926367061298,-0.07690571766686592,-0.12730354600374705
2025-03-24 09:48:00,12.15,12.15,12.15,12.15,2500,30375.0,13.265,13.335833333333333,,-0.2598144738624111,-0.11348746890597533,-0.14632700495643575
2025-03-24 09:49:00,12.15,12.15,12.15,12.15,1000,12150.0,13.1975,13.318333333333333,,-0.30041894687746584,-0.15087376450027373,-0.1495451823771921
2025-03-24 09:50:00,12.15,12.15,12.15,12.15,200,2430.0,13.13,13.301666666666666,,-0.3288079785260969,-0.1864606073054386,-0.1423473712206583
2025-03-24 09:54:00,12.2,12.2,12.2,12.2,300,3660.0,13.0625,13.285833333333333,,-0.343314428884808,-0.21783137162131264,-0.12548305726349537
2025-03-24 09:55:00,12.2,12.2,12.2,12.2,250,3050.0,12.975,13.269166666666669,,-0.35076745804727594,-0.24441858890650542,-0.10634886914077052
2025-03-24 09:56:00,11.8,12.1,11.7,11.7,66050,783502.5,12.882499999999999,13.244166666666667,,-0.3924950210664431,-0.27403387533849305,-0.11846114572795002
2025-03-24 09:57:00,11.5,11.55,11.4,11.5,11300,130070.0,12.78,13.2175,,-0.43666894042002724,-0.3065608883548,-0.13010805206522724
2025-03-24 10:01:00,11.95,11.95,11.95,11.95,150,1792.5,12.6975,13.1975,,-0.4304047050048805,-0.33132965168481615,-0.09907505332006433
2025-03-24 10:07:00,12.05,12.2,12.05,12.2,15000,181750.0,12.64,13.179166666666667,,-0.4006490595970096,-0.3451935332672549,-0.0554555263297547
2025-03-24 10:45:00,12.45,12.5,12.35,12.35,12000,149450.0,12.567499999999999,13.165,,-0.3608047011289397,-0.34831576683959187,-0.01248893428934783
2025-03-24 11:40:00,12.75,12.75,12.75,12.75,4,51.0,12.5275,13.157499999999999,,-0.293567254116196,-0.33736606429491267,0.043798810178716674
2025-03-24 11:41:00,12.75,12.75,12.75,12.75,4,51.0,12.502500000000001,13.15,,-0.23754284773349177,-0.31740142098262847,0.0798585732491367
2025-03-24 11:48:00,12.3,12.65,12.25,12.65,17000,210700.0,12.47,13.140833333333331,,-0.19891920452638168,-0.2937049776913791,0.09478577316499742
2025-03-24 12:03:00,12.65,12.7,12.65,12.7,10000,126750.0,12.440000000000001,13.1225,,-0.16240304697197594,-0.2674445915474985,0.10504154457552256
2025-03-24 12:22:00,12.7,12.7,12.7,12.7,1,12.7,12.41,13.111666666666668,,-0.13194277519582087,-0.24034422827716298,0.10840145308134211
2025-03-24 12:23:00,12.25,12.3,12.2,12.3,13001,159112.3,12.36,13.094166666666666,,-0.13848295707308544,-0.2199719740363475,0.08148901696326205
2025-03-24 12:24:00,12.3,12.3,12.3,12.3,1000,12300.0,12.31,13.079166666666667,,-0.1420288764849591,-0.20438335452606984,0.062354478041110745
2025-03-24 12:25:00,12.2,12.3,12.2,12.2,4063,49624.85,12.2875,13.061666666666667,,-0.15116563180546194,-0.19373980998194829,0.042574178176486344
2025-03-24 12:43:00,12.3,12.3,12.3,12.3,1,12.3,12.2775,13.045833333333333,,-0.14862419227228685,-0.18471668644001601,0.03609249416772917
2025-03-24 12:53:00,12.3,12.3,12.3,12.3,2000,24600.0,12.275,13.021666666666668,,-0.1449393121259437,-0.17676121157720157,0.03182189945125788
2025-03-24 13:34:00,12.3,12.3,12.3,12.3,1000,12300.0,12.2825,13.001666666666667,,-0.14040056700361525,-0.16948908266248433,0.02908851565886908
2025-03-24 13:35:00,12.7,12.7,12.7,12.7,5000,63500.0,12.309999999999999,12.990000000000002,,-0.10333582166696864,-0.1562584304633812,0.05292260879641256
2025-03-24 13:36:00,12.75,12.75,12.75,12.75,5000,63750.0,12.34,12.980833333333333,,-0.06913028205419991,-0.13883280078154495,0.06970251872734504
2025-03-24 13:42:00,12.3,12.3,12.3,12.3,1000,12300.0,12.345,12.960833333333333,,-0.07744060974040856,-0.12655436257331767,0.04911375283290911
2025-03-24 13:43:00,12.3,12.3,12.3,12.3,1000,12300.0,12.35,12.944166666666668,,-0.08306903564873735,-0.11785729718840161,0.03478826153966426
2025-03-24 13:58:00,12.3,12.3,12.3,12.3,15,184.5,12.379999999999999,12.9275,,-0.0865321149281737,-0.11159226073635603,0.025060145808182333
2025-03-25 09:04:00,12.8,12.8,12.8,12.8,20,256.0,12.445,12.919166666666666,,-0.04837326946622511,-0.09894846248232984,0.05057519301610473
2025-03-25 09:05:00,12.2,12.2,12.0,12.15,11000,133150.0,12.455000000000002,12.893333333333334,,-0.06977723547159087,-0.09311421708018205,0.023336981608591184
2025-03-25 09:17:00,12.3,12.3,12.3,12.3,1,12.3,12.459999999999999,12.876666666666667,,-0.07378574960328699,-0.08924852358480305,0.015462773981516062
2025-03-25 09:39:00,12.15,12.15,12.15,12.15,1000,12150.0,12.45,12.855833333333333,,-0.08805125346059306,-0.08900906955996106,0.0009578160993680002
2025-03-25 09:47:00,12.25,12.25,12.25,12.25,1,12.25,12.425,12.8325,,-0.09024730008985316,-0.08925671566593948,-0.0009905844239136707
2025-03-25 10:00:00,12.25,12.25,12.15,12.15,14000,171000.0,12.395,12.809999999999999,,-0.09891658742670195,-0.09118869001809199,-0.007727897408609963
2025-03-25 10:24:00,12.2,12.2,12.1,12.1,5300,64630.0,12.3675,12.786666666666665,,-0.10857010836112835,-0.09466497368669927,-0.013905134674429082
2025-03-25 10:33:00,12.1,12.1,12.0,12.0,2000,24100.0,12.3325,12.759166666666665,,-0.12287334069710454,-0.10030664708878033,-0.02256669360832421
2025-03-25 10:38:00,12.2,12.2,12.0,12.1,10000,121400.0,12.3025,12.74,,-0.12470211082116478,-0.10518573983525722,-0.019516370985907555
2025-03-25 10:55:00,12.0,12.0,12.0,12.0,1000,12000.0,12.2875,12.714166666666667,,-0.13269100128043831,-0.11068679212429346,-0.022004209156144858
2025-03-25 11:09:00,12.0,12.0,12.0,12.0,500,6000.0,12.272499999999999,12.686666666666667,,-0.1374379550357876,-0.11603702470659229,-0.02140093032919531
2025-03-25 11:55:00,12.2,12.2,12.2,12.2,100,1220.0,12.272499999999999,12.666666666666666,,-0.1236364308532849,-0.11755690593593082,-0.006079524917354084
2025-03-25 12:19:00,12.2,12.2,12.2,12.2,1,12.2,12.2675,12.646666666666667,,-0.11141430863825796,-0.11632838647639628,0.0049140778381383116
2025-03-25 12:25:00,12.2,12.2,12.2,12.2,50,610.0,12.2625,12.624166666666667,,-0.10056889307086969,-0.11317648779529096,0.012607594724421273
2025-03-25 12:42:00,12.2,12.2,12.2,12.2,1000,12200.0,12.2575,12.601666666666665,,-0.0909256883105769,-0.10872632789834817,0.01780063958777127
2025-03-25 13:05:00,12.2,12.2,12.1,12.2,6500,79250.0,12.2325,12.58,,-0.0823342806827494,-0.10344791845522842,0.02111363777247903
2025-03-25 13:07:00,12.2,12.2,12.05,12.05,3000,36450.0,12.197500000000002,12.555833333333332,,-0.08663064364416506,-0.10008446349301575,0.01345381984885069
2025-03-25 13:08:00,12.55,12.55,12.55,12.55,34,426.7,12.209999999999999,12.539166666666667,,-0.04912347700211228,-0.08989226619483506,0.04076878919272278
2025-03-25 13:09:00,12.05,12.05,12.05,12.05,1000,12050.0,12.197500000000002,12.507499999999999,,-0.05906372928079229,-0.08372655881202652,0.024662829531234234
2025-03-25 13:22:00,12.05,12.05,12.05,12.05,500,6025.0,12.184999999999999,12.4825,,-0.06617858519622999,-0.08021696408886722,0.014038378892637232
2025-03-25 13:33:00,12.05,12.05,12.05,12.05,500,6025.0,12.147499999999999,12.457500000000001,,-0.07099873051674699,-0.07837331737444318,0.007374586857696194
2025-03-25 13:36:00,12.55,12.55,12.55,12.55,20,251.0,12.1675,12.44,,-0.0340800706508535,-0.06951466802972525,0.03543459737887175
2025-03-25 14:45:00,12.55,12.55,12.55,12.55,100,1255.0,12.18,12.426666666666668,,-0.004766817925567324,-0.056565098008893665,0.05179828008332634
2025-03-25 14:54:00,12.05,12.1,12.05,12.1,17000,205200.0,12.1775,12.398333333333335,,-0.017643695756294875,-0.04878081755837391,0.031137121802079032
2025-03-25 14:56:00,12.0,12.0,12.0,12.0,500,6000.0,12.165000000000001,12.3725,,-0.0355085554435135,-0.04612636513540183,0.01061780969188833
2025-03-25 15:00:00,12.55,12.55,12.55,12.55,58,727.9,12.184999999999999,12.360833333333334,,-0.005225952907185416,-0.037946282689758554,0.03272032978257314
2025-03-26 10:13:00,12.05,12.05,12.0,12.0,2000,24050.0,12.18,12.339166666666667,,-0.025315344638965342,-0.035420095079599916,0.010104750440634573
2025-03-26 10:28:00,12.1,12.1,12.1,12.1,4000,48400.0,12.184999999999999,12.319166666666666,,-0.03278919649970824,-0.03489391536362158,0.002104718863913342
2025-03-26 10:29:00,12.1,12.1,12.1,12.1,1000,12100.0,12.185,12.299166666666668,,-0.038271112354170356,-0.035569354761731335,-0.0027017575924390205
2025-03-26 10:44:00,12.05,12.05,12.05,12.05,2000,24100.0,12.1875,12.278333333333334,,-0.046118525776293495,-0.03767918896464377,-0.008439336811649725
2025-03-26 12:04:00,12.45,12.45,12.45,12.45,1,12.45,12.21,12.264166666666666,,-0.019832391092620583,-0.034109829390239134,0.014277438297618551
2025-03-26 12:34:00,12.45,12.45,12.45,12.45,58,722.1,12.2225,12.260833333333332,,0.0009881689869306598,-0.027090229714805174,0.028078398701735834
2025-03-26 13:31:00,12.05,12.05,12.05,12.05,1000,12050.0,12.215,12.253333333333334,,-0.014619514271901224,-0.024596086626224384,0.00997657235432316
2025-03-26 13:32:00,12.05,12.05,12.05,12.05,1000,12050.0,12.2075,12.248333333333333,,-0.02668115196166987,-0.025013099693313483,-0.0016680522683563855
2025-03-26 14:43:00,12.05,12.05,12.05,12.05,300,3615.0,12.2,12.246666666666666,,-0.035827094264464066,-0.027175898607543603,-0.008651195656920463
2025-03-26 14:50:00,12.05,12.1,12.05,12.1,1500,18100.0,12.195,12.245833333333334,,-0.03859582911265136,-0.02945988470856516,-0.009135944404086199
2025-03-26 14:51:00,12.15,12.15,12.15,12.15,3000,36450.0,12.2,12.245833333333334,,-0.03633662379029445,-0.03083523252491102,-0.005501391265383432
2025-03-27 09:22:00,12.45,12.45,12.45,12.45,20,249.0,12.195,12.25,,-0.01022087729452359,-0.02671236147883354,0.01649148418430995
2025-03-27 10:28:00,12.0,12.0,12.0,12.0,1000,12000.0,12.192499999999999,12.246666666666666,,-0.025540777315042007,-0.026478044646075238,0.0009372673310332306
2025-03-27 10:29:00,12.45,12.45,12.45,12.45,20,249.0,12.212500000000002,12.259166666666667,,-0.0013550525260068724,-0.021453446222061565,0.020098393696054692
2025-03-27 10:59:00,12.45,12.55,12.2,12.3,19500,242400.0,12.225,12.2725,,0.005643508422055632,-0.016034055293238127,0.02167756371529376
2025-03-27 11:00:00,12.55,12.6,12.5,12.5,13000,163250.0,12.2225,12.281666666666666,,0.027016812592357553,-0.007423881716118989,0.034440694308476544
2025-03-27 11:01:00,12.65,12.65,12.65,12.65,5000,63250.0,12.227500000000001,12.289166666666667,,0.05542020595195751,0.005144935817496315,0.050275270134461196
2025-03-27 11:04:00,12.55,12.55,12.55,12.55,5000,62750.0,12.25,12.2925,,0.06906480007705085,0.017928908669407228,0.051135891407643616
2025-03-27 11:05:00,12.45,12.45,12.45,12.45,4000,49800.0,12.272499999999999,12.2875,,0.07099073842714532,0.028541274620954852,0.04244946380619047
2025-03-27 11:06:00,12.45,12.6,12.45,12.6,6000,75450.0,12.275,12.285,,0.083656464453572,0.039564312587478286,0.044092151866093714
2025-03-27 11:33:00,12.6,12.6,12.55,12.55,10000,125750.0,12.3025,12.283333333333333,,0.08863780027200185,0.049379010124383005,0.03925879014761885
2025-03-27 12:47:00,12.8,12.8,12.8,12.8,20,256.0,12.3375,12.285,,0.11147345777060735,0.061797899653627884,0.04967555811697947
2025-03-27 12:55:00,12.8,12.8,12.8,12.8,100,1280.0,12.372499999999999,12.286666666666665,,0.12809428960424896,0.07505717764375211,0.05303711196049685
2025-03-28 09:49:00,12.35,12.5,12.35,12.5,2000,24850.0,12.395,12.29,,0.11572492197737994,0.08319072651047768,0.032534195466902255
2025-03-28 09:50:00,12.35,12.4,12.3,12.3,5000,61850.0,12.3875,12.290000000000001,,0.08876060415395237,0.08430470203917263,0.004455902114779739
2025-03-28 09:55:00,12.7,12.7,12.7,12.7,40,508.0,12.4,12.298333333333334,,0.09853202796154825,0.08715016722364777,0.011381860737900484
2025-03-28 12:04:00,12.3,12.3,12.3,12.3,4000,49200.0,12.4125,12.298333333333336,,0.07315599897883018,0.08435133357468426,-0.011195334595854076
2025-03-28 12:10:00,12.4,12.4,12.4,12.4,5000,62000.0,12.430000000000001,12.3,,0.060418015912569345,0.07956467004226128,-0.019146654129691937
2025-03-28 12:12:00,12.3,12.3,12.3,12.3,2000,24600.0,12.442499999999999,12.3,,0.0417723825167009,0.07200621253714921,-0.030233830020448313
2025-03-28 12:49:00,12.5,12.5,12.5,12.5,1,12.5,12.4625,12.296666666666665,,0.04264235724680887,0.06613344147908115,-0.02349108423227228
2025-03-31 09:01:00,12.5,12.5,12.5,12.5,30,375.0,12.48,12.292499999999999,,0.04283800858865838,0.0614743549009966,-0.018636346312338216
2025-03-31 09:42:00,12.0,12.5,12.0,12.5,6000,72500.0,12.4825,12.295833333333333,,0.042503114240986406,0.057680106768994564,-0.015176992528008158
2025-03-31 09:43:00,11.9,11.9,11.9,11.9,5000,59500.0,12.477500000000001,12.289166666666665,,-0.0061068801449888355,0.044922709386197884,-0.05102958953118672
2025-03-31 09:45:00,11.8,11.8,11.7,11.7,10000,117500.0,12.44,12.279166666666667,,-0.06007645512092452,0.0239228764847734,-0.08399933160569792
2025-03-31 09:50:00,12.0,12.0,12.0,12.0,1,12.0,12.425,12.265833333333335,,-0.07774405470396673,0.003589490247025371,-0.0813335449509921
2025-03-31 09:51:00,12.0,12.0,12.0,12.0,11,132.0,12.4,12.263333333333332,,-0.09070021899030678,-0.015268451600441066,-0.07543176738986572
2025-03-31 10:04:00,12.0,12.0,12.0,12.0,50,600.0,12.3675,12.258333333333333,,-0.09981743922123165,-0.03217824912459919,-0.06763919009663247
2025-03-31 11:32:00,12.0,12.0,12.0,12.0,1000,12000.0,12.34,12.255833333333333,,-0.10582303980567431,-0.046907207260814224,-0.05891583254486009
2025-03-31 12:31:00,12.0,12.0,12.0,12.0,5000,60000.0,12.317499999999999,12.251666666666667,,-0.1093223218576096,-0.05939023018017331,-0.049932091677436286
2025-03-31 12:32:00,12.0,12.0,12.0,12.0,3000,36000.0,12.2875,12.249166666666667,,-0.11081808617602285,-0.06967580137934323,-0.04114228479667961
2025-03-31 12:43:00,12.2,12.2,12.2,12.2,20,244.0,12.27,12.250833333333334,,-0.09477268135899664,-0.07469517737527392,-0.02007750398372271
2025-03-31 14:01:00,12.0,12.0,12.0,12.0,1000,12000.0,12.23,12.250833333333334,,-0.09707588046874704,-0.07917131799396855,-0.017904562474778493
2025-03-31 14:51:00,12.0,12.0,12.0,12.0,4000,48000.0,12.190000000000001,12.249166666666667,,-0.09777410335355796,-0.08289187506588644,-0.014882228287671523
2025-04-01 09:20:00,12.2,12.2,12.2,12.2,16,195.2,12.175,12.2525,,-0.08125249347520835,-0.08256399874775083,0.0013115052725424792
2025-04-01 11:12:00,12.15,12.15,12.15,12.15,10,121.5,12.1675,12.254999999999999,12.798125,-0.07137086184341968,-0.08032537136688461,0.008954509523464937
2025-04-01 11:15:00,12.15,12.15,12.15,12.15,100,1215.0,12.14,12.254166666666666,12.793541666666666,-0.0628154996035164,-0.07682339701421098,0.01400789741069458
2025-04-01 13:23:00,11.9,11.9,11.9,11.9,1000,11900.0,12.12,12.249166666666667,12.787916666666666,-0.07533975411213056,-0.07652666843379491,0.0011869143216643452
2025-04-01 13:29:00,12.15,12.15,12.15,12.15,1,12.15,12.1075,12.248333333333333,12.783333333333333,-0.06435061172422252,-0.07409145709188043,0.009740845367657916
2025-04-02 09:06:00,11.9,11.9,11.9,11.9,2000,23800.0,12.0875,12.243333333333334,12.778333333333334,-0.07495056429107194,-0.07426327853171874,-0.0006872857593532011
2025-04-02 09:17:00,12.15,12.15,12.15,12.15,1,12.15,12.07,12.2425,12.776458333333334,-0.06245821312377409,-0.07190226545012982,0.009444052326355729
2025-04-02 10:20:00,12.0,12.0,12.0,12.0,1000,12000.0,12.045,12.241666666666667,12.773958333333333,-0.06392479589625921,-0.0703067715393557,0.006381975643096491
2025-04-02 10:36:00,12.15,12.15,12.15,12.15,1,12.15,12.0275,12.235000000000001,12.772083333333333,-0.05237952837561188,-0.06672132290660694,0.014341794530995058
2025-04-02 11:33:00,12.15,12.15,12.15,12.15,1000,12150.0,12.040000000000001,12.236666666666668,12.768541666666666,-0.042737173157247454,-0.06192449295673504,0.01918731979948759
2025-04-02 12:23:00,12.15,12.15,12.0,12.0,4000,48450.0,12.055000000000001,12.235833333333334,12.766041666666666,-0.046661399948678906,-0.05887187435512382,0.012210474406444911
2025-04-02 13:17:00,12.3,12.3,12.0,12.0,3224,38705.2,12.055000000000001,12.235000000000001,12.761249999999999,-0.04920418276254068,-0.056938336036607196,0.007734153274066513
2025-04-02 15:00:00,12.3,12.3,12.3,12.3,20,246.0,12.07,12.230833333333333,12.759375,-0.026704036250938756,-0.050891476079473516,0.02418743982853476
2025-04-07 09:03:00,11.5,11.5,11.5,11.5,1,11.5,12.045,12.213333333333333,12.754166666666666,-0.07258906042744684,-0.05523099294906819,-0.017358067478378647
2025-04-07 09:06:00,11.25,11.25,11.25,11.25,1000,11250.0,12.0075,12.199166666666665,12.746458333333333,-0.12765465981037138,-0.06971572632132884,-0.05793893348904254
2025-04-07 09:08:00,11.5,11.5,11.5,11.5,4000,46000.0,11.9825,12.190833333333332,12.74125,-0.14939944958606688,-0.08565247097427646,-0.06374697861179042
2025-04-07 09:18:00,11.4,11.4,11.4,11.4,3000,34200.0,11.9525,12.171666666666665,12.735208333333334,-0.17271061591566017,-0.10306409996255321,-0.06964651595310696
2025-04-07 09:19:00,11.4,11.4,11.4,11.4,204,2325.6,11.9125,12.161666666666667,12.729583333333332,-0.18900613807084277,-0.12025250758421113,-0.06875363048663163
2025-04-07 09:22:00,11.4,11.4,11.4,11.4,600,6840.0,11.8825,12.15,12.7225,-0.19961936895391474,-0.1361258798581519,-0.06349348909576286
2025-04-07 09:50:00,11.4,11.4,11.4,11.4,159,1812.6,11.8525,12.138333333333332,12.716875,-0.20565971373071257,-0.15003264663266402,-0.055627067098048544
2025-04-07 09:57:00,11.4,11.5,11.4,11.4,3000,34300.0,11.8125,12.1275,12.711250000000001,-0.20804847714489583,-0.1616358127351104,-0.04641266440978542
2025-04-07 10:08:00,11.5,11.5,11.5,11.5,3000,34500.0,11.78,12.111666666666666,12.704583333333334,-0.199571884653027,-0.16922302711869375,-0.03034885753433325
2025-04-07 10:11:00,11.5,11.5,11.5,11.5,1000,11500.0,11.747499999999999,12.095833333333333,12.698125000000001,-0.19065635623692856,-0.17350969294234073,-0.017146663294587833
2025-04-07 10:39:00,11.5,11.5,11.5,11.5,6000,69000.0,11.727500000000001,12.086666666666666,12.69125,-0.18149853361719792,-0.17510746107731218,-0.006391072539885745
2025-04-07 10:50:00,11.4,11.4,11.4,11.4,1000,11400.0,11.690000000000001,12.075833333333334,12.684166666666668,-0.18023244997264953,-0.17613245885637965,-0.00409999111626988
2025-04-07 11:30:00,11.45,11.55,11.45,11.55,10000,115000.0,11.672500000000001,12.0675,12.678125,-0.16522076109387918,-0.17395011930387957,0.008729358210000399
2025-04-07 11:31:00,11.4,11.4,11.4,11.4,2000,22800.0,11.635,12.055833333333334,12.671041666666667,-0.16354242066218738,-0.17186857957554116,0.008326158913353782
2025-04-07 11:46:00,11.45,11.45,11.45,11.45,3000,34350.0,11.6075,12.044166666666667,12.664375,-0.1563751463037466,-0.16876989292118227,0.01239474661743567
2025-04-07 12:23:00,11.45,11.45,11.45,11.45,1000,11450.0,11.5725,12.0275,12.657916666666667,-0.1489777074608103,-0.1648114558291079,0.015833748368297595
2025-04-07 13:55:00,11.45,11.45,11.45,11.45,2000,22900.0,11.5375,12.018333333333334,12.650625,-0.14148424161544604,-0.16014601298637554,0.018661771370929503
2025-04-07 14:33:00,11.95,11.95,11.95,11.95,20,239.0,11.535,12.009999999999998,12.64375,-0.09411489671309425,-0.14693978973171928,0.05282489301862503
2025-04-07 14:51:00,11.95,11.95,11.95,11.95,83,991.85,11.532499999999999,12.004166666666666,12.639166666666666,-0.05592962766778342,-0.1287377573189321,0.07280812965114869
2025-04-08 09:08:00,11.45,11.45,11.45,11.45,1,11.45,11.49,11.986666666666668,12.632499999999999,-0.06526105926485215,-0.11604241770811612,0.050781358443263966
2025-04-08 09:16:00,11.95,11.95,11.95,11.95,2000,23900.0,11.5125,11.975,12.627708333333334,-0.03194225431503028,-0.09922238502949896,0.06728013071446867
2025-04-08 09:28:00,11.95,12.0,11.8,12.0,9000,107650.0,11.55,11.965833333333332,12.623333333333333,-0.0014851592226765575,-0.07967493986813448,0.07818978064545792
2025-04-08 09:48:00,11.7,11.7,11.7,11.7,5000,58500.0,11.559999999999999,11.953333333333335,12.617708333333333,-0.001537461807753715,-0.06404744425605832,0.06250998244830461
2025-04-08 10:30:00,11.95,11.95,11.95,11.95,20,239.0,11.5875,11.942499999999999,12.612916666666669,0.018382101246814386,-0.04756153515548378,0.06594363640229817
2025-04-08 11:07:00,11.95,11.95,11.85,11.9,11000,131100.0,11.6125,11.931666666666668,12.608125,0.029790509895667228,-0.03209112614525358,0.061881636040920805
2025-04-08 11:50:00,11.95,11.95,11.8,11.8,10000,118750.0,11.632499999999999,11.915,12.602708333333334,0.03041202083656458,-0.019590496748889945,0.05000251758545453
2025-04-08 13:13:00,11.95,11.95,11.95,11.95,1,11.95,11.66,11.900833333333335,12.597916666666666,0.04251819583200067,-0.007168758232711819,0.04968695406471249
2025-04-08 14:59:00,11.95,11.95,11.95,11.95,200,2390.0,11.6875,11.891666666666667,12.592916666666667,0.05151855292712071,0.00456870399925469,0.04694984892786602
2025-04-09 10:06:00,11.85,11.85,11.85,11.85,5000,59250.0,11.705,11.884166666666665,12.586041666666667,0.05000580076347383,0.013656123352098523,0.036349677411375306
2025-04-09 10:50:00,11.85,11.85,11.85,11.85,2000,23700.0,11.7225,11.870000000000001,12.580416666666666,0.048250729401461356,0.020575044561971095,0.02767568483949026
2025-04-09 10:55:00,11.45,11.45,11.45,11.45,5000,57250.0,11.72,11.855833333333331,12.573541666666667,0.014416975731190718,0.01934343079581502,-0.004926455064624302
2025-04-09 11:18:00,11.4,11.4,11.4,11.4,2000,22800.0,11.72,11.839166666666667,12.566458333333333,-0.01624385094049252,0.012225974448553511,-0.028469825389046032
2025-04-09 11:24:00,11.4,11.45,11.4,11.45,12000,137000.0,11.715,11.825,12.559583333333334,-0.03609214704115615,0.002562350150611576,-0.03865449719176773
2025-04-09 11:56:00,11.4,11.4,11.4,11.4,2000,22800.0,11.715,11.806666666666667,12.552291666666667,-0.0552201038477218,-0.008994140649055104,-0.046225963198666696
2025-04-09 12:04:00,11.4,11.4,11.4,11.4,50,570.0,11.7125,11.788333333333334,12.547083333333331,-0.06957710586022259,-0.021110733691288606,-0.048466372168933985
2025-04-09 12:52:00,11.35,11.35,11.35,11.35,20,227.0,11.7075,11.769166666666667,12.539583333333333,-0.08402117175663726,-0.03369282130435834,-0.05032835045227892
2025-04-09 12:57:00,11.35,11.35,11.3,11.3,10000,113250.0,11.7,11.759166666666667,12.532499999999999,-0.09836884535822321,-0.046628026115131324,-0.05174081924309189
2025-04-09 13:56:00,11.1,11.25,11.1,11.25,10000,111750.0,11.665,11.751666666666667,12.525208333333332,-0.11247749167929122,-0.05979791922796331,-0.052679572451327907
2025-04-10 09:09:00,11.75,11.75,11.75,11.75,20,235.0,11.655,11.7475,12.52,-0.08236343975390703,-0.06431102333315206,-0.018052416420754974
2025-04-10 09:15:00,11.75,11.75,11.75,11.75,9000,105750.0,11.669999999999998,11.743333333333334,12.514166666666666,-0.05783119463001185,-0.06301505759252402,0.005183862962512165
2025-04-10 09:40:00,11.5,11.75,11.5,11.75,10000,116250.0,11.66,11.739166666666668,12.508541666666666,-0.03795172970812111,-0.05800239201564343,0.020050662307522324
2025-04-10 09:48:00,12.05,12.05,12.05,12.05,20,241.0,11.6625,11.74,12.503958333333335,0.0019874719189125756,-0.04600441922873223,0.04799189114764481
2025-04-10 10:24:00,12.05,12.05,12.05,12.05,7,84.35,11.680000000000001,11.740833333333335,12.497916666666667,0.0332562199523565,-0.030152291392514484,0.063408511344871
2025-04-10 10:34:00,11.55,11.55,11.55,11.55,2000,23100.0,11.66,11.733333333333333,12.491458333333332,0.017489498673622705,-0.020623933379287047,0.03811343205290975
2025-04-10 10:47:00,11.7,11.7,11.7,11.7,7000,81900.0,11.65,11.725,12.485416666666667,0.01690315580513513,-0.013118515542402611,0.03002167134753774
2025-04-10 10:49:00,11.7,11.7,11.7,11.7,1000,11700.0,11.645,11.719999999999999,12.479583333333332,0.016251141810673886,-0.0072445840717873106,0.023495725882461196
2025-04-10 10:55:00,11.8,11.8,11.75,11.75,15000,176750.0,11.635,11.715833333333332,12.474375,0.019543710426450644,-0.001886925172139718,0.02143063559859036
2025-04-10 12:49:00,11.8,11.8,11.8,11.8,3000,35400.0,11.627500000000001,11.709166666666668,12.469583333333333,0.025889241843826127,0.0036683082310534527,0.022220933612772675
2025-04-10 13:15:00,11.8,11.85,11.8,11.85,7000,82850.0,11.627500000000001,11.704166666666667,12.465625,0.034554381935784306,0.009845522971999626,0.02470885896378468
2025-04-10 13:16:00,11.85,11.85,11.8,11.8,8000,94650.0,11.625,11.698333333333332,12.461875,0.03696092323964173,0.015268603025528049,0.02169232021411368
2025-04-10 13:22:00,11.8,11.85,11.8,11.85,10000,118250.0,11.645,11.6975,12.458333333333334,0.04241378695900089,0.02069763981222262,0.021716147146778268
2025-04-10 13:23:00,11.8,11.85,11.8,11.85,20000,236500.0,11.6675,11.692499999999999,12.453125,0.04620262563417121,0.025798636976612343,0.02040398865755887
2025-04-10 13:24:00,11.8,11.85,11.8,11.85,20000,236500.0,11.6875,11.691666666666666,12.450208333333334,0.048644563335404456,0.030367822248370768,0.01827674108703369
2025-04-10 13:25:00,11.8,11.85,11.8,11.85,20000,236500.0,11.709999999999999,11.686666666666667,12.445,0.050003408390944415,0.0342949394768855,0.015708468914058915
2025-04-10 13:35:00,11.8,11.85,11.8,11.85,11000,130050.0,11.732499999999998,11.684166666666668,12.439583333333333,0.05049819117358645,0.03753558981622569,0.012962601357360756
2025-04-10 13:44:00,11.85,11.85,11.8,11.8,22000,260150.0,11.754999999999999,11.678333333333333,12.435833333333333,0.04632175955137008,0.039292823763254575,0.0070289357881155035
2025-04-10 13:48:00,11.8,12.0,11.8,11.85,11000,131050.0,11.7825,11.673333333333334,12.432291666666666,0.04651034720270353,0.04073632845114437,0.005774018751559161
2025-04-10 13:49:00,11.8,11.8,11.8,11.8,1000,11800.0,11.81,11.669999999999998,12.427291666666667,0.042139464625398304,0.04101695568599516,0.0011225089394031468
2025-04-10 13:50:00,11.8,11.85,11.8,11.85,10000,118250.0,11.815000000000001,11.667499999999999,12.422083333333335,0.0422233661430127,0.04125823777739867,0.0009651283656140278
2025-04-10 13:52:00,11.85,11.85,11.8,11.8,30000,354750.0,11.8175,11.659166666666668,12.416458333333333,0.037819319000057305,0.0405704540219304,-0.0027511350218730954
2025-04-10 13:53:00,11.8,11.85,11.8,11.85,20000,236500.0,11.822500000000002,11.665,12.411666666666667,0.03792646931241883,0.04004165708002809,-0.0021151877676092584
2025-04-10 13:54:00,11.85,11.85,11.8,11.8,10000,118250.0,11.809999999999999,11.674166666666668,12.406041666666665,0.03358960452237092,0.038751246568496656,-0.005161642046125736
2025-04-10 13:55:00,11.8,11.85,11.8,11.85,10000,118250.0,11.8,11.680000000000001,12.4025,0.03379759245572167,0.037760515745941664,-0.003962923290219994
2025-04-10 13:58:00,11.8,11.85,11.8,11.85,20000,236500.0,11.815000000000001,11.6875,12.398958333333333,0.03357538821597039,0.03692349023994741,-0.0033481020239770204
2025-04-10 13:59:00,11.8,11.85,11.8,11.85,10000,118250.0,11.8225,11.694999999999999,12.39375,0.033018671068404615,0.03614252640563886,-0.0031238553372342423
2025-04-10 14:00:00,11.8,11.85,11.8,11.85,30000,354750.0,11.83,11.702499999999999,12.388541666666667,0.03220621551326097,0.03535526422716328,-0.003149048713902307
2025-04-10 14:01:00,11.8,11.85,11.8,11.85,19000,224700.0,11.834999999999999,11.71,12.383333333333333,0.031202653861646112,0.034524742154059845,-0.003322088292413733
2025-04-10 14:03:00,11.8,11.85,11.8,11.85,20000,236500.0,11.8375,11.717500000000001,12.378125,0.03006080181138593,0.033631954085525065,-0.003571152274139136
2025-04-10 14:05:00,11.8,11.8,11.8,11.8,5000,59000.0,11.834999999999999,11.7225,12.372708333333332,0.024835011153147235,0.0318725654990495,-0.007037554345902267
2025-04-10 14:06:00,11.8,11.85,11.8,11.85,20000,236500.0,11.837499999999999,11.728333333333333,12.3675,0.024446314641316746,0.03038731532750295,-0.0059410006861862034
2025-04-10 14:09:00,11.8,11.85,11.8,11.85,15000,177500.0,11.8375,11.734166666666669,12.362083333333333,0.02386318985693414,0.02908249023338919,-0.005219300376455047
2025-04-10 14:10:00,11.8,11.85,11.8,11.85,10000,118250.0,11.8375,11.741666666666665,12.354375000000001,0.0231343805260682,0.027892868291924992,-0.004758487765856793
2025-04-10 14:12:00,11.8,11.8,11.8,11.8,3000,35400.0,11.834999999999999,11.745833333333334,12.348958333333334,0.01831113241189719,0.025976521115919436,-0.007665388704022245
2025-04-10 14:30:00,11.85,11.85,11.8,11.8,10000,118250.0,11.8325,11.7525,12.343124999999999,0.014323560443113337,0.02364592898135822,-0.009322368538244884
2025-04-10 14:40:00,11.85,11.85,11.8,11.8,10000,118250.0,11.830000000000002,11.758333333333333,12.3375,0.011036162912663627,0.021123975767619305,-0.010087812854955677
2025-04-10 14:45:00,11.8,11.85,11.8,11.8,18000,212800.0,11.83,11.764166666666666,12.331875,0.00833479831857531,0.018566140277810506,-0.010231341959235196
2025-04-11 09:19:00,11.8,11.8,11.8,11.8,5000,59000.0,11.8275,11.77,12.326041666666667,0.00612336112014944,0.01607758444627829,-0.009954223326128851
2025-04-11 10:00:00,11.95,11.95,11.95,11.95,20,239.0,11.834999999999999,11.770000000000001,12.320833333333333,0.016286783701094265,0.016119424297241485,0.00016735940385277995
2025-04-11 11:27:00,11.75,11.75,11.75,11.75,1000,11750.0,11.83,11.766666666666667,12.315208333333334,0.008109558843557352,0.014517451206504658,-0.006407892362947306
2025-04-11 12:34:00,11.8,11.8,11.8,11.8,7,82.6,11.83,11.772499999999999,12.309583333333334,0.005599088555216625,0.012733778676247053,-0.007134690121030428
2025-04-11 13:42:00,11.95,11.95,11.95,11.95,26,310.7,11.834999999999999,11.7725,12.303958333333332,0.015534200567902445,0.013293863054578133,0.002240337513324312
2025-04-14 09:31:00,12.2,12.2,12.2,12.2,20,244.0,11.855,11.775833333333335,12.299791666666666,0.04308411225214748,0.019251912894092005,0.023832199358055473
2025-04-14 10:51:00,11.75,11.75,11.75,11.75,3000,35250.0,11.85,11.776666666666667,12.29375,0.028280377962227377,0.02105760590771908,0.007222772054508296
2025-04-14 11:02:00,12.05,12.05,12.05,12.05,2000,24100.0,11.86,11.778333333333334,12.288958333333333,0.040291351063006076,0.024904354938776484,0.015386996124229592
2025-04-14 11:22:00,11.75,11.75,11.75,11.75,1000,11750.0,11.855,11.775833333333333,12.282916666666667,0.025310872996076483,0.024985658550236486,0.0003252144458399976
2025-04-14 11:53:00,11.95,11.95,11.95,11.95,20,239.0,11.860000000000001,11.778333333333334,12.275208333333332,0.02924000416297723,0.025836527672784635,0.003403476490192594
2025-04-14 12:05:00,11.75,11.85,11.75,11.85,3300,38805.0,11.860000000000001,11.776666666666666,12.268958333333334,0.024007955884510324,0.025470813315129775,-0.0014628574306194513
2025-04-14 12:06:00,11.8,11.8,11.8,11.8,5000,59000.0,11.857499999999998,11.774166666666668,12.2625,0.015646573832912125,0.02350596541868625,-0.007859391585774124
2025-04-14 12:07:00,11.8,11.8,11.8,11.8,2000,23600.0,11.8575,11.773333333333333,12.256666666666666,0.008917324945389993,0.020588237324027,-0.011670912378637006
2025-04-14 13:15:00,11.95,11.95,11.95,11.95,20,239.0,11.8625,11.775,12.251249999999999,0.015509311430104589,0.019572452145242517,-0.004063140715137928
2025-04-15 09:25:00,11.95,11.95,11.95,11.95,20,239.0,11.8675,11.783333333333333,12.245833333333334,0.020497228916076082,0.01975740749940923,0.0007398214166668519
2025-04-15 09:28:00,11.9,11.9,11.9,11.9,500,5950.0,11.870000000000001,11.791666666666666,12.238124999999998,0.020182950833403268,0.019842516166208038,0.0003404346671952302
2025-04-15 11:16:00,11.8,11.8,11.75,11.75,5000,58850.0,11.867500000000001,11.796666666666669,12.230833333333331,0.007740904462874454,0.017422193825541322,-0.009681289362666868
2025-04-15 11:44:00,11.75,11.75,11.75,11.75,10,117.5,11.865,11.802500000000002,12.223958333333334,-0.002095353000793665,0.013518684460274323,-0.015614037461067988
2025-04-15 11:46:00,11.95,11.95,11.95,11.95,13,155.35,11.872499999999999,11.811666666666666,12.218333333333334,0.006176472097441987,0.012050241987707856,-0.005873769890265869
2025-04-15 13:21:00,11.75,11.8,11.75,11.8,7000,82500.0,11.8725,11.819166666666668,12.21125,0.0006210476348638139,0.009764403117139048,-0.009143355482275234
2025-04-16 09:25:00,11.95,11.95,11.95,11.95,20,239.0,11.879999999999999,11.83,12.205625,0.00822724160136623,0.009456970813984486,-0.0012297292126182552
2025-04-16 10:39:00,11.75,11.8,11.75,11.8,6500,76450.0,11.8725,11.839166666666667,12.199375,0.0021269406737047802,0.007990964785928544,-0.005864024112223764
2025-04-16 11:07:00,11.8,11.8,11.75,11.75,10000,117750.0,11.8725,11.839166666666667,12.192916666666665,-0.006665340003785047,0.005059703827985825,-0.011725043831770872
2025-04-16 13:40:00,11.9,11.9,11.9,11.9,20,238.0,11.877500000000001,11.841666666666667,12.185416666666667,-0.0015121087396892108,0.003745341314450818,-0.005257450054140029
2025-04-17 09:52:00,11.9,11.9,11.9,11.9,14,166.6,11.875,11.844166666666666,12.179583333333333,0.002542555170810701,0.003504784085722795,-0.0009622289149120943
2025-04-17 11:02:00,11.7,11.7,11.4,11.45,13000,149950.0,11.8375,11.834166666666668,12.171458333333332,-0.030207124730264212,-0.0032375976774746086,-0.026969527052789603
2025-04-17 11:04:00,11.3,11.3,11.3,11.3,133,1502.9,11.815,11.821666666666665,12.161666666666667,-0.0674872770774666,-0.01608753355747301,-0.05139974351999359
2025-04-17 12:32:00,11.3,11.3,11.3,11.3,13,146.9,11.7775,11.817499999999999,12.152500000000002,-0.09592628786712787,-0.03205528441940399,-0.06387100344772388
2025-04-18 09:09:00,11.85,11.85,11.85,11.85,20,237.0,11.7825,11.819999999999999,12.145625,-0.07323974318252979,-0.040292176172029154,-0.03294756701050064
2025-04-18 09:58:00,11.85,11.85,11.85,11.85,1000,11850.0,11.7775,11.8225,12.138125,-0.054630743863457454,-0.04315988971031482,-0.011470854153142633
2025-04-18 11:56:00,11.8,11.8,11.8,11.8,1,11.8,11.775,11.823333333333332,12.132083333333334,-0.043417074951207724,-0.04321132675849341,-0.00020574819271431538
2025-04-18 11:57:00,11.8,11.8,11.8,11.8,1,11.8,11.775,11.823333333333332,12.124791666666665,-0.03413665543361866,-0.04139639249351846,0.007259737059899803
2025-04-18 11:59:00,11.8,11.8,11.75,11.75,9000,105950.0,11.7725,11.821666666666667,12.116874999999999,-0.030465253755350474,-0.039210164745884866,0.008744910990534392
2025-04-18 13:59:00,11.75,11.75,11.75,11.75,1,11.75,11.7625,11.820833333333333,12.110000000000001,-0.027241617070034252,-0.03681645521071474,0.00957483814068049
2025-04-21 09:16:00,11.85,11.85,11.85,11.85,20,237.0,11.7575,11.820833333333333,12.103541666666667,-0.016428322036587062,-0.03273882857588921,0.016310506539302147
2025-04-21 11:34:00,11.35,11.35,11.35,11.35,100,1135.0,11.73,11.8125,12.094375000000001,-0.04765518977916905,-0.03572210081654518,-0.011933088962623871
2025-04-21 12:47:00,11.35,11.35,11.35,11.35,100,1135.0,11.709999999999999,11.804166666666667,12.085208333333334,-0.07157760536348157,-0.04289320172593246,-0.028684403637549108
2025-04-21 14:56:00,11.85,11.85,11.85,11.85,50,592.5,11.715,11.804166666666667,12.078333333333335,-0.04961849956359288,-0.044238261293464545,-0.005380238270128332
2025-04-22 10:23:00,11.35,11.35,11.35,11.35,1000,11350.0,11.684999999999999,11.795833333333333,12.069375,-0.07173465884213748,-0.049737540803199136,-0.02199711803893834
2025-04-22 10:27:00,11.85,11.85,11.85,11.85,20,237.0,11.6875,11.796666666666669,12.062291666666665,-0.04835860518469559,-0.049461753679498434,0.0011031484948028428
2025-04-22 11:15:00,11.3,11.3,11.3,11.3,1000,11300.0,11.655,11.7875,12.051250000000001,-0.07336758188970371,-0.05424291932153949,-0.019124662568164225
2025-04-22 13:20:00,11.85,11.85,11.85,11.85,16,189.6,11.657499999999999,11.788333333333334,12.044166666666666,-0.04825076783365034,-0.053044489023961666,0.004793721190311323
2025-04-22 13:47:00,11.85,11.85,11.85,11.85,50,592.5,11.6625,11.788333333333334,12.037083333333332,-0.028022485962567956,-0.048040088411682925,0.02001760244911497
2025-04-22 14:59:00,11.85,11.85,11.85,11.85,100,1185.0,11.66,11.789166666666665,12.029791666666666,-0.011854772405881064,-0.04080302521052256,0.028948252804641493
2025-04-23 09:15:00,11.85,11.85,11.85,11.85,20,237.0,11.6575,11.789166666666667,12.023541666666667,0.0009473367613921369,-0.03245295281613962,0.03340028957753176
2025-04-23 09:19:00,11.4,11.4,11.4,11.4,3000,34200.0,11.655,11.782499999999999,12.013541666666667,-0.024930752486589824,-0.03094851275022966,0.006017760263639836
2025-04-23 09:46:00,11.45,11.45,11.4,11.4,2000,22850.0,11.66,11.775,12.004583333333333,-0.044921497595559856,-0.03374310971929571,-0.01117838787626415
2025-04-23 10:44:00,11.8,11.8,11.8,11.8,2000,23600.0,11.684999999999999,11.774166666666668,11.998541666666666,-0.02816300447472564,-0.03262708867038169,0.004464084195656054
2025-04-23 11:07:00,11.8,11.8,11.75,11.75,10000,117750.0,11.68,11.7725,11.992083333333333,-0.018700789015669628,-0.029841828739439278,0.01114103972376965
2025-04-23 13:25:00,11.8,11.8,11.8,11.8,1000,11800.0,11.6775,11.771666666666667,11.985833333333336,-0.007085653952129789,-0.025290593781977382,0.018204939829847593
2025-04-24 09:14:00,11.85,11.85,11.85,11.85,20,237.0,11.68,11.771666666666667,11.979791666666667,0.006083875273743544,-0.0190156999708332,0.025099575244576743
2025-04-24 11:03:00,11.8,11.8,11.75,11.75,4000,47100.0,11.677499999999998,11.77,11.973333333333333,0.00835534261283577,-0.013541491454099405,0.021896834066935177
2025-04-24 11:19:00,11.85,11.85,11.85,11.85,100,1185.0,11.6825,11.770833333333334,11.967291666666666,0.018016972663541964,-0.00722979863057113,0.025246771294113093
2025-04-24 11:26:00,11.3,11.3,11.3,11.3,3000,33900.0,11.66,11.761666666666665,11.961666666666668,-0.0184933396632605,-0.009482506837109005,-0.009010832826151494
2025-04-24 12:50:00,11.85,11.85,11.85,11.85,2000,23700.0,11.66,11.761666666666665,11.958958333333333,-0.0030128910342579474,-0.008188583676538793,0.005175692642280846
2025-04-24 13:46:00,11.85,11.85,11.85,11.85,1000,11850.0,11.684999999999999,11.761666666666667,11.956875,0.009150000524469348,-0.004720866836337164,0.013870867360806512
2025-04-25 09:30:00,11.85,11.85,11.85,11.85,20,237.0,11.709999999999999,11.7625,11.955625,0.01857505800752257,-6.168186756521588e-05,0.018636739875087786
2025-04-25 12:16:00,11.7,11.7,11.7,11.7,1000,11700.0,11.7025,11.760833333333332,11.953750000000001,0.013781868764816352,0.0027070282589110985,0.011074840505905254
2025-04-25 14:48:00,11.8,11.8,11.8,11.8,34,401.2,11.725,11.760833333333332,11.952291666666666,0.017846670711243462,0.005734956749377572,0.012111713961865889
2025-04-28 09:05:00,11.8,11.8,11.75,11.75,1014,11915.2,11.719999999999999,11.76,11.950416666666666,0.016839359749484473,0.007955837349398953,0.00888352240008552
2025-04-28 10:07:00,11.75,11.75,11.7,11.7,8000,93850.0,11.74,11.758333333333333,11.948333333333334,0.01186965048030686,0.008738599975580534,0.0031310505047263248
2025-04-28 10:17:00,11.8,11.8,11.8,11.8,100,1180.0,11.7375,11.755833333333333,11.948749999999999,0.015817944922059013,0.01015446896487623,0.005663475957182782
2025-04-28 10:18:00,11.8,11.8,11.8,11.8,300,3540.0,11.735,11.756666666666666,11.95,0.018731076522609413,0.011869790476422868,0.006861286046186545
2025-04-29 09:14:00,11.8,11.8,11.8,11.8,18,212.4,11.7325,11.756666666666668,11.949375,0.020799985024208212,0.013655829385979939,0.007144155638228273
2025-04-29 09:26:00,11.8,11.8,11.75,11.75,6000,70700.0,11.727500000000001,11.753333333333334,11.947499999999998,0.0181952838784607,0.014563720284476092,0.003631563593984607
2025-04-29 09:27:00,11.8,11.8,11.8,11.8,1000,11800.0,11.747499999999999,11.746666666666666,11.945208333333333,0.019935813933749102,0.015638139014330695,0.004297674919418407
2025-04-29 09:28:00,11.35,11.5,11.35,11.5,10000,114250.0,11.7525,11.7425,11.94,-0.002859335611923086,0.01193864408907994,-0.014797979701003026
2025-04-29 10:54:00,11.75,11.75,11.7,11.7,10000,117250.0,11.7475,11.736666666666668,11.935624999999998,-0.004731782286031105,0.008604558814057731,-0.013336341100088836
2025-04-29 13:15:00,11.75,11.75,11.7,11.7,6000,70400.0,11.745000000000001,11.735833333333334,11.931666666666667,-0.006144875466187472,0.005654671958008691,-0.011799547424196161
2025-04-29 14:59:00,11.85,11.85,11.8,11.8,15000,177500.0,11.745000000000001,11.733333333333333,11.927916666666667,0.000795235295409924,0.004682784625488937,-0.0038875493300790133
2025-04-29 15:00:00,11.8,11.8,11.8,11.8,3000,35400.0,11.7425,11.7325,11.924166666666668,0.006223581501272335,0.004990944000645617,0.001232637500626718
2025-04-30 09:04:00,11.8,11.8,11.8,11.8,1000,11800.0,11.745000000000001,11.7325,11.922083333333335,0.010405635292174864,0.006073882258951467,0.004331753033223397
2025-04-30 09:12:00,12.25,12.25,12.25,12.25,12,147.0,11.765,11.740000000000002,11.921875,0.049461026321601764,0.014751311071481529,0.03470971525012023
2025-04-30 11:04:00,12.35,12.35,12.35,12.35,16,197.6,11.817499999999999,11.746666666666666,11.922500000000001,0.08747352896492444,0.02929575465017012,0.05817777431475432
2025-04-30 11:12:00,12.35,12.35,12.35,12.35,1000,12350.0,11.8425,11.753333333333334,11.922708333333333,0.11625855492234294,0.046688314704604696,0.06957024021773825
2025-04-30 11:36:00,11.8,11.8,11.8,11.8,3000,35400.0,11.84,11.751666666666665,11.920625000000001,0.09361139799528218,0.05607293136274019,0.037538466632541984
2025-04-30 11:48:00,12.3,12.3,12.3,12.3,50,615.0,11.8625,11.760833333333332,11.920625,0.11468714230604249,0.06779577355140066,0.046891368754641824
2025-04-30 12:07:00,12.3,12.3,12.3,12.3,100,1230.0,11.8925,11.77,11.918958333333334,0.1298925016115522,0.08021511916343098,0.04967738244812121
2025-04-30 13:10:00,12.3,12.3,12.3,12.3,100,1230.0,11.9175,11.775833333333335,11.917083333333332,0.14032527597784572,0.09223715052631394,0.04808812545153178
2025-04-30 13:38:00,12.35,12.35,12.35,12.35,22,271.7,11.947500000000002,11.785,11.917291666666667,0.15088855759271702,0.10396743193959455,0.04692112565312247
2025-04-30 14:57:00,12.3,12.3,12.3,12.3,100,1230.0,11.977500000000001,11.790833333333333,11.917291666666667,0.15345650122154453,0.11386524579598456,0.03959125542555997
2025-05-02 09:55:00,12.35,12.35,12.35,12.35,1000,12350.0,12.004999999999999,11.8,11.917499999999999,0.15770823481995322,0.12263384360077831,0.03507439121917491
2025-05-05 09:05:00,12.35,12.35,12.35,12.35,5000,61750.0,12.0325,11.81,11.915625,0.15924212029084472,0.1299554989387916,0.02928662135205312
2025-05-05 09:12:00,12.35,12.35,12.35,12.35,2000,24700.0,12.059999999999999,11.817499999999999,11.916458333333335,0.1586291573943548,0.13569023062990423,0.022938926764450557
2025-05-05 09:16:00,12.3,12.3,12.3,12.3,3000,36900.0,12.0875,11.824166666666667,11.916458333333333,0.15235257213477738,0.13902269893087887,0.013329873203898501
2025-05-05 09:45:00,12.35,12.4,12.2,12.35,32000,394400.0,12.115,11.839166666666667,11.917291666666667,0.14968741192131851,0.1411556415289668,0.0085317703923517
2025-05-05 09:51:00,12.6,12.6,12.6,12.6,20,252.0,12.17,11.860833333333334,11.91875,0.16583650392591665,0.14609181400835677,0.01974468991755987
2025-05-05 10:11:00,12.3,12.35,12.3,12.35,3622,44711.7,12.202499999999999,11.878333333333334,11.919583333333332,0.15665603180500653,0.14820465756768672,0.008451374237319814
2025-05-05 10:18:00,12.6,12.6,12.6,12.6,20,252.0,12.2475,11.890833333333335,11.921666666666665,0.16762112023671705,0.15208795010149279,0.015533170135224261
2025-05-05 10:34:00,12.05,12.05,12.05,12.05,1000,12050.0,12.26,11.894166666666667,11.921875,0.1304271454155579,0.14775578916430582,-0.01732864374874793
2025-05-05 10:35:00,12.05,12.05,12.05,12.05,1000,12050.0,12.2725,11.898333333333335,11.921666666666665,0.09980021761646718,0.1381646748547381,-0.03836445723827092
2025-05-05 10:36:00,12.05,12.05,12.05,12.05,3000,36150.0,12.285,11.9025,11.921875,0.07466743694633493,0.12546522727305748,-0.05079779032672255
2025-05-05 10:41:00,12.55,12.55,12.55,12.55,12,150.6,12.3,11.915833333333333,11.924166666666668,0.09401164084356495,0.11917450998715896,-0.025162869143594016
2025-05-05 11:03:00,12.55,12.55,12.55,12.55,1000,12550.0,12.31,11.929166666666667,11.925625,0.10809599841725337,0.11695880767317786,-0.00886280925592449
2025-05-05 13:56:00,12.4,12.4,12.35,12.35,3000,37150.0,12.31,11.9375,11.92625,0.10194447231780934,0.11395594060210416,-0.012011468284294821
2025-05-05 13:58:00,12.4,12.4,12.3,12.3,8000,98900.0,12.335,11.953333333333335,11.926666666666668,0.09197453623057683,0.1095596597277987,-0.01758512349722187
2025-05-05 14:51:00,12.45,12.45,12.4,12.4,8000,99450.0,12.34,11.970833333333333,11.9275,0.09109239785761147,0.10586620735376126,-0.014773809496149787
2025-05-06 09:16:00,12.55,12.55,12.55,12.55,14,175.7,12.352500000000001,11.9825,11.928958333333332,0.10132898576645566,0.10495876303630015,-0.0036297772698444947
2025-05-06 09:37:00,12.05,12.05,12.05,12.05,2000,24100.0,12.34,11.994166666666667,11.928958333333332,0.06830831833587325,0.09762867409621477,-0.029320355760341518
2025-05-06 09:38:00,12.0,12.0,12.0,12.0,1000,12000.0,12.322500000000002,11.996666666666666,11.926666666666668,0.03767037868700562,0.08563701501437294,-0.04796663632736732
2025-05-06 13:29:00,12.0,12.0,12.0,12.0,2000,24000.0,12.307500000000001,12.008333333333333,11.926458333333333,0.013237002851713697,0.0711570125818411,-0.0579200097301274
2025-05-06 13:57:00,12.45,12.45,12.45,12.45,18,224.1,12.3125,12.018333333333334,11.928125,0.02984063143829019,0.06289373635313092,-0.03305310491484073
2025-05-07 09:25:00,12.05,12.05,12.05,12.05,3000,36150.0,12.297500000000001,12.021666666666667,11.928125,0.010600276268931452,0.05243504433629102,-0.04183476806735957
2025-05-07 09:26:00,12.05,12.05,12.05,12.05,1000,12050.0,12.2825,12.025000000000002,11.926041666666666,-0.00459487694089411,0.041029060080853996,-0.04562393702174811
2025-05-07 09:28:00,12.05,12.05,12.05,12.05,1000,12050.0,12.27,12.028333333333334,11.923958333333333,-0.016447548237016107,0.029533738417279975,-0.045981286654296086
2025-05-07 09:56:00,12.45,12.45,12.45,12.45,16,199.2,12.275,12.045833333333336,11.925416666666669,0.0063624391889511855,0.024899478571614217,-0.01853703938266303
2025-05-07 11:00:00,12.05,12.1,12.05,12.05,4000,48250.0,12.2475,12.056666666666667,11.925625,-0.007747826379752354,0.018370017581340905,-0.02611784396109326
2025-05-07 11:02:00,12.45,12.45,12.45,12.45,14,174.3,12.252500000000001,12.0675,11.925208333333334,0.013194248475304704,0.017334863760133667,-0.004140615284828963
2025-05-07 13:47:00,12.0,12.0,12.0,12.0,700,8400.0,12.2225,12.071666666666667,11.925208333333334,-0.0064459407234434,0.012578702863418252,-0.01902464358686165
2025-05-07 14:36:00,12.2,12.2,12.2,12.2,5000,61000.0,12.23,12.078333333333335,11.925625,-0.0058056793751841695,0.008901826415697768,-0.014707505790881937
2025-05-07 14:37:00,12.25,12.25,12.2,12.25,15000,183450.0,12.24,12.085,11.926250000000001,-0.0012492845368008432,0.006871604225198045,-0.008120888761998887
2025-05-07 14:55:00,12.25,12.25,12.25,12.25,1000,12250.0,12.25,12.093333333333334,11.927083333333334,0.0023347773398434413,0.005964238848127124,-0.003629461508283683
2025-05-08 10:37:00,12.05,12.05,12.05,12.05,1000,12050.0,12.225,12.096666666666668,11.925416666666669,-0.010838220076916372,0.002603747063118424,-0.013441967140034795
2025-05-08 10:38:00,12.05,12.1,12.05,12.1,6000,72400.0,12.202499999999999,12.110000000000001,11.923958333333333,-0.0170468280806233,-0.001326367965629922,-0.015720460114993378
2025-05-08 11:07:00,12.1,12.1,12.1,12.1,1000,12100.0,12.190000000000001,12.114166666666668,11.924166666666668,-0.02171685625354769,-0.005404465623213477,-0.01631239063033421
2025-05-08 11:47:00,12.1,12.1,12.1,12.1,1000,12100.0,12.18,12.118333333333334,11.924375,-0.0251282246938338,-0.009349217437337543,-0.01577900725649626
2025-05-08 12:30:00,12.1,12.1,12.1,12.1,1000,12100.0,12.165000000000001,12.1225,11.924583333333333,-0.027514587720338213,-0.01298229149393768,-0.014532296226400532
2025-05-08 13:13:00,12.05,12.05,12.05,12.05,100,1205.0,12.14,12.128333333333334,11.924375,-0.03305929279557418,-0.016997691754264983,-0.016061601041309197
2025-05-08 13:17:00,12.25,12.25,12.25,12.25,20,245.0,12.15,12.135833333333332,11.924791666666666,-0.02107227491667807,-0.0178126083867476,-0.003259666529930469
2025-05-08 13:21:00,12.2,12.2,12.2,12.2,30,366.0,12.16,12.143333333333334,11.92375,-0.015429200795983533,-0.017335926868594788,0.0019067260726112548
2025-05-08 13:52:00,12.05,12.05,12.05,12.05,300,3615.0,12.1625,12.149166666666668,11.923958333333333,-0.022797969495771397,-0.01842833539403011,-0.004369634101741286
2025-05-08 13:58:00,12.3,12.3,12.3,12.3,20,246.0,12.155,12.1575,11.923333333333336,-0.008368395462889922,-0.016416347407802075,0.008047951944912153
2025-05-08 14:00:00,12.05,12.05,12.05,12.05,50,602.5,12.155,12.161666666666667,11.922291666666666,-0.016910827255214755,-0.016515243377284612,-0.0003955838779301432
2025-05-08 14:01:00,12.05,12.05,12.05,12.05,50,602.5,12.155000000000001,12.165833333333332,11.920416666666666,-0.023410899716377997,-0.01789437464510329,-0.005516525071274706
2025-05-08 14:05:00,12.05,12.05,12.05,12.05,500,6025.0,12.155,12.170833333333333,11.917916666666665,-0.028236758200577583,-0.01996285135619815,-0.008273906844379432
2025-05-08 14:17:00,12.25,12.25,12.25,12.25,20,245.0,12.145,12.178333333333335,11.916666666666666,-0.015741499084773736,-0.01911858090191327,0.0033770818171395336
2025-05-08 14:45:00,12.2,12.2,12.1,12.1,3000,36500.0,12.147499999999999,12.188333333333334,11.915208333333334,-0.01773818782213965,-0.018842502285958546,0.001104314463818895
2025-05-09 09:26:00,12.3,12.3,12.3,12.3,16,196.8,12.14,12.198333333333332,11.913958333333333,-0.0031459845500219075,-0.01570319873877122,0.012557214188749312
2025-05-09 10:12:00,12.05,12.05,12.05,12.05,1000,12050.0,12.142500000000002,12.204166666666667,11.911875,-0.011620514925999359,-0.014886661976216848,0.0032661470502174886
2025-05-09 10:14:00,12.0,12.0,12.0,12.0,1000,12000.0,12.1325,12.2075,11.908541666666668,-0.02211628071998817,-0.016332585724971115,-0.005783694995017054
2025-05-09 10:39:00,12.3,12.35,12.3,12.35,10000,123250.0,12.1375,12.216666666666667,11.906666666666666,-0.0021671937412612863,-0.013499507328229148,0.011332313586967862
2025-05-09 11:01:00,12.0,12.0,12.0,12.0,1000,12000.0,12.125,12.22,11.904583333333333,-0.014433097746628931,-0.013686225411909106,-0.0007468723347198256
2025-05-09 11:37:00,12.0,12.0,12.0,12.0,2000,24000.0,12.1225,12.215833333333334,11.903333333333334,-0.023878656750873972,-0.01572471167970208,-0.00815394507117189
2025-05-09 13:02:00,12.0,12.0,12.0,12.0,1000,12000.0,12.117500000000001,12.21,11.900416666666667,-0.03100690204763623,-0.018781149753288914,-0.012225752294347317
2025-05-09 13:04:00,12.05,12.05,12.0,12.0,9000,108250.0,12.1125,12.204166666666667,11.899166666666668,-0.0362383546072369,-0.022272590724078514,-0.013965763883158386
2025-05-09 13:31:00,12.0,12.0,12.0,12.0,50,600.0,12.1075,12.207500000000001,11.8975,-0.03992409829800714,-0.025802892238864242,-0.014121206059142896
2025-05-09 13:35:00,12.0,12.0,12.0,12.0,3000,36000.0,12.102500000000001,12.202499999999999,11.89625,-0.042356813744646615,-0.02911367654002072,-0.013243137204625895
2025-05-09 13:40:00,12.35,12.35,12.35,12.35,14,172.9,12.1175,12.203333333333335,11.895624999999999,-0.01585986073281731,-0.026462913378580043,0.010603052645762733
2025-05-12 09:06:00,12.35,12.35,12.35,12.35,20,247.0,12.122499999999999,12.204166666666667,11.895,0.005080599441498634,-0.020154210814564307,0.02523481025606294
2025-05-12 09:34:00,12.0,12.0,12.0,12.0,2000,24000.0,12.1125,12.198333333333332,11.892916666666666,-0.006491183606449624,-0.017421605372941372,0.010930421766491748
2025-05-12 09:39:00,12.0,12.0,12.0,12.0,1000,12000.0,12.11,12.193333333333333,11.893333333333333,-0.015483421793796026,-0.017033968657112302,0.001550546863316276
2025-05-12 09:40:00,12.0,12.0,12.0,12.0,1000,12000.0,12.095,12.1875,11.894583333333333,-0.022352173401618103,-0.018097609606013462,-0.004254563795604641
2025-05-12 10:56:00,12.0,12.0,12.0,12.0,2000,24000.0,12.0925,12.181666666666667,11.894583333333333,-0.02747894832624631,-0.019973877350060034,-0.007505070976186277
2025-05-12 11:38:00,12.05,12.05,12.0,12.0,6000,72250.0,12.09,12.175833333333335,11.894583333333333,-0.031182501918747718,-0.02221560226379757,-0.008966899654950147
2025-05-12 12:07:00,12.0,12.0,12.0,12.0,1000,12000.0,12.0875,12.170833333333333,11.894583333333333,-0.03372879032405329,-0.02451823987584872,-0.009210550448204572
2025-05-12 12:11:00,11.95,11.95,11.95,11.95,3000,35850.0,12.0725,12.164166666666665,11.894375,-0.039327975937055726,-0.02748018708809012,-0.011847788848965604
2025-05-12 13:35:00,12.3,12.3,12.3,12.3,5000,61500.0,12.0825,12.159166666666668,11.895624999999999,-0.01534639228983714,-0.02505342812843953,0.009707035838602388
2025-05-12 13:40:00,12.25,12.25,12.25,12.25,2000,24500.0,12.08,12.1575,11.896666666666667,-0.00037111858002525366,-0.020116966218756676,0.019745847638731422
2025-05-12 13:42:00,12.35,12.35,12.3,12.3,13000,160450.0,12.0925,12.1525,11.897083333333335,0.015354478982704478,-0.013022677178464444,0.028377156161168923
2025-05-12 15:00:00,12.3,12.3,12.3,12.3,3000,36900.0,12.107499999999998,12.156666666666668,11.898333333333335,0.02750012403632418,-0.004918116935506717,0.032418240971830894
2025-05-13 09:09:00,12.45,12.45,12.45,12.45,20,249.0,12.1125,12.163333333333332,11.900208333333333,0.04866836304942801,0.005799179061480231,0.04286918398794778
2025-05-13 09:33:00,12.0,12.0,12.0,12.0,1000,12000.0,12.1125,12.1625,11.899375,0.02880110457765106,0.010399564164714398,0.01840154041293666
2025-05-13 09:35:00,12.0,12.0,12.0,12.0,1000,12000.0,12.1125,12.153333333333332,11.89875,0.012907370964974518,0.010901125524766424,0.002006245440208094
2025-05-13 09:41:00,12.0,12.0,12.0,12.0,1000,12000.0,12.1125,12.144166666666667,11.898125,0.0003079230238167696,0.008782485024576493,-0.008474562000759724
2025-05-13 09:54:00,12.0,12.0,12.0,12.0,1000,12000.0,12.1125,12.138333333333332,11.898541666666667,-0.009566948417530696,0.005112598336155055,-0.014679546753685751
2025-05-13 10:39:00,12.0,12.0,12.0,12.0,1000,12000.0,12.1125,12.133333333333333,11.897916666666667,-0.017194646003572345,0.0006511494682095736,-0.017845795471781917
2025-05-13 13:10:00,12.4,12.4,12.4,12.4,18,223.2,12.1325,12.133333333333333,11.9,0.008934019944726757,0.002307723563513011,0.006626296381213746
2025-05-14 09:24:00,12.4,12.4,12.4,12.4,16,198.4,12.135,12.130833333333333,11.901041666666666,0.029303384776646624,0.007706855806139735,0.021596528970506887
2025-05-14 11:28:00,12.0,12.0,12.0,12.0,2000,24000.0,12.1175,12.13,11.901041666666666,0.013019515231549761,0.008769387691221741,0.0042501275403280196
2025-05-14 11:56:00,12.0,12.0,12.0,12.0,1000,12000.0,12.1175,12.13,11.900416666666668,0.00011312723773748701,0.00703813560052489,-0.006925008362787403
2025-05-14 13:14:00,12.0,12.0,12.0,12.0,1000,12000.0,12.1175,12.13,11.899791666666667,-0.01000000440684623,0.0036305075990506652,-0.013630512005896895
2025-05-14 13:31:00,12.0,12.0,12.0,12.0,2000,24000.0,12.1175,12.1225,11.899791666666667,-0.017809437981300746,-0.0006574815170196183,-0.017151956464281127
2025-05-14 13:32:00,12.0,12.0,12.0,12.0,1000,12000.0,12.1175,12.121666666666668,11.899791666666667,-0.023724983511355546,-0.005270981915886806,-0.01845400159546874
2025-05-15 09:07:00,12.4,12.4,12.4,12.4,12,148.8,12.1375,12.1275,11.900208333333332,0.003819531911092966,-0.0034528791504908514,0.007272411061583817
2025-05-15 09:24:00,12.0,12.0,12.0,12.0,1000,12000.0,12.1375,12.126666666666667,11.902291666666665,-0.006552366625861339,-0.00407277664556495,-0.002479589980296389
2025-05-15 09:25:00,12.0,12.0,12.0,12.0,1000,12000.0,12.14,12.119166666666667,11.905416666666666,-0.014603827113491619,-0.006178986739150284,-0.008424840374341335
2025-05-15 09:53:00,12.0,12.0,12.0,12.0,1000,12000.0,12.125,12.118333333333334,11.907499999999999,-0.020745526046953344,-0.009092294600710897,-0.011653231446242448
2025-05-15 11:26:00,12.0,12.0,12.0,12.0,2000,24000.0,12.1125,12.110833333333334,11.909999999999998,-0.025320982179470874,-0.012338032116462894,-0.01298295006300798
2025-05-15 12:16:00,12.4,12.4,12.4,12.4,11,136.4,12.1175,12.1175,11.914166666666667,0.003291648852652429,-0.009212095922639829,0.012503744775292258
2025-05-16 09:51:00,12.0,12.0,12.0,12.0,1000,12000.0,12.102500000000001,12.114166666666668,11.916666666666666,-0.006237391208818721,-0.008617154979875608,0.0023797637710568868
2025-05-16 09:52:00,12.0,12.0,12.0,12.0,1000,12000.0,12.08,12.110000000000001,11.919166666666666,-0.013632081955456954,-0.009620140374991877,-0.004011941580465077
2025-05-16 09:59:00,12.4,12.4,12.4,12.4,22,272.8,12.1,12.1125,11.923333333333334,0.012638540188408598,-0.005168404262311781,0.01780694445072038
2025-05-16 10:09:00,12.4,12.4,12.4,12.4,5000,62000.0,12.120000000000001,12.118333333333332,11.927083333333334,0.03307690750695258,0.002480658091541093,0.030596249415411485
2025-05-16 13:40:00,12.0,12.0,12.0,12.0,2000,24000.0,12.120000000000001,12.116666666666667,11.929166666666667,0.01680409663109117,0.00534534579945111,0.011458750831640059
2025-05-16 13:41:00,12.0,12.0,12.0,12.0,1000,12000.0,12.120000000000001,12.115,11.93125,0.0038632437040622136,0.005048925380373331,-0.0011856816763111174
2025-05-19 09:25:00,12.4,12.4,12.4,12.4,17,210.8,12.139999999999999,12.120000000000001,11.935416666666667,0.02558920515776819,0.009156981335852304,0.016432223821915885
2025-05-19 09:41:00,12.4,12.4,12.0,12.0,2000,24400.0,12.12,12.118333333333334,11.937291666666669,0.010410523047051257,0.009407689678092095,0.0010028333689591617
2025-05-19 09:42:00,12.0,12.0,12.0,12.0,1000,12000.0,12.1,12.117500000000001,11.939791666666668,-0.00160024525105662,0.007206102692262351,-0.00880634794331897
2025-05-19 11:16:00,12.0,12.0,12.0,12.0,1000,12000.0,12.1,12.113333333333335,11.942083333333334,-0.010992154940442589,0.0035664511657213624,-0.014558606106163951
2025-05-19 11:43:00,12.0,12.0,12.0,12.0,1000,12000.0,12.1,12.110000000000001,11.944375,-0.018225222019701448,-0.0007918834713632008,-0.017433338548338246
2025-05-19 11:48:00,12.0,12.0,12.0,12.0,4000,48000.0,12.1,12.109166666666669,11.946666666666667,-0.02368446007872471,-0.005370398792835505,-0.018314061285889208
2025-05-19 12:38:00,12.4,12.4,12.4,12.4,16,198.4,12.120000000000001,12.110833333333334,11.948541666666666,0.004217099391597756,-0.0034528991559488525,0.007669998547546609
2025-05-19 13:38:00,12.0,12.0,12.0,12.0,2000,24000.0,12.120000000000001,12.110000000000001,11.948749999999999,-0.005879594463751303,-0.003938238217509343,-0.00194135624624196
2025-05-20 09:10:00,12.4,12.4,12.4,12.4,22,272.8,12.120000000000001,12.115833333333335,11.952708333333334,0.01818572624175907,0.0004865546743443408,0.01769917156741473
2025-05-20 10:06:00,12.0,12.0,12.0,12.0,2000,24000.0,12.120000000000001,12.115,11.952916666666665,0.004924245583776354,0.001374092856230744,0.0035501527275456106
2025-05-20 12:14:00,12.0,12.0,12.0,12.0,2000,24000.0,12.120000000000001,12.110833333333334,11.952916666666665,-0.0055219201235772175,-5.109739730848661e-06,-0.005516810383846369
2025-05-20 12:15:00,12.0,12.0,12.0,12.0,997,11964.0,12.120000000000001,12.109166666666665,11.954166666666667,-0.013643310120805552,-0.00273274981594579,-0.010910560304859762
2025-05-20 12:35:00,12.0,12.0,12.0,12.0,1000,12000.0,12.120000000000001,12.104166666666666,11.954374999999999,-0.019850743194181675,-0.0061563484915929684,-0.013694394702588706
2025-05-20 12:43:00,12.0,12.0,12.0,12.0,14,168.0,12.1,12.103333333333333,11.954791666666667,-0.0244878973890561,-0.009822658271085596,-0.014665239117970505
2025-05-20 13:08:00,12.4,12.4,12.4,12.4,12,148.8,12.120000000000001,12.110000000000001,11.957291666666666,0.0040669008615576985,-0.0070447464445569374,0.011111647306114636
2025-05-20 13:48:00,12.4,12.4,12.4,12.4,1000,12400.0,12.14,12.110833333333334,11.959166666666668,0.026392547344384454,-0.00035728768676865743,0.02674983503115311
2025-05-21 09:32:00,12.4,12.4,12.4,12.4,20,248.0,12.14,12.117500000000001,11.961041666666667,0.04358338094381686,0.00843084603934845,0.035152534904468416
2025-05-21 10:34:00,12.0,12.05,12.0,12.0,8000,96300.0,12.12,12.117500000000001,11.961666666666668,0.02464647415198762,0.011673971661876285,0.012972502490111334
2025-05-21 14:11:00,11.95,11.95,11.95,11.95,597,7134.15,12.1175,12.116666666666667,11.962083333333334,0.005540390777740711,0.010447255485049172,-0.00490686470730846
2025-05-21 14:12:00,11.95,12.0,11.95,12.0,5500,65800.0,12.1175,12.116666666666667,11.964374999999999,-0.005503297230887938,0.007257144941861749,-0.012760442172749686
2025-05-21 14:23:00,11.6,11.6,11.6,11.6,100,1160.0,12.0775,12.110000000000001,11.965208333333333,-0.046001875616784815,-0.003394659169867567,-0.04260721644691725
2025-05-21 14:28:00,11.6,11.95,11.6,11.9,22000,259000.0,12.072500000000002,12.108333333333333,11.967083333333333,-0.05327566921694249,-0.013370861179282555,-0.03990480803765993
2025-05-21 14:29:00,11.4,11.4,11.35,11.35,10000,113750.0,12.040000000000001,12.091666666666667,11.966874999999998,-0.10224202409778194,-0.03114509376298244,-0.0710969303347995
2025-05-21 14:30:00,11.15,11.2,10.95,10.95,4193,46813.35,11.9875,12.068333333333333,11.965000000000002,-0.17134965798906343,-0.05918600660819865,-0.11216365138086479
2025-05-21 14:43:00,11.1,11.2,11.1,11.2,7000,77900.0,11.947500000000002,12.055,11.964374999999999,-0.20359809299802478,-0.08806842388616389,-0.1155296691118609
2025-05-21 14:45:00,11.0,11.0,11.0,11.0,1000,11000.0,11.8975,12.038333333333332,11.963125,-0.24249817064894508,-0.11895437323872013,-0.12354379741022495
2025-05-21 14:59:00,11.45,11.45,11.45,11.45,110,1259.5,11.85,12.029166666666667,11.963958333333332,-0.23431449165010676,-0.14202639692099747,-0.09228809472910929
2025-05-22 09:15:00,11.5,11.5,11.5,11.5,200,2300.0,11.825,12.020833333333334,11.962916666666667,-0.22124392272907656,-0.1578699020826133,-0.06337402064646325
2025-05-22 09:25:00,11.5,11.5,11.5,11.5,4000,46000.0,11.78,12.0125,11.961875,-0.20848215023848127,-0.16799235171378693,-0.04048979852469434
2025-05-22 09:29:00,11.55,11.55,11.55,11.55,5000,57750.0,11.7575,12.004999999999999,11.961041666666667,-0.192119141589286,-0.17281770968888677,-0.019301431900399235
2025-05-22 10:30:00,11.85,11.85,11.85,11.85,5000,59250.0,11.75,12.003333333333334,11.960208333333332,-0.15317810470926752,-0.16888978869296292,0.015711683983695407
2025-05-22 10:31:00,11.55,11.55,11.55,11.55,5000,57750.0,11.727500000000001,11.990833333333333,11.958125,-0.14485474983507274,-0.1640827809213849,0.01922803108631216
2025-05-22 13:39:00,11.7,11.7,11.7,11.7,100,1170.0,11.7125,11.981666666666666,11.95875,-0.12471702450817013,-0.15620962963874196,0.03149260513057184
2025-05-22 13:40:00,11.6,11.6,11.6,11.6,2000,23200.0,11.692499999999999,11.97,11.958333333333334,-0.11549553572488946,-0.14806681085597148,0.03257127513108202
2025-05-22 13:53:00,11.6,11.7,11.6,11.7,7000,81700.0,11.6575,11.959999999999999,11.958333333333334,-0.09897732615707966,-0.13824891391619312,0.03927158775911346
2025-05-22 14:12:00,12.05,12.05,12.05,12.05,12,144.6,11.639999999999999,11.953333333333335,11.959583333333333,-0.05698753431725834,-0.12199663799640617,0.06500910367914783
2025-05-23 09:06:00,12.1,12.1,12.1,12.1,2000,24200.0,11.624999999999998,11.955000000000002,11.960833333333335,-0.019451514678456405,-0.10148761333281624,0.08203609865435983
2025-05-23 09:09:00,12.1,12.1,12.1,12.1,1000,12100.0,11.63,11.956666666666667,11.961875,0.01017871739956,-0.079154347186341,0.089333064585901
2025-05-23 09:16:00,11.95,11.95,11.95,11.95,500,5975.0,11.629999999999999,11.955833333333334,11.9625,0.021311477946161617,-0.05906118215984047,0.08037266010600208
2025-05-23 09:17:00,12.1,12.1,12.1,12.1,20,242.0,11.635,11.957500000000001,11.963541666666666,0.04175667235792879,-0.038897611256286616,0.08065428361421541
2025-05-23 10:37:00,11.95,11.95,11.95,11.95,3000,35850.0,11.6525,11.956666666666667,11.963958333333332,0.04533331558813991,-0.022051425887401308,0.06738474147554122
2025-05-23 11:12:00,11.95,12.0,11.95,12.0,7000,83850.0,11.657499999999999,11.95,11.964583333333334,0.051607513952687256,-0.007319637919383592,0.05892715187207085
2025-05-23 12:27:00,11.9,11.9,11.7,11.7,5000,58900.0,11.675,11.938333333333333,11.963958333333332,0.03200345268328242,0.0005449802011496121,0.03145847248213281
2025-05-23 12:40:00,12.05,12.05,12.05,12.05,1000,12050.0,11.73,11.939166666666665,11.964791666666667,0.0441996616296656,0.009275916486852812,0.03492374514281279
2025-05-26 09:07:00,12.05,12.05,12.05,12.05,20,241.0,11.772499999999999,11.94,11.965833333333332,0.053251396141735796,0.018071012417829414,0.03518038372390638
2025-05-26 13:32:00,11.65,11.7,11.65,11.7,6000,70050.0,11.8075,11.934999999999999,11.965208333333333,0.03181612949288315,0.020820035832840162,0.010996093660042987
2025-05-27 11:06:00,12.0,12.0,12.0,12.0,16,192.0,11.834999999999999,11.934999999999999,11.966041666666666,0.038591164118505716,0.024374261489973275,0.014216902628532441
2025-05-28 12:43:00,12.0,12.0,11.85,11.85,412,4884.0,11.852500000000001,11.9325,11.966041666666666,0.0314936423679999,0.0257981376655786,0.005695504702421295
2025-05-28 13:46:00,11.65,11.65,11.65,11.65,41,477.6500000000001,11.86,11.919999999999998,11.965416666666668,0.009619588092041553,0.022562427750871195,-0.012942839658829641
2025-05-28 13:47:00,11.65,11.65,11.65,11.65,56,652.4000000000002,11.864999999999998,11.914166666666667,11.964583333333334,-0.007627828655129676,0.01652437646967102,-0.024152205124800697
2025-05-28 13:48:00,11.65,11.65,11.65,11.65,3,34.95,11.855,11.908333333333333,11.963958333333332,-0.021053835181769287,0.00900873413938296,-0.030062569321152248
2025-05-28 14:58:00,12.0,12.0,12.0,12.0,5000,60000.0,11.8775,11.908333333333333,11.964583333333334,-0.0034126284982924915,0.006524461611847869,-0.009937090110140361
2025-05-29 10:07:00,11.7,11.7,11.7,11.7,1000,11700.0,11.877500000000001,11.903333333333332,11.963958333333332,-0.013483903848863221,0.00252278851970565,-0.016006692368568873
2025-05-29 11:45:00,11.7,11.8,11.6,11.75,12333,143912.75,11.885,11.8925,11.963541666666666,-0.0172322374842242,-0.0014282166810803214,-0.01580402080314388
2025-05-29 11:57:00,11.7,11.7,11.7,11.7,1000,11700.0,11.885,11.8875,11.962916666666667,-0.02396119132977148,-0.005934811610818555,-0.018026379718952927
2025-05-29 11:58:00,11.7,11.7,11.7,11.7,1000,11700.0,11.8675,11.8825,11.962291666666667,-0.02896010170642782,-0.010539869629940411,-0.01842023207648741
2025-05-29 12:21:00,11.7,11.7,11.7,11.7,1000,11700.0,11.8475,11.870833333333334,11.961666666666668,-0.03254659728122711,-0.014941215160197752,-0.017605382121029356
2025-05-29 12:38:00,11.7,11.7,11.7,11.7,70,819.0,11.827499999999999,11.859166666666669,11.96125,-0.03498562831810759,-0.018950097791779724,-0.016035530526327862
2025-05-29 13:11:00,11.7,11.7,11.7,11.7,1000,11700.0,11.815,11.854166666666666,11.960625,-0.036497853451640694,-0.02245964892375192,-0.014038204527888773
2025-05-29 13:12:00,11.8,11.8,11.7,11.7,7000,82400.0,11.795,11.849166666666667,11.96,-0.037266715269062445,-0.02542106219281403,-0.011845653076248415
2025-05-29 13:47:00,12.2,12.2,12.2,12.2,20,244.0,11.8075,11.845833333333333,11.961458333333333,0.0024416319140865284,-0.019848523371433918,0.022290155285520447
2025-05-29 14:56:00,11.65,11.65,11.65,11.65,3000,34950.0,11.79,11.84,11.960833333333333,-0.010350308405827846,-0.017948880378312704,0.007598571972484858
2025-06-02 09:56:00,12.15,12.15,12.15,12.15,13,157.95,11.8125,11.8425,11.962291666666665,0.01963150824843396,-0.01043280265296337,0.03006431090139733
2025-06-02 13:10:00,11.6,11.6,11.6,11.6,2000,23200.0,11.79,11.835833333333333,11.961458333333333,-0.0009768292247045451,-0.008541607967311605,0.00756477874260706
2025-06-02 14:42:00,12.15,12.15,12.15,12.15,14,170.1,11.795,11.838333333333333,11.962916666666667,0.026762813259017193,-0.001480723722045844,0.028243536981063036
2025-06-03 09:02:00,12.15,12.15,12.15,12.15,12,145.8,11.817499999999999,11.840833333333332,11.964374999999999,0.04819116206239826,0.008453653434842981,0.03973750862755528
2025-06-03 10:05:00,11.85,11.85,11.85,11.85,2000,23700.0,11.81,11.831666666666667,11.963958333333332,0.0404989434660461,0.01486271144108361,0.025636232024962492
2025-06-03 11:25:00,11.6,11.6,11.6,11.6,200,2320.0,11.7975,11.825,11.963333333333333,0.014067730110316035,0.014703715174930096,-0.000635985064614061
2025-06-04 10:25:00,11.85,11.85,11.85,11.85,472,5593.2,11.807500000000001,11.815833333333334,11.963541666666666,0.013142218448587428,0.014391415829661563,-0.0012491973810741346
2025-06-04 10:33:00,12.0,12.0,11.85,11.85,10000,119250.0,11.817499999999999,11.813333333333333,11.963125,0.012267333603091402,0.013966599384347533,-0.0016992657812561311
2025-06-04 11:15:00,12.15,12.15,12.15,12.15,2000,24300.0,11.8425,11.815833333333334,11.962916666666668,0.035373707771400476,0.018248021061758126,0.01712568670964235
2025-06-04 11:34:00,12.0,12.0,12.0,12.0,2000,24000.0,11.8425,11.815833333333334,11.963958333333334,0.041108061233504856,0.022820029096107475,0.01828803213739738
2025-06-05 09:42:00,12.1,12.1,12.1,12.1,1000,12100.0,11.862499999999999,11.817499999999999,11.964166666666667,0.05310952834787663,0.028877928946461313,0.02423159940141532
2025-06-05 09:50:00,12.1,12.1,12.0,12.0,6000,72400.0,11.875,11.817499999999999,11.965208333333333,0.053929942430672284,0.03388833164330351,0.020041610787368776
2025-06-05 10:08:00,12.15,12.15,12.15,12.15,1000,12150.0,11.897499999999999,11.813333333333334,11.966041666666667,0.06592394272424862,0.040295453859492535,0.025628488864756084
2025-06-05 10:17:00,12.1,12.1,12.05,12.05,2000,24150.0,11.915000000000001,11.807500000000001,11.966874999999998,0.06659247352150643,0.04555485779189532,0.021037615729611117
2025-06-05 13:14:00,11.65,12.0,11.65,12.0,6000,70250.0,11.93,11.800833333333333,11.967708333333333,0.06236875863591962,0.048917637960700186,0.013451120675219433
2025-06-06 09:30:00,12.1,12.1,12.1,12.1,14,169.4,11.95,11.8025,11.968958333333331,0.0663260331997968,0.05239931700851951,0.013926716191277284
2025-06-06 10:04:00,12.0,12.0,11.95,11.95,3000,35900.0,11.9625,11.8025,11.968958333333335,0.05670479779314874,0.05326041316544536,0.003444384627703384
2025-06-06 13:03:00,12.0,12.0,12.0,12.0,1000,12000.0,11.9775,11.8025,11.969166666666666,0.052509188311663735,0.05311016819468904,-0.0006009798830253071
2025-06-06 13:54:00,12.0,12.0,12.0,12.0,2000,24000.0,11.9675,11.809166666666666,11.969583333333334,0.04862363457760566,0.052212861471272375,-0.003589226893666718
2025-06-06 13:55:00,12.0,12.0,12.0,12.0,1000,12000.0,11.985,11.810833333333333,11.970625000000002,0.04502528182781518,0.05077534554258094,-0.00575006371476576
2025-06-09 12:21:00,11.65,11.65,11.65,11.65,3000,34950.0,11.959999999999999,11.815833333333334,11.970208333333336,0.013772723042903223,0.0433748210426454,-0.02960209799974218
2025-06-09 14:01:00,12.15,12.15,11.95,11.95,3020,36143.0,11.977500000000001,11.8325,11.970208333333334,0.01306176988614638,0.0373122108113456,-0.02425044092519922
2025-06-09 14:02:00,12.15,12.15,12.15,12.15,20,243.0,11.9775,11.848333333333333,11.971666666666668,0.0283103191805818,0.035511832485192844,-0.007201513304611044
2025-06-10 09:32:00,12.15,12.15,12.15,12.15,1000,12150.0,11.9775,11.867500000000001,11.9725,0.03993456356590208,0.03639637870133469,0.0035381848645673897
2025-06-11 09:19:00,12.15,12.15,12.15,12.15,20,243.0,11.9925,11.879166666666666,11.973958333333334,0.04858678280151274,0.0388344595213703,0.009752323280142437
2025-06-11 09:44:00,12.15,12.15,12.15,12.15,1000,12150.0,12.02,11.889999999999999,11.975625,0.05481189151543653,0.04202994592018355,0.012781945595252975
2025-06-11 13:19:00,12.1,12.1,12.1,12.1,1000,12100.0,12.0325,11.9,11.976458333333333,0.05507587251335089,0.04463913123881703,0.01043674127453386
2025-06-12 10:15:00,12.1,12.1,12.1,12.1,1000,12100.0,12.045,11.909166666666668,11.977291666666668,0.054655049961706226,0.04664231498339487,0.008012734978311356
2025-06-12 12:08:00,12.1,12.1,12.1,12.1,5000,60500.0,12.0425,11.913333333333332,11.98,0.05370249611113742,0.048054351208943386,0.0056481449021940355
2025-06-12 14:14:00,11.8,11.8,11.8,11.8,150,1770.0,12.0325,11.9175,11.982083333333332,0.028412575047459754,0.04412599597664666,-0.015713420929186907
2025-06-13 09:52:00,12.15,12.15,12.15,12.15,20,243.0,12.035,11.925,11.985624999999999,0.03619497221925094,0.042539791225167524,-0.006344819005916581
2025-06-13 10:33:00,12.1,12.1,12.1,12.1,1000,12100.0,12.040000000000001,11.933333333333334,11.986666666666666,0.037891209636248036,0.04161007490738363,-0.003718865271135595
2025-06-16 09:01:00,12.1,12.15,12.1,12.15,10000,121250.0,12.040000000000001,11.940833333333334,11.987916666666667,0.04277696590727054,0.04184345310736102,0.000933512799909518
2025-06-16 09:07:00,12.1,12.1,12.1,12.1,5000,60500.0,12.0425,11.941666666666666,11.989166666666666,0.042128746850009335,0.041900511855890686,0.00022823499411864928
2025-06-16 10:53:00,12.15,12.15,12.1,12.1,2000,24250.0,12.0475,11.941666666666666,11.990416666666668,0.04114078323705783,0.04174856613212412,-0.0006077828950662861
2025-06-16 11:38:00,12.15,12.15,12.15,12.15,1000,12150.0,12.05,11.9425,11.992083333333333,0.04388650082534795,0.04217615307076889,0.00171034775457906
2025-06-16 11:43:00,12.15,12.15,12.1,12.1,6000,72650.0,12.057500000000001,11.945,11.993541666666667,0.04154896901189531,0.04205071625899418,-0.0005017472470988729
2025-06-16 13:50:00,12.15,12.15,12.15,12.15,5000,60750.0,12.065000000000001,11.945833333333333,11.994791666666666,0.04323268090720234,0.04228710918863582,0.000945571718566518
2025-06-16 14:49:00,12.2,12.2,12.15,12.15,15000,182750.0,12.072500000000002,11.949166666666667,11.998124999999998,0.044059148279227855,0.04264151700675423,0.0014176312724736226
2025-06-17 10:12:00,12.0,12.0,12.0,12.0,1000,12000.0,12.072500000000002,11.949166666666667,12.000833333333333,0.03223875492934347,0.040560964591272085,-0.008322209661928613
2025-06-17 10:29:00,12.5,12.5,12.5,12.5,16,200.0,12.115,11.9625,12.003541666666667,0.06249640965602232,0.04494805360422214,0.017548356051800183
2025-06-17 10:36:00,12.45,12.45,12.45,12.45,20,249.0,12.14,11.969166666666668,12.008125000000001,0.08150173561389273,0.05225879000615626,0.02924294560773647
2025-06-17 10:53:00,12.15,12.15,12.15,12.15,1000,12150.0,12.14,11.970833333333333,12.009375,0.07153152961947384,0.056113337928819784,0.01541819169065406
2025-06-17 13:56:00,12.45,12.45,12.45,12.45,16,199.2,12.155,11.983333333333333,12.014166666666666,0.08683656447148458,0.06225798323735275,0.024578581234131827
2025-06-17 14:51:00,12.45,12.45,12.15,12.15,10000,123000.0,12.155,11.985833333333336,12.015416666666669,0.07390647423335928,0.06458768143655406,0.009318792796805211
2025-06-17 15:00:00,12.4,12.45,12.2,12.2,3010,36974.0,12.157499999999999,11.991666666666667,12.016875,0.06692242661963377,0.06505463047317,0.0018677961464637627
2025-06-18 10:24:00,12.25,12.25,12.25,12.25,10,122.5,12.165000000000001,12.001666666666667,12.018541666666666,0.06467654969583592,0.06497901431770318,-0.0003024646218672683
2025-06-18 10:29:00,12.45,12.45,12.45,12.45,12,149.4,12.182500000000001,12.014999999999999,12.021041666666665,0.07813432077039906,0.06761007560824236,0.010524245162156692
2025-06-18 10:47:00,12.45,12.45,12.2,12.3,24000,296750.0,12.1925,12.025833333333333,12.024791666666665,0.0758219269311482,0.06925244587282353,0.0065694810583246666
2025-06-18 10:48:00,12.45,12.45,12.4,12.4,9500,118050.0,12.2225,12.032499999999999,12.028958333333334,0.0811233627900716,0.07162662925627315,0.009496733533798443
2025-06-18 12:35:00,12.45,12.45,12.45,12.45,10,124.5,12.2375,12.045,12.031666666666666,0.0883410306249548,0.07496950953000948,0.013371521094945313
2025-06-18 13:01:00,12.45,12.45,12.45,12.45,50,622.5,12.254999999999999,12.056666666666668,12.034583333333334,0.09298916319501771,0.07857344026301114,0.014415722932006575
2025-06-18 13:12:00,12.5,12.5,12.4,12.4,11000,137400.0,12.2675,12.068333333333333,12.037083333333332,0.0915825529499692,0.08117526280040276,0.010407290149566442
2025-06-18 13:16:00,12.6,12.6,12.45,12.45,10000,125250.0,12.285,12.080833333333333,12.039583333333333,0.09342543605769293,0.0836252974518608,0.009800138605832134
2025-06-18 14:49:00,12.8,12.8,12.8,12.8,100,1280.0,12.32,12.099166666666667,12.043958333333332,0.12172484093061087,0.09124520614761082,0.030479634783000045
2025-06-19 09:18:00,12.85,12.85,12.85,12.85,100,1285.0,12.355,12.118333333333334,12.048125,0.14649816564950058,0.10229579804798877,0.044202367601511805
2025-06-19 09:31:00,12.35,12.35,12.35,12.35,400,4940.0,12.3675,12.129166666666666,12.0525,0.12435193099165431,0.1067070246367219,0.01764490635493242
2025-06-19 09:46:00,12.35,12.85,12.35,12.85,1022,12632.7,12.4025,12.148333333333333,12.056666666666667,0.14546981630540223,0.11445958297045797,0.031010233334944265
2025-06-19 10:21:00,12.3,12.3,12.3,12.3,4000,49200.0,12.41,12.15,12.058541666666667,0.11648274848790763,0.11486421607394792,0.0016185324139597057
2025-06-19 10:22:00,12.3,12.3,12.3,12.3,1000,12300.0,12.425,12.160833333333333,12.060416666666667,0.09244464408972064,0.11038030167710249,-0.017935657587381845
2025-06-19 10:37:00,12.45,12.45,12.35,12.35,200,2480.0,12.4175,12.164166666666667,12.063124999999998,0.07654647518413782,0.10361353637850955,-0.02706706119437173
2025-06-19 12:16:00,12.5,12.5,12.5,12.5,100,1250.0,12.42,12.179166666666667,12.066041666666667,0.07518413230729415,0.09792765556426648,-0.022743523256972334
2025-06-19 12:33:00,12.5,12.5,12.5,12.5,100,1250.0,12.4375,12.185,12.069166666666666,0.07325997042592469,0.09299411853659814,-0.01973414811067345
2025-06-20 09:24:00,12.5,12.5,12.5,12.5,16,200.0,12.440000000000001,12.190833333333334,12.072499999999998,0.07091756473053756,0.08857880777538603,-0.017661243044848465
2025-06-20 09:48:00,12.05,12.05,12.0,12.0,3000,36100.0,12.432500000000001,12.193333333333333,12.073333333333332,0.028388129331238687,0.07654067208655657,-0.048152542755317884
2025-06-20 10:14:00,12.0,12.0,12.0,12.0,1000,12000.0,12.4225,12.2,12.074166666666665,-0.00525616483437652,0.06018130470236995,-0.06543746953674648
2025-06-20 12:10:00,12.0,12.0,12.0,12.0,2000,24000.0,12.41,12.202499999999999,12.075,-0.031555755250922246,0.041833892711711514,-0.07338964796263375
2025-06-20 12:15:00,11.95,11.95,11.95,11.95,3000,35850.0,12.385,12.204166666666667,12.075833333333334,-0.05578984169977019,0.022309145829415167,-0.07809898752918536
2025-06-20 13:27:00,11.95,12.05,11.95,12.05,10000,120000.0,12.372499999999999,12.202499999999999,12.076875,-0.0661636719181029,0.004614582279911548,-0.07077825419801445
2025-06-20 13:29:00,12.0,12.0,12.0,12.0,2000,24000.0,12.352500000000001,12.202499999999999,12.078958333333333,-0.07752591870547754,-0.011813517917166274,-0.06571240078831127
2025-06-20 13:30:00,12.0,12.0,12.0,12.0,1000,12000.0,12.33,12.200833333333334,12.080208333333333,-0.08554447765620665,-0.026559709864974357,-0.058984767791232295
2025-06-20 14:21:00,12.5,12.5,12.5,12.5,1000,12500.0,12.3325,12.209166666666668,12.083541666666665,-0.05096591868420042,-0.031440951628819575,-0.019524967055380843
2025-06-23 10:58:00,12.45,12.45,12.45,12.45,2,24.9,12.334999999999999,12.214166666666666,12.086250000000001,-0.027282250900615423,-0.030609211483178744,0.003326960582563321
2025-06-23 13:24:00,11.95,11.95,11.95,11.95,1,11.95,12.31,12.2125,12.086875,-0.04830180177215837,-0.034147729540974676,-0.014154072231183694
2025-06-23 13:49:00,12.4,12.4,12.4,12.4,10,124.0,12.29,12.219166666666666,12.089374999999999,-0.028322227078669826,-0.032982629048513706,0.00466040196984388
2025-06-24 09:38:00,12.45,12.45,12.45,12.45,14,174.3,12.27,12.225,12.090208333333331,-0.008357349731022978,-0.02805757318501556,0.019700223453992582
2025-06-24 12:11:00,12.45,12.45,12.45,12.45,10,124.5,12.275,12.233333333333333,12.090625,0.007379888643697541,-0.02097008081927294,0.02834996946297048
2025-06-24 13:24:00,12.05,12.05,12.0,12.0,2000,24050.0,12.2325,12.233333333333333,12.089166666666667,-0.016271903383444197,-0.020030445332107193,0.003758541948662996
2025-06-24 14:06:00,12.4,12.4,12.4,12.4,10,124.0,12.2375,12.240000000000002,12.091666666666667,-0.002708242967290886,-0.016566004859143932,0.013857761891853046
2025-06-25 10:20:00,12.0,12.0,12.0,12.0,1000,12000.0,12.2225,12.240000000000002,12.090416666666668,-0.023959412237060107,-0.018044686334727167,-0.00591472590233294
2025-06-25 11:06:00,11.95,12.05,11.95,12.05,8000,96100.0,12.2075,12.246666666666666,12.089374999999999,-0.036347543006970184,-0.021705257669175772,-0.014642285337794412
2025-06-26 12:44:00,12.45,12.45,12.45,12.45,20,249.0,12.205,12.254999999999999,12.090000000000002,-0.013730294544568977,-0.020110265044254415,0.0063799704996854376
2025-06-27 10:08:00,12.0,12.0,12.0,12.0,464000,5568000.0,12.18,12.252500000000001,12.088541666666666,-0.031751193389757404,-0.022438450713355016,-0.009312742676402388
2025-06-27 10:10:00,12.1,12.1,12.1,12.1,463000,5602300.0,12.16,12.251666666666665,12.087708333333333,-0.03753108629251578,-0.02545697782918717,-0.012074108463328612
2025-06-27 10:11:00,12.0,12.1,12.0,12.1,1998,24075.9,12.165,12.250833333333333,12.086666666666668,-0.04163178772581588,-0.028691939808512916,-0.012939847917302967
2025-06-27 11:31:00,12.45,12.45,12.45,12.45,3000,37350.0,12.1875,12.255833333333333,12.087083333333332,-0.016449923746483464,-0.02624353659610703,0.009793612849623566
2025-06-30 09:23:00,12.45,12.45,12.45,12.45,22,273.9,12.209999999999999,12.261666666666665,12.0875,0.0034669203825838935,-0.020301445200368844,0.023768365582952738
2025-06-30 13:06:00,12.0,12.0,12.0,12.0,1000,12000.0,12.2125,12.259999999999998,12.086250000000001,-0.01686565952065422,-0.01961428806442592,0.0027486285437717008
2025-07-01 10:44:00,12.15,12.15,12.15,12.15,10,121.5,12.2175,12.260833333333332,12.085416666666667,-0.02063773027651905,-0.019818976506844548,-0.0008187537696745031
2025-07-01 10:51:00,12.2,12.2,12.2,12.2,250,3050.0,12.2275,12.2675,12.08375,-0.019369264569274236,-0.019729034119330486,0.0003597695500562499
2025-07-02 09:06:00,12.2,12.2,12.2,12.2,10,122.0,12.2375,12.268333333333334,12.083124999999999,-0.018154720045712835,-0.01941417130460696,0.0012594512588941231
2025-07-02 10:47:00,12.25,12.25,12.25,12.25,50,612.5,12.225,12.270833333333334,12.081666666666667,-0.013007658438413117,-0.01813286873136819,0.005125210292955075
2025-07-03 10:39:00,11.8,11.8,11.8,11.8,4000,47200.0,12.192499999999999,12.264999999999999,12.080625,-0.04472426078667269,-0.023451147142429095,-0.021273113644243592
2025-07-03 10:49:00,12.0,12.0,12.0,12.0,50,600.0,12.194999999999999,12.263333333333332,12.080416666666668,-0.05310935652064508,-0.029382789018072297,-0.023726567502572782
2025-07-03 11:34:00,12.0,12.0,12.0,12.0,2000,24000.0,12.175,12.261666666666665,12.080208333333333,-0.05907364113819469,-0.03532095944209678,-0.023752681696097906
2025-07-03 13:30:00,11.8,11.8,11.8,11.8,3000,35400.0,12.1425,12.255833333333332,12.077083333333333,-0.07902772576860428,-0.044062312707398285,-0.034965413061206
2025-07-03 13:40:00,12.15,12.15,12.15,12.15,50,607.5,12.127500000000001,12.256666666666666,12.075416666666666,-0.06584043907426818,-0.04841793798077227,-0.017422501093495905
2025-07-03 14:58:00,12.0,12.0,12.0,12.0,5000,60000.0,12.127500000000001,12.254166666666666,12.073958333333334,-0.06672401287130647,-0.05207915295887911,-0.014644859912427359
2025-07-07 09:58:00,12.2,12.2,12.2,12.2,12,146.4,12.1175,12.254999999999999,12.073541666666667,-0.05070146797871544,-0.051803615962846376,0.0011021479841309342
2025-07-08 11:18:00,12.2,12.2,12.2,12.2,12,146.4,12.127500000000001,12.258333333333333,12.072708333333333,-0.0375703975588344,-0.04895697228204399,0.011386574723209586
2025-07-10 09:12:00,12.2,12.2,12.2,12.2,41,500.2,12.135,12.253333333333332,12.071250000000001,-0.02685436919501072,-0.044536451664637336,0.017682082469626617
2025-07-10 10:24:00,12.2,12.2,12.0,12.1,10000,121400.0,12.1175,12.247499999999999,12.071458333333334,-0.02612979575674501,-0.04085512048305887,0.014725324726313861
2025-07-10 10:53:00,12.1,12.1,12.0,12.0,1250,15025.0,12.1175,12.245,12.071458333333334,-0.0332415425415018,-0.03933240489474746,0.006090862353245657
2025-07-10 14:40:00,12.2,12.2,12.2,12.2,50,610.0,12.122499999999999,12.240833333333335,12.072291666666667,-0.022480186973531602,-0.03596196131050429,0.013481774336972688
2025-07-11 09:18:00,12.2,12.2,12.2,12.2,50,610.0,12.127500000000001,12.241666666666665,12.071250000000001,-0.013792741021719124,-0.031528117252747255,0.01773537623102813
2025-07-11 11:08:00,11.8,12.0,11.8,12.0,9200,109400.0,12.105,12.238333333333333,12.071041666666668,-0.022783571218768728,-0.02977920804595155,0.006995636827182822
2025-07-11 11:09:00,11.8,12.0,11.8,12.0,7000,83000.0,12.0825,12.234166666666665,12.070833333333333,-0.029568027114249773,-0.0297369718596112,0.0001689447453614261
2025-07-11 13:16:00,11.75,11.75,11.75,11.75,3000,35250.0,12.07,12.222499999999998,12.069583333333334,-0.05448954638148784,-0.03468748676398653,-0.01980205961750131
2025-07-11 14:35:00,12.15,12.15,12.15,12.15,100,1215.0,12.07,12.22,12.068333333333332,-0.04148515781443329,-0.03604702097407588,-0.005438136840357412
2025-07-14 10:29:00,12.2,12.2,12.2,12.2,14,170.8,12.07,12.216666666666667,12.068958333333335,-0.02683516497341465,-0.034204649773943635,0.007369484800528986
2025-07-14 10:37:00,12.2,12.2,12.2,12.2,100,1220.0,12.069999999999999,12.2125,12.067916666666665,-0.015051436508532134,-0.030374007120861336,0.015322570612329202
2025-07-15 10:51:00,12.2,12.2,12.2,12.2,4,48.8,12.067499999999999,12.208333333333332,12.06875,-0.005647644275265762,-0.025428734551742226,0.019781090276476464
2025-07-16 10:23:00,12.2,12.2,12.2,12.2,41,500.2,12.0875,12.205,12.06875,0.0017843598308555642,-0.019986115675222668,0.021770475506078232
2025-07-16 10:24:00,12.2,12.2,12.2,12.2,41,500.2,12.0975,12.200833333333334,12.068541666666667,0.007586820485729007,-0.014471528443032332,0.022058348928761337
2025-07-16 10:32:00,12.2,12.2,12.2,12.2,41,500.2,12.1075,12.190833333333332,12.068333333333333,0.012046448400679921,-0.009167933074289881,0.021214381474969804
2025-07-16 11:52:00,12.2,12.2,12.2,12.2,10,122.0,12.1275,12.18,12.068958333333333,0.015403177412100177,-0.004253710977011868,0.019656888389112046
2025-07-16 12:22:00,11.8,12.0,11.8,12.0,10000,119000.0,12.12,12.174166666666668,12.068541666666667,0.001903142564499305,-0.0030223402687096336,0.004925482833208939
2025-07-16 12:49:00,11.85,11.85,11.85,11.85,1000,11850.0,12.112499999999999,12.1575,12.067499999999999,-0.020661308014839008,-0.00655013381793551,-0.014111174196903498
2025-07-16 12:50:00,11.8,11.8,11.8,11.8,3000,35400.0,12.0925,12.149166666666666,12.06625,-0.04209315609819697,-0.013658738273987805,-0.028434417824209166
2025-07-16 14:55:00,12.05,12.05,12.05,12.05,50,602.5,12.084999999999999,12.145,12.066041666666669,-0.038461776037031825,-0.018619345826596613,-0.019842430210435212
2025-07-17 09:26:00,11.75,11.75,11.75,11.75,1000,11750.0,12.0625,12.134999999999998,12.064791666666668,-0.059109990792107325,-0.026717474819698758,-0.03239251597240857
2025-07-17 10:29:00,11.75,11.9,11.75,11.9,10000,117650.0,12.0525,12.125,12.063333333333333,-0.06264793693021886,-0.03390356724180279,-0.028744369688416073
2025-07-17 10:30:00,11.8,11.8,11.75,11.75,12000,141500.0,12.040000000000001,12.1125,12.061458333333333,-0.07667170741529183,-0.0424571952765006,-0.03421451213879123
2025-07-17 10:32:00,11.7,11.7,11.7,11.7,429,5019.3,12.015,12.099166666666665,12.06,-0.09077384432051439,-0.05212052508530337,-0.038653319235211016
2025-07-17 10:37:00,12.05,12.05,12.05,12.05,10,120.5,12.007499999999999,12.1,12.058958333333331,-0.07286783939645147,-0.05626998794753299,-0.016597851448918483
2025-07-17 10:42:00,12.05,12.05,12.05,12.05,1000,12050.0,12.01,12.100833333333332,12.058958333333333,-0.05800851543148511,-0.05661769344432342,-0.0013908219871616861
2025-07-17 10:43:00,12.05,12.05,12.05,12.05,4000,48200.0,12.0125,12.101666666666665,12.058958333333333,-0.04570552924319138,-0.05443526060409702,0.008729731360905643
2025-07-17 10:45:00,12.05,12.05,11.95,11.95,5000,60050.0,12.022499999999999,12.101666666666667,12.058541666666667,-0.04352278474531701,-0.052252765432341024,0.008729980687024012
2025-07-17 10:53:00,12.05,12.05,12.0,12.0,9000,108250.0,12.014999999999999,12.100833333333332,12.057500000000001,-0.03732806715017034,-0.04926782577590689,0.011939758625736548
2025-07-17 10:54:00,12.1,12.1,12.1,12.1,2000,24200.0,12.01,12.1025,12.0575,-0.024072056873059466,-0.04422867199533741,0.02015661512227794
2025-07-17 11:29:00,11.95,11.95,11.95,11.95,3000,35850.0,11.9975,12.101666666666665,12.056041666666667,-0.02537778036679761,-0.04045849366962945,0.015080713302831839
2025-07-17 12:11:00,12.1,12.1,12.1,12.1,250,3025.0,11.9925,12.094999999999999,12.05625,-0.014145765663979404,-0.03519594806849944,0.021050182404520036
2025-07-17 13:08:00,12.1,12.1,12.1,12.1,42,508.2,11.9875,12.089166666666667,12.056666666666667,-0.005184548837963376,-0.029193668222392225,0.02400911938442885
2025-07-17 14:23:00,12.05,12.05,12.05,12.05,3000,36150.0,11.98,12.090833333333332,12.055416666666668,-0.0020931732752700327,-0.023773569232967785,0.021680395957697753
2025-07-17 14:24:00,12.0,12.0,12.0,12.0,1000,12000.0,11.97,12.084166666666667,12.055416666666668,-0.003635905546374829,-0.019746036495649197,0.016110130949274368
2025-07-18 09:46:00,12.0,12.0,12.0,12.0,1000,12000.0,11.96,12.076666666666664,12.055416666666668,-0.00480316410012982,-0.01675746201654532,0.011954297916415502
2025-07-18 09:47:00,12.1,12.1,12.1,12.1,42,508.2,11.965,12.070833333333333,12.055833333333334,0.0023142619799774167,-0.012943117217240773,0.01525737919721819
2025-07-18 09:49:00,12.0,12.0,12.0,12.0,1000,12000.0,11.9725,12.070833333333333,12.055833333333334,-0.00011298837868523037,-0.010377091449529665,0.010264103070844435
2025-07-18 10:55:00,12.05,12.05,12.05,12.05,10,120.5,11.985,12.065,12.056041666666665,0.001975211350325523,-0.007906630889558628,0.00988184223988415
2025-07-18 11:31:00,12.05,12.05,12.05,12.05,42,506.1,11.985,12.065833333333334,12.05625,0.003588755738007876,-0.0056075535640453264,0.009196309302053202
2025-07-18 12:12:00,12.05,12.05,12.0,12.0,13000,156400.0,11.997499999999999,12.065,12.054791666666667,0.0008234272014284727,-0.004321357410950567,0.005144784612379039
2025-07-18 12:13:00,12.0,12.0,12.0,12.0,4000,48000.0,12.002500000000001,12.057500000000001,12.053333333333335,-0.0013525245261085672,-0.0037275908339821666,0.0023750663078735993
2025-07-18 12:52:00,12.05,12.05,12.05,12.05,251,3024.55,12.017500000000002,12.058333333333334,12.053541666666668,0.0009466873628731776,-0.002792735194611098,0.0037394225574842754
2025-07-18 14:45:00,12.05,12.05,12.05,12.05,1,12.05,12.035,12.057500000000001,12.05375,0.0027372757389940716,-0.0016867330078900638,0.004424008746884135
2025-07-21 10:07:00,12.05,12.05,12.05,12.05,250,3012.5,12.035,12.056666666666667,12.053958333333334,0.0041089643443417145,-0.0005275935374437078,0.004636557881785422
2025-07-21 10:27:00,12.05,12.05,12.05,12.05,10,120.5,12.035,12.05,12.054166666666667,0.005136823344606967,0.0006052898389664274,0.004531533505640539
2025-07-21 10:43:00,12.05,12.05,12.0,12.0,10000,120450.0,12.0325,12.0425,12.054166666666667,0.0018949826941625503,0.0008632284100056522,0.001031754284156898
2025-07-21 10:44:00,12.0,12.0,12.0,12.0,1000,12000.0,12.035,12.0425,12.054166666666667,-0.0006665161937249309,0.0005572794892595355,-0.0012237956829844665
2025-07-21 10:50:00,12.0,12.0,12.0,12.0,2000,24000.0,12.035,12.040000000000001,12.054374999999999,-0.0026657929156428395,-8.733499172093969e-05,-0.0025784579239218996
2025-07-21 10:51:00,12.0,12.0,12.0,12.0,1000,12000.0,12.030000000000001,12.036666666666667,12.053125,-0.004201798405286894,-0.0009102276744341308,-0.003291570730852763
2025-07-21 11:06:00,12.0,12.05,11.45,11.45,11000,129850.0,12.004999999999999,12.024166666666666,12.049791666666668,-0.04923198164184228,-0.010574578467915765,-0.03865740317392652
2025-07-21 11:34:00,11.95,11.95,11.95,11.95,3000,35850.0,11.997499999999999,12.019166666666667,12.048333333333334,-0.04406495162328383,-0.01727265309898938,-0.02679229852429445
2025-07-21 11:35:00,11.95,11.95,11.95,11.95,1000,11950.0,11.99,12.021666666666667,12.046875,-0.039514544040388344,-0.021721031287269175,-0.01779351275311917
2025-07-21 11:36:00,11.95,12.0,11.95,12.0,8000,95900.0,11.9875,12.021666666666667,12.045,-0.03151049771144798,-0.02367892457210494,-0.007831573139343042
2025-07-21 11:48:00,11.95,12.0,11.95,12.0,10000,119750.0,11.9875,12.021666666666667,12.045,-0.0248804272518921,-0.023919225108062374,-0.0009612021438297272
2025-07-21 11:50:00,11.95,12.0,11.95,12.0,6000,71750.0,11.9875,12.025,12.045,-0.019402389971588718,-0.023015858080767646,0.003613468109178928
2025-07-21 12:53:00,12.05,12.05,12.05,12.05,50,602.5,11.985,12.023333333333333,12.045208333333333,-0.010900766575662857,-0.02059283977974669,0.009692073204083832
2025-07-22 10:43:00,11.95,11.95,11.95,11.95,100,1195.0,11.9825,12.022499999999999,12.045,-0.01209293324181182,-0.018892858472159716,0.006799925230347895
2025-07-22 11:10:00,11.95,12.0,11.4,11.4,14000,166700.0,11.950000000000001,12.009166666666667,12.042499999999999,-0.05676379962421407,-0.026467046702570593,-0.03029675292164348
2025-07-22 11:25:00,12.0,12.0,12.0,12.0,5000,60000.0,11.947500000000002,12.005833333333333,12.040833333333332,-0.04325221289106551,-0.02982407994026958,-0.01342813295079593
2025-07-22 13:24:00,11.95,12.0,11.95,12.0,6000,71750.0,11.947500000000002,12.002500000000001,12.039166666666665,-0.032173309178297416,-0.030293925787875153,-0.0018793833904222623
2025-07-22 13:52:00,12.0,12.0,12.0,12.0,50,600.0,11.947500000000002,12.000833333333334,12.039166666666665,-0.023126609013845112,-0.02886046243306915,0.005733853419224038
2025-07-23 10:45:00,12.0,12.0,12.0,12.0,12,144.0,11.945,12.000833333333334,12.039166666666665,-0.015775187414755365,-0.026243407429406392,0.010468220014651027
2025-07-23 12:04:00,12.0,12.0,12.0,12.0,50,600.0,11.9425,11.9975,12.039166666666665,-0.009835752402194586,-0.02296187642396403,0.013126124021769443
2025-07-23 13:27:00,12.0,12.0,12.0,12.0,5000,60000.0,11.940000000000001,11.994166666666668,12.039166666666665,-0.005070260555863015,-0.019383553250343827,0.014313292694480811
2025-07-24 10:17:00,11.9,11.9,11.85,11.85,10000,118750.0,11.93,11.991666666666667,12.038541666666667,-0.013244644316646514,-0.018155771463604364,0.00491112714695785
2025-07-24 11:23:00,11.6,11.8,11.4,11.7,16000,185550.0,11.915,11.986666666666668,12.035625000000001,-0.0314639518863018,-0.020817407548143853,-0.010646544338157947
2025-07-24 11:24:00,11.7,11.7,11.7,11.7,4000,46800.0,11.9,11.985833333333336,12.034375,-0.045379774604564105,-0.025729880959427905,-0.0196498936451362
2025-07-24 11:27:00,11.9,11.9,11.9,11.9,5000,59500.0,11.895,11.981666666666666,12.033958333333334,-0.03981092032850775,-0.028546088833243877,-0.011264831495263871
2025-07-24 12:03:00,11.95,11.95,11.95,11.95,50,597.5,11.8925,11.9775,12.033750000000001,-0.03100556817115674,-0.029037984700826452,-0.001967583470330287
2025-07-24 12:32:00,11.95,11.95,11.95,11.95,5000,59750.0,11.9175,11.973333333333333,12.033541666666668,-0.02375344818267955,-0.027981077397197074,0.004227629214517525
2025-07-24 13:11:00,12.0,12.05,11.95,12.0,24000,288450.0,11.92,11.97,12.031875000000001,-0.013812289238057218,-0.025147319765369106,0.011335030527311888
2025-07-24 13:12:00,12.0,12.0,12.0,12.0,1000,12000.0,11.9225,11.966666666666667,12.031875000000001,-0.00586622693970007,-0.0212911012002353,0.01542487426053523
2025-07-24 13:14:00,11.95,12.0,11.95,12.0,4000,47950.0,11.9225,11.963333333333333,12.031875000000001,0.0004261720341087738,-0.016947646553366485,0.01737381858747526
2025-07-24 13:16:00,11.95,12.0,11.95,12.0,10000,119750.0,11.9225,11.96,12.030208333333333,0.005351257588698033,-0.012487865724953582,0.017839123313651617
2025-07-24 13:19:00,11.95,12.05,11.95,12.05,9000,108050.0,11.925,11.9575,12.02875,0.013137563848408362,-0.0073627798102811936,0.020500343658689555
2025-07-25 11:54:00,12.05,12.05,12.05,12.05,42,506.1,11.925,11.958333333333334,12.028958333333332,0.019088230418283558,-0.002072577764568242,0.0211608081828518
2025-07-28 10:42:00,12.05,12.05,12.05,12.05,10,120.5,11.93,11.961666666666666,12.029166666666667,0.023532903879941003,0.0030485185643336086,0.020484385315607395
2025-07-28 11:25:00,12.05,12.05,12.0,12.0,2000,24050.0,11.959999999999999,11.965,12.0275,0.022758412673207218,0.006990497386108332,0.015767915287098887
2025-07-28 11:53:00,11.9,11.9,11.9,11.9,3000,35700.0,11.955,11.9625,12.027083333333334,0.013915054460829523,0.00837540880105257,0.005539645659776953
2025-07-28 12:38:00,12.1,12.1,12.1,12.1,42,508.2,11.959999999999999,11.968333333333334,12.0275,0.022782337292035493,0.011256794499249156,0.011525542792786336
2025-07-29 10:39:00,11.95,12.0,11.95,12.0,10000,119750.0,11.959999999999999,11.969999999999999,12.0275,0.02149280290290001,0.013303996179979329,0.008188806722920682
2025-07-29 10:50:00,12.0,12.0,12.0,12.0,1000,12000.0,11.959999999999999,11.974166666666665,12.0275,0.020237551710238222,0.01469070728603111,0.005546844424207113
2025-07-29 11:34:00,11.9,11.9,11.9,11.9,5000,59500.0,11.955,11.9775,12.027083333333334,0.011046257451484465,0.013961817319121782,-0.0029155598676373178
2025-07-29 12:23:00,12.0,12.0,12.0,12.0,999,11988.0,11.955,11.976666666666665,12.025416666666668,0.01169642568235929,0.013508738991769286,-0.0018123133094099953
2025-07-30 09:01:00,12.0,12.0,12.0,12.0,1000,12000.0,11.9625,11.975833333333332,12.025416666666668,0.012072524146066854,0.0132214960226288,-0.0011489718765619467
2025-07-30 09:18:00,12.0,12.0,12.0,12.0,42,504.0,11.977500000000001,11.975,12.023750000000001,0.012229609561835275,0.013023118730470098,-0.0007935091686348227
2025-07-30 10:33:00,12.0,12.0,12.0,12.0,5000,60000.0,11.992500000000001,11.975833333333332,12.023750000000001,0.012213313411091775,0.012861157666594436,-0.0006478442555026605
2025-07-31 10:13:00,11.95,11.95,11.95,11.95,1000,11950.0,11.995000000000001,11.975,12.023541666666667,0.008072758724200213,0.011903477878115593,-0.0038307191539153802
2025-07-31 10:24:00,12.4,12.4,12.4,12.4,41,508.4,12.0175,11.979999999999999,12.025208333333333,0.04063417304388217,0.01764961691126891,0.02298455613261326
2025-07-31 12:43:00,12.4,12.4,12.0,12.2,8000,98400.0,12.03,11.984166666666669,12.026041666666666,0.04972776918558175,0.02406524736613148,0.02566252181945027
2025-07-31 13:43:00,12.0,12.0,12.0,12.0,2000,24000.0,12.03,11.9825,12.026041666666666,0.04033126736855941,0.027318451366617067,0.013012816001942342
2025-07-31 13:44:00,12.2,12.2,12.2,12.2,5000,61000.0,12.040000000000001,11.984166666666665,12.025208333333333,0.04846413611740452,0.03154758831677456,0.016916547800629962
2025-08-14 10:23:00,11.55,11.8,11.55,11.65,19000,220750.0,12.022499999999999,11.977500000000001,12.022083333333333,0.01040910011017715,0.027319890675455077,-0.016910790565277927
2025-08-14 10:24:00,11.55,11.6,11.55,11.6,10000,115750.0,12.002500000000001,11.970833333333333,12.01875,-0.023513325252864092,0.017153247489791242,-0.04066657274265534
2025-08-14 10:26:00,11.5,11.5,11.5,11.5,5000,57500.0,11.975,11.9625,12.016666666666667,-0.05779997389624114,0.0021626032125847618,-0.0599625771088259
2025-08-14 10:27:00,11.05,11.05,11.05,11.05,2000,22100.0,11.925,11.945,12.012916666666666,-0.11990147954109531,-0.022250213338151262,-0.09765126620294405
2025-08-14 10:30:00,11.6,11.6,11.6,11.6,4000,46400.0,11.9025,11.938333333333334,12.011249999999999,-0.12331546282933203,-0.042463263236387425,-0.08085219959294461
2025-08-14 10:31:00,11.6,11.6,11.6,11.6,2000,23200.0,11.8825,11.930833333333332,12.01125,-0.1245849316411487,-0.05888759691733969,-0.06569733472380901
2025-08-14 10:32:00,11.6,11.6,11.6,11.6,44,510.4,11.8675,11.923333333333334,12.01,-0.12415975841233085,-0.07194202921633794,-0.05221772919599291
2025-08-14 10:33:00,11.6,11.6,11.6,11.6,2000,23200.0,11.8425,11.916666666666666,12.011041666666667,-0.12241171946197582,-0.08203596726546553,-0.040375752196510295
2025-08-14 10:34:00,11.6,11.6,11.6,11.6,1000,11600.0,11.8225,11.91,12.013749999999998,-0.11964716792580887,-0.0895582073975342,-0.030088960528274672
2025-08-14 10:36:00,11.65,11.65,11.65,11.65,100,1165.0,11.805,11.903333333333334,12.015625,-0.11212910426726275,-0.09407238677147992,-0.01805671749578283
2025-08-14 10:37:00,11.65,11.65,11.65,11.65,5000,58250.0,11.7925,11.896666666666667,12.018333333333334,-0.1049610589021075,-0.09625012119760544,-0.008710937704502056
2025-08-14 12:44:00,11.55,11.55,11.55,11.55,3000,34650.0,11.77,11.888333333333334,12.01875,-0.10612613949747463,-0.09822532485757929,-0.007900814639895337
2025-08-14 13:14:00,12.0,12.0,12.0,12.0,16,192.0,11.77,11.8875,12.020833333333334,-0.06993210133717831,-0.0925666801534991,0.02263457881632079
2025-08-14 14:00:00,12.0,12.0,12.0,12.0,42,504.0,11.77,11.8875,12.022916666666667,-0.04077800190860437,-0.08220894450452017,0.0414309425959158
2025-08-04 10:27:00,12.4,12.4,12.4,12.4,41,508.4,11.79,11.894166666666667,12.026458333333332,0.014437067466021247,-0.06287974211041189,0.07731680957643314
2025-08-11 11:33:00,12.4,12.4,12.4,12.4,12,148.8,11.8125,11.900833333333333,12.02875,0.057532212218605494,-0.03879735124460841,0.0963295634632139
2025-08-18 09:10:00,12.0,12.0,12.0,12.0,14,168.0,11.7925,11.900833333333333,12.030624999999999,0.05873174486272603,-0.019291532023141517,0.07802327688586755
2025-08-18 09:27:00,11.55,11.8,11.55,11.8,5000,58250.0,11.7725,11.906666666666666,12.031041666666669,0.04304782605270496,-0.006823660407972217,0.049871486460677183
2025-08-18 10:04:00,12.0,12.0,12.0,12.0,42,504.0,11.7725,11.907499999999999,12.032708333333336,0.04622369791319869,0.003785811256261968,0.04243788665693672
2025-08-18 12:38:00,12.0,12.0,11.9,11.95,14000,167550.0,11.76,11.9075,12.03375,0.044196546830530536,0.011867958371115685,0.03232858845941485
2025-08-18 13:20:00,12.05,12.05,12.05,12.05,42,506.1,11.780000000000001,11.908333333333333,12.033750000000001,0.050081866673675535,0.019510740031627657,0.030571126642047877
2025-08-27 10:54:00,11.9,11.9,11.9,11.9,80,952.0,11.795,11.906666666666668,12.032916666666665,0.04215632675962944,0.024039857377228017,0.01811646938240142
2025-08-27 11:22:00,11.4,11.45,11.4,11.45,8000,91350.0,11.7925,11.8975,12.030208333333333,-0.0004309917115978834,0.01914568755946284,-0.019576679271060722
2025-08-27 11:23:00,11.4,11.4,11.4,11.4,5000,57000.0,11.81,11.886666666666665,12.027916666666668,-0.03778081681912404,0.00776038668374546,-0.0455412035028695
2025-08-27 11:26:00,11.45,11.45,11.45,11.45,2000,22900.0,11.8025,11.878333333333334,12.025208333333333,-0.06262434570030173,-0.006316559793063983,-0.05630778590723775
2025-08-27 11:41:00,11.45,11.45,11.4,11.4,3000,34300.0,11.7925,11.878333333333332,12.022916666666667,-0.08536358518612097,-0.022125964871675386,-0.06323762031444559
2025-08-27 11:53:00,11.55,11.55,11.55,11.55,1000,11550.0,11.790000000000001,11.870833333333334,12.021041666666665,-0.09024061230251768,-0.03574889435784385,-0.05449171794467383
2025-08-27 11:54:00,11.55,11.55,11.55,11.55,750,8662.5,11.7875,11.863333333333333,12.020416666666668,-0.09303326189738925,-0.04720576786575294,-0.045827494031636315
2025-08-27 11:57:00,11.55,11.55,11.05,11.05,1007,11627.35,11.760000000000002,11.847499999999998,12.016250000000001,-0.13404706699995295,-0.06457402769259295,-0.06947303930736
2025-08-27 12:14:00,11.55,11.55,11.55,11.55,44,508.2,11.754999999999999,11.84,12.014166666666666,-0.12476674829683176,-0.07661257181344072,-0.04815417648339104
2025-08-27 12:18:00,11.55,11.55,11.55,11.55,50,577.5,11.75,11.8325,12.013541666666667,-0.11607400004456636,-0.08450485745966586,-0.0315691425849005
2025-08-27 12:20:00,11.55,11.55,11.45,11.5,10739,123661.55,11.747499999999999,11.824166666666665,12.011458333333334,-0.1119292656583788,-0.08998973909940847,-0.02193952655897033
2025-08-27 12:23:00,11.55,11.55,11.5,11.5,6000,69250.0,11.7225,11.818333333333333,12.01,-0.10740641945087326,-0.09347307516970144,-0.013933344281171822
2025-08-27 12:30:00,11.6,11.6,11.6,11.6,2000,23200.0,11.702499999999999,11.816666666666666,12.009791666666667,-0.0946616662176325,-0.09371079337928766,-0.0009508728383448434
2025-08-27 13:15:00,11.55,11.55,11.55,11.55,1000,11550.0,11.66,11.814166666666665,12.009375,-0.08758629925463524,-0.09248589455435718,0.004899595299721948
2025-08-27 13:18:00,11.55,11.55,11.5,11.5,4000,46050.0,11.615,11.8075,12.008750000000001,-0.08503339010408695,-0.09099539366430315,0.0059620035602162
2025-08-20 11:16:00,11.9,12.0,11.9,12.0,8000,95700.0,11.615,11.808333333333334,12.008750000000001,-0.04217816623851256,-0.08123194817914503,0.03905378194063247
2025-08-20 11:26:00,11.85,11.85,11.85,11.85,3000,35550.0,11.6175,11.806666666666667,12.009375,-0.020087285247095465,-0.06900301559273513,0.04891573034563966
2025-08-20 11:51:00,12.05,12.05,12.05,12.05,42,506.1,11.620000000000001,11.807500000000001,12.010625,0.013403715931332272,-0.052521669287921645,0.06592538521925392
2025-08-20 14:59:00,12.05,12.05,12.05,12.05,80,964.0,11.625,11.808333333333334,12.012083333333333,0.039490355419486534,-0.034119264346440005,0.07360961976592653
2025-08-08 09:13:00,12.3,12.3,12.3,12.3,41,504.3,11.6375,11.813333333333333,12.014583333333333,0.07942159313334507,-0.011411092850482984,0.09083268598382806
2025-08-08 09:18:00,12.3,12.3,12.3,12.3,1000,12300.0,11.6575,11.818333333333333,12.017083333333334,0.10980166150593185,0.012831458020799989,0.09697020348513186
2025-08-08 09:19:00,12.3,12.3,12.0,12.0,5000,60600.0,11.685,11.8175,12.018333333333334,0.1084207844587457,0.031949323308389135,0.07647146115035656
2025-08-08 10:31:00,12.3,12.3,12.3,12.3,41,504.3,11.73,11.821666666666665,12.020833333333334,0.13003496016868432,0.05156645068044818,0.07846850948823614
2025-08-08 12:53:00,11.9,12.0,11.9,12.0,8000,95700.0,11.7575,11.820833333333333,12.022083333333335,0.12155563959762716,0.06556428846388399,0.05599135113374318
2025-08-08 13:17:00,12.2,12.2,12.2,12.2,1000,12200.0,11.797500000000001,11.824166666666667,12.022083333333333,0.12948146377018688,0.07834772352514457,0.0511337402450423
2025-08-08 13:33:00,11.9,11.9,11.9,11.9,3000,35700.0,11.815,11.824166666666667,12.023125,0.11028395890515519,0.08473497060114671,0.02554898830400848
2025-08-22 10:20:00,11.95,11.95,11.95,11.95,3000,35850.0,11.835,11.821666666666667,12.022291666666666,0.09797498547636607,0.08738297357619058,0.010592011900175488
2025-08-22 10:21:00,12.0,12.0,12.0,12.0,5000,60000.0,11.8825,11.821666666666667,12.023958333333333,0.0912032828130549,0.08814703542356346,0.003056247389491437
2025-08-22 11:18:00,11.95,11.95,11.95,11.95,150,1792.5,11.9025,11.820833333333333,12.023125,0.0808698601245581,0.0866916003637624,-0.005821740239204301
2025-08-22 11:52:00,11.95,11.95,11.95,11.95,3000,35850.0,11.9225,11.821666666666667,12.022291666666666,0.07185227984012776,0.08372373625903548,-0.011871456418907717
2025-08-12 09:09:00,12.3,12.3,12.2,12.2,5000,61200.0,11.9575,11.825,12.023750000000001,0.0839114146048594,0.08376127192820028,0.0001501426766591235
2025-08-12 11:08:00,11.85,11.85,11.85,11.85,3000,35550.0,11.975,11.8225,12.024791666666667,0.06448297130537917,0.07990561180363606,-0.015422640498256895
2025-08-12 12:19:00,12.4,12.4,12.4,12.4,1000,12400.0,12.015,11.829166666666667,12.027083333333334,0.09240105166840173,0.08240469977658921,0.009996351891812527
2025-08-15 12:14:00,12.0,12.0,12.0,12.0,200,2400.0,12.0375,11.829166666666667,12.027708333333333,0.08131235620731125,0.08218623106273362,-0.0008738748554223685
2025-08-15 14:55:00,12.0,12.0,12.0,12.0,1,12.0,12.0625,11.83,12.027083333333334,0.0716979953052359,0.08008858391123408,-0.008390588605998173
2025-08-01 09:34:00,11.9,11.9,11.9,11.9,437,5200.3,12.057500000000001,11.821666666666667,12.026666666666666,0.05537109721608502,0.07514508657220427,-0.01977398935611925
2025-08-01 09:56:00,12.25,12.25,12.0,12.0,2000,24250.0,12.065000000000001,11.818333333333333,12.02625,0.04992556626628364,0.07010118251102014,-0.020175616244736502
2025-08-01 10:47:00,11.9,12.0,11.9,12.0,13050,155800.0,12.0625,11.818333333333333,12.02625,0.04509017231682222,0.06509898047218056,-0.02000880815535834
2025-08-01 11:18:00,11.85,11.85,11.85,11.85,36,426.6,12.0525,11.8125,12.025,0.02882209817046899,0.057843604011838246,-0.029021505841369255
2025-08-01 13:32:00,11.9,11.9,11.9,11.9,150,1785.0,12.0325,11.816666666666666,12.024375,0.019736603062414204,0.05022220382195344,-0.03048560075953924
2025-08-19 09:20:00,12.05,12.05,12.05,12.05,10000,120500.0,12.02,11.824166666666667,12.024583333333334,0.02435923107675464,0.04504960927291369,-0.02069037819615905
2025-08-19 09:48:00,11.95,11.95,11.95,11.95,302,3608.9,12.0175,11.831666666666669,12.023958333333333,0.019726142129851354,0.03998491584430122,-0.020258773714449868
2025-08-19 10:13:00,11.95,11.95,11.95,11.95,1000,11950.0,12.0,11.846666666666666,12.023958333333333,0.01587142979675349,0.03516221863479168,-0.01929078883803819
2025-08-19 11:31:00,11.95,11.95,11.85,11.85,19200,228290.0,11.9925,11.850833333333332,12.023333333333333,0.004693277059462986,0.02906843031972594,-0.024375153260262954
2025-08-19 12:31:00,12.0,12.0,12.0,12.0,5000,60000.0,11.982499999999998,11.8575,12.023333333333333,0.007847792412759347,0.02482430273833262,-0.016976510325573273
2025-08-19 12:32:00,12.05,12.05,12.0,12.0,10000,120250.0,11.9875,11.864166666666668,12.023333333333333,0.010229845268900917,0.021905411244446282,-0.011675565975545366
2025-08-19 13:53:00,11.9,11.9,11.9,11.9,639,7604.1,11.985,11.869166666666667,12.024375,0.004002338586174048,0.018324796712791837,-0.014322458126617789
2025-08-19 14:12:00,12.05,12.05,12.05,12.05,42,506.1,11.9875,11.876666666666667,12.024791666666665,0.011043439178497039,0.016868525205932877,-0.0058250860274358385
2025-08-21 09:17:00,11.85,11.85,11.85,11.85,3000,35550.0,11.9825,11.879999999999999,12.023541666666667,0.0004797038684536403,0.01359076093843703,-0.01311105706998339
2025-08-21 10:40:00,12.05,12.05,12.05,12.05,42,506.1,11.9875,11.886666666666667,12.023124999999999,0.008152222313652757,0.012503053213480176,-0.004350830899827419
2025-08-21 11:59:00,11.85,12.0,11.85,12.0,3160,37470.0,11.977500000000001,11.894166666666667,12.0225,0.010081947906742883,0.01201883215213272,-0.0019368842453898368
2025-08-21 13:12:00,12.0,12.0,12.0,12.0,150,1800.0,11.985,11.894166666666667,12.021875,0.011478947184444976,0.011910855158595173,-0.00043190797415019674
2025-08-21 13:15:00,12.0,12.0,12.0,12.0,5000,60000.0,11.965,11.894166666666667,12.021458333333333,0.012442648075127849,0.012017213741901709,0.00042543433322613997
2025-08-21 13:21:00,12.0,12.0,12.0,12.0,1000,12000.0,11.965,11.8875,12.021041666666665,0.013055887826229906,0.01222494855876735,0.0008309392674625566
2025-08-21 13:29:00,12.0,12.0,11.95,11.95,7000,83900.0,11.9625,11.879999999999999,12.020416666666668,0.009398957285627674,0.011659750304139415,-0.0022607930185117413
2025-08-25 09:01:00,12.45,12.45,12.45,12.45,1,12.45,11.989999999999998,11.8875,12.023125,0.04631277002691547,0.01859035424869463,0.027722415778220842
2025-08-25 09:24:00,12.45,12.45,12.45,12.45,1000,12450.0,12.0125,11.898333333333335,12.024375,0.07470606753046738,0.029813496905049187,0.044892570625418196
2025-08-25 11:53:00,12.45,12.45,12.45,12.45,50,622.5,12.035,11.905833333333334,12.025833333333335,0.0961001773405954,0.043070832992158435,0.05302934434843696
2025-08-25 12:09:00,12.45,12.45,12.45,12.45,2000,24900.0,12.065,11.914166666666667,12.027083333333334,0.11176678556972064,0.05681002350767088,0.05495676206204976
2025-08-25 14:28:00,12.45,12.45,12.45,12.45,8,99.6,12.0925,11.920833333333333,12.028541666666667,0.12276749816439292,0.0700015184390153,0.052765979725377624
2025-08-25 14:35:00,12.0,12.0,12.0,12.0,2000,24000.0,12.09,11.922499999999998,12.028125,0.09408979437771947,0.07481917362675614,0.019270620750963335
2025-08-13 11:32:00,11.9,12.0,11.85,11.95,17000,202500.0,12.09,11.930833333333334,12.027291666666667,0.06656065557758772,0.07316747001692246,-0.006606814439334738
2025-08-13 11:42:00,11.9,11.95,11.85,11.9,19000,226200.0,12.0875,11.939166666666667,12.026458333333332,0.04024511200964831,0.06658299841546764,-0.026337886405819327
2025-08-13 11:43:00,11.9,11.9,11.9,11.9,2000,23800.0,12.09,11.946666666666665,12.025416666666668,0.019168887140070368,0.057100176160388184,-0.03793128902031782
2025-08-13 11:45:00,11.9,11.9,11.9,11.9,1000,11900.0,12.085,11.955000000000002,12.024375,0.0024377264913688634,0.04616768622658432,-0.04372995973521546
2025-08-13 12:21:00,12.1,12.1,12.1,12.1,142,1718.2,12.09,11.964166666666666,12.024791666666667,0.005255902889206965,0.037985329559108855,-0.03272942666990189
2025-08-13 13:13:00,12.05,12.05,12.05,12.05,101,1217.05,12.0975,11.9725,12.022916666666667,0.0034153755326506996,0.031071338753817224,-0.027655963221166525
2025-08-05 10:11:00,11.9,11.9,11.9,11.9,5000,59500.0,12.09,11.986666666666668,12.020624999999999,-0.010031366704337685,0.022850797662186242,-0.03288216436652393
2025-08-05 10:20:00,12.0,12.0,12.0,12.0,200,2400.0,12.0975,11.994166666666667,12.020000000000001,-0.012475038067170985,0.0157856305163148,-0.028260668583485783
2025-08-05 10:29:00,11.95,11.95,11.9,11.9,10000,119250.0,12.09,12.0,12.017708333333333,-0.02222463770395322,0.008183576872261194,-0.030408214576214412
2025-08-05 10:30:00,12.4,12.4,12.4,12.4,41,508.4,12.110000000000001,12.014999999999999,12.01875,0.010276099192628507,0.008602081336334657,0.00167401785629385
2025-08-05 12:28:00,12.4,12.4,12.4,12.4,4,49.6,12.129999999999999,12.030000000000001,12.019583333333333,0.035622532952713115,0.014006171659610352,0.021616361293102765
2025-08-05 13:07:00,12.4,12.4,12.4,12.4,81,1004.4,12.15,12.043333333333333,12.020208333333333,0.05507489520972797,0.02221991636963388,0.03285497884009409
2025-08-26 09:01:00,11.95,12.0,11.4,11.4,14000,165450.0,12.120000000000001,12.040833333333333,12.015833333333335,-0.010084363936027074,0.015759060308501688,-0.025843424244528762
2025-08-26 09:06:00,11.7,11.7,11.7,11.7,5000,58500.0,12.1075,12.044166666666667,12.013333333333332,-0.037088520087987575,0.005189544229203833,-0.04227806431719141
2025-08-26 09:27:00,11.9,11.9,11.75,11.8,7000,83050.0,12.075,12.040833333333333,12.010833333333332,-0.04984575331145358,-0.005817515278927652,-0.044028238032525924
2025-08-26 09:43:00,11.7,11.7,11.5,11.5,2000,23200.0,12.0275,12.035,12.006875,-0.08320431776503767,-0.021294875776149663,-0.06190944198888801
2025-08-26 12:29:00,11.95,11.95,11.5,11.8,19000,224850.0,11.995000000000001,12.030833333333332,12.004166666666666,-0.08446012390086466,-0.03392792540109267,-0.05053219849977199
2025-08-26 13:04:00,11.55,11.55,11.5,11.5,2000,23050.0,11.947500000000002,12.021666666666667,12.000416666666668,-0.10841313299416555,-0.04882496691970725,-0.0595881660744583
2025-08-26 14:11:00,11.45,11.45,11.45,11.45,1000,11450.0,11.897499999999999,12.0075,11.99625,-0.12993286224966738,-0.06504654598569928,-0.0648863162639681
2025-08-26 14:48:00,11.9,11.9,11.9,11.9,30,357.0,11.8925,12.000833333333333,11.992500000000001,-0.10941489671196081,-0.0739202161309516,-0.035494680581009214
2025-08-28 10:25:00,11.6,11.6,11.5,11.5,8000,92600.0,11.870000000000001,11.9925,11.986875,-0.12400150608598359,-0.083936474121958,-0.040065031964025596
2025-08-28 10:26:00,11.5,11.5,11.5,11.5,1000,11500.0,11.85,11.979166666666666,11.983333333333333,-0.1340166387170747,-0.09395250704098135,-0.04006413167609335
2025-08-28 10:28:00,11.5,11.6,11.5,11.5,11000,126900.0,11.83,11.970833333333333,11.977708333333334,-0.140335997459756,-0.1032292051247363,-0.037106792335019706
2025-08-28 11:53:00,11.6,11.6,11.5,11.5,10000,115500.0,11.809999999999999,11.959166666666667,11.974375,-0.14368779137542198,-0.11132092237487345,-0.032366869000548526
2025-08-28 12:03:00,11.6,11.6,11.5,11.5,10000,115500.0,11.78,11.952499999999999,11.971041666666668,-0.14467637303156522,-0.11799201250621183,-0.02668436052535339
2025-08-28 12:11:00,11.3,11.3,11.3,11.3,110,1243.0,11.742500000000001,11.941666666666666,11.966666666666667,-0.1597565851777567,-0.12634492704052083,-0.03341165813723587
2025-08-28 12:33:00,11.3,11.3,11.3,11.3,2000,22600.0,11.7125,11.93,11.961666666666668,-0.16975097833869945,-0.13502613730015656,-0.0347248410385429
2025-08-28 13:34:00,11.3,11.5,11.3,11.5,4000,45600.0,11.6875,11.922500000000001,11.957500000000001,-0.15969244331279064,-0.13995939850268338,-0.019733044810107264
2025-08-28 13:36:00,11.6,11.6,11.6,11.6,500,5800.0,11.6725,11.916666666666666,11.953750000000001,-0.1420147598216861,-0.14037047076648393,-0.0016442890552021694
2025-08-28 14:49:00,11.55,11.55,11.5,11.5,9000,103750.0,11.627500000000001,11.905000000000001,11.951666666666666,-0.13452352905433607,-0.13920108242405435,0.004677553369718285
2025-08-07 09:58:00,11.9,12.0,11.9,12.0,10000,119500.0,11.607499999999998,11.9075,11.951666666666666,-0.08723525960351353,-0.1288079178599462,0.041572658256432665
2025-08-07 10:01:00,11.9,12.0,11.9,11.95,9000,107400.0,11.585,11.9,11.951458333333335,-0.05318051562234416,-0.11368243741242579,0.060501921790081625
2025-09-01 10:38:00,11.5,11.5,11.5,11.5,1000,11500.0,11.59,11.891666666666667,11.949583333333333,-0.0617908385359911,-0.10330411763713886,0.04151327910114776
2025-09-01 10:49:00,11.5,11.5,11.5,11.5,250,2875.0,11.58,11.883333333333333,11.947291666666668,-0.067832648926613,-0.0962098238950337,0.028377174968420696
2025-09-01 13:02:00,11.5,11.5,11.5,11.5,1000,11500.0,11.565000000000001,11.876666666666665,11.945208333333335,-0.07179323941582894,-0.09132650699919276,0.019533267583363823
2025-09-01 13:03:00,11.5,11.55,11.5,11.55,6000,69250.0,11.5675,11.869166666666667,11.943333333333333,-0.07008950558924987,-0.08707910671720419,0.01698960112795432
2025-09-02 09:42:00,11.65,11.65,11.65,11.65,20,233.0,11.559999999999999,11.863333333333333,11.939791666666668,-0.05997872261299442,-0.08165902989636224,0.021680307283367825
2025-09-02 12:01:00,11.3,11.3,11.3,11.3,1000,11300.0,11.55,11.854166666666666,11.935,-0.07929387871292981,-0.08118599965967577,0.0018921209467459565
2025-09-02 13:31:00,11.65,11.65,11.65,11.65,43,500.95,11.56,11.85,11.93375,-0.06560297390561054,-0.07806939450886273,0.01246642060325219
2025-09-03 12:44:00,11.45,11.45,11.45,11.45,1000,11450.0,11.5375,11.84,11.929791666666667,-0.07008328525137841,-0.07647217265736587,0.006388887405987462
2025-09-03 12:48:00,11.45,11.45,11.45,11.45,1000,11450.0,11.535,11.831666666666667,11.925625,-0.07279483077582505,-0.07573670428105772,0.0029418735052326728
2025-09-03 12:51:00,11.45,11.45,11.45,11.45,3000,34350.0,11.5325,11.823333333333332,11.921458333333334,-0.07408969030892898,-0.07540730148663198,0.0013176111777030014
2025-09-03 13:10:00,11.45,11.45,11.45,11.45,1000,11450.0,11.53,11.816666666666666,11.919166666666666,-0.07425985444103134,-0.07517781207751185,0.0009179576364805181
2025-09-04 10:12:00,11.3,11.3,11.3,11.3,3000,33900.0,11.52,11.805,11.914583333333333,-0.08551271973608365,-0.07724479360922622,-0.008267926126857436
2025-09-04 10:53:00,11.4,11.4,11.3,11.3,8000,90900.0,11.51,11.793333333333333,11.911666666666665,-0.09335456326085811,-0.0804667475395526,-0.012887815721305512
2025-09-04 10:56:00,11.65,11.65,11.65,11.65,43,500.95,11.5275,11.789166666666667,11.91,-0.07051436017330559,-0.0784762700663032,0.00796190989299761
2025-09-04 11:38:00,11.2,11.2,11.2,11.2,1000,11200.0,11.5225,11.775,11.904791666666664,-0.08771346760985921,-0.0803237095750144,-0.007389758034844804
2025-09-05 09:38:00,11.2,11.3,11.2,11.3,10000,112500.0,11.5125,11.765833333333335,11.901874999999999,-0.09221176013012311,-0.08270131968603615,-0.009510440444086957
2025-09-05 09:45:00,11.15,11.25,11.15,11.25,2000,22400.0,11.495,11.7525,11.898333333333333,-0.09867382110605405,-0.08589581997003974,-0.012778001136014308
2025-09-05 10:45:00,11.65,11.65,11.5,11.5,6000,69750.0,11.495,11.744166666666667,11.895833333333334,-0.08266918145920776,-0.08525049226787336,0.002581310808665596
2025-09-05 10:52:00,11.5,11.5,11.5,11.5,4000,46000.0,11.469999999999999,11.735833333333334,11.891875,-0.06918783493864211,-0.08203796080202712,0.012850125863385006
2025-09-05 12:39:00,11.5,11.5,11.45,11.45,3000,34400.0,11.445,11.726666666666667,11.887708333333332,-0.061825665044310085,-0.07799550165048372,0.016169836606173632
2025-09-05 12:47:00,11.45,11.45,11.45,11.45,3000,34350.0,11.442499999999999,11.7175,11.885416666666666,-0.05535301723485553,-0.07346700476735808,0.018113987532502554
2025-09-05 12:54:00,11.45,11.5,11.45,11.5,3000,34400.0,11.442499999999999,11.71,11.882708333333333,-0.045662446817363644,-0.0679060931773592,0.022243646359995553
2025-09-05 13:19:00,11.55,11.55,11.55,11.55,1000,11550.0,11.445,11.695,11.879999999999999,-0.03356114581428571,-0.0610371037047445,0.027475957890458792
2025-09-05 13:20:00,11.55,11.55,11.55,11.55,2000,23100.0,11.445,11.68,11.877291666666668,-0.02369760632966056,-0.05356920422972772,0.02987159790006716
2025-09-05 13:21:00,11.55,11.55,11.5,11.5,6000,69100.0,11.4375,11.664166666666667,11.874166666666667,-0.01968830780091224,-0.046793024943964624,0.027104717143052383
2025-09-08 12:53:00,11.45,11.45,11.3,11.3,2000,22750.0,11.4375,11.645,11.872083333333334,-0.032277167269263884,-0.04388985340902448,0.011612686139760596
2025-09-09 10:20:00,11.2,11.2,11.2,11.2,3000,33600.0,11.415,11.624166666666667,11.86875,-0.04974961081547136,-0.04506180489031386,-0.0046878059251574955
2025-09-09 11:13:00,11.65,11.65,11.65,11.65,43,500.95,11.425,11.618333333333334,11.867291666666667,-0.026974464182838886,-0.04144433674881887,0.014469872565979987
2025-09-10 11:23:00,11.4,11.5,11.4,11.5,7000,80300.0,11.4275,11.610833333333334,11.866041666666666,-0.020789098995640742,-0.03731328919818325,0.016524190202542505
2025-09-10 11:36:00,11.55,11.55,11.5,11.5,6000,69250.0,11.43,11.604166666666666,11.863333333333335,-0.01570610235045322,-0.032991851828637245,0.017285749478184023
2025-09-10 11:43:00,11.5,11.5,11.4,11.4,8000,91400.0,11.4275,11.595833333333333,11.860833333333336,-0.019521918627294355,-0.030297865188368668,0.010775946561074314
2025-09-10 14:51:00,11.45,11.45,11.4,11.4,3000,34250.0,11.432500000000001,11.5875,11.857499999999998,-0.022289046267244927,-0.028696101404143925,0.006407055136898997
2025-09-10 14:56:00,11.4,11.45,11.4,11.45,6000,68450.0,11.440000000000001,11.576666666666666,11.854375000000001,-0.020214413549059174,-0.026999763833126977,0.006785350284067803
2025-09-11 10:52:00,11.55,11.55,11.5,11.5,10000,115250.0,11.432500000000001,11.567499999999999,11.851458333333333,-0.01437002137898169,-0.02447381534229792,0.010103793963316229
2025-09-11 13:31:00,11.45,11.45,11.45,11.45,300,3435.0,11.444999999999999,11.56,11.848749999999999,-0.013615924705797866,-0.02230223721499791,0.008686312509200045
2025-09-11 14:36:00,11.4,11.5,11.4,11.5,7000,80000.0,11.455000000000002,11.551666666666668,11.846666666666666,-0.008881337002241807,-0.01961805717244669,0.010736720170204883
2025-09-11 14:44:00,11.35,11.35,11.35,11.35,600,6810.0,11.46,11.5425,11.843124999999999,-0.017036502339886184,-0.01910174620593459,0.002065243866048408
2025-09-12 13:04:00,11.45,11.45,11.45,11.45,2000,22900.0,11.4575,11.526666666666667,11.84,-0.015254520740150213,-0.018332301112777716,0.003077780372627504
2025-09-12 13:05:00,11.45,11.45,11.45,11.45,1000,11450.0,11.455,11.510833333333332,11.837708333333332,-0.01368454061796065,-0.017402749013814302,0.0037182083958536526
2025-09-12 13:06:00,11.45,11.45,11.45,11.45,1000,11450.0,11.455,11.495,11.835416666666667,-0.012298550030855893,-0.016381909217222622,0.004083359186366729
2025-09-15 11:09:00,11.35,11.35,11.35,11.35,2000,22700.0,11.45,11.494166666666667,11.83375,-0.019049713530636225,-0.016915470079905345,-0.0021342434507308806
2025-09-16 10:29:00,11.55,11.55,11.55,11.55,1000,11550.0,11.4525,11.491666666666667,11.83125,-0.008167579936095848,-0.015165892051143446,0.006998312115047598
2025-09-16 10:50:00,11.4,11.4,11.4,11.4,3000,34200.0,11.444999999999999,11.485000000000001,11.827916666666665,-0.011514425924008975,-0.014435598825716553,0.002921172901707578
2025-09-16 11:14:00,11.35,11.35,11.35,11.35,100,1135.0,11.435,11.4825,11.824375,-0.017993984166118082,-0.015147275893796861,-0.002846708272321221
2025-09-16 11:19:00,11.35,11.35,11.35,11.35,3000,34050.0,11.4275,11.475,11.820833333333333,-0.0228655014878143,-0.016690921012600352,-0.006174580475213947
2025-09-16 12:35:00,11.35,11.35,11.35,11.35,1000,11350.0,11.43,11.4725,11.817291666666668,-0.02642164182261375,-0.018637065174603035,-0.007784576648010716
2025-09-18 09:30:00,11.0,11.0,11.0,11.0,1000,11000.0,11.42,11.465,11.812291666666669,-0.05682691824648778,-0.026275035788979988,-0.03055188245750779
2025-09-18 09:31:00,11.0,11.0,11.0,11.0,1000,11000.0,11.3875,11.45,11.807291666666666,-0.08000111580654234,-0.037020251792492465,-0.04298086401404988
2025-09-18 09:52:00,11.1,11.1,11.0,11.0,3000,33200.0,11.3625,11.441666666666666,11.802291666666667,-0.09724584476890286,-0.04906537038777455,-0.0481804743811283
2025-09-18 09:55:00,11.2,11.2,11.0,11.0,2000,22200.0,11.3375,11.433333333333334,11.798125,-0.10964845754831565,-0.06118198781988278,-0.04846646972843287
2025-09-18 09:59:00,11.0,11.2,11.0,11.1,6000,66550.0,11.3225,11.426666666666668,11.795,-0.11013884126382933,-0.0709733585086721,-0.03916548275515723
2025-09-18 10:02:00,11.05,11.05,11.0,11.0,2000,22050.0,11.302499999999998,11.418333333333333,11.791666666666666,-0.11724510951656875,-0.08022770871025144,-0.03701740080631731
2025-09-18 10:11:00,11.0,11.0,11.0,11.0,1000,11000.0,11.28,11.41,11.787291666666667,-0.12147657199929363,-0.08847748136805988,-0.03299909063123374
2025-09-18 11:28:00,11.0,11.0,11.0,11.0,1000,11000.0,11.254999999999999,11.405,11.784166666666666,-0.12340747198434343,-0.0954634794913166,-0.02794399249302683
2025-09-18 11:29:00,11.0,11.0,11.0,11.0,1000,11000.0,11.232499999999998,11.4,11.780416666666667,-0.12351393240585828,-0.10107357007422495,-0.022440362331633337
2025-09-18 12:34:00,11.0,11.0,11.0,11.0,1000,11000.0,11.2075,11.391666666666667,11.777291666666667,-0.12218977538674913,-0.10529681113672978,-0.01689296425001935
2025-09-18 12:35:00,11.0,11.0,11.0,11.0,1000,11000.0,11.19,11.381666666666666,11.774375,-0.11975985435597458,-0.10818941978057876,-0.011570434575395819
2025-09-18 13:21:00,11.1,11.1,11.0,11.0,8000,88500.0,11.1675,11.373333333333333,11.770000000000001,-0.11649128540758014,-0.10984979290597904,-0.006641492501601093
2025-09-19 09:50:00,10.95,11.0,10.95,11.0,14050,154050.0,11.145,11.356666666666666,11.765625,-0.11260290477385126,-0.11040041527955351,-0.0022024894942977574
2025-09-19 11:17:00,11.05,11.05,11.05,11.05,250,2762.5,11.125,11.341666666666667,11.761458333333334,-0.10428462473575806,-0.10917725717079442,0.004892632435036362
2025-09-19 11:40:00,11.05,11.05,11.05,11.05,5000,55250.0,11.11,11.334166666666668,11.757708333333333,-0.09657902499382409,-0.10665761073540037,0.010078585741576274
2025-09-19 11:46:00,11.05,11.05,11.05,11.05,1000,11050.0,11.084999999999999,11.326666666666666,11.75375,-0.08944125852941553,-0.10321434029420341,0.013773081764787878
2025-09-19 11:47:00,11.05,11.05,11.0,11.0,9000,99200.0,11.065000000000001,11.318333333333333,11.749166666666667,-0.08681832174357318,-0.09993513658407738,0.013116814840504198
2025-09-19 13:22:00,10.95,11.0,10.55,10.8,31000,335250.0,11.0375,11.305833333333334,11.744374999999998,-0.09972834766072225,-0.09989377879940636,0.0001654311386841134
2025-09-23 09:01:00,10.55,10.55,10.55,10.55,3000,31650.0,10.997499999999999,11.2875,11.737916666666667,-0.1286495548874278,-0.10564493401701067,-0.02300462087041713
2025-09-23 10:07:00,10.55,10.55,10.55,10.55,1000,10550.0,10.9575,11.275,11.731458333333334,-0.1498425285848466,-0.11448445293057787,-0.035358075654268725
2025-09-23 11:03:00,10.55,11.0,10.5,10.8,7000,75200.0,10.947500000000002,11.260833333333332,11.726249999999999,-0.14479608315023462,-0.12054677897450923,-0.024249304175725392
2025-09-24 11:17:00,10.55,10.65,10.55,10.6,6000,63550.0,10.9275,11.246666666666668,11.720416666666665,-0.15514663350032087,-0.12746674987967158,-0.027679883620649298
2025-09-24 13:17:00,11.0,11.0,11.0,11.0,50,550.0,10.9275,11.239166666666668,11.716249999999999,-0.1295791543330047,-0.1278892307703382,-0.0016899235626665066
2025-09-25 09:45:00,11.0,11.0,11.0,11.0,1,11.0,10.9275,11.231666666666667,11.711666666666666,-0.10807096804142624,-0.12392557822455581,0.015854610183129572
2025-09-25 09:46:00,11.0,11.0,11.0,11.0,3,33.0,10.922500000000001,11.224166666666667,11.7075,-0.08998824695211027,-0.11713811197006671,0.027149865017956437
2025-09-25 09:47:00,11.0,11.0,11.0,11.0,3,33.0,10.922500000000001,11.219166666666668,11.703125,-0.07479536579151258,-0.1086695627343559,0.033874196942843326
2025-09-25 09:48:00,11.0,11.0,11.0,11.0,1,11.0,10.922500000000001,11.214166666666667,11.698749999999999,-0.06203974248002986,-0.0993435986834907,0.03730385620346084
2025-09-25 12:09:00,10.9,10.9,10.8,10.8,2000,21700.0,10.9125,11.2,11.69375,-0.06729343085445194,-0.09293356511768296,0.025640134263231015
2025-09-26 09:35:00,10.55,10.85,10.5,10.6,19000,200900.0,10.892500000000002,11.19,11.687916666666666,-0.08659710771926044,-0.09166627363799847,0.005069165918738031
2025-09-26 09:37:00,10.7,10.7,10.7,10.7,5000,53500.0,10.877500000000001,11.18,11.682291666666666,-0.09275700147124333,-0.09188441920464745,-0.000872582266595881
2025-09-26 09:38:00,10.45,10.5,10.45,10.5,13000,136000.0,10.852500000000001,11.167499999999999,11.675833333333335,-0.11248048516329412,-0.0960036323963768,-0.01647685276691732
2025-09-26 10:00:00,10.7,10.7,10.7,10.7,10,107.0,10.8375,11.154166666666667,11.670208333333333,-0.1106971121566307,-0.09894232834842759,-0.011754783808203106
2025-09-26 10:06:00,10.7,10.7,10.7,10.7,250,2675.0,10.822500000000002,11.140833333333335,11.664583333333333,-0.10803837704136399,-0.10076153808701488,-0.0072768389543491074
2025-09-26 10:11:00,10.7,10.7,10.7,10.7,5000,53500.0,10.805,11.128333333333332,11.659166666666668,-0.10472411588790465,-0.10155405364719285,-0.003170062240711799
2025-09-26 10:13:00,10.7,10.7,10.7,10.7,4000,42800.0,10.7875,11.115833333333335,11.65375,-0.10093403531596046,-0.10143004998094637,0.0004960146649859165
2025-09-26 10:14:00,10.75,10.75,10.75,10.75,5000,53750.0,10.772499999999999,11.103333333333333,11.648541666666667,-0.09282574956510992,-0.09970918989777909,0.0068834403326691745
2025-09-26 10:18:00,10.55,10.7,10.5,10.6,13000,137200.0,10.752500000000001,11.0875,11.642708333333333,-0.09738107269973995,-0.09924356645817127,0.0018624937584313245
2025-09-26 12:34:00,10.7,10.7,10.7,10.7,100,1070.0,10.747499999999999,11.073333333333332,11.639583333333333,-0.0918630942701828,-0.09776747202057359,0.0059043777503907935
2025-09-26 12:58:00,10.7,10.7,10.7,10.7,4000,42800.0,10.754999999999999,11.06,11.634375,-0.08649301892770644,-0.09551258140200017,0.009019562474293724
2025-09-26 12:59:00,10.7,10.7,10.7,10.7,1000,10700.0,10.7625,11.05,11.629166666666666,-0.08130001951205656,-0.09267006902401145,0.011370049511954888
2025-09-30 11:47:00,10.6,10.6,10.6,10.6,250,2650.0,10.7525,11.04,11.623333333333333,-0.08428214225464536,-0.09099248367013825,0.006710341415492885
2025-09-30 12:59:00,11.05,11.05,11.05,11.05,1000,11050.0,10.775,11.030000000000001,11.619374999999998,-0.04976064705576633,-0.08274611634726388,0.03298546929149755
2025-10-01 13:17:00,10.55,10.65,10.55,10.65,8000,84900.0,10.757499999999999,11.015833333333335,11.61375,-0.054055650565981495,-0.07700802319100741,0.02295237262502592
2025-10-02 09:07:00,11.0,11.0,11.0,11.0,1000,11000.0,10.757499999999999,11.0075,11.609375,-0.02888443507607974,-0.06738330556802188,0.038498870491942144
2025-10-02 09:40:00,11.05,11.05,11.0,11.0,15000,165500.0,10.757499999999999,11.000833333333334,11.605416666666665,-0.008834229947799699,-0.055673490443977444,0.046839260496177745
2025-10-02 09:41:00,11.0,11.0,11.0,11.0,5000,55000.0,10.757499999999999,10.994166666666667,11.60375,0.00697529520909157,-0.04314373331336364,0.05011902852245521
2025-10-02 09:42:00,11.05,11.05,11.0,11.0,8000,88250.0,10.757499999999999,10.986666666666668,11.599583333333333,0.019282184774075617,-0.030658549695875788,0.049940734469951405
2025-10-02 09:46:00,11.1,11.1,11.05,11.05,19000,210450.0,10.77,10.979166666666666,11.595625000000002,0.03269319870932996,-0.017988200014834636,0.0506813987241646
2025-10-02 09:47:00,11.0,11.0,11.0,11.0,1500,16500.0,10.79,10.971666666666666,11.591458333333334,0.03883922730578959,-0.006622714550709789,0.04546194185649938
2025-10-02 09:48:00,11.0,11.0,11.0,11.0,1000,11000.0,10.805,10.963333333333333,11.587291666666667,0.04321187959867778,0.003344204279167729,0.039867675319510056
2025-10-02 10:27:00,11.0,11.05,11.0,11.05,4000,44100.0,10.8325,10.958333333333334,11.583333333333334,0.050133907695968816,0.01270214496252795,0.037431762733440864
2025-10-02 11:04:00,11.0,11.0,11.0,11.0,5000,55000.0,10.8475,10.950833333333334,11.579166666666667,0.050997218510701714,0.020361159672162704,0.03063605883853901
2025-10-02 12:03:00,10.95,11.0,10.95,11.0,13000,142500.0,10.8625,10.943333333333333,11.575624999999999,0.051092436744342606,0.02650741508659869,0.024585021657743917
2025-10-02 13:16:00,11.05,11.05,11.05,11.05,122,1348.1,10.879999999999999,10.936666666666667,11.572916666666666,0.054573391921763914,0.03212061045363174,0.022452781468132177
2025-10-02 13:22:00,11.05,11.05,11.05,11.05,100,1105.0,10.8975,10.931666666666667,11.570208333333335,0.056678717010377966,0.03703223176498099,0.01964648524539698
2025-10-03 09:07:00,11.05,11.05,11.05,11.05,2000,22100.0,10.9125,10.923333333333334,11.566666666666666,0.057682276928689546,0.0411622407977227,0.016520036130966843
2025-10-03 09:19:00,11.05,11.05,11.05,11.05,8000,88400.0,10.934999999999999,10.917499999999999,11.562916666666666,0.0578111939367254,0.04449203142552325,0.013319162511202152
2025-10-03 09:20:00,11.1,11.1,11.05,11.05,9000,99700.0,10.9525,10.9125,11.559166666666666,0.05725338026567961,0.04704430119355453,0.01020907907212508
2025-10-03 09:32:00,11.0,11.0,11.0,11.0,1000,11000.0,10.967500000000001,10.906666666666668,11.555,0.05217528260015314,0.048070497474874255,0.004104785125278884
2025-10-03 09:33:00,11.0,11.0,11.0,11.0,3000,33000.0,10.9825,10.900833333333335,11.550833333333333,0.04760212593798485,0.04797682316749638,-0.00037469722951152806
2025-10-03 09:35:00,11.0,11.0,11.0,11.0,1000,11000.0,11.002500000000001,10.900833333333335,11.546666666666665,0.04347669406947219,0.047076797347891546,-0.0036001032784193573
2025-10-03 11:43:00,11.0,11.05,11.0,11.05,13000,143150.0,11.0025,10.901666666666667,11.542708333333334,0.04373766119164024,0.04640897011664129,-0.0026713089250010452
2025-10-03 13:35:00,11.1,11.1,11.05,11.05,15000,166250.0,11.0225,10.902500000000002,11.538541666666667,0.0434436877267661,0.04581591363866626,-0.002372225911900158
2025-10-03 13:45:00,11.1,11.1,11.05,11.05,10000,110750.0,11.025000000000002,10.903333333333334,11.534375,0.04271828187563642,0.0451963872860603,-0.0024781054104238767
2025-10-07 09:17:00,11.05,11.05,11.05,11.05,20,221.0,11.0275,10.9025,11.530208333333333,0.04166312593101118,0.04448973501505048,-0.002826609084039297
2025-10-07 09:20:00,10.95,10.95,10.95,10.95,2000,21900.0,11.025000000000002,10.901666666666667,11.525833333333333,0.032384435365496955,0.04206867508513978,-0.009684239719642822
2025-10-07 09:44:00,11.05,11.05,11.0,11.0,2000,22050.0,11.025000000000002,10.901666666666667,11.522083333333333,0.02873435659917689,0.039401811387947204,-0.010667454788770313
2025-10-07 09:45:00,11.05,11.05,11.0,11.0,2000,22050.0,11.0225,10.901666666666667,11.5175,0.02554715122272455,0.036630879354902675,-0.011083728132178124
2025-10-07 10:00:00,11.05,11.05,11.0,11.0,3000,33050.0,11.0225,10.901666666666667,11.513333333333332,0.022758917366841658,0.033856486957290474,-0.011097569590448816
2025-10-07 11:31:00,11.05,11.05,11.0,11.0,2000,22050.0,11.0225,10.901666666666667,11.509166666666665,0.02031504278041396,0.03114819812191517,-0.01083315534150121
2025-10-07 12:01:00,10.95,11.0,10.95,11.0,8000,87750.0,11.02,10.901666666666667,11.505416666666665,0.01816881576506013,0.028552321650544166,-0.010383505885484035
2025-10-08 10:36:00,10.9,10.9,10.85,10.85,10000,108750.0,11.0125,10.899166666666668,11.500624999999998,0.004314434875366757,0.023704744295508683,-0.019390309420141926
2025-10-08 10:56:00,10.95,10.95,10.95,10.95,4000,43800.0,11.01,10.898333333333333,11.49625,0.0013879035814436946,0.019241376152695687,-0.017853472571251992
2025-10-08 11:40:00,10.95,10.95,10.95,10.95,1000,10950.0,11.005,10.896666666666668,11.491874999999999,-0.0009207793819587806,0.015208945045764793,-0.016129724427723573
2025-10-09 09:30:00,11.0,11.0,11.0,11.0,10000,110000.0,11.002500000000001,10.895833333333334,11.487708333333332,0.0012695206254260682,0.012421060161697048,-0.01115153953627098
2025-10-09 10:34:00,11.4,11.4,11.4,11.4,11,125.4,11.02,10.901666666666667,11.485416666666667,0.03487993207707518,0.016912834544772676,0.017967097532302505
2025-10-09 10:39:00,10.9,10.9,10.9,10.9,100,1090.0,11.0125,10.9,11.479166666666666,0.020929343532618105,0.017716136342341763,0.0032132071902763425
2025-10-09 12:30:00,10.9,10.9,10.9,10.9,1000,10900.0,11.004999999999999,10.901666666666666,11.47375,0.009760884205389786,0.01612508591495137,-0.006364201709561583
2025-10-13 12:30:00,11.05,11.05,11.05,11.05,13,143.65,11.0075,10.91,11.469791666666667,0.012865243601947185,0.015473117452350532,-0.002607873850403347
2025-10-13 13:27:00,11.05,11.05,11.05,11.05,1000,11050.0,11.01,10.918333333333333,11.465,0.015150821549653415,0.01540865827181111,-0.0002578367221576956
2025-10-14 09:08:00,11.05,11.05,11.05,11.05,1,11.05,11.0125,10.922500000000001,11.4625,0.016768857587889485,0.015680698135026788,0.001088159452862697
2025-10-14 09:09:00,10.95,10.95,10.95,10.95,1000,10950.0,11.0075,10.928333333333333,11.459791666666666,0.009868243571261814,0.014518207222273793,-0.004649963651011979
2025-10-14 11:23:00,10.95,10.95,10.9,10.9,2000,21850.0,11.0,10.926666666666668,11.457291666666666,0.00036071699331685636,0.011686709176482405,-0.011325992183165549
2025-10-14 11:24:00,10.9,10.9,10.9,10.9,3000,32700.0,10.9925,10.925,11.456666666666667,-0.007092310576220839,0.007930905225941757,-0.015023215802162596
2025-10-14 11:44:00,10.9,10.9,10.9,10.9,3000,32700.0,10.985000000000001,10.923333333333334,11.453750000000001,-0.012850753138380355,0.0037745735530773337,-0.01662532669145769
2025-10-14 11:45:00,10.95,10.95,10.95,10.95,1000,10950.0,10.985,10.922500000000001,11.451041666666667,-0.013227302118552942,0.0003741984187512778,-0.01360150053730422
2025-10-14 12:22:00,10.95,10.95,10.95,10.95,4000,43800.0,10.982499999999998,10.921666666666665,11.448333333333332,-0.013371580640127334,-0.0023749573930244455,-0.010996623247102889
2025-10-14 13:16:00,11.0,11.0,10.95,10.95,3000,32900.0,10.98,10.924166666666668,11.445625,-0.013332236682497722,-0.004566413250919102,-0.008765823431578619
2025-10-14 13:29:00,10.85,10.85,10.85,10.85,1000,10850.0,10.9725,10.928333333333335,11.4425,-0.021126685300510317,-0.007878467660837347,-0.01324821763967297
2025-10-14 13:30:00,11.0,11.0,11.0,11.0,1000,11000.0,10.9725,10.933333333333334,11.439791666666668,-0.015026875126013195,-0.009308149153872517,-0.005718725972140678
2025-10-15 09:19:00,11.2,11.2,11.2,11.2,10,112.0,10.982499999999998,10.945,11.437916666666666,0.00587784082410181,-0.006270951158277651,0.012148791982379462
2025-10-15 09:34:00,10.7,10.7,10.7,10.7,1000,10700.0,10.975,10.945,11.434375,-0.017696844295597813,-0.008556129785741684,-0.009140714509856129
2025-10-15 09:36:00,10.7,10.7,10.7,10.7,3000,32100.0,10.9625,10.944999999999999,11.428958333333334,-0.035965365750683986,-0.014037976978730148,-0.02192738877195384
2025-10-15 09:37:00,10.7,10.7,10.7,10.7,1000,10700.0,10.95,10.945,11.423541666666667,-0.04986844819269365,-0.02120407122152285,-0.0286643769711708
2025-10-15 10:02:00,11.0,11.0,11.0,11.0,5000,55000.0,10.95,10.95,11.417708333333334,-0.03626125126614532,-0.024215507230447346,-0.012045744035697976
2025-10-15 10:06:00,11.05,11.05,11.0,11.0,7000,77250.0,10.930000000000001,10.954166666666667,11.411875,-0.025187108360546162,-0.024409827456467113,-0.0007772809040790495
2025-10-15 10:32:00,11.0,11.0,11.0,11.0,3000,33000.0,10.934999999999999,10.960833333333333,11.407708333333334,-0.016223752997353458,-0.022772612564644384,0.006548859567290927
2025-10-16 09:39:00,10.9,10.9,10.9,10.9,2000,21800.0,10.934999999999999,10.964166666666667,11.403958333333332,-0.016993503034766988,-0.021616790658668908,0.00462328762390192
2025-10-16 10:30:00,11.0,11.0,10.9,10.9,2000,21900.0,10.927499999999998,10.9675,11.399375,-0.017402925394165436,-0.020774017605768216,0.0033710922116027796
2025-10-17 10:01:00,10.85,10.85,10.85,10.85,2000,21700.0,10.9175,10.97,11.394791666666666,-0.021513977950457175,-0.020922009674706008,-0.0005919682757511667
2025-10-17 10:02:00,10.85,10.85,10.85,10.85,1000,10850.0,10.907499999999999,10.974166666666667,11.389791666666666,-0.02448971453500981,-0.021635550646766772,-0.002854163888243038
2025-10-17 10:03:00,10.85,10.85,10.85,10.85,1000,10850.0,10.9025,10.970833333333333,11.385416666666666,-0.026542047021083093,-0.022616849921630038,-0.003925197099453055
2025-10-17 10:04:00,10.85,11.0,10.85,11.0,2000,21850.0,10.9075,10.976666666666667,11.383541666666666,-0.015881714387425916,-0.021269822814789216,0.0053881084273633
2025-10-17 11:06:00,11.0,11.0,11.0,11.0,4000,44000.0,10.9125,10.976666666666667,11.381874999999999,-0.007348613727012676,-0.018485580997233908,0.011136967270221232
2025-10-17 11:30:00,10.9,11.0,10.9,11.0,6000,65500.0,10.9175,10.976666666666667,11.379999999999999,-0.0005793911158402665,-0.014904343020955179,0.014324951905114913
2025-10-17 12:48:00,11.0,11.0,11.0,11.0,4000,44000.0,10.92,10.976666666666667,11.378333333333332,0.0047307336207307316,-0.010977327692617996,0.015708061313348728
2025-10-17 14:12:00,11.0,11.0,11.0,11.0,1000,11000.0,10.922500000000001,10.976666666666667,11.376041666666667,0.008837176264815838,-0.007014426901131229,0.015851603165947067
2025-10-20 09:20:00,11.0,11.0,11.0,11.0,10000,110000.0,10.925,10.975833333333334,11.37375,0.011953766071265193,-0.003220788306651944,0.015174554377917137
2025-10-20 09:46:00,10.9,10.9,10.9,10.9,2000,21800.0,10.9275,10.974166666666667,11.373124999999998,0.006282105480064359,-0.0013202095493086829,0.007602315029373042
2025-10-20 09:47:00,10.9,10.9,10.9,10.9,3000,32700.0,10.9225,10.9725,11.370416666666667,0.0017669058091254186,-0.0007027864776218625,0.002469692286747281
2025-10-20 10:01:00,10.9,10.95,10.9,10.95,5001,54510.95,10.91,10.970833333333333,11.367916666666666,0.002197824519253544,-0.00012266427824678103,0.002320488797500325
2025-10-21 09:37:00,11.0,11.0,11.0,11.0,5000,55000.0,10.925,10.970833333333333,11.365833333333333,0.006498996448623728,0.0012016678671273213,0.005297328581496407
2025-10-21 11:15:00,10.9,10.9,10.9,10.9,2000,21800.0,10.934999999999999,10.969166666666666,11.363333333333333,0.0018175898810497415,0.0013248522699118054,0.0004927376111379361
2025-10-21 11:16:00,10.9,10.9,10.9,10.9,3000,32700.0,10.945,10.966666666666667,11.360416666666667,-0.0018708920722456668,0.0006857034014803109,-0.0025565954737259778
2025-10-21 11:29:00,10.95,10.95,10.9,10.9,3000,32750.0,10.94,10.964166666666667,11.357708333333333,-0.004739407653065797,-0.000399318809428911,-0.004340088843636886
2025-10-22 10:20:00,10.8,10.8,10.8,10.8,3000,32400.0,10.930000000000001,10.96,11.354791666666666,-0.014910017778744233,-0.003301458603291977,-0.011608559175452256
2025-10-22 10:28:00,10.8,10.8,10.8,10.8,2000,21600.0,10.92,10.955833333333334,11.349791666666667,-0.022708529782864417,-0.007182872839206466,-0.015525656943657951
2025-10-22 10:48:00,10.9,10.9,10.9,10.9,5000,54500.0,10.92,10.953333333333331,11.345833333333333,-0.02058248044383859,-0.009862794360132893,-0.010719686083705698
2025-10-23 10:09:00,10.7,10.7,10.7,10.7,3000,32100.0,10.91,10.948333333333332,11.340208333333333,-0.03463663004495565,-0.014817561497097448,-0.019819068547858205
2025-10-23 10:12:00,10.7,10.7,10.7,10.7,1000,10700.0,10.9025,10.943333333333332,11.334583333333335,-0.04525299648406644,-0.02090464849449125,-0.024348347989575192
2025-10-23 10:49:00,10.7,10.85,10.7,10.85,6000,64950.0,10.9025,10.940833333333332,11.328541666666666,-0.041089146868165116,-0.024941548169226026,-0.01614759869893909
2025-10-23 12:55:00,11.0,11.0,11.0,11.0,12,132.0,10.91,10.94,11.323125000000001,-0.025392807176299215,-0.025031799970640665,-0.0003610072056585492
2025-10-23 13:18:00,10.95,10.95,10.9,10.9,4000,43650.0,10.905,10.937499999999998,11.318541666666668,-0.020782936395761453,-0.024182027255664824,0.003399090859903371
2025-10-27 09:23:00,11.0,11.0,11.0,11.0,5000,55000.0,10.905,10.936666666666666,11.313125000000001,-0.008957163717042249,-0.02113705454794031,0.012179890830898061
2025-10-27 09:29:00,10.9,10.9,10.9,10.9,2000,21800.0,10.9,10.934166666666668,11.308541666666665,-0.007567089239788771,-0.018423061486310004,0.010855972246521232
2025-10-27 09:30:00,10.9,10.9,10.9,10.9,1000,10900.0,10.895,10.933333333333334,11.303125,-0.006391764914422282,-0.016016802171932458,0.009625037257510176
2025-10-27 10:12:00,11.4,11.4,11.4,11.4,10,114.0,10.915,10.94,11.301041666666666,0.03448795374407965,-0.005915850988730035,0.04040380473280968
2025-10-27 12:33:00,10.9,10.9,10.9,10.9,2000,21800.0,10.91,10.938333333333333,11.296666666666669,0.026237158348385137,0.0005147508786930013,0.025722407469692135
2025-10-28 09:53:00,10.6,10.6,10.6,10.6,1000,10600.0,10.895,10.931666666666667,11.290833333333333,-0.004457762925715869,-0.00047975188218877314,-0.003978011043527096
2025-10-28 10:16:00,10.65,10.65,10.6,10.6,2000,21250.0,10.88,10.925,11.285208333333333,-0.02845568970256629,-0.006074939446264279,-0.022380750256302012
2025-10-28 10:24:00,10.7,10.7,10.6,10.6,2000,21300.0,10.8625,10.918333333333333,11.279583333333333,-0.046933202821723086,-0.014246592121356044,-0.03268661070036704
2025-10-28 10:29:00,11.05,11.05,11.05,11.05,46,508.3,10.864999999999998,10.921666666666665,11.274791666666665,-0.02497759967779345,-0.016392793632643527,-0.008584806045149922
2025-10-28 10:37:00,10.55,10.55,10.55,10.55,3000,31650.0,10.8475,10.915000000000001,11.269375,-0.047377311178385284,-0.022589697141791883,-0.0247876140365934
2025-10-28 10:39:00,10.6,10.6,10.6,10.6,1000,10600.0,10.8325,10.909166666666666,11.261875,-0.06039842632923964,-0.030151442979281438,-0.030246983349958203
2025-10-28 11:30:00,10.6,10.65,10.6,10.65,6000,63850.0,10.82,10.903333333333334,11.25625,-0.06592324958043072,-0.0373058042995113,-0.028617445280919418
2025-10-28 12:45:00,10.65,10.65,10.65,10.65,50,532.5,10.8125,10.890833333333335,11.250624999999998,-0.06950055270224276,-0.043744753980057595,-0.025755798722185162
2025-10-28 12:47:00,10.75,10.75,10.75,10.75,1000,10750.0,10.81,10.888333333333334,11.245833333333334,-0.06353404600050361,-0.0477026123841468,-0.015831433616356805
2025-10-28 12:48:00,10.7,10.7,10.6,10.6,4000,42500.0,10.795,10.883333333333333,11.240000000000002,-0.07010120974129741,-0.052182331855576934,-0.017918877885720476
2025-10-28 14:09:00,11.05,11.05,11.05,11.05,46,508.3,10.8125,10.883333333333333,11.236041666666667,-0.03855011341581083,-0.04945588816762372,0.01090577475181289
2025-10-29 09:27:00,10.55,10.55,10.55,10.55,6000,63300.0,10.805,10.875,11.230625,-0.053277315856917085,-0.050220173705482395,-0.00305714215143469
2025-10-29 09:41:00,10.65,10.7,10.55,10.55,11000,117300.0,10.790000000000001,10.866666666666667,11.225,-0.06420857342921238,-0.053017853650228396,-0.011190719778983983
2025-10-29 09:49:00,10.5,10.5,10.5,10.5,2000,21000.0,10.765,10.859166666666669,11.218541666666665,-0.07602983137412522,-0.057620249195007765,-0.018409582179117458
2025-10-29 09:53:00,10.5,10.5,10.5,10.5,1000,10500.0,10.745000000000001,10.8525,11.2125,-0.08442506387941151,-0.06298121213188852,-0.021443851747522988
2025-10-29 10:24:00,10.5,10.6,10.5,10.6,8000,84500.0,10.725,10.8475,11.206875,-0.08206320827666325,-0.06679761136084347,-0.015265596915819774
2025-10-29 10:48:00,10.7,10.7,10.65,10.65,11000,117400.0,10.7125,10.843333333333334,11.201875,-0.0752889543625237,-0.06849587996117952,-0.006793074401344176
2025-10-29 10:49:00,10.75,10.75,10.75,10.75,5000,53750.0,10.705,10.84,11.196666666666665,-0.06114628871056382,-0.06702596171105639,0.005879673000492566
2025-10-29 10:52:00,10.8,10.8,10.8,10.8,4000,43200.0,10.675,10.8375,11.191666666666666,-0.04538042486688276,-0.06269685434222166,0.0173164294753389
2025-10-29 12:03:00,11.2,11.2,11.2,11.2,10,112.0,10.690000000000001,10.841666666666667,11.188749999999999,-0.000602264592014734,-0.05027793639218028,0.04967567180016554
2025-10-29 12:33:00,10.75,10.75,10.75,10.75,2000,21500.0,10.697500000000002,10.840000000000002,11.183333333333334,-0.0014102328713399004,-0.0405043956880122,0.0390941628166723
2025-10-29 13:14:00,11.2,11.2,11.2,11.2,20,224.0,10.7275,10.843333333333334,11.180625,0.03387025047530301,-0.025629466455349158,0.05949971693065217
2025-10-29 13:25:00,11.2,11.2,11.2,11.2,100,1120.0,10.7575,10.843333333333334,11.177083333333334,0.06112566904631578,-0.008278439355016166,0.06940410840133195
2025-10-29 13:28:00,10.7,10.7,10.7,10.7,1000,10700.0,10.74,10.843333333333332,11.171666666666669,0.04189700075811942,0.0017566486676109535,0.040140352090508466
2025-10-30 09:33:00,10.7,10.7,10.7,10.7,1000,10700.0,10.747499999999999,10.843333333333334,11.16625,0.026354346107728688,0.006676188155634501,0.019678157952094186
2025-10-30 09:34:00,10.7,10.7,10.7,10.7,1000,10700.0,10.752500000000001,10.843333333333334,11.160833333333333,0.013876718149644418,0.008116294154436486,0.005760423995207932
2025-10-30 09:42:00,10.7,10.7,10.7,10.7,1000,10700.0,10.754999999999999,10.838333333333333,11.155416666666667,0.003942659571093188,0.007281567237767826,-0.0033389076666746386
2025-10-30 09:47:00,10.7,10.7,10.7,10.7,1000,10700.0,10.757499999999999,10.833333333333334,11.150208333333332,-0.003885365350237535,0.005048180720166754,-0.008933546070404289
2025-10-30 11:06:00,10.7,10.7,10.7,10.7,2000,21400.0,10.754999999999999,10.828333333333331,11.142916666666668,-0.009974155640732008,0.0020437134479870007,-0.012017869088719008
2025-10-30 11:07:00,10.8,10.8,10.8,10.8,2000,21600.0,10.765,10.826666666666666,11.136041666666667,-0.0066537018154466665,0.00030423039530026686,-0.006957932210746934
2025-10-30 11:08:00,10.8,10.8,10.8,10.8,1000,10800.0,10.7525,10.825,11.129166666666666,-0.003976380991469242,-0.0005518918820536351,-0.0034244891094156065
2025-10-30 11:59:00,10.8,10.8,10.8,10.8,1000,10800.0,10.765,10.824166666666667,11.122291666666666,-0.0018334500781929108,-0.0008082035212814904,-0.0010252465569114205
2025-10-30 12:13:00,10.7,10.7,10.7,10.7,2000,21400.0,10.772499999999999,10.821666666666665,11.115,-0.008110829561204014,-0.0022687287292659955,-0.005842100831938018
2025-10-30 13:20:00,10.75,10.75,10.7,10.7,2000,21450.0,10.782499999999999,10.819166666666666,11.109583333333331,-0.012936573263718998,-0.004402297636156597,-0.0085342756275624
2025-10-30 13:34:00,10.8,10.8,10.8,10.8,6000,64800.0,10.7975,10.815833333333332,11.104791666666667,-0.00859279327835516,-0.00524039676459631,-0.0033523965137588494
2025-10-31 09:30:00,10.55,10.55,10.55,10.55,2000,21100.0,10.795,10.808333333333334,11.099166666666665,-0.025034643223969866,-0.009199246056471022,-0.015835397167498842
2025-10-31 09:31:00,10.55,10.55,10.55,10.55,1000,10550.0,10.79,10.800833333333333,11.093541666666665,-0.037631139412425796,-0.014885624727661981,-0.022745514684763816
2025-10-31 10:19:00,10.55,10.55,10.55,10.55,1000,10550.0,10.78,10.793333333333331,11.087916666666668,-0.0470713442391375,-0.02132276862995709,-0.025748575609180414
2025-10-31 13:41:00,10.85,10.85,10.85,10.85,20,217.0,10.7825,10.790833333333332,11.082708333333333,-0.029999466604920144,-0.023058108224949702,-0.006941358379970442
2025-11-03 09:27:00,10.5,10.5,10.5,10.5,2000,21000.0,10.747499999999999,10.782499999999999,11.07625,-0.04420241755697418,-0.027286970091354598,-0.016915447465619585
2025-11-03 09:53:00,10.5,10.5,10.5,10.5,1000,10500.0,10.735,10.775833333333333,11.070416666666667,-0.05482635442759154,-0.03279484695860199,-0.022031507468989547
2025-11-03 10:25:00,10.5,10.5,10.5,10.5,1000,10500.0,10.7,10.769166666666667,11.064166666666667,-0.0625251499310373,-0.03874090755308906,-0.023784242377948246
2025-11-03 11:30:00,10.5,10.6,10.5,10.6,6000,63500.0,10.669999999999998,10.763333333333332,11.05875,-0.059867224471558345,-0.04296617093678292,-0.016901053534775425
2025-11-03 12:31:00,10.7,10.7,10.5,10.5,2003,21032.1,10.66,10.754999999999999,11.050833333333333,-0.06507976464465592,-0.047388889678357526,-0.017690874966298398
2025-11-03 12:32:00,10.5,10.5,10.5,10.5,997,10468.5,10.65,10.748333333333333,11.042916666666667,-0.06842201390113445,-0.051595514522912916,-0.016826499378221532
2025-11-03 13:14:00,10.85,10.85,10.7,10.85,6012,64830.2,10.6575,10.7475,11.036458333333334,-0.04234061928553956,-0.04974453547543825,0.0074039161898986905
2025-11-03 13:20:00,10.85,10.85,10.85,10.85,1000,10850.0,10.665000000000001,10.746666666666668,11.034166666666666,-0.021423964025053976,-0.0440804211853614,0.022656457160307425
2025-11-04 09:53:00,10.5,10.5,10.5,10.5,2000,21000.0,10.655000000000001,10.741666666666667,11.029166666666667,-0.03271235133920136,-0.0418068072161294,0.009094455876928038
2025-11-04 10:03:00,10.5,10.5,10.5,10.5,1000,10500.0,10.645,10.736666666666668,11.02375,-0.04118373910568174,-0.04168219359403987,0.000498454488358134
2025-11-04 12:24:00,10.55,10.55,10.55,10.55,1000,10550.0,10.6325,10.730833333333333,11.019791666666666,-0.04336293192436891,-0.04201834126010568,-0.0013445906642632274
2025-11-04 12:25:00,10.55,10.55,10.55,10.55,1000,10550.0,10.620000000000001,10.728333333333333,11.014583333333333,-0.044576112258958744,-0.042529895459876295,-0.0020462167990824495
2025-11-05 09:10:00,10.55,10.55,10.55,10.55,5000,52750.0,10.6075,10.725833333333334,11.010625,-0.04501861978880939,-0.04302764032566292,-0.0019909794631464695
2025-11-05 09:11:00,10.5,10.5,10.5,10.5,5000,52500.0,10.5975,10.72,11.006666666666666,-0.04884088500690886,-0.04419028926191211,-0.004650595744996752
2025-11-05 09:49:00,10.5,10.5,10.5,10.5,1000,10500.0,10.5875,10.711666666666668,11.000833333333333,-0.05127894596118132,-0.045608020601765956,-0.005670925359415366
2025-11-05 09:50:00,10.5,10.5,10.5,10.5,1000,10500.0,10.572500000000002,10.705000000000002,10.996666666666666,-0.05260473222494255,-0.04700736292640128,-0.005597369298541273
2025-11-05 10:05:00,10.5,10.55,10.5,10.55,6000,63250.0,10.5725,10.6975,10.992708333333333,-0.04905536554013956,-0.04741696344914894,-0.001638402090990622
2025-11-05 12:15:00,10.6,10.6,10.6,10.6,1000,10600.0,10.575,10.692499999999999,10.988958333333333,-0.04172688320258544,-0.04627894739983625,0.0045520641972508075
2025-11-06 11:04:00,10.6,10.6,10.5,10.5,2000,21100.0,10.5725,10.685833333333333,10.984791666666666,-0.0434868827021937,-0.045720534460307743,0.002233651758114047
2025-11-06 13:18:00,10.6,10.6,10.5,10.5,2000,21100.0,10.555,10.670833333333333,10.980625,-0.04437022267821433,-0.04545047210388907,0.001080249425674737
2025-11-06 13:24:00,10.55,10.55,10.5,10.5,2000,21050.0,10.555,10.664166666666667,10.977291666666668,-0.044556654594718026,-0.045271708602054865,0.0007150540073368392
2025-11-10 09:01:00,10.9,11.0,10.85,10.95,49000,536450.0,10.5775,10.67,10.975833333333332,-0.008297515445601533,-0.0378768699707642,0.029579354525162666
2025-11-10 09:02:00,11.45,11.45,11.45,11.45,1,11.45,10.625,10.684166666666666,10.975625,0.060091240474026364,-0.018283247881806082,0.07837448835583244
2025-11-10 09:04:00,10.95,11.0,10.95,11.0,10000,109750.0,10.645,10.690833333333332,10.973125000000001,0.07708993824041421,0.0007913893426379821,0.07629854889777624
2025-11-10 09:11:00,10.95,11.0,10.95,11.0,10000,109750.0,10.67,10.69,10.971041666666668,0.08952948847629472,0.018539009169369333,0.07099047930692538
2025-11-10 09:21:00,11.05,11.05,11.0,11.0,12000,132250.0,10.695,10.697499999999998,10.966875,0.0982552957724856,0.03448226648999259,0.06377302928249301
2025-11-10 09:22:00,11.0,11.0,11.0,11.0,2000,22000.0,10.702499999999999,10.704166666666667,10.962916666666667,0.10397203600998495,0.04838022039399107,0.05559181561599388
2025-11-10 09:23:00,11.0,11.05,11.0,11.05,10000,110250.0,10.7125,10.710833333333333,10.961041666666665,0.11125470102785329,0.06095511652076352,0.05029958450708977
2025-11-10 09:34:00,11.0,11.05,11.0,11.05,10000,110250.0,10.739999999999998,10.7175,10.959166666666667,0.11569263286774856,0.07190261979016054,0.04379001307758802
2025-11-10 09:42:00,11.0,11.05,11.0,11.05,10000,110250.0,10.7675,10.7225,10.957291666666666,0.11785121043042679,0.0810923379182138,0.03675887251221299
2025-11-10 09:44:00,10.95,10.95,10.95,10.95,2000,21900.0,10.7875,10.728333333333332,10.954791666666667,0.11022216196323242,0.08691830272721753,0.0233038592360149
2025-11-10 09:46:00,10.95,10.95,10.95,10.95,6000,65700.0,10.807500000000001,10.726666666666667,10.951875,0.10298889422439572,0.09013242102665317,0.012856473197742552
2025-11-10 09:52:00,10.95,11.0,10.95,11.0,20000,219500.0,10.83,10.734166666666669,10.950624999999999,0.10013674549198015,0.09213328591971857,0.008003459572261576
2025-11-10 10:19:00,11.35,11.35,11.35,11.35,1,11.35,10.872499999999999,10.747499999999999,10.949375000000002,0.12468122445670282,0.09864287362711543,0.026038350829587387
2025-11-10 11:43:00,10.95,11.0,10.95,11.0,16000,175450.0,10.897499999999999,10.755833333333332,10.9475,0.11457013276858952,0.10182832545541026,0.012741807313179254
2025-11-10 11:49:00,10.95,10.95,10.95,10.95,5000,54750.0,10.919999999999998,10.763333333333332,10.945416666666667,0.10135409075917146,0.10173347851616252,-0.000379387756991062
2025-11-10 11:50:00,10.95,11.05,10.95,10.95,25001,274511.05,10.940000000000001,10.769166666666667,10.943333333333332,0.08984460951807272,0.09935570471654458,-0.009511095198471861
2025-11-10 11:52:00,11.05,11.05,11.0,11.0,15000,165500.0,10.96,10.775,10.941458333333333,0.08379194347996588,0.09624295246922884,-0.012451008989262963
2025-11-10 11:54:00,11.35,11.35,11.35,11.35,1,11.35,11.002500000000001,10.784999999999998,10.941666666666666,0.10601516019107926,0.09819739401359893,0.007817766177480326
2025-11-10 12:17:00,10.95,10.95,10.95,10.95,1000,10950.0,11.025,10.7875,10.940208333333334,0.090309530432652,0.09661982129740956,-0.006310290864757567
2025-11-10 12:18:00,10.95,10.95,10.95,10.95,1000,10950.0,11.047500000000001,10.783333333333333,10.937291666666665,0.07697538141470872,0.0926909333208694,-0.015715551906160682
2025-11-10 12:21:00,10.95,10.95,10.95,10.95,1000,10950.0,11.0475,10.786666666666665,10.936250000000001,0.06565118624207855,0.08728298390511124,-0.021631797663032692
2025-11-10 12:28:00,10.95,10.95,10.95,10.95,40,438.0,11.022499999999999,10.7825,10.934791666666666,0.05603079189039306,0.08103254550216761,-0.02500175361177455
2025-11-10 12:49:00,10.95,11.0,10.95,11.0,11000,120700.0,11.022499999999999,10.779166666666667,10.93375,0.051843522334053205,0.07519474086854473,-0.023351218534491527
2025-11-10 12:54:00,11.05,11.05,11.0,11.0,15000,165500.0,11.022499999999999,10.784166666666666,10.931666666666667,0.04797208866644809,0.0697502104281254,-0.021778121761677316
2025-11-10 13:00:00,11.3,11.3,11.3,11.3,1,11.3,11.0375,10.794166666666666,10.930833333333334,0.06832384760303789,0.06946493786310791,-0.0011410902600700185
2025-11-10 13:36:00,11.0,11.05,11.0,11.05,5500,60525.0,11.040000000000001,10.8,10.929166666666667,0.06354731859206986,0.0682814140089003,-0.004734095416830439
2025-11-10 14:17:00,11.1,11.1,11.1,11.1,1000,11100.0,11.0425,10.806666666666667,10.927708333333333,0.06306944180465024,0.06723901956805028,-0.004169577763400045
2025-11-10 14:18:00,11.05,11.05,11.05,11.05,3500,38675.0,11.0425,10.8125,10.925833333333333,0.05798769284806937,0.0653887542240541,-0.00740106137598473
2025-11-10 14:22:00,11.1,11.1,11.1,11.1,50,555.0,11.045,10.819166666666668,10.923958333333333,0.05733404118296548,0.06377781161583637,-0.006443770432870893
2025-11-10 15:00:00,11.3,11.3,11.3,11.3,1,11.3,11.0625,10.827499999999999,10.922916666666667,0.07212295750024467,0.06544684079271804,0.00667611670752663
2025-11-11 09:01:00,10.95,10.95,10.95,10.95,5000,54750.0,11.0625,10.830000000000002,10.920625,0.05496757333286517,0.06335098730074747,-0.008383413967882294
2025-11-11 09:11:00,11.3,11.3,11.3,11.3,3,33.9,11.077499999999999,10.838333333333333,10.920625,0.06882056210961629,0.06444490226252123,0.004375659847095065
2025-11-11 09:30:00,10.95,10.95,10.95,10.95,50,547.5,11.057500000000001,10.842500000000001,10.919583333333332,0.05096953551465511,0.061749828912948,-0.010780293398292895
2025-11-11 09:31:00,10.95,11.0,10.95,11.0,13000,142800.0,11.057500000000001,10.8475,10.916875,0.04039144304834963,0.057478151740028335,-0.017086708691678706
2025-11-11 10:08:00,10.95,10.95,10.95,10.95,3000,32850.0,11.057500000000001,10.85,10.914583333333333,0.027654858431747087,0.051513493078372094,-0.023858634646625007
2025-11-11 10:09:00,10.95,11.0,10.95,11.0,8000,87850.0,11.059999999999999,10.857499999999998,10.9125,0.021349501727208064,0.045480694808139294,-0.02413119308093123
2025-11-11 10:50:00,10.95,10.95,10.95,10.95,6,65.7,11.0575,10.864166666666668,10.910625,0.012177504289439867,0.03882005670439941,-0.026642552414959546
2025-11-11 10:51:00,10.95,10.95,10.95,10.95,19,208.05,11.0375,10.870833333333332,10.908750000000001,0.004852691433189449,0.03202658365015742,-0.02717389221696797
2025-11-11 10:54:00,10.95,10.95,10.95,10.95,1000,10950.0,11.0375,10.8725,10.906666666666666,-0.0009414233850488785,0.025432982243116155,-0.026374405628165034
2025-11-11 10:55:00,10.95,10.95,10.95,10.95,2000,21900.0,11.0375,10.88,10.904374999999998,-0.0054702435601914345,0.019252337082454638,-0.024722580642646073
2025-11-11 10:57:00,10.95,10.95,10.95,10.95,3000,32850.0,11.0375,10.8875,10.902291666666667,-0.00895612553718017,0.013610644558527675,-0.022566770095707844
2025-11-11 11:02:00,10.95,11.0,10.95,11.0,7000,76900.0,11.040000000000001,10.895833333333334,10.900208333333333,-0.007596561552917436,0.009369203336238653,-0.01696576488915609
2025-11-11 12:13:00,10.95,10.95,10.95,10.95,5000,54750.0,11.0375,10.901666666666667,10.898541666666667,-0.010433409581739994,0.005408680752642923,-0.015842090334382917
2025-11-11 12:17:00,10.95,11.0,10.95,11.0,11000,120700.0,11.0375,10.91,10.896666666666667,-0.008548508070626681,0.0026172429879890015,-0.011165751058615683
2025-11-11 12:41:00,11.05,11.05,11.05,11.05,1000,11050.0,11.025,10.919166666666666,10.895000000000001,-0.0029857104984358784,0.0014966522907040253,-0.004482362789139904
2025-11-11 12:42:00,11.05,11.05,11.05,11.05,1000,11050.0,11.025,10.922500000000001,10.893333333333333,0.0014066318786198906,0.0014786482082871986,-7.201632966730804e-05
2025-11-11 12:46:00,11.05,11.05,11.0,11.0,18000,198650.0,11.02,10.925,10.891874999999999,0.0008432917822567276,0.0013515769230811046,-0.0005082851408243769
2025-11-11 12:58:00,11.1,11.1,11.1,11.1,1,11.1,11.0225,10.934999999999999,10.890000000000002,0.008369526273339645,0.002755166793132813,0.005614359480206832
2025-11-12 09:01:00,11.1,11.1,11.0,11.0,13000,144000.0,11.0175,10.943333333333332,10.888333333333334,0.0061935615438653,0.003442845743279311,0.0027507158005859894
2025-11-12 09:02:00,11.15,11.15,11.15,11.15,5000,55750.0,11.010000000000002,10.953333333333335,10.8875,0.016383975940501116,0.006031071782723673,0.010352904157777443
2025-11-12 09:14:00,11.0,11.0,11.0,11.0,14,154.0,11.0125,10.960833333333335,10.886041666666666,0.012215394901504695,0.007267936406479878,0.004947458495024816
2025-11-12 09:35:00,11.0,11.0,11.0,11.0,2000,22000.0,10.9975,10.968333333333334,10.884583333333332,0.008810205826490503,0.0075763902904820045,0.001233815536008498
2025-11-12 09:36:00,11.0,11.1,11.0,11.1,7000,77500.0,11.004999999999999,10.978333333333332,10.885,0.014019129419269305,0.008864938116239465,0.00515419130302984
2025-11-12 09:37:00,11.05,11.05,11.05,11.05,1000,11050.0,11.007499999999999,10.9875,10.885208333333333,0.01395182876496115,0.009882316245983803,0.004069512518977346
2025-11-12 09:50:00,11.05,11.1,11.05,11.1,9000,99700.0,11.015,10.9975,10.885625,0.017728709121099584,0.011451594821006961,0.006277114300092623
2025-11-12 10:16:00,11.1,11.1,11.1,11.1,1000,11100.0,11.02,11.006666666666666,10.886041666666667,0.02048576684603809,0.013258429226013188,0.0072273376200249016
2025-11-12 10:17:00,11.5,11.5,11.5,11.5,12,138.0,11.047500000000001,11.021666666666667,10.887708333333334,0.05432123068357164,0.021470989517524883,0.03285024116604676
2025-11-12 10:57:00,11.5,11.5,11.05,11.1,9000,101750.0,11.055,11.031666666666666,10.888125,0.048302619950202796,0.02683731560406047,0.021465304346142328
2025-11-13 10:07:00,11.5,11.5,11.5,11.5,10,115.0,11.0825,11.048333333333334,10.890208333333334,0.07494555889186394,0.03645896426162117,0.03848659463024277
2025-11-13 10:44:00,11.05,11.05,11.05,11.05,1000,11050.0,11.0875,11.057500000000001,10.890416666666665,0.0590681400126325,0.04098079941182344,0.018087340600809056
2025-11-13 11:51:00,11.05,11.05,11.05,11.05,1000,11050.0,11.0925,11.059166666666666,10.890625,0.04595542561992616,0.04197572465344399,0.003979700966482168
2025-11-13 13:40:00,11.05,11.05,11.05,11.05,1000,11050.0,11.095,11.0525,10.890833333333335,0.035158222883532986,0.04061222429946179,-0.005454001415928805
2025-11-13 13:41:00,11.1,11.1,11.1,11.1,1000,11100.0,11.102500000000001,11.054166666666667,10.891250000000001,0.03028681649024989,0.038547142737619416,-0.008260326247369526
2025-11-14 12:47:00,11.0,11.0,11.0,11.0,2000,22000.0,11.102500000000001,11.054166666666667,10.891250000000001,0.01814783066656389,0.03446728032340831,-0.01631944965684442
2025-11-17 09:20:00,11.0,11.0,11.0,11.0,3000,33000.0,11.1,11.054166666666667,10.891250000000001,0.008430416352663173,0.02925990752925928,-0.020829491176596108
2025-11-17 09:25:00,11.0,11.05,11.0,11.05,7003,77233.15,11.1,11.055000000000001,10.891249999999998,0.004709588427495248,0.024349843708906475,-0.019640255281411226
2025-11-17 09:26:00,11.0,11.0,11.0,11.0,3000,33000.0,11.1,11.054166666666667,10.891041666666666,-0.0022478646583490303,0.019030302035455374,-0.021278166693804404
2025-11-17 09:51:00,11.4,11.4,11.4,11.4,10,114.0,11.114999999999998,11.06,10.8925,0.024235587934319014,0.020071359215228103,0.004164228719090911
2025-11-17 11:31:00,11.0,11.05,11.0,11.05,11000,121250.0,11.1175,11.059999999999999,10.892708333333333,0.01678831474698761,0.019414750321580007,-0.002626435574592398
2025-11-17 11:32:00,11.0,11.05,11.0,11.05,26000,286800.0,11.1125,11.061666666666667,10.89375,0.010762236725607721,0.01768424760238555,-0.00692201087677783
2025-11-17 12:08:00,11.2,11.2,11.2,11.2,20,224.0,11.122499999999999,11.065833333333332,10.896458333333333,0.01788411591996031,0.017724221265900505,0.00015989465405980355
2025-11-17 13:26:00,11.0,11.05,11.0,11.05,4000,44100.0,11.125,11.066666666666666,10.898541666666665,0.011294316246933889,0.016438240262107183,-0.005143924015173294
2025-11-18 09:47:00,10.95,10.95,10.95,10.95,1000,10950.0,11.1175,11.06,10.899166666666668,-0.0019745503487058613,0.012755682139944572,-0.014730232488650434
2025-11-18 09:48:00,10.95,10.95,10.95,10.95,1000,10950.0,11.1125,11.059166666666666,10.900625,-0.012347884002288367,0.007734968911497985,-0.02008285291378635
2025-11-18 09:54:00,10.95,10.95,10.95,10.95,2000,21900.0,11.105,11.059166666666666,10.900416666666668,-0.020334423086977083,0.00212109051180297,-0.022455513598780053
2025-11-18 09:55:00,10.95,10.95,10.95,10.95,1000,10950.0,11.0975,11.059166666666666,10.900208333333333,-0.02635995173638328,-0.0035751179378342816,-0.022784833798549
2025-11-18 11:23:00,11.05,11.05,11.05,11.05,333,3679.65,11.075,11.059999999999999,10.900416666666668,-0.022803201228237313,-0.0074207345959148895,-0.015382466632322424
2025-11-18 14:13:00,11.05,11.05,11.0,11.0,15000,165500.0,11.07,11.054166666666667,10.900416666666668,-0.023745311784782785,-0.01068565003368847,-0.013059661751094315
2025-11-19 09:16:00,11.0,11.0,11.0,11.0,1000,11000.0,11.045,11.055,10.900416666666668,-0.0242128307474907,-0.013391086176448918,-0.010821744571041781
2025-11-19 09:37:00,11.0,11.05,11.0,11.05,9000,99250.0,11.044999999999998,11.056666666666667,10.901458333333332,-0.02031458684935572,-0.01477578631103028,-0.00553880053832544
2025-11-19 09:43:00,11.0,11.0,11.0,11.0,2000,22000.0,11.0425,11.057500000000001,10.903125,-0.02101750588244755,-0.016024130225313737,-0.004993375657133814
2025-11-19 09:44:00,11.0,11.0,11.0,11.0,1000,11000.0,11.04,11.058333333333334,10.904374999999998,-0.021328710186066857,-0.017085046217464362,-0.004243663968602495
2025-11-19 10:23:00,11.0,11.05,11.0,11.05,7000,77250.0,11.0375,11.059166666666666,10.906666666666666,-0.017340865008719675,-0.017136209975715425,-0.00020465503300425014
2025-11-19 12:21:00,11.1,11.1,11.1,11.1,111,1232.1,11.0425,11.060833333333333,10.908333333333333,-0.01003026420015729,-0.015715020820603796,0.005684756620446506
2025-11-20 09:30:00,10.95,10.95,10.95,10.95,2000,21900.0,11.040000000000001,11.055000000000001,10.909375,-0.016154092464672587,-0.015802835149417556,-0.00035125731525503107
2025-11-20 10:12:00,10.95,11.05,10.95,11.05,20000,220500.0,11.04,11.055,10.910833333333333,-0.012790663413056791,-0.015200400802145403,0.0024097373890886124
2025-11-20 10:22:00,10.95,10.95,10.95,10.95,4000,43800.0,11.0375,11.052500000000002,10.911875,-0.01798694363286657,-0.015757709368289637,-0.0022292342645769334
2025-11-20 10:23:00,10.95,11.0,10.95,11.0,30000,329500.0,11.017500000000002,11.051666666666668,10.912916666666666,-0.01786451994601812,-0.016179071483835333,-0.0016854484621827877
2025-11-20 10:45:00,10.9,10.9,10.9,10.9,1000,10900.0,11.01,11.048333333333334,10.914166666666667,-0.02554222765636638,-0.018051702718341542,-0.007490524938024837
2025-11-20 10:58:00,10.95,10.95,10.95,10.95,1000,10950.0,11.004999999999999,11.042499999999999,10.915208333333334,-0.02727784221397478,-0.01989693061746819,-0.007380911596506588
2025-11-20 12:11:00,10.95,10.95,10.95,10.95,2000,21900.0,10.9925,11.042499999999999,10.91625,-0.028326795588581533,-0.02158290361169086,-0.006743891976890671
2025-11-21 09:27:00,11.05,11.05,11.0,11.0,8000,88250.0,10.989999999999998,11.0375,10.917499999999999,-0.024837208681635303,-0.02223376462567975,-0.0026034440559555526
2025-11-21 09:35:00,10.95,10.95,10.95,10.95,2000,21900.0,10.99,11.0375,10.918958333333332,-0.025808760721133694,-0.022948763844770542,-0.0028599968763631523
2025-11-21 09:38:00,10.95,11.0,10.95,11.0,8000,87850.0,10.992500000000001,11.0375,10.91875,-0.022287227296567735,-0.022816456535129984,0.0005292292385622489
2025-11-21 09:46:00,10.95,11.0,10.95,11.0,10000,109750.0,10.995000000000001,11.038333333333334,10.920208333333333,-0.019274205641462316,-0.022108006356396454,0.002833800714934137
2025-11-21 09:48:00,10.95,11.0,10.95,11.0,10000,109750.0,10.9975,11.038333333333334,10.920208333333333,-0.016693927072459758,-0.021025190499609117,0.004331263427149359
2025-11-21 10:10:00,10.95,10.95,10.95,10.95,3000,32850.0,10.9925,11.038333333333332,10.92,-0.01847070110446758,-0.020514292620580812,0.002043591516113233
2025-11-21 10:54:00,10.95,11.0,10.95,11.0,17000,186750.0,10.9925,11.039166666666667,10.92,-0.015663664222369533,-0.019544166940938558,0.0038805027185690247
2025-11-21 12:28:00,11.05,11.05,11.0,11.05,27000,297800.0,10.995000000000001,11.040833333333333,10.920208333333333,-0.009297311517340034,-0.017494795856218853,0.008197484338878819
2025-11-21 12:49:00,11.1,11.1,11.05,11.05,40000,443000.0,10.995000000000001,11.042499999999999,10.920208333333333,-0.004203476075879564,-0.014836531900150995,0.010633055824271431
2025-11-24 09:39:00,11.0,11.0,11.0,11.0,3000,33000.0,10.995000000000001,11.043333333333333,10.920208333333333,-0.004153280489823885,-0.012699881618085575,0.00854660112826169
2025-11-24 09:45:00,11.0,11.0,11.0,11.0,5000,55000.0,10.995000000000001,11.043333333333333,10.920208333333333,-0.004066622631921035,-0.010973229820852668,0.006906607188931633
2025-11-24 10:07:00,11.0,11.05,11.0,11.05,2000,22050.0,10.995000000000001,11.044999999999998,10.920208333333335,3.621896765615418e-05,-0.008771340063150904,0.008807559030807058
2025-11-24 11:04:00,11.2,11.2,11.2,11.2,14,156.8,11.0,11.048333333333334,10.921041666666667,0.015216095218406167,-0.0039738530068394885,0.019189948225245654
2025-11-24 12:20:00,10.95,10.95,10.95,10.95,2000,21900.0,11.0,11.046666666666669,10.920833333333333,0.006992737919498282,-0.001780534821571934,0.008773272741070216
2025-11-24 12:24:00,10.95,10.95,10.95,10.95,1000,10950.0,10.995000000000001,11.044999999999998,10.920416666666666,0.00047024729591171877,-0.0013303783980752033,0.001800625693986922
2025-11-24 12:32:00,10.95,10.95,10.95,10.95,1000,10950.0,10.995,11.044166666666666,10.919999999999998,-0.004645325099156494,-0.0019933677382914616,-0.0026519573608650327
2025-11-24 12:33:00,10.95,11.0,10.95,11.0,6000,65950.0,10.995,11.0425,10.919791666666667,-0.004611710022938809,-0.0025170361952209313,-0.0020946738277178773
2025-11-24 13:30:00,10.9,10.9,10.9,10.9,3000,32700.0,10.995000000000001,11.040833333333333,10.919166666666666,-0.01251002630199416,-0.004515634216575578,-0.007994392085418581
2025-11-24 14:02:00,11.0,11.0,11.0,11.0,2000,22000.0,10.997499999999999,11.038333333333332,10.918958333333334,-0.010578393457358004,-0.005728186064732064,-0.00485020739262594
2025-11-25 10:00:00,11.05,11.05,11.0,11.0,8000,88250.0,11.0,11.038333333333332,10.918958333333334,-0.008944454408625901,-0.0063714397335108315,-0.00257301467511507
2025-11-25 10:33:00,10.9,10.9,10.9,10.9,2000,21800.0,10.995000000000001,11.036666666666665,10.918541666666668,-0.015539579605107434,-0.008205067707830154,-0.00733451189727728
2025-11-25 10:34:00,10.9,10.9,10.9,10.9,1000,10900.0,10.9925,11.033333333333333,10.918125000000002,-0.020529611259268776,-0.01066997641811788,-0.009859634841150896
2025-11-25 13:17:00,10.9,10.9,10.9,10.9,2000,21800.0,10.9875,11.030833333333334,10.917499999999999,-0.024205224535219116,-0.013377026041538127,-0.01082819849368099
2025-11-26 09:07:00,11.05,11.05,11.05,11.05,5000,55250.0,10.989999999999998,11.03,10.917499999999999,-0.014843323545889575,-0.01367028554240842,-0.0011730380034811558
2025-11-26 09:09:00,11.05,11.05,11.0,11.0,25000,275500.0,10.989999999999998,11.028333333333334,10.917291666666667,-0.011327950137772547,-0.013201818461481246,0.0018738683237086995
2025-11-26 09:11:00,10.95,11.0,10.95,11.0,15000,164500.0,10.9925,11.020000000000001,10.917083333333332,-0.0084446467537731,-0.012250384119939617,0.0038057373661665173
2025-11-26 09:58:00,10.55,10.55,10.55,10.55,3000,31650.0,10.97,11.010833333333332,10.915416666666667,-0.04198684898279126,-0.01819767709250995,-0.02378917189028131
2025-11-26 10:13:00,10.9,10.9,10.9,10.9,1000,10900.0,10.9625,11.000833333333334,10.915,-0.03986764162395495,-0.022531669998798954,-0.017335971625156
2025-11-26 10:14:00,10.8,10.8,10.8,10.8,2000,21600.0,10.95,10.996666666666666,10.914166666666667,-0.04573016985707312,-0.027171369970453788,-0.018558799886619334
2025-11-26 11:07:00,10.55,10.55,10.55,10.55,2000,21100.0,10.9275,10.988333333333333,10.912291666666668,-0.06974519716385075,-0.035686135409133186,-0.03405906175471756
2025-11-27 10:49:00,10.6,10.6,10.6,10.6,1000,10600.0,10.9075,10.980833333333333,10.910625000000001,-0.08377696844792126,-0.045304302016890806,-0.03847266643103046
2025-11-27 10:50:00,10.6,10.6,10.6,10.6,1000,10600.0,10.885,10.9725,10.908958333333334,-0.09381579816110452,-0.055006601245733554,-0.03880919691537097
2025-11-27 10:54:00,10.6,10.7,10.6,10.6,10000,106500.0,10.855,10.965833333333334,10.907916666666667,-0.1006118522308519,-0.06412765144275723,-0.03648420078809467
2025-11-27 11:03:00,10.6,10.6,10.6,10.6,4000,42400.0,10.8375,10.959166666666668,10.906458333333331,-0.10478982220309341,-0.07226008559482447,-0.03252973660826894
2025-11-27 12:13:00,11.0,11.0,11.0,11.0,1,11.0,10.84,10.958333333333334,10.906666666666666,-0.07496014258358663,-0.0728000969925769,-0.0021600455910097266
2025-11-27 12:30:00,10.6,10.65,10.6,10.6,8000,85050.0,10.822500000000002,10.951666666666664,10.905000000000001,-0.0826438962425673,-0.07476885684257499,-0.007875039399992304
2025-11-27 13:06:00,10.6,10.65,10.55,10.55,17000,180200.0,10.8,10.9375,10.901458333333332,-0.0917107243657842,-0.07815723034721683,-0.013553494018567369
2025-11-27 13:07:00,10.65,10.65,10.65,10.65,251,2673.15,10.7875,10.930833333333334,10.900416666666667,-0.0897920201960467,-0.08048418831698281,-0.009307831879063894
2025-11-27 13:19:00,10.65,10.65,10.65,10.65,5000,53250.0,10.77,10.924166666666666,10.899375,-0.08726549105798043,-0.08184044886518234,-0.005425042192798088
2025-11-28 09:24:00,10.55,10.55,10.55,10.55,1000,10550.0,10.7475,10.913333333333334,10.897291666666666,-0.0922687461086884,-0.08392610831388356,-0.008342637794804847
2025-11-28 09:36:00,10.55,10.55,10.55,10.55,2000,21100.0,10.73,10.905,10.895208333333333,-0.09513717959732126,-0.08616832257057111,-0.008968857026750154
2025-11-28 09:39:00,10.55,10.75,10.55,10.6,8000,85450.0,10.715,10.899166666666668,10.893333333333334,-0.09231173940069759,-0.08739700593659641,-0.004914733464101179
2025-11-28 11:03:00,10.6,10.7,10.6,10.7,10000,106500.0,10.705,10.895,10.892291666666667,-0.0810688818175791,-0.08613138111279296,0.005062499295213865
2025-11-28 11:05:00,10.6,10.7,10.6,10.7,10000,106500.0,10.6875,10.890833333333335,10.891458333333333,-0.0713365132630841,-0.0831724075428512,0.011835894279767098
2025-12-01 09:36:00,10.6,10.7,10.6,10.7,15000,159500.0,10.672500000000001,10.886666666666667,10.890625,-0.06289848646667728,-0.07911762332761642,0.016219136860939135
2025-12-01 10:02:00,10.6,10.6,10.6,10.6,1000,10600.0,10.6525,10.879166666666666,10.889375000000001,-0.06354791292001671,-0.07600368124609648,0.012455768326079766
2025-12-01 10:06:00,10.6,10.6,10.6,10.6,2000,21200.0,10.655,10.8725,10.887916666666666,-0.063332530079526,-0.07346945101278239,0.010136920933256396
2025-12-01 10:27:00,10.75,10.75,10.75,10.75,47,505.25,10.647499999999999,10.868333333333334,10.887083333333333,-0.05047623263948964,-0.06887080733812384,0.018394574698634203
2025-12-01 10:33:00,10.6,10.65,10.6,10.65,8000,85050.0,10.64,10.861666666666666,10.885833333333334,-0.047805615184881134,-0.0646577689074753,0.01685215372259416
2025-12-01 11:15:00,10.75,10.75,10.7,10.7,12000,128850.0,10.647499999999999,10.856666666666666,10.885208333333333,-0.041179853758221086,-0.05996218587762445,0.018782332119403368
2025-12-01 11:17:00,10.65,10.65,10.65,10.65,1000,10650.0,10.65,10.850833333333332,10.88375,-0.03950804803923624,-0.055871358309946814,0.01636331027071057
2025-12-01 11:18:00,10.65,10.65,10.65,10.65,1000,10650.0,10.6525,10.844166666666666,10.881458333333335,-0.037747994578047894,-0.052246685563567034,0.01449869098551914
2025-12-01 12:28:00,10.65,10.65,10.65,10.65,250,2662.5,10.655000000000001,10.836666666666668,10.88125,-0.03593885873719316,-0.04898512019829226,0.0130462614610991
2025-12-01 12:48:00,10.65,10.7,10.65,10.7,8000,85450.0,10.66,10.8325,10.88125,-0.030123280984533096,-0.04521275235554043,0.015089471371007336
2025-12-02 09:35:00,10.65,10.7,10.65,10.7,10000,106750.0,10.645,10.826666666666666,10.88125,-0.025223631395020263,-0.0412149281634364,0.01599129676841614
2025-12-02 09:36:00,10.65,10.7,10.65,10.7,10000,106750.0,10.65,10.822499999999998,10.88,-0.0210974258032941,-0.037191427691407944,0.016094001888113843
2025-12-02 09:47:00,10.65,10.65,10.65,10.65,1000,10650.0,10.655000000000001,10.816666666666666,10.878541666666667,-0.021612821128256243,-0.034075706378777604,0.01246288525052136
2025-12-02 09:49:00,10.65,10.65,10.65,10.65,1000,10650.0,10.655,10.8125,10.877083333333333,-0.021770320928402143,-0.03161462928870251,0.009844308360300369
2025-12-02 09:50:00,10.65,10.65,10.65,10.65,1000,10650.0,10.655,10.807500000000001,10.876041666666667,-0.021645623382324786,-0.029620828107426965,0.00797520472510218
2025-12-02 09:53:00,10.65,10.65,10.65,10.65,1000,10650.0,10.66,10.8025,10.875,-0.021301252103974377,-0.02795691290673645,0.006655660802762073
2025-12-02 12:03:00,10.65,10.7,10.65,10.65,8000,85450.0,10.665000000000001,10.796666666666665,10.874166666666667,-0.020788696235134907,-0.026523269572416144,0.005734573337281237
2025-12-02 13:06:00,10.65,10.7,10.65,10.7,10000,106750.0,10.669999999999998,10.792499999999999,10.873541666666666,-0.01616160891641627,-0.02445093744121617,0.0082893285247999
2025-12-02 13:33:00,10.65,10.65,10.65,10.65,1000,10650.0,10.6675,10.786666666666665,10.872708333333334,-0.016340824163386003,-0.02282891478565014,0.006488090622264138
2025-12-03 09:36:00,10.65,10.65,10.65,10.65,1000,10650.0,10.665000000000001,10.780833333333332,10.871250000000002,-0.016295014751028347,-0.021522134778725784,0.005227120027697436
2025-12-03 09:39:00,10.65,10.65,10.65,10.65,1000,10650.0,10.6625,10.775,10.869791666666666,-0.01607342601199413,-0.020432393025379456,0.004358967013385326
2025-12-03 12:28:00,10.65,10.65,10.65,10.65,1000,10650.0,10.665,10.770000000000001,10.868333333333334,-0.015716643655062867,-0.01948924315131614,0.0037725994962532726
2025-12-03 13:47:00,10.65,10.7,10.65,10.7,7000,74800.0,10.67,10.764999999999999,10.867083333333335,-0.01126940227963047,-0.017845274976979006,0.0065758726973485365
2025-12-04 09:04:00,10.65,10.65,10.65,10.65,5000,53250.0,10.665000000000001,10.758333333333333,10.865625,-0.01164527411050642,-0.01660527480368449,0.00496000069317807
2025-12-04 09:28:00,10.65,10.7,10.65,10.7,10000,106750.0,10.6675,10.7525,10.864375,-0.007818446922611244,-0.014847909227469841,0.007029462304858597
2025-12-04 09:29:00,10.65,10.7,10.65,10.7,10000,106750.0,10.6675,10.7475,10.863541666666666,-0.004731121383118264,-0.012824551658599527,0.008093430275481263
2025-12-04 09:37:00,10.6,10.6,10.6,10.6,1000,10600.0,10.665000000000001,10.740833333333335,10.862291666666666,-0.01023556865123254,-0.012306755057126131,0.0020711864058935905
2025-12-04 09:39:00,10.6,10.6,10.6,10.6,2000,21200.0,10.6625,10.733333333333333,10.860833333333336,-0.014431525130223832,-0.012731709071745671,-0.0016998160584781614
2025-12-04 10:48:00,10.7,10.7,10.7,10.7,5000,53500.0,10.665,10.725,10.859583333333335,-0.009577285617979214,-0.012100824380992381,0.002523538763013167
2025-12-04 11:06:00,10.6,10.65,10.6,10.65,18000,191300.0,10.6625,10.719999999999999,10.858541666666667,-0.009653567645500516,-0.01161137303389401,0.0019578053883934944
2025-12-04 12:19:00,10.85,10.85,10.85,10.85,40,434.0,10.67,10.718333333333334,10.858333333333333,0.006351095354537151,-0.008018879356207778,0.014369974710744929
2025-12-04 12:26:00,10.55,10.6,10.55,10.6,15000,158500.0,10.665,10.7125,10.857083333333332,-0.0011250358602996613,-0.006640110657026154,0.005515074796726493
2025-12-04 12:27:00,10.65,10.65,10.65,10.65,2000,21300.0,10.665,10.706666666666667,10.856458333333334,-0.0029809787111219066,-0.005908284267845305,0.002927305556723398
2025-12-04 12:28:00,10.65,10.65,10.65,10.65,3000,31950.0,10.665000000000001,10.702499999999999,10.855833333333333,-0.0044010937228939895,-0.005606846158855042,0.0012057524359610529
2025-12-04 12:48:00,10.6,10.6,10.6,10.6,1000,10600.0,10.6625,10.695833333333333,10.854583333333332,-0.009452168518750526,-0.0063759106308341395,-0.003076257887916386
2025-12-04 12:54:00,10.85,10.85,10.85,10.85,12,130.2,10.6725,10.693333333333333,10.855208333333334,0.006641173661348532,-0.003772493772397605,0.010413667433746138
2025-12-04 13:30:00,10.85,10.85,10.85,10.85,1000,10850.0,10.6825,10.6925,10.855833333333331,0.01917423464391632,0.0008168519108651815,0.01835738273305114
2025-12-05 09:07:00,10.85,10.85,10.85,10.85,10000,108500.0,10.690000000000001,10.691666666666666,10.855833333333333,0.028775074620073227,0.006408496452706792,0.022366578167366435
2025-12-05 09:09:00,10.8,10.8,10.8,10.8,5000,54000.0,10.6975,10.69,10.854999999999999,0.03198057517552044,0.011522912197269525,0.02045766297825092
2025-12-05 09:13:00,10.8,10.85,10.8,10.85,10000,108250.0,10.7075,10.686666666666667,10.854791666666666,0.03811616022408515,0.016841561802632653,0.021274598421452497
2025-12-05 09:17:00,10.85,10.85,10.85,10.85,5000,54250.0,10.7175,10.684166666666666,10.854166666666666,0.04248887033080706,0.021971023508267535,0.020517846822539525
2025-12-05 10:36:00,10.75,10.75,10.75,10.75,1000,10750.0,10.7225,10.68,10.853541666666668,0.03745337117988079,0.025067493042590188,0.012385878137290602
2025-12-05 10:38:00,10.75,10.75,10.75,10.75,1000,10750.0,10.725,10.683333333333334,10.852916666666667,0.03308136049263233,0.026670266532598616,0.006411093960033712
2025-12-05 11:58:00,10.75,10.75,10.75,10.75,1000,10750.0,10.73,10.680833333333332,10.850208333333335,0.029279000432904212,0.02719201331265974,0.0020869871202444726
2025-12-05 11:59:00,10.75,10.75,10.75,10.75,1000,10750.0,10.7325,10.68,10.849583333333333,0.025966279583457208,0.026946866566819237,-0.0009805869833620293
2025-12-05 12:35:00,11.05,11.05,11.05,11.05,10,110.5,10.75,10.688333333333334,10.851458333333333,0.04700655493407879,0.030958804240271153,0.01604775069380764
2025-12-05 12:42:00,10.75,10.8,10.75,10.8,6000,64750.0,10.76,10.691666666666666,10.852291666666668,0.04301239397021739,0.0333695221862604,0.009642871783956987
2025-12-05 13:01:00,10.75,10.75,10.75,10.75,4000,43000.0,10.7675,10.694166666666666,10.852916666666667,0.035404291859268966,0.03377647612086212,0.0016278157384068473
2025-12-05 13:27:00,10.75,10.8,10.75,10.8,15100,162580.0,10.7725,10.6975,10.851875,0.033028664372238836,0.03362691377113746,-0.0005982493988986246
2025-12-08 09:45:00,10.75,10.75,10.75,10.75,5000,53750.0,10.7775,10.7,10.852708333333332,0.026802418741405987,0.032262014765191166,-0.005459596023785179
2025-12-08 09:48:00,10.7,10.7,10.7,10.7,2000,21400.0,10.77,10.694999999999999,10.853125,0.017630261409653514,0.029335664094083634,-0.01170540268443012
2025-12-08 09:49:00,10.7,10.7,10.7,10.7,1000,10700.0,10.775,10.696666666666667,10.853333333333332,0.01024318359805676,0.025517167994878263,-0.015273984396821504
2025-12-08 10:53:00,10.7,10.75,10.7,10.75,18000,193350.0,10.78,10.7,10.85375,0.008327459573610696,0.022079226310624752,-0.013751766737014056
2025-12-08 11:46:00,10.65,10.65,10.65,10.65,1000,10650.0,10.78,10.7,10.853333333333333,-0.0012455716087771407,0.017414266726744374,-0.018659838335521515
2025-12-08 11:53:00,10.75,10.75,10.7,10.7,13000,139600.0,10.785,10.700833333333334,10.853749999999998,-0.004743011177783529,0.012982811145838793,-0.017725822323622322
2025-12-08 12:11:00,10.7,10.75,10.7,10.75,16000,171500.0,10.780000000000001,10.704166666666667,10.8525,-0.0034405149862326567,0.009698145919424504,-0.01313866090565716
2025-12-08 13:01:00,10.65,10.65,10.65,10.65,1000,10650.0,10.77,10.705833333333334,10.852916666666665,-0.010358040591301076,0.0056869086172793865,-0.01604494920858046
2025-12-08 13:03:00,10.65,10.65,10.65,10.65,3000,31950.0,10.76,10.706666666666667,10.853333333333333,-0.015659714035825445,0.001417584086658419,-0.017077298122483865
2025-12-08 13:07:00,10.75,10.75,10.75,10.75,1000,10750.0,10.7575,10.707500000000001,10.854375000000001,-0.011657780534687134,-0.0011974888376106924,-0.010460291697076442
2025-12-08 13:11:00,10.75,10.75,10.75,10.75,1000,10750.0,10.752500000000001,10.708333333333334,10.855416666666667,-0.008389510349640972,-0.002635893140016749,-0.005753617209624223
2025-12-08 13:38:00,10.75,10.75,10.75,10.75,3000,32250.0,10.747499999999999,10.709166666666667,10.856041666666666,-0.005733292850248262,-0.0032553730820630514,-0.00247791976818521
2025-12-09 09:04:00,10.7,10.75,10.7,10.75,30000,321750.0,10.747499999999999,10.711666666666668,10.856458333333334,-0.003586874093175041,-0.00332167328428545,-0.0002652008088895909
2025-12-09 09:05:00,10.65,10.7,10.65,10.7,20000,213500.0,10.745,10.713333333333335,10.85625,-0.00585293490636829,-0.0038279256087020187,-0.0020250092976662713
2025-12-09 09:21:00,10.85,10.85,10.8,10.85,30000,325000.0,10.75,10.715,10.856458333333334,0.004404173401315603,-0.0021815058066984943,0.006585679208014098
2025-12-09 09:54:00,10.75,10.75,10.75,10.75,1000,10750.0,10.75,10.716666666666667,10.854583333333334,0.004412971381393405,-0.0008626103690801143,0.005275581750473519
2025-12-09 09:55:00,10.75,10.75,10.75,10.75,1000,10750.0,10.735000000000001,10.7175,10.854583333333334,0.004369574113576746,0.0001838265274512581,0.0041857475861254885
2025-12-09 10:27:00,10.75,10.75,10.75,10.75,5000,53750.0,10.7325,10.719166666666666,10.852708333333334,0.004285777688776804,0.0010042167597163676,0.0032815609290604364
2025-12-09 10:53:00,10.75,10.75,10.75,10.75,1000,10750.0,10.7325,10.720833333333333,10.850833333333334,0.004171284447824775,0.001637630297338049,0.0025336541504867253
2025-12-09 12:12:00,10.75,10.8,10.75,10.8,12000,129250.0,10.732499999999998,10.723333333333333,10.851249999999999,0.008022649749666044,0.0029146341878036486,0.005108015561862396
2025-12-09 12:49:00,10.85,10.85,10.85,10.85,14,151.9,10.7375,10.725833333333334,10.851875,0.014937278977610546,0.005319163145765029,0.009618115831845516
2025-12-09 12:56:00,10.75,10.8,10.75,10.8,10000,107750.0,10.7425,10.7275,10.852291666666668,0.016195894139359623,0.007494509344483949,0.008701384794875675
2025-12-09 13:11:00,10.75,10.75,10.75,10.75,1000,10750.0,10.745000000000001,10.728333333333333,10.8525,0.013008816056521155,0.008597370686891391,0.004411445369629764
2025-12-09 13:12:00,10.8,10.8,10.8,10.8,60,648.0,10.7475,10.730833333333331,10.852916666666667,0.014352172931147322,0.009748331135742578,0.004603841795404745
2025-12-09 13:13:00,10.7,10.7,10.7,10.7,1000,10700.0,10.75,10.731666666666666,10.852916666666665,0.007263895007493915,0.009251443910092845,-0.00198754890259893
2025-12-09 13:19:00,10.7,10.7,10.7,10.7,3000,32100.0,10.75,10.7325,10.8525,0.0016276214774784137,0.007726679423569959,-0.006099057946091545
2025-12-10 09:08:00,10.7,10.75,10.7,10.75,20000,214500.0,10.75,10.734166666666669,10.852291666666666,0.001181793253364205,0.006417702189528809,-0.005235908936164604
2025-12-10 09:39:00,10.7,10.75,10.7,10.75,10000,107250.0,10.755,10.735833333333336,10.852083333333333,0.000819029906796942,0.005297967732982437,-0.004478937826185495
2025-12-10 10:16:00,10.65,10.65,10.65,10.65,1000,10650.0,10.754999999999999,10.735000000000001,10.851875,-0.007451728041729666,0.0027480285780400156,-0.01019975661976968
2025-12-10 10:19:00,10.65,10.65,10.65,10.65,1000,10650.0,10.75,10.735000000000001,10.851666666666667,-0.013846746627708129,-0.0005709264631096142,-0.013275820164598514
2025-12-10 10:20:00,10.65,10.65,10.65,10.65,1000,10650.0,10.745000000000001,10.735000000000001,10.851041666666667,-0.018699291142333152,-0.004196599398954323,-0.014502691743378829
2025-12-10 12:42:00,10.65,10.7,10.65,10.7,17000,181550.0,10.7425,10.735833333333334,10.851666666666667,-0.01829944093421787,-0.007017167706007034,-0.011282273228210836
2025-12-10 12:43:00,10.65,10.7,10.65,10.7,20000,213500.0,10.74,10.736666666666666,10.852291666666668,-0.017777627341715174,-0.009169259633148663,-0.008608367708566511
2025-12-10 12:50:00,10.65,10.65,10.65,10.65,2000,21300.0,10.7375,10.735833333333336,10.852708333333332,-0.02115480897332489,-0.01156636950118391,-0.00958843947214098
2025-12-10 12:51:00,10.7,10.7,10.7,10.7,5000,53500.0,10.73,10.736666666666666,10.852083333333333,-0.01957106456534774,-0.013167308514016677,-0.006403756051331063
2025-12-10 13:26:00,10.75,10.75,10.7,10.7,15000,161000.0,10.7275,10.736666666666668,10.852916666666665,-0.01810720709966418,-0.014155288231146179,-0.003951918868518001
2025-12-10 14:03:00,10.8,10.8,10.75,10.75,35000,377250.0,10.7275,10.7375,10.853958333333333,-0.012765356297778752,-0.013877301844472695,0.0011119455466939432
2025-12-11 09:07:00,10.75,10.75,10.75,10.75,5000,53750.0,10.7275,10.74,10.854999999999999,-0.008434671409716543,-0.012788775757521466,0.004354104347804923
2025-12-11 09:45:00,10.65,10.65,10.65,10.65,1000,10650.0,10.7225,10.740833333333335,10.855208333333334,-0.012922771039757919,-0.012815574813968757,-0.00010719622578916205
2025-12-11 09:52:00,10.85,10.85,10.85,10.85,12,130.2,10.725,10.743333333333334,10.856666666666666,-0.0003374044132673504,-0.010319940733828477,0.009982536320561126
2025-12-11 09:56:00,10.65,10.65,10.65,10.65,1000,10650.0,10.715,10.743333333333334,10.857291666666667,-0.006427645325127074,-0.009541481652088197,0.003113836326961123
2025-12-11 11:03:00,10.65,10.65,10.65,10.65,2000,21300.0,10.7075,10.74,10.856458333333334,-0.01112595207572653,-0.009858375736815864,-0.0012675763389106663
2025-12-11 11:12:00,10.65,10.7,10.65,10.7,5058,54117.7,10.705,10.741666666666667,10.855833333333333,-0.010691566172910782,-0.010025013824034848,-0.0006665523488759342
2025-12-11 12:11:00,10.6,10.6,10.6,10.6,1000,10600.0,10.694999999999999,10.740833333333335,10.85625,-0.01820660210463032,-0.011661331480153945,-0.006545270624476376
2025-12-11 12:13:00,10.6,10.6,10.6,10.6,1000,10600.0,10.690000000000001,10.74,10.856666666666667,-0.02388696812401747,-0.014106458808926652,-0.00978050931509082
2025-12-11 12:54:00,10.8,10.8,10.7,10.7,10000,107500.0,10.690000000000001,10.741666666666667,10.857291666666667,-0.02008797320331901,-0.015302761687805125,-0.004785211515513884
2025-12-11 12:56:00,10.8,10.8,10.75,10.75,10000,107750.0,10.690000000000001,10.74,10.858125,-0.012894025921255547,-0.01482101453449521,0.0019269886132396632
2025-12-11 12:58:00,10.8,10.8,10.75,10.75,10000,107750.0,10.690000000000001,10.738333333333333,10.858958333333334,-0.0071108019718160165,-0.013278972021959372,0.006168170050143355
2025-12-11 13:10:00,10.6,10.6,10.6,10.6,1000,10600.0,10.6875,10.734166666666669,10.859375,-0.014464563242521322,-0.013516090266071763,-0.0009484729764495589
2025-12-11 13:30:00,10.6,10.65,10.6,10.65,10000,106250.0,10.6875,10.731666666666666,10.860000000000001,-0.016072614799426788,-0.01402739517274277,-0.002045219626684018
2025-12-11 13:31:00,10.65,10.65,10.6,10.6,10000,106250.0,10.684999999999999,10.7275,10.860416666666667,-0.021137924540028052,-0.01544950104619983,-0.005688423493828223
2025-12-12 13:58:00,10.75,10.75,10.7,10.7,10000,107250.0,10.685,10.725,10.861041666666667,-0.016888376051436893,-0.015737276047247246,-0.0011511000041896473
2025-12-15 09:20:00,10.6,10.6,10.6,10.6,1000,10600.0,10.68,10.7225,10.861041666666667,-0.021343705571187144,-0.016858561952035226,-0.004485143619151918
2025-12-15 09:27:00,10.8,10.8,10.8,10.8,10,108.0,10.687499999999998,10.723333333333334,10.862291666666666,-0.008636699290976324,-0.015214189419823446,0.006577490128847122
2025-12-15 09:35:00,10.5,10.5,10.5,10.5,1000,10500.0,10.677499999999998,10.719166666666668,10.862291666666666,-0.022514267598037208,-0.016674205055466202,-0.0058400625425710055
2025-12-15 09:37:00,10.5,10.5,10.5,10.5,2000,21000.0,10.6675,10.715000000000002,10.862291666666666,-0.03313043345002953,-0.01996545073437887,-0.013164982715650659
2025-12-15 09:40:00,10.5,10.5,10.5,10.5,1000,10500.0,10.655,10.705833333333334,10.860416666666667,-0.04107038751127767,-0.024186438089758632,-0.01688394942151904
2025-12-15 09:43:00,10.65,10.65,10.65,10.65,3000,31950.0,10.65,10.703333333333335,10.857083333333332,-0.034857298670244674,-0.02632061020585584,-0.008536688464388834
2025-12-15 10:27:00,10.65,10.7,10.65,10.65,20000,213500.0,10.65,10.701666666666666,10.855625,-0.029592259849835045,-0.026974940134651685,-0.0026173197151833603
2025-12-15 10:47:00,10.65,10.65,10.6,10.6,10000,106250.0,10.6375,10.698333333333332,10.853958333333333,-0.029118599693106262,-0.0274036720463426,-0.0017149276467636615
2025-12-15 10:48:00,10.65,10.65,10.6,10.6,10000,106250.0,10.635,10.695833333333333,10.852291666666666,-0.02841566253677108,-0.0276060701444283,-0.0008095923923427811
2025-12-15 11:36:00,10.65,10.65,10.65,10.65,1,10.65,10.635,10.695,10.850833333333332,-0.023552499094780188,-0.02679535593449868,0.0032428568397184915
2025-12-15 11:37:00,10.65,10.65,10.65,10.65,1000,10650.0,10.6325,10.694166666666666,10.849166666666667,-0.019473923758807743,-0.025331069499360495,0.005857145740552752
2025-12-15 11:40:00,10.65,10.65,10.6,10.6,9000,95600.0,10.6325,10.691666666666666,10.847291666666667,-0.020045137683514014,-0.0242738831361912,0.0042287454526771864
2025-12-15 11:57:00,10.55,10.55,10.55,10.55,3000,31650.0,10.629999999999999,10.69,10.845208333333334,-0.024252839331833087,-0.02426967437531958,1.6835043486491952e-05
2025-12-15 12:19:00,10.55,10.6,10.55,10.6,10000,105750.0,10.625,10.688333333333333,10.84375,-0.023284482055366595,-0.024072635911328986,0.000788153855962391
2025-12-15 12:20:00,10.55,10.6,10.55,10.6,10000,105750.0,10.6175,10.685833333333333,10.842291666666666,-0.02226044735665056,-0.023710198200393304,0.0014497508437427455
2025-12-15 12:21:00,10.55,10.6,10.55,10.6,10000,105750.0,10.61,10.685,10.840625,-0.021204460657010316,-0.02320905069171671,0.0020045900347063945
2025-12-15 12:53:00,10.5,10.5,10.5,10.5,1000,10500.0,10.605,10.682500000000001,10.837083333333332,-0.028112682352086082,-0.024189777023790587,-0.003922905328295496
2025-12-15 13:11:00,10.65,10.65,10.65,10.65,47,500.55,10.605,10.680833333333334,10.835624999999999,-0.021238922342789124,-0.023599606087590298,0.0023606837448011744
2025-12-15 14:36:00,10.65,10.65,10.6,10.65,35000,372000.0,10.6075,10.679166666666667,10.834375,-0.015611458833024727,-0.022001976636677186,0.006390517803652459
2025-12-15 14:37:00,10.7,10.7,10.65,10.65,35000,373750.0,10.605,10.6775,10.833125,-0.01102456908795979,-0.019806495126933707,0.008781926038973917
2025-12-16 09:01:00,10.65,10.65,10.65,10.65,10000,106500.0,10.6075,10.675833333333333,10.831666666666669,-0.007305215936264986,-0.017306239288799964,0.010001023352534978
2025-12-16 10:27:00,10.6,10.6,10.6,10.6,2000,21200.0,10.5975,10.674166666666666,10.828541666666666,-0.008296546476261213,-0.015504300726292214,0.007207754250031001
2025-12-16 10:28:00,10.6,10.6,10.6,10.6,1000,10600.0,10.602500000000001,10.67,10.827083333333333,-0.008978682409576777,-0.014199177062949127,0.00522049465337235
2025-12-16 10:44:00,10.6,10.65,10.6,10.65,22100,235015.0,10.610000000000001,10.668333333333333,10.825833333333334,-0.005422194238704492,-0.0124437804981002,0.007021586259395708
2025-12-16 11:52:00,10.6,10.65,10.6,10.65,16000,169900.0,10.617500000000001,10.666666666666666,10.824583333333333,-0.002573980495270689,-0.010469820497534298,0.007895840002263609
2025-12-16 12:14:00,10.65,10.65,10.65,10.65,2000,21300.0,10.6175,10.665000000000001,10.823333333333332,-0.000313140890071395,-0.008438484576041717,0.008125343685970322
2025-12-16 12:58:00,10.65,10.65,10.65,10.65,3000,31950.0,10.6175,10.663333333333334,10.821875,0.001461740748077034,-0.006458439511217966,0.007920180259295001
2025-12-16 13:29:00,10.55,10.55,10.55,10.55,1000,10550.0,10.615,10.659166666666666,10.82,-0.005141548461329748,-0.0061950613012403235,0.0010535128399105755
2025-12-16 13:30:00,10.55,10.55,10.55,10.55,1000,10550.0,10.6125,10.654166666666667,10.816875,-0.010256472503327174,-0.007007343541657694,-0.0032491289616694806
2025-12-17 09:54:00,10.55,10.55,10.55,10.55,2000,21100.0,10.6075,10.65,10.814791666666668,-0.014147008747022127,-0.008435276582730583,-0.0057117321642915445
2025-12-17 09:55:00,10.65,10.65,10.65,10.65,18,191.7,10.6075,10.648333333333333,10.812916666666666,-0.009056722228580227,-0.008559565711900512,-0.000497156516679715
2025-12-17 10:01:00,10.65,10.65,10.65,10.65,1000,10650.0,10.610000000000001,10.645833333333334,10.811250000000001,-0.004965395500702741,-0.007840731669660959,0.002875336168958218
2025-12-17 11:11:00,10.55,10.55,10.55,10.55,2000,21100.0,10.61,10.643333333333334,10.808958333333333,-0.009680562360616207,-0.008208697807852008,-0.0014718645527641988
2025-12-17 11:19:00,10.55,10.6,10.55,10.6,9000,95250.0,10.610000000000001,10.641666666666667,10.806041666666665,-0.009275857622821349,-0.008422129770845877,-0.0008537278519754714
2025-12-17 13:21:00,10.6,10.6,10.6,10.6,3000,31800.0,10.610000000000001,10.639166666666664,10.804583333333335,-0.008853073482123719,-0.008508318513101446,-0.0003447549690222731
2025-12-18 10:22:00,10.95,10.95,10.95,10.95,10,109.5,10.627500000000001,10.6425,10.803125,0.019499285300268454,-0.0029067977504274646,0.02240608305069592
2025-12-18 10:43:00,10.6,10.6,10.6,10.6,1000,10600.0,10.6325,10.641666666666667,10.801666666666668,0.01357022981296474,0.00038860776225097736,0.013181622050713764
2025-12-18 10:45:00,10.6,10.6,10.6,10.6,1000,10600.0,10.63,10.640833333333335,10.8,0.008770311926184604,0.002064948595037703,0.0067053633311469005
2025-12-18 10:46:00,10.6,10.6,10.6,10.6,1000,10600.0,10.627500000000001,10.639999999999999,10.798541666666667,0.00490974592456439,0.002633908060943041,0.0022758378636213495
2025-12-18 10:59:00,10.6,10.65,10.6,10.65,7000,74450.0,10.627500000000001,10.639166666666666,10.797083333333331,0.005817738419880314,0.0032706741327304958,0.002547064287149818
2025-12-18 12:26:00,10.55,10.55,10.55,10.55,2000,21100.0,10.622499999999999,10.636666666666667,10.795416666666666,-0.0015143784390012627,0.002313663618384144,-0.0038280420573854066
2025-12-18 12:45:00,10.55,10.6,10.55,10.6,8000,84650.0,10.622499999999999,10.635833333333332,10.793958333333332,-0.003253052576997817,0.0012003203793077514,-0.004453372956305568
2025-12-18 12:47:00,10.55,10.6,10.55,10.6,10000,105750.0,10.622499999999999,10.634166666666667,10.792499999999999,-0.0045781898352323935,4.4618336399722096e-05,-0.004622808171632116
2025-12-18 12:48:00,10.55,10.6,10.55,10.6,10000,105750.0,10.620000000000001,10.632499999999999,10.791041666666668,-0.005564229683304944,-0.0010771512675412116,-0.004487078415763733
2025-12-18 12:50:00,10.55,10.6,10.55,10.6,10000,105750.0,10.6175,10.629999999999999,10.789583333333333,-0.006273358000932205,-0.002116392614219411,-0.004156965386712794
2025-12-18 13:22:00,10.5,10.5,10.5,10.5,50,525.0,10.610000000000001,10.625833333333333,10.7875,-0.014734659583107046,-0.004640046007996939,-0.010094613575110108
2025-12-19 09:01:00,10.5,10.5,10.5,10.5,3000,31500.0,10.602500000000001,10.623333333333333,10.785625000000001,-0.021195968120903075,-0.007951230430578169,-0.013244737690324906
2025-12-19 09:39:00,10.5,10.55,10.5,10.55,7000,73750.0,10.602500000000001,10.618333333333334,10.78375,-0.02202809340697165,-0.010766603025856867,-0.011261490381114783
2025-12-19 09:40:00,10.5,10.55,10.5,10.55,10000,105250.0,10.6025,10.616666666666667,10.781666666666666,-0.02242901101392647,-0.013099084623470788,-0.009329926390455682
2025-12-19 09:42:00,10.5,10.5,10.5,10.5,4000,42000.0,10.6,10.614166666666668,10.779375,-0.026476122973633665,-0.015774492293503365,-0.0107016306801303
2025-12-19 09:43:00,10.5,10.55,10.5,10.55,6000,63250.0,10.595,10.611666666666666,10.777500000000002,-0.025356610999343943,-0.017690916034671482,-0.007665694964672461
2025-12-19 09:50:00,10.5,10.55,10.5,10.55,10000,105250.0,10.59,10.610833333333334,10.775208333333332,-0.02419053625026457,-0.018990840077790103,-0.005199696172474469
2025-12-19 10:52:00,10.45,10.45,10.45,10.45,3000,31350.0,10.585,10.608333333333333,10.772916666666667,-0.03097847727306302,-0.021388367516844687,-0.009590109756218334
2025-12-19 13:19:00,10.45,10.45,10.45,10.45,1000,10450.0,10.577499999999999,10.604166666666666,10.770000000000001,-0.035943633604052394,-0.02429942073428623,-0.011644212869766163
2025-12-22 09:32:00,10.5,10.5,10.5,10.5,1000,10500.0,10.5725,10.6,10.767916666666668,-0.0354354953037852,-0.02652663564818603,-0.008908859655599174
2025-12-22 09:38:00,10.5,10.55,10.5,10.55,10000,105250.0,10.5525,10.596666666666666,10.766041666666668,-0.030644953953958165,-0.027350299309340458,-0.0032946546446177075
2025-12-22 09:39:00,10.5,10.55,10.5,10.55,10000,105250.0,10.55,10.595833333333333,10.763749999999998,-0.026542450572140552,-0.02718872956190048,0.0006462789897599269
2025-12-22 12:05:00,10.5,10.5,10.5,10.5,1000,10500.0,10.544999999999998,10.593333333333334,10.761458333333334,-0.027014364440265837,-0.027153856537573556,0.00013949209730771892
2025-12-22 12:18:00,10.5,10.5,10.5,10.5,1000,10500.0,10.54,10.591666666666667,10.758958333333334,-0.027076241522809852,-0.027138333534620817,6.20920118109651e-05
2025-12-22 12:19:00,10.5,10.5,10.5,10.5,1000,10500.0,10.532499999999999,10.588333333333335,10.756458333333333,-0.026816159561578345,-0.027073898740012325,0.0002577391784339793
2025-12-22 12:20:00,10.5,10.5,10.5,10.5,1000,10500.0,10.53,10.586666666666668,10.752291666666666,-0.026306794383275545,-0.02692047786866497,0.0006136834853894269
2025-12-22 12:21:00,10.5,10.5,10.5,10.5,1000,10500.0,10.525,10.581666666666667,10.749791666666665,-0.02560792657254396,-0.026657967609440773,0.0010500410368968136
2025-12-22 13:28:00,10.5,10.6,10.5,10.5,8000,84500.0,10.52,10.581666666666667,10.745624999999999,-0.024768552343935824,-0.026280084556339785,0.001511532212403962
2025-12-23 09:56:00,10.5,10.6,10.5,10.6,20000,211000.0,10.52,10.583333333333334,10.74375,-0.01585145228056639,-0.024194358101185108,0.008342905820618716
2025-12-23 10:41:00,10.5,10.5,10.5,10.5,3000,31500.0,10.515,10.583333333333334,10.741458333333332,-0.016661684968461543,-0.0226878234746404,0.006026138506178856
2025-12-23 10:49:00,10.5,10.6,10.5,10.5,33000,348300.0,10.515,10.580833333333334,10.739166666666666,-0.017106605906629824,-0.021571579961038288,0.004464974054408464
2025-12-23 11:17:00,10.5,10.6,10.5,10.5,20000,211000.0,10.515,10.578333333333335,10.736666666666666,-0.017260243611387338,-0.0207093126911081,0.0034490690797207603
2025-12-23 11:18:00,10.5,10.6,10.5,10.55,42000,442950.0,10.514999999999999,10.577499999999999,10.734791666666666,-0.01319531311099631,-0.01920651277508574,0.006011199664089431
2025-12-23 11:46:00,10.6,10.6,10.6,10.6,2000,21200.0,10.5175,10.577499999999999,10.733125,-0.005871560575238632,-0.016539522335116318,0.010667961759877685
2025-12-23 11:47:00,10.6,10.6,10.55,10.55,10000,105750.0,10.52,10.575833333333332,10.731041666666668,-0.004055269436676667,-0.014042671755428386,0.009987402318751719
2025-12-23 11:50:00,10.6,10.6,10.6,10.6,2000,21200.0,10.522499999999999,10.575,10.729375000000001,0.0014025685714447178,-0.010953623690053765,0.012356192261498483
2025-12-23 11:51:00,10.6,10.6,10.55,10.55,10000,105750.0,10.5225,10.574166666666665,10.725833333333334,0.001674064804914721,-0.008428085991060067,0.010102150795974789
2025-12-23 11:53:00,10.55,10.55,10.55,10.55,1000,10550.0,10.5275,10.574166666666667,10.723749999999999,0.0018676978675475908,-0.006368929219338535,0.008236627086886127
2025-12-23 12:06:00,10.6,10.6,10.55,10.55,20000,211500.0,10.5325,10.573333333333332,10.721666666666668,0.0019981203768200118,-0.004695519300106826,0.006693639676926838
2025-12-23 12:08:00,10.6,10.6,10.55,10.55,20000,211500.0,10.535,10.5725,10.718958333333331,0.0020775326518673864,-0.0033409089097119833,0.005418441561579369
2025-12-23 12:09:00,10.6,10.6,10.55,10.55,60000,634500.0,10.535,10.571666666666665,10.716875,0.002116074660502676,-0.0022495121956690512,0.004365586856171727
2025-12-23 12:10:00,10.55,10.6,10.55,10.55,9000,95200.0,10.535,10.572499999999998,10.715208333333333,0.002122156579968504,-0.0013751784405415402,0.003497335020510044
2025-12-24 09:39:00,11.0,11.0,11.0,11.0,10,110.0,10.56,10.578333333333331,10.715416666666668,0.03800017339345452,0.006499891926257674,0.03150028146719684
2025-12-24 12:29:00,10.55,10.55,10.55,10.55,5000,52750.0,10.562500000000002,10.576666666666666,10.71375,0.029779244419481543,0.01115576242490245,0.018623481994579093
2025-12-24 12:42:00,10.55,10.55,10.55,10.55,30,316.5,10.565000000000001,10.575,10.712083333333334,0.02299898104192799,0.01352440614830756,0.00947457489362043
2025-12-24 13:33:00,10.55,10.6,10.55,10.6,23000,243350.0,10.57,10.574166666666667,10.710208333333332,0.021413316218579226,0.015102188162361896,0.00631112805621733
2025-12-26 09:08:00,10.6,10.7,10.6,10.7,10000,106500.0,10.580000000000002,10.575833333333334,10.708958333333332,0.02790416781033045,0.01766258409195561,0.01024158371837484
2025-12-26 09:22:00,10.75,10.75,10.7,10.7,10000,107250.0,10.59,10.577499999999999,10.707708333333333,0.03267159663224106,0.020664386600012703,0.01200721003222836
2025-12-26 09:23:00,10.75,10.75,10.7,10.7,10000,107250.0,10.594999999999999,10.578333333333335,10.70625,0.03603443577610577,0.023738396435231318,0.012296039340874448
2025-12-26 09:24:00,10.85,10.85,10.85,10.85,100,1085.0,10.6125,10.581666666666669,10.705625,0.050224301934107984,0.029035577535006657,0.021188724399101327
2025-12-26 09:39:00,10.85,10.85,10.85,10.85,90,976.5,10.629999999999999,10.584999999999999,10.705000000000002,0.06076936172246583,0.0353823343724985,0.025387027349967332
2025-12-26 09:42:00,10.6,10.6,10.6,10.6,2000,21200.0,10.635,10.584166666666667,10.703125,0.048395612420209844,0.03798498998204077,0.010410622438169072
2025-12-26 09:44:00,10.6,10.8,10.6,10.8,2000,21400.0,10.6475,10.588333333333335,10.701875,0.05410397849485271,0.04120878768460316,0.012895190810249549
2025-12-26 09:46:00,10.6,10.6,10.6,10.6,1000,10600.0,10.6475,10.589166666666666,10.700416666666667,0.04200535956763751,0.041368102061210034,0.0006372575064274785
2025-12-26 11:28:00,10.6,10.75,10.6,10.75,6000,64350.0,10.6575,10.5925,10.699166666666667,0.044013503034147305,0.04189718225579749,0.002116320778349813
2025-12-26 12:25:00,10.8,10.8,10.8,10.8,44,475.2,10.6675,10.595,10.698541666666667,0.04907386041635142,0.04333251788790828,0.00574134252844314
2025-12-26 12:53:00,10.75,10.75,10.7,10.7,30000,321750.0,10.675,10.595833333333333,10.697291666666668,0.044502073631282,0.04356642903658303,0.00093564459469897
2025-12-26 12:56:00,10.6,10.6,10.6,10.6,3000,31800.0,10.6775,10.596666666666666,10.696041666666668,0.0324358352825076,0.04134031028576795,-0.008904475003260352
2025-12-26 13:20:00,10.6,10.7,10.6,10.65,22100,235265.0,10.682500000000001,10.597499999999998,10.694791666666667,0.02660119457868504,0.03839248714435137,-0.011791292565666328
2025-12-26 13:21:00,10.65,10.65,10.65,10.65,2000,21300.0,10.6875,10.598333333333334,10.693541666666667,0.021726747365388377,0.03505933918855877,-0.01333259182317039
2025-12-29 10:05:00,10.8,10.8,10.8,10.8,11,118.8,10.7,10.595833333333333,10.692708333333334,0.029625949721179268,0.03397266129508287,-0.004346711573903601
2025-12-29 12:49:00,10.7,10.7,10.6,10.6,10000,106500.0,10.7025,10.595833333333333,10.69125,0.01952274986065916,0.031082679008198128,-0.011559929147538967
2025-12-29 12:50:00,10.65,10.65,10.6,10.6,29000,308100.0,10.682500000000001,10.595833333333333,10.689583333333333,0.011384655954433498,0.027143074397445205,-0.015758418443011707
2025-12-29 13:29:00,10.65,10.65,10.6,10.6,10000,106250.0,10.684999999999999,10.595833333333333,10.687916666666668,0.004878916786257292,0.02269024287520762,-0.01781132608895033
2025-12-29 13:56:00,10.7,10.7,10.65,10.65,20000,213500.0,10.690000000000001,10.595833333333333,10.686458333333333,0.0037148314916883862,0.018895160598503775,-0.01518032910681539
2025-12-30 09:07:00,10.6,10.6,10.6,10.6,5000,53000.0,10.690000000000001,10.596666666666666,10.685,-0.0012281393971225185,0.014870500599378516,-0.016098639996501032
2025-12-30 09:13:00,10.6,10.6,10.6,10.6,1000,10600.0,10.684999999999999,10.596666666666666,10.683333333333334,-0.005086841496368066,0.010879032180229198,-0.015965873676597263
2025-12-30 09:14:00,10.65,10.65,10.65,10.65,5000,53250.0,10.682500000000001,10.597499999999998,10.681666666666668,-0.004063467454509251,0.007890532253281509,-0.01195399970779076
2025-12-30 09:20:00,10.6,10.6,10.6,10.6,1000,10600.0,10.677499999999998,10.5975,10.679791666666667,-0.00720397534245798,0.004871630734133611,-0.01207560607659159
2025-12-30 09:25:00,10.6,10.6,10.6,10.6,5,53.0,10.665,10.5975,10.678125,-0.009582390635380023,0.0019808264602308836,-0.011563217095610905
2025-12-30 09:47:00,10.6,10.6,10.6,10.6,1000,10600.0,10.6525,10.599166666666667,10.676458333333333,-0.011336620387551122,-0.0006826629093255183,-0.010653957478225604
2025-12-30 10:40:00,10.8,10.8,10.8,10.8,4,43.2,10.6625,10.604166666666666,10.675416666666667,0.0033725912925159918,0.00012838793104278393,0.003244203361473208
2025-12-30 11:50:00,10.6,10.65,10.6,10.65,6000,63850.0,10.655,10.605833333333331,10.673125,0.00289265638325098,0.0006812416214844234,0.0022114147617665566
2025-12-30 12:00:00,10.6,10.65,10.6,10.65,10000,106250.0,10.6575,10.6075,10.671875,0.002483674259087465,0.0010417281490050318,0.0014419461100824331
2025-12-30 12:01:00,10.6,10.65,10.6,10.65,10000,106250.0,10.6525,10.610000000000001,10.670625,0.0021349426887713463,0.0012603710569582948,0.0008745716318130515
2025-12-30 12:52:00,10.6,10.65,10.6,10.65,10000,106250.0,10.645,10.611666666666668,10.669375,0.0018373901172861196,0.0013757748690238598,0.0004616152482622598
2025-12-30 12:55:00,10.65,10.65,10.6,10.6,20000,212500.0,10.64,10.6125,10.667708333333334,-0.002405278024104618,0.0006195642903981641,-0.003024842314502782
2025-12-30 13:33:00,10.7,10.7,10.65,10.65,20000,213500.0,10.6425,10.615833333333335,10.666666666666666,-0.0017132912058315242,0.00015299319115222635,-0.0018662843969837505
2025-12-30 13:36:00,10.6,10.6,10.6,10.6,2000,21200.0,10.64,10.618333333333334,10.665,-0.0051402155937267935,-0.000905648565823578,-0.004234567027903215
2025-12-31 09:02:00,10.6,10.6,10.6,10.6,5000,53000.0,10.6375,10.620000000000001,10.663333333333332,-0.007766549907962883,-0.0022778288342514396,-0.005488721073711443
2025-12-31 09:10:00,10.55,10.55,10.55,10.55,5000,52750.0,10.625,10.620000000000001,10.661875,-0.013724315539821674,-0.004567126175365487,-0.009157189364456187
2025-12-31 09:13:00,10.65,10.65,10.65,10.65,5000,53250.0,10.6275,10.621666666666666,10.660833333333333,-0.01025847020250481,-0.005705394980793353,-0.0045530752217114575
2025-12-31 09:28:00,10.6,10.65,10.6,10.65,2000,21250.0,10.629999999999999,10.624166666666666,10.659791666666669,-0.007426158668110361,-0.006049547718256755,-0.0013766109498536058
2025-12-31 09:35:00,10.55,10.55,10.55,10.55,5000,52750.0,10.627500000000001,10.625,10.657708333333334,-0.013099690558052046,-0.007459576286215815,-0.005640114271836231
2025-12-31 09:41:00,10.65,10.65,10.65,10.65,5000,53250.0,10.6275,10.6275,10.65625,-0.009418273200509475,-0.007851315669074547,-0.001566957531434928
2025-12-31 10:18:00,10.55,10.55,10.55,10.55,4,42.2,10.625,10.628333333333334,10.654375,-0.014403849080490971,-0.009161822351357832,-0.00524202672913314
2025-12-31 10:25:00,10.6,10.6,10.6,10.6,1000,10600.0,10.625,10.629999999999999,10.654583333333333,-0.014157176632263457,-0.010160893207538957,-0.0039962834247245
2025-12-31 10:27:00,10.6,10.65,10.6,10.65,15000,159500.0,10.625,10.6325,10.653541666666667,-0.009813975407787723,-0.01009150964758871,0.0002775342398009875
2025-12-31 10:32:00,10.6,10.65,10.6,10.65,10000,106250.0,10.627500000000001,10.633333333333333,10.652916666666666,-0.006299342250061457,-0.00933307616808326,0.003033733918021803
2025-12-31 10:36:00,10.6,10.65,10.6,10.65,10000,106250.0,10.63,10.635833333333332,10.653333333333332,-0.0034739249071122913,-0.008161245915889067,0.004687321008776776
2025-12-31 10:44:00,10.7,10.7,10.7,10.7,5000,53500.0,10.635000000000002,10.639166666666664,10.65375,0.0027679140357363963,-0.005975413925563974,0.008743327961300371
2025-12-31 10:51:00,10.7,10.7,10.65,10.65,18000,192200.0,10.627500000000001,10.641666666666667,10.653958333333332,0.0036380965233142604,-0.004052711835788327,0.0076908083591025874
2025-12-31 10:53:00,11.15,11.15,10.65,10.65,1020,10873.0,10.627500000000001,10.643333333333334,10.654166666666667,0.004278403640096684,-0.002386488740611325,0.006664892380708009
2025-12-31 10:56:00,11.15,11.15,11.15,11.15,30,334.5,10.6525,10.6525,10.656458333333335,0.04461735190948524,0.00701427938940799,0.037603072520077246
2025-12-31 12:44:00,10.65,10.65,10.65,10.65,1000,10650.0,10.6525,10.654166666666667,10.655000000000001,0.03582744127256987,0.012776911766040368,0.023050529506529503
2026-01-02 09:04:00,10.6,10.6,10.6,10.6,5000,53000.0,10.65,10.654166666666667,10.655,0.02454386523199581,0.015130302459231458,0.009413562772764351
2026-01-02 09:06:00,10.55,10.55,10.55,10.55,5000,52750.0,10.647499999999999,10.654166666666669,10.655000000000001,0.011435150496708957,0.014391272066726959,-0.0029561215700180023
2026-01-02 09:14:00,10.65,10.65,10.55,10.65,12000,127600.0,10.6475,10.655833333333334,10.655,0.009011682820950995,0.013315354217571768,-0.004303671396620773
2026-01-02 09:53:00,10.65,10.65,10.5,10.55,4000,42350.0,10.645000000000001,10.655833333333334,10.654583333333333,-0.0009669506323728427,0.010458893247582845,-0.011425843879955688
2026-01-02 09:54:00,10.55,10.55,10.5,10.5,2000,21050.0,10.64,10.655,10.654375,-0.012762552903412328,0.00581460401738381,-0.018577156920796138
2026-01-02 11:05:00,10.55,10.55,10.5,10.5,2000,21050.0,10.6375,10.654166666666667,10.654166666666667,-0.021858679435954542,0.00027994732671613793,-0.02213862676267068
2026-01-02 11:32:00,10.5,10.5,10.5,10.5,1000,10500.0,10.63,10.653333333333334,10.65375,-0.02873617253768046,-0.005523276646163183,-0.023212895891517277
2026-01-02 11:34:00,10.5,10.55,10.5,10.55,10000,105250.0,10.625,10.645833333333336,10.653125,-0.02980844009558048,-0.010380309336046644,-0.019428130759533833
2026-01-02 11:36:00,10.5,10.55,10.5,10.55,10000,105250.0,10.625,10.645833333333334,10.6525,-0.030308838437576924,-0.014366015156352704,-0.01594282328122422
2026-01-02 12:09:00,10.65,10.65,10.65,10.65,89,947.85,10.625000000000002,10.6475,10.652291666666667,-0.022378280575180653,-0.015968468240118296,-0.006409812335062357
2026-01-02 12:34:00,10.5,10.5,10.5,10.5,3000,31500.0,10.6225,10.645833333333334,10.651874999999999,-0.027875669365890587,-0.018349908465272756,-0.009525760900617831
2026-01-02 12:40:00,10.5,10.55,10.5,10.5,36000,378900.0,10.617500000000001,10.6425,10.651458333333332,-0.03186506891000107,-0.02105294055421842,-0.01081212835578265
2026-01-02 13:28:00,10.55,10.55,10.5,10.5,10000,105250.0,10.610000000000001,10.639166666666666,10.650416666666667,-0.03462753215498715,-0.023767858874372168,-0.010859673280614983
2026-01-02 13:30:00,10.5,10.5,10.5,10.5,1000,10500.0,10.602500000000001,10.635833333333332,10.649791666666665,-0.036397239459123654,-0.026293734991322468,-0.010103504467801186
2026-01-02 13:46:00,10.5,10.55,10.5,10.55,6000,63250.0,10.5975,10.630833333333333,10.649166666666668,-0.0333803749314896,-0.027711062979355897,-0.0056693119521337015
2026-01-05 09:36:00,10.65,10.65,10.65,10.65,5000,53250.0,10.595,10.627500000000001,10.649166666666666,-0.022659123521730606,-0.026700675087830843,0.004041551566100237
2026-01-05 09:44:00,10.5,10.6,10.5,10.55,19000,200200.0,10.59,10.626666666666667,10.64875,-0.021978267020957176,-0.02575619347445611,0.0037779264534989337
2026-01-05 11:59:00,10.55,10.55,10.5,10.5,9000,94800.0,10.5825,10.621666666666666,10.648125,-0.025182971847748092,-0.02564154914911451,0.00045857730136641614
2026-01-06 09:01:00,10.45,10.45,10.45,10.45,10000,104500.0,10.547500000000001,10.619166666666668,10.647083333333333,-0.03139539902717026,-0.02679231912472566,-0.004603079902444598
2026-01-06 09:02:00,10.5,10.5,10.45,10.45,15000,157250.0,10.5375,10.614166666666668,10.646041666666667,-0.03590490295375659,-0.028614835890531848,-0.007290067063224742
2026-01-06 09:54:00,10.45,10.45,10.45,10.45,2000,20900.0,10.530000000000001,10.608333333333333,10.645,-0.03902881739249331,-0.030697632190924147,-0.008331185201569162
2026-01-06 10:51:00,10.5,10.5,10.45,10.45,8000,83850.0,10.525,10.604166666666668,10.644166666666669,-0.04103155585711704,-0.03276441692416273,-0.008267138932954311
2026-01-06 10:59:00,10.15,10.15,10.15,10.15,3000,30450.0,10.5,10.596666666666668,10.642083333333334,-0.06606468079826477,-0.03942446969898314,-0.026640211099281635
2026-01-06 12:24:00,10.5,10.5,10.5,10.5,11000,115500.0,10.497499999999999,10.594166666666668,10.641458333333333,-0.05700442619889934,-0.04294046099896638,-0.014063965199932957
2026-01-07 10:34:00,10.6,10.6,10.6,10.6,68,720.8,10.5025,10.593333333333334,10.641250000000001,-0.041279105060377574,-0.04260818981124862,0.001329084750871047
2026-01-07 11:15:00,10.15,10.15,10.15,10.15,160,1624.0,10.485000000000001,10.582500000000001,10.639166666666664,-0.06438571550671668,-0.046963694950342236,-0.017422020556374443
2026-01-07 11:52:00,10.6,10.6,10.6,10.6,50,530.0,10.489999999999998,10.582500000000001,10.63875,-0.0458580089845384,-0.046742557757181474,0.0008845487726430734
2026-01-07 11:53:00,10.6,10.6,10.6,10.6,50,530.0,10.4925,10.5825,10.638541666666667,-0.030819401208079356,-0.043557926447361055,0.0127385252392817
2026-01-07 12:58:00,10.6,10.6,10.6,10.6,1000,10600.0,10.495,10.582500000000001,10.638333333333332,-0.018685797950649174,-0.03858350074801868,0.019897702797369507
2026-01-07 13:14:00,10.6,10.6,10.6,10.6,200,2120.0,10.4925,10.581666666666667,10.638125,-0.00896647006575968,-0.03266009461156688,0.0236936245458072
2026-01-07 14:27:00,10.55,10.55,10.5,10.5,31097,327318.5,10.4925,10.580000000000002,10.6375,-0.009226638018445144,-0.027973403292942532,0.01874676527449739
2026-01-07 14:29:00,10.6,10.6,10.6,10.6,1000,10600.0,10.497499999999999,10.580000000000002,10.637083333333331,-0.0013481184597967655,-0.02264834632631338,0.021300227866516613
2026-01-07 14:30:00,10.6,10.6,10.6,10.6,450,4770.0,10.5025,10.57916666666667,10.636875000000002,0.004839873997374511,-0.017150702261575803,0.021990576258950314
2026-01-08 09:01:00,10.6,10.6,10.6,10.6,1,10.6,10.507499999999999,10.579166666666667,10.636458333333334,0.009632860976669377,-0.011793989613926767,0.021426850590596146
2026-01-08 09:22:00,10.6,10.6,10.6,10.6,4999,52989.4,10.51,10.579166666666667,10.636041666666667,0.013278274011996771,-0.006779536888742058,0.02005781090073883
2026-01-08 09:26:00,10.65,10.65,10.65,10.65,1,10.65,10.51,10.58,10.63625,0.019971651472584284,-0.0014292992164767885,0.021400950689061074
2026-01-08 09:28:00,10.5,10.5,10.5,10.5,5000,52500.0,10.507499999999999,10.575,10.635833333333332,0.0130223414890267,0.0014610289246239103,0.01156131256440279
2026-01-08 09:31:00,10.65,10.65,10.65,10.65,1000,10650.0,10.514999999999999,10.575000000000001,10.635625000000001,0.019395134618843457,0.005047850063467821,0.014347284555375636
2026-01-08 12:42:00,10.4,10.4,10.4,10.4,1000,10400.0,10.5125,10.570833333333333,10.634583333333332,0.004224016590990587,0.004883083368972374,-0.0006590667779817873
2026-01-08 12:43:00,10.4,10.5,10.4,10.5,8100,84650.0,10.515,10.568333333333333,10.633125,0.00026688404391705944,0.003959843503961311,-0.003692959460044252
2026-01-08 13:14:00,10.55,10.55,10.5,10.55,32000,336800.0,10.52,10.566666666666666,10.632916666666667,0.0011521290962797082,0.0033983006224249904,-0.0022461715261452822
2026-01-08 13:15:00,10.6,10.6,10.5,10.55,12000,126450.0,10.525,10.565833333333334,10.6325,0.0018325674809371861,0.0030851539941274294,-0.0012525865131902433
2026-01-08 13:16:00,10.5,10.55,10.5,10.55,30000,315750.0,10.545,10.564166666666667,10.632083333333332,0.00234479051756864,0.002937081298815672,-0.000592290781247032
2026-01-08 13:17:00,10.6,10.6,10.55,10.55,7000,74100.0,10.5475,10.563333333333333,10.631875,0.0027193836030452445,0.002893541759661587,-0.0001741581566163425
2026-01-08 14:13:00,10.65,10.65,10.6,10.6,15000,159500.0,10.547500000000001,10.563333333333333,10.630833333333333,0.0069704820762481745,0.0037089298229789048,0.0032615522532692697
2026-01-08 14:14:00,10.6,10.6,10.6,10.6,20000,212000.0,10.57,10.564166666666667,10.629791666666668,0.010221679089996272,0.005011479676382379,0.005210199413613893
2026-01-09 09:02:00,10.5,10.5,10.5,10.5,6000,63000.0,10.565000000000001,10.561666666666667,10.628333333333332,0.004675218868971598,0.004944227514900223,-0.0002690086459286251
2026-01-09 09:08:00,10.6,10.6,10.6,10.6,5000,53000.0,10.565000000000001,10.560833333333335,10.6275,0.008253630731486439,0.005606108158217466,0.0026475225732689725
2026-01-09 09:35:00,10.55,10.6,10.55,10.6,12000,126850.0,10.565,10.561666666666667,10.626458333333336,0.010963171299195551,0.006677520786413083,0.004285650512782468
2026-01-09 09:45:00,10.5,10.5,10.5,10.5,1000,10500.0,10.559999999999999,10.559166666666668,10.625,0.00498388631606872,0.006338793892344211,-0.0013549075762754915
2026-01-09 10:04:00,10.5,10.5,10.5,10.5,1000,10500.0,10.559999999999999,10.558333333333334,10.623958333333333,0.00024246490403534438,0.005119528094682438,-0.004877063190647094
2026-01-09 10:13:00,10.5,10.5,10.5,10.5,1000,10500.0,10.555,10.556666666666668,10.622916666666667,-0.0034750870843556214,0.003400605058874826,-0.0068756921432304476
2026-01-09 10:37:00,10.5,10.55,10.5,10.55,6000,63250.0,10.5525,10.555,10.622083333333332,-0.002359492920451345,0.0022485854630095916,-0.0046080783834609364
2026-01-09 10:38:00,10.5,10.5,10.5,10.5,2000,21000.0,10.547500000000001,10.5525,10.621041666666665,-0.005447167089240423,0.0007094349525595883,-0.006156602041800012
2026-01-09 11:05:00,10.5,10.5,10.5,10.5,3000,31500.0,10.5425,10.55,10.61875,-0.007804209049524502,-0.0009932938478572303,-0.006810915201667272
2026-01-09 11:06:00,10.55,10.55,10.55,10.55,5000,52750.0,10.5375,10.547499999999998,10.617708333333333,-0.0055733535021733616,-0.0019093057787204569,-0.0036640477234529045
2026-01-09 13:26:00,10.5,10.5,10.5,10.5,1000,10500.0,10.5375,10.544999999999998,10.616666666666667,-0.007750622192970624,-0.003077569061570491,-0.004673053131400134
2026-01-09 13:27:00,10.5,10.5,10.5,10.5,1000,10500.0,10.53,10.542499999999999,10.615416666666668,-0.00936813330749331,-0.004335681910755055,-0.0050324513967382545
2026-01-09 13:47:00,10.5,10.5,10.5,10.5,1000,10500.0,10.535,10.531666666666666,10.614375,-0.010528654741293053,-0.005574276476862655,-0.004954378264430398
2026-01-12 09:11:00,10.5,10.5,10.5,10.5,1000,10500.0,10.535,10.529166666666667,10.613541666666666,-0.011317910511461804,-0.006723003283782485,-0.004594907227679319
2026-01-12 09:12:00,10.5,10.5,10.5,10.5,3000,31500.0,10.532499999999999,10.5275,10.612708333333334,-0.011807294257190293,-0.0077398614784640486,-0.004067432778726244
2026-01-12 09:48:00,10.5,10.5,10.5,10.5,1000,10500.0,10.53,10.526666666666666,10.611666666666668,-0.012056158510885595,-0.00860312088494836,-0.003453037625937235
2026-01-12 09:49:00,10.5,10.6,10.5,10.6,6000,63500.0,10.5325,10.525833333333333,10.611458333333333,-0.0041365375300372875,-0.007709804213966146,0.0035732666839288583
2026-01-12 10:14:00,10.5,10.5,10.5,10.5,1000,10500.0,10.530000000000001,10.525,10.610625,-0.005861774225612848,-0.007340198216295488,0.0014784239906826396
2026-01-12 11:11:00,10.5,10.6,10.5,10.6,8000,84500.0,10.53,10.526666666666667,10.610000000000001,0.0008305534257235792,-0.005706047887891674,0.006536601313615253
2026-01-12 13:41:00,10.5,10.65,10.5,10.5,3000,31650.0,10.525,10.526666666666667,10.609375,-0.0019128428978820722,-0.004947406889889754,0.0030345639920076814
2026-01-13 09:03:00,10.5,10.5,10.5,10.5,1000,10500.0,10.525,10.526666666666667,10.608749999999999,-0.0040404287024404795,-0.004766011252399899,0.0007255825499594198
2026-01-13 10:09:00,10.5,10.5,10.5,10.5,3000,31500.0,10.52,10.525833333333333,10.607708333333333,-0.005661295886039142,-0.004945068179127748,-0.0007162277069113938
2026-01-13 11:10:00,10.5,10.5,10.5,10.5,1000,10500.0,10.515,10.525,10.606666666666666,-0.006866689880189014,-0.005329392519340001,-0.001537297360849013
2026-01-13 11:11:00,10.5,10.5,10.5,10.5,1000,10500.0,10.515,10.5225,10.605625,-0.007732834008022493,-0.005810080817076501,-0.0019227531909459927
2026-01-13 11:12:00,10.5,10.6,10.5,10.6,16000,169500.0,10.52,10.524166666666668,10.604999999999999,-0.0003461055154936332,-0.004717285756759927,0.004371180241266294
2026-01-13 12:12:00,10.8,10.8,10.8,10.8,100,1080.0,10.535,10.529166666666667,10.605416666666667,0.02139957755432853,0.0005060869054577657,0.020893490648870763
2026-01-13 13:53:00,10.5,10.5,10.5,10.5,2000,21000.0,10.5325,10.529166666666667,10.603958333333333,0.014261299873369992,0.003257129499040212,0.01100417037432978
2026-01-13 14:41:00,10.8,10.8,10.8,10.8,1,10.0,10.5475,10.534166666666668,10.604166666666666,0.03243773417035989,0.00909325043330415,0.02334448373705574
2026-01-14 10:10:00,10.5,10.5,10.5,10.5,1000,10500.0,10.5475,10.533333333333333,10.603125,0.0223772455520983,0.011750049457062981,0.01062719609503532
2026-01-14 10:11:00,10.5,10.5,10.5,10.5,2000,21000.0,10.545,10.530833333333334,10.602083333333333,0.014240085004434633,0.012248056566537314,0.001992028437897319
2026-01-14 11:03:00,10.5,10.5,10.5,10.5,1000,10500.0,10.545,10.530000000000001,10.601041666666667,0.007702536598094056,0.011338952572848664,-0.0036364159747546074
2026-01-14 11:23:00,10.5,10.6,10.5,10.55,15000,158250.0,10.547500000000001,10.530833333333334,10.6,0.006481351532180213,0.010367432364714975,-0.0038860808325347617
2026-01-14 11:26:00,10.5,10.55,10.5,10.55,10000,105250.0,10.55,10.532499999999999,10.59875,0.0054507210499732395,0.009384090101766628,-0.003933369051793388
2026-01-14 11:27:00,10.5,10.55,10.5,10.55,6000,63050.0,10.5525,10.534166666666668,10.597708333333333,0.004581130546251089,0.00842349819066352,-0.0038423676444124307
2026-01-14 13:03:00,10.5,10.55,10.5,10.55,10000,105250.0,10.555000000000001,10.535833333333333,10.596875,0.0038476208291307046,0.007508322718356956,-0.0036607018892262514
2026-01-14 13:58:00,10.5,10.5,10.5,10.5,2000,21000.0,10.555000000000001,10.536666666666665,10.595625,-0.0007595177905965755,0.00585475461656625,-0.006614272407162825
2026-01-15 10:09:00,10.5,10.5,10.5,10.5,1000,10500.0,10.55,10.542499999999999,10.594791666666667,-0.004360443856871399,0.00381171492187872,-0.008172158778750119
2026-01-15 10:21:00,10.5,10.55,10.5,10.55,7000,73750.0,10.552499999999998,10.543333333333333,10.594166666666668,-0.003143386571396789,0.002420694623223618,-0.005564081194620407
2026-01-15 11:24:00,10.5,10.5,10.5,10.5,1000,10500.0,10.5475,10.541666666666666,10.593125000000002,-0.006142633580537904,0.0007080289824713132,-0.006850662563009217
2026-01-15 12:04:00,10.5,10.5,10.5,10.5,1000,10500.0,10.5475,10.547500000000001,10.592083333333335,-0.008422469458578163,-0.0011180707057385827,-0.007304398752839581
2026-01-15 12:05:00,10.5,10.5,10.5,10.5,2000,21000.0,10.5475,10.545833333333333,10.591458333333334,-0.010112683101390019,-0.0029169931848688707,-0.007195689916521148
2026-01-15 12:46:00,10.5,10.55,10.5,10.55,10000,105250.0,10.55,10.545,10.591041666666666,-0.007333076318960963,-0.00380020981168729,-0.0035328665072736727
2026-01-15 13:19:00,10.5,10.5,10.5,10.5,100,1050.0,10.55,10.543333333333333,10.590416666666666,-0.009060357884646209,-0.004852239426279075,-0.004208118458367134
2026-01-16 09:42:00,10.5,10.5,10.5,10.5,1000,10500.0,10.55,10.541666666666666,10.589583333333334,-0.010310389220903105,-0.005943869385203882,-0.004366519835699223
2026-01-16 09:43:00,10.5,10.5,10.5,10.5,1000,10500.0,10.545,10.541666666666666,10.58875,-0.011172261188386656,-0.006989547745840438,-0.004182713442546219
2026-01-16 09:45:00,10.5,10.55,10.5,10.55,6000,63250.0,10.5325,10.540833333333332,10.588333333333335,-0.007731593798936842,-0.007137956956459719,-0.0005936368424771235
2026-01-16 10:29:00,10.5,10.5,10.5,10.5,1000,10500.0,10.5325,10.539166666666665,10.5875,-0.008936408877872282,-0.007497647340742232,-0.0014387615371300498
2026-01-16 10:31:00,10.5,10.5,10.5,10.5,1000,10500.0,10.517500000000002,10.5375,10.586666666666668,-0.009778512898373393,-0.007953820452268464,-0.0018246924461049283
2026-01-16 10:32:00,10.8,10.8,10.8,10.8,12,129.0,10.5325,10.540833333333333,10.586875,0.013604778970448095,-0.0036421005677251517,0.017246879538173245
2026-01-16 13:15:00,10.6,10.6,10.55,10.55,7000,74000.0,10.535,10.539166666666667,10.586041666666667,0.01182696172840636,-0.0005482881084988487,0.012375249836905208
2026-01-16 13:29:00,10.5,10.5,10.5,10.5,1000,10500.0,10.535,10.539166666666667,10.585416666666667,0.0063107007925822245,0.0008235096717173665,0.005487191120864858
2026-01-16 14:07:00,10.5,10.6,10.5,10.6,10000,105500.0,10.5375,10.538333333333332,10.584375,0.009894135093089673,0.0026376347559918284,0.007256500337097845
2026-01-19 09:19:00,10.5,10.5,10.5,10.5,3000,31500.0,10.535,10.54,10.58375,0.004611707435730139,0.003032449291939491,0.0015792581437906483
2026-01-19 09:30:00,10.5,10.5,10.5,10.5,1000,10500.0,10.5325,10.54,10.583124999999999,0.000420498217732046,0.002510059077098002,-0.002089560859365956
2026-01-19 09:35:00,10.8,10.8,10.8,10.8,20,216.0,10.545,10.544166666666666,10.583541666666667,0.021063619221095564,0.0062207711058975155,0.014842848115198048
2026-01-19 09:43:00,10.8,10.8,10.8,10.8,46,496.0,10.559999999999999,10.548333333333334,10.584375,0.0369969633779057,0.012376009560299155,0.024620953817606546
2026-01-19 09:44:00,10.8,10.8,10.8,10.8,5,54.0,10.575,10.5525,10.585208333333332,0.04905873485827961,0.01971255461989525,0.029346180238384357
2026-01-19 10:05:00,10.5,10.5,10.5,10.5,1000,10500.0,10.572500000000002,10.551666666666668,10.584375,0.034018142885827274,0.022573672273081657,0.011444470612745616
2026-01-19 10:06:00,10.5,10.6,10.5,10.6,11000,116500.0,10.5775,10.551666666666668,10.58375,0.029823740139480748,0.024023685846361477,0.005800054293119271
2026-01-19 10:27:00,10.5,10.5,10.5,10.5,1000,10500.0,10.5775,10.55,10.582708333333333,0.018220447501866133,0.02286303817746241,-0.004642590675596279
2026-01-19 10:33:00,10.5,10.5,10.5,10.5,2000,21000.0,10.5775,10.55,10.582291666666666,0.008921908284339253,0.02007481219883778,-0.011152903914498528
2026-01-19 11:40:00,10.5,10.6,10.5,10.6,4000,42100.0,10.58,10.55,10.582083333333333,0.009512261794434096,0.017962302117957043,-0.008450040323522947
2026-01-19 12:37:00,10.5,10.5,10.5,10.5,2000,21000.0,10.58,10.548333333333334,10.581666666666667,0.0018891796522630955,0.014747677624818253,-0.012858497972555158
2026-01-19 12:49:00,10.5,10.65,10.5,10.6,9000,95150.0,10.584999999999999,10.55,10.58125,0.00387235826278598,0.012572613752411801,-0.008700255489625821
2026-01-20 09:26:00,10.5,10.55,10.5,10.55,10000,105250.0,10.5875,10.550833333333333,10.581041666666666,0.0013933972509416748,0.010336770452117778,-0.008943373201176103
2026-01-20 09:28:00,10.5,10.55,10.45,10.5,23000,241250.0,10.584999999999999,10.550833333333333,10.579791666666667,-0.004553291829573425,0.007358757995779537,-0.01191204982535296
2026-01-20 09:45:00,10.55,10.55,10.5,10.5,10000,105250.0,10.584999999999999,10.55,10.579791666666667,-0.009160489350438894,0.00405490852653585,-0.013215397876974743
2026-01-20 09:53:00,10.5,10.55,10.5,10.55,6000,63250.0,10.5875,10.550833333333333,10.580000000000002,-0.008677120008091066,0.0015085028196104662,-0.010185622827701532
2026-01-20 09:55:00,10.6,10.6,10.6,10.6,3000,31800.0,10.5775,10.5525,10.580416666666668,-0.0042109232867861834,0.000364617598331136,-0.004575540885117319
2026-01-20 09:56:00,10.6,10.6,10.6,10.6,2000,21200.0,10.58,10.553333333333335,10.580208333333333,-0.0006637785816394626,0.00015893836233701625,-0.0008227169439764788
2026-01-20 09:59:00,10.6,10.6,10.55,10.55,10000,105750.0,10.5825,10.554166666666667,10.579791666666667,-0.001865716164997977,-0.0002459925431299825,-0.0016197236218679946
2026-01-20 10:00:00,10.6,10.6,10.55,10.55,10000,105750.0,10.58,10.555000000000001,10.579583333333334,-0.0027861434321305723,-0.0007540227209301006,-0.002032120711200472
2026-01-20 10:02:00,10.7,10.7,10.7,10.7,1000,10700.0,10.59,10.558333333333334,10.580000000000002,0.008490286981736261,0.0010948392196031725,0.007395447762133089
2026-01-20 10:13:00,10.45,10.55,10.45,10.55,10000,105000.0,10.5925,10.559166666666668,10.579583333333334,0.0052625297620405576,0.00192837732809065,0.0033341524339499076
2026-01-20 10:14:00,10.45,10.5,10.45,10.45,15000,157000.0,10.575,10.558333333333334,10.578750000000001,-0.005303519680879276,0.00048199792629666433,-0.00578551760717594
2026-01-20 10:15:00,10.5,10.5,10.5,10.5,5000,52500.0,10.56,10.558333333333334,10.578333333333335,-0.009532720587090537,-0.0015209457763807766,-0.00801177481070976
2026-01-20 10:41:00,10.55,10.6,10.5,10.5,15000,158250.0,10.545,10.556666666666667,10.578125,-0.012737562088114274,-0.0037642690387274767,-0.008973293049386797
2026-01-20 10:42:00,10.55,10.55,10.55,10.55,5000,52750.0,10.5475,10.557500000000001,10.577916666666665,-0.011114716402724767,-0.005234358511526936,-0.005880357891197831
2026-01-20 10:50:00,10.55,10.55,10.5,10.5,2000,21050.0,10.5425,10.555833333333334,10.577499999999999,-0.01370519666172143,-0.006928526141565835,-0.006776670520155595
2026-01-20 12:26:00,10.45,10.5,10.45,10.5,7000,73250.0,10.5425,10.555833333333334,10.577083333333333,-0.01557859063487399,-0.008658539040227467,-0.006920051594646523
2026-01-20 12:30:00,10.4,10.45,10.4,10.45,15000,156250.0,10.540000000000001,10.555,10.576875000000001,-0.02085741963794341,-0.011098315159770656,-0.009759104478172752
2026-01-20 12:34:00,10.5,10.5,10.5,10.5,5000,52500.0,10.535,10.555,10.57625,-0.02076695894646896,-0.013032043917110318,-0.0077349150293586424
2026-01-20 12:56:00,10.45,10.45,10.45,10.45,2000,20900.0,10.5325,10.554166666666667,10.575416666666666,-0.024448028673132782,-0.015315240868314813,-0.009132787804817969
2026-01-20 13:22:00,10.45,10.45,10.45,10.45,1000,10450.0,10.525,10.553333333333335,10.574583333333333,-0.027053447647888973,-0.01766288222422965,-0.009390565423659323
2026-01-20 13:28:00,10.6,10.6,10.6,10.6,10,106.0,10.5275,10.553333333333333,10.574375,-0.016820616956909618,-0.017494429170765644,0.000673812213856026
2026-01-20 13:52:00,10.45,10.5,10.45,10.5,10000,104750.0,10.5275,10.548333333333334,10.573958333333334,-0.016588961948800218,-0.01731333572637256,0.0007243737775723402
2026-01-20 13:53:00,10.45,10.5,10.45,10.5,20000,209500.0,10.5275,10.548333333333334,10.573541666666667,-0.016218417860407897,-0.017094352153179625,0.0008759342927717288
2026-01-21 09:15:00,10.4,10.5,10.4,10.5,10000,104500.0,10.525,10.543333333333331,10.572916666666666,-0.015743280265679616,-0.016824137775679624,0.0010808575100000085
2026-01-21 09:16:00,10.4,10.5,10.4,10.5,6000,62500.0,10.52,10.543333333333331,10.572291666666667,-0.015191610865073812,-0.016497632393558462,0.0013060215284846494
2026-01-21 09:20:00,10.35,10.35,10.35,10.35,5000,51750.0,10.5075,10.540833333333332,10.571041666666668,-0.026552079444483567,-0.018508521803743485,-0.008043557640740082
2026-01-21 09:47:00,10.5,10.5,10.5,10.5,12,126.0,10.504999999999999,10.540833333333332,10.570416666666667,-0.02318433169963896,-0.01944368378292258,-0.0037406479167163796
2026-01-21 10:15:00,10.4,10.45,10.4,10.45,15000,156250.0,10.5,10.539166666666667,10.569999999999999,-0.024270177977046004,-0.020408982621747267,-0.003861195355298736
2026-01-21 10:16:00,10.45,10.5,10.4,10.5,25000,261000.0,10.489999999999998,10.538333333333334,10.569791666666667,-0.02085572502655708,-0.02049833110270923,-0.0003573939238478499
2026-01-21 10:17:00,10.35,10.4,10.35,10.4,15000,155500.0,10.4825,10.535833333333333,10.569166666666666,-0.025920119723163992,-0.021582688826800187,-0.004337430896363806
2026-01-21 10:25:00,10.4,10.4,10.4,10.4,5000,52000.0,10.48,10.533333333333333,10.568125,-0.02959256434616897,-0.023184663930673945,-0.006407900415495025
2026-01-21 10:32:00,10.35,10.4,10.35,10.4,25000,259500.0,10.475,10.531666666666666,10.567083333333333,-0.03213259857392181,-0.024974250859323522,-0.007158347714598289
2026-01-21 10:36:00,10.3,10.35,10.3,10.35,8000,82550.0,10.4675,10.529166666666667,10.56625,-0.03774507440963859,-0.02752841556938654,-0.010216658840252052
2026-01-21 10:39:00,10.35,10.35,10.35,10.35,2000,20700.0,10.4575,10.525833333333333,10.565208333333334,-0.04171217001414895,-0.030365166458339025,-0.011347003555809927
2026-01-21 10:54:00,10.3,10.3,10.3,10.3,5000,51500.0,10.447500000000002,10.522499999999999,10.563958333333334,-0.04833354497478837,-0.0339588421616289,-0.014374702813159466
2026-01-21 11:02:00,10.3,10.3,10.3,10.3,5000,51500.0,10.4375,10.519166666666667,10.56125,-0.052970422280418816,-0.03776115818538689,-0.015209264095031927
2026-01-21 11:03:00,10.35,10.35,10.3,10.35,20000,206750.0,10.4325,10.516666666666667,10.560208333333334,-0.0520110478357676,-0.040611136115463034,-0.011399911720304565
2026-01-21 13:15:00,10.25,10.35,10.25,10.35,7000,71950.0,10.425,10.513333333333332,10.559166666666668,-0.05066668269724239,-0.04262224543181891,-0.008044437265423483
2026-01-21 13:20:00,10.35,10.35,10.35,10.35,3000,31050.0,10.42,10.510833333333332,10.558124999999999,-0.049036007073642196,-0.04390499776018357,-0.005131009313458626
2026-01-21 13:21:00,10.25,10.25,10.25,10.25,5000,51250.0,10.41,10.506666666666666,10.556458333333333,-0.05517680529362856,-0.04615935926687258,-0.009017446026755985
2026-01-21 13:22:00,10.25,10.3,10.25,10.3,25000,257000.0,10.395,10.503333333333334,10.555416666666668,-0.05537057249967248,-0.048001601913432564,-0.007368970586239913
2026-01-21 14:43:00,10.2,10.3,10.2,10.3,6000,61300.0,10.385,10.499166666666667,10.554166666666667,-0.05489138073803268,-0.049379557678352594,-0.005511823059680086
2026-01-21 14:44:00,10.2,10.25,10.2,10.25,14000,143250.0,10.372499999999999,10.495000000000001,10.552708333333333,-0.05787900678531521,-0.05107944749974512,-0.006799559285570092
2026-01-22 09:22:00,10.2,10.2,10.2,10.2,5000,51000.0,10.357499999999998,10.490000000000002,10.551041666666666,-0.06354875361113166,-0.053573308722022435,-0.009975444889109224
2026-01-22 09:25:00,10.15,10.35,10.15,10.35,10000,102500.0,10.35,10.482499999999998,10.55,-0.055300848661429924,-0.053918816709903936,-0.0013820319515259888
2026-01-22 09:27:00,10.3,10.3,10.3,10.3,5000,51500.0,10.3475,10.478333333333333,10.549166666666666,-0.052197209755977525,-0.05357449531911866,0.0013772855631411368
2026-01-22 09:35:00,10.3,10.35,10.3,10.35,16000,165300.0,10.34,10.475833333333334,10.548541666666667,-0.045182139847080194,-0.05189602422471098,0.006713884377630784
2026-01-22 09:55:00,10.55,10.55,10.55,10.55,14,147.0,10.345,10.475,10.548541666666667,-0.023216690319060262,-0.04616015744358084,0.022943467124520577
2026-01-22 10:08:00,10.55,10.55,10.55,10.55,1000,10550.0,10.3475,10.475833333333332,10.548541666666667,-0.005742714873244736,-0.03807666892951362,0.032333954056268883
2026-01-22 11:01:00,10.2,10.2,10.2,10.2,3000,30600.0,10.3375,10.470833333333333,10.547291666666666,-0.019907062146485188,-0.03444274757290793,0.014535685426422744
2026-01-22 13:10:00,10.2,10.35,10.2,10.25,14000,143300.0,10.33,10.461666666666668,10.546041666666666,-0.026789020128124008,-0.03291200208395115,0.006122981955827139
2026-01-22 13:15:00,10.2,10.25,10.2,10.25,15000,153250.0,10.3225,10.452499999999999,10.544791666666667,-0.031875579570968426,-0.032704717581354605,0.0008291380103861781
2026-01-22 13:16:00,10.25,10.25,10.25,10.25,5000,51250.0,10.317499999999999,10.443333333333333,10.543958333333332,-0.035497521247599195,-0.033263278314603524,-0.002234242932995671
2026-01-22 13:22:00,10.5,10.5,10.5,10.5,10,105.0,10.325,10.443333333333333,10.544166666666666,-0.01798767474071461,-0.03020815759982574,0.01222048285911113
2026-01-22 13:24:00,10.2,10.25,10.2,10.25,15000,153250.0,10.3225,10.4375,10.543125,-0.024007166226880372,-0.02896795932523667,0.004960793098356297
2026-01-22 13:28:00,10.3,10.3,10.3,10.3,5000,51500.0,10.322500000000002,10.434166666666666,10.542083333333332,-0.02446110210661878,-0.028066587881513092,0.0036054857748943105
2026-01-22 13:37:00,10.2,10.25,10.2,10.2,13000,132700.0,10.315000000000001,10.429166666666667,10.540625,-0.03251519885448673,-0.02895631007610782,-0.003558888778378906
2026-01-22 13:41:00,10.25,10.25,10.25,10.25,3000,30750.0,10.309999999999999,10.423333333333334,10.539583333333333,-0.03446624104891782,-0.030058296270669825,-0.004407944778247998
2026-01-22 14:06:00,10.15,10.15,10.15,10.15,5000,50750.0,10.3,10.417499999999999,10.538125,-0.04357926566223114,-0.032762490148982096,-0.010816775513249041
2026-01-22 14:07:00,10.25,10.25,10.25,10.25,5000,51250.0,10.3,10.411666666666665,10.537083333333333,-0.04224526197565481,-0.03465904451431664,-0.007586217461338175
2026-01-22 14:14:00,10.15,10.2,10.15,10.2,10000,101750.0,10.295,10.405833333333334,10.535833333333333,-0.04470727889385806,-0.036668691390224925,-0.008038587503633135
2026-01-22 14:17:00,10.15,10.25,10.15,10.25,6000,61000.0,10.2925,10.401666666666667,10.534791666666667,-0.04213812087941449,-0.03776257728806284,-0.004375543591351644
2026-01-22 14:20:00,10.25,10.25,10.25,10.25,4000,41000.0,10.2925,10.3975,10.53375,-0.039645041285426785,-0.038139070087535636,-0.0015059711978911497
2026-01-23 09:32:00,10.1,10.25,10.1,10.25,20000,203500.0,10.295,10.392500000000002,10.532291666666667,-0.03723997845497706,-0.037959251761023924,0.0007192733060468609
2026-01-23 09:34:00,10.2,10.2,10.2,10.2,2000,20400.0,10.2875,10.385833333333332,10.531041666666669,-0.03891988673932545,-0.03815137875668423,-0.00076850798264122
2026-01-23 09:37:00,10.35,10.35,10.35,10.35,1000,10350.0,10.290000000000001,10.381666666666666,10.530416666666667,-0.027826710759947915,-0.036086445157336965,0.00825973439738905
2026-01-23 09:38:00,10.25,10.3,10.25,10.3,6000,61550.0,10.2875,10.377500000000001,10.529583333333335,-0.022806966493940095,-0.03343054942465759,0.010623582930717496
2026-01-23 09:39:00,10.2,10.25,10.2,10.25,13000,132850.0,10.272499999999999,10.3725,10.528333333333334,-0.02260281396081254,-0.03126500233188858,0.00866218837107604
2026-01-23 10:25:00,10.3,10.3,10.25,10.25,15000,154250.0,10.257499999999999,10.365000000000002,10.526875,-0.02218528346949178,-0.029449058559409217,0.007263775089917438
2026-01-23 10:26:00,10.15,10.2,10.15,10.2,20000,203500.0,10.2575,10.359166666666665,10.525416666666667,-0.025593938686039763,-0.028678034584735328,0.0030840958986955644
2026-01-23 10:49:00,10.1,10.2,10.1,10.2,30000,304500.0,10.254999999999999,10.355,10.52375,-0.027972868685488095,-0.028537001404885885,0.0005641327193977898
2026-01-23 10:50:00,10.2,10.2,10.2,10.2,1000,10200.0,10.252500000000001,10.35,10.522291666666666,-0.02951792360032357,-0.028733185843973424,-0.0007847377563501463
2026-01-23 10:57:00,10.1,10.1,10.1,10.1,5000,50500.0,10.245000000000001,10.343333333333334,10.520416666666668,-0.03836925809371117,-0.030660400293920975,-0.007708857799790192
2026-01-23 10:58:00,10.15,10.15,10.15,10.15,1000,10150.0,10.227500000000001,10.336666666666666,10.51875,-0.04087820382962626,-0.032703961001062036,-0.008174242828564222
2026-01-23 11:02:00,10.05,10.1,10.05,10.1,20000,201500.0,10.22,10.33,10.516875,-0.04636665756768288,-0.03543650031438621,-0.010930157253296671
2026-01-23 11:05:00,10.05,10.1,10.05,10.1,40000,403000.0,10.209999999999999,10.323333333333332,10.514999999999999,-0.05013833320214012,-0.03837686689193699,-0.011761466310203125
2026-01-23 11:07:00,10.05,10.1,10.05,10.1,20000,201500.0,10.205,10.3175,10.513124999999999,-0.052521972708316156,-0.04120588805521283,-0.011316084653103325
2026-01-23 11:12:00,10.05,10.1,10.05,10.1,19000,191400.0,10.1975,10.310833333333335,10.509375,-0.053790955538417506,-0.04372290155185377,-0.010068053986563734
2026-01-23 11:13:00,10.15,10.15,10.15,10.15,3000,30450.0,10.1975,10.305833333333334,10.507708333333333,-0.050183566524523826,-0.04501503454638779,-0.0051685319781360345
2026-01-23 11:28:00,10.15,10.15,10.15,10.15,5000,50750.0,10.192499999999999,10.300833333333333,10.506041666666667,-0.04678537209455591,-0.04536910205602142,-0.0014162700385344923
2026-01-23 11:37:00,10.05,10.1,10.05,10.1,10000,100750.0,10.1875,10.2925,10.503958333333333,-0.04757840640618305,-0.04581096292605375,-0.001767443480129298
2026-01-23 11:38:00,10.0,10.05,10.0,10.05,19100,191455.0,10.1775,10.285,10.50125,-0.05164612951180381,-0.04697799624320377,-0.004668133268600036
2026-01-23 11:46:00,10.0,10.05,10.0,10.05,15000,150250.0,10.1675,10.277500000000002,10.498541666666666,-0.05424453217846548,-0.04843130343025612,-0.005813228748209359
2026-01-23 11:48:00,10.1,10.1,10.1,10.1,3000,30300.0,10.16,10.270833333333334,10.496041666666667,-0.05167354244803413,-0.049079751233811725,-0.0025937912142224018
2026-01-23 11:49:00,10.1,10.1,10.1,10.1,2000,20200.0,10.155,10.264166666666666,10.492916666666668,-0.04907036197606551,-0.04907787338226249,7.511406196973602e-06
2026-01-23 11:51:00,10.05,10.1,10.05,10.1,13000,130800.0,10.1425,10.26,10.489791666666665,-0.04647162671197691,-0.04855662404820538,0.002084997336228467
2026-01-23 12:44:00,10.15,10.15,10.15,10.15,5,50.0,10.135000000000002,10.254166666666666,10.487916666666667,-0.03991738538869072,-0.04682877631630245,0.006911390927611734
2026-01-23 15:00:00,10.1,10.1,10.1,10.1,5000,50500.0,10.127500000000001,10.248333333333333,10.485000000000001,-0.03831600104265753,-0.04512622126157347,0.00681022021891594
2026-01-26 09:04:00,10.05,10.05,10.05,10.05,5000,50250.0,10.117500000000001,10.240833333333333,10.482708333333333,-0.040613309591574165,-0.04422363892757362,0.003610329335999453
2026-01-26 09:05:00,10.0,10.1,10.0,10.05,15000,150750.0,10.11,10.235000000000001,10.479791666666666,-0.041950365467886996,-0.0437689842356363,0.0018186187677493026
2026-01-26 09:35:00,9.95,10.05,9.95,10.05,10000,100000.0,10.102500000000001,10.229166666666666,10.476666666666667,-0.042519849525191944,-0.04351915729354743,0.0009993077683554882
2026-01-26 09:36:00,9.96,10.05,9.96,10.05,10000,100050.0,10.094999999999999,10.223333333333334,10.473958333333334,-0.042481469803419714,-0.043311619795521894,0.0008301499921021804
2026-01-26 09:37:00,9.95,10.05,9.95,10.05,10000,100000.0,10.0925,10.218333333333334,10.471666666666666,-0.04196728090683699,-0.043042752017784916,0.001075471110947926
2026-01-26 09:43:00,9.95,10.05,9.95,10.05,10000,100000.0,10.0875,10.213333333333333,10.469166666666666,-0.041086166746760355,-0.04265143496358001,0.0015652682168196541
2026-01-26 09:44:00,9.95,10.05,9.95,10.05,10000,100000.0,10.084999999999999,10.209166666666668,10.466666666666667,-0.03992761671539746,-0.0421066713139435,0.002179054598546039
2026-01-26 09:45:00,9.95,10.05,9.95,10.05,10000,100000.0,10.0825,10.205,10.463541666666666,-0.03856490524677447,-0.0413983181005097,0.0028334128537352288
2026-01-26 09:46:00,10.0,10.0,9.95,9.95,9050,90250.0,10.075,10.198333333333332,10.460833333333333,-0.045034975688771794,-0.04212564961816213,-0.0029093260706096677
2026-01-26 10:37:00,9.9,9.96,9.9,9.96,6000,59460.0,10.068000000000001,10.191833333333335,10.458166666666667,-0.048793179303570966,-0.0434591555552439,-0.005334023748327067
2026-01-26 10:38:00,9.96,9.96,9.96,9.96,4000,39840.0,10.0585,10.185333333333334,10.455499999999999,-0.051181593197744846,-0.04500364308374409,-0.006177950114000755
2026-01-26 10:59:00,9.91,10.0,9.9,9.9,13000,129050.0,10.046000000000001,10.179499999999999,10.452375,-0.05725591641172478,-0.047454097749340236,-0.009801818662384547
2026-01-26 11:00:00,9.98,9.98,9.98,9.98,3000,29940.0,10.040000000000001,10.174166666666666,10.449791666666666,-0.05498074609319836,-0.04895942741811187,-0.006021318675086491
2026-01-26 11:01:00,9.9,9.96,9.9,9.96,13000,129180.0,10.0355,10.1685,10.447125,-0.05416708563175554,-0.05000095906084061,-0.0041661265709149325
2026-01-26 11:10:00,9.9,9.9,9.9,9.9,5000,49500.0,10.028000000000002,10.162666666666667,10.443999999999999,-0.057698638425419446,-0.051540494933756384,-0.006158143491663062
2026-01-26 11:11:00,9.98,9.98,9.9,9.95,14000,139080.0,10.0205,10.1585,10.441291666666666,-0.05581938618768412,-0.05239627318454194,-0.0034231130031421794
2026-01-26 11:12:00,9.9,9.95,9.9,9.95,10000,99250.0,10.013,10.151833333333334,10.438583333333334,-0.05371091920726556,-0.05265920238908666,-0.0010517168181789008
2026-01-26 11:18:00,9.9,9.95,9.9,9.95,10000,99250.0,10.005500000000001,10.145999999999999,10.435875000000001,-0.05144689614047415,-0.05241674113936416,0.0009698449988900099
2026-01-26 12:11:00,9.85,9.85,9.85,9.85,3000,29550.0,9.9905,10.137666666666666,10.431916666666666,-0.05706400745691376,-0.05334619440287409,-0.003717813054039669
2026-01-26 12:37:00,10.2,10.2,10.2,10.2,30,306.0,9.9955,10.131833333333333,10.430041666666666,-0.03289434814691994,-0.04925582515168326,0.01636147700476332
2026-01-26 13:06:00,9.86,9.95,9.86,9.91,19000,188010.0,9.988499999999998,10.121166666666669,10.426958333333335,-0.03671704415023669,-0.04674806895139395,0.010031024801157265
2026-01-26 13:07:00,9.86,9.9,9.86,9.9,20300,200770.0,9.981,10.116166666666667,10.423833333333334,-0.04009132684058159,-0.045416720529231486,0.005325393688649899
2026-01-26 13:18:00,9.85,9.9,9.85,9.9,6222,61497.0,9.9735,10.110333333333333,10.420708333333334,-0.04227811439751328,-0.04478899930288785,0.002510884905374572
2026-01-26 13:19:00,9.85,9.85,9.85,9.85,3000,29550.0,9.9635,10.103666666666667,10.417583333333335,-0.04749821160710077,-0.04533084176373044,-0.0021673698433703342
2026-01-26 14:36:00,9.9,9.9,9.9,9.9,5000,49500.0,9.956,10.097833333333334,10.414458333333334,-0.047058137208836115,-0.04567630085275158,-0.0013818363560845343
2026-01-27 09:52:00,10.3,10.3,10.3,10.3,12,123.0,9.9685,10.0945,10.413208333333333,-0.014268242598127756,-0.039394689201826816,0.02512644660369906
2026-01-27 10:13:00,10.0,10.0,9.95,9.95,2000,19950.0,9.9635,10.0895,10.410500000000003,-0.016335781092893242,-0.0347829075800401,0.01844712648714686
2026-01-27 11:07:00,9.86,9.96,9.86,9.95,7111,70305.0,9.958499999999999,10.083666666666668,10.408,-0.017769484687448767,-0.03138022300152184,0.01361073831407307
2026-01-29 09:08:00,9.95,9.95,9.9,9.9,8000,79450.0,9.956,10.078666666666667,10.404875,-0.022678859473071356,-0.02963995029583174,0.006961090822760384
2026-01-29 11:14:00,9.9,9.9,9.9,9.9,1,9.0,9.953,10.072833333333334,10.40175,-0.02626678718860731,-0.02896531767438686,0.0026985304857795496
2026-01-29 12:38:00,10.25,10.25,10.25,10.25,11,112.0,9.9675,10.0745,10.4005,-0.0008582771402281253,-0.023343909567555114,0.022485632427326988
2026-01-29 12:45:00,10.25,10.25,10.25,10.25,248,2542.0,9.985,10.0745,10.398833333333334,0.01905845611294943,-0.014863436431454205,0.033921892544403635
2026-01-29 13:56:00,10.0,10.05,10.0,10.05,6000,60250.0,9.9885,10.072,10.396749999999999,0.01849112796529262,-0.008192523552104838,0.026683651517397457
2026-01-29 14:37:00,10.25,10.25,10.25,10.25,200,2050.0,10.003,10.072,10.395291666666667,0.03379033094971895,0.00020404734825992202,0.03358628360145903
2026-01-30 09:54:00,10.25,10.25,10.2,10.2,8000,81850.0,10.017999999999999,10.071166666666667,10.393416666666667,0.04140320700931177,0.008443879280470294,0.03295932772884148
2026-01-30 13:26:00,9.91,9.91,9.91,9.91,3000,29730.0,10.016,10.065499999999998,10.390333333333334,0.023761976491794456,0.011507498722735128,0.012254477769059328
2026-01-30 14:09:00,9.91,9.91,9.91,9.91,248,2457.0,10.014,10.060666666666668,10.38725,0.009669707835712416,0.011139940545330587,-0.0014702327096181717
2026-02-02 09:02:00,10.1,10.1,10.1,10.1,5000,50500.0,10.0215,10.0565,10.384749999999999,0.01367525566544181,0.011647003569352833,0.0020282520960889765
2026-02-02 09:45:00,10.5,10.5,10.5,10.5,20,210.0,10.053999999999998,10.059833333333332,10.384125000000001,0.048566493929012466,0.019030901641284764,0.029535592287727702
2026-02-02 09:52:00,10.05,10.05,10.05,10.05,1000,10050.0,10.0465,10.0565,10.381625000000001,0.039452033948288445,0.023115128102685505,0.01633690584560294
2026-02-02 09:55:00,10.05,10.05,10.05,10.05,1000,10050.0,10.053500000000001,10.053166666666666,10.377041666666667,0.03186147944546036,0.02486439837124048,0.0069970810742198825
2026-02-02 09:57:00,10.05,10.05,10.05,10.05,3000,30150.0,10.061,10.050666666666668,10.374541666666666,0.025551370026487774,0.02500179270228994,0.0005495773241978343
2026-02-02 10:03:00,10.05,10.05,10.05,10.05,5000,50250.0,10.0685,10.048166666666667,10.372250000000001,0.020316368401635643,0.024064707842159083,-0.0037483394405234405
2026-02-02 11:03:00,10.15,10.15,10.15,10.15,5000,50750.0,10.0835,10.047333333333334,10.370583333333334,0.02396055381348461,0.024043877036424192,-8.332322293958319e-05
2026-02-02 11:27:00,10.2,10.2,10.15,10.15,13000,132450.0,10.096,10.048166666666667,10.368500000000001,0.026542630089849695,0.024543627647109295,0.0019990024427403996
2026-02-03 09:06:00,10.1,10.1,10.1,10.1,592,5979.0,10.086,10.047333333333334,10.366625,0.02427454021988318,0.024489810161664075,-0.0002152699417808969
2026-02-03 09:32:00,10.1,10.1,10.1,10.1,1000,10100.0,10.0935,10.047333333333334,10.364958333333334,0.022220913795038655,0.024036030888338993,-0.0018151170933003377
2026-02-03 09:33:00,10.1,10.1,10.1,10.1,1000,10100.0,10.101,10.047333333333334,10.363291666666667,0.020358717436028684,0.023300568197876934,-0.0029418507618482505
2026-02-03 09:34:00,10.1,10.1,10.1,10.1,1000,10100.0,10.111,10.047333333333334,10.361625,0.018667723508759337,0.02237399926005342,-0.003706275751294081
2026-02-03 09:46:00,10.1,10.1,10.1,10.1,1000,10100.0,10.121,10.047333333333333,10.359749999999998,0.017130133126894265,0.02132522603342159,-0.004195092906527326
2026-02-03 10:09:00,10.1,10.1,10.1,10.1,3000,30300.0,10.1135,10.0465,10.357875000000002,0.015730253105468606,0.020206231447830996,-0.00447597834236239
2026-02-03 10:11:00,10.1,10.1,10.1,10.1,1000,10100.0,10.106,10.045666666666667,10.355583333333334,0.014454218865257218,0.019055828931316243,-0.004601610066059025
2026-02-03 10:51:00,10.15,10.15,10.15,10.15,5000,50750.0,10.111,10.0465,10.354125000000002,0.01727836048486253,0.018700335242025502,-0.0014219747571629707
2026-02-03 10:53:00,10.2,10.2,10.1,10.1,6000,61100.0,10.1035,10.047333333333334,10.352458333333335,0.015305498671336792,0.01802136792788776,-0.002715869256550967
2026-02-03 10:55:00,10.1,10.1,10.1,10.1,1000,10100.0,10.0985,10.048166666666667,10.350791666666668,0.013585387579013286,0.017134171858112866,-0.0035487842790995795
2026-02-03 12:45:00,10.1,10.1,10.1,10.1,1000,10100.0,10.108,10.048166666666669,10.349124999999999,0.012082902961619624,0.016123918078814217,-0.004041015117194593
2026-02-03 12:54:00,10.5,10.5,10.5,10.5,40,420.0,10.1375,10.054833333333335,10.348916666666666,0.042676877657831014,0.021434509994617577,0.021242367663213437
2026-02-03 14:44:00,10.2,10.2,10.2,10.2,100,1020.0,10.142500000000002,10.0565,10.347041666666668,0.04222854583682434,0.02559331716305893,0.01663522867376541
2026-02-04 09:01:00,10.1,10.1,10.1,10.1,1000,10100.0,10.1225,10.055666666666667,10.345166666666668,0.03341884374530402,0.02715842247950795,0.006260421265796068
2026-02-04 09:18:00,10.1,10.1,10.1,10.1,2000,20200.0,10.125,10.055666666666667,10.3435,0.026135813972798516,0.026953900778166066,-0.0008180868053675495
2026-02-04 09:38:00,10.1,10.1,10.1,10.1,1000,10100.0,10.1275,10.056500000000002,10.342041666666667,0.020131892481828118,0.025589499118898476,-0.0054576066370703585
2026-02-04 09:40:00,10.1,10.1,10.1,10.1,1000,10100.0,10.129999999999999,10.057333333333332,10.340583333333333,0.015198542111617641,0.023511307717442313,-0.008312765605824671
2026-02-04 11:39:00,10.15,10.15,10.15,10.15,1000,10150.0,10.135,10.059000000000001,10.339333333333334,0.01514878279465215,0.021838802732884282,-0.006690019938232133
2026-02-04 11:55:00,10.1,10.1,10.1,10.1,11100,112110.0,10.132499999999999,10.059833333333332,10.337874999999999,0.010948557884841392,0.019660753763275706,-0.008712195878434314
2026-02-04 12:35:00,10.15,10.15,10.1,10.1,5000,50700.0,10.129999999999999,10.060666666666666,10.337666666666669,0.007533013492427187,0.017235205709106003,-0.009702192216678816
2026-02-04 12:40:00,10.4,10.4,10.4,10.4,100,1040.0,10.145,10.0665,10.337250000000001,0.02870279479760285,0.019528723526805375,0.009174071270797474
2026-02-04 12:47:00,10.4,10.4,10.4,10.4,200,2080.0,10.16,10.072333333333335,10.336416666666667,0.04496170841507663,0.02461532050445963,0.020346387910617
2026-02-04 12:58:00,10.1,10.1,10.1,10.1,2000,20200.0,10.16,10.073166666666667,10.336208333333333,0.033256165426884365,0.02634348948894458,0.006912675937939785
2026-02-04 13:15:00,10.35,10.35,10.35,10.35,100,1035.0,10.172500000000001,10.079833333333333,10.335166666666668,0.043649188266028816,0.02980462924436143,0.013844559021667386
2026-02-05 10:04:00,10.1,10.1,10.1,10.1,3000,30300.0,10.172500000000001,10.082166666666666,10.333083333333333,0.03135142338768304,0.030113988073025753,0.0012374353146572883
2026-02-05 10:16:00,10.1,10.1,10.1,10.1,1000,10100.0,10.1725,10.0845,10.331,0.021359141236413137,0.028363018705703236,-0.0070038774692900985
2026-02-05 10:19:00,10.1,10.15,10.1,10.15,6000,60850.0,10.175,10.088666666666667,10.329125000000001,0.01727562512090053,0.026145539988742698,-0.00886991486784217
2026-02-05 10:50:00,10.1,10.1,10.1,10.1,500,5050.0,10.1725,10.090666666666667,10.327458333333334,0.009890811923607856,0.02289459437571573,-0.013003782452107874
2026-02-05 12:19:00,10.35,10.35,10.35,10.35,20,207.0,10.184999999999999,10.097166666666668,10.326416666666667,0.023935293755659615,0.02310273425170451,0.0008325595039551034
2026-02-05 12:24:00,10.1,10.1,10.1,10.1,3000,30300.0,10.184999999999999,10.1005,10.324333333333332,0.014723018339111604,0.021426791069185932,-0.006703772730074328
2026-02-05 12:34:00,10.1,10.1,10.1,10.1,1000,10100.0,10.184999999999999,10.103,10.32225,0.007337639954759112,0.01860896084630057,-0.011271320891541457
2026-02-06 09:14:00,10.1,10.1,10.1,10.1,1000,10100.0,10.165000000000001,10.105500000000001,10.320166666666667,0.0014677550102710768,0.01518071967909467,-0.013712964668823593
2026-02-06 09:31:00,10.1,10.1,10.05,10.05,8000,80550.0,10.157499999999999,10.107166666666666,10.317666666666666,-0.007136488236954008,0.010717278095884934,-0.017853766332838944
2026-02-06 10:04:00,10.0,10.0,10.0,10.0,1000,10000.0,10.1525,10.109666666666666,10.315583333333333,-0.0177849809436168,0.005016826287984586,-0.022801807231601388
2026-02-06 10:06:00,10.0,10.0,10.0,10.0,1000,10000.0,10.147499999999999,10.106333333333334,10.312874999999998,-0.025925139264295183,-0.0011715668224713694,-0.024753572441823815
2026-02-06 10:22:00,10.0,10.0,10.0,10.0,1000,10000.0,10.1425,10.107833333333332,10.311208333333333,-0.032007312999704496,-0.007338716057917997,-0.024668596941786497
2026-02-06 10:39:00,9.96,10.1,9.96,10.0,16100,160750.0,10.1375,10.109499999999999,10.309125,-0.036407793128589105,-0.013152531472052222,-0.023255261656536883
2026-02-06 10:40:00,9.95,9.95,9.95,9.95,46,457.0,10.127500000000001,10.110333333333333,10.306625,-0.04342916310844558,-0.0192078577993309,-0.02422130530911468
2026-02-06 10:44:00,10.1,10.1,10.1,10.1,5000,50500.0,10.127500000000001,10.1145,10.30475,-0.03646950525097381,-0.022660187289659482,-0.013809317961314328
2026-02-06 11:34:00,10.0,10.05,10.0,10.05,6000,60250.0,10.125,10.116999999999999,10.302666666666669,-0.034589778949523975,-0.025046105621632384,-0.009543673327891591
2026-02-06 11:59:00,10.0,10.0,10.0,10.0,1000,10000.0,10.105,10.112,10.300375,-0.036711477386283775,-0.027379179974562667,-0.009332297411721108
2026-02-06 12:00:00,10.0,10.0,10.0,10.0,1000,10000.0,10.084999999999999,10.112833333333333,10.297875000000001,-0.037955412316666326,-0.0294944264429834,-0.008460985873682925
2026-02-06 12:44:00,10.0,10.0,10.0,10.0,1000,10000.0,10.080000000000002,10.113666666666665,10.295375000000002,-0.038497464899540645,-0.03129503413429485,-0.007202430765245793
2026-02-06 12:46:00,10.2,10.2,10.2,10.2,12,122.0,10.0725,10.118666666666666,10.294125000000001,-0.02252901646846439,-0.02954183060112876,0.007012814132664368
2026-02-06 12:54:00,10.2,10.2,10.2,10.2,100,1020.0,10.077499999999999,10.123666666666667,10.292458333333334,-0.009761382894616588,-0.025585741059826327,0.01582435816520974
2026-02-06 14:51:00,10.2,10.2,10.2,10.2,100,1020.0,10.0825,10.122833333333334,10.290791666666667,0.00035298965349284117,-0.020397994917162494,0.020750984570655336
2026-02-09 09:16:00,10.0,10.0,10.0,10.0,1000,10000.0,10.075,10.118666666666666,10.288708333333334,-0.007681083018539425,-0.01785461253743788,0.010173529518898456
2026-02-09 09:26:00,10.2,10.2,10.2,10.2,10,102.0,10.08,10.121166666666666,10.287458333333332,0.0020663652642678443,-0.013870416977096735,0.015936782241364578
2026-02-09 10:38:00,10.05,10.05,10.05,10.05,4000,40200.0,10.065000000000001,10.117833333333333,10.285583333333333,-0.0022861053433818057,-0.011553554650353749,0.009267449306971943
2026-02-09 12:05:00,10.2,10.2,10.15,10.15,8000,81450.0,10.067499999999999,10.116999999999999,10.283916666666668,0.0023070997969867335,-0.008781423760885653,0.011088523557872387
2026-02-09 12:20:00,10.15,10.2,10.15,10.2,6000,61150.0,10.072500000000002,10.121833333333335,10.282666666666668,0.009868077046027324,-0.005051523599503057,0.01491960064553038
2026-02-09 13:11:00,10.25,10.25,10.25,10.25,100,1025.0,10.08,10.1275,10.281625,0.01966806689019407,-0.0001076055015636305,0.0197756723917577
2026-02-09 13:16:00,10.25,10.25,10.25,10.25,4000,41000.0,10.09,10.13,10.280375,0.027121984096988072,0.005338312418146712,0.02178367167884136
2026-02-10 09:03:00,10.15,10.15,10.15,10.15,3000,30450.0,10.0975,10.124166666666667,10.278916666666667,0.02467565730348653,0.009205781395214677,0.015469875908271855
2026-02-10 10:06:00,10.15,10.15,10.15,10.15,2000,20300.0,10.105,10.125833333333333,10.277458333333334,0.022477815430475445,0.011860188202266832,0.010617627228208613
2026-02-10 10:39:00,10.2,10.2,10.2,10.2,18,183.0,10.115,10.128333333333334,10.276208333333333,0.0244883060948613,0.014385811780785728,0.010102494314075573
2026-02-10 10:46:00,10.0,10.0,10.0,10.0,1000,10000.0,10.115,10.1275,10.274125,0.009829991873571586,0.0134746477993429,-0.003644655925771314
2026-02-10 10:47:00,10.0,10.0,10.0,10.0,1000,10000.0,10.1175,10.126666666666667,10.272041666666667,-0.001766465044802601,0.0104264252305138,-0.012192890275316401
2026-02-10 10:54:00,10.0,10.0,10.0,10.0,1000,10000.0,10.1125,10.124166666666667,10.269958333333333,-0.010831877558686642,0.006174764672673711,-0.017006642231360353
2026-02-10 13:03:00,10.15,10.15,10.0,10.0,8000,80750.0,10.11,10.121666666666668,10.267458333333334,-0.01781096853043529,0.00137761803205191,-0.0191885865624872
2026-02-10 13:25:00,10.15,10.15,10.0,10.0,3000,30150.0,10.11,10.120000000000001,10.265375,-0.02307594329712792,-0.0035130942337840577,-0.019562849063343865
2026-02-10 14:48:00,10.2,10.2,10.2,10.2,100,1020.0,10.12,10.121666666666666,10.263708333333334,-0.010983533860239092,-0.005007182159075065,-0.0059763517011640266
2026-02-11 09:56:00,10.0,10.0,10.0,10.0,1000,10000.0,10.12,10.12,10.261625,-0.01733867137993883,-0.007473480003247821,-0.00986519137669101
2026-02-11 09:57:00,10.0,10.0,10.0,10.0,1000,10000.0,10.11,10.118333333333332,10.259541666666667,-0.02212017603064531,-0.01040281920872732,-0.01171735682191799
2026-02-11 13:52:00,10.05,10.05,10.0,10.0,3000,30100.0,10.1,10.116666666666667,10.257458333333334,-0.025614287354922993,-0.013445112837966457,-0.012169174516956536
2026-02-11 14:39:00,10.0,10.0,10.0,10.0,2000,20000.0,10.09,10.115,10.255374999999999,-0.028059938251665528,-0.016368077920706273,-0.011691860330959255
2026-02-11 14:40:00,10.05,10.05,10.05,10.05,5000,50250.0,10.0925,10.114166666666668,10.2535,-0.02566767113940749,-0.018227996564446517,-0.0074396745749609715
2026-02-11 15:00:00,10.15,10.15,10.15,10.15,5000,50750.0,10.09,10.114166666666668,10.251625,-0.015523670739327144,-0.017687131399422643,0.002163460660095498
2026-02-23 11:14:00,10.05,10.05,10.0,10.0,5000,50150.0,10.0875,10.1125,10.248291666666667,-0.019364996115454503,-0.018022704342629016,-0.0013422917728254866
2026-02-23 11:29:00,10.0,10.05,10.0,10.05,6000,60200.0,10.0825,10.111666666666666,10.246416666666667,-0.01816529381908083,-0.01805122223791938,-0.00011407158116144914
2026-02-23 12:06:00,10.2,10.2,10.2,10.2,50,510.0,10.0825,10.113333333333333,10.243916666666667,-0.005052532261306197,-0.015451484242596744,0.010398951981290547
2026-02-23 12:56:00,10.0,10.0,10.0,10.0,1000,10000.0,10.07,10.104999999999999,10.241833333333334,-0.01067583836548458,-0.014496355067174312,0.003820516701689732
2026-02-23 12:57:00,10.0,10.0,10.0,10.0,1000,10000.0,10.057500000000001,10.101666666666667,10.239749999999999,-0.014959900545504112,-0.014589064162840273,-0.00037083638266383924
2026-02-23 12:59:00,10.0,10.0,10.0,10.0,1000,10000.0,10.05,10.1,10.237666666666666,-0.018145876321353782,-0.015300426594542976,-0.002845449726810806
2026-02-23 13:21:00,10.0,10.0,10.0,10.0,1000,10000.0,10.0425,10.098333333333333,10.235375000000001,-0.02043522057512348,-0.01632738539065908,-0.004107835184464399
2026-02-24 12:45:00,10.05,10.05,10.0,10.0,9000,90250.0,10.0325,10.096666666666666,10.233083333333333,-0.02199598635143829,-0.017461105582814922,-0.004534880768623368
2026-02-24 14:30:00,10.0,10.0,10.0,10.0,1000,10000.0,10.0325,10.095,10.230791666666669,-0.022968142029728966,-0.018562512872197734,-0.004405629157531232
2026-02-24 14:32:00,10.0,10.0,10.0,10.0,3000,30000.0,10.0325,10.0925,10.2285,-0.023468057253124286,-0.019543621748383047,-0.003924435504741239
2026-02-25 09:51:00,10.0,10.0,10.0,10.0,1000,10000.0,10.0325,10.090833333333334,10.226416666666667,-0.02359228647654632,-0.020353354694015703,-0.003238931782530617
2026-02-25 10:35:00,10.0,10.0,10.0,10.0,2000,20000.0,10.0325,10.089166666666667,10.224333333333334,-0.023420759099154864,-0.020966835575043537,-0.0024539235241113275
2026-02-25 13:18:00,10.2,10.2,10.2,10.2,2000,20400.0,10.0425,10.085833333333335,10.222874999999998,-0.007065052360749391,-0.018186478932184707,0.011121426571435316
2026-02-25 13:52:00,10.1,10.1,10.05,10.05,3000,30250.0,10.035,10.08,10.221,-0.00613605075817425,-0.015776393297382615,0.009640342539208365
2026-02-25 13:53:00,10.15,10.15,10.1,10.1,29000,293700.0,10.040000000000001,10.080000000000002,10.219333333333333,-0.0013496700067765488,-0.012891048639261401,0.011541378632484852
2026-02-25 13:54:00,10.2,10.2,10.15,10.2,14000,142700.0,10.05,10.077499999999999,10.218083333333333,0.01039293223442428,-0.008234252464524265,0.018627184698948543
2026-02-25 14:07:00,10.15,10.15,10.15,10.15,1000,10150.0,10.057500000000001,10.078333333333335,10.216416666666667,0.015485934762608622,-0.003490215019097687,0.01897614978170631
2026-02-25 14:08:00,10.15,10.15,10.15,10.15,1000,10150.0,10.065000000000001,10.079166666666667,10.214958333333334,0.01929970101958922,0.0010677681886396959,0.018231932830949527
2026-02-25 14:26:00,10.2,10.2,10.2,10.2,2000,20400.0,10.0725,10.08,10.213708333333333,0.026056358901616505,0.0060654863312350595,0.019990872570381447
2026-02-25 14:59:00,10.6,10.6,10.6,10.6,100,1060.0,10.094999999999999,10.088333333333333,10.214125000000001,0.06296193007526618,0.01744477508004129,0.04551715499522489
2026-02-26 09:01:00,10.6,10.6,10.6,10.6,1,10.0,10.125,10.0925,10.214333333333334,0.09115903649250967,0.03218762736253497,0.0589714091299747
2026-02-26 09:05:00,10.15,10.15,10.15,10.15,5000,50750.0,10.129999999999999,10.093333333333334,10.212875,0.0763145012183557,0.04101300213369912,0.03530149908465658
2026-02-26 09:08:00,10.2,10.2,10.15,10.15,15000,152750.0,10.1275,10.094166666666666,10.211416666666667,0.06381448638854081,0.045573298984667464,0.01824118740387335
2026-02-26 09:10:00,10.2,10.2,10.15,10.15,10000,101750.0,10.135,10.095,10.208708333333334,0.05329379686217628,0.047117398560169235,0.006176398302007044
2026-02-26 09:16:00,10.2,10.2,10.15,10.15,10000,101750.0,10.1425,10.096666666666668,10.207041666666667,0.04444375467642381,0.046582669783420155,-0.0021389151069963475
2026-02-26 09:46:00,10.6,10.6,10.6,10.6,6,63.0,10.1725,10.106666666666667,10.207458333333333,0.07290091530380849,0.05184631888749783,0.02105459641631066
2026-02-26 09:49:00,10.1,10.1,10.1,10.1,1000,10100.0,10.177499999999998,10.108333333333333,10.205375,0.05447959197422492,0.052372973504843254,0.002106618469381663
2026-02-26 09:54:00,10.1,10.1,10.1,10.1,101,1020.0,10.1825,10.110000000000001,10.203708333333335,0.03942608119493052,0.04978359504286071,-0.01035751384793019
2026-02-26 10:10:00,10.1,10.2,10.1,10.2,8000,81300.0,10.192499999999999,10.113333333333335,10.202458333333334,0.03515992794967282,0.04685886162422313,-0.011698933674550313
2026-02-26 10:24:00,10.1,10.1,10.1,10.1,2000,20200.0,10.1975,10.115833333333333,10.199541666666667,0.02343960927661115,0.042175011154700744,-0.018735401878089593
2026-02-26 10:57:00,10.1,10.1,10.1,10.1,1000,10100.0,10.202499999999999,10.115833333333333,10.196625000000001,0.013989905367214561,0.03653798999720351,-0.022548084629988946
2026-02-26 11:47:00,10.15,10.2,10.15,10.2,7000,71300.0,10.2125,10.118333333333334,10.194125000000001,0.014404070049398143,0.03211120600764243,-0.01770713595824429
2026-02-26 13:50:00,10.15,10.2,10.15,10.2,10000,101750.0,10.2125,10.121666666666666,10.192874999999999,0.014564409101829767,0.0286018466264799,-0.014037437524650132
2026-02-26 13:51:00,10.15,10.2,10.15,10.2,6000,60950.0,10.219999999999999,10.125,10.191208333333334,0.01452405469445317,0.025786288240074555,-0.011262233545621385
2026-02-26 14:01:00,10.1,10.1,10.1,10.1,1000,10100.0,10.219999999999999,10.126666666666667,10.189541666666667,0.006349713723494688,0.021898973336758585,-0.015549259613263897
2026-02-26 14:13:00,10.1,10.1,10.1,10.1,1000,10100.0,10.215,10.125,10.187875,-0.00012704588308132259,0.017493769492790603,-0.017620815375871925
2026-02-26 14:14:00,10.15,10.15,10.15,10.15,5000,50750.0,10.215,10.124166666666667,10.186000000000002,-0.0012113783852889526,0.01375273991717469,-0.014964118302463643
2026-02-26 14:42:00,10.25,10.25,10.25,10.25,50,512.0,10.219999999999999,10.125,10.184958333333334,0.005930086217086128,0.012188209177156979,-0.006258122960070851
2026-02-26 14:48:00,10.1,10.15,10.1,10.15,17050,172557.0,10.2175,10.1275,10.183083333333334,0.003480463484278218,0.010446660038581227,-0.006966196554303009
2026-03-02 09:01:00,10.15,10.15,10.15,10.15,5000,50750.0,10.195,10.126666666666667,10.181416666666667,0.001521579992944666,0.008661644029453915,-0.0071400640365092485
2026-03-02 09:13:00,10.05,10.05,10.05,10.05,2000,20100.0,10.1675,10.126666666666667,10.179541666666667,-0.008007705705315615,0.005327774082500008,-0.013335479787815623
2026-03-02 09:34:00,10.25,10.25,10.15,10.15,10000,102000.0,10.1675,10.126666666666667,10.178083333333335,-0.00740520640104414,0.002781177985791178,-0.010186384386835317
2026-03-02 09:49:00,10.1,10.1,10.1,10.1,2000,20200.0,10.165000000000001,10.125,10.176208333333333,-0.01083737695865139,5.746699690266364e-05,-0.010894843955554054
2026-03-02 09:50:00,10.1,10.1,10.1,10.1,1000,10100.0,10.1625,10.122499999999999,10.174125,-0.013402896603972536,-0.0026346057232723773,-0.010768290880700158
2026-03-02 09:51:00,10.1,10.15,10.1,10.15,6000,60850.0,10.1625,10.120833333333334,10.17225,-0.011271575567070258,-0.0043619996920319535,-0.006909575875038304
2026-03-02 10:02:00,10.1,10.1,10.1,10.1,1000,10100.0,10.1375,10.12,10.170375,-0.013461890132834498,-0.0061819777801924635,-0.007279912352642034
2026-03-02 10:11:00,10.1,10.15,10.1,10.15,18000,182550.0,10.14,10.120000000000001,10.168708333333335,-0.011035932711337182,-0.0071527687664214076,-0.0038831639449157743
2026-03-02 11:16:00,10.1,10.15,10.1,10.15,9200,93130.0,10.142500000000002,10.119166666666667,10.166416666666667,-0.00900948820490477,-0.007524112654118081,-0.0014853755507866885
2026-03-02 12:51:00,10.25,10.25,10.25,10.25,14,143.0,10.145,10.123333333333333,10.165166666666668,0.0006580621999052738,-0.00588767768331341,0.006545739883218684
2026-03-02 13:15:00,10.1,10.15,10.1,10.15,10000,101250.0,10.147499999999999,10.125833333333333,10.163916666666667,0.0002476465660663507,-0.0046606128334374585,0.004908259399503809
2026-03-02 13:16:00,10.1,10.15,10.1,10.15,10000,101250.0,10.15,10.128333333333332,10.162458333333332,-7.672632729693873e-05,-0.0037438355322093543,0.0036671092049124156
2026-03-02 14:05:00,10.1,10.15,10.1,10.15,10000,101250.0,10.1475,10.130833333333332,10.161,-0.0003299902599600557,-0.0030610664777594946,0.002731076217799439
2026-03-02 14:06:00,10.1,10.15,10.1,10.15,7000,70800.0,10.145,10.133333333333333,10.159333333333334,-0.0005246558452665084,-0.0025537843512608975,0.002029128505994389
2026-03-02 14:32:00,10.1,10.15,10.1,10.15,10000,101250.0,10.142500000000002,10.1325,10.157875,-0.0006711926332378937,-0.002177266007656297,0.001506073374418403
2026-03-02 14:34:00,10.1,10.15,10.1,10.15,10000,101250.0,10.145,10.135,10.156416666666669,-0.000778351739105787,-0.001897483153946195,0.0011191314148404079
2026-03-02 14:49:00,10.2,10.2,10.15,10.15,10000,101750.0,10.147499999999999,10.1375,10.155166666666666,-0.0008534381982432393,-0.001688674162805604,0.0008352359645623648
2026-03-02 14:57:00,10.25,10.3,10.2,10.25,25000,256500.0,10.1525,10.141666666666667,10.154124999999999,0.007074667147998426,6.399409935520235e-05,0.007010673048643223
2026-03-03 09:28:00,10.25,10.25,10.25,10.25,5000,51250.0,10.1525,10.145833333333334,10.153291666666666,0.01320552270818176,0.002692299821120515,0.010513222887061247
2026-03-03 09:30:00,10.15,10.15,10.15,10.15,5000,50750.0,10.1525,10.147499999999999,10.152041666666666,0.009881201307091914,0.004130080118314795,0.005751121188777119
2026-03-03 10:05:00,10.1,10.1,10.1,10.1,1000,10100.0,10.15,10.146666666666667,10.149958333333332,0.0031754657215401494,0.003939157238959866,-0.0007636915174197168
2026-03-03 10:06:00,10.1,10.1,10.1,10.1,1000,10100.0,10.1525,10.148333333333333,10.148291666666667,-0.0021145033636820187,0.002728425118431489,-0.004842928482113508
2026-03-03 10:07:00,10.1,10.1,10.1,10.1,1000,10100.0,10.15,10.149166666666668,10.146625,-0.006234969132856705,0.0009357462681738499,-0.0071707154010305545
2026-03-03 10:37:00,10.1,10.1,10.1,10.1,100,1010.0,10.15,10.1475,10.144958333333333,-0.00939220050035594,-0.001129843085532109,-0.008262357414823831
2026-03-03 10:38:00,10.1,10.1,10.1,10.1,1000,10100.0,10.15,10.149166666666666,10.143291666666666,-0.011758781195688073,-0.0032556307075633025,-0.00850315048812477
2026-03-03 10:39:00,10.1,10.1,10.1,10.1,1000,10100.0,10.147499999999999,10.150833333333333,10.142249999999999,-0.013478936655610951,-0.005300291897172833,-0.008178644758438118
2026-03-03 10:51:00,10.15,10.15,10.15,10.15,5000,50750.0,10.15,10.153333333333332,10.140791666666667,-0.0106844266979369,-0.006377118857325647,-0.004307307840611252
2026-03-03 11:06:00,10.2,10.2,10.2,10.2,5000,51000.0,10.1525,10.156666666666666,10.139750000000001,-0.004384631982405907,-0.0059786214823416995,0.001593989499935793
2026-03-03 13:12:00,10.1,10.1,10.1,10.1,5000,50500.0,10.15,10.158333333333333,10.138083333333334,-0.007376136043085069,-0.006258124394490374,-0.0011180116485946948
2026-03-03 13:13:00,10.15,10.15,10.15,10.15,5000,50750.0,10.145,10.160833333333333,10.137041666666669,-0.005647244511786553,-0.00613594841794961,0.000488703906163057
2026-03-03 13:15:00,10.1,10.1,10.1,10.1,1000,10100.0,10.142500000000002,10.1625,10.135791666666668,-0.008216947790549156,-0.00655214829246952,-0.0016647994980796364
2026-03-03 14:20:00,10.25,10.25,10.2,10.25,30000,307000.0,10.147499999999999,10.166666666666666,10.135166666666667,0.001829204316292632,-0.004875877770717089,0.006705082087009721
2026-03-04 09:02:00,10.2,10.2,10.2,10.2,2000,20400.0,10.15,10.169999999999998,10.134541666666667,0.005690671587279539,-0.002762567899117763,0.008453239486397302
2026-03-04 09:06:00,10.2,10.2,10.2,10.2,3000,30600.0,10.1525,10.17,10.133916666666668,0.008651186724522475,-0.00047981697438971484,0.00913100369891219
2026-03-04 09:16:00,10.0,10.1,10.0,10.1,20000,201000.0,10.149999999999999,10.170833333333333,10.133083333333333,0.0028948816414562373,0.00019512274877947578,0.0026997588926767615
2026-03-04 09:22:00,10.0,10.0,10.0,10.0,1000,10000.0,10.1425,10.169166666666666,10.131833333333335,-0.009625242074806195,-0.001768950215937659,-0.007856291858868537
2026-03-04 09:24:00,10.0,10.05,10.0,10.0,21000,210500.0,10.135,10.165833333333333,10.130374999999999,-0.01932476644424419,-0.005280113461598967,-0.014044652982645223
2026-03-04 09:47:00,10.0,10.0,10.0,10.0,1000,10000.0,10.122499999999999,10.163333333333332,10.128916666666667,-0.02670388364031062,-0.0095648674973413,-0.017139016142969324
2026-03-04 09:50:00,10.0,10.0,10.0,10.0,1000,10000.0,10.11,10.160833333333333,10.127458333333333,-0.03218092550457641,-0.014088079098788325,-0.018092846405788083
2026-03-04 10:55:00,10.05,10.1,10.05,10.1,10000,100750.0,10.1075,10.159166666666668,10.126833333333334,-0.028128112999318944,-0.016896085878894452,-0.011232027120424492
2026-03-04 11:34:00,10.0,10.0,10.0,10.0,1000,10000.0,10.102500000000001,10.149166666666668,10.125583333333333,-0.03260949222740095,-0.020038767148595753,-0.012570725078805196
2026-03-04 11:57:00,10.0,10.0,10.0,10.0,1000,10000.0,10.0975,10.139166666666666,10.124333333333334,-0.03574892618413372,-0.02318079895570335,-0.012568127228430374
2026-03-04 11:58:00,10.0,10.0,10.0,10.0,1000,10000.0,10.0925,10.136666666666667,10.123291666666667,-0.03780120149286503,-0.026104879463135687,-0.011696322029729346
2026-03-04 12:46:00,10.0,10.0,10.0,10.0,1000,10000.0,10.0875,10.134166666666667,10.122458333333332,-0.03897832657528433,-0.02867956888556542,-0.010298757689718909
2026-03-04 13:05:00,10.2,10.2,10.2,10.2,50,510.0,10.0925,10.135,10.121833333333333,-0.023501962163216206,-0.027644047541095576,0.00414208537787937
2026-03-05 09:16:00,10.2,10.2,10.15,10.15,10000,101750.0,10.095,10.134999999999998,10.121208333333334,-0.015097380790079384,-0.025134714190892343,0.010037333400812958
2026-03-05 09:21:00,10.2,10.2,10.15,10.15,10000,101750.0,10.095,10.127500000000001,10.120375,-0.008340544890442558,-0.021775880330802386,0.013435335440359828
2026-03-05 09:24:00,10.0,10.0,10.0,10.0,1000,10000.0,10.085,10.125833333333334,10.118083333333335,-0.014917490611347617,-0.020404202386911433,0.005486711775563816
2026-03-05 09:26:00,10.0,10.0,10.0,10.0,1000,10000.0,10.080000000000002,10.124166666666667,10.115791666666667,-0.01990036841990417,-0.020303435593509982,0.00040306717360581376
2026-03-05 10:12:00,10.0,10.0,10.0,10.0,1000,10000.0,10.072500000000002,10.120833333333334,10.114958333333334,-0.023577547689630052,-0.020958258012734,-0.0026192896768960534
2026-03-05 10:13:00,10.0,10.0,10.0,10.0,2000,20000.0,10.0675,10.119166666666668,10.113916666666666,-0.0261898385967978,-0.02200457412954676,-0.0041852644672510375
2026-03-05 11:20:00,10.1,10.1,10.0,10.0,8000,80500.0,10.055000000000001,10.117500000000001,10.112875,-0.027938045562846625,-0.023191268416206737,-0.004746777146639888
2026-03-05 13:38:00,10.2,10.2,10.2,10.2,2000,20400.0,10.055,10.1175,10.112666666666666,-0.0130349251452202,-0.02115999976200943,0.00812507461678923
2026-03-06 09:44:00,10.0,10.0,10.0,10.0,1000,10000.0,10.045,10.114166666666668,10.110583333333333,-0.01716456099869923,-0.020360912009347393,0.003196351010648163
2026-03-06 09:45:00,10.0,10.0,10.0,10.0,1000,10000.0,10.040000000000001,10.110833333333334,10.109541666666667,-0.020204423151726658,-0.020329614237823247,0.00012519108609658838
2026-03-06 10:34:00,9.96,10.1,9.95,10.1,11000,110250.0,10.045,10.110833333333334,10.108708333333334,-0.014378623720030959,-0.01913941613426479,0.004760792414233831
2026-03-06 10:55:00,10.2,10.2,10.15,10.15,10000,101750.0,10.0525,10.111666666666666,10.1085,-0.005661787997533807,-0.016443890506918593,0.010782102509384786
2026-03-06 11:33:00,10.05,10.05,10.05,10.05,2000,20100.0,10.055000000000001,10.110000000000001,10.107666666666667,-0.0067450444770873474,-0.014504121300952343,0.0077590768238649955
2026-03-06 11:34:00,10.05,10.05,10.05,10.05,1000,10050.0,10.057500000000001,10.106666666666666,10.10725,-0.007516883092383964,-0.013106673659238668,0.0055897905668547045
2026-03-06 11:37:00,10.15,10.15,10.1,10.1,10000,101250.0,10.0575,10.105833333333333,10.106625000000001,-0.004047333482233739,-0.011294805623837683,0.0072474721416039434
2026-03-06 12:18:00,10.05,10.05,10.05,10.05,15,150.0,10.059999999999999,10.104166666666666,10.106,-0.005271505913228225,-0.010090145681715791,0.0048186397684875665
2026-03-06 14:45:00,10.15,10.15,10.1,10.1,9488,96078.0,10.065,10.104999999999999,10.105375000000002,-0.002181937237647702,-0.008508503992902174,0.006326566755254472
